# lemma	count — freq ranking for --freq/--maxEntries (must-keep 20M+, top50k 5M-). MIT.
hund	23000000
katze	23000000
alte	22000000
am	22000000
buch	22000000
dann	22000000
das	22000000
der	22000000
die	22000000
durch	22000000
ein	22000000
eine	22000000
essen	22000000
frau	22000000
gehen	22000000
geschichte	22000000
geschichten	22000000
grosse	22000000
gutes	22000000
haus	22000000
hause	22000000
im	22000000
in	22000000
kinder	22000000
kleinen	22000000
laufen	22000000
leben	22000000
lieben	22000000
liest	22000000
mann	22000000
manner	22000000
morgen	22000000
nach	22000000
nacht	22000000
neue	22000000
schreibt	22000000
schule	22000000
sieht	22000000
stadt	22000000
trinken	22000000
uber	22000000
und	22000000
wasser	22000000
welt	22000000
wir	22000000
alt	21000000
arbeit	21000000
gross	21000000
gut	21000000
kind	21000000
klein	21000000
lesen	21000000
liebe	21000000
machen	21000000
neu	21000000
schreiben	21000000
sehen	21000000
sprache	21000000
strasse	21000000
wort	21000000
zeit	21000000
denken	20000000
geben	20000000
haben	20000000
kommen	20000000
konnen	20000000
land	20000000
mussen	20000000
sein	20000000
sprechen	20000000
tag	20000000
werden	20000000
wissen	20000000
ich	5000000
sie	4999999
ist	4999998
du	4999997
nicht	4999996
es	4999995
was	4999994
zu	4999993
er	4999992
mir	4999991
mit	4999990
ja	4999989
den	4999988
wie	4999987
mich	4999986
auf	4999985
dass	4999984
aber	4999983
so	4999982
hat	4999981
hier	4999980
sind	4999979
fur	4999978
von	4999977
dich	4999976
war	4999975
wenn	4999974
ihr	4999973
habe	4999972
nein	4999971
an	4999970
bin	4999969
noch	4999968
da	4999967
dir	4999966
nur	4999965
einen	4999964
sich	4999963
uns	4999962
hast	4999961
dem	4999960
kann	4999959
auch	4999958
ihn	4999957
schon	4999956
als	4999955
jetzt	4999954
mal	4999953
aus	4999952
um	4999951
meine	4999950
wird	4999949
bist	4999948
mein	4999947
doch	4999946
alles	4999945
keine	4999944
weiss	4999943
oder	4999942
s	4999941
nichts	4999940
man	4999939
wo	4999938
ihnen	4999937
etwas	4999936
muss	4999935
will	4999934
geht	4999933
oh	4999932
mehr	4999931
also	4999930
bei	4999929
immer	4999928
bitte	4999927
warum	4999926
hab	4999925
vor	4999924
los	4999923
wieder	4999922
sagen	4999921
alle	4999920
sehr	4999919
okay	4999918
denn	4999917
zum	4999916
tun	4999915
ihm	4999914
diese	4999913
danke	4999912
wer	4999911
einem	4999910
euch	4999909
komm	4999908
vielleicht	4999907
einer	4999906
ihre	4999905
werde	4999904
gibt	4999903
deine	4999902
wirklich	4999901
soll	4999900
nie	4999899
weg	4999898
hey	4999897
kein	4999896
des	4999895
wurde	4999894
einfach	4999893
viel	4999892
tut	4999891
willst	4999890
nun	4999889
hatte	4999888
dein	4999887
weil	4999886
kommt	4999885
heute	4999884
wollen	4999883
weisst	4999882
damit	4999881
gesagt	4999880
ware	4999879
ganz	4999878
bis	4999877
sicher	4999876
kannst	4999875
zuruck	4999874
dieser	4999873
wollte	4999872
leid	4999871
lassen	4999870
macht	4999869
na	4999868
gott	4999867
meinen	4999866
hallo	4999865
seine	4999864
zwei	4999863
lass	4999862
zur	4999861
waren	4999860
genau	4999859
konnte	4999858
vater	4999857
leute	4999856
klar	4999855
ok	4999854
ab	4999853
gerade	4999852
gesehen	4999851
glaube	4999850
geld	4999849
reden	4999848
unsere	4999847
jemand	4999846
mach	4999845
raus	4999844
sagte	4999843
keinen	4999842
ob	4999841
sollte	4999840
gemacht	4999839
mutter	4999838
dieses	4999837
paar	4999836
sir	4999835
passiert	4999834
musst	4999833
wohl	4999832
mochte	4999831
besser	4999830
dachte	4999829
selbst	4999828
her	4999827
hor	4999826
gehort	4999825
wirst	4999824
sag	4999823
ohne	4999822
diesen	4999821
anderen	4999820
meiner	4999819
wieso	4999818
finden	4999817
dort	4999816
helfen	4999815
meinem	4999814
lange	4999813
gute	4999812
ordnung	4999811
weiter	4999810
naturlich	4999809
sei	4999808
ins	4999807
gar	4999806
geh	4999805
richtig	4999804
diesem	4999803
vom	4999802
sagt	4999801
denke	4999800
seit	4999799
gleich	4999798
horen	4999797
ach	4999796
madchen	4999795
davon	4999794
ihren	4999793
recht	4999792
dafur	4999791
wegen	4999790
hin	4999789
warte	4999788
drei	4999787
deinen	4999786
abend	4999785
freund	4999784
guten	4999783
sollen	4999782
sollten	4999781
menschen	4999780
viele	4999779
bleiben	4999778
machst	4999777
musik	4999776
unser	4999775
angst	4999774
schnell	4999773
tot	4999772
zusammen	4999771
habt	4999770
unter	4999769
scheisse	4999768
nehmen	4999767
eines	4999766
herr	4999765
andere	4999764
getan	4999763
rein	4999762
bringen	4999761
ganze	4999760
glauben	4999759
genug	4999758
darf	4999757
junge	4999756
stimmt	4999755
brauchen	4999754
gegen	4999753
moment	4999752
erst	4999751
seid	4999750
einmal	4999749
sonst	4999748
niemand	4999747
steht	4999746
warten	4999745
dabei	4999744
fragen	4999743
sofort	4999742
jahre	4999741
halt	4999740
verdammt	4999739
ihrer	4999738
bevor	4999737
sohn	4999736
familie	4999735
heisst	4999734
jeder	4999733
gefunden	4999732
sache	4999731
problem	4999730
fertig	4999729
allein	4999728
wann	4999727
brauche	4999726
bruder	4999725
hilfe	4999724
halten	4999723
hatten	4999722
siehst	4999721
daruber	4999720
wahr	4999719
warst	4999718
beim	4999717
ne	4999716
seinen	4999715
beide	4999714
jahren	4999713
daran	4999712
kam	4999711
dazu	4999710
gib	4999709
wurden	4999708
verstehe	4999707
deinem	4999706
ihrem	4999705
deiner	4999704
wusste	4999703
konnten	4999702
fall	4999701
lieber	4999700
eigentlich	4999699
bekommen	4999698
jeden	4999697
sieh	4999696
dank	4999695
vergessen	4999694
kennen	4999693
mag	4999692
sehe	4999691
frage	4999690
gern	4999689
komme	4999688
sage	4999687
kopf	4999686
egal	4999685
letzte	4999684
namen	4999683
gab	4999682
kleine	4999681
mache	4999680
toten	4999679
fahren	4999678
all	4999677
n	4999676
spater	4999675
uhr	4999674
ende	4999673
baby	4999672
gehe	4999671
gluck	4999670
dinge	4999669
freunde	4999668
bisschen	4999667
sterben	4999666
darauf	4999665
bald	4999664
minuten	4999663
echt	4999662
bereit	4999661
eins	4999660
augen	4999659
runter	4999658
jungs	4999657
seiner	4999656
polizei	4999655
auto	4999654
eure	4999653
vielen	4999652
stehen	4999651
weit	4999650
meinst	4999649
draussen	4999648
tur	4999647
dad	4999646
verruckt	4999645
kerl	4999644
einzige	4999643
vorbei	4999642
treffen	4999641
ganzen	4999640
hi	4999639
ahnung	4999638
teufel	4999637
kenne	4999636
hinter	4999635
fast	4999634
name	4999633
arbeiten	4999632
gerne	4999631
dran	4999630
ziemlich	4999629
ruhig	4999628
ging	4999627
sorgen	4999626
verstanden	4999625
tochter	4999624
toll	4999623
jemanden	4999622
sogar	4999621
uberhaupt	4999620
he	4999619
spat	4999618
hort	4999617
frauen	4999616
hand	4999615
drin	4999614
schau	4999613
nimm	4999612
seinem	4999611
mama	4999610
lang	4999609
solltest	4999608
verloren	4999607
art	4999606
sah	4999605
verstehen	4999604
darum	4999603
denkst	4999602
job	4999601
ruhe	4999600
braucht	4999599
woher	4999598
spielen	4999597
idee	4999596
suchen	4999595
je	4999594
kommst	4999593
liegt	4999592
grund	4999591
versuchen	4999590
jahr	4999589
gekommen	4999588
gewesen	4999587
endlich	4999586
schwester	4999585
keiner	4999584
wenig	4999583
tod	4999582
versucht	4999581
oben	4999580
letzten	4999579
erste	4999578
alter	4999577
kurz	4999576
bedeutet	4999575
niemals	4999574
ah	4999573
funf	4999572
welche	4999571
hoch	4999570
etwa	4999569
erzahlt	4999568
finde	4999567
lasst	4999566
bringt	4999565
getotet	4999564
stunden	4999563
holen	4999562
schwer	4999561
verlassen	4999560
anders	4999559
hoffe	4999558
gestern	4999557
musste	4999556
wahrheit	4999555
vier	4999554
sagst	4999553
mom	4999552
ort	4999551
lauft	4999550
zimmer	4999549
wahrend	4999548
captain	4999547
deshalb	4999546
seite	4999545
wurdest	4999544
glaubst	4999543
krieg	4999542
zeigen	4999541
gefallen	4999540
spiel	4999539
bleibt	4999538
woche	4999537
unserer	4999536
nett	4999535
denen	4999534
bestimmt	4999533
zwischen	4999532
wagen	4999531
the	4999530
guter	4999529
schatz	4999528
schuld	4999527
erzahlen	4999526
ersten	4999525
dies	4999524
spass	4999523
tage	4999522
nehme	4999521
manchmal	4999520
beste	4999519
gehst	4999518
chance	4999517
entschuldigung	4999516
anderes	4999515
schlecht	4999514
wollten	4999513
ernst	4999512
sachen	4999511
eben	4999510
schlafen	4999509
gefallt	4999508
entschuldigen	4999507
bett	4999506
allen	4999505
gesicht	4999504
typ	4999503
unten	4999502
mensch	4999501
freundin	4999500
miss	4999499
kleiner	4999498
hattest	4999497
teil	4999496
tu	4999495
einige	4999494
bleib	4999493
beiden	4999492
herz	4999491
papa	4999490
stellen	4999489
wichtig	4999488
euer	4999487
blut	4999486
bloss	4999485
john	4999484
neuen	4999483
wiedersehen	4999482
unseren	4999481
glucklich	4999480
jack	4999479
frei	4999478
ding	4999477
gedacht	4999476
tust	4999475
scheint	4999474
arsch	4999473
oft	4999472
wohin	4999471
waffe	4999470
sorge	4999469
fest	4999468
platz	4999467
eltern	4999466
kriegen	4999465
wen	4999464
moglich	4999463
drauf	4999462
falls	4999461
irgendwie	4999460
jungen	4999459
besten	4999458
alten	4999457
nummer	4999456
wahrscheinlich	4999455
dollar	4999454
brauchst	4999453
ehrlich	4999452
hierher	4999451
irgendwas	4999450
setzen	4999449
zuerst	4999448
falsch	4999447
reicht	4999446
menge	4999445
bereits	4999444
bring	4999443
jede	4999442
holle	4999441
pass	4999440
ausser	4999439
fruher	4999438
rede	4999437
grossen	4999436
hande	4999435
wollt	4999434
gegeben	4999433
telefon	4999432
kennst	4999431
wartet	4999430
schiff	4999429
fruh	4999428
sondern	4999427
scheiss	4999426
tue	4999425
willkommen	4999424
kaum	4999423
doktor	4999422
fehler	4999421
retten	4999420
stunde	4999419
meines	4999418
durfen	4999417
sechs	4999416
plan	4999415
klingt	4999414
zehn	4999413
nachste	4999412
nachsten	4999411
langsam	4999410
gebe	4999409
allem	4999408
film	4999407
ruf	4999406
wochen	4999405
geworden	4999404
schaffen	4999403
uberall	4999402
voll	4999401
feuer	4999400
alleine	4999399
buro	4999398
direkt	4999397
kumpel	4999396
trotzdem	4999395
hm	4999394
erinnern	4999393
lernen	4999392
denkt	4999391
konig	4999390
new	4999389
tat	4999388
nennen	4999387
kleines	4999386
wem	4999385
eigenen	4999384
aufhoren	4999383
konnt	4999382
deswegen	4999381
danach	4999380
verlieren	4999379
neues	4999378
vollig	4999377
leider	4999376
hol	4999375
seht	4999374
luft	4999373
stelle	4999372
ziehen	4999371
funktioniert	4999370
verstehst	4999369
verschwinden	4999368
heiraten	4999367
wolltest	4999366
unserem	4999365
spricht	4999364
entschuldige	4999363
jedes	4999362
probleme	4999361
lebt	4999360
konntest	4999359
versuche	4999358
gebracht	4999357
krank	4999356
gegangen	4999355
wow	4999354
kaffee	4999353
froh	4999352
genommen	4999351
fuhle	4999350
wert	4999349
rufen	4999348
erde	4999347
richtige	4999346
suche	4999345
stuck	4999344
getroffen	4999343
lch	4999342
tagen	4999341
nochmal	4999340
nachdem	4999339
mochten	4999338
arzt	4999337
typen	4999336
fand	4999335
vertrauen	4999334
sam	4999333
druben	4999332
himmel	4999331
erklaren	4999330
interessiert	4999329
irgendwo	4999328
nachricht	4999327
glaub	4999326
tja	4999325
onkel	4999324
spielt	4999323
genauso	4999322
geschafft	4999321
grosser	4999320
waffen	4999319
i	4999318
licht	4999317
korper	4999316
kaufen	4999315
weniger	4999314
lasse	4999313
lhr	4999312
wahl	4999311
damals	4999310
rest	4999309
schatze	4999308
gefuhl	4999307
zwar	4999306
halte	4999305
passieren	4999304
schlussel	4999303
sitzen	4999302
millionen	4999301
weh	4999300
leicht	4999299
kummern	4999298
herren	4999297
sagten	4999296
kennt	4999295
gefragt	4999294
zukunft	4999293
schauen	4999292
party	4999291
vergiss	4999290
angerufen	4999289
total	4999288
mochtest	4999287
solche	4999286
opfer	4999285
passt	4999284
worden	4999283
versuch	4999282
gesprochen	4999281
gefangnis	4999280
cool	4999279
vorsichtig	4999278
o	4999277
wovon	4999276
grossartig	4999275
laut	4999274
vorstellen	4999273
sinn	4999272
schone	4999271
sobald	4999270
krankenhaus	4999269
wohnung	4999268
tragen	4999267
person	4999266
bose	4999265
mist	4999264
michael	4999263
super	4999262
stark	4999261
still	4999260
mund	4999259
verletzt	4999258
boss	4999257
leuten	4999256
boden	4999255
sex	4999254
kampfen	4999253
bringe	4999252
fuhlen	4999251
ausserdem	4999250
lustig	4999249
andern	4999248
fliegen	4999247
findet	4999246
hore	4999245
klasse	4999244
verdammte	4999243
solange	4999242
charlie	4999241
setz	4999240
schicken	4999239
langer	4999238
jemals	4999237
horst	4999236
stolz	4999235
besonders	4999234
idiot	4999233
sicherheit	4999232
redest	4999231
eher	4999230
umbringen	4999229
wenigstens	4999228
anrufen	4999227
zeug	4999226
sollst	4999225
gestorben	4999224
mr	4999223
ahm	4999222
hasse	4999221
zeig	4999220
hart	4999219
erwartet	4999218
heissen	4999217
morder	4999216
lachen	4999215
a	4999214
fuhren	4999213
heraus	4999212
glaubt	4999211
fallt	4999210
stimme	4999209
geschehen	4999208
wisst	4999207
erfahren	4999206
geschaft	4999205
tages	4999204
schneller	4999203
hinten	4999202
stand	4999201
umgebracht	4999200
acht	4999199
liebling	4999198
mogen	4999197
fallen	4999196
denk	4999195
frank	4999194
meinung	4999193
liebt	4999192
erinnere	4999191
folgen	4999190
schluss	4999189
monate	4999188
unglaublich	4999187
vorher	4999186
verzeihung	4999185
arschloch	4999184
meisten	4999183
schlimm	4999182
aufs	4999181
york	4999180
peter	4999179
lebens	4999178
werdet	4999177
unmoglich	4999176
kampf	4999175
laden	4999174
nahe	4999173
team	4999172
bild	4999171
joe	4999170
verdient	4999169
arbeitet	4999168
jedem	4999167
behalten	4999166
bitten	4999165
tatsachlich	4999164
anfangen	4999163
versprochen	4999162
mord	4999161
bekommt	4999160
rufe	4999159
zieh	4999158
fort	4999157
perfekt	4999156
tom	4999155
sieben	4999154
plotzlich	4999153
geschickt	4999152
tisch	4999151
liegen	4999150
chffffff	4999149
antwort	4999148
bezahlen	4999147
machte	4999146
arbeite	4999145
gefahrlich	4999144
traum	4999143
bezahlt	4999142
auge	4999141
general	4999140
dumm	4999139
starb	4999138
hotel	4999137
verkaufen	4999136
ziel	4999135
obwohl	4999134
arger	4999133
fenster	4999132
seien	4999131
daddy	4999130
niemanden	4999129
horte	4999128
handy	4999127
bewegung	4999126
gerettet	4999125
dagegen	4999124
monaten	4999123
notig	4999122
hilf	4999121
ihres	4999120
werd	4999119
gewinnen	4999118
max	4999117
gedanken	4999116
erinnerst	4999115
voller	4999114
verheiratet	4999113
fahr	4999112
rum	4999111
mike	4999110
benutzt	4999109
yeah	4999108
nimmt	4999107
welcher	4999106
augenblick	4999105
you	4999104
komisch	4999103
hole	4999102
gefahr	4999101
entscheidung	4999100
meister	4999099
unterwegs	4999098
lacht	4999097
leiche	4999096
zug	4999095
ma	4999094
chef	4999093
gleiche	4999092
worte	4999091
bier	4999090
arm	4999089
klappe	4999088
fangen	4999087
absolut	4999086
schlimmer	4999085
kamen	4999084
minute	4999083
zahlen	4999082
benutzen	4999081
anfang	4999080
finger	4999079
zuhause	4999078
hilft	4999077
arme	4999076
legen	4999075
findest	4999074
naja	4999073
regeln	4999072
herum	4999071
lhre	4999070
ruber	4999069
david	4999068
geschrieben	4999067
wach	4999066
irgendetwas	4999065
paris	4999064
offen	4999063
schonen	4999062
wunschte	4999061
monsieur	4999060
jemandem	4999059
tanzen	4999058
sitzt	4999057
kalt	4999056
partner	4999055
reise	4999054
dame	4999053
sekunden	4999052
bescheid	4999051
raum	4999050
george	4999049
schiessen	4999048
steh	4999047
rolle	4999046
fuhrt	4999045
monat	4999044
nen	4999043
mude	4999042
schlagen	4999041
informationen	4999040
lage	4999039
hochzeit	4999038
standig	4999037
gottes	4999036
weise	4999035
weitere	4999034
gewonnen	4999033
richtung	4999032
suss	4999031
heiss	4999030
wozu	4999029
harry	4999028
darfst	4999027
lauf	4999026
anwalt	4999025
erzahl	4999024
agent	4999023
aller	4999022
paul	4999021
fuhlt	4999020
steckt	4999019
magst	4999018
liess	4999017
gelernt	4999016
wunderbar	4999015
beispiel	4999014
haltst	4999013
weile	4999012
vorsicht	4999011
seele	4999010
selber	4999009
erledigt	4999008
ehre	4999007
furs	4999006
nennt	4999005
ansehen	4999004
gehabt	4999003
nahm	4999002
kraft	4999001
links	4999000
herzen	4998999
bekannt	4998998
wofur	4998997
boot	4998996
stell	4998995
verschwinde	4998994
darin	4998993
kontrolle	4998992
dahin	4998991
rucken	4998990
befehl	4998989
leg	4998988
sucht	4998987
bar	4998986
hubsch	4998985
tief	4998984
foto	4998983
brief	4998982
schreit	4998981
gestohlen	4998980
verliebt	4998979
irgendwann	4998978
naher	4998977
welches	4998976
tasche	4998975
heisse	4998974
ehe	4998973
unfall	4998972
verbindung	4998971
geschenk	4998970
jedenfalls	4998969
beweise	4998968
punkt	4998967
uh	4998966
verschwunden	4998965
hoffentlich	4998964
schrecklich	4998963
geist	4998962
sowieso	4998961
professor	4998960
gold	4998959
dasselbe	4998958
zumindest	4998957
gelesen	4998956
beweisen	4998955
gearbeitet	4998954
erwischt	4998953
geboren	4998952
bisher	4998951
offnen	4998950
versteckt	4998949
unbedingt	4998948
dauert	4998947
computer	4998946
sonne	4998945
reich	4998944
damen	4998943
hunger	4998942
lady	4998941
preis	4998940
lugen	4998939
firma	4998938
normal	4998937
neben	4998936
wette	4998935
gekauft	4998934
wunder	4998933
pferd	4998932
beschutzen	4998931
frieden	4998930
schwore	4998929
erreichen	4998928
aussehen	4998927
fehlt	4998926
verkauft	4998925
erwarten	4998924
haut	4998923
holt	4998922
herrn	4998921
wussten	4998920
traurig	4998919
seltsam	4998918
henry	4998917
gesucht	4998916
kriegt	4998915
zieht	4998914
susse	4998913
jung	4998912
liste	4998911
de	4998910
tolle	4998909
nachstes	4998908
sekunde	4998907
euren	4998906
tschuss	4998905
grosses	4998904
karte	4998903
stirbt	4998902
redet	4998901
ans	4998900
schade	4998899
anruf	4998898
letzter	4998897
and	4998896
beziehung	4998895
bewegen	4998894
rechts	4998893
willen	4998892
wutend	4998891
personlich	4998890
nachrichten	4998889
zeiten	4998888
prasident	4998887
eigene	4998886
madame	4998885
bleibe	4998884
witz	4998883
freut	4998882
lebe	4998881
fahrt	4998880
geburtstag	4998879
entfernt	4998878
untertitel	4998877
verraten	4998876
moglichkeit	4998875
wein	4998874
vermutlich	4998873
bord	4998872
nick	4998871
ruft	4998870
fahre	4998869
nase	4998868
kindern	4998867
bank	4998866
geschlafen	4998865
furchte	4998864
offensichtlich	4998863
blick	4998862
verandert	4998861
hau	4998860
alex	4998859
singen	4998858
zerstort	4998857
geheimnis	4998856
beschaftigt	4998855
flugzeug	4998854
fuss	4998853
diesmal	4998852
vermisst	4998851
tante	4998850
bekam	4998849
ha	4998848
schlaf	4998847
regierung	4998846
sauer	4998845
armee	4998844
majestat	4998843
jimmy	4998842
meinte	4998841
deines	4998840
kirche	4998839
drogen	4998838
jesus	4998837
schlechte	4998836
zeigt	4998835
kontakt	4998834
ben	4998833
letztes	4998832
gegenuber	4998831
geredet	4998830
bleibst	4998829
richtigen	4998828
miteinander	4998827
detective	4998826
hoffnung	4998825
wunderschon	4998824
ermordet	4998823
liebst	4998822
la	4998821
schicksal	4998820
stecken	4998819
schlag	4998818
lust	4998817
geliebt	4998816
gericht	4998815
bekomme	4998814
ran	4998813
kaputt	4998812
sauber	4998811
namlich	4998810
gefuhle	4998809
erhalten	4998808
brachte	4998807
gesellschaft	4998806
verspreche	4998805
lieb	4998804
zeichen	4998803
ubrigens	4998802
interessant	4998801
gehoren	4998800
volk	4998799
anderer	4998798
erledigen	4998797
antworten	4998796
uberraschung	4998795
tee	4998794
vaters	4998793
kriegst	4998792
soweit	4998791
schlampe	4998790
besorgt	4998789
indem	4998788
achtung	4998787
verstecken	4998786
verdammten	4998785
manche	4998784
mary	4998783
ewig	4998782
show	4998781
don	4998780
soldaten	4998779
herausfinden	4998778
weihnachten	4998777
sarah	4998776
namens	4998775
uberleben	4998774
lieutenant	4998773
gelassen	4998772
heim	4998771
entweder	4998770
sheriff	4998769
sagtest	4998768
vergangenheit	4998767
fotos	4998766
haare	4998765
of	4998764
situation	4998763
weder	4998762
angefangen	4998761
wald	4998760
james	4998759
bill	4998758
jawohl	4998757
fbi	4998756
setzt	4998755
stellt	4998754
kriege	4998753
frag	4998752
zuvor	4998751
besuch	4998750
amerika	4998749
bob	4998748
teilen	4998747
schuldig	4998746
schwein	4998745
beginnen	4998744
schritt	4998743
gebaude	4998742
kummere	4998741
entscheiden	4998740
guck	4998739
hals	4998738
verstand	4998737
zweite	4998736
ungefahr	4998735
drinnen	4998734
passen	4998733
herein	4998732
vergnugen	4998731
haltet	4998730
gefahren	4998729
schones	4998728
jim	4998727
gebeten	4998726
meint	4998725
ubrig	4998724
uberrascht	4998723
aufhalten	4998722
worauf	4998721
ehemann	4998720
besuchen	4998719
ganzes	4998718
brauch	4998717
insel	4998716
nimmst	4998715
glas	4998714
werfen	4998713
erkennen	4998712
nervos	4998711
verantwortlich	4998710
fuhlst	4998709
schaut	4998708
konigin	4998707
kamera	4998706
zerstoren	4998705
witzig	4998704
wohnen	4998703
irgendwelche	4998702
anna	4998701
niemandem	4998700
schutzen	4998699
deutsche	4998698
mussten	4998697
lag	4998696
prinzessin	4998695
gibst	4998694
gesetz	4998693
schoner	4998692
erschossen	4998691
vorne	4998690
freude	4998689
messer	4998688
sowas	4998687
nehmt	4998686
gleichen	4998685
gluckwunsch	4998684
aufgabe	4998683
falsche	4998682
neun	4998681
gegend	4998680
feiern	4998679
falschen	4998678
entschieden	4998677
mission	4998676
kuche	4998675
erster	4998674
gegessen	4998673
planeten	4998672
ball	4998671
ubernehmen	4998670
johnny	4998669
mitnehmen	4998668
unsinn	4998667
stopp	4998666
pro	4998665
gemeinsam	4998664
lied	4998663
gespielt	4998662
melden	4998661
seines	4998660
spur	4998659
rat	4998658
adresse	4998657
dorf	4998656
halfte	4998655
m	4998654
allerdings	4998653
position	4998652
bedeuten	4998651
bewegt	4998650
gruppe	4998649
monster	4998648
beine	4998647
aussieht	4998646
wohnt	4998645
hangt	4998644
schwierigkeiten	4998643
respekt	4998642
london	4998641
seh	4998640
handen	4998639
danny	4998638
erinnert	4998637
schuhe	4998636
verhaftet	4998635
feind	4998634
verzeihen	4998633
band	4998632
geholfen	4998631
dachten	4998630
abendessen	4998629
statt	4998628
besorgen	4998627
drehen	4998626
mark	4998625
woruber	4998624
davor	4998623
freiheit	4998622
schliessen	4998621
nah	4998620
nachts	4998619
kannte	4998618
zufrieden	4998617
martin	4998616
gewartet	4998615
gefangen	4998614
brucke	4998613
leisten	4998612
gewusst	4998611
verbrechen	4998610
armen	4998609
lief	4998608
drink	4998607
meer	4998606
wunsche	4998605
eier	4998604
eis	4998603
kleid	4998602
clark	4998601
schmerz	4998600
stimmen	4998599
gesund	4998598
eurer	4998597
witze	4998596
richter	4998595
bullen	4998594
deren	4998593
leise	4998592
welchen	4998591
wind	4998590
danken	4998589
kummert	4998588
bericht	4998587
maria	4998586
ring	4998585
sorry	4998584
entlang	4998583
furchtbar	4998582
einverstanden	4998581
geschlagen	4998580
ubel	4998579
betrunken	4998578
to	4998577
taxi	4998576
versteht	4998575
fernsehen	4998574
mitten	4998573
erfolg	4998572
schwanger	4998571
falle	4998570
unternehmen	4998569
beenden	4998568
deal	4998567
traume	4998566
schwierig	4998565
maul	4998564
schlaft	4998563
dauern	4998562
billy	4998561
genannt	4998560
maschine	4998559
fantastisch	4998558
beginnt	4998557
helfe	4998556
energie	4998555
versprechen	4998554
t	4998553
fleisch	4998552
singt	4998551
aha	4998550
schliesslich	4998549
unseres	4998548
stehe	4998547
ehren	4998546
mannern	4998545
angriff	4998544
sergeant	4998543
beeil	4998542
verdienen	4998541
grosste	4998540
wochenende	4998539
freue	4998538
hangen	4998537
spiele	4998536
kostet	4998535
see	4998534
bekommst	4998533
schloss	4998532
halb	4998531
rennen	4998530
unterschied	4998529
echte	4998528
tragt	4998527
totet	4998526
quatsch	4998525
jane	4998524
geandert	4998523
angebot	4998522
daniel	4998521
bilder	4998520
neuer	4998519
major	4998518
bein	4998517
au	4998516
schuss	4998515
freunden	4998514
polizist	4998513
schatzchen	4998512
treten	4998511
weinen	4998510
patienten	4998509
schaden	4998508
fang	4998507
wusstest	4998506
fraulein	4998505
schatzen	4998504
hielt	4998503
brechen	4998502
fanden	4998501
besteht	4998500
leiden	4998499
haufen	4998498
sprach	4998497
ernsthaft	4998496
daher	4998495
reichen	4998494
colonel	4998493
lacherlich	4998492
dessen	4998491
aufpassen	4998490
nee	4998489
verpasst	4998488
befehle	4998487
zufallig	4998486
meter	4998485
blumen	4998484
bauen	4998483
vorwarts	4998482
tony	4998481
tommy	4998480
park	4998479
hut	4998478
tote	4998477
bringst	4998476
loch	4998475
operation	4998474
spreche	4998473
hinaus	4998472
thomas	4998471
tiere	4998470
zeitung	4998469
gehirn	4998468
wand	4998467
richard	4998466
verbringen	4998465
wunschen	4998464
charles	4998463
mitgebracht	4998462
spannende	4998461
bucher	4998460
worum	4998459
gelegenheit	4998458
commander	4998457
ohren	4998456
chuck	4998455
entkommen	4998454
schreien	4998453
nachgedacht	4998452
bombe	4998451
angetan	4998450
gebrochen	4998449
mut	4998448
ray	4998447
bus	4998446
steig	4998445
robert	4998444
luge	4998443
weissen	4998442
heilige	4998441
unterhalten	4998440
ecke	4998439
flasche	4998438
eingeladen	4998437
sahen	4998436
stohnt	4998435
gestellt	4998434
zeitpunkt	4998433
lord	4998432
verhalten	4998431
grad	4998430
lacheln	4998429
schafft	4998428
besonderes	4998427
oma	4998426
haar	4998425
nutzen	4998424
schwanz	4998423
lois	4998422
neuigkeiten	4998421
engel	4998420
gesprach	4998419
leer	4998418
klingelt	4998417
lehrer	4998416
blod	4998415
fassen	4998414
trifft	4998413
interesse	4998412
versteh	4998411
verantwortung	4998410
gebt	4998409
mannes	4998408
folge	4998407
tor	4998406
robin	4998405
fragt	4998404
wart	4998403
lhnen	4998402
kosten	4998401
schmerzen	4998400
geschlossen	4998399
system	4998398
funktionieren	4998397
eigenes	4998396
sommer	4998395
red	4998394
zweiten	4998393
club	4998392
keller	4998391
schwarze	4998390
dorthin	4998389
keinem	4998388
uberprufen	4998387
fruhstuck	4998386
mami	4998385
druck	4998384
schwert	4998383
traf	4998382
dach	4998381
sprichst	4998380
gehalten	4998379
wahnsinn	4998378
baum	4998377
verdammter	4998376
auftrag	4998375
hintern	4998374
gelaufen	4998373
fragte	4998372
mitkommen	4998371
hose	4998370
ted	4998369
fisch	4998368
rief	4998367
zeige	4998366
held	4998365
rauf	4998364
kugel	4998363
gewalt	4998362
kurs	4998361
losung	4998360
flug	4998359
gebaut	4998358
sprich	4998357
nachdenken	4998356
beweis	4998355
vorhin	4998354
bobby	4998353
freuen	4998352
stein	4998351
hasst	4998350
knast	4998349
walter	4998348
daraus	4998347
urlaub	4998346
hunde	4998345
pause	4998344
verschwindet	4998343
irre	4998342
tier	4998341
nachmittag	4998340
d	4998339
erreicht	4998338
prinz	4998337
ubersetzung	4998336
koffer	4998335
welchem	4998334
hinterlassen	4998333
fick	4998332
erklart	4998331
einzigen	4998330
vogel	4998329
getrunken	4998328
eddie	4998327
erstes	4998326
geschieht	4998325
gemeint	4998324
taten	4998323
jagen	4998322
is	4998321
wichser	4998320
erlaubt	4998319
kussen	4998318
weiteren	4998317
irgendjemand	4998316
bessere	4998315
schwarzen	4998314
storen	4998313
hoffen	4998312
dankbar	4998311
besseres	4998310
seitdem	4998309
versuchte	4998308
kunden	4998307
normalerweise	4998306
ubersetzt	4998305
gingen	4998304
claire	4998303
halbe	4998302
natur	4998301
atmen	4998300
risiko	4998299
mindestens	4998298
fiel	4998297
bad	4998296
beruhigen	4998295
schlechter	4998294
fangt	4998293
prima	4998292
karten	4998291
vollkommen	4998290
madels	4998289
brauchte	4998288
wahre	4998287
zeugen	4998286
entdeckt	4998285
erfahrung	4998284
liebes	4998283
gezeigt	4998282
steigen	4998281
idioten	4998280
polizisten	4998279
runde	4998278
gibts	4998277
geschossen	4998276
schmeckt	4998275
schickt	4998274
mistkerl	4998273
thema	4998272
offenbar	4998271
isst	4998270
weisse	4998269
gewissen	4998268
druber	4998267
gilt	4998266
date	4998265
reihe	4998264
verfolgt	4998263
grossvater	4998262
behandelt	4998261
van	4998260
wunsch	4998259
erschiessen	4998258
ryan	4998257
plane	4998256
city	4998255
morgens	4998254
solchen	4998253
rom	4998252
geblieben	4998251
entschuldigt	4998250
schaffst	4998249
dienst	4998248
emily	4998247
zufall	4998246
langst	4998245
eurem	4998244
bravo	4998243
zustand	4998242
bemerkt	4998241
fluss	4998240
wesen	4998239
arthur	4998238
chris	4998237
amerikaner	4998236
eh	4998235
wahnsinnig	4998234
rose	4998233
lee	4998232
nem	4998231
roger	4998230
lautet	4998229
junger	4998228
szene	4998227
schlagt	4998226
schwarz	4998225
durcheinander	4998224
beruhige	4998223
geplant	4998222
dringend	4998221
einigen	4998220
farbe	4998219
fern	4998218
geschafte	4998217
rachel	4998216
rot	4998215
vertraut	4998214
labor	4998213
strand	4998212
mond	4998211
hinein	4998210
soldat	4998209
gaste	4998208
ausserhalb	4998207
rache	4998206
pferde	4998205
frankreich	4998204
restaurant	4998203
england	4998202
angegriffen	4998201
fusse	4998200
it	4998199
uberlegen	4998198
gelogen	4998197
rechte	4998196
garten	4998195
kapitan	4998194
alan	4998193
ahnlich	4998192
anscheinend	4998191
deutschen	4998190
radio	4998189
meilen	4998188
verfolgen	4998187
zweimal	4998186
opa	4998185
louis	4998184
autos	4998183
erinnerung	4998182
reisen	4998181
direktor	4998180
verlangt	4998179
gang	4998178
stort	4998177
legt	4998176
me	4998175
kapiert	4998174
streit	4998173
trink	4998172
my	4998171
netter	4998170
riecht	4998169
jake	4998168
chief	4998167
fuck	4998166
uberzeugt	4998165
stehst	4998164
aufgeben	4998163
stehlen	4998162
weshalb	4998161
fair	4998160
fass	4998159
durfte	4998158
nerven	4998157
verlangen	4998156
bat	4998155
scherz	4998154
arbeitest	4998153
scott	4998152
derjenige	4998151
vertrag	4998150
steve	4998149
abgesehen	4998148
grenze	4998147
such	4998146
vorbereitet	4998145
braut	4998144
einiges	4998143
san	4998142
kate	4998141
lauter	4998140
kuchen	4998139
burgermeister	4998138
officer	4998137
hiess	4998136
erzahlte	4998135
langweilig	4998134
college	4998133
aufstehen	4998132
scheinen	4998131
dan	4998130
womit	4998129
schande	4998128
milch	4998127
wache	4998126
zweifel	4998125
nirgendwo	4998124
gebrauchen	4998123
knie	4998122
rauchen	4998121
nette	4998120
erzahle	4998119
entfuhrt	4998118
woran	4998117
folgt	4998116
lager	4998115
geglaubt	4998114
dadurch	4998113
losen	4998112
geheiratet	4998111
nachher	4998110
fragst	4998109
pflicht	4998108
abholen	4998107
verflucht	4998106
ziehe	4998105
umsonst	4998104
entlassen	4998103
dreck	4998102
dean	4998101
zahlt	4998100
anzug	4998099
andy	4998098
erwahnt	4998097
beeilen	4998096
tatsache	4998095
sieg	4998094
unschuldig	4998093
suchst	4998092
test	4998091
schutz	4998090
dreh	4998089
ner	4998088
leichen	4998087
bosen	4998086
programm	4998085
erinnerungen	4998084
schulden	4998083
fahrst	4998082
pistole	4998081
hassen	4998080
mister	4998079
schwach	4998078
doc	4998077
verboten	4998076
schatten	4998075
enden	4998074
helft	4998073
stock	4998072
form	4998071
klug	4998070
erklarung	4998069
einfacher	4998068
kollegen	4998067
knochen	4998066
kuss	4998065
daten	4998064
begann	4998063
selbstverstandlich	4998062
irgendeine	4998061
akte	4998060
handeln	4998059
vergeben	4998058
wichtiger	4998057
dunkel	4998056
blodsinn	4998055
karriere	4998054
lily	4998053
krankheit	4998052
englisch	4998051
hexe	4998050
aufmerksamkeit	4998049
gefeuert	4998048
grossmutter	4998047
gehts	4998046
lisa	4998045
hingehen	4998044
erlauben	4998043
gezogen	4998042
blode	4998041
pfund	4998040
bester	4998039
kunst	4998038
innerhalb	4998037
beendet	4998036
million	4998035
satt	4998034
ebenso	4998033
wachen	4998032
regen	4998031
geb	4998030
trottel	4998029
uberlebt	4998028
termin	4998027
komplett	4998026
woanders	4998025
hure	4998024
fuhlte	4998023
herzlichen	4998022
fliegt	4998021
gebraucht	4998020
dennoch	4998019
high	4998018
seiten	4998017
feinde	4998016
tritt	4998015
behandeln	4998014
geheimnisse	4998013
signal	4998012
besprechen	4998011
warm	4998010
l	4998009
verhindern	4998008
selben	4998007
verlasst	4998006
kochen	4998005
kontrollieren	4998004
theater	4998003
phil	4998002
peinlich	4998001
joey	4998000
merken	4997999
zuruckkommen	4997998
voraus	4997997
grab	4997996
schweigen	4997995
roten	4997994
washington	4997993
spuren	4997992
weiterhin	4997991
irgendein	4997990
schwimmen	4997989
griff	4997988
wirkt	4997987
bewusst	4997986
liebte	4997985
sterbe	4997984
bastard	4997983
schnappen	4997982
schick	4997981
schaffe	4997980
gabe	4997979
stuhl	4997978
prasidenten	4997977
geschah	4997976
simon	4997975
dick	4997974
trotz	4997973
video	4997972
kerle	4997971
alkohol	4997970
freundlich	4997969
eric	4997968
beobachtet	4997967
dumme	4997966
selbstmord	4997965
marie	4997964
pete	4997963
hank	4997962
ln	4997961
zahne	4997960
passierte	4997959
geniessen	4997958
teuer	4997957
krafte	4997956
desto	4997955
trage	4997954
verruckte	4997953
einsatz	4997952
heiligen	4997951
eifersuchtig	4997950
gentlemen	4997949
zulassen	4997948
gast	4997947
toilette	4997946
flughafen	4997945
mitgenommen	4997944
panik	4997943
raten	4997942
superman	4997941
handelt	4997940
dreht	4997939
absicht	4997938
ideen	4997937
lebendig	4997936
kennenzulernen	4997935
begleiten	4997934
starker	4997933
muhe	4997932
schlage	4997931
blind	4997930
rote	4997929
getrennt	4997928
crew	4997927
angenommen	4997926
annehmen	4997925
code	4997924
nachbarn	4997923
enttauscht	4997922
tode	4997921
herauszufinden	4997920
emma	4997919
shield	4997918
freitag	4997917
neulich	4997916
schicke	4997915
fuhr	4997914
wahlen	4997913
definitiv	4997912
kevin	4997911
stoppen	4997910
matt	4997909
weitermachen	4997908
kohle	4997907
oliver	4997906
bieten	4997905
moglicherweise	4997904
verletzen	4997903
street	4997902
betrifft	4997901
familien	4997900
beinahe	4997899
lst	4997898
sass	4997897
sonntag	4997896
fahrer	4997895
bestes	4997894
amy	4997893
vorstellung	4997892
schlau	4997891
merkwurdig	4997890
schien	4997889
b	4997888
erwarte	4997887
carter	4997886
begraben	4997885
ergibt	4997884
schlimmste	4997883
ohr	4997882
julia	4997881
grossten	4997880
klappt	4997879
killer	4997878
medizin	4997877
ebenfalls	4997876
schuler	4997875
barry	4997874
mehrere	4997873
einander	4997872
anhalten	4997871
riesen	4997870
tanz	4997869
gehofft	4997868
rechnung	4997867
uberzeugen	4997866
gegenteil	4997865
treffe	4997864
aussage	4997863
schnauze	4997862
andert	4997861
ausgehen	4997860
erwachsen	4997859
uberpruft	4997858
lugner	4997857
whoa	4997856
konzentrieren	4997855
harvey	4997854
kennengelernt	4997853
filme	4997852
gesetzt	4997851
erlebt	4997850
prozent	4997849
adam	4997848
aufmachen	4997847
aufgeregt	4997846
einsam	4997845
star	4997844
trick	4997843
schonheit	4997842
unterstutzung	4997841
solltet	4997840
echter	4997839
flucht	4997838
dieselbe	4997837
norden	4997836
zwolf	4997835
untersuchen	4997834
station	4997833
hoheit	4997832
verliert	4997831
tschus	4997830
toller	4997829
klopfen	4997828
probieren	4997827
scharf	4997826
erlaubnis	4997825
vermisse	4997824
lebst	4997823
halben	4997822
spielst	4997821
fremden	4997820
beobachten	4997819
reinkommen	4997818
hof	4997817
ross	4997816
endet	4997815
berg	4997814
madam	4997813
fehlen	4997812
carl	4997811
abends	4997810
streiten	4997809
brennt	4997808
abhauen	4997807
springen	4997806
jerry	4997805
botschaft	4997804
ed	4997803
brian	4997802
fing	4997801
blieb	4997800
stich	4997799
entspann	4997798
verandern	4997797
zuletzt	4997796
unterschreiben	4997795
aufgenommen	4997794
locker	4997793
post	4997792
brust	4997791
trauen	4997790
geklaut	4997789
antun	4997788
frisch	4997787
packen	4997786
prost	4997785
dritte	4997784
existiert	4997783
jederzeit	4997782
schiffe	4997781
geoffnet	4997780
big	4997779
gewinnt	4997778
gebiet	4997777
gotter	4997776
kino	4997775
ums	4997774
verhaften	4997773
umgehen	4997772
beruf	4997771
einheit	4997770
knapp	4997769
abgeschlossen	4997768
vorn	4997767
gerechtigkeit	4997766
schrieb	4997765
verrater	4997764
gesamte	4997763
deckung	4997762
gewehr	4997761
drucken	4997760
alarm	4997759
dingen	4997758
machten	4997757
william	4997756
akzeptieren	4997755
geduld	4997754
strassen	4997753
morgan	4997752
story	4997751
herausgefunden	4997750
aufgehort	4997749
wichtige	4997748
zugang	4997747
bauch	4997746
anrufe	4997745
landen	4997744
ertragen	4997743
on	4997742
kenn	4997741
mitte	4997740
herrgott	4997739
untersuchung	4997738
armer	4997737
sitze	4997736
selten	4997735
extra	4997734
reparieren	4997733
verbunden	4997732
moge	4997731
fliehen	4997730
erzahlst	4997729
vertraue	4997728
arzte	4997727
angeht	4997726
wege	4997725
schiesst	4997724
kleider	4997723
luke	4997722
montag	4997721
nackt	4997720
teile	4997719
alice	4997718
gerufen	4997717
iss	4997716
gezwungen	4997715
angekommen	4997714
schreibe	4997713
penny	4997712
presse	4997711
langen	4997710
steigt	4997709
brot	4997708
priester	4997707
magie	4997706
befreien	4997705
westen	4997704
schlechten	4997703
anziehen	4997702
kompliziert	4997701
jedoch	4997700
wetter	4997699
sexy	4997698
erkannt	4997697
deutschland	4997696
berlin	4997695
inzwischen	4997694
staaten	4997693
ton	4997692
riskieren	4997691
chaos	4997690
wundervoll	4997689
prozess	4997688
papiere	4997687
rechten	4997686
freundschaft	4997685
cop	4997684
lhren	4997683
rock	4997682
uberlegt	4997681
beten	4997680
schauspieler	4997679
linda	4997678
interessieren	4997677
zunge	4997676
versuchst	4997675
strafe	4997674
weint	4997673
rate	4997672
amen	4997671
song	4997670
traumen	4997669
hauen	4997668
winter	4997667
usa	4997666
dieb	4997665
turen	4997664
hubsche	4997663
hmm	4997662
wartest	4997661
helden	4997660
trinkt	4997659
trennen	4997658
stellte	4997657
immerhin	4997656
personen	4997655
gras	4997654
befindet	4997653
kiste	4997652
beantworten	4997651
nehm	4997650
schritte	4997649
zog	4997648
schusse	4997647
dave	4997646
zuhoren	4997645
artikel	4997644
deutlich	4997643
jacke	4997642
starten	4997641
regel	4997640
gegenseitig	4997639
anstatt	4997638
schwul	4997637
inspektor	4997636
blau	4997635
hinterher	4997634
leck	4997633
spiegel	4997632
gift	4997631
schief	4997630
zahl	4997629
verwirrt	4997628
trinke	4997627
ficken	4997626
feuern	4997625
vermissen	4997624
erfreut	4997623
samstag	4997622
wolf	4997621
anne	4997620
e	4997619
leichter	4997618
schlafzimmer	4997617
erleben	4997616
cousin	4997615
jason	4997614
schwestern	4997613
meins	4997612
wichtigste	4997611
tausend	4997610
hemd	4997609
perfekte	4997608
mittagessen	4997607
herkommen	4997606
victor	4997605
eindruck	4997604
gucken	4997603
bedeutung	4997602
hungrig	4997601
projekt	4997600
trug	4997599
buhne	4997598
lugt	4997597
kleidung	4997596
vernichten	4997595
julie	4997594
champagner	4997593
verpassen	4997592
echten	4997591
soviel	4997590
gekriegt	4997589
schwere	4997588
nenne	4997587
theorie	4997586
verteidigen	4997585
menschheit	4997584
tatort	4997583
wild	4997582
angesehen	4997581
bestellt	4997580
gerat	4997579
altes	4997578
gemeldet	4997577
arbeitete	4997576
mull	4997575
wessen	4997574
vince	4997573
virus	4997572
no	4997571
dritten	4997570
harte	4997569
decke	4997568
motor	4997567
moglichkeiten	4997566
roy	4997565
ausgezeichnet	4997564
geholt	4997563
bestatigt	4997562
annie	4997561
dienen	4997560
susser	4997559
geraten	4997558
geschmack	4997557
ruiniert	4997556
vertrau	4997555
europa	4997554
zelle	4997553
treiben	4997552
jeff	4997551
grunde	4997550
beweg	4997549
auseinander	4997548
aye	4997547
gelebt	4997546
sprachen	4997545
anfuhrer	4997544
wonach	4997543
beeilung	4997542
abteilung	4997541
sturm	4997540
vorschlag	4997539
kaiser	4997538
gaben	4997537
bricht	4997536
gas	4997535
gewahlt	4997534
geworfen	4997533
beerdigung	4997532
menschliche	4997531
spitze	4997530
unrecht	4997529
find	4997528
verbracht	4997527
welch	4997526
festhalten	4997525
larry	4997524
gnade	4997523
schlafe	4997522
papier	4997521
betrogen	4997520
praktisch	4997519
agenten	4997518
wahren	4997517
geburt	4997516
spinnst	4997515
beruhigt	4997514
dunkelheit	4997513
charlotte	4997512
tolles	4997511
richtiger	4997510
notfall	4997509
dahinter	4997508
fremde	4997507
anfassen	4997506
begegnet	4997505
besseren	4997504
wechseln	4997503
sack	4997502
suden	4997501
genie	4997500
fahigkeiten	4997499
kommando	4997498
treppe	4997497
uberlassen	4997496
ubergeben	4997495
gelegt	4997494
mantel	4997493
verschiedene	4997492
lucy	4997491
nenn	4997490
offizier	4997489
al	4997488
entwickelt	4997487
tater	4997486
details	4997485
krebs	4997484
fressen	4997483
gefolgt	4997482
gemein	4997481
fliege	4997480
fein	4997479
huh	4997478
heimat	4997477
offne	4997476
gleichzeitig	4997475
howard	4997474
king	4997473
kilometer	4997472
zuruckkehren	4997471
reiten	4997470
bye	4997469
strom	4997468
kuh	4997467
chicago	4997466
briefe	4997465
cops	4997464
geil	4997463
totete	4997462
schlange	4997461
explosion	4997460
tragst	4997459
talent	4997458
frische	4997457
versteck	4997456
feld	4997455
fernseher	4997454
laura	4997453
cia	4997452
gefuhrt	4997451
enterprise	4997450
aufnehmen	4997449
pech	4997448
greifen	4997447
wetten	4997446
nieder	4997445
null	4997444
verdachtigen	4997443
china	4997442
schliesst	4997441
publikum	4997440
krieger	4997439
wieviel	4997438
mittag	4997437
jo	4997436
unterhaltung	4997435
ofter	4997434
setze	4997433
spazieren	4997432
entspannen	4997431
lebte	4997430
wehtun	4997429
hiermit	4997428
hilfst	4997427
offnet	4997426
patrick	4997425
quelle	4997424
entscheidungen	4997423
zwingen	4997422
ei	4997421
sterne	4997420
unterstutzen	4997419
solch	4997418
eilig	4997417
verlor	4997416
erfullt	4997415
schlechtes	4997414
bauer	4997413
fred	4997412
leitung	4997411
getraumt	4997410
neugierig	4997409
gewarnt	4997408
schreie	4997407
akten	4997406
babys	4997405
offiziell	4997404
las	4997403
anderem	4997402
besucht	4997401
befinden	4997400
schrei	4997399
seufzt	4997398
bart	4997397
tranen	4997396
behauptet	4997395
umzubringen	4997394
susan	4997393
kim	4997392
volle	4997391
esse	4997390
verarschen	4997389
einziger	4997388
geister	4997387
streng	4997386
mitternacht	4997385
bestens	4997384
behaupten	4997383
schlafst	4997382
hoher	4997381
fuhl	4997380
begonnen	4997379
leo	4997378
karen	4997377
erschaffen	4997376
loswerden	4997375
staat	4997374
hutte	4997373
chloe	4997372
stoff	4997371
geschenkt	4997370
vorgestellt	4997369
rechtzeitig	4997368
schweine	4997367
melde	4997366
mitglied	4997365
vincent	4997364
korrektur	4997363
hergekommen	4997362
wurdet	4997361
dicht	4997360
verursacht	4997359
wohne	4997358
elena	4997357
heutzutage	4997356
hosen	4997355
verdammtes	4997354
wut	4997353
kampfe	4997352
medikamente	4997351
schreckliche	4997350
glaubte	4997349
burger	4997348
klaren	4997347
grunden	4997346
maggie	4997345
entfernen	4997344
information	4997343
treibt	4997342
beides	4997341
doctor	4997340
lebend	4997339
waschen	4997338
tausende	4997337
vieles	4997336
schnee	4997335
sean	4997334
ergeben	4997333
vermute	4997332
feigling	4997331
atmet	4997330
nannte	4997329
sicherlich	4997328
abgehauen	4997327
juden	4997326
besitz	4997325
vernunftig	4997324
hauser	4997323
gerausch	4997322
jones	4997321
doug	4997320
starke	4997319
empfangen	4997318
dauernd	4997317
stefan	4997316
geheim	4997315
schlacht	4997314
beeilt	4997313
wirf	4997312
eindeutig	4997311
chancen	4997310
politik	4997309
universum	4997308
mittel	4997307
riechen	4997306
schlug	4997305
eingesperrt	4997304
werk	4997303
km	4997302
schrank	4997301
wichtiges	4997300
c	4997299
grace	4997298
wirken	4997297
yo	4997296
gehorte	4997295
warnen	4997294
russen	4997293
irgend	4997292
musstest	4997291
zugeben	4997290
bestatigen	4997289
fresse	4997288
gefuhlt	4997287
sara	4997286
grenzen	4997285
liessen	4997284
behalte	4997283
beigebracht	4997282
spielte	4997281
fuhrer	4997280
verbrecher	4997279
einst	4997278
zigarette	4997277
brille	4997276
helen	4997275
jackson	4997274
beschlossen	4997273
gedanke	4997272
himmels	4997271
kunstler	4997270
gelandet	4997269
kampft	4997268
erschreckt	4997267
abenteuer	4997266
mexiko	4997265
gewisse	4997264
angeblich	4997263
caroline	4997262
wachsen	4997261
erfolgreich	4997260
internet	4997259
eva	4997258
beschutzt	4997257
truppen	4997256
stammt	4997255
vermogen	4997254
marshall	4997253
klinik	4997252
kauf	4997251
pizza	4997250
osten	4997249
verzeih	4997248
harold	4997247
kennenlernen	4997246
anbieten	4997245
lippen	4997244
aufwachen	4997243
stimmung	4997242
gefangenen	4997241
schickte	4997240
amanda	4997239
richten	4997238
schiess	4997237
verurteilt	4997236
holmes	4997235
fange	4997234
bulle	4997233
maske	4997232
per	4997231
by	4997230
dinger	4997229
verbrannt	4997228
antworte	4997227
oberst	4997226
gratuliere	4997225
wenige	4997224
leiter	4997223
april	4997222
schnitt	4997221
erfunden	4997220
krankenwagen	4997219
verpiss	4997218
smith	4997217
fett	4997216
verwenden	4997215
schadel	4997214
zurecht	4997213
ungluck	4997212
heil	4997211
jenny	4997210
nettes	4997209
irren	4997208
verlust	4997207
einladung	4997206
wiederhole	4997205
erklare	4997204
sophie	4997203
abgemacht	4997202
lecker	4997201
fluch	4997200
schulter	4997199
heilen	4997198
aufgegeben	4997197
beeindruckt	4997196
liebsten	4997195
ho	4997194
hundert	4997193
stern	4997192
beziehungen	4997191
klo	4997190
momentan	4997189
sendung	4997188
brav	4997187
jagd	4997186
markt	4997185
grun	4997184
spure	4997183
wuste	4997182
love	4997181
patient	4997180
zweck	4997179
ziehst	4997178
gewohnt	4997177
hass	4997176
benehmen	4997175
lugst	4997174
vergisst	4997173
klang	4997172
aufgrund	4997171
schulde	4997170
real	4997169
senator	4997168
normale	4997167
tyler	4997166
verstarkung	4997165
punkte	4997164
wurd	4997163
fahig	4997162
stattdessen	4997161
tim	4997160
einziges	4997159
gesteckt	4997158
angreifen	4997157
magen	4997156
zucker	4997155
ritter	4997154
erstaunlich	4997153
miles	4997152
berichten	4997151
schaff	4997150
ausziehen	4997149
uniform	4997148
klamotten	4997147
mum	4997146
versagt	4997145
planet	4997144
ciao	4997143
realitat	4997142
stinkt	4997141
kommissar	4997140
barney	4997139
holz	4997138
pack	4997137
kurze	4997136
schneiden	4997135
tiger	4997134
erfullen	4997133
anteil	4997132
weiteres	4997131
gekampft	4997130
tiefer	4997129
house	4997128
weib	4997127
urteil	4997126
fuhrte	4997125
wayne	4997124
verliere	4997123
wunscht	4997122
frankie	4997121
verruckten	4997120
kannten	4997119
freiwillig	4997118
gesundheit	4997117
scheidung	4997116
achten	4997115
angelegenheit	4997114
offentlichkeit	4997113
wiederholen	4997112
lies	4997111
lhrer	4997110
lernt	4997109
revier	4997108
loslassen	4997107
wirklichkeit	4997106
begeistert	4997105
meistens	4997104
verfugung	4997103
ausserst	4997102
roman	4997101
dachtest	4997100
jungfrau	4997099
ratte	4997098
verteidigung	4997097
schreib	4997096
kyle	4997095
posten	4997094
schreibtisch	4997093
hubsches	4997092
happy	4997091
hammer	4997090
pater	4997089
verliess	4997088
bewahren	4997087
besitzt	4997086
tasse	4997085
durchs	4997084
heut	4997083
lhrem	4997082
stress	4997081
steckst	4997080
schenken	4997079
anklage	4997078
kugeln	4997077
mrs	4997076
drum	4997075
kalifornien	4997074
linken	4997073
bereich	4997072
besitzer	4997071
fuhre	4997070
west	4997069
zeuge	4997068
vorbereiten	4997067
zusehen	4997066
ali	4997065
korrekt	4997064
lege	4997063
jager	4997062
nahmen	4997061
tunnel	4997060
aufregend	4997059
wilson	4997058
pfarrer	4997057
blaue	4997056
beruhrt	4997055
white	4997054
gewiss	4997053
taglich	4997052
besessen	4997051
reifen	4997050
jessica	4997049
schaue	4997048
ubers	4997047
christus	4997046
freundinnen	4997045
probe	4997044
viertel	4997043
leonard	4997042
stucke	4997041
verwandelt	4997040
hurensohn	4997039
wissenschaft	4997038
hinweis	4997037
aufgefallen	4997036
suppe	4997035
berge	4997034
amerikanische	4997033
mhm	4997032
scheisskerl	4997031
texas	4997030
hauptmann	4997029
rick	4997028
gedachtnis	4997027
verdacht	4997026
behandlung	4997025
rosa	4997024
durchgemacht	4997023
sicht	4997022
nix	4997021
einladen	4997020
schonste	4997019
ubernehme	4997018
scheck	4997017
franzosisch	4997016
schwerer	4997015
ursache	4997014
landes	4997013
aufgetaucht	4997012
besiegen	4997011
anweisungen	4997010
verzweifelt	4997009
nennst	4997008
jean	4997007
erwischen	4997006
verschwand	4997005
fingerabdrucke	4997004
truck	4997003
standen	4997002
opfern	4997001
jahrhundert	4997000
bestellen	4996999
wissenschaftler	4996998
mitleid	4996997
bereiten	4996996
schwachsinn	4996995
vampir	4996994
erscheinen	4996993
jesse	4996992
miete	4996991
titel	4996990
antrag	4996989
baume	4996988
terry	4996987
freien	4996986
zigaretten	4996985
kauft	4996984
verbrennen	4996983
dutzend	4996982
martha	4996981
informiert	4996980
fische	4996979
rauskommen	4996978
verruckter	4996977
hasslich	4996976
indianer	4996975
hirn	4996974
befreit	4996973
bestraft	4996972
sitz	4996971
linie	4996970
dummkopf	4996969
sand	4996968
gehorst	4996967
sollt	4996966
basis	4996965
reine	4996964
kase	4996963
gegner	4996962
nancy	4996961
spieler	4996960
langsamer	4996959
affen	4996958
gemerkt	4996957
joseph	4996956
we	4996955
zahle	4996954
sammeln	4996953
stil	4996952
erfahrt	4996951
schock	4996950
diener	4996949
beruhren	4996948
merkt	4996947
vorteil	4996946
monica	4996945
elf	4996944
tests	4996943
affare	4996942
geliebte	4996941
empfang	4996940
geschenke	4996939
verabschieden	4996938
applaus	4996937
furchten	4996936
gekusst	4996935
titten	4996934
ausweis	4996933
start	4996932
roboter	4996931
hafen	4996930
rund	4996929
casey	4996928
beeindruckend	4996927
daneben	4996926
fabrik	4996925
elizabeth	4996924
verlasse	4996923
einfluss	4996922
morde	4996921
bedrohung	4996920
umstanden	4996919
identifizieren	4996918
tanzt	4996917
anschauen	4996916
gouverneur	4996915
hans	4996914
derek	4996913
sparen	4996912
besondere	4996911
cent	4996910
kreuz	4996909
albern	4996908
black	4996907
that	4996906
stop	4996905
identitat	4996904
eng	4996903
angelogen	4996902
rufst	4996901
kaufe	4996900
miststuck	4996899
nebenan	4996898
training	4996897
folgendes	4996896
negativ	4996895
unterricht	4996894
terroristen	4996893
gekummert	4996892
verwendet	4996891
stets	4996890
zentrale	4996889
revolution	4996888
mauer	4996887
angezogen	4996886
umdrehen	4996885
your	4996884
gary	4996883
bestehen	4996882
meinetwegen	4996881
liefern	4996880
punktlich	4996879
unglucklich	4996878
not	4996877
ewigkeit	4996876
plus	4996875
reaktion	4996874
watson	4996873
edward	4996872
angestellt	4996871
fieber	4996870
wenden	4996869
umstande	4996868
schnappt	4996867
angeles	4996866
erscheint	4996865
mitarbeiter	4996864
gruss	4996863
aussteigen	4996862
deck	4996861
penner	4996860
einfache	4996859
lektion	4996858
leiten	4996857
nachsehen	4996856
kreis	4996855
stahl	4996854
dusche	4996853
spring	4996852
ausruhen	4996851
walker	4996850
angenehm	4996849
kilo	4996848
little	4996847
gelost	4996846
one	4996845
phoebe	4996844
tollen	4996843
grossartige	4996842
schluck	4996841
tour	4996840
kelly	4996839
studiert	4996838
begangen	4996837
ruckkehr	4996836
donnerstag	4996835
storung	4996834
maschinen	4996833
clever	4996832
wunde	4996831
uberfallen	4996830
steuern	4996829
parker	4996828
mm	4996827
worten	4996826
op	4996825
mause	4996824
junior	4996823
dienstag	4996822
verabredung	4996821
geruch	4996820
unheimlich	4996819
jugend	4996818
verdienst	4996817
amerikanischen	4996816
mutig	4996815
carlos	4996814
extrem	4996813
voran	4996812
mordes	4996811
albert	4996810
staatsanwalt	4996809
fussen	4996808
italien	4996807
vegas	4996806
verschwenden	4996805
schlimmes	4996804
bereuen	4996803
gepack	4996802
traurige	4996801
for	4996800
stellung	4996799
monk	4996798
staub	4996797
blauen	4996796
klauen	4996795
prufen	4996794
menschlichen	4996793
miami	4996792
seltsame	4996791
hohen	4996790
aufnahme	4996789
todes	4996788
text	4996787
carol	4996786
sammy	4996785
geschnappt	4996784
dummes	4996783
graf	4996782
sport	4996781
mademoiselle	4996780
brachten	4996779
leidenschaft	4996778
dramatische	4996777
half	4996776
kurzem	4996775
vampire	4996774
flotte	4996773
gehore	4996772
kindheit	4996771
el	4996770
lm	4996769
heiratet	4996768
versprich	4996767
vermeiden	4996766
hubscher	4996765
benzin	4996764
uben	4996763
warnung	4996762
arbeiter	4996761
reingelegt	4996760
testen	4996759
klaus	4996758
marcus	4996757
nathan	4996756
afrika	4996755
graben	4996754
suchte	4996753
nutte	4996752
diamanten	4996751
klingen	4996750
taylor	4996749
schokolade	4996748
steine	4996747
over	4996746
erstens	4996745
bedroht	4996744
trafen	4996743
karl	4996742
sohne	4996741
flehe	4996740
betreten	4996739
eile	4996738
manager	4996737
clay	4996736
sohnes	4996735
jay	4996734
abgelehnt	4996733
inneren	4996732
gewollt	4996731
damon	4996730
bonnie	4996729
fan	4996728
gewohnlich	4996727
laufe	4996726
konigs	4996725
kameras	4996724
schild	4996723
bahnhof	4996722
flugel	4996721
beruhmt	4996720
weitergehen	4996719
reagiert	4996718
japan	4996717
filmen	4996716
barbara	4996715
innen	4996714
wenigen	4996713
minister	4996712
belohnung	4996711
cole	4996710
hitler	4996709
jamie	4996708
molly	4996707
beibringen	4996706
informieren	4996705
wunderbare	4996704
reingehen	4996703
munition	4996702
notwendig	4996701
gentleman	4996700
appetit	4996699
bruce	4996698
narr	4996697
stan	4996696
hohe	4996695
hohle	4996694
betrachten	4996693
erneut	4996692
schutze	4996691
figur	4996690
lehrerin	4996689
ari	4996688
zeigte	4996687
johnson	4996686
alexander	4996685
hattet	4996684
cooper	4996683
schuldest	4996682
farm	4996681
dexter	4996680
angeboten	4996679
erstmal	4996678
larm	4996677
mogliche	4996676
verbergen	4996675
einstellen	4996674
ausgerechnet	4996673
bergen	4996672
bedingungen	4996671
toter	4996670
bescheuert	4996669
sheldon	4996668
geflogen	4996667
fahrrad	4996666
wohnst	4996665
planen	4996664
heirate	4996663
ª	4996662
gestort	4996661
eingestellt	4996660
lese	4996659
diejenige	4996658
dunklen	4996657
go	4996656
koch	4996655
jackie	4996654
geschaffen	4996653
bezahle	4996652
widerstand	4996651
gordon	4996650
verbinden	4996649
rauch	4996648
abmachung	4996647
marty	4996646
bereitet	4996645
erkenne	4996644
steck	4996643
gesichter	4996642
heiliger	4996641
reiss	4996640
hintergrund	4996639
verkauf	4996638
wirft	4996637
begrussen	4996636
nachster	4996635
stirbst	4996634
drachen	4996633
technik	4996632
prasentiert	4996631
erkennt	4996630
fuhrung	4996629
verschiedenen	4996628
anzeichen	4996627
fantasie	4996626
badezimmer	4996625
interessante	4996624
leb	4996623
pierre	4996622
sicherer	4996621
christian	4996620
holst	4996619
sunde	4996618
angela	4996617
besitzen	4996616
weggehen	4996615
satz	4996614
auftritt	4996613
untersucht	4996612
nina	4996611
rausfinden	4996610
euro	4996609
grossere	4996608
nass	4996607
mai	4996606
zuruckgekommen	4996605
h	4996604
ruhen	4996603
wachst	4996602
admiral	4996601
hopp	4996600
genugt	4996599
miller	4996598
kuhlschrank	4996597
jess	4996596
universitat	4996595
pillen	4996594
senden	4996593
wovor	4996592
horten	4996591
stille	4996590
reg	4996589
fakten	4996588
verdiene	4996587
aufzuhalten	4996586
bloden	4996585
taub	4996584
vereinigten	4996583
verwandeln	4996582
seelen	4996581
scheissegal	4996580
kollege	4996579
aufgewachsen	4996578
zeitungen	4996577
personliche	4996576
francis	4996575
auftauchen	4996574
exzellenz	4996573
jonathan	4996572
ergebnis	4996571
kurt	4996570
kopie	4996569
lou	4996568
hauses	4996567
donna	4996566
bezweifle	4996565
dreimal	4996564
telefonieren	4996563
rette	4996562
rausholen	4996561
nutzlich	4996560
frohe	4996559
sally	4996558
legende	4996557
springt	4996556
teddy	4996555
anzurufen	4996554
aussagen	4996553
milliarden	4996552
lucas	4996551
zauberer	4996550
seil	4996549
tempel	4996548
gekostet	4996547
beschissen	4996546
gestanden	4996545
keinerlei	4996544
getragen	4996543
store	4996542
nigger	4996541
baron	4996540
aussen	4996539
bequem	4996538
konto	4996537
hunderte	4996536
spion	4996535
ausgesucht	4996534
jacob	4996533
starben	4996532
aaron	4996531
gesetze	4996530
schnapp	4996529
felix	4996528
be	4996527
weswegen	4996526
einkaufen	4996525
bande	4996524
raumschiff	4996523
hinsetzen	4996522
stellst	4996521
sorgt	4996520
verhandeln	4996519
homer	4996518
rachen	4996517
feier	4996516
technologie	4996515
august	4996514
vogeln	4996513
stohnen	4996512
umso	4996511
bibel	4996510
humor	4996509
jordan	4996508
male	4996507
vernichtet	4996506
daheim	4996505
vergesse	4996504
ladies	4996503
greift	4996502
kurzlich	4996501
sms	4996500
boses	4996499
material	4996498
beschreiben	4996497
davis	4996496
einheiten	4996495
dunkle	4996494
josh	4996493
wilde	4996492
ellen	4996491
abschluss	4996490
verargert	4996489
abgeben	4996488
sklaven	4996487
schieben	4996486
knopf	4996485
beth	4996484
taschen	4996483
ratsel	4996482
atem	4996481
geruchte	4996480
island	4996479
triffst	4996478
todd	4996477
lane	4996476
freie	4996475
teller	4996474
verrat	4996473
kette	4996472
norman	4996471
brach	4996470
organisation	4996469
kamst	4996468
schalten	4996467
hubschrauber	4996466
militar	4996465
uberfall	4996464
santa	4996463
erwahnen	4996462
vergewaltigt	4996461
klopft	4996460
angeschossen	4996459
palast	4996458
wasche	4996457
gesamten	4996456
bekampfen	4996455
president	4996454
ubersehen	4996453
grade	4996452
data	4996451
befreundet	4996450
versetzt	4996449
berichte	4996448
stanley	4996447
einzig	4996446
boston	4996445
besonderen	4996444
existieren	4996443
catherine	4996442
beleidigt	4996441
weich	4996440
ratten	4996439
franzosen	4996438
boser	4996437
susses	4996436
tauschen	4996435
erschopft	4996434
heben	4996433
linke	4996432
victoria	4996431
anzeige	4996430
katastrophe	4996429
bietet	4996428
darunter	4996427
heutigen	4996426
warne	4996425
herzlich	4996424
mickey	4996423
leihen	4996422
quinn	4996421
uberraschen	4996420
treffer	4996419
umgebung	4996418
schilde	4996417
verfluchte	4996416
keins	4996415
ignorieren	4996414
haken	4996413
ruinieren	4996412
hochstens	4996411
ausdruck	4996410
nation	4996409
ginge	4996408
leib	4996407
pilot	4996406
uni	4996405
jobs	4996404
kram	4996403
nachte	4996402
beteiligt	4996401
botschafter	4996400
ken	4996399
sinnlos	4996398
verlange	4996397
reagieren	4996396
kehle	4996395
derselbe	4996394
repariert	4996393
spock	4996392
reporter	4996391
anstellen	4996390
sunden	4996389
rettet	4996388
brennen	4996387
francisco	4996386
laune	4996385
irgendeinem	4996384
staffel	4996383
pool	4996382
ungewohnlich	4996381
versaut	4996380
gewicht	4996379
ausgang	4996378
madel	4996377
zweiter	4996376
trinkst	4996375
zweitens	4996374
funk	4996373
einstellung	4996372
gedauert	4996371
heimlich	4996370
scheiden	4996369
schwache	4996368
raumen	4996367
garage	4996366
einig	4996365
gefreut	4996364
russland	4996363
einfallen	4996362
solle	4996361
kame	4996360
atme	4996359
schamen	4996358
typisch	4996357
brown	4996356
ubung	4996355
studio	4996354
kopfschmerzen	4996353
leutnant	4996352
klienten	4996351
genial	4996350
zunachst	4996349
reissen	4996348
ermittlungen	4996347
pleite	4996346
anhoren	4996345
kopfe	4996344
leere	4996343
unhoflich	4996342
konzert	4996341
knarre	4996340
paradies	4996339
kuste	4996338
ferien	4996337
live	4996336
ordentlich	4996335
felsen	4996334
g	4996333
couch	4996332
umziehen	4996331
studieren	4996330
netz	4996329
puppe	4996328
unterlagen	4996327
besiegt	4996326
ais	4996325
last	4996324
liebhaber	4996323
handschellen	4996322
wecken	4996321
nahern	4996320
gesang	4996319
geirrt	4996318
asche	4996317
school	4996316
bewaffnet	4996315
gemeinde	4996314
entgegen	4996313
pfeift	4996312
geschwindigkeit	4996311
entwickeln	4996310
diejenigen	4996309
travis	4996308
aufgewacht	4996307
juli	4996306
ziele	4996305
dunkeln	4996304
gloria	4996303
beute	4996302
derselben	4996301
aua	4996300
gefasst	4996299
bestimmten	4996298
rita	4996297
reizend	4996296
ehefrau	4996295
treu	4996294
ergebnisse	4996293
machtig	4996292
rollen	4996291
kommandant	4996290
spielchen	4996289
durst	4996288
andrew	4996287
lernte	4996286
verlobt	4996285
bibliothek	4996284
geklappt	4996283
freu	4996282
tina	4996281
benutze	4996280
otto	4996279
museum	4996278
versicherung	4996277
schmutzig	4996276
verlass	4996275
doppelt	4996274
diskutieren	4996273
ex	4996272
nirgends	4996271
tricks	4996270
mitmachen	4996269
eingehen	4996268
echtes	4996267
schliess	4996266
spanien	4996265
ankunft	4996264
motiv	4996263
schlimme	4996262
grausam	4996261
rebecca	4996260
kunde	4996259
damonen	4996258
gefangene	4996257
pinkeln	4996256
ann	4996255
dummen	4996254
apartment	4996253
bewusstsein	4996252
dna	4996251
tipp	4996250
gewohnen	4996249
katzen	4996248
schwarzer	4996247
zauber	4996246
jahres	4996245
safe	4996244
hanna	4996243
vergleich	4996242
spanisch	4996241
rad	4996240
fahigkeit	4996239
hannah	4996238
scheinbar	4996237
vergesst	4996236
kent	4996235
meiste	4996234
earl	4996233
kontrolliert	4996232
hitze	4996231
hollywood	4996230
hierbleiben	4996229
bau	4996228
laute	4996227
einzelnen	4996226
entschlossen	4996225
stiefel	4996224
studenten	4996223
genauer	4996222
aktiviert	4996221
tapfer	4996220
wiederzusehen	4996219
ersetzen	4996218
beweist	4996217
weisser	4996216
julian	4996215
r	4996214
mitbringen	4996213
kampfer	4996212
verwickelt	4996211
decken	4996210
spielzeug	4996209
soeben	4996208
ausrustung	4996207
zack	4996206
unterschrieben	4996205
prufung	4996204
ausmachen	4996203
camp	4996202
vergib	4996201
nate	4996200
lieferung	4996199
wichtigen	4996198
begriff	4996197
grunen	4996196
weglaufen	4996195
ruth	4996194
sekretarin	4996193
benotigen	4996192
hugel	4996191
lincoln	4996190
gewinne	4996189
hell	4996188
durchsuchen	4996187
betty	4996186
ungern	4996185
stecke	4996184
glucklicher	4996183
bruders	4996182
beinen	4996181
unterstutzt	4996180
verabredet	4996179
platze	4996178
modell	4996177
bittet	4996176
bekamen	4996175
widerlich	4996174
grosszugig	4996173
meeting	4996172
hervorragend	4996171
einzelne	4996170
clara	4996169
positiv	4996168
esel	4996167
duschen	4996166
protokoll	4996165
hochste	4996164
wunden	4996163
sinne	4996162
schmuck	4996161
handel	4996160
friedhof	4996159
chinesen	4996158
leeren	4996157
abnehmen	4996156
segen	4996155
irrtum	4996154
sender	4996153
hinweise	4996152
unwichtig	4996151
jeremy	4996150
krone	4996149
blitz	4996148
arschlocher	4996147
margaret	4996146
kehren	4996145
gejagt	4996144
hinweg	4996143
trocken	4996142
steuer	4996141
amusieren	4996140
spencer	4996139
personlichen	4996138
jenseits	4996137
durchsucht	4996136
riesige	4996135
bedanken	4996134
muster	4996133
herrscht	4996132
grant	4996131
bomben	4996130
erheben	4996129
proben	4996128
bete	4996127
sachte	4996126
ladys	4996125
getrieben	4996124
unangenehm	4996123
zuviel	4996122
flustert	4996121
heulen	4996120
gefehlt	4996119
grusse	4996118
flur	4996117
ansonsten	4996116
wirkung	4996115
orten	4996114
wehgetan	4996113
mitglieder	4996112
fleck	4996111
lerne	4996110
jude	4996109
tal	4996108
gelachter	4996107
ausreden	4996106
behorden	4996105
aussicht	4996104
kostlich	4996103
weine	4996102
german	4996101
hausaufgaben	4996100
personal	4996099
versehen	4996098
wilden	4996097
geiseln	4996096
what	4996095
sebastian	4996094
ebene	4996093
trainieren	4996092
tv	4996091
tiefe	4996090
schweren	4996089
strecke	4996088
franz	4996087
sing	4996086
romantisch	4996085
dicke	4996084
kafig	4996083
gerausche	4996082
re	4996081
ausbildung	4996080
genossen	4996079
vergiftet	4996078
ausweg	4996077
ankommen	4996076
hexen	4996075
schrecklichen	4996074
konne	4996073
mannschaft	4996072
do	4996071
blicken	4996070
freier	4996069
dieselben	4996068
erwachsene	4996067
benjamin	4996066
drehbuch	4996065
verdachtige	4996064
interview	4996063
geheime	4996062
allzu	4996061
probier	4996060
wunderschone	4996059
ey	4996058
mason	4996057
gekannt	4996056
huhn	4996055
ladung	4996054
vergass	4996053
sicheren	4996052
gegenwart	4996051
bestimmte	4996050
bedenken	4996049
wiederkommen	4996048
durft	4996047
normalen	4996046
rosen	4996045
segne	4996044
katie	4996043
k	4996042
ol	4996041
gebissen	4996040
zuruckkommt	4996039
aufgepasst	4996038
bilden	4996037
schmecken	4996036
sussen	4996035
tagebuch	4996034
abschied	4996033
irgendeinen	4996032
anblick	4996031
owen	4996030
motorrad	4996029
narren	4996028
hauptsache	4996027
herrlich	4996026
englander	4996025
ruhm	4996024
einsteigen	4996023
kapitel	4996022
bezuglich	4996021
moglichen	4996020
abstand	4996019
ned	4996018
trainer	4996017
alibi	4996016
gewinn	4996015
marchen	4996014
meldet	4996013
missverstandnis	4996012
zuruckbringen	4996011
verlierst	4996010
liebste	4996009
geliebten	4996008
bursche	4996007
lewis	4996006
teppich	4996005
bloder	4996004
phase	4996003
verkaufe	4996002
loschen	4996001
sozusagen	4996000
gluckliche	4995999
audrey	4995998
nebenbei	4995997
online	4995996
furcht	4995995
klavier	4995994
konntet	4995993
laufenden	4995992
fuhrerschein	4995991
indien	4995990
eingeschlafen	4995989
unschuldige	4995988
lautes	4995987
laster	4995986
jennifer	4995985
begreifen	4995984
wille	4995983
stift	4995982
aufnahmen	4995981
blue	4995980
hubschen	4995979
uberwachen	4995978
womoglich	4995977
angel	4995976
michel	4995975
paket	4995974
ertont	4995973
heb	4995972
dankeschon	4995971
aufgehalten	4995970
september	4995969
le	4995968
gewinner	4995967
klappen	4995966
cousine	4995965
adrian	4995964
ron	4995963
komische	4995962
ausgegangen	4995961
schuchtern	4995960
teams	4995959
albtraum	4995958
farben	4995957
schlimmsten	4995956
schaust	4995955
boy	4995954
gefiel	4995953
gestehen	4995952
hatt	4995951
whisky	4995950
carrie	4995949
lichter	4995948
pst	4995947
rasse	4995946
road	4995945
vorbeikommen	4995944
verschlossen	4995943
schlief	4995942
blasen	4995941
verpflichtet	4995940
ooh	4995939
kultur	4995938
zorn	4995937
geheimen	4995936
liam	4995935
befohlen	4995934
unterbrechen	4995933
tropfen	4995932
gefalligst	4995931
weiterer	4995930
religion	4995929
tess	4995928
netten	4995927
legte	4995926
stephen	4995925
kirk	4995924
jahrelang	4995923
ausnahme	4995922
verteilt	4995921
orte	4995920
bruste	4995919
schreibst	4995918
besucher	4995917
queen	4995916
befurchte	4995915
verkehr	4995914
nervt	4995913
knall	4995912
kindes	4995911
tempo	4995910
sitzung	4995909
konsequenzen	4995908
harter	4995907
blume	4995906
normaler	4995905
toast	4995904
therapie	4995903
kenny	4995902
version	4995901
sichern	4995900
entfernung	4995899
tara	4995898
versichere	4995897
fremder	4995896
schauspielerin	4995895
kanal	4995894
ausgesetzt	4995893
bestimmen	4995892
werte	4995891
reiche	4995890
garantiert	4995889
hood	4995888
rettung	4995887
parkplatz	4995886
guckt	4995885
geladen	4995884
scheinst	4995883
grey	4995882
weihnachtsmann	4995881
mac	4995880
lediglich	4995879
beginn	4995878
ausrichten	4995877
tradition	4995876
papst	4995875
juni	4995874
kofferraum	4995873
eingang	4995872
faszinierend	4995871
zirkus	4995870
schuh	4995869
entdecken	4995868
existenz	4995867
verfahren	4995866
mittwoch	4995865
jersey	4995864
marke	4995863
besorg	4995862
flammen	4995861
hilfreich	4995860
pflanzen	4995859
riesigen	4995858
erden	4995857
drama	4995856
letztendlich	4995855
sowie	4995854
murphy	4995853
charakter	4995852
nebel	4995851
wolle	4995850
abwarten	4995849
salz	4995848
anwalte	4995847
trauer	4995846
riesig	4995845
experiment	4995844
konigreich	4995843
chandler	4995842
patientin	4995841
malen	4995840
gedreht	4995839
can	4995838
krankenstation	4995837
gewunscht	4995836
auftaucht	4995835
block	4995834
coach	4995833
illegal	4995832
baut	4995831
gewachsen	4995830
williams	4995829
betruger	4995828
kehrt	4995827
bestrafen	4995826
zelt	4995825
enttauschen	4995824
gemutlich	4995823
falsches	4995822
denselben	4995821
bauern	4995820
florida	4995819
olivia	4995818
benny	4995817
sturzen	4995816
setzte	4995815
ausflug	4995814
anwesenheit	4995813
akzeptiert	4995812
nicole	4995811
ohnmachtig	4995810
schnaps	4995809
verstandnis	4995808
rakete	4995807
mitteilen	4995806
aufmerksam	4995805
sarg	4995804
gus	4995803
hielten	4995802
christine	4995801
zuruckgeben	4995800
arten	4995799
panzer	4995798
drinks	4995797
attraktiv	4995796
lost	4995795
versprach	4995794
deutsch	4995793
vertragen	4995792
passe	4995791
lohnt	4995790
puls	4995789
verlierer	4995788
anzusehen	4995787
erschrecken	4995786
identifiziert	4995785
herausforderung	4995784
versuchten	4995783
treue	4995782
gefickt	4995781
private	4995780
dummer	4995779
deins	4995778
rennt	4995777
shaw	4995776
eingeschlossen	4995775
friedlich	4995774
festgenommen	4995773
schluchzt	4995772
episode	4995771
warf	4995770
mona	4995769
moskau	4995768
wohnzimmer	4995767
kurzen	4995766
richtiges	4995765
penis	4995764
aufzeichnungen	4995763
gestandnis	4995762
wendy	4995761
belogen	4995760
truppe	4995759
starken	4995758
mylord	4995757
abgeholt	4995756
welten	4995755
witwe	4995754
freddy	4995753
stirb	4995752
werbung	4995751
out	4995750
nahrung	4995749
louise	4995748
leidet	4995747
unterwasche	4995746
raymond	4995745
hurra	4995744
armes	4995743
aufregung	4995742
erkennst	4995741
besetzt	4995740
wartete	4995739
ethan	4995738
baden	4995737
eimer	4995736
f	4995735
schworen	4995734
michelle	4995733
goldene	4995732
aktion	4995731
absichtlich	4995730
betrachtet	4995729
telefoniert	4995728
explodiert	4995727
unterschrift	4995726
kids	4995725
entscheide	4995724
koordinaten	4995723
serie	4995722
taucht	4995721
jules	4995720
abhalten	4995719
rechnen	4995718
irgendwer	4995717
partei	4995716
mars	4995715
symbol	4995714
maus	4995713
daumen	4995712
vorm	4995711
besorge	4995710
marine	4995709
zuruckgehen	4995708
hoflich	4995707
biete	4995706
habs	4995705
kanone	4995704
oscar	4995703
thron	4995702
prinzen	4995701
aufzug	4995700
bewusstlos	4995699
affe	4995698
arztin	4995697
manny	4995696
x	4995695
sherlock	4995694
fahrzeug	4995693
dennis	4995692
long	4995691
abby	4995690
wegnehmen	4995689
bailey	4995688
kaufte	4995687
whiskey	4995686
betrugen	4995685
regnet	4995684
zugehort	4995683
beissen	4995682
personliches	4995681
verlaufen	4995680
amt	4995679
genosse	4995678
bewiesen	4995677
mia	4995676
durchaus	4995675
zentrum	4995674
motel	4995673
ubernimmt	4995672
finn	4995671
ernstes	4995670
befragen	4995669
gesessen	4995668
vollstandig	4995667
voyager	4995666
walt	4995665
herunter	4995664
verarscht	4995663
gerede	4995662
liege	4995661
stufe	4995660
kummer	4995659
regisseur	4995658
shuttle	4995657
privat	4995656
ausschalten	4995655
gesichert	4995654
jene	4995653
ricky	4995652
psychiater	4995651
senor	4995650
zurzeit	4995649
geheilt	4995648
billig	4995647
vermasselt	4995646
fullen	4995645
verletzungen	4995644
draus	4995643
rand	4995642
fangst	4995641
brieftasche	4995640
apparat	4995639
enkel	4995638
medizinische	4995637
versagen	4995636
gerissen	4995635
haaren	4995634
heftig	4995633
betrug	4995632
frohliche	4995631
einbruch	4995630
brand	4995629
gelangen	4995628
papi	4995627
fussball	4995626
kompliment	4995625
yang	4995624
einsetzen	4995623
ubertragen	4995622
generation	4995621
flog	4995620
fortschritte	4995619
bestanden	4995618
ubernommen	4995617
stimmengewirr	4995616
nachzudenken	4995615
babe	4995614
sandwich	4995613
blodmann	4995612
vision	4995611
wachter	4995610
intelligent	4995609
gestatten	4995608
vorhaben	4995607
zwischenzeit	4995606
krankenschwester	4995605
mommy	4995604
menschlich	4995603
verderben	4995602
ausgeben	4995601
lernst	4995600
halbes	4995599
schwor	4995598
bay	4995597
ruhige	4995596
eures	4995595
brauchten	4995594
castle	4995593
wande	4995592
verzichten	4995591
geliefert	4995590
stabil	4995589
geweint	4995588
hinlegen	4995587
schlagst	4995586
entscheidet	4995585
durchfuhren	4995584
vergebung	4995583
einspruch	4995582
trainiert	4995581
villa	4995580
erklar	4995579
geflohen	4995578
brad	4995577
entfuhrung	4995576
grune	4995575
anlegen	4995574
jan	4995573
alpha	4995572
alison	4995571
ekelhaft	4995570
nochmals	4995569
zoe	4995568
gemalde	4995567
vorfall	4995566
lebten	4995565
krise	4995564
zuschauer	4995563
methode	4995562
bevolkerung	4995561
verhungern	4995560
loyalitat	4995559
kleinigkeit	4995558
geklart	4995557
verzeiht	4995556
beunruhigt	4995555
ellie	4995554
kotzen	4995553
wodka	4995552
cafe	4995551
toby	4995550
flaschen	4995549
time	4995548
spinner	4995547
erwartest	4995546
atmosphare	4995545
green	4995544
alfred	4995543
kreatur	4995542
perry	4995541
grafin	4995540
probiert	4995539
koma	4995538
greg	4995537
fasse	4995536
lloyd	4995535
zugriff	4995534
geschnitten	4995533
zeigst	4995532
houston	4995531
erhielt	4995530
lade	4995529
nutzt	4995528
traue	4995527
wolken	4995526
li	4995525
lydia	4995524
gefesselt	4995523
gestossen	4995522
worf	4995521
beliebt	4995520
ausgeschlossen	4995519
anstandig	4995518
finch	4995517
gnaden	4995516
hill	4995515
profi	4995514
gangster	4995513
innere	4995512
glatt	4995511
tracy	4995510
lebenden	4995509
sternenflotte	4995508
avenue	4995507
vieh	4995506
grussen	4995505
dschungel	4995504
ereignisse	4995503
rocky	4995502
nutzlos	4995501
beschadigt	4995500
daisy	4995499
bellt	4995498
achte	4995497
bahn	4995496
zustimmen	4995495
volkes	4995494
akzent	4995493
frohlich	4995492
kid	4995491
nachbarschaft	4995490
erledige	4995489
eigener	4995488
turm	4995487
eingesetzt	4995486
faust	4995485
angelegenheiten	4995484
putzen	4995483
zerstorung	4995482
guy	4995481
brutal	4995480
front	4995479
aufgebaut	4995478
gehasst	4995477
logan	4995476
veranderung	4995475
reisst	4995474
geleistet	4995473
begehen	4995472
zone	4995471
palmer	4995470
anton	4995469
leichte	4995468
endgultig	4995467
harten	4995466
oberflache	4995465
sieger	4995464
katherine	4995463
summe	4995462
angehen	4995461
rausgehen	4995460
klinge	4995459
marcel	4995458
verfassung	4995457
ruh	4995456
geschworen	4995455
irgendeiner	4995454
korrigiert	4995453
cowboy	4995452
kostum	4995451
ll	4995450
verhandlung	4995449
erik	4995448
koder	4995447
bond	4995446
melodie	4995445
bestie	4995444
brillant	4995443
rezept	4995442
sau	4995441
schnelle	4995440
zwillinge	4995439
heroin	4995438
ausland	4995437
prasentieren	4995436
exakt	4995435
faul	4995434
duke	4995433
telefonnummer	4995432
ubliche	4995431
mutti	4995430
sensoren	4995429
geradeaus	4995428
dale	4995427
verschieben	4995426
herrin	4995425
verlegen	4995424
gerecht	4995423
vernunft	4995422
reese	4995421
nahert	4995420
service	4995419
zahn	4995418
freak	4995417
jen	4995416
erbe	4995415
geisel	4995414
pardon	4995413
up	4995412
kutsche	4995411
ward	4995410
aufgehoben	4995409
kanada	4995408
monroe	4995407
verbindungen	4995406
furst	4995405
tragodie	4995404
schliesse	4995403
kontaktieren	4995402
vertraust	4995401
oktober	4995400
ubertrieben	4995399
lohn	4995398
spaziergang	4995397
gestritten	4995396
liegst	4995395
nannten	4995394
genugend	4995393
feige	4995392
moral	4995391
jener	4995390
worter	4995389
warren	4995388
lowen	4995387
y	4995386
schiesse	4995385
schlimmeres	4995384
leine	4995383
hoffte	4995382
vorfahren	4995381
clown	4995380
spezies	4995379
marsch	4995378
world	4995377
klingeln	4995376
stammen	4995375
zoo	4995374
kranken	4995373
aufhort	4995372
box	4995371
japaner	4995370
grundlich	4995369
kusst	4995368
nachbar	4995367
versager	4995366
beherrschen	4995365
etage	4995364
ronnie	4995363
highschool	4995362
weiber	4995361
bestand	4995360
gelande	4995359
nichte	4995358
matthew	4995357
kloster	4995356
chip	4995355
di	4995354
sprung	4995353
losgehen	4995352
packt	4995351
zweites	4995350
kira	4995349
bargeld	4995348
vertreten	4995347
lampe	4995346
vorgehen	4995345
selbe	4995344
megan	4995343
autor	4995342
kisten	4995341
trost	4995340
baren	4995339
beruhig	4995338
juan	4995337
ausmacht	4995336
ford	4995335
kalte	4995334
leitet	4995333
kameraden	4995332
abgenommen	4995331
eroffnen	4995330
herzog	4995329
eventuell	4995328
sanft	4995327
umgeben	4995326
liebster	4995325
unschuldigen	4995324
unschuld	4995323
objekt	4995322
fruhling	4995321
sauerstoff	4995320
marco	4995319
forschung	4995318
hinunter	4995317
heilmittel	4995316
vergehen	4995315
angeln	4995314
vielmals	4995313
gesprache	4995312
shane	4995311
zustandig	4995310
biest	4995309
benotigt	4995308
randy	4995307
hebt	4995306
liz	4995305
frisst	4995304
verhaltnis	4995303
symptome	4995302
zaun	4995301
butter	4995300
verprugelt	4995299
durchgehen	4995298
bedienen	4995297
leber	4995296
ticket	4995295
leistung	4995294
may	4995293
kai	4995292
ausgelost	4995291
kabel	4995290
geschieden	4995289
dient	4995288
blutdruck	4995287
fette	4995286
knacken	4995285
bekannte	4995284
gurtel	4995283
special	4995282
romer	4995281
eigentum	4995280
bewundere	4995279
piloten	4995278
eli	4995277
apropos	4995276
betrieb	4995275
with	4995274
schonsten	4995273
teenager	4995272
stossen	4995271
like	4995270
respektieren	4995269
zuruckgekehrt	4995268
mine	4995267
trank	4995266
iris	4995265
krawatte	4995264
connor	4995263
hugo	4995262
stirn	4995261
zettel	4995260
nora	4995259
schiesserei	4995258
tabletten	4995257
opfers	4995256
charmant	4995255
uberlege	4995254
huhnchen	4995253
gespannt	4995252
schicht	4995251
schreckliches	4995250
aufbauen	4995249
begegnen	4995248
natalie	4995247
aufgaben	4995246
harris	4995245
verlieben	4995244
infiziert	4995243
lehren	4995242
mitchell	4995241
sektor	4995240
verspatung	4995239
herzinfarkt	4995238
hierhin	4995237
diebstahl	4995236
getreten	4995235
heirat	4995234
notruf	4995233
single	4995232
vergangen	4995231
action	4995230
diebe	4995229
entspannt	4995228
bedaure	4995227
seist	4995226
kasse	4995225
passagiere	4995224
gepackt	4995223
weggelaufen	4995222
zuruckgelassen	4995221
foderation	4995220
ausgedacht	4995219
master	4995218
fabelhaft	4995217
jagt	4995216
besprochen	4995215
einsperren	4995214
grand	4995213
gegensatz	4995212
ralph	4995211
locher	4995210
franzosische	4995209
kekse	4995208
aussuchen	4995207
dreckskerl	4995206
kissen	4995205
gesorgt	4995204
come	4995203
socken	4995202
ofen	4995201
philip	4995200
verrate	4995199
normales	4995198
landet	4995197
brooklyn	4995196
dunn	4995195
diskussion	4995194
football	4995193
weisheit	4995192
mies	4995191
blatt	4995190
salat	4995189
joan	4995188
zwanzig	4995187
durchziehen	4995186
breit	4995185
shit	4995184
wettbewerb	4995183
freundes	4995182
bewahrung	4995181
lex	4995180
diego	4995179
cal	4995178
eigenartig	4995177
spruch	4995176
testament	4995175
dana	4995174
gemeinsame	4995173
beschreibung	4995172
schultern	4995171
vorschriften	4995170
scherze	4995169
gehalt	4995168
cameron	4995167
krass	4995166
hergebracht	4995165
wei	4995164
leiser	4995163
jonas	4995162
ian	4995161
schmeissen	4995160
dienste	4995159
steckte	4995158
tarnung	4995157
treibst	4995156
steven	4995155
entwicklung	4995154
gemuse	4995153
befehlen	4995152
han	4995151
quietschen	4995150
unfair	4995149
schriftsteller	4995148
ruckzug	4995147
quartier	4995146
krieges	4995145
nicky	4995144
jury	4995143
personlichkeit	4995142
dazwischen	4995141
erleichtert	4995140
achzt	4995139
hupen	4995138
offenen	4995137
grayson	4995136
werkstatt	4995135
offentlich	4995134
bruno	4995133
schlager	4995132
zellen	4995131
elliot	4995130
irgendwohin	4995129
beschissene	4995128
ublich	4995127
aktivieren	4995126
zwang	4995125
verlobte	4995124
kaution	4995123
sandy	4995122
ruhrt	4995121
sprengen	4995120
niedlich	4995119
ausgewahlt	4995118
tieren	4995117
antwortet	4995116
lawrence	4995115
berater	4995114
absurd	4995113
damlich	4995112
wobei	4995111
aah	4995110
andererseits	4995109
futtern	4995108
marge	4995107
hauptquartier	4995106
akt	4995105
brunnen	4995104
vereint	4995103
schoss	4995102
schachtel	4995101
bell	4995100
hochst	4995099
neffe	4995098
politiker	4995097
zusammenarbeiten	4995096
zielen	4995095
malcolm	4995094
geniesst	4995093
telegramm	4995092
zivilisation	4995091
willie	4995090
todlich	4995089
gekocht	4995088
meredith	4995087
uberleg	4995086
nadel	4995085
geloscht	4995084
bach	4995083
erhohen	4995082
sorte	4995081
entfuhren	4995080
gerichtet	4995079
festung	4995078
weiten	4995077
boris	4995076
bo	4995075
naomi	4995074
medien	4995073
eroffnet	4995072
uberfahren	4995071
assistentin	4995070
besoffen	4995069
flugzeuge	4995068
nolan	4995067
day	4995066
nacken	4995065
unterrichten	4995064
angeklagt	4995063
anfangt	4995062
gitarre	4995061
dicken	4995060
sichere	4995059
beschuldigt	4995058
gnadige	4995057
saft	4995056
gesungen	4995055
dtv	4995054
vorschlagen	4995053
verwundet	4995052
eklig	4995051
beileid	4995050
platte	4995049
vergeht	4995048
pfeife	4995047
apollo	4995046
momente	4995045
graham	4995044
si	4995043
riechst	4995042
tauchen	4995041
chase	4995040
hal	4995039
grosseren	4995038
voruber	4995037
russell	4995036
madchens	4995035
diane	4995034
neil	4995033
old	4995032
dauerte	4995031
schuldet	4995030
hergestellt	4995029
ubernachten	4995028
locken	4995027
plant	4995026
virginia	4995025
kommunikation	4995024
unbekannt	4995023
gemocht	4995022
noten	4995021
sodass	4995020
janet	4995019
craig	4995018
zusammenhang	4995017
sid	4995016
wellen	4995015
rechnungen	4995014
scheune	4995013
bekannten	4995012
ungeheuer	4995011
spenden	4995010
schneide	4995009
fuchs	4995008
huhner	4995007
zuruckrufen	4995006
geringste	4995005
piraten	4995004
berichtet	4995003
polen	4995002
dezember	4995001
logisch	4995000
min	4994999
angesichts	4994998
scotch	4994997
lunge	4994996
oper	4994995
gedicht	4994994
elend	4994993
riskant	4994992
kummerst	4994991
kokain	4994990
interessantes	4994989
enthalt	4994988
paige	4994987
weisen	4994986
mauern	4994985
gene	4994984
wahrer	4994983
hustet	4994982
laufst	4994981
erfahrungen	4994980
subcentral	4994979
tschuldigung	4994978
allison	4994977
handtuch	4994976
analyse	4994975
verbrachte	4994974
bla	4994973
operieren	4994972
are	4994971
vereinbarung	4994970
verangstigt	4994969
just	4994968
ferne	4994967
melancholische	4994966
picard	4994965
morden	4994964
fischen	4994963
vietnam	4994962
verschaffen	4994961
klange	4994960
ungut	4994959
tute	4994958
meldung	4994957
fliesst	4994956
herrschaften	4994955
lagen	4994954
anfing	4994953
mutze	4994952
anlass	4994951
kusse	4994950
reis	4994949
werfe	4994948
uberwacht	4994947
beleidigen	4994946
lester	4994945
deinetwegen	4994944
pfeifen	4994943
bemerken	4994942
mobel	4994941
russisch	4994940
thanksgiving	4994939
sofa	4994938
verteilen	4994937
rieche	4994936
uberreden	4994935
dylan	4994934
beantwortet	4994933
verbessern	4994932
pfeil	4994931
troy	4994930
mitch	4994929
ozean	4994928
methoden	4994927
samtliche	4994926
anschlag	4994925
wahres	4994924
blodes	4994923
experte	4994922
stone	4994921
zuruckziehen	4994920
leon	4994919
schwuchtel	4994918
explodieren	4994917
reichweite	4994916
manieren	4994915
sharon	4994914
aktiv	4994913
abschaum	4994912
widerstehen	4994911
organisiert	4994910
autounfall	4994909
spritze	4994908
hongkong	4994907
flieger	4994906
detail	4994905
golf	4994904
behalt	4994903
verwandten	4994902
einrichtung	4994901
hauptsachlich	4994900
bremsen	4994899
harmlos	4994898
summt	4994897
eingebrochen	4994896
stadte	4994895
wien	4994894
durchgefuhrt	4994893
gefahrliche	4994892
guckst	4994891
rannte	4994890
offentlichen	4994889
befordert	4994888
aushalten	4994887
ersetzt	4994886
gelungen	4994885
rausgefunden	4994884
sowohl	4994883
gehorchen	4994882
gefressen	4994881
blockiert	4994880
merke	4994879
wade	4994878
beruhmte	4994877
cody	4994876
haufig	4994875
praxis	4994874
heran	4994873
intelligenz	4994872
auftreten	4994871
wolltet	4994870
apfel	4994869
dustere	4994868
zylonen	4994867
us	4994866
geweckt	4994865
werft	4994864
v	4994863
interessen	4994862
nuchtern	4994861
trennung	4994860
air	4994859
muskeln	4994858
river	4994857
status	4994856
schweden	4994855
goldenen	4994854
cola	4994853
jax	4994852
reingekommen	4994851
datum	4994850
furchtbare	4994849
bedingung	4994848
bereite	4994847
gelacht	4994846
legst	4994845
girl	4994844
anthony	4994843
hahn	4994842
anwesend	4994841
alternative	4994840
gebet	4994839
rebellen	4994838
kater	4994837
angesicht	4994836
klage	4994835
grundstuck	4994834
holly	4994833
ausgedruckt	4994832
conrad	4994831
strategie	4994830
fans	4994829
gefangener	4994828
uberraschungen	4994827
oje	4994826
angestellten	4994825
pat	4994824
verdanken	4994823
druckt	4994822
benutzte	4994821
zufolge	4994820
november	4994819
startet	4994818
simpson	4994817
aufstand	4994816
empfinden	4994815
sun	4994814
schwieriger	4994813
ausdrucken	4994812
gemalt	4994811
riss	4994810
wichtigsten	4994809
gekundigt	4994808
raume	4994807
systeme	4994806
transport	4994805
lila	4994804
bewacht	4994803
blake	4994802
begleite	4994801
behilflich	4994800
county	4994799
vierte	4994798
umlegen	4994797
sonnenuntergang	4994796
kratzer	4994795
brullt	4994794
laurel	4994793
angehalten	4994792
dokumente	4994791
schach	4994790
riskiert	4994789
willy	4994788
vergewaltigung	4994787
einfachen	4994786
krach	4994785
besuche	4994784
lautsprecher	4994783
beschissenen	4994782
lachst	4994781
grossartiger	4994780
fester	4994779
peggy	4994778
thompson	4994777
unbekannte	4994776
erkannte	4994775
psst	4994774
gabriel	4994773
meist	4994772
zentimeter	4994771
east	4994770
werkzeug	4994769
offiziere	4994768
anspruch	4994767
prinzip	4994766
erschiesst	4994765
folgte	4994764
geniesse	4994763
metall	4994762
tickets	4994761
vergraben	4994760
stuart	4994759
trinkgeld	4994758
frost	4994757
erfuhr	4994756
allah	4994755
jenem	4994754
romeo	4994753
keith	4994752
laptop	4994751
problemen	4994750
zugestimmt	4994749
bohnen	4994748
kriminelle	4994747
burschen	4994746
darling	4994745
schrecken	4994744
begleitet	4994743
zurucklassen	4994742
einiger	4994741
franzosischen	4994740
absolute	4994739
marz	4994738
reist	4994737
wacht	4994736
politische	4994735
dinner	4994734
rauber	4994733
miguel	4994732
ahnen	4994731
z	4994730
ermittlung	4994729
glocke	4994728
kellner	4994727
teilt	4994726
evan	4994725
reicher	4994724
brody	4994723
let	4994722
regina	4994721
kreaturen	4994720
kerzen	4994719
fesseln	4994718
ausgegeben	4994717
romantische	4994716
belastigen	4994715
verlegt	4994714
wehe	4994713
bock	4994712
amusiert	4994711
maya	4994710
schirm	4994709
empfehlen	4994708
helm	4994707
zeremonie	4994706
bedauern	4994705
partys	4994704
ansicht	4994703
gauner	4994702
aufgebracht	4994701
collins	4994700
manhattan	4994699
legal	4994698
eid	4994697
schweiz	4994696
unsichtbar	4994695
christopher	4994694
italienisch	4994693
argern	4994692
rauskommt	4994691
solcher	4994690
doppelte	4994689
auflegen	4994688
group	4994687
gebunden	4994686
trete	4994685
zeugin	4994684
schwierige	4994683
abschalten	4994682
rasen	4994681
kaninchen	4994680
herbst	4994679
torres	4994678
halloween	4994677
gemeinschaft	4994676
ereignis	4994675
gespurt	4994674
tokio	4994673
schwachkopf	4994672
nirgendwohin	4994671
offentliche	4994670
mitgefuhl	4994669
jubel	4994668
engagiert	4994667
tank	4994666
angefasst	4994665
top	4994664
lars	4994663
vanessa	4994662
beeinflussen	4994661
baseball	4994660
runden	4994659
ermitteln	4994658
sch	4994657
glaser	4994656
anzahl	4994655
versichert	4994654
unwahrscheinlich	4994653
central	4994652
paula	4994651
ctu	4994650
frisur	4994649
nummern	4994648
original	4994647
temperatur	4994646
einschlafen	4994645
kocht	4994644
fordern	4994643
erfordert	4994642
erschien	4994641
et	4994640
wundern	4994639
gwen	4994638
verschworung	4994637
kabine	4994636
schmeisst	4994635
mafia	4994634
vic	4994633
umwerfend	4994632
anschliessen	4994631
bernard	4994630
verschafft	4994629
mikey	4994628
pfad	4994627
lola	4994626
andauernd	4994625
unterscheiden	4994624
musiker	4994623
lkw	4994622
diana	4994621
gerucht	4994620
rente	4994619
stieg	4994618
vorgesetzten	4994617
kalten	4994616
diensten	4994615
know	4994614
glenn	4994613
umschlag	4994612
kern	4994611
silber	4994610
vorzustellen	4994609
anfuhlt	4994608
tiefen	4994607
absichten	4994606
times	4994605
geliebter	4994604
quellen	4994603
ruckwarts	4994602
ketten	4994601
betracht	4994600
detektiv	4994599
russischen	4994598
justin	4994597
uberlebenden	4994596
donner	4994595
sue	4994594
geheimdienst	4994593
wehren	4994592
borg	4994591
schuppen	4994590
dichter	4994589
computerlogbuch	4994588
banditen	4994587
champion	4994586
beiseite	4994585
nazis	4994584
zeitverschwendung	4994583
getanzt	4994582
vollidiot	4994581
wertvoll	4994580
weinst	4994579
erhalt	4994578
verursachen	4994577
schneider	4994576
sussigkeiten	4994575
verhaftung	4994574
zweifellos	4994573
schlauer	4994572
gruselig	4994571
ersatz	4994570
beamen	4994569
medizinischen	4994568
zivilisten	4994567
richte	4994566
zweit	4994565
naiv	4994564
wars	4994563
skandal	4994562
lieder	4994561
empfinde	4994560
hai	4994559
sloan	4994558
weltraum	4994557
loser	4994556
anwaltin	4994555
abgesagt	4994554
dicker	4994553
beschutze	4994552
schenke	4994551
frech	4994550
verletzung	4994549
vorkommen	4994548
wundervolle	4994547
einsamkeit	4994546
einnehmen	4994545
erweisen	4994544
schame	4994543
antreten	4994542
buchern	4994541
ubermorgen	4994540
braver	4994539
angeheuert	4994538
when	4994537
minus	4994536
erfindung	4994535
winston	4994534
ruhren	4994533
unsicher	4994532
fruheren	4994531
aufrichtig	4994530
reserviert	4994529
donald	4994528
lustige	4994527
sprecht	4994526
schutzt	4994525
falscher	4994524
aussprechen	4994523
aufraumen	4994522
south	4994521
stamm	4994520
notizen	4994519
handschuhe	4994518
good	4994517
buddy	4994516
this	4994515
loszuwerden	4994514
buchstaben	4994513
russische	4994512
beseitigen	4994511
banken	4994510
aufbrechen	4994509
ufer	4994508
totest	4994507
en	4994506
republik	4994505
stella	4994504
verhindert	4994503
geschrei	4994502
weibliche	4994501
versorgt	4994500
arrangiert	4994499
unbekannten	4994498
beeindrucken	4994497
kriminellen	4994496
komplette	4994495
gesprungen	4994494
schmidt	4994493
sperren	4994492
doof	4994491
kartoffeln	4994490
halle	4994489
angerichtet	4994488
down	4994487
dreckig	4994486
raketen	4994485
umarmen	4994484
heiratest	4994483
veranderungen	4994482
trat	4994481
marion	4994480
tate	4994479
pille	4994478
aufzunehmen	4994477
meg	4994476
zogen	4994475
anzufangen	4994474
neal	4994473
bezug	4994472
versetzen	4994471
nelson	4994470
emotionen	4994469
anstrengend	4994468
dar	4994467
produkt	4994466
gewaschen	4994465
bedeckt	4994464
weggenommen	4994463
abgeschnitten	4994462
ranch	4994461
tore	4994460
spielten	4994459
weist	4994458
irrst	4994457
aliens	4994456
bude	4994455
unnotig	4994454
konzentriert	4994453
debbie	4994452
uberprufe	4994451
ausrede	4994450
erhoht	4994449
hotels	4994448
gelb	4994447
zombie	4994446
hinsicht	4994445
konkurrenz	4994444
operiert	4994443
steak	4994442
kredit	4994441
fortschritt	4994440
heult	4994439
carla	4994438
heisser	4994437
lauren	4994436
herrscher	4994435
unterm	4994434
route	4994433
handys	4994432
kombination	4994431
manipuliert	4994430
anlage	4994429
devon	4994428
ewige	4994427
junges	4994426
orleans	4994425
frosch	4994424
nest	4994423
holte	4994422
kuhe	4994421
andermal	4994420
quasi	4994419
burg	4994418
ablehnen	4994417
there	4994416
schmeiss	4994415
pierce	4994414
narbe	4994413
geschaftsmann	4994412
lake	4994411
perfekten	4994410
kommentar	4994409
streich	4994408
ausfuhren	4994407
assistent	4994406
ruder	4994405
bro	4994404
chinesisch	4994403
brien	4994402
arrangieren	4994401
sexuelle	4994400
katzchen	4994399
unverstandlich	4994398
geschaftlich	4994397
wolfe	4994396
verwandt	4994395
timing	4994394
streichen	4994393
fahnrich	4994392
adler	4994391
toteten	4994390
mittlerweile	4994389
stall	4994388
scheibe	4994387
erschiess	4994386
fu	4994385
abgegeben	4994384
jill	4994383
verteidigt	4994382
seltsames	4994381
blutet	4994380
versammelt	4994379
miese	4994378
menschliches	4994377
korb	4994376
fischer	4994375
fit	4994374
hinauf	4994373
sicherstellen	4994372
schulen	4994371
studium	4994370
januar	4994369
ausprobieren	4994368
respektiere	4994367
kreditkarte	4994366
ios	4994365
freddie	4994364
genick	4994363
booth	4994362
zugelassen	4994361
quitt	4994360
erfasst	4994359
versorgen	4994358
mel	4994357
lance	4994356
sanfte	4994355
merkst	4994354
ablenken	4994353
hinfahren	4994352
echo	4994351
ruhestand	4994350
bot	4994349
kitty	4994348
instinkt	4994347
irak	4994346
vergleichen	4994345
gelehrt	4994344
bezeichnen	4994343
feste	4994342
drehte	4994341
gelingt	4994340
abgefahren	4994339
franklin	4994338
kuppel	4994337
verdachtig	4994336
henker	4994335
feststellen	4994334
agentur	4994333
curtis	4994332
aufzugeben	4994331
begeben	4994330
anzeigen	4994329
alptraum	4994328
beschweren	4994327
francs	4994326
festnehmen	4994325
stattfinden	4994324
festgehalten	4994323
schrie	4994322
profil	4994321
privatsphare	4994320
notaufnahme	4994319
bingo	4994318
entschied	4994317
bussen	4994316
zwingt	4994315
leite	4994314
abzuholen	4994313
emotional	4994312
befolgen	4994311
saison	4994310
huren	4994309
merlin	4994308
kumpels	4994307
anzunehmen	4994306
schafe	4994305
beurteilen	4994304
orden	4994303
lander	4994302
wirtschaft	4994301
set	4994300
marc	4994299
eingefallen	4994298
figuren	4994297
welle	4994296
transporter	4994295
fasst	4994294
abschliessen	4994293
versteckst	4994292
autoritat	4994291
bedrohliche	4994290
ankommt	4994289
noah	4994288
reiter	4994287
bedenkt	4994286
films	4994285
carmen	4994284
betten	4994283
fetten	4994282
ausgeschaltet	4994281
gutem	4994280
keines	4994279
zutritt	4994278
aufstellen	4994277
interessanter	4994276
amber	4994275
clarke	4994274
helikopter	4994273
schalte	4994272
papierkram	4994271
beach	4994270
scheine	4994269
unterbrochen	4994268
keucht	4994267
angebracht	4994266
ausgebildet	4994265
kontakte	4994264
aussiehst	4994263
ass	4994262
erwachsenen	4994261
em	4994260
flieg	4994259
anhanger	4994258
serena	4994257
italiener	4994256
elefanten	4994255
un	4994254
platten	4994253
klingst	4994252
hector	4994251
reif	4994250
ausgeraubt	4994249
ente	4994248
urteilen	4994247
blair	4994246
datenbank	4994245
verhor	4994244
erwahnte	4994243
ergreifen	4994242
violet	4994241
gesperrt	4994240
fuhrst	4994239
deb	4994238
besserer	4994237
mode	4994236
ashley	4994235
offene	4994234
knallt	4994233
ermorden	4994232
sonnenaufgang	4994231
gelitten	4994230
einzelheiten	4994229
erbarmlich	4994228
organisieren	4994227
geraucht	4994226
tankstelle	4994225
vorgeht	4994224
eisen	4994223
geteilt	4994222
hoffnungen	4994221
ziege	4994220
feierabend	4994219
wurstchen	4994218
furchtet	4994217
aktivitaten	4994216
gewehre	4994215
egoistisch	4994214
besprechung	4994213
heisses	4994212
zahnarzt	4994211
schmerzt	4994210
fotze	4994209
casar	4994208
spinnt	4994207
elisabeth	4994206
unglaubliche	4994205
konferenz	4994204
ertrage	4994203
arsche	4994202
beginne	4994201
ausgesprochen	4994200
blonde	4994199
befragt	4994198
konige	4994197
lena	4994196
tumor	4994195
judy	4994194
boxen	4994193
antoine	4994192
georg	4994191
kacke	4994190
langes	4994189
gefahrdet	4994188
handtasche	4994187
abzug	4994186
segeln	4994185
brett	4994184
money	4994183
vierten	4994182
pedro	4994181
rucksack	4994180
flagge	4994179
geantwortet	4994178
anfangs	4994177
andrea	4994176
umgekehrt	4994175
mario	4994174
ersparen	4994173
binden	4994172
vollen	4994171
haltung	4994170
gefeiert	4994169
winkel	4994168
sammlung	4994167
inspector	4994166
heilig	4994165
auswahl	4994164
zogern	4994163
timmy	4994162
erzogen	4994161
chips	4994160
schinken	4994159
beauftragt	4994158
bewachen	4994157
zombies	4994156
bishop	4994155
abhangen	4994154
geldes	4994153
sassen	4994152
infektion	4994151
simone	4994150
versichern	4994149
entspricht	4994148
pop	4994147
begriffen	4994146
drehe	4994145
archer	4994144
wallace	4994143
but	4994142
beschloss	4994141
spar	4994140
produktion	4994139
mahlzeit	4994138
deputy	4994137
verstandlich	4994136
kronen	4994135
betrachte	4994134
gehandelt	4994133
landung	4994132
passwort	4994131
honig	4994130
austausch	4994129
gewisser	4994128
burke	4994127
braun	4994126
frohes	4994125
karre	4994124
get	4994123
gina	4994122
bewohner	4994121
diagnose	4994120
bumm	4994119
veronica	4994118
kurzer	4994117
turner	4994116
orange	4994115
mitfahren	4994114
navy	4994113
beschaftigen	4994112
anlugen	4994111
sprang	4994110
wiederholt	4994109
pflichten	4994108
sklave	4994107
hase	4994106
bogen	4994105
seife	4994104
ausgefallen	4994103
ausgezogen	4994102
belastigt	4994101
baumen	4994100
duncan	4994099
akzeptiere	4994098
tanze	4994097
gesturzt	4994096
sonny	4994095
seth	4994094
grosseres	4994093
galactica	4994092
qualitat	4994091
eifersucht	4994090
szenen	4994089
j	4994088
jacques	4994087
kammer	4994086
geschutzt	4994085
schlangen	4994084
australien	4994083
aufrecht	4994082
sichergehen	4994081
tafel	4994080
dreckige	4994079
blieben	4994078
platt	4994077
absagen	4994076
geregelt	4994075
disziplin	4994074
offizielle	4994073
zuruckholen	4994072
babysitter	4994071
unheimliche	4994070
einziehen	4994069
riley	4994068
trip	4994067
gewaltig	4994066
sanitater	4994065
ganzer	4994064
tattoo	4994063
philippe	4994062
wagt	4994061
irrer	4994060
genehmigung	4994059
bereithalten	4994058
bienen	4994057
prioritat	4994056
verfluchten	4994055
gefahrlicher	4994054
irene	4994053
aufregen	4994052
fremd	4994051
fruhen	4994050
pa	4994049
security	4994048
hervor	4994047
geopfert	4994046
standort	4994045
beruflich	4994044
gewechselt	4994043
claude	4994042
harper	4994041
altere	4994040
schublade	4994039
verluste	4994038
wuchs	4994037
verbindet	4994036
beeinflusst	4994035
egon	4994034
geliehen	4994033
gesegnet	4994032
burt	4994031
ernahren	4994030
pressen	4994029
aktien	4994028
fingern	4994027
erobern	4994026
uberraschend	4994025
durchmachen	4994024
beruhmten	4994023
vorwurfe	4994022
privaten	4994021
besatzung	4994020
experten	4994019
scheisser	4994018
erholen	4994017
verbreiten	4994016
abhangig	4994015
krachen	4994014
kapierst	4994013
division	4994012
konigliche	4994011
vermuten	4994010
jenna	4994009
gibbs	4994008
bud	4994007
folter	4994006
wohnte	4994005
night	4994004
uberlasse	4994003
geschworenen	4994002
vorstand	4994001
antonio	4994000
heutige	4993999
vertreiben	4993998
chan	4993997
first	4993996
option	4993995
dealer	4993994
monch	4993993
deutscher	4993992
hindern	4993991
anruft	4993990
schieb	4993989
kaufer	4993988
wage	4993987
klettern	4993986
check	4993985
husten	4993984
veroffentlicht	4993983
melissa	4993982
uberein	4993981
technisch	4993980
alicia	4993979
bezaubernd	4993978
wandern	4993977
revolver	4993976
singe	4993975
freust	4993974
fahrstuhl	4993973
sternen	4993972
bewegungen	4993971
wong	4993970
moderne	4993969
versteckte	4993968
funkgerat	4993967
kranke	4993966
carson	4993965
afghanistan	4993964
oz	4993963
besagt	4993962
batman	4993961
bluten	4993960
hochzeitstag	4993959
hunter	4993958
breche	4993957
gestiegen	4993956
entdeckte	4993955
w	4993954
ignoriert	4993953
reverend	4993952
kanonen	4993951
pablo	4993950
klagen	4993949
anweisung	4993948
knoten	4993947
magazin	4993946
illusion	4993945
seattle	4993944
paranoid	4993943
elsa	4993942
adieu	4993941
versprichst	4993940
verkehrt	4993939
vorubergehend	4993938
butler	4993937
schalter	4993936
teilnehmen	4993935
got	4993934
vertreter	4993933
hacken	4993932
roll	4993931
artie	4993930
torte	4993929
cindy	4993928
sprengstoff	4993927
munze	4993926
beisst	4993925
hing	4993924
yorker	4993923
tauchte	4993922
preise	4993921
eintreten	4993920
gewinnst	4993919
vera	4993918
getauscht	4993917
daniels	4993916
army	4993915
regelmassig	4993914
schneidet	4993913
traust	4993912
hochsten	4993911
khan	4993910
kennedy	4993909
hauptling	4993908
herzens	4993907
gratis	4993906
klopf	4993905
hasste	4993904
koks	4993903
muschi	4993902
way	4993901
kanzlei	4993900
februar	4993899
empfindlich	4993898
neidisch	4993897
risiken	4993896
hot	4993895
omar	4993894
rico	4993893
scotty	4993892
ausgeht	4993891
harrison	4993890
rettete	4993889
siegen	4993888
hange	4993887
lugnerin	4993886
arnold	4993885
gefahrden	4993884
schadet	4993883
kichert	4993882
heinrich	4993881
lehre	4993880
geste	4993879
spinne	4993878
eingezogen	4993877
klingonen	4993876
sylvia	4993875
manchen	4993874
somit	4993873
flitterwochen	4993872
verwandte	4993871
ablegen	4993870
hierbei	4993869
besonderer	4993868
sehnsucht	4993867
gestalt	4993866
demselben	4993865
saal	4993864
wiederhoren	4993863
peng	4993862
brandon	4993861
knurrt	4993860
meile	4993859
wurdig	4993858
starbuck	4993857
vorlesen	4993856
generationen	4993855
schwarzes	4993854
herstellen	4993853
schein	4993852
getestet	4993851
nicholas	4993850
samuel	4993849
uberstehen	4993848
doyle	4993847
viktor	4993846
spinnen	4993845
ohnehin	4993844
och	4993843
gerate	4993842
more	4993841
kongress	4993840
loffel	4993839
saul	4993838
abbrechen	4993837
hinrichtung	4993836
kommunizieren	4993835
melanie	4993834
gestrichen	4993833
gleichgewicht	4993832
vermutet	4993831
garantieren	4993830
warme	4993829
bestimmung	4993828
blocks	4993827
uberwachung	4993826
flecken	4993825
now	4993824
greif	4993823
vermutung	4993822
zuruckzukehren	4993821
zwerg	4993820
porter	4993819
droht	4993818
statue	4993817
fliegst	4993816
spurt	4993815
mangel	4993814
silver	4993813
spurte	4993812
schwager	4993811
angemessen	4993810
spannend	4993809
ahnliches	4993808
beverly	4993807
take	4993806
sternzeit	4993805
moglichst	4993804
ivan	4993803
verschwendet	4993802
cat	4993801
reichtum	4993800
starren	4993799
knien	4993798
morris	4993797
colin	4993796
beobachte	4993795
stu	4993794
adams	4993793
dankbarkeit	4993792
allianz	4993791
verfluchter	4993790
zueinander	4993789
liebend	4993788
state	4993787
fiona	4993786
verklagen	4993785
israel	4993784
lande	4993783
billiger	4993782
steige	4993781
glaubten	4993780
aussah	4993779
kong	4993778
empfange	4993777
gestank	4993776
grosster	4993775
klient	4993774
willi	4993773
bezahlung	4993772
totale	4993771
chen	4993770
gemeinsamen	4993769
machtigen	4993768
verletzte	4993767
verdorben	4993766
unfassbar	4993765
umbringt	4993764
marian	4993763
pastor	4993762
kellnerin	4993761
aussergewohnlich	4993760
versammlung	4993759
hall	4993758
grauen	4993757
rauche	4993756
north	4993755
begleitung	4993754
have	4993753
touristen	4993752
gottin	4993751
genaue	4993750
erholt	4993749
vorbild	4993748
inklusive	4993747
klarstellen	4993746
douglas	4993745
ablenkung	4993744
erpressung	4993743
erregt	4993742
rosie	4993741
verhandlungen	4993740
ausgesehen	4993739
fickt	4993738
cm	4993737
merkte	4993736
uberzeugend	4993735
wahle	4993734
ringe	4993733
neuesten	4993732
grob	4993731
bezirk	4993730
rangehen	4993729
charme	4993728
ingenieur	4993727
lenny	4993726
reichlich	4993725
anerkennung	4993724
traumte	4993723
chor	4993722
bedient	4993721
angstlich	4993720
herde	4993719
maurice	4993718
roter	4993717
verurteilen	4993716
seltsamen	4993715
reagan	4993714
jeanne	4993713
weste	4993712
unterrichtet	4993711
zusammenarbeit	4993710
spannung	4993709
gerechnet	4993708
ernste	4993707
ublichen	4993706
cam	4993705
gelten	4993704
samurai	4993703
geeignet	4993702
beforderung	4993701
mehrmals	4993700
erschienen	4993699
langem	4993698
haftbefehl	4993697
gefullt	4993696
abziehen	4993695
kaufst	4993694
mischen	4993693
schrott	4993692
gonna	4993691
alteren	4993690
begegnung	4993689
sydney	4993688
henri	4993687
agypten	4993686
heiratete	4993685
organe	4993684
harvard	4993683
rollstuhl	4993682
insgesamt	4993681
wells	4993680
merk	4993679
cass	4993678
jakob	4993677
umsehen	4993676
lowe	4993675
vorrate	4993674
ausschau	4993673
mitbekommen	4993672
baker	4993671
suchten	4993670
universums	4993669
erteilt	4993668
demokratie	4993667
derzeit	4993666
erfinden	4993665
umgelegt	4993664
gefuhlen	4993663
aufzuhoren	4993662
buchstablich	4993661
firmen	4993660
bernie	4993659
weltkrieg	4993658
hawaii	4993657
heather	4993656
piper	4993655
helena	4993654
campbell	4993653
spezielle	4993652
entdeckung	4993651
ernte	4993650
sullivan	4993649
mick	4993648
anderson	4993647
feuerwehr	4993646
warp	4993645
mehreren	4993644
hauptstadt	4993643
gruppen	4993642
galaxie	4993641
einfallt	4993640
jahrhunderts	4993639
doris	4993638
dummheit	4993637
dosis	4993636
kardinal	4993635
inwiefern	4993634
duft	4993633
glucklicherweise	4993632
niederlage	4993631
abgezogen	4993630
einschliesslich	4993629
verlobten	4993628
speziell	4993627
zuneigung	4993626
ruby	4993625
logik	4993624
sicherheitsdienst	4993623
bastarde	4993622
anhorung	4993621
lokal	4993620
beamten	4993619
wegwerfen	4993618
messe	4993617
kampfte	4993616
sonnenschein	4993615
kaugummi	4993614
claudia	4993613
ankam	4993612
nagel	4993611
wunderschonen	4993610
blond	4993609
neffen	4993608
seven	4993607
geistes	4993606
kane	4993605
shawn	4993604
juliette	4993603
maler	4993602
abgebrochen	4993601
toni	4993600
tuvok	4993599
autopsie	4993598
hute	4993597
polly	4993596
becher	4993595
beschaffen	4993594
standpunkt	4993593
fox	4993592
satan	4993591
chinesische	4993590
hunt	4993589
mmm	4993588
bestatigung	4993587
speck	4993586
gin	4993585
studie	4993584
prugel	4993583
pferden	4993582
cathy	4993581
gelegen	4993580
trag	4993579
aufenthalt	4993578
erdbeben	4993577
verbreitet	4993576
gratulieren	4993575
finsternis	4993574
verschwindest	4993573
maschinenraum	4993572
schiffes	4993571
verbringt	4993570
gezahlt	4993569
parken	4993568
tucker	4993567
vertraulich	4993566
herausfindet	4993565
schalt	4993564
spione	4993563
drohen	4993562
ungewohnliches	4993561
liter	4993560
turtle	4993559
dom	4993558
pfannkuchen	4993557
saubere	4993556
zittern	4993555
respektiert	4993554
wirkliche	4993553
unglucklicherweise	4993552
koche	4993551
puppen	4993550
media	4993549
freigelassen	4993548
godzilla	4993547
privatleben	4993546
gemma	4993545
aufgelost	4993544
dummheiten	4993543
zustimmung	4993542
hobby	4993541
futter	4993540
klare	4993539
verhort	4993538
entgehen	4993537
fordere	4993536
folgende	4993535
bischof	4993534
bewahrt	4993533
mieser	4993532
streifen	4993531
stimmte	4993530
endete	4993529
kinderspiel	4993528
hinterliess	4993527
moses	4993526
sturzt	4993525
federn	4993524
randall	4993523
gray	4993522
aufzubauen	4993521
munzen	4993520
kundigen	4993519
braves	4993518
pissen	4993517
andenken	4993516
lach	4993515
edgar	4993514
geschaut	4993513
durchhalten	4993512
machtige	4993511
tatsachen	4993510
badewanne	4993509
wahlt	4993508
formen	4993507
serviert	4993506
batterie	4993505
krankheiten	4993504
untersuchungen	4993503
uberlass	4993502
brautigam	4993501
kopien	4993500
stundenlang	4993499
packchen	4993498
erteilen	4993497
gewahrt	4993496
zeichnen	4993495
aufwacht	4993494
rasch	4993493
odo	4993492
kooperieren	4993491
strahlung	4993490
jeffrey	4993489
raub	4993488
uberwinden	4993487
fingen	4993486
police	4993485
songs	4993484
schenkt	4993483
beschuldigen	4993482
leugnen	4993481
luis	4993480
gevogelt	4993479
regie	4993478
hugh	4993477
bellen	4993476
riker	4993475
gitter	4993474
tower	4993473
hassliche	4993472
umkehren	4993471
ruht	4993470
geehrt	4993469
hausmeister	4993468
camille	4993467
weiterleben	4993466
klemme	4993465
kenntnis	4993464
richie	4993463
sexuell	4993462
gewann	4993461
uberlebende	4993460
nachbarin	4993459
lauten	4993458
foster	4993457
ausgefuhrt	4993456
lebende	4993455
supermarkt	4993454
chefin	4993453
anpassung	4993452
shirt	4993451
esst	4993450
qualen	4993449
kraftig	4993448
bedarf	4993447
clyde	4993446
auslosen	4993445
zuge	4993444
abgelenkt	4993443
forderungen	4993442
balkon	4993441
wurm	4993440
durchgedreht	4993439
haft	4993438
gefoltert	4993437
keks	4993436
sherry	4993435
gelbe	4993434
befragung	4993433
abgelaufen	4993432
garrett	4993431
klassische	4993430
elvis	4993429
agnes	4993428
reite	4993427
politischen	4993426
arizona	4993425
verzweiflung	4993424
boote	4993423
pearl	4993422
reitet	4993421
moore	4993420
schwachen	4993419
programmiert	4993418
anfanger	4993417
nutze	4993416
hope	4993415
lecken	4993414
grossem	4993413
murray	4993412
verprugeln	4993411
bunker	4993410
dose	4993409
kansas	4993408
fluchten	4993407
bella	4993406
feucht	4993405
annahme	4993404
plaudern	4993403
pommes	4993402
marschieren	4993401
mitspielen	4993400
hardy	4993399
radar	4993398
snow	4993397
keineswegs	4993396
juwelen	4993395
akademie	4993394
commissioner	4993393
schockiert	4993392
fehlte	4993391
blutung	4993390
verkaufte	4993389
anfall	4993388
lache	4993387
belle	4993386
fruhstucken	4993385
depp	4993384
wundert	4993383
stoppt	4993382
briten	4993381
kasten	4993380
glen	4993379
gestattet	4993378
leslie	4993377
horn	4993376
marvin	4993375
schmutzige	4993374
wesentlich	4993373
abschneiden	4993372
highway	4993371
redete	4993370
britischen	4993369
theo	4993368
erwachsener	4993367
maura	4993366
kuba	4993365
englischen	4993364
verstossen	4993363
arbeiteten	4993362
kamin	4993361
wende	4993360
fuer	4993359
voneinander	4993358
premierminister	4993357
strich	4993356
herrje	4993355
eindringen	4993354
mitbewohner	4993353
tonnen	4993352
gepruft	4993351
rang	4993350
eve	4993349
angeschaut	4993348
formel	4993347
manuel	4993346
schrecklicher	4993345
rausgekommen	4993344
sahst	4993343
hasen	4993342
kennzeichen	4993341
erinnerte	4993340
fotografieren	4993339
back	4993338
servieren	4993337
kampagne	4993336
becky	4993335
genutzt	4993334
staatsanwaltschaft	4993333
gasse	4993332
traut	4993331
amerikas	4993330
einzigartig	4993329
ressourcen	4993328
gebete	4993327
medikament	4993326
hilflos	4993325
zeitplan	4993324
versuchung	4993323
weltweit	4993322
lahm	4993321
weggegangen	4993320
flash	4993319
life	4993318
evelyn	4993317
spurst	4993316
nutten	4993315
jegliche	4993314
mieten	4993313
besitze	4993312
betteln	4993311
verglichen	4993310
gereist	4993309
phillip	4993308
weitergeht	4993307
birthday	4993306
verstorbenen	4993305
dr	4993304
dokument	4993303
wunderbarer	4993302
young	4993301
aufeinander	4993300
kandidaten	4993299
zukommen	4993298
kanntest	4993297
invasion	4993296
neugier	4993295
dreckigen	4993294
dog	4993293
uberreste	4993292
internationalen	4993291
profit	4993290
coole	4993289
kara	4993288
schmerzhaft	4993287
zurucktreten	4993286
eiern	4993285
schaute	4993284
zahnen	4993283
eingetroffen	4993282
gedient	4993281
andre	4993280
empfehle	4993279
grau	4993278
schienen	4993277
anklagen	4993276
schlucken	4993275
chinesischen	4993274
sofia	4993273
zoll	4993272
ertrunken	4993271
schuhen	4993270
gottverdammt	4993269
gutiger	4993268
rauszukommen	4993267
evans	4993266
prostituierte	4993265
rio	4993264
videos	4993263
narben	4993262
verweigert	4993261
anzugreifen	4993260
richtet	4993259
unabhangig	4993258
pest	4993257
drangen	4993256
rudy	4993255
gottern	4993254
lana	4993253
herkommt	4993252
sorgfaltig	4993251
merkwurdige	4993250
triff	4993249
philosophie	4993248
aufspuren	4993247
verknallt	4993246
schweizer	4993245
scheitern	4993244
madison	4993243
durchsuchungsbefehl	4993242
lionel	4993241
reinigen	4993240
axt	4993239
schere	4993238
zoey	4993237
mylady	4993236
niere	4993235
geringsten	4993234
wunderbaren	4993233
feine	4993232
auslander	4993231
drohung	4993230
isabelle	4993229
nationale	4993228
stechen	4993227
berufung	4993226
silas	4993225
roberts	4993224
tagsuber	4993223
hangst	4993222
wirt	4993221
jungste	4993220
faden	4993219
wang	4993218
deprimiert	4993217
rhythmus	4993216
napoleon	4993215
daphne	4993214
mandanten	4993213
aufhangen	4993212
reiner	4993211
drache	4993210
bemuhen	4993209
verkleidet	4993208
verletzten	4993207
frequenz	4993206
drecksack	4993205
lagerhaus	4993204
verlorene	4993203
erzeugen	4993202
kommunisten	4993201
dolch	4993200
dads	4993199
eiskalt	4993198
heller	4993197
end	4993196
treibstoff	4993195
drucke	4993194
journalist	4993193
hoffnungslos	4993192
wa	4993191
francois	4993190
zugegeben	4993189
finale	4993188
tuch	4993187
angie	4993186
brandy	4993185
aggressiv	4993184
ausstehen	4993183
wilder	4993182
ideale	4993181
durchbruch	4993180
verstecke	4993179
korpers	4993178
mexikaner	4993177
gestartet	4993176
venedig	4993175
traumt	4993174
stillen	4993173
gelegentlich	4993172
kleinste	4993171
u	4993170
fruchte	4993169
basiert	4993168
fielen	4993167
propheten	4993166
stevens	4993165
ermordung	4993164
seltsamer	4993163
benimmst	4993162
fasziniert	4993161
zerbrochen	4993160
flustern	4993159
elijah	4993158
verrucktes	4993157
abwesenheit	4993156
blatter	4993155
ertrinken	4993154
how	4993153
messen	4993152
ausleihen	4993151
naturliche	4993150
gerannt	4993149
angelegt	4993148
marines	4993147
schwule	4993146
ausgemacht	4993145
rasieren	4993144
lebensmittel	4993143
verzieh	4993142
feuerwerk	4993141
ruhiger	4993140
anwesen	4993139
tinte	4993138
rausgeworfen	4993137
wieviele	4993136
erlaube	4993135
ella	4993134
hohere	4993133
solches	4993132
verirrt	4993131
sisko	4993130
regieren	4993129
aufheben	4993128
verschieden	4993127
kluger	4993126
turklingel	4993125
versprech	4993124
fell	4993123
meinten	4993122
wertlos	4993121
zweifeln	4993120
region	4993119
les	4993118
klirren	4993117
todesursache	4993116
sal	4993115
experimente	4993114
beitrag	4993113
operationen	4993112
befurchten	4993111
herkunft	4993110
geduldig	4993109
schaltet	4993108
po	4993107
hintertur	4993106
stufen	4993105
detroit	4993104
gen	4993103
bescheiden	4993102
verdachtiger	4993101
kung	4993100
ewigen	4993099
ausstellung	4993098
dritter	4993097
droge	4993096
komplizierter	4993095
oberen	4993094
fee	4993093
knight	4993092
griffin	4993091
fahne	4993090
verbrennt	4993089
wirkte	4993088
komisches	4993087
benommen	4993086
vorsitzender	4993085
ersticken	4993084
registriert	4993083
angeklagten	4993082
hamburger	4993081
machtiger	4993080
kerze	4993079
entstehen	4993078
unendlich	4993077
siegel	4993076
zehen	4993075
schiss	4993074
boyd	4993073
kneipe	4993072
gemietet	4993071
blass	4993070
kathy	4993069
fragten	4993068
cross	4993067
inhalt	4993066
gesammelt	4993065
gelben	4993064
ubertragung	4993063
pressekonferenz	4993062
aufgelegt	4993061
aspirin	4993060
kampfst	4993059
barkeeper	4993058
hohepunkt	4993057
wirfst	4993056
angewiesen	4993055
erlosung	4993054
potter	4993053
drunter	4993052
partnerin	4993051
miranda	4993050
ritual	4993049
model	4993048
rauspert	4993047
segel	4993046
zuschlagen	4993045
stiehlt	4993044
netzwerk	4993043
klarer	4993042
ausgeloscht	4993041
demnachst	4993040
stehenbleiben	4993039
lungen	4993038
dynamit	4993037
pornos	4993036
marianne	4993035
folgenden	4993034
zach	4993033
pussy	4993032
unverzuglich	4993031
oberste	4993030
abraham	4993029
signora	4993028
yes	4993027
bert	4993026
entsteht	4993025
flittchen	4993024
betrugt	4993023
flamme	4993022
tarzan	4993021
beantworte	4993020
sidney	4993019
fritz	4993018
furchterlich	4993017
who	4993016
geboten	4993015
uberdenken	4993014
barnes	4993013
weichei	4993012
vortrag	4993011
heiligkeit	4993010
renn	4993009
hingerichtet	4993008
geschrien	4993007
schneid	4993006
herrschen	4993005
koniglichen	4993004
geier	4993003
unertraglich	4993002
konzept	4993001
herzschlag	4993000
right	4992999
gedruckt	4992998
entzuckend	4992997
reue	4992996
tragisch	4992995
monats	4992994
bezeichnet	4992993
bezahlst	4992992
gedichte	4992991
ubertreiben	4992990
britische	4992989
janeway	4992988
gemass	4992987
absetzen	4992986
eugene	4992985
warter	4992984
suite	4992983
englische	4992982
burns	4992981
ideal	4992980
funfte	4992979
blase	4992978
grossartigen	4992977
beutel	4992976
erpressen	4992975
schrift	4992974
entfuhrer	4992973
tanner	4992972
stur	4992971
ra	4992970
arbeitslos	4992969
zugestossen	4992968
kleingeld	4992967
department	4992966
ehemaliger	4992965
tussi	4992964
handler	4992963
ruhr	4992962
sackgasse	4992961
evakuieren	4992960
mandy	4992959
prinzipien	4992958
dampf	4992957
gefecht	4992956
nickerchen	4992955
bestehe	4992954
einmischen	4992953
pam	4992952
jeans	4992951
magische	4992950
grunes	4992949
irgendwelchen	4992948
untergang	4992947
massnahmen	4992946
at	4992945
scheissen	4992944
cora	4992943
lizenz	4992942
josef	4992941
sorg	4992940
two	4992939
weggeworfen	4992938
samantha	4992937
ausfindig	4992936
lebewesen	4992935
wal	4992934
auswendig	4992933
beschrieben	4992932
freundchen	4992931
hinterlasst	4992930
ungerecht	4992929
buddha	4992928
erraten	4992927
force	4992926
brudern	4992925
kriechen	4992924
platzen	4992923
juhu	4992922
rahmen	4992921
braten	4992920
delta	4992919
nonne	4992918
salon	4992917
spartacus	4992916
stab	4992915
alteste	4992914
vereinbart	4992913
begannen	4992912
musse	4992911
oskar	4992910
wohnwagen	4992909
boxer	4992908
missbraucht	4992907
hiervon	4992906
ironie	4992905
vergangenen	4992904
schale	4992903
roland	4992902
argument	4992901
abwechslung	4992900
knochel	4992899
konzentrier	4992898
schenk	4992897
kompanie	4992896
nadia	4992895
erzeugt	4992894
zauberei	4992893
sorgst	4992892
lucky	4992891
scofield	4992890
treffpunkt	4992889
quer	4992888
milo	4992887
nachtisch	4992886
handgelenk	4992885
ehrlichkeit	4992884
gans	4992883
wall	4992882
valley	4992881
sumpf	4992880
johannes	4992879
literatur	4992878
fuhrten	4992877
gilbert	4992876
rex	4992875
fleissig	4992874
hinterhalt	4992873
nordlich	4992872
allmahlich	4992871
wurzeln	4992870
manipulieren	4992869
elegant	4992868
look	4992867
enge	4992866
gestoppt	4992865
mcgee	4992864
they	4992863
bevorzuge	4992862
angriffe	4992861
kapelle	4992860
gramm	4992859
buchhalter	4992858
dallas	4992857
erziehung	4992856
allergisch	4992855
erben	4992854
tequila	4992853
zahlst	4992852
ludwig	4992851
frischen	4992850
landern	4992849
blast	4992848
angeordnet	4992847
fliessen	4992846
steif	4992845
mh	4992844
ollie	4992843
benimm	4992842
wenigsten	4992841
heilung	4992840
schlampen	4992839
freizeit	4992838
gewahren	4992837
fernhalten	4992836
jubeln	4992835
abdrucke	4992834
lippenstift	4992833
mittleren	4992832
abgesetzt	4992831
profis	4992830
produziert	4992829
polizistin	4992828
ohh	4992827
verschont	4992826
hills	4992825
phaser	4992824
wurmloch	4992823
investiert	4992822
getranke	4992821
nachfolger	4992820
lux	4992819
drake	4992818
bildern	4992817
kollegin	4992816
loyal	4992815
beleidigung	4992814
jammer	4992813
uberredet	4992812
price	4992811
home	4992810
schussel	4992809
komischer	4992808
uberaus	4992807
bereden	4992806
neueste	4992805
verlobter	4992804
einbrecher	4992803
zigarre	4992802
offnete	4992801
wirkst	4992800
fordert	4992799
checken	4992798
araber	4992797
jonah	4992796
kay	4992795
reinen	4992794
beende	4992793
pflanze	4992792
umgehend	4992791
gegrundet	4992790
konzentration	4992789
garantiere	4992788
del	4992787
mumm	4992786
vorzubereiten	4992785
biss	4992784
billige	4992783
hingegangen	4992782
zuruckhalten	4992781
belugen	4992780
summen	4992779
draht	4992778
weisses	4992777
kratzen	4992776
student	4992775
hinzu	4992774
ve	4992773
verlobung	4992772
stars	4992771
speziellen	4992770
gezeichnet	4992769
ego	4992768
kurve	4992767
judith	4992766
marshal	4992765
handlung	4992764
american	4992763
umgang	4992762
stadtrat	4992761
caleb	4992760
vorhang	4992759
vergeuden	4992758
flach	4992757
verdachtigt	4992756
shakespeare	4992755
kraften	4992754
erstickt	4992753
sirene	4992752
garderobe	4992751
festen	4992750
bestellung	4992749
ehrliche	4992748
locke	4992747
visier	4992746
basketball	4992745
ling	4992744
umher	4992743
geschwister	4992742
liebten	4992741
schwangerschaft	4992740
wolke	4992739
schaffte	4992738
schrag	4992737
nich	4992736
rue	4992735
as	4992734
christina	4992733
foltern	4992732
visionen	4992731
bereue	4992730
backen	4992729
unfahig	4992728
loslegen	4992727
satelliten	4992726
spuck	4992725
schlachtfeld	4992724
pfoten	4992723
betroffen	4992722
liga	4992721
notiz	4992720
vollmond	4992719
stumm	4992718
hamburg	4992717
gaius	4992716
lug	4992715
saufen	4992714
masse	4992713
autogramm	4992712
axel	4992711
einfaches	4992710
beraten	4992709
dateien	4992708
chester	4992707
klaviermusik	4992706
wu	4992705
erwartungen	4992704
modernen	4992703
rotes	4992702
casino	4992701
hunden	4992700
ubrigen	4992699
geschlecht	4992698
hulle	4992697
herrschaft	4992696
lenken	4992695
babylon	4992694
dax	4992693
munchen	4992692
funften	4992691
gewalttatig	4992690
fureinander	4992689
distanz	4992688
uberqueren	4992687
hang	4992686
knallen	4992685
korperlich	4992684
bedeutete	4992683
altesten	4992682
baltimore	4992681
level	4992680
situationen	4992679
beachten	4992678
otaru	4992677
friseur	4992676
erbarmen	4992675
kg	4992674
lacey	4992673
zerrissen	4992672
muller	4992671
verkaufst	4992670
light	4992669
chauffeur	4992668
festgestellt	4992667
norma	4992666
vorhat	4992665
quark	4992664
glotzt	4992663
igitt	4992662
wiegt	4992661
beherrscht	4992660
jon	4992659
schlimmen	4992658
auszeit	4992657
wunschst	4992656
drogendealer	4992655
bedurfnisse	4992654
julius	4992653
kafer	4992652
langweilen	4992651
automatisch	4992650
chang	4992649
luxus	4992648
taube	4992647
restlichen	4992646
unterzeichnet	4992645
leuchten	4992644
mitzunehmen	4992643
lernten	4992642
terrorist	4992641
vermissten	4992640
mitgehen	4992639
shannon	4992638
teure	4992637
kundige	4992636
rohr	4992635
regnen	4992634
nudeln	4992633
ruckgangig	4992632
unterzeichnen	4992631
teufels	4992630
ausgebrochen	4992629
befurchtet	4992628
hoschen	4992627
freilassen	4992626
vorteile	4992625
gebetet	4992624
umkreis	4992623
sammelt	4992622
mi	4992621
teresa	4992620
schaf	4992619
kruppel	4992618
verziehen	4992617
teal	4992616
gipfel	4992615
samen	4992614
letztens	4992613
trommeln	4992612
mischung	4992611
durchgeknallt	4992610
uhrzeit	4992609
optionen	4992608
zuliebe	4992607
ausbruch	4992606
grimm	4992605
altar	4992604
barbie	4992603
ick	4992602
apotheke	4992601
schickten	4992600
feiglinge	4992599
aufgestanden	4992598
konflikt	4992597
bewundern	4992596
gefahrlichen	4992595
herbert	4992594
robbie	4992593
zuhalter	4992592
beschwert	4992591
entsetzlich	4992590
pension	4992589
weinte	4992588
wunderbares	4992587
hannibal	4992586
bitteschon	4992585
gegrusst	4992584
joyce	4992583
anstandige	4992582
ausreichend	4992581
bemerkte	4992580
nypd	4992579
boten	4992578
yu	4992577
vergiften	4992576
datei	4992575
ruckseite	4992574
neill	4992573
piepen	4992572
erstochen	4992571
pan	4992570
walder	4992569
ehemalige	4992568
verband	4992567
gewahrsam	4992566
vagina	4992565
hinuber	4992564
analysieren	4992563
ansieht	4992562
charley	4992561
reynolds	4992560
goa	4992559
wegfahren	4992558
manches	4992557
liefen	4992556
hohes	4992555
lin	4992554
verstorben	4992553
quatschen	4992552
brullen	4992551
schwindel	4992550
kontaktiert	4992549
anderthalb	4992548
jedermann	4992547
sanger	4992546
vorgeschlagen	4992545
jammern	4992544
mimi	4992543
theoretisch	4992542
kragen	4992541
sophia	4992540
weichen	4992539
ausserirdische	4992538
verfolge	4992537
avery	4992536
bedurfnis	4992535
tresor	4992534
personlicher	4992533
honey	4992532
nusse	4992531
zuruckkomme	4992530
bender	4992529
fallig	4992528
aufbewahrt	4992527
angehort	4992526
stange	4992525
beangstigend	4992524
journalisten	4992523
fursten	4992522
produzieren	4992521
erschlagen	4992520
she	4992519
reed	4992518
signale	4992517
komischen	4992516
geriet	4992515
starkes	4992514
hinbringen	4992513
totaler	4992512
baue	4992511
vati	4992510
gebucht	4992509
vorsprung	4992508
amerikanischer	4992507
erstaunt	4992506
weite	4992505
dahinten	4992504
todesstrafe	4992503
hotelzimmer	4992502
gefalscht	4992501
vaterland	4992500
kanzler	4992499
branche	4992498
nanu	4992497
gelangt	4992496
chad	4992495
wiederhaben	4992494
nachkommen	4992493
verborgen	4992492
vornehmen	4992491
ratschlage	4992490
bestimmtes	4992489
here	4992488
freuden	4992487
einschalten	4992486
thea	4992485
ehemaligen	4992484
fry	4992483
restaurants	4992482
investieren	4992481
betet	4992480
gegenzug	4992479
diskret	4992478
turnier	4992477
truthahn	4992476
angelo	4992475
anstelle	4992474
liefert	4992473
winzig	4992472
arena	4992471
sprecher	4992470
einrichten	4992469
uberstunden	4992468
schwulen	4992467
entworfen	4992466
gehangt	4992465
einatmen	4992464
verfickte	4992463
flussigkeit	4992462
obst	4992461
angespannt	4992460
blicke	4992459
schottland	4992458
hit	4992457
todliche	4992456
rechtfertigen	4992455
griechenland	4992454
wegtreten	4992453
vorschlage	4992452
verkaufer	4992451
unsterblich	4992450
kapier	4992449
erklarte	4992448
mannlich	4992447
umarmung	4992446
ge	4992445
beinhaltet	4992444
knarren	4992443
tanzerin	4992442
internationale	4992441
rippen	4992440
entstanden	4992439
entscheidest	4992438
verwechselt	4992437
einwohner	4992436
aufgefunden	4992435
chirurg	4992434
vorbeigekommen	4992433
maulwurf	4992432
batterien	4992431
ii	4992430
nikki	4992429
mercedes	4992428
rudi	4992427
jet	4992426
verhoren	4992425
philadelphia	4992424
riefen	4992423
glucklichen	4992422
techniker	4992421
dorothy	4992420
gestalten	4992419
frisches	4992418
tammy	4992417
beschissener	4992416
glocken	4992415
flint	4992414
topf	4992413
termine	4992412
scharfe	4992411
trieb	4992410
bennett	4992409
software	4992408
uberdosis	4992407
ausserirdischen	4992406
verbringe	4992405
aufklaren	4992404
zutiefst	4992403
billigen	4992402
mon	4992401
stimmts	4992400
zeichnungen	4992399
summer	4992398
uberstanden	4992397
quentin	4992396
benimmt	4992395
geheimnisvolle	4992394
ehrenwort	4992393
waldern	4992392
unauffallig	4992391
geradezu	4992390
reinigung	4992389
masken	4992388
buck	4992387
diat	4992386
sarge	4992385
ursprunglich	4992384
armut	4992383
erin	4992382
bildet	4992381
picknick	4992380
abstellen	4992379
friede	4992378
eintritt	4992377
bildung	4992376
besuchte	4992375
erwartete	4992374
doppelten	4992373
abkurzung	4992372
ellis	4992371
unterkunft	4992370
hong	4992369
shepherd	4992368
enttauschung	4992367
isabella	4992366
geubt	4992365
duck	4992364
paps	4992363
deutet	4992362
sandra	4992361
inspiriert	4992360
sudlich	4992359
phoenix	4992358
lori	4992357
hauch	4992356
secret	4992355
flut	4992354
spritzen	4992353
gewerkschaft	4992352
eingenommen	4992351
jenkins	4992350
dutzende	4992349
vorerst	4992348
quarantane	4992347
lastwagen	4992346
deuten	4992345
drew	4992344
geleitet	4992343
wechsel	4992342
chi	4992341
kusschen	4992340
funken	4992339
losegeld	4992338
anpassen	4992337
knopfe	4992336
wunderschones	4992335
armband	4992334
aria	4992333
verabschiedet	4992332
wohnungen	4992331
aufgezogen	4992330
gnadig	4992329
zugleich	4992328
bemuht	4992327
auswirkungen	4992326
involviert	4992325
wurst	4992324
kitt	4992323
elias	4992322
floh	4992321
anstand	4992320
schal	4992319
alien	4992318
alec	4992317
genehmigt	4992316
eleanor	4992315
kalender	4992314
assistenten	4992313
mccoy	4992312
christen	4992311
wurf	4992310
eingerichtet	4992309
hinweisen	4992308
ladt	4992307
ausliefern	4992306
bonjour	4992305
institut	4992304
hausern	4992303
schlachten	4992302
rogers	4992301
stellten	4992300
handschrift	4992299
veroffentlichen	4992298
fantastische	4992297
feuerzeug	4992296
betragt	4992295
schatzt	4992294
veranda	4992293
gleichfalls	4992292
schwung	4992291
falschung	4992290
adoptiert	4992289
informanten	4992288
nationalen	4992287
yen	4992286
wrack	4992285
fach	4992284
sinken	4992283
prugeln	4992282
garantie	4992281
zumachen	4992280
kuhl	4992279
angeklagte	4992278
vertraute	4992277
chemie	4992276
grippe	4992275
nackte	4992274
angestellte	4992273
square	4992272
rauchst	4992271
pink	4992270
rob	4992269
fertigmachen	4992268
bh	4992267
dreckiger	4992266
reinste	4992265
stiftung	4992264
wasch	4992263
begrabnis	4992262
versauen	4992261
kreuzung	4992260
tomaten	4992259
bates	4992258
mathe	4992257
hufte	4992256
connie	4992255
genugen	4992254
klub	4992253
dauer	4992252
rusty	4992251
herhoren	4992250
schwanze	4992249
lustiger	4992248
sturzte	4992247
infos	4992246
gluckspilz	4992245
erspart	4992244
gekleidet	4992243
gustav	4992242
angefahren	4992241
beichte	4992240
bekannter	4992239
felder	4992238
wally	4992237
sirenen	4992236
mitzuteilen	4992235
struktur	4992234
angesetzt	4992233
aussehe	4992232
attentat	4992231
schmutzigen	4992230
schweres	4992229
glanz	4992228
anker	4992227
schwimmt	4992226
verschwendung	4992225
feder	4992224
kopfen	4992223
sunder	4992222
clubs	4992221
detectives	4992220
perlen	4992219
gelobt	4992218
abschnitt	4992217
brasilien	4992216
bewahre	4992215
aufgemacht	4992214
wertvolle	4992213
jin	4992212
fracht	4992211
miriam	4992210
note	4992209
qual	4992208
amusant	4992207
yvonne	4992206
geile	4992205
carlo	4992204
lobby	4992203
neelix	4992202
verheimlichen	4992201
verfuhren	4992200
routine	4992199
schwerter	4992198
kichern	4992197
anschuldigungen	4992196
regt	4992195
anvertrauen	4992194
fotografiert	4992193
ausloschen	4992192
furchtbaren	4992191
sofern	4992190
armel	4992189
prufungen	4992188
lebewohl	4992187
markiert	4992186
massaker	4992185
suchtig	4992184
treppen	4992183
sheila	4992182
gps	4992181
ana	4992180
abreisen	4992179
reggie	4992178
heilt	4992177
haley	4992176
mannliche	4992175
landschaft	4992174
leide	4992173
venus	4992172
juckt	4992171
center	4992170
feinden	4992169
riggs	4992168
verwirrend	4992167
zukunftige	4992166
hofft	4992165
bumsen	4992164
uberbringen	4992163
kritik	4992162
raj	4992161
motto	4992160
herzustellen	4992159
ranger	4992158
bang	4992157
stephanie	4992156
gegenstand	4992155
abigail	4992154
verhalt	4992153
angreifer	4992152
crowley	4992151
friedrich	4992150
galerie	4992149
dunkler	4992148
kreisen	4992147
misstrauisch	4992146
verfugbar	4992145
gedroht	4992144
christ	4992143
hospital	4992142
landete	4992141
heart	4992140
beschleunigen	4992139
zwischenfall	4992138
helf	4992137
schuft	4992136
ausgezeichnete	4992135
hochgehen	4992134
korperverletzung	4992133
tausch	4992132
caesar	4992131
gates	4992130
vergeltung	4992129
ermittler	4992128
wehen	4992127
platziert	4992126
verpisst	4992125
verliessen	4992124
ubernimmst	4992123
kodex	4992122
erlitten	4992121
transportieren	4992120
verbannt	4992119
gelang	4992118
kampften	4992117
erwacht	4992116
ausnutzen	4992115
windeln	4992114
weiblichen	4992113
zwerge	4992112
erschiesse	4992111
kinn	4992110
gartner	4992109
jahrhunderte	4992108
fakt	4992107
moon	4992106
zustosst	4992105
emotionale	4992104
june	4992103
taschentuch	4992102
kindergarten	4992101
abreise	4992100
schnurrbart	4992099
isaac	4992098
rekord	4992097
bucht	4992096
wildnis	4992095
eigenschaften	4992094
kerker	4992093
bewundert	4992092
plastik	4992091
lieferwagen	4992090
bush	4992089
klebt	4992088
feiert	4992087
beschwerden	4992086
anzubieten	4992085
orbit	4992084
reingezogen	4992083
antrieb	4992082
preston	4992081
behindert	4992080
untergehen	4992079
materie	4992078
ermittelt	4992077
anderte	4992076
alkoholiker	4992075
produzent	4992074
werner	4992073
georgia	4992072
serienmorder	4992071
zuruckgebracht	4992070
schleichen	4992069
junkie	4992068
jungsten	4992067
cate	4992066
fanny	4992065
raucht	4992064
anbetracht	4992063
fletcher	4992062
teurer	4992061
lukas	4992060
widmen	4992059
stosst	4992058
eintreffen	4992057
schnellste	4992056
vermisste	4992055
hudson	4992054
sang	4992053
denver	4992052
diner	4992051
vergebe	4992050
cleveland	4992049
hoheren	4992048
vizeprasident	4992047
rucksicht	4992046
cassie	4992045
inspiration	4992044
drang	4992043
leises	4992042
weiche	4992041
cristina	4992040
yard	4992039
erlangen	4992038
verreisen	4992037
mechaniker	4992036
hoppla	4992035
chakotay	4992034
horizont	4992033
attentater	4992032
kreditkarten	4992031
metropolis	4992030
margot	4992029
mitteln	4992028
erfullung	4992027
rockmusik	4992026
olive	4992025
kochin	4992024
verehrte	4992023
wecker	4992022
zischen	4992021
dreier	4992020
gesetzes	4992019
autobahn	4992018
aufzupassen	4992017
umgezogen	4992016
aufsicht	4992015
gewitter	4992014
alters	4992013
klemmt	4992012
volltreffer	4992011
beichten	4992010
beneide	4992009
gesendet	4992008
regiert	4992007
ergreift	4992006
empfehlung	4992005
illegale	4992004
birne	4992003
ava	4992002
nsa	4992001
vorname	4992000
geruhrt	4991999
zusammenhalten	4991998
funktion	4991997
rendezvous	4991996
walden	4991995
sperma	4991994
komplizen	4991993
kluge	4991992
verbessert	4991991
bildschirm	4991990
quere	4991989
obersten	4991988
menschlicher	4991987
durchkommen	4991986
eichhornchen	4991985
schweig	4991984
einkaufszentrum	4991983
angeschlossen	4991982
tobias	4991981
sire	4991980
sendet	4991979
side	4991978
arabisch	4991977
franc	4991976
entwischt	4991975
abkommen	4991974
mittags	4991973
rumlaufen	4991972
einholen	4991971
professionell	4991970
tageslicht	4991969
scannen	4991968
prophezeiung	4991967
schlitten	4991966
sprichwort	4991965
menschlichkeit	4991964
klaut	4991963
pirat	4991962
darcy	4991961
erhebt	4991960
schutteln	4991959
kreischen	4991958
riesiger	4991957
p	4991956
durstig	4991955
perucke	4991954
lamm	4991953
sonja	4991952
unterschiedliche	4991951
sensibel	4991950
cardassianer	4991949
gebacken	4991948
schenkte	4991947
wesley	4991946
busch	4991945
konzentriere	4991944
vorbereitungen	4991943
news	4991942
braune	4991941
trosten	4991940
dns	4991939
erwische	4991938
immerzu	4991937
erschoss	4991936
nieren	4991935
sonde	4991934
beamte	4991933
mailbox	4991932
riesiges	4991931
shh	4991930
befahl	4991929
zusatzliche	4991928
gelahmt	4991927
setzten	4991926
dixon	4991925
colorado	4991924
nahen	4991923
telefone	4991922
empfohlen	4991921
scanner	4991920
entwickelte	4991919
ubersetzen	4991918
meinerseits	4991917
fortsetzen	4991916
vertrieben	4991915
rennst	4991914
trugen	4991913
container	4991912
lachelt	4991911
provinz	4991910
abstimmung	4991909
luca	4991908
sosse	4991907
enkelin	4991906
clean	4991905
schimmer	4991904
ruckweg	4991903
sookie	4991902
spitzel	4991901
kranker	4991900
militarische	4991899
erfassen	4991898
aufzuspuren	4991897
patty	4991896
sexuellen	4991895
lichtjahre	4991894
dienstmadchen	4991893
initiative	4991892
theorien	4991891
nachforschungen	4991890
katharina	4991889
rich	4991888
laser	4991887
aufpasst	4991886
bemuhungen	4991885
tanzer	4991884
bestrafung	4991883
vermasseln	4991882
stipendium	4991881
holland	4991880
vorhast	4991879
verschluckt	4991878
angenehme	4991877
notige	4991876
val	4991875
spezialitat	4991874
uberflussig	4991873
trau	4991872
said	4991871
entsprechend	4991870
bradley	4991869
rathaus	4991868
passend	4991867
boom	4991866
schlamassel	4991865
informant	4991864
dominion	4991863
fortfahren	4991862
drohungen	4991861
queens	4991860
sdi	4991859
schlechteste	4991858
frechheit	4991857
budget	4991856
gedenken	4991855
irland	4991854
ausgabe	4991853
senat	4991852
prue	4991851
cooler	4991850
cousins	4991849
amsterdam	4991848
fehlst	4991847
esther	4991846
vorgesehen	4991845
eigentumer	4991844
niedrig	4991843
ezra	4991842
ungeduldig	4991841
bajor	4991840
website	4991839
farmer	4991838
dritt	4991837
jahrhunderten	4991836
korea	4991835
mogt	4991834
schopfer	4991833
wettkampf	4991832
gefilmt	4991831
limonade	4991830
nationen	4991829
linien	4991828
verdanke	4991827
sturz	4991826
tauben	4991825
kindisch	4991824
jeep	4991823
rausgeschmissen	4991822
zeitalter	4991821
packe	4991820
aufenthaltsort	4991819
waisenhaus	4991818
haust	4991817
aufschreiben	4991816
zudem	4991815
international	4991814
bridge	4991813
album	4991812
sturmen	4991811
royal	4991810
vorhange	4991809
trauern	4991808
kotzt	4991807
kolonie	4991806
koter	4991805
tretet	4991804
insekten	4991803
ober	4991802
hummer	4991801
ansehe	4991800
schlamm	4991799
ausgeliefert	4991798
japanisch	4991797
sherman	4991796
hubert	4991795
matty	4991794
blaues	4991793
robinson	4991792
dergleichen	4991791
schiffen	4991790
schwitzen	4991789
parfum	4991788
leichtes	4991787
erwiesen	4991786
ohio	4991785
trevor	4991784
unerwartet	4991783
uniformen	4991782
ahh	4991781
ihretwegen	4991780
singst	4991779
uble	4991778
aufgestellt	4991777
wagst	4991776
leder	4991775
gewebe	4991774
kindermadchen	4991773
angesprochen	4991772
dvd	4991771
ungewohnliche	4991770
jep	4991769
verbieten	4991768
pulver	4991767
retter	4991766
coulson	4991765
entlassung	4991764
bourbon	4991763
abgesturzt	4991762
befand	4991761
aufgeschrieben	4991760
vorwand	4991759
girls	4991758
drittel	4991757
metern	4991756
arrogant	4991755
verschoben	4991754
hebe	4991753
autsch	4991752
christi	4991751
beseitigt	4991750
canyon	4991749
bittest	4991748
darstellen	4991747
gewohnliche	4991746
innenstadt	4991745
klassiker	4991744
beobachtung	4991743
hamilton	4991742
einsatze	4991741
hundchen	4991740
shelby	4991739
feiner	4991738
nachnamen	4991737
zuflucht	4991736
binde	4991735
hingabe	4991734
markus	4991733
wanne	4991732
annahernd	4991731
luther	4991730
reinlegen	4991729
skye	4991728
handlungen	4991727
effekt	4991726
kreischt	4991725
jefferson	4991724
sahne	4991723
baute	4991722
ganzem	4991721
lilly	4991720
schickst	4991719
strafzettel	4991718
zerbrechen	4991717
betreiben	4991716
ginger	4991715
undercover	4991714
donnie	4991713
erstellen	4991712
begreifst	4991711
weigert	4991710
schwingen	4991709
angepisst	4991708
spaghetti	4991707
hierfur	4991706
rufus	4991705
morderin	4991704
q	4991703
belegt	4991702
bullshit	4991701
percy	4991700
haustur	4991699
einstein	4991698
laken	4991697
bins	4991696
konten	4991695
pakt	4991694
dessert	4991693
franzose	4991692
bedruckt	4991691
vorschrift	4991690
kamerad	4991689
mordfall	4991688
erstatten	4991687
outfit	4991686
sangerin	4991685
stumme	4991684
wodurch	4991683
spende	4991682
medaille	4991681
halber	4991680
rausgeholt	4991679
wachte	4991678
mathematik	4991677
elemente	4991676
trauma	4991675
uhren	4991674
julien	4991673
denise	4991672
reiches	4991671
edith	4991670
sektion	4991669
durchgegangen	4991668
donnerwetter	4991667
begrusst	4991666
alarmstufe	4991665
gewohnlicher	4991664
hausarrest	4991663
liv	4991662
national	4991661
if	4991660
pullover	4991659
gespenst	4991658
erpresst	4991657
zuruckzukommen	4991656
spanier	4991655
hammond	4991654
beruhrung	4991653
beschwerde	4991652
jens	4991651
unternommen	4991650
abe	4991649
cheers	4991648
abgrund	4991647
premiere	4991646
ahnlichkeit	4991645
vorsichtiger	4991644
magischen	4991643
zeile	4991642
make	4991641
zuruckkehrt	4991640
reizende	4991639
isoliert	4991638
cognac	4991637
paare	4991636
veranstalten	4991635
rabbi	4991634
vereinen	4991633
verliebte	4991632
abgeschaltet	4991631
verwirrung	4991630
jerusalem	4991629
se	4991628
frischer	4991627
anzunden	4991626
aufhalt	4991625
umzingelt	4991624
nerv	4991623
erleichterung	4991622
much	4991621
haushalt	4991620
mordwaffe	4991619
herb	4991618
olga	4991617
weis	4991616
tone	4991615
from	4991614
erica	4991613
hindurch	4991612
buros	4991611
rauswerfen	4991610
verpasse	4991609
leuchtet	4991608
calvin	4991607
sattel	4991606
romischen	4991605
fi	4991604
peters	4991603
huten	4991602
nicolas	4991601
vornamen	4991600
thor	4991599
warmes	4991598
gespart	4991597
crane	4991596
basierend	4991595
scherzen	4991594
johanna	4991593
einsame	4991592
gewagt	4991591
nachmittags	4991590
floyd	4991589
broadway	4991588
amelia	4991587
sabine	4991586
pilze	4991585
vicky	4991584
rumhangen	4991583
prachtig	4991582
gelangweilt	4991581
niveau	4991580
baxter	4991579
wahrscheinlichkeit	4991578
zuzusehen	4991577
reihen	4991576
deckt	4991575
geschaftsfuhrer	4991574
wahlte	4991573
fetter	4991572
hook	4991571
schecks	4991570
hinzufugen	4991569
japanische	4991568
einschlagen	4991567
zuruckgezogen	4991566
wanda	4991565
positive	4991564
forge	4991563
archie	4991562
eminenz	4991561
heer	4991560
rechtsanwalt	4991559
schiebt	4991558
porno	4991557
erschrocken	4991556
innerlich	4991555
klimaanlage	4991554
gewohnheit	4991553
gereicht	4991552
verreist	4991551
neuigkeit	4991550
quittung	4991549
jasper	4991548
metro	4991547
taxifahrer	4991546
abschlussball	4991545
nu	4991544
scheissdreck	4991543
gehor	4991542
nachfrage	4991541
verbundeten	4991540
montgomery	4991539
karev	4991538
prazise	4991537
zusatzlich	4991536
sahe	4991535
sperrt	4991534
widersprechen	4991533
geerbt	4991532
bezahl	4991531
unterschatzt	4991530
codes	4991529
perfektes	4991528
eisenbahn	4991527
saufer	4991526
anita	4991525
begleiter	4991524
horer	4991523
jessie	4991522
duell	4991521
gastfreundschaft	4991520
begreife	4991519
benannt	4991518
joshua	4991517
verfolgung	4991516
richards	4991515
ehrgeiz	4991514
piep	4991513
schlaganfall	4991512
gehackt	4991511
leichnam	4991510
irrelevant	4991509
jem	4991508
sawyer	4991507
beeile	4991506
internat	4991505
handchen	4991504
beifall	4991503
gerichtssaal	4991502
stuhle	4991501
immernoch	4991500
aufruhr	4991499
ballon	4991498
cd	4991497
gluckliches	4991496
klingel	4991495
schleier	4991494
halleluja	4991493
griechen	4991492
huch	4991491
debatte	4991490
keinesfalls	4991489
befolgt	4991488
union	4991487
patrouille	4991486
schreist	4991485
beruhigungsmittel	4991484
vorstellungen	4991483
mailand	4991482
campus	4991481
verfehlt	4991480
abgefeuert	4991479
bezahlte	4991478
reinlassen	4991477
studien	4991476
anrufbeantworter	4991475
miesen	4991474
bruch	4991473
durften	4991472
nervst	4991471
jahreszeit	4991470
roberto	4991469
unruhig	4991468
krimineller	4991467
zukunftigen	4991466
fahndung	4991465
seither	4991464
luder	4991463
vorgestern	4991462
herd	4991461
genervt	4991460
helene	4991459
semester	4991458
abfall	4991457
willow	4991456
abel	4991455
zinsen	4991454
fotograf	4991453
poesie	4991452
luthor	4991451
talente	4991450
karin	4991449
gier	4991448
bengel	4991447
verlangst	4991446
pflege	4991445
politisch	4991444
intakt	4991443
clowns	4991442
staates	4991441
wichtigeres	4991440
poker	4991439
herzogin	4991438
unterschlupf	4991437
zuruckkommst	4991436
tabak	4991435
justiz	4991434
aufsetzen	4991433
nachgesehen	4991432
gasten	4991431
kassette	4991430
vergewaltigen	4991429
reporterin	4991428
generator	4991427
bemerkenswert	4991426
sinkt	4991425
redeten	4991424
mocht	4991423
japanischen	4991422
verteidiger	4991421
weckt	4991420
pfui	4991419
prince	4991418
hemden	4991417
ivy	4991416
sessel	4991415
uberzeugung	4991414
ver	4991413
streitet	4991412
mistkerle	4991411
geschirr	4991410
tausenden	4991409
gehn	4991408
brooke	4991407
herzukommen	4991406
zeigten	4991405
weltall	4991404
tango	4991403
irgendjemanden	4991402
popcorn	4991401
gesunde	4991400
garcia	4991399
aufgehangt	4991398
abgerissen	4991397
mamas	4991396
rustung	4991395
blockieren	4991394
bitter	4991393
anzuge	4991392
mack	4991391
verpflichtungen	4991390
worin	4991389
geplatzt	4991388
gewidmet	4991387
yuri	4991386
golden	4991385
anhangen	4991384
ansprechen	4991383
champ	4991382
sichtbar	4991381
hingelegt	4991380
umzugehen	4991379
ture	4991378
schwierigen	4991377
kehre	4991376
erregen	4991375
est	4991374
wange	4991373
grillen	4991372
brennan	4991371
schmutz	4991370
infrage	4991369
erforschen	4991368
klarkommen	4991367
gerichtsmediziner	4991366
naturlichen	4991365
parade	4991364
ritt	4991363
lebenszeichen	4991362
instrument	4991361
realistisch	4991360
fande	4991359
benji	4991358
wurfel	4991357
psycho	4991356
freiwillige	4991355
instrumente	4991354
spannungsvolle	4991353
pflegen	4991352
gestresst	4991351
limo	4991350
erobert	4991349
or	4991348
fallst	4991347
mais	4991346
entstand	4991345
bearbeitet	4991344
ausdenken	4991343
feinen	4991342
chow	4991341
jenen	4991340
austin	4991339
men	4991338
nichtmal	4991337
verheimlicht	4991336
gail	4991335
elefant	4991334
herab	4991333
uberwaltigt	4991332
tennis	4991331
uberschritten	4991330
rasiert	4991329
minen	4991328
pistolen	4991327
wirklichen	4991326
zeichnung	4991325
zunden	4991324
ermoglicht	4991323
unbewaffnet	4991322
dex	4991321
brotchen	4991320
pentagon	4991319
kiefer	4991318
betaubt	4991317
rauszuholen	4991316
nigel	4991315
einpacken	4991314
hannes	4991313
unwohl	4991312
streik	4991311
besen	4991310
grossteil	4991309
getrank	4991308
unklar	4991307
funfzehn	4991306
zwiebeln	4991305
teilweise	4991304
rauslassen	4991303
umwelt	4991302
vulkan	4991301
gavin	4991300
bass	4991299
management	4991298
mississippi	4991297
positionen	4991296
durchschaut	4991295
schwebt	4991294
altmodisch	4991293
nachname	4991292
schmetterling	4991291
starkste	4991290
achtet	4991289
freies	4991288
davonkommen	4991287
blei	4991286
verpflichtung	4991285
mindeste	4991284
crystal	4991283
neuem	4991282
lehrte	4991281
susie	4991280
unheilvolle	4991279
uld	4991278
anonym	4991277
busen	4991276
vorbereitung	4991275
professionelle	4991274
aids	4991273
werwolf	4991272
angste	4991271
schnellen	4991270
stadten	4991269
agentin	4991268
negative	4991267
steuerbord	4991266
gesunden	4991265
stier	4991264
schwerkraft	4991263
bevorzugen	4991262
lynn	4991261
stuckchen	4991260
bonus	4991259
finanzielle	4991258
relativ	4991257
knurren	4991256
crawford	4991255
taschenlampe	4991254
streben	4991253
flieht	4991252
lebenslauf	4991251
gretchen	4991250
arbeitgeber	4991249
aufhorst	4991248
illegalen	4991247
meiden	4991246
aufwecken	4991245
selbstvertrauen	4991244
schulerin	4991243
mieses	4991242
defekt	4991241
atlanta	4991240
zuruckkam	4991239
enthalten	4991238
verleihen	4991237
valerie	4991236
bandit	4991235
dramatisch	4991234
zeitschrift	4991233
festnahme	4991232
wachmann	4991231
klugscheisser	4991230
versammeln	4991229
platzt	4991228
suspendiert	4991227
auftreiben	4991226
angemeldet	4991225
sicherzustellen	4991224
grossartiges	4991223
never	4991222
durchsage	4991221
kapt	4991220
rucksitz	4991219
fersen	4991218
herbringen	4991217
madrid	4991216
behaltst	4991215
lud	4991214
reddington	4991213
rauszufinden	4991212
rauschen	4991211
woody	4991210
flynn	4991209
gluckstag	4991208
blas	4991207
gunstig	4991206
heimweg	4991205
gerald	4991204
traumst	4991203
blinde	4991202
parchen	4991201
bon	4991200
belasten	4991199
weigern	4991198
reihenfolge	4991197
turk	4991196
zugesehen	4991195
geheimes	4991194
unverschamt	4991193
seltene	4991192
donovan	4991191
welpen	4991190
gottverdammte	4991189
costa	4991188
shirley	4991187
schweiss	4991186
cash	4991185
ameisen	4991184
tickt	4991183
pope	4991182
neger	4991181
sterling	4991180
lebenslanglich	4991179
ausgaben	4991178
toiletten	4991177
starte	4991176
vielmehr	4991175
gate	4991174
julio	4991173
wildes	4991172
anstalt	4991171
schildkrote	4991170
munter	4991169
lehnen	4991168
frucht	4991167
clayton	4991166
sheriffs	4991165
abknallen	4991164
kerlen	4991163
aufsuchen	4991162
seide	4991161
schwamm	4991160
verlauft	4991159
beethoven	4991158
litt	4991157
vorsprechen	4991156
leibwachter	4991155
erhielten	4991154
verarbeiten	4991153
resultat	4991152
rausbringen	4991151
gestochen	4991150
zuruckzahlen	4991149
ernsthafte	4991148
mount	4991147
stiefvater	4991146
bauten	4991145
gelingen	4991144
senior	4991143
mo	4991142
exemplar	4991141
zero	4991140
zuzuhoren	4991139
arbeitsplatz	4991138
gregory	4991137
dinosaurier	4991136
matratze	4991135
fies	4991134
bander	4991133
taktik	4991132
unfalle	4991131
robby	4991130
punkten	4991129
abgelegt	4991128
tatig	4991127
belohnt	4991126
grube	4991125
stevie	4991124
bewirken	4991123
kunstlerin	4991122
gerochen	4991121
prasidentin	4991120
andreas	4991119
zwecklos	4991118
drehst	4991117
blinden	4991116
laurie	4991115
wendet	4991114
daily	4991113
adern	4991112
lo	4991111
mittagspause	4991110
break	4991109
ahnliche	4991108
veranstaltung	4991107
entschluss	4991106
regiment	4991105
stoss	4991104
gesichtet	4991103
grundlage	4991102
vorgehensweise	4991101
corporal	4991100
impuls	4991099
sudamerika	4991098
passagier	4991097
pub	4991096
unterscheidet	4991095
marquis	4991094
mayday	4991093
lesbe	4991092
notigen	4991091
gegenleistung	4991090
raububerfall	4991089
hirsch	4991088
hayes	4991087
kondom	4991086
flirten	4991085
georges	4991084
vorlaufig	4991083
verweigern	4991082
leinwand	4991081
wimmert	4991080
schurken	4991079
verdeckt	4991078
stopfen	4991077
brenda	4991076
vertrage	4991075
alaska	4991074
portland	4991073
komitee	4991072
verarschst	4991071
eingreifen	4991070
korrigieren	4991069
soldner	4991068
ubereinstimmung	4991067
becca	4991066
kostume	4991065
stripperin	4991064
ratschlag	4991063
argert	4991062
inmitten	4991061
geprugelt	4991060
simmons	4991059
unteren	4991058
ragnar	4991057
beruhmter	4991056
knabe	4991055
ida	4991054
galt	4991053
kiki	4991052
brichst	4991051
schlauch	4991050
phantastisch	4991049
abgeschossen	4991048
saint	4991047
ruckt	4991046
elender	4991045
eingedrungen	4991044
denjenigen	4991043
speed	4991042
inseln	4991041
raumt	4991040
spucken	4991039
durchstehen	4991038
bruderschaft	4991037
sacke	4991036
geknackt	4991035
investition	4991034
auktion	4991033
drangt	4991032
mass	4991031
gabst	4991030
geahnt	4991029
want	4991028
eingeschaltet	4991027
gebildet	4991026
ernie	4991025
benotige	4991024
modern	4991023
frankenstein	4991022
funktionierte	4991021
geparkt	4991020
sven	4991019
magier	4991018
belassen	4991017
physik	4991016
sound	4991015
wechselt	4991014
pier	4991013
gedeckt	4991012
ursprung	4991011
kehrte	4991010
albtraume	4991009
latein	4991008
mandant	4991007
mannlichen	4991006
point	4991005
orgasmus	4991004
substanz	4991003
starrt	4991002
zart	4991001
tierarzt	4991000
verflixt	4990999
mexico	4990998
ministerium	4990997
kleben	4990996
brick	4990995
attacke	4990994
verbinde	4990993
bereitschaft	4990992
eingriff	4990991
tokyo	4990990
anordnung	4990989
schwacher	4990988
ausgetauscht	4990987
seemann	4990986
verkunden	4990985
vogelchen	4990984
plans	4990983
sheridan	4990982
meintest	4990981
kaltes	4990980
verbiete	4990979
anvertraut	4990978
klappern	4990977
perspektive	4990976
mysteriose	4990975
klatschen	4990974
martinez	4990973
dachboden	4990972
signor	4990971
festplatte	4990970
partie	4990969
einlassen	4990968
muhle	4990967
geistern	4990966
abzuhalten	4990965
hah	4990964
peitsche	4990963
hinreissend	4990962
chelsea	4990961
identisch	4990960
ergriffen	4990959
benutz	4990958
feuert	4990957
notwehr	4990956
halluzinationen	4990955
fitz	4990954
weibchen	4990953
einzusetzen	4990952
auserwahlt	4990951
anschliessend	4990950
auszuschalten	4990949
zac	4990948
wurmer	4990947
verzichte	4990946
silvester	4990945
direkten	4990944
letztlich	4990943
schwindler	4990942
kavallerie	4990941
zerstorte	4990940
atlantic	4990939
geistig	4990938
reingefallen	4990937
annika	4990936
archiv	4990935
unheil	4990934
schlugen	4990933
arrow	4990932
kapsel	4990931
derart	4990930
kopenhagen	4990929
reines	4990928
mythos	4990927
eigentliche	4990926
benachrichtigen	4990925
hicks	4990924
langeweile	4990923
perfekter	4990922
wunderschoner	4990921
ansichten	4990920
winzige	4990919
taugt	4990918
ubergabe	4990917
chemikalien	4990916
mae	4990915
gemeinsames	4990914
mountain	4990913
wiederum	4990912
interpol	4990911
marihuana	4990910
deckel	4990909
hohlen	4990908
bearbeiten	4990907
versehentlich	4990906
bilde	4990905
erklarungen	4990904
grinsen	4990903
rader	4990902
deaktivieren	4990901
vergebt	4990900
beerdigt	4990899
ramon	4990898
verschwiegen	4990897
vorausgesetzt	4990896
warmen	4990895
bewaffnete	4990894
verlier	4990893
schreck	4990892
vollbracht	4990891
vorbeischauen	4990890
korruption	4990889
flogen	4990888
bewirkt	4990887
psychopath	4990886
amigo	4990885
korperliche	4990884
gegenmittel	4990883
werkzeuge	4990882
schwiegersohn	4990881
erfahre	4990880
nackten	4990879
hervorragende	4990878
matthews	4990877
blauer	4990876
exzellent	4990875
geschmissen	4990874
unendliche	4990873
fortsetzung	4990872
leichten	4990871
vergrossern	4990870
klempner	4990869
enger	4990868
verdiente	4990867
dead	4990866
jap	4990865
anhaben	4990864
beziehen	4990863
lire	4990862
strecken	4990861
valentinstag	4990860
kompass	4990859
einmalige	4990858
lucke	4990857
dc	4990856
eilt	4990855
ironisch	4990854
gabel	4990853
geschmeichelt	4990852
scham	4990851
unbesorgt	4990850
regal	4990849
wegbringen	4990848
anrichten	4990847
dosen	4990846
alma	4990845
bluse	4990844
hupt	4990843
unfug	4990842
facebook	4990841
ausschlag	4990840
anrufst	4990839
lachle	4990838
studentin	4990837
krug	4990836
abfahrt	4990835
verbrechens	4990834
steigst	4990833
tugend	4990832
entkommt	4990831
offiziellen	4990830
befreiung	4990829
herkomme	4990828
komodie	4990827
gebot	4990826
wimmelt	4990825
geschaften	4990824
dreissig	4990823
irina	4990822
helfer	4990821
sasha	4990820
auspacken	4990819
marilyn	4990818
sklavin	4990817
unterschreibe	4990816
braunen	4990815
hengst	4990814
ubertreibst	4990813
gratulation	4990812
baustelle	4990811
draper	4990810
dracula	4990809
spontan	4990808
nord	4990807
enorm	4990806
jugendliche	4990805
grafen	4990804
daraufhin	4990803
gestohlenen	4990802
mitgemacht	4990801
boys	4990800
ausweise	4990799
allan	4990798
werke	4990797
valentine	4990796
kurzfristig	4990795
vivian	4990794
felicity	4990793
menschenleben	4990792
ausgestellt	4990791
finanziert	4990790
tanya	4990789
eingebildet	4990788
kolonien	4990787
vorgefallen	4990786
jage	4990785
faith	4990784
evakuierung	4990783
aufteilen	4990782
hysterisch	4990781
kooperation	4990780
verwechseln	4990779
massage	4990778
ernannt	4990777
pauline	4990776
verbirgt	4990775
signore	4990774
bedauerlich	4990773
hinkriegen	4990772
angezundet	4990771
baten	4990770
angezeigt	4990769
gesunken	4990768
beging	4990767
pisse	4990766
wusstet	4990765
stattfindet	4990764
anrief	4990763
jr	4990762
beruht	4990761
aussergewohnliche	4990760
springe	4990759
ups	4990758
kostete	4990757
damliche	4990756
vieler	4990755
geschluckt	4990754
vinnie	4990753
rande	4990752
paulie	4990751
wilhelm	4990750
weiterfahren	4990749
say	4990748
ming	4990747
schwindelig	4990746
sweet	4990745
erlebnis	4990744
argerlich	4990743
schwanzlutscher	4990742
spender	4990741
carroll	4990740
ursprunglichen	4990739
chirurgen	4990738
il	4990737
ohnmacht	4990736
karma	4990735
huften	4990734
granate	4990733
nachten	4990732
vereinigung	4990731
brooks	4990730
terrasse	4990729
moran	4990728
rodney	4990727
pike	4990726
haven	4990725
bote	4990724
ausgeflippt	4990723
burgerkrieg	4990722
kommission	4990721
irrt	4990720
morgengrauen	4990719
auszeichnung	4990718
tagelang	4990717
martini	4990716
gutig	4990715
feindliche	4990714
machtlos	4990713
lmmer	4990712
henderson	4990711
einwande	4990710
bernadette	4990709
madonna	4990708
startklar	4990707
walsh	4990706
nottingham	4990705
subbed	4990704
forscher	4990703
verdreht	4990702
veranderte	4990701
privatdetektiv	4990700
keen	4990699
vernunftige	4990698
doll	4990697
verantworten	4990696
herumlaufen	4990695
todlichen	4990694
passte	4990693
bones	4990692
giovanni	4990691
predigt	4990690
gehorten	4990689
sinnen	4990688
sonntags	4990687
greta	4990686
verstarkt	4990685
gesprengt	4990684
elektrizitat	4990683
kuckuck	4990682
kostenlos	4990681
tuck	4990680
funfzig	4990679
server	4990678
unterhose	4990677
aufzeichnung	4990676
profitieren	4990675
schaufel	4990674
herkam	4990673
butch	4990672
bund	4990671
chinese	4990670
anschluss	4990669
erwecken	4990668
rauben	4990667
stiess	4990666
behorde	4990665
aneinander	4990664
beugen	4990663
vernichtung	4990662
reinkommt	4990661
hydra	4990660
phanomen	4990659
wachtmeister	4990658
anonymen	4990657
dawson	4990656
jose	4990655
milton	4990654
liu	4990653
weiser	4990652
ausgestiegen	4990651
turken	4990650
kramer	4990649
vertuschen	4990648
fahrzeuge	4990647
janice	4990646
errichten	4990645
sauerei	4990644
drohne	4990643
solo	4990642
milliarde	4990641
monitor	4990640
osterreich	4990639
haha	4990638
gingst	4990637
naht	4990636
vase	4990635
ausgenutzt	4990634
oswald	4990633
verlorenen	4990632
beschutzer	4990631
hochzeiten	4990630
begrusse	4990629
finanzen	4990628
ahnelt	4990627
dulden	4990626
erzahlten	4990625
ausgelassen	4990624
schlagerei	4990623
schluchzen	4990622
stockholm	4990621
winde	4990620
rupert	4990619
borse	4990618
angeruhrt	4990617
sekretar	4990616
italienische	4990615
papas	4990614
einlegen	4990613
extreme	4990612
storungen	4990611
vertrete	4990610
where	4990609
kritisch	4990608
item	4990607
belastet	4990606
manuela	4990605
angemacht	4990604
montana	4990603
brannte	4990602
hu	4990601
schleppen	4990600
vorsitzende	4990599
gefuttert	4990598
neapel	4990597
ballett	4990596
mengen	4990595
begleichen	4990594
eliminieren	4990593
allgemeinen	4990592
bosewicht	4990591
gierig	4990590
folgst	4990589
pudding	4990588
zielperson	4990587
ausflippen	4990586
fluchtlinge	4990585
objekte	4990584
bewege	4990583
angehorigen	4990582
stutzpunkt	4990581
lebensform	4990580
evolution	4990579
romantik	4990578
raushalten	4990577
joint	4990576
abgewiesen	4990575
place	4990574
arzten	4990573
verfuhrt	4990572
rumsitzen	4990571
gegeneinander	4990570
charly	4990569
laufer	4990568
rauskriegen	4990567
verspatet	4990566
wascht	4990565
bettler	4990564
adama	4990563
strahlen	4990562
schlagzeilen	4990561
verstarken	4990560
briefkasten	4990559
bislang	4990558
zerschlagen	4990557
thailand	4990556
verstandigen	4990555
instrumentalmusik	4990554
schuldgefuhle	4990553
absturz	4990552
gestehe	4990551
lebensformen	4990550
geritten	4990549
rudel	4990548
beamter	4990547
mochtet	4990546
umzug	4990545
abzuhauen	4990544
ansteckend	4990543
bedrohen	4990542
rast	4990541
heizung	4990540
spanische	4990539
blinder	4990538
wahrlich	4990537
erschuttert	4990536
terror	4990535
verwirren	4990534
betrag	4990533
meisterwerk	4990532
apachen	4990531
gescheitert	4990530
anderungen	4990529
jupiter	4990528
biene	4990527
bridget	4990526
bedauere	4990525
verarsch	4990524
grandma	4990523
begeisterung	4990522
berufen	4990521
riskiere	4990520
aufprall	4990519
ausschliesslich	4990518
provozieren	4990517
anmachen	4990516
oui	4990515
limousine	4990514
wachsam	4990513
bindung	4990512
hoflichkeit	4990511
vorwerfen	4990510
zeilen	4990509
durchzufuhren	4990508
eingeschlagen	4990507
zigeuner	4990506
neuanfang	4990505
empfangt	4990504
handschuh	4990503
mordkommission	4990502
log	4990501
gastgeber	4990500
diente	4990499
bug	4990498
ausnahmsweise	4990497
geige	4990496
creek	4990495
mehl	4990494
verargern	4990493
obhut	4990492
jensen	4990491
hasslichen	4990490
insbesondere	4990489
ren	4990488
vermitteln	4990487
banks	4990486
hauptrolle	4990485
schweigt	4990484
gotham	4990483
abscheulich	4990482
vorhanden	4990481
istanbul	4990480
ecken	4990479
geguckt	4990478
chefs	4990477
wehtut	4990476
entwurf	4990475
phantasie	4990474
orchester	4990473
bedacht	4990472
vorgesetzter	4990471
hinterkopf	4990470
charming	4990469
verschwende	4990468
elektrischen	4990467
industries	4990466
niedergeschlagen	4990465
schichten	4990464
finanzieren	4990463
jazz	4990462
joy	4990461
magazine	4990460
bezeugen	4990459
sandwiches	4990458
kapieren	4990457
millionar	4990456
gaby	4990455
verrotten	4990454
kang	4990453
winzigen	4990452
halts	4990451
drohte	4990450
fernbedienung	4990449
begabt	4990448
zuruckbekommen	4990447
abreissen	4990446
haschen	4990445
auszugehen	4990444
gebaudes	4990443
galaxien	4990442
vulkanier	4990441
warteten	4990440
verzeihe	4990439
sozialen	4990438
page	4990437
gardner	4990436
unzahlige	4990435
eindringling	4990434
angeben	4990433
nasa	4990432
haftling	4990431
perle	4990430
geniess	4990429
vorwurf	4990428
hughes	4990427
beteiligung	4990426
absoluter	4990425
heitere	4990424
jedesmal	4990423
stadion	4990422
umarmt	4990421
schurke	4990420
element	4990419
beckett	4990418
nebenwirkungen	4990417
weht	4990416
mannchen	4990415
ruhrend	4990414
lustiges	4990413
powell	4990412
please	4990411
haue	4990410
schriftlich	4990409
lachend	4990408
adressen	4990407
abzulenken	4990406
schnarchen	4990405
salvatore	4990404
starling	4990403
cox	4990402
trennt	4990401
hauschen	4990400
dreizehn	4990399
bindet	4990398
staunen	4990397
evakuiert	4990396
kit	4990395
gutmachen	4990394
engagieren	4990393
kapital	4990392
verwendung	4990391
besass	4990390
gewillt	4990389
belastigung	4990388
blutungen	4990387
edle	4990386
hacker	4990385
vorschuss	4990384
cents	4990383
wagner	4990382
teich	4990381
anliegen	4990380
donuts	4990379
abu	4990378
tonne	4990377
ermoglichen	4990376
dimension	4990375
stinken	4990374
trauzeuge	4990373
bitch	4990372
irrenhaus	4990371
hartes	4990370
bestechen	4990369
lu	4990368
gemeiner	4990367
dj	4990366
global	4990365
anstossen	4990364
zahnburste	4990363
aufziehen	4990362
antwortete	4990361
belastung	4990360
jaja	4990359
sentimental	4990358
yep	4990357
sammle	4990356
gehirnerschutterung	4990355
captains	4990354
einsamen	4990353
joel	4990352
austauschen	4990351
samt	4990350
installiert	4990349
hobbs	4990348
cynthia	4990347
gerry	4990346
eingegangen	4990345
weitem	4990344
wanden	4990343
bunny	4990342
ortlichen	4990341
bewaffneten	4990340
handtucher	4990339
weggefahren	4990338
aufwachsen	4990337
erreichbar	4990336
eingereicht	4990335
pony	4990334
patronen	4990333
zustossen	4990332
fortgehen	4990331
blutbad	4990330
business	4990329
unberechenbar	4990328
stapel	4990327
fugen	4990326
nervensage	4990325
sayid	4990324
einzugehen	4990323
dawn	4990322
lime	4990321
lightman	4990320
zugrunde	4990319
ausschliessen	4990318
erhoben	4990317
arbeitszimmer	4990316
medium	4990315
verschonen	4990314
versteckten	4990313
erforderlich	4990312
sende	4990311
phillips	4990310
abgestellt	4990309
danemark	4990308
wissenschaftliche	4990307
ausloser	4990306
borgia	4990305
trudy	4990304
gegenstande	4990303
steinen	4990302
umhang	4990301
psychologie	4990300
cyril	4990299
tauschung	4990298
schwur	4990297
iren	4990296
kunstliche	4990295
vollem	4990294
unterschiedlich	4990293
schwagerin	4990292
hungern	4990291
autoschlussel	4990290
lesbisch	4990289
beklagen	4990288
qualifiziert	4990287
versiegelt	4990286
paddy	4990285
architekt	4990284
prasentation	4990283
moss	4990282
plage	4990281
verhafte	4990280
liesse	4990279
betritt	4990278
crack	4990277
alexis	4990276
phantom	4990275
verspricht	4990274
mehrheit	4990273
abflug	4990272
angaben	4990271
zigarren	4990270
seuche	4990269
verbringst	4990268
latte	4990267
verbraucht	4990266
monatelang	4990265
schliessfach	4990264
aufstieg	4990263
interviews	4990262
erkaltung	4990261
perverser	4990260
durchatmen	4990259
schuf	4990258
nonnen	4990257
direkte	4990256
erstellt	4990255
banane	4990254
behalter	4990253
beraubt	4990252
reid	4990251
stockwerk	4990250
behandelst	4990249
abstimmen	4990248
haushalterin	4990247
fassung	4990246
unterschatzen	4990245
lebensunterhalt	4990244
gedrangt	4990243
basil	4990242
anwenden	4990241
ubernahm	4990240
gange	4990239
pretty	4990238
polizeichef	4990237
verbietet	4990236
leckt	4990235
brei	4990234
tapferkeit	4990233
integritat	4990232
unterhosen	4990231
schamst	4990230
wat	4990229
dates	4990228
vorgenommen	4990227
befassen	4990226
bananen	4990225
gesichtsausdruck	4990224
festzuhalten	4990223
balle	4990222
leitungen	4990221
juliet	4990220
alain	4990219
desaster	4990218
sky	4990217
gleichgultig	4990216
bekampft	4990215
verschwanden	4990214
iran	4990213
ube	4990212
benutzten	4990211
technische	4990210
becken	4990209
aufwarmen	4990208
power	4990207
lose	4990206
alvarez	4990205
feindes	4990204
ausgestattet	4990203
mei	4990202
kreislauf	4990201
company	4990200
platzchen	4990199
moralische	4990198
anschein	4990197
scotland	4990196
aktivitat	4990195
kondome	4990194
danielle	4990193
deaktiviert	4990192
talentiert	4990191
friss	4990190
suzanne	4990189
jugendlichen	4990188
callie	4990187
beruhigend	4990186
gehirns	4990185
imperium	4990184
scheusslich	4990183
senken	4990182
theresa	4990181
idiotisch	4990180
erika	4990179
ty	4990178
unabhangigkeit	4990177
reparatur	4990176
portion	4990175
maureen	4990174
jungere	4990173
zeus	4990172
begehrt	4990171
zerreissen	4990170
nummernschild	4990169
interessiere	4990168
moe	4990167
lagern	4990166
insassen	4990165
freiem	4990164
endes	4990163
crusher	4990162
kurier	4990161
nils	4990160
streichholzer	4990159
roosevelt	4990158
verlegenheit	4990157
peterson	4990156
biegen	4990155
runterkommen	4990154
hingegen	4990153
ira	4990152
derer	4990151
olsen	4990150
people	4990149
liefere	4990148
ohrringe	4990147
space	4990146
bekomm	4990145
cherry	4990144
senf	4990143
unterwelt	4990142
druckmittel	4990141
rutsch	4990140
gonnen	4990139
zeugs	4990138
lina	4990137
formlich	4990136
geschmeckt	4990135
emil	4990134
geschwatz	4990133
mithalten	4990132
bull	4990131
hebel	4990130
partnerschaft	4990129
verstosst	4990128
angewohnheit	4990127
gottverdammten	4990126
bartowski	4990125
sympathisch	4990124
angeber	4990123
hinsehen	4990122
misstrauen	4990121
produzenten	4990120
konsul	4990119
gattin	4990118
tapferen	4990117
verfickten	4990116
saubern	4990115
fels	4990114
konversation	4990113
spatestens	4990112
nanny	4990111
norwegen	4990110
geputzt	4990109
entzug	4990108
furchtete	4990107
salut	4990106
vermittlung	4990105
streiche	4990104
andrews	4990103
schweben	4990102
einhalten	4990101
starrst	4990100
schwarm	4990099
waffenstillstand	4990098
zuverlassig	4990097
kauen	4990096
traurigen	4990095
stinkst	4990094
reste	4990093
aufgeraumt	4990092
anstandigen	4990091
entdeckten	4990090
roms	4990089
garde	4990088
puh	4990087
bordell	4990086
morphium	4990085
zitrone	4990084
surfen	4990083
wundervollen	4990082
einsehen	4990081
fullt	4990080
stewart	4990079
armstrong	4990078
norris	4990077
mitteilung	4990076
sklaverei	4990075
expedition	4990074
schlosser	4990073
graue	4990072
aufzustehen	4990071
kasino	4990070
cocktail	4990069
traurigkeit	4990068
formular	4990067
sorgerecht	4990066
buffy	4990065
unsichtbare	4990064
einzeln	4990063
aktionen	4990062
kippen	4990061
komiker	4990060
rektor	4990059
sicherzugehen	4990058
alliierten	4990057
italienischen	4990056
russe	4990055
bemerkung	4990054
tipps	4990053
erziehen	4990052
anhand	4990051
galgen	4990050
schwiegervater	4990049
durchdrehen	4990048
dastehen	4990047
depression	4990046
judischen	4990045
wiege	4990044
ubergeschnappt	4990043
teuren	4990042
frustriert	4990041
gewettet	4990040
nikita	4990039
ehrlicher	4990038
zitat	4990037
elaine	4990036
unterstutze	4990035
edwards	4990034
entschuldigst	4990033
ubernimm	4990032
zugeteilt	4990031
gefallig	4990030
huter	4990029
tassen	4990028
ode	4990027
jade	4990026
vorstellungsgesprach	4990025
reiben	4990024
vage	4990023
strauss	4990022
runtergefallen	4990021
erwurgt	4990020
taufe	4990019
zuschauen	4990018
weiterhelfen	4990017
freundliche	4990016
merci	4990015
barrett	4990014
unschuldiger	4990013
einbrechen	4990012
entkam	4990011
foreman	4990010
marseille	4990009
jeweils	4990008
kaliber	4990007
grausame	4990006
aufgezeichnet	4990005
ausfullen	4990004
kaiserin	4990003
respektlos	4990002
spruche	4990001
intensiv	4990000
reserve	4989999
potenzial	4989998
damm	4989997
verdoppeln	4989996
privileg	4989995
nachdenke	4989994
wochenlang	4989993
louie	4989992
madeleine	4989991
erfahrst	4989990
pervers	4989989
verlockend	4989988
zwing	4989987
kusste	4989986
beobachter	4989985
kandidat	4989984
malley	4989983
bankrott	4989982
lautlos	4989981
pfadfinder	4989980
adoptieren	4989979
misch	4989978
karton	4989977
vetter	4989976
mieter	4989975
investoren	4989974
befiehlt	4989973
panama	4989972
notarzt	4989971
pariser	4989970
gehorcht	4989969
kustenwache	4989968
schlucht	4989967
ergab	4989966
romische	4989965
ruck	4989964
fa	4989963
untertitelung	4989962
candy	4989961
aktuellen	4989960
zeugenstand	4989959
zwecke	4989958
genaht	4989957
dutch	4989956
allgemein	4989955
speer	4989954
jerome	4989953
eroffnung	4989952
gedemutigt	4989951
feindlichen	4989950
ausmass	4989949
jungeren	4989948
celia	4989947
ferengi	4989946
ablaufen	4989945
motherfucker	4989944
kakao	4989943
erwachen	4989942
halfen	4989941
abgehalten	4989940
einzuladen	4989939
angepasst	4989938
eden	4989937
kat	4989936
countdown	4989935
saugen	4989934
hypothek	4989933
marmelade	4989932
gottliche	4989931
zimmerservice	4989930
soziale	4989929
prag	4989928
veranlasst	4989927
themen	4989926
schwangere	4989925
streife	4989924
ubler	4989923
einbringen	4989922
ermordete	4989921
wdr	4989920
teilnehmer	4989919
colt	4989918
schlicht	4989917
furchtbares	4989916
freaks	4989915
sonnenbrille	4989914
anderung	4989913
marko	4989912
errichtet	4989911
dude	4989910
bedienung	4989909
nachgehen	4989908
leidenschaftlich	4989907
anhort	4989906
beider	4989905
passende	4989904
ausbrechen	4989903
ausprobiert	4989902
geschatzt	4989901
virgil	4989900
spezialeinheit	4989899
zusammenleben	4989898
erweitern	4989897
sultan	4989896
ingrid	4989895
verfallen	4989894
gefallst	4989893
gleicht	4989892
westlich	4989891
stiefmutter	4989890
standard	4989889
meldete	4989888
scharfschutzen	4989887
frachter	4989886
gewohnlichen	4989885
verriegelt	4989884
ziegen	4989883
sichtkontakt	4989882
hinbekommen	4989881
bianca	4989880
arrest	4989879
ausrauben	4989878
zartlich	4989877
aufgebrochen	4989876
zugefugt	4989875
studiere	4989874
zuruckzuholen	4989873
gemeine	4989872
gisborne	4989871
unubersetztes	4989870
elektrische	4989869
dalton	4989868
buffalo	4989867
fish	4989866
aufreissen	4989865
engen	4989864
wahrenddessen	4989863
johan	4989862
auskommen	4989861
weitaus	4989860
hingeht	4989859
hingebracht	4989858
plaza	4989857
ausserordentlich	4989856
wes	4989855
martyrer	4989854
design	4989853
missverstanden	4989852
verwundeten	4989851
slim	4989850
anfangst	4989849
freya	4989848
magnus	4989847
zaubern	4989846
ofters	4989845
probiere	4989844
schuldigen	4989843
jahrestag	4989842
auftrage	4989841
fliegende	4989840
aufgeht	4989839
feiertage	4989838
leichenhalle	4989837
reichte	4989836
anzuziehen	4989835
scheren	4989834
beschwingte	4989833
giftig	4989832
langley	4989831
wanze	4989830
neid	4989829
komplex	4989828
hingekriegt	4989827
hintergangen	4989826
anstandiger	4989825
beschissenes	4989824
spurensicherung	4989823
unverstandliche	4989822
base	4989821
merkwurdiges	4989820
schicksals	4989819
spitznamen	4989818
sorgte	4989817
temperament	4989816
demonstration	4989815
begrenzt	4989814
produkte	4989813
pflaster	4989812
damlichen	4989811
handvoll	4989810
uno	4989809
totes	4989808
stationiert	4989807
beschamt	4989806
kaisers	4989805
nazi	4989804
slade	4989803
poltern	4989802
kampfes	4989801
keuchen	4989800
te	4989799
drittens	4989798
leroy	4989797
aussetzen	4989796
lorenzo	4989795
dingern	4989794
coolen	4989793
backbord	4989792
betrinken	4989791
pfeile	4989790
georgie	4989789
patricia	4989788
fettsack	4989787
drohnen	4989786
atemzug	4989785
harbor	4989784
ewigkeiten	4989783
frass	4989782
seins	4989781
tische	4989780
spart	4989779
truhe	4989778
gereinigt	4989777
auflosen	4989776
lob	4989775
marina	4989774
vermieten	4989773
harmonie	4989772
qualt	4989771
nell	4989770
erscheinung	4989769
haustier	4989768
impfstoff	4989767
wahrhaftig	4989766
selig	4989765
unmogliche	4989764
bange	4989763
packung	4989762
kristall	4989761
groll	4989760
andeuten	4989759
abheben	4989758
auskunft	4989757
hereinkommen	4989756
erzahler	4989755
krankenhauser	4989754
puste	4989753
anzahlung	4989752
atombombe	4989751
widerfahren	4989750
herbei	4989749
strenge	4989748
adrenalin	4989747
stacy	4989746
yakuza	4989745
genauen	4989744
friedens	4989743
empfindest	4989742
monika	4989741
nahezu	4989740
sehn	4989739
hausfrau	4989738
zeitmaschine	4989737
papagei	4989736
cruz	4989735
assen	4989734
ostlich	4989733
gewissermassen	4989732
kleinere	4989731
volker	4989730
angucken	4989729
stiles	4989728
nuss	4989727
auswahlen	4989726
weiblich	4989725
prediger	4989724
piept	4989723
edlen	4989722
umfeld	4989721
gallagher	4989720
voreilig	4989719
gesamtes	4989718
alternativen	4989717
aufsteigen	4989716
komplikationen	4989715
freigegeben	4989714
heuchler	4989713
poirot	4989712
otis	4989711
santiago	4989710
sadie	4989709
fahrkarte	4989708
blutest	4989707
hergeschickt	4989706
lehrt	4989705
halskette	4989704
kopfgeld	4989703
stattgefunden	4989702
odysseus	4989701
kleinigkeiten	4989700
romulaner	4989699
samson	4989698
diskutiert	4989697
grosseltern	4989696
privates	4989695
unruhe	4989694
triumph	4989693
militarischen	4989692
imstande	4989691
nadeln	4989690
matrosen	4989689
ubergebe	4989688
geschaftspartner	4989687
uberlebte	4989686
unordnung	4989685
technischen	4989684
entzuckt	4989683
prophet	4989682
wegrennen	4989681
speisen	4989680
verfugen	4989679
ampel	4989678
horror	4989677
klarheit	4989676
losfahren	4989675
behandle	4989674
brendan	4989673
alias	4989672
gequalt	4989671
skipper	4989670
auffuhrung	4989669
gefangenschaft	4989668
trefft	4989667
besserung	4989666
hinteren	4989665
blues	4989664
kleinsten	4989663
viper	4989662
wyatt	4989661
gefluchtet	4989660
weck	4989659
auffallen	4989658
zuruckverfolgen	4989657
sonnenlicht	4989656
antwortest	4989655
umweg	4989654
copyright	4989653
mina	4989652
dunham	4989651
ichs	4989650
industrie	4989649
zuruckhaben	4989648
verfugt	4989647
cafeteria	4989646
ops	4989645
einmalig	4989644
gering	4989643
strafen	4989642
blossen	4989641
grunder	4989640
gucke	4989639
zusammenbleiben	4989638
tabu	4989637
siebten	4989636
gereizt	4989635
trager	4989634
vergewaltiger	4989633
sonderbar	4989632
haupt	4989631
reduzieren	4989630
frederick	4989629
astronauten	4989628
wiese	4989627
chili	4989626
mitbewohnerin	4989625
verhandelt	4989624
hoffman	4989623
ankamen	4989622
wiehern	4989621
bewegte	4989620
siehe	4989619
verratst	4989618
game	4989617
trauriger	4989616
journalistin	4989615
gestolpert	4989614
anflug	4989613
berechnungen	4989612
effektiv	4989611
eingepackt	4989610
zerbricht	4989609
ernten	4989608
handelte	4989607
einsamer	4989606
shoppen	4989605
schnecke	4989604
wohlstand	4989603
ausgesagt	4989602
chemische	4989601
kaviar	4989600
anteile	4989599
befreie	4989598
kassieren	4989597
kraftfeld	4989596
hochwurden	4989595
lopez	4989594
vorstrafen	4989593
lampen	4989592
kundigung	4989591
auszudrucken	4989590
roch	4989589
america	4989588
hindernis	4989587
ablauft	4989586
komma	4989585
malt	4989584
woman	4989583
festland	4989582
tauscht	4989581
scylla	4989580
clan	4989579
tapferer	4989578
weaver	4989577
pumpen	4989576
neville	4989575
analysiert	4989574
vermieter	4989573
aufgerissen	4989572
ausweichen	4989571
gefahrliches	4989570
braute	4989569
titelseite	4989568
geschopf	4989567
shanghai	4989566
starr	4989565
mitgeteilt	4989564
adele	4989563
umgeht	4989562
intersect	4989561
unversehrt	4989560
falten	4989559
ruckgrat	4989558
stalin	4989557
schrieben	4989556
homo	4989555
season	4989554
zuzugeben	4989553
immunitat	4989552
ziemliche	4989551
schwiegermutter	4989550
enorme	4989549
abgeht	4989548
haie	4989547
zivilisationen	4989546
damlicher	4989545
rechne	4989544
non	4989543
dee	4989542
schiffs	4989541
verein	4989540
addison	4989539
dora	4989538
gastezimmer	4989537
fernen	4989536
linus	4989535
aufruf	4989534
hingehort	4989533
einfangen	4989532
scharfen	4989531
ka	4989530
heinz	4989529
seen	4989528
eule	4989527
ching	4989526
klima	4989525
sicherung	4989524
abzeichen	4989523
springfield	4989522
tick	4989521
backe	4989520
diskretion	4989519
glaubens	4989518
territorium	4989517
klientin	4989516
empfunden	4989515
bestell	4989514
einkommen	4989513
nervig	4989512
gehirne	4989511
umgedreht	4989510
monte	4989509
boulevard	4989508
depressiv	4989507
verantwortlichen	4989506
vorkommt	4989505
lastig	4989504
comics	4989503
country	4989502
befordern	4989501
entscheidend	4989500
erreiche	4989499
fix	4989498
verklagt	4989497
urteilsvermogen	4989496
hamlet	4989495
kummerte	4989494
graber	4989493
monche	4989492
zah	4989491
grill	4989490
warfen	4989489
kaiserliche	4989488
uberpruf	4989487
cowboys	4989486
strike	4989485
buchanan	4989484
streicheln	4989483
fledermaus	4989482
schweinerei	4989481
buenos	4989480
parks	4989479
volles	4989478
enten	4989477
scheich	4989476
interne	4989475
herausgestellt	4989474
geschissen	4989473
labyrinth	4989472
mozart	4989471
verurteilung	4989470
scarlett	4989469
klippe	4989468
einberufen	4989467
unerhort	4989466
backerei	4989465
terrorismus	4989464
schmuggeln	4989463
bereut	4989462
definition	4989461
pfeffer	4989460
lenkt	4989459
richtungen	4989458
ungeschickt	4989457
schert	4989456
bekanntschaft	4989455
beschlagnahmt	4989454
lilli	4989453
unsterblichkeit	4989452
uhm	4989451
anstrengen	4989450
schwindlig	4989449
gehorsam	4989448
smoking	4989447
feiertag	4989446
crazy	4989445
united	4989444
gestimmt	4989443
bestechung	4989442
bevorzugt	4989441
schnarcht	4989440
blonden	4989439
versaumt	4989438
uberprufung	4989437
schwelle	4989436
studierte	4989435
won	4989434
anomalie	4989433
vance	4989432
notiert	4989431
bremse	4989430
abbekommen	4989429
johann	4989428
schopfung	4989427
manuskript	4989426
weggerannt	4989425
beizubringen	4989424
empfindet	4989423
therapeuten	4989422
ausdrucklich	4989421
apokalypse	4989420
ungestort	4989419
kahn	4989418
weigere	4989417
aussenseiter	4989416
dante	4989415
well	4989414
visiontext	4989413
zhang	4989412
brothers	4989411
donny	4989410
polizeirevier	4989409
lyle	4989408
borgen	4989407
abdruck	4989406
regierungen	4989405
kick	4989404
autoren	4989403
powers	4989402
beheben	4989401
entziehen	4989400
unterbrechung	4989399
freud	4989398
sushi	4989397
rezeption	4989396
susanne	4989395
list	4989394
toricht	4989393
ansiehst	4989392
typische	4989391
spanischen	4989390
eingelassen	4989389
ziemlicher	4989388
wechselgeld	4989387
uberwachungskameras	4989386
kenneth	4989385
louisiana	4989384
mail	4989383
besetzung	4989382
mittelpunkt	4989381
resultate	4989380
mischt	4989379
spitzen	4989378
emmett	4989377
erfolgt	4989376
besorgnis	4989375
flachgelegt	4989374
grandpa	4989373
wiederkommt	4989372
cyrus	4989371
davonlaufen	4989370
michaels	4989369
blondine	4989368
schweinehund	4989367
allerseits	4989366
verrecken	4989365
schreibmaschine	4989364
fussboden	4989363
legenden	4989362
portal	4989361
verbundete	4989360
tiefsten	4989359
bars	4989358
druckst	4989357
gorilla	4989356
hellseher	4989355
yuki	4989354
aufwachte	4989353
zuruckgegeben	4989352
missy	4989351
achzen	4989350
allmachtiger	4989349
dankt	4989348
verzogerung	4989347
auftauchte	4989346
lappen	4989345
spitzname	4989344
brenne	4989343
verlauf	4989342
verabschiede	4989341
sams	4989340
erreichte	4989339
erstaunliche	4989338
zweier	4989337
parlament	4989336
moriarty	4989335
philipp	4989334
liebevoll	4989333
drehten	4989332
geblasen	4989331
wisch	4989330
wiegen	4989329
deep	4989328
bohren	4989327
korridor	4989326
herauskommen	4989325
auffliegen	4989324
bryce	4989323
abgang	4989322
hochstwahrscheinlich	4989321
herrliche	4989320
paolo	4989319
bennet	4989318
ratet	4989317
psychiatrie	4989316
warmer	4989315
away	4989314
dekan	4989313
sechsten	4989312
torpedos	4989311
monty	4989310
zuruckzubringen	4989309
gunst	4989308
verschwendest	4989307
drittes	4989306
versenken	4989305
vormachen	4989304
gracias	4989303
michigan	4989302
aufsatz	4989301
unterdruckt	4989300
argentinien	4989299
falke	4989298
verleiht	4989297
erfreuen	4989296
stadium	4989295
hochstpersonlich	4989294
gewaltige	4989293
oxford	4989292
umstellt	4989291
feng	4989290
reinzukommen	4989289
morders	4989288
schwort	4989287
durchbrechen	4989286
sonia	4989285
town	4989284
deienn	4989283
erwischte	4989282
aufseher	4989281
nadine	4989280
schossen	4989279
abdrucken	4989278
hintereinander	4989277
blanche	4989276
jared	4989275
schamt	4989274
scheisst	4989273
reinziehen	4989272
ski	4989271
aufwand	4989270
gehauen	4989269
hiro	4989268
langweile	4989267
lachte	4989266
entschuldigungen	4989265
gittern	4989264
carolyn	4989263
kratzt	4989262
adios	4989261
buchen	4989260
ausseren	4989259
nachtschicht	4989258
cary	4989257
anfasst	4989256
ast	4989255
schilling	4989254
su	4989253
schweinchen	4989252
puff	4989251
kochst	4989250
hingezogen	4989249
immobilien	4989248
adoption	4989247
vorrat	4989246
adolf	4989245
chirurgie	4989244
scheidet	4989243
winchester	4989242
absatz	4989241
massen	4989240
aussern	4989239
bestimme	4989238
ubernachtet	4989237
gewissheit	4989236
biologische	4989235
hei	4989234
kompletten	4989233
langsame	4989232
bird	4989231
sonderlich	4989230
besessenheit	4989229
exil	4989228
bosse	4989227
beunruhigen	4989226
notizbuch	4989225
optimistisch	4989224
losgeht	4989223
strick	4989222
fruhere	4989221
cassidy	4989220
ablauf	4989219
warest	4989218
improvisieren	4989217
cape	4989216
onkels	4989215
mikro	4989214
eingebrockt	4989213
abzuschliessen	4989212
verschliessen	4989211
katja	4989210
zuversichtlich	4989209
lokalisieren	4989208
astrid	4989207
grossgezogen	4989206
treppenhaus	4989205
rechenschaft	4989204
geschockt	4989203
walzer	4989202
rebellion	4989201
call	4989200
constable	4989199
penelope	4989198
aufgespurt	4989197
rausch	4989196
vormittag	4989195
schonmal	4989194
clint	4989193
andernfalls	4989192
harriet	4989191
isolieren	4989190
carolina	4989189
atzend	4989188
verfolgte	4989187
savannah	4989186
mikrofon	4989185
wiehert	4989184
uberschreiten	4989183
urin	4989182
geschweige	4989181
trent	4989180
warner	4989179
schnelles	4989178
flugplatz	4989177
zunder	4989176
nachgeben	4989175
religiose	4989174
ungarn	4989173
jody	4989172
wiedergeboren	4989171
kulturen	4989170
tell	4989169
verwalter	4989168
weiterzumachen	4989167
nachschauen	4989166
lords	4989165
image	4989164
ash	4989163
niko	4989162
gebrauch	4989161
maximal	4989160
aufgefuhrt	4989159
telefonzelle	4989158
steuerung	4989157
barbaren	4989156
ruhigen	4989155
verehrer	4989154
legten	4989153
scheinwerfer	4989152
aziz	4989151
innern	4989150
langweilt	4989149
kreativ	4989148
death	4989147
mmh	4989146
lucia	4989145
joker	4989144
betsy	4989143
entsetzt	4989142
jungfrauen	4989141
europas	4989140
lehnte	4989139
fotografen	4989138
westlichen	4989137
rodrigo	4989136
einheimischen	4989135
metapher	4989134
fowler	4989133
knoblauch	4989132
picasso	4989131
eingeweide	4989130
heldin	4989129
tattoos	4989128
blutigen	4989127
putzfrau	4989126
originell	4989125
que	4989124
tardis	4989123
zielt	4989122
serum	4989121
wiedergutmachen	4989120
schauspiel	4989119
genf	4989118
bissen	4989117
anfange	4989116
wirbel	4989115
therese	4989114
witzbold	4989113
wale	4989112
folgten	4989111
zugeschlagen	4989110
sons	4989109
quietscht	4989108
streifenwagen	4989107
gelaunt	4989106
hartnackig	4989105
erhebe	4989104
hayley	4989103
auszusehen	4989102
depressionen	4989101
schliefen	4989100
zeugnis	4989099
rollt	4989098
umarme	4989097
isabel	4989096
ausgenommen	4989095
segnen	4989094
verubt	4989093
schmerzmittel	4989092
gelockt	4989091
leistet	4989090
cadillac	4989089
sauce	4989088
reisse	4989087
buzz	4989086
unterschreib	4989085
storm	4989084
erhohe	4989083
glucklichste	4989082
florence	4989081
liebenswurdig	4989080
befriedigen	4989079
erklarst	4989078
relevant	4989077
elektronische	4989076
dance	4989075
verwaltung	4989074
empfanger	4989073
iron	4989072
gale	4989071
tagesanbruch	4989070
lyndsey	4989069
robbins	4989068
trittst	4989067
unzufrieden	4989066
vergeblich	4989065
juwel	4989064
camelot	4989063
leichenschauhaus	4989062
begeht	4989061
ernahrt	4989060
pittsburgh	4989059
gewehrt	4989058
henrik	4989057
leland	4989056
sascha	4989055
fleming	4989054
lift	4989053
ausuben	4989052
regle	4989051
granaten	4989050
heidi	4989049
erleichtern	4989048
orangensaft	4989047
lot	4989046
tippen	4989045
erfolgreiche	4989044
bluht	4989043
ko	4989042
pumpe	4989041
gelohnt	4989040
three	4989039
loste	4989038
lehne	4989037
starksten	4989036
getauft	4989035
blutgruppe	4989034
hinterm	4989033
abbiegen	4989032
heh	4989031
schlinge	4989030
diamant	4989029
scht	4989028
verschuttet	4989027
verbrannte	4989026
bestien	4989025
eyes	4989024
krallen	4989023
angestellter	4989022
lizzie	4989021
gespeichert	4989020
wundervoller	4989019
reduziert	4989018
aufklarung	4989017
sprit	4989016
anstandiges	4989015
aufgeschlitzt	4989014
hingehst	4989013
reaktionen	4989012
skinner	4989011
renne	4989010
spind	4989009
double	4989008
doe	4989007
verdoppelt	4989006
mittendrin	4989005
bewaltigen	4989004
gibson	4989003
explosionen	4989002
verstummt	4989001
uberarbeitet	4989000
beschluss	4988999
sowjetunion	4988998
machs	4988997
jetzigen	4988996
packst	4988995
schiedsrichter	4988994
kessel	4988993
pennsylvania	4988992
maxwell	4988991
columbia	4988990
weitergeben	4988989
marcy	4988988
berechnen	4988987
debra	4988986
bewegst	4988985
ausgange	4988984
putz	4988983
dialog	4988982
mitgekommen	4988981
antibiotika	4988980
tomas	4988979
basta	4988978
erweckt	4988977
ubersturzen	4988976
haarschnitt	4988975
drive	4988974
marionette	4988973
vermachtnis	4988972
appartement	4988971
fantasien	4988970
herausfand	4988969
zusammengearbeitet	4988968
salt	4988967
sehne	4988966
gesindel	4988965
behaltet	4988964
eingefangen	4988963
eliot	4988962
buy	4988961
gewohnheiten	4988960
bluhen	4988959
stellvertreter	4988958
simpel	4988957
uberquert	4988956
aufbewahren	4988955
beschreibt	4988954
uberfordert	4988953
unterdrucken	4988952
satze	4988951
tausendmal	4988950
armeen	4988949
memphis	4988948
baust	4988947
friedliche	4988946
brucken	4988945
vergeudet	4988944
strahl	4988943
fickst	4988942
nash	4988941
beschuss	4988940
kreuzen	4988939
besetzen	4988938
simulation	4988937
rolf	4988936
ketchup	4988935
darryl	4988934
link	4988933
fuller	4988932
furchtest	4988931
zeh	4988930
off	4988929
irgendjemandem	4988928
solide	4988927
belgien	4988926
ausschuss	4988925
getraut	4988924
unbesiegbar	4988923
missbrauch	4988922
abtreibung	4988921
haufiger	4988920
ehering	4988919
handwerk	4988918
tapfere	4988917
rettest	4988916
systems	4988915
edler	4988914
idiotin	4988913
willens	4988912
notwendigkeit	4988911
finanziellen	4988910
hupe	4988909
xavier	4988908
sofortige	4988907
motive	4988906
schauspielern	4988905
lili	4988904
alarmanlage	4988903
planung	4988902
crixus	4988901
symbole	4988900
aiden	4988899
yankees	4988898
leistungen	4988897
portemonnaie	4988896
fisher	4988895
beachtet	4988894
waisen	4988893
lenkrad	4988892
ara	4988891
spielplatz	4988890
bekame	4988889
immun	4988888
darlehen	4988887
unentschieden	4988886
kirby	4988885
dringt	4988884
direktorin	4988883
aufladen	4988882
spiels	4988881
schleifen	4988880
kamm	4988879
viermal	4988878
anspruche	4988877
motoren	4988876
klara	4988875
whoo	4988874
dermassen	4988873
verwohnt	4988872
stander	4988871
filmstar	4988870
kurzes	4988869
brady	4988868
berechnet	4988867
helle	4988866
raffiniert	4988865
dea	4988864
fusion	4988863
anfrage	4988862
heu	4988861
johns	4988860
eigen	4988859
elise	4988858
bree	4988857
ausstellen	4988856
explodierte	4988855
trish	4988854
pulli	4988853
ay	4988852
freundlichkeit	4988851
jubelt	4988850
vergossen	4988849
scheiben	4988848
pisser	4988847
unvorstellbar	4988846
amerikanerin	4988845
kopiert	4988844
cesare	4988843
konfrontiert	4988842
ninja	4988841
cho	4988840
hr	4988839
streitkrafte	4988838
erfinder	4988837
sekte	4988836
bann	4988835
geraubt	4988834
festzustellen	4988833
western	4988832
buchhaltung	4988831
nutzte	4988830
einleiten	4988829
blood	4988828
erschreckend	4988827
jacks	4988826
tanken	4988825
herkules	4988824
verbockt	4988823
razzia	4988822
transportiert	4988821
ubertreib	4988820
ausgeliehen	4988819
stationen	4988818
heiliges	4988817
blutige	4988816
gespenster	4988815
dominic	4988814
freundlicher	4988813
therapeut	4988812
bakterien	4988811
anderst	4988810
angreift	4988809
saunders	4988808
kommunist	4988807
dodge	4988806
einbildung	4988805
illinois	4988804
zugesagt	4988803
auszusprechen	4988802
arche	4988801
ostern	4988800
sticht	4988799
hob	4988798
bea	4988797
lhres	4988796
hawkins	4988795
reiste	4988794
mohammed	4988793
unverstandliches	4988792
transporterraum	4988791
ss	4988790
beinah	4988789
gideon	4988788
riech	4988787
ruberkommen	4988786
ubt	4988785
beiss	4988784
kuhlen	4988783
oberflachlich	4988782
joggen	4988781
spezialisten	4988780
eingebaut	4988779
kopfchen	4988778
spassig	4988777
blutig	4988776
dewey	4988775
erkaltet	4988774
bezieht	4988773
gezielt	4988772
genannten	4988771
bonbons	4988770
obdachlosen	4988769
gerichts	4988768
hupfen	4988767
verschweigen	4988766
scan	4988765
aktuelle	4988764
einnahmen	4988763
karate	4988762
metzger	4988761
grauenvoll	4988760
senora	4988759
festgelegt	4988758
judische	4988757
kategorie	4988756
dorfer	4988755
uberwaltigend	4988754
spaten	4988753
mahlzeiten	4988752
untergebracht	4988751
gracie	4988750
griffen	4988749
verbrochen	4988748
ruinen	4988747
verschlafen	4988746
texte	4988745
kopieren	4988744
einzigartige	4988743
gruner	4988742
einzelhaft	4988741
asien	4988740
anderswo	4988739
unbemerkt	4988738
zutaten	4988737
dreckiges	4988736
ham	4988735
luna	4988734
verbrennungen	4988733
illusionen	4988732
lokale	4988731
ereignissen	4988730
oregon	4988729
mysteriosen	4988728
beobachtete	4988727
riese	4988726
holten	4988725
untergrund	4988724
gebrochenen	4988723
initialen	4988722
lotte	4988721
ubermitteln	4988720
kappe	4988719
darstellt	4988718
gebrochene	4988717
dollars	4988716
widersetzen	4988715
lupe	4988714
fruhjahr	4988713
cheng	4988712
aufgeklart	4988711
waschmaschine	4988710
zuruckbleiben	4988709
kameramann	4988708
marlene	4988707
finanziell	4988706
buffel	4988705
stillhalten	4988704
desmond	4988703
verlangte	4988702
abgeschlachtet	4988701
yoga	4988700
morgana	4988699
marx	4988698
trocknen	4988697
harlan	4988696
angriffen	4988695
irgendwem	4988694
artillerie	4988693
haftlinge	4988692
portier	4988691
zuruckgerufen	4988690
lizzy	4988689
hastings	4988688
unverschamtheit	4988687
buh	4988686
lunch	4988685
mills	4988684
eintrag	4988683
pyjama	4988682
sugar	4988681
gunnar	4988680
servus	4988679
pfennig	4988678
stau	4988677
grades	4988676
schneewittchen	4988675
kriminell	4988674
cooles	4988673
ahnlichen	4988672
edmund	4988671
griechischen	4988670
frankreichs	4988669
deppen	4988668
heimweh	4988667
demutigen	4988666
ch	4988665
beule	4988664
yuan	4988663
bi	4988662
versenkt	4988661
erleiden	4988660
klick	4988659
unannehmlichkeiten	4988658
info	4988657
dolly	4988656
hinnehmen	4988655
damien	4988654
sabrina	4988653
wirbelsaule	4988652
triebwerke	4988651
eskorte	4988650
only	4988649
entwickelten	4988648
rush	4988647
ehrgeizig	4988646
wahlkampf	4988645
angebote	4988644
frohliches	4988643
beweisstuck	4988642
verpissen	4988641
wurdigen	4988640
chaplin	4988639
entgeht	4988638
veranstaltet	4988637
anzuhoren	4988636
gilles	4988635
schwuler	4988634
blutes	4988633
vorfuhrung	4988632
zerstore	4988631
offener	4988630
counsellor	4988629
holodeck	4988628
kathryn	4988627
meth	4988626
parteien	4988625
freilassung	4988624
della	4988623
unangenehme	4988622
odin	4988621
geiler	4988620
irgendwen	4988619
sprunge	4988618
schenkel	4988617
panne	4988616
behauptete	4988615
oberleutnant	4988614
erdbeeren	4988613
ehemanner	4988612
jura	4988611
krote	4988610
erdnusse	4988609
eingejagt	4988608
elanna	4988607
angefuhlt	4988606
entwischen	4988605
gebumst	4988604
leiste	4988603
dino	4988602
bomber	4988601
treff	4988600
marcello	4988599
spritztour	4988598
geheimnisvoll	4988597
lern	4988596
lulu	4988595
kundschaft	4988594
bashir	4988593
fluchen	4988592
franco	4988591
mutiger	4988590
sdh	4988589
zweifle	4988588
genetische	4988587
sanchez	4988586
korn	4988585
benehmt	4988584
fandest	4988583
tang	4988582
schwing	4988581
sundenbock	4988580
poster	4988579
greife	4988578
vergnugt	4988577
erwagung	4988576
cut	4988575
intensivstation	4988574
verborgenen	4988573
auszuziehen	4988572
schmelzen	4988571
chin	4988570
anrufer	4988569
cece	4988568
komplizierte	4988567
raumschiffs	4988566
kommandeur	4988565
verurteile	4988564
woods	4988563
beton	4988562
pate	4988561
regenbogen	4988560
line	4988559
fettes	4988558
straftat	4988557
prostitution	4988556
ringen	4988555
frosche	4988554
gestohlene	4988553
really	4988552
zane	4988551
kaltblutig	4988550
klebeband	4988549
meyer	4988548
feen	4988547
klammern	4988546
wegkommen	4988545
joanna	4988544
jennings	4988543
kartell	4988542
eingefroren	4988541
busse	4988540
wertvolles	4988539
turkei	4988538
gummi	4988537
cliff	4988536
lt	4988535
blog	4988534
kaputte	4988533
wood	4988532
abgeordneter	4988531
hogan	4988530
satellit	4988529
mentor	4988528
zusammenbruch	4988527
organismus	4988526
deutlicher	4988525
edna	4988524
give	4988523
lacherliche	4988522
entfernte	4988521
voila	4988520
verabreden	4988519
psychopathen	4988518
beratung	4988517
erbaut	4988516
reingelassen	4988515
gebieter	4988514
malte	4988513
einreichen	4988512
provoziert	4988511
rory	4988510
teilte	4988509
zwilling	4988508
knete	4988507
kommandanten	4988506
fassade	4988505
trommel	4988504
erkenntnis	4988503
richterin	4988502
komplize	4988501
mehrfach	4988500
floss	4988499
korrupt	4988498
wandert	4988497
kutscher	4988496
declan	4988495
nachschub	4988494
fernando	4988493
puzzle	4988492
protest	4988491
vorgetauscht	4988490
rebekah	4988489
ct	4988488
untergeht	4988487
mittelalter	4988486
waise	4988485
schnur	4988484
eindringlinge	4988483
pfiff	4988482
kar	4988481
anmelden	4988480
entfliehen	4988479
spezielles	4988478
joghurt	4988477
abzugeben	4988476
cardassia	4988475
church	4988474
tablett	4988473
pelz	4988472
bucherei	4988471
ice	4988470
versorgung	4988469
ansprache	4988468
ausgerutscht	4988467
abseits	4988466
alberto	4988465
vollendet	4988464
sichert	4988463
ahnte	4988462
feuerwehrmann	4988461
quarterback	4988460
kgb	4988459
myers	4988458
engagement	4988457
fruhe	4988456
iv	4988455
gewirkt	4988454
beck	4988453
migrane	4988452
spurlos	4988451
hintergehen	4988450
gmbh	4988449
putzt	4988448
trockenen	4988447
express	4988446
dunkles	4988445
potential	4988444
leichtsinnig	4988443
yale	4988442
wikinger	4988441
ginny	4988440
bloom	4988439
tanja	4988438
verblutet	4988437
aufsehen	4988436
vollstandige	4988435
leopold	4988434
pegasus	4988433
biologie	4988432
treuer	4988431
raven	4988430
ronald	4988429
verwandter	4988428
eddy	4988427
seminar	4988426
beatrice	4988425
flyer	4988424
dirk	4988423
dauerhaft	4988422
nimmer	4988421
mara	4988420
grausamkeit	4988419
rausschmeissen	4988418
prufe	4988417
pinguin	4988416
schlank	4988415
via	4988414
eingetragen	4988413
schnecken	4988412
bedankt	4988411
ellbogen	4988410
telefonbuch	4988409
abgehort	4988408
parasiten	4988407
fluchtigen	4988406
vereinbaren	4988405
decks	4988404
jemandes	4988403
entsprechen	4988402
krahen	4988401
empire	4988400
besuchst	4988399
fuhlten	4988398
prime	4988397
glatze	4988396
gesundigt	4988395
mexikanischen	4988394
abgereist	4988393
boomer	4988392
beeintrachtigt	4988391
mitkommst	4988390
frieren	4988389
easy	4988388
zuhort	4988387
spezialisiert	4988386
instabil	4988385
traditionen	4988384
hara	4988383
erwidern	4988382
kosmos	4988381
ada	4988380
jagte	4988379
kunstwerk	4988378
packte	4988377
zerbrechlich	4988376
intelligente	4988375
banner	4988374
emotionalen	4988373
iwan	4988372
widersetzt	4988371
listen	4988370
romanze	4988369
mira	4988368
verlassenen	4988367
hindert	4988366
fat	4988365
vertritt	4988364
newton	4988363
lawson	4988362
intuition	4988361
aussenwelt	4988360
soda	4988359
scher	4988358
bangkok	4988357
freiwilligen	4988356
blute	4988355
breite	4988354
verliehen	4988353
tong	4988352
medizinisches	4988351
abfeuern	4988350
rauskommst	4988349
spiess	4988348
grosstenteils	4988347
daddys	4988346
steuert	4988345
hale	4988344
blutvergiessen	4988343
logische	4988342
instinkte	4988341
wegzukommen	4988340
drecksarbeit	4988339
pakistan	4988338
weltmeister	4988337
lecter	4988336
sequenz	4988335
genetisch	4988334
schlusse	4988333
fulle	4988332
geraumt	4988331
perfektion	4988330
erich	4988329
stritten	4988328
ariel	4988327
asyl	4988326
wangen	4988325
verstreut	4988324
gelubde	4988323
zugreifen	4988322
ole	4988321
cuddy	4988320
cisco	4988319
runtergehen	4988318
verehrt	4988317
beschrankt	4988316
stromausfall	4988315
hunderten	4988314
defiant	4988313
kronung	4988312
schneit	4988311
hahnchen	4988310
alterer	4988309
sogenannten	4988308
hexerei	4988307
verhaltst	4988306
sulu	4988305
genuss	4988304
nippel	4988303
kotze	4988302
massive	4988301
seinetwegen	4988300
schleife	4988299
entgangen	4988298
verkleidung	4988297
made	4988296
einzustellen	4988295
unterrichte	4988294
tatowierung	4988293
beerdigen	4988292
koste	4988291
beruhre	4988290
nine	4988289
dreien	4988288
lachs	4988287
kaplan	4988286
inn	4988285
pascal	4988284
crews	4988283
unglaublichen	4988282
grauenhaft	4988281
subtitles	4988280
stockwerke	4988279
hollisch	4988278
wissenschaftlichen	4988277
grosszugigkeit	4988276
hingefallen	4988275
wiederfinden	4988274
beantragen	4988273
pamela	4988272
fakultat	4988271
jenes	4988270
sicherheitssystem	4988269
zerquetscht	4988268
eingeliefert	4988267
coco	4988266
vargas	4988265
klatsch	4988264
frankfurt	4988263
furchtbarer	4988262
gruft	4988261
marks	4988260
mother	4988259
fallschirm	4988258
five	4988257
vermutungen	4988256
daryl	4988255
rechter	4988254
aussenministerium	4988253
webber	4988252
ausfallen	4988251
schulern	4988250
deprimierend	4988249
gisburne	4988248
antut	4988247
dope	4988246
rankommen	4988245
clarence	4988244
zornig	4988243
unangebracht	4988242
einstecken	4988241
fernzuhalten	4988240
getreide	4988239
abgeriegelt	4988238
berechtigt	4988237
ade	4988236
periode	4988235
staubsauger	4988234
lara	4988233
wallander	4988232
lanze	4988231
einfahrt	4988230
ferkel	4988229
hansen	4988228
unbekannter	4988227
entscheidende	4988226
aussere	4988225
repariere	4988224
bewahrungshelfer	4988223
heiligabend	4988222
medaillon	4988221
movie	4988220
jessi	4988219
augenbrauen	4988218
kolumbien	4988217
blickt	4988216
kerlchen	4988215
fetzen	4988214
verursachte	4988213
zulassung	4988212
duster	4988211
geruchten	4988210
zicke	4988209
beladen	4988208
informiere	4988207
durchdacht	4988206
dunne	4988205
islam	4988204
verachten	4988203
rothaarige	4988202
gallier	4988201
hochzeitsreise	4988200
agency	4988199
leela	4988198
kamui	4988197
sterbenden	4988196
grossvaters	4988195
selma	4988194
dorfbewohner	4988193
romantischen	4988192
gil	4988191
ergangen	4988190
russischer	4988189
agents	4988188
argumente	4988187
brillante	4988186
klarmachen	4988185
coup	4988184
kippe	4988183
gehorche	4988182
unterhalb	4988181
bagdad	4988180
manover	4988179
grundlos	4988178
gatte	4988177
sexueller	4988176
ultimative	4988175
atmung	4988174
forderung	4988173
rouge	4988172
officers	4988171
trainiere	4988170
fehlende	4988169
hallochen	4988168
eingetreten	4988167
lordschaft	4988166
russ	4988165
erlitt	4988164
arnie	4988163
gamera	4988162
gekonnt	4988161
maestro	4988160
eigenschaft	4988159
weigerte	4988158
cheese	4988157
planst	4988156
erfand	4988155
jorge	4988154
stalker	4988153
amerikanern	4988152
platzieren	4988151
angenehmen	4988150
reaktor	4988149
grossbritannien	4988148
flanke	4988147
gatten	4988146
kapuze	4988145
mitzukommen	4988144
vorlesung	4988143
kommenden	4988142
kurse	4988141
gansehaut	4988140
lachelst	4988139
stecker	4988138
lutschen	4988137
mulleimer	4988136
kes	4988135
manchester	4988134
reife	4988133
verschickt	4988132
hochster	4988131
zugenommen	4988130
halst	4988129
board	4988128
ruckendeckung	4988127
verheiratete	4988126
unterschiede	4988125
gefruhstuckt	4988124
inakzeptabel	4988123
aussergewohnliches	4988122
room	4988121
wanna	4988120
toi	4988119
sekt	4988118
verzaubert	4988117
st	4988116
millie	4988115
downtown	4988114
erhangt	4988113
stillgestanden	4988112
grimes	4988111
begreift	4988110
horner	4988109
umgekommen	4988108
circa	4988107
ehrlichen	4988106
gesetzen	4988105
leser	4988104
kritisieren	4988103
kritiker	4988102
boyle	4988101
rudern	4988100
offenbarung	4988099
geklopft	4988098
faulen	4988097
yacht	4988096
benson	4988095
sausen	4988094
grundschule	4988093
zeitschriften	4988092
logo	4988091
speicher	4988090
rohre	4988089
schwitzt	4988088
todesurteil	4988087
hinterlasse	4988086
wright	4988085
philly	4988084
ansage	4988083
net	4988082
juice	4988081
swan	4988080
schriften	4988079
krokodil	4988078
roller	4988077
hologramm	4988076
plundern	4988075
klicken	4988074
uberspringen	4988073
beschleunigt	4988072
sags	4988071
zufriedenheit	4988070
herzanfall	4988069
einschuchtern	4988068
wohnten	4988067
verbluffend	4988066
behinderung	4988065
springs	4988064
strumpfe	4988063
eineinhalb	4988062
lennox	4988061
kindchen	4988060
durchschnitt	4988059
verstopft	4988058
fehlern	4988057
gewundert	4988056
hoden	4988055
wesentliche	4988054
vorgeben	4988053
krankes	4988052
angekundigt	4988051
gringo	4988050
geistigen	4988049
entscharfen	4988048
unters	4988047
backer	4988046
muscheln	4988045
wundervolles	4988044
gekidnappt	4988043
streichholz	4988042
callahan	4988041
nico	4988040
besorgst	4988039
flaschchen	4988038
schlappschwanz	4988037
giles	4988036
rucksichtslos	4988035
brachen	4988034
seile	4988033
konferenzraum	4988032
franzosischer	4988031
jackett	4988030
sportler	4988029
siedlung	4988028
rinder	4988027
rotwein	4988026
notieren	4988025
herzchen	4988024
dummkopfe	4988023
loscht	4988022
nordlichen	4988021
tiffany	4988020
homeland	4988019
verfluchtes	4988018
hallelujah	4988017
lockhart	4988016
logbuch	4988015
lexie	4988014
geborene	4988013
memo	4988012
wohlauf	4988011
erwurgen	4988010
anstrengung	4988009
centauri	4988008
zweieinhalb	4988007
verschrieben	4988006
flote	4988005
enzo	4988004
four	4988003
geschlossenen	4988002
burton	4988001
orlando	4988000
zuruckzugeben	4987999
giessen	4987998
fahrte	4987997
hinab	4987996
kinderzimmer	4987995
trey	4987994
nat	4987993
brewster	4987992
darren	4987991
mutige	4987990
franks	4987989
schreiend	4987988
alptraume	4987987
verlangern	4987986
fallenlassen	4987985
face	4987984
angefordert	4987983
coop	4987982
gluckwunsche	4987981
makler	4987980
strassenseite	4987979
freundlichen	4987978
offenes	4987977
lucie	4987976
reisenden	4987975
lindern	4987974
konsulat	4987973
great	4987972
yi	4987971
genesung	4987970
reisende	4987969
sperre	4987968
wider	4987967
adel	4987966
vorliebe	4987965
wagens	4987964
lucrezia	4987963
geoff	4987962
trab	4987961
herkommst	4987960
milde	4987959
abendbrot	4987958
glucksspiel	4987957
konrad	4987956
prioritaten	4987955
steckten	4987954
lokalen	4987953
knaben	4987952
medikamenten	4987951
sierra	4987950
sicheres	4987949
kleidern	4987948
interessierte	4987947
durchgebrannt	4987946
erholung	4987945
zurucknehmen	4987944
ausreichen	4987943
endlos	4987942
pipi	4987941
verhungere	4987940
verhext	4987939
moms	4987938
bestochen	4987937
mckay	4987936
maddy	4987935
verstoss	4987934
aufgetragen	4987933
bedeutest	4987932
neigen	4987931
sanders	4987930
vierzig	4987929
malibu	4987928
wegzulaufen	4987927
matrix	4987926
heiratsantrag	4987925
lagerraum	4987924
kentucky	4987923
gecheckt	4987922
zahlte	4987921
gestapo	4987920
zurich	4987919
willis	4987918
pepper	4987917
nixon	4987916
interessierst	4987915
antike	4987914
unmittelbar	4987913
fenstern	4987912
spucke	4987911
notar	4987910
prototyp	4987909
patriot	4987908
cobb	4987907
dringen	4987906
lapd	4987905
feines	4987904
zielscheibe	4987903
gespendet	4987902
realisiert	4987901
wahlerisch	4987900
nevada	4987899
programme	4987898
ekel	4987897
lisbon	4987896
kurbis	4987895
historischen	4987894
einschatzung	4987893
models	4987892
draufgehen	4987891
erhalte	4987890
furz	4987889
grady	4987888
shelley	4987887
teilzunehmen	4987886
bestohlen	4987885
oi	4987884
jeremiah	4987883
fayed	4987882
zusammengebrochen	4987881
lyla	4987880
uberwunden	4987879
mithilfe	4987878
gelder	4987877
geldbeutel	4987876
mathilde	4987875
ripper	4987874
zufugen	4987873
shelly	4987872
mamma	4987871
cupcakes	4987870
wischen	4987869
wochenenden	4987868
schleicht	4987867
kopfgeldjager	4987866
verpfiffen	4987865
artig	4987864
spatz	4987863
zwitschern	4987862
part	4987861
blah	4987860
angesagt	4987859
beitreten	4987858
untersuche	4987857
stor	4987856
verschluss	4987855
kaputten	4987854
briefen	4987853
imperator	4987852
ag	4987851
praktikum	4987850
piepst	4987849
freigabe	4987848
rabatt	4987847
anerkannt	4987846
ernster	4987845
aquarium	4987844
lhm	4987843
javier	4987842
wissens	4987841
bewerbung	4987840
neuling	4987839
ausverkauft	4987838
hetero	4987837
neigt	4987836
leeres	4987835
offnest	4987834
auffallig	4987833
panther	4987832
forschungen	4987831
verbrachten	4987830
griffith	4987829
maine	4987828
tragische	4987827
mauschen	4987826
alfie	4987825
verkleiden	4987824
austern	4987823
hurley	4987822
kupfer	4987821
mitgekriegt	4987820
einsatzbereit	4987819
alexandra	4987818
piepsen	4987817
ungefahrlich	4987816
palm	4987815
detektive	4987814
betauben	4987813
abtreten	4987812
bataillon	4987811
dag	4987810
sicherste	4987809
ungluckliche	4987808
elliott	4987807
geistige	4987806
gerard	4987805
mill	4987804
niete	4987803
florrick	4987802
ortliche	4987801
warschau	4987800
beabsichtigt	4987799
igor	4987798
unglaubliches	4987797
verschlusselt	4987796
griechisch	4987795
chaotisch	4987794
lumpen	4987793
tyson	4987792
lichts	4987791
herauf	4987790
garibaidi	4987789
sauberen	4987788
sauberes	4987787
hmmm	4987786
dringende	4987785
bodyguard	4987784
kapiere	4987783
erdboden	4987782
zerstorten	4987781
akira	4987780
scans	4987779
ost	4987778
kreise	4987777
byron	4987776
arschgesicht	4987775
kontinent	4987774
why	4987773
kantine	4987772
caitlin	4987771
definieren	4987770
soul	4987769
gunsten	4987768
aufgehen	4987767
ai	4987766
judas	4987765
forrest	4987764
lad	4987763
dogs	4987762
sybil	4987761
chicken	4987760
spielfeld	4987759
saure	4987758
glied	4987757
lexi	4987756
flora	4987755
auftraggeber	4987754
marschiert	4987753
sudafrika	4987752
zufalligerweise	4987751
leih	4987750
fliegenden	4987749
judisch	4987748
burde	4987747
kracht	4987746
wohler	4987745
fehlfunktion	4987744
winnetou	4987743
beleidigend	4987742
unverandert	4987741
verleger	4987740
dani	4987739
schmied	4987738
erdnussbutter	4987737
elternteil	4987736
benachrichtigt	4987735
santos	4987734
dummste	4987733
behielt	4987732
too	4987731
trauriges	4987730
reparaturen	4987729
indiana	4987728
hamptons	4987727
vorfuhren	4987726
stanford	4987725
stabilisieren	4987724
englands	4987723
ahoi	4987722
differenzen	4987721
projekte	4987720
eagle	4987719
reiz	4987718
angenehmer	4987717
irgendwoher	4987716
dwight	4987715
gleis	4987714
helga	4987713
preisen	4987712
ave	4987711
wasserfall	4987710
kacken	4987709
vortauschen	4987708
vatikan	4987707
ms	4987706
chambers	4987705
kontrolliere	4987704
vorgeschichte	4987703
recherchiert	4987702
cotton	4987701
ubungen	4987700
religios	4987699
physisch	4987698
elende	4987697
wag	4987696
aufstellung	4987695
hassan	4987694
reservierung	4987693
geklingelt	4987692
kompromiss	4987691
jedi	4987690
bear	4987689
stutzen	4987688
connecticut	4987687
tranken	4987686
kommentare	4987685
saga	4987684
schreiber	4987683
davina	4987682
geburtstagsparty	4987681
astronaut	4987680
bekloppt	4987679
erwahnten	4987678
frances	4987677
sensation	4987676
gebuhrt	4987675
becker	4987674
slip	4987673
katholisch	4987672
pure	4987671
wortlich	4987670
churchill	4987669
fasser	4987668
sabotage	4987667
kohl	4987666
verteidigungsministerium	4987665
wohle	4987664
vogelt	4987663
gebiete	4987662
reinheit	4987661
abt	4987660
murmeln	4987659
rabbit	4987658
beteiligen	4987657
pscht	4987656
wahnsinniger	4987655
getrennte	4987654
flugeln	4987653
oberin	4987652
gemischt	4987651
antiquitaten	4987650
best	4987649
auszusagen	4987648
schmutziges	4987647
pfanne	4987646
entfernten	4987645
gefurchtet	4987644
religiosen	4987643
oklahoma	4987642
rover	4987641
fitnessstudio	4987640
inspektion	4987639
some	4987638
geschlechtsverkehr	4987637
meuterei	4987636
polizeiarbeit	4987635
vorziehen	4987634
fluchtig	4987633
ausgetrickst	4987632
fehlenden	4987631
chinatown	4987630
vors	4987629
lautete	4987628
zitieren	4987627
uberholt	4987626
doppelganger	4987625
haustiere	4987624
kundin	4987623
kaufmann	4987622
inder	4987621
marlboro	4987620
feel	4987619
tau	4987618
davids	4987617
jackpot	4987616
gutachten	4987615
unverletzt	4987614
fran	4987613
vermischt	4987612
elfen	4987611
stucken	4987610
dell	4987609
kanister	4987608
anschnallen	4987607
anzuschliessen	4987606
trophae	4987605
wahrhaft	4987604
petra	4987603
ruinierst	4987602
aufgeflogen	4987601
socke	4987600
erlost	4987599
beruhrte	4987598
franck	4987597
zugerichtet	4987596
hinstellen	4987595
hola	4987594
balance	4987593
vicki	4987592
verkundet	4987591
ubersee	4987590
kroten	4987589
istja	4987588
hermann	4987587
aufgeweckt	4987586
weitergegeben	4987585
begehren	4987584
mad	4987583
creme	4987582
gefalle	4987581
udo	4987580
geschwacht	4987579
augenzeugen	4987578
lea	4987577
steaks	4987576
fehl	4987575
dummerchen	4987574
momenten	4987573
oleg	4987572
hinkommen	4987571
schutzengel	4987570
omega	4987569
plotzliche	4987568
visitenkarte	4987567
geniale	4987566
zimmern	4987565
karren	4987564
would	4987563
clive	4987562
barcelona	4987561
schmetterlinge	4987560
millimeter	4987559
snake	4987558
mutters	4987557
selbstverteidigung	4987556
jt	4987555
lehnt	4987554
abwesend	4987553
tournee	4987552
flusse	4987551
grazie	4987550
rene	4987549
sechste	4987548
irrsinn	4987547
moralisch	4987546
enthullen	4987545
tamara	4987544
verwustet	4987543
vorwarnung	4987542
umlaufbahn	4987541
weggeschickt	4987540
kriegte	4987539
abed	4987538
buben	4987537
krishna	4987536
alexandre	4987535
brigitte	4987534
mondes	4987533
lindsay	4987532
wies	4987531
zundung	4987530
zusammenkommen	4987529
heirateten	4987528
vampiren	4987527
ignoriere	4987526
gebadet	4987525
lippe	4987524
erstmals	4987523
everett	4987522
courtney	4987521
obelix	4987520
cookie	4987519
durchreise	4987518
ausgangssperre	4987517
energiequelle	4987516
gemurmel	4987515
university	4987514
vorladung	4987513
hingehe	4987512
spionin	4987511
erlaubst	4987510
hierhergekommen	4987509
vollenden	4987508
demonstrieren	4987507
wachstum	4987506
lsd	4987505
examen	4987504
gong	4987503
sehnen	4987502
hopkins	4987501
ungeziefer	4987500
hasslicher	4987499
newman	4987498
abfangen	4987497
beschatten	4987496
medizinisch	4987495
yan	4987494
serge	4987493
samstagabend	4987492
deals	4987491
erlaubte	4987490
auszugeben	4987489
beitragen	4987488
takt	4987487
docks	4987486
hua	4987485
perversen	4987484
verstorbene	4987483
griechische	4987482
carly	4987481
gebrannt	4987480
kaufhaus	4987479
korperlichen	4987478
ubergehen	4987477
ostkuste	4987476
mancher	4987475
fantastischen	4987474
babies	4987473
begrussung	4987472
schnellsten	4987471
verbittert	4987470
krauter	4987469
det	4987468
rumstehen	4987467
verwandlung	4987466
hanson	4987465
ausgerastet	4987464
geordi	4987463
kostenlose	4987462
geschutze	4987461
trummer	4987460
shorts	4987459
beworben	4987458
ausatmen	4987457
buster	4987456
identifizierung	4987455
handwerker	4987454
jarvis	4987453
zustande	4987452
jonny	4987451
freitagabend	4987450
schnellstens	4987449
empfand	4987448
tristan	4987447
brent	4987446
puppchen	4987445
londoner	4987444
vorspielen	4987443
bedeutungslos	4987442
scheppern	4987441
che	4987440
angemessene	4987439
leila	4987438
tuchtig	4987437
druckte	4987436
aufgewuhlt	4987435
ehefrauen	4987434
erklingt	4987433
wortes	4987432
vlad	4987431
computern	4987430
halsband	4987429
telefonklingeln	4987428
skyler	4987427
lemon	4987426
abfindung	4987425
buches	4987424
reissverschluss	4987423
magisch	4987422
bikini	4987421
betrunkene	4987420
weges	4987419
leuchtturm	4987418
geschadet	4987417
frequenzen	4987416
erfuhren	4987415
bauernhof	4987414
proviant	4987413
geschmiert	4987412
tanzmusik	4987411
punk	4987410
ertranken	4987409
grausamen	4987408
erkunden	4987407
brutale	4987406
ublen	4987405
sterbt	4987404
nino	4987403
briggs	4987402
treib	4987401
hoover	4987400
case	4987399
vertragt	4987398
vers	4987397
meinungen	4987396
erhort	4987395
judin	4987394
ausgegraben	4987393
meisterschaft	4987392
silbernen	4987391
hold	4987390
auszufuhren	4987389
offenbart	4987388
baltar	4987387
ausgestorben	4987386
ausgehalten	4987385
direkter	4987384
schlaue	4987383
weilchen	4987382
sauberer	4987381
entzundet	4987380
landest	4987379
geschaftliches	4987378
beteiligten	4987377
korsak	4987376
vordertur	4987375
evie	4987374
brussel	4987373
zuruckfahren	4987372
demutigung	4987371
angegeben	4987370
rocco	4987369
kjeld	4987368
diene	4987367
laurent	4987366
zundet	4987365
treuen	4987364
alphonse	4987363
bestatige	4987362
kripo	4987361
lebensversicherung	4987360
vorurteile	4987359
taubchen	4987358
lesben	4987357
medizinischer	4987356
almosen	4987355
ehen	4987354
verwundbar	4987353
balken	4987352
forderte	4987351
ncis	4987350
emilio	4987349
bundnis	4987348
kluges	4987347
harmon	4987346
fremdes	4987345
fund	4987344
streite	4987343
befugnis	4987342
handle	4987341
maja	4987340
france	4987339
alzheimer	4987338
erhofft	4987337
feldwebel	4987336
veranlassen	4987335
einzunehmen	4987334
bereust	4987333
genies	4987332
zusammengeschlagen	4987331
dolores	4987330
perverse	4987329
spuckt	4987328
spare	4987327
abgefangen	4987326
verheilt	4987325
sinclair	4987324
durchschauen	4987323
erlosen	4987322
saloon	4987321
andrej	4987320
allie	4987319
nero	4987318
missachtet	4987317
nervenzusammenbruch	4987316
huhu	4987315
abserviert	4987314
wissenschaftlich	4987313
erweist	4987312
hetzen	4987311
allmachtigen	4987310
speisekarte	4987309
vorenthalten	4987308
freiraum	4987307
sabotieren	4987306
wehr	4987305
storst	4987304
bedien	4987303
vitamine	4987302
unterbewusstsein	4987301
horde	4987300
alltag	4987299
run	4987298
abmarsch	4987297
wheeler	4987296
sprachlos	4987295
internen	4987294
interessanten	4987293
eitelkeit	4987292
stroh	4987291
key	4987290
superheld	4987289
remy	4987288
stargate	4987287
lynch	4987286
spezialist	4987285
atelier	4987284
streber	4987283
gips	4987282
ankundigung	4987281
betrieben	4987280
zahlung	4987279
vaughn	4987278
riegel	4987277
offnung	4987276
steigern	4987275
moralischen	4987274
uberblick	4987273
einjagen	4987272
geburtstagsgeschenk	4987271
trockene	4987270
zerstorer	4987269
anfingen	4987268
genehmigen	4987267
stattgegeben	4987266
kuken	4987265
verheirateten	4987264
schilder	4987263
wales	4987262
obere	4987261
flusses	4987260
regst	4987259
geradewegs	4987258
vorgang	4987257
brecht	4987256
fucking	4987255
individuum	4987254
entschlusseln	4987253
weizen	4987252
erfolgreichen	4987251
ganzlich	4987250
graysons	4987249
melvin	4987248
verjagt	4987247
alldem	4987246
orangen	4987245
leitete	4987244
eliminiert	4987243
hochzeitsnacht	4987242
verteidige	4987241
sitte	4987240
einzelganger	4987239
kostbare	4987238
hung	4987237
volliger	4987236
kapitulation	4987235
selbstsuchtig	4987234
gefalschte	4987233
nacheinander	4987232
ser	4987231
stanton	4987230
betrunkenen	4987229
auslassen	4987228
espresso	4987227
verkraften	4987226
crichton	4987225
royce	4987224
exklusiv	4987223
vorgelesen	4987222
topper	4987221
objektiv	4987220
koran	4987219
zusteht	4987218
league	4987217
auseinandersetzung	4987216
gell	4987215
arztliche	4987214
allgemeine	4987213
gehirnwasche	4987212
darstellung	4987211
eiscreme	4987210
god	4987209
gelegenheiten	4987208
pfleger	4987207
gleicher	4987206
family	4987205
jahrzehnte	4987204
burrows	4987203
erlose	4987202
wiedererkennen	4987201
abende	4987200
unterschiedlichen	4987199
portrat	4987198
wahler	4987197
mdr	4987196
gesichtern	4987195
lacherlichen	4987194
verfolgst	4987193
fluchtling	4987192
aktenkoffer	4987191
iowa	4987190
kunstlich	4987189
betreibt	4987188
rutscht	4987187
schnall	4987186
kauften	4987185
devlin	4987184
vin	4987183
anruhren	4987182
betrunkener	4987181
drecksau	4987180
erbsen	4987179
homosexuell	4987178
anwesenden	4987177
kermit	4987176
zurechtkommen	4987175
bronx	4987174
zumute	4987173
paco	4987172
abfahren	4987171
sicherheitschef	4987170
vollbringen	4987169
leidest	4987168
hello	4987167
falken	4987166
verabreicht	4987165
franzosin	4987164
hormone	4987163
eingeweiht	4987162
baze	4987161
fisk	4987160
ehm	4987159
inoffiziell	4987158
markieren	4987157
fabriken	4987156
rafael	4987155
trauben	4987154
schlagzeile	4987153
wiedergeburt	4987152
abgesucht	4987151
donut	4987150
behaupte	4987149
beunruhigend	4987148
belohnen	4987147
darm	4987146
kirchen	4987145
bessern	4987144
kittel	4987143
peking	4987142
ehrt	4987141
bedauerlicherweise	4987140
zimmermann	4987139
prasentiere	4987138
fax	4987137
gesiegt	4987136
seltenen	4987135
fixiert	4987134
warnte	4987133
verbrenne	4987132
harley	4987131
verstort	4987130
herman	4987129
abschlagen	4987128
amateur	4987127
wachs	4987126
tablette	4987125
protokolle	4987124
port	4987123
gefass	4987122
umfallen	4987121
alarmbereitschaft	4987120
heck	4987119
uberlasst	4987118
fauste	4987117
fahrkarten	4987116
haube	4987115
bundesagenten	4987114
grosserer	4987113
cheeseburger	4987112
ferdinand	4987111
mystic	4987110
cap	4987109
berucksichtigen	4987108
glucksbringer	4987107
beidem	4987106
cain	4987105
aschenbecher	4987104
zittert	4987103
biber	4987102
schaum	4987101
darsteller	4987100
anja	4987099
eiche	4987098
wolfen	4987097
seymour	4987096
aaah	4987095
erfolgreicher	4987094
favorit	4987093
sunshine	4987092
souvenir	4987091
uberreichen	4987090
luisa	4987089
hergeholt	4987088
einwandfrei	4987087
versuchs	4987086
geachtet	4987085
tanzte	4987084
erlassen	4987083
postkarte	4987082
hauptstrasse	4987081
geeinigt	4987080
schlampig	4987079
zarte	4987078
kopfhorer	4987077
ausnahmen	4987076
widerspruch	4987075
singapur	4987074
baronin	4987073
einzumischen	4987072
formulare	4987071
could	4987070
anwalten	4987069
anzuschauen	4987068
ansatz	4987067
shadow	4987066
gemessen	4987065
gnadiger	4987064
berliner	4987063
kuhler	4987062
geknallt	4987061
our	4987060
banker	4987059
ramirez	4987058
bereitmachen	4987057
marta	4987056
schmilzt	4987055
need	4987054
bildest	4987053
republikaner	4987052
missouri	4987051
ubergang	4987050
fingerabdruck	4987049
frachtraum	4987048
cocktails	4987047
neuerdings	4987046
vertauscht	4987045
erleuchtung	4987044
sammler	4987043
entwerfen	4987042
palme	4987041
schwarzmarkt	4987040
windel	4987039
ausgebucht	4987038
rutschen	4987037
schlimmere	4987036
seltener	4987035
wichtigere	4987034
anfuhlen	4987033
springst	4987032
schubsen	4987031
tai	4987030
zerfetzt	4987029
bevorsteht	4987028
britta	4987027
besorgte	4987026
verwende	4987025
mcqueen	4987024
dammerung	4987023
bleistift	4987022
mexikanische	4987021
montreal	4987020
fursorge	4987019
brummt	4987018
befunden	4987017
salazar	4987016
burgermeisters	4987015
strohsack	4987014
verpackt	4987013
erwahne	4987012
susi	4987011
christy	4987010
donnelly	4987009
bundel	4987008
anstarren	4987007
kostbar	4987006
liebenden	4987005
wendung	4987004
harlem	4987003
saures	4987002
botschaften	4987001
stolze	4987000
kev	4986999
schmieren	4986998
vermittelt	4986997
skalpell	4986996
machtigste	4986995
dublin	4986994
luc	4986993
zuchten	4986992
szenario	4986991
ehrenhaft	4986990
taschengeld	4986989
attraktive	4986988
miliz	4986987
charleston	4986986
caprica	4986985
esteban	4986984
freigesprochen	4986983
gerda	4986982
zelten	4986981
stehende	4986980
luftwaffe	4986979
missionen	4986978
rumgemacht	4986977
trennten	4986976
wertvoller	4986975
florenz	4986974
untertauchen	4986973
amnesie	4986972
herrlichen	4986971
widerrede	4986970
lise	4986969
geringer	4986968
bescheidenheit	4986967
cutler	4986966
gefordert	4986965
langere	4986964
barton	4986963
psychologen	4986962
then	4986961
acker	4986960
handbuch	4986959
beweismaterial	4986958
toaster	4986957
effizient	4986956
chico	4986955
hadar	4986954
schenkst	4986953
stromung	4986952
cheerleader	4986951
beweismittel	4986950
plananderung	4986949
liebenswert	4986948
kalb	4986947
erschrickt	4986946
gewand	4986945
moschee	4986944
lustigen	4986943
mikrowelle	4986942
gangs	4986941
denkmal	4986940
motiviert	4986939
nachweisen	4986938
hinrichten	4986937
launisch	4986936
ernahrung	4986935
len	4986934
loft	4986933
untereinander	4986932
verfugbaren	4986931
fluge	4986930
ficke	4986929
kennenlernte	4986928
schwanzen	4986927
cheryl	4986926
armselig	4986925
faule	4986924
dreharbeiten	4986923
komplimente	4986922
ying	4986921
hip	4986920
patterson	4986919
ghetto	4986918
gebaren	4986917
schwan	4986916
kairo	4986915
verringern	4986914
stellvertretender	4986913
hallen	4986912
village	4986911
ethel	4986910
dranbleiben	4986909
zuruckschicken	4986908
formation	4986907
signorina	4986906
beibehalten	4986905
paranoia	4986904
schnuffeln	4986903
sagtet	4986902
erworben	4986901
zahlreiche	4986900
protestieren	4986899
chemo	4986898
raul	4986897
penthouse	4986896
abgebrannt	4986895
identitaten	4986894
durchgefallen	4986893
deke	4986892
knecht	4986891
prozedur	4986890
justizministerium	4986889
aushelfen	4986888
prasenz	4986887
yards	4986886
wanderer	4986885
schluckt	4986884
klischee	4986883
beeren	4986882
reprasentieren	4986881
lebensstil	4986880
auferstanden	4986879
music	4986878
sake	4986877
reinbringen	4986876
aufzuwachen	4986875
petrus	4986874
zauberspruch	4986873
nachthemd	4986872
brennenden	4986871
wurzel	4986870
whirlpool	4986869
auserwahlte	4986868
arroganz	4986867
zusammenreissen	4986866
feuers	4986865
noble	4986864
ersparnisse	4986863
mahl	4986862
richmond	4986861
obama	4986860
lagerfeuer	4986859
abgehangt	4986858
ungewohnlichen	4986857
vorganger	4986856
interviewen	4986855
omi	4986854
skelett	4986853
geschick	4986852
versprachen	4986851
hayden	4986850
corey	4986849
hochzeitsgeschenk	4986848
breitet	4986847
aufregende	4986846
rekruten	4986845
aufm	4986844
stolzer	4986843
eingeleitet	4986842
untertanen	4986841
meeres	4986840
mumie	4986839
durchgang	4986838
sichtweite	4986837
simpsons	4986836
chinesisches	4986835
bekennen	4986834
verwandelte	4986833
standige	4986832
marjorie	4986831
cohen	4986830
yin	4986829
aktentasche	4986828
heights	4986827
ain	4986826
abgeknallt	4986825
pflucken	4986824
festival	4986823
visum	4986822
bethany	4986821
beurteilung	4986820
einzudringen	4986819
nachvollziehen	4986818
thorne	4986817
him	4986816
yoko	4986815
schaufeln	4986814
smallville	4986813
rivalen	4986812
spulen	4986811
provision	4986810
siebte	4986809
motivation	4986808
psychologische	4986807
noel	4986806
angsthase	4986805
befehlshaber	4986804
herzstillstand	4986803
abfinden	4986802
entschlossenheit	4986801
wahnsinnige	4986800
imitiert	4986799
befestigt	4986798
betonen	4986797
gekrankt	4986796
tripp	4986795
stellungnahme	4986794
besteigen	4986793
verachtung	4986792
stottert	4986791
liebende	4986790
auferstehen	4986789
vorsitzenden	4986788
kollektion	4986787
musical	4986786
theodore	4986785
milan	4986784
historische	4986783
nebeneinander	4986782
benennen	4986781
ubernahme	4986780
bankkonto	4986779
shaolin	4986778
burgermeisterin	4986777
blendend	4986776
asthma	4986775
weicht	4986774
angeschrien	4986773
staatsanwaltin	4986772
daleks	4986771
angesteckt	4986770
trompete	4986769
ungerechtigkeit	4986768
bestellte	4986767
kings	4986766
verpass	4986765
dilemma	4986764
diskussionen	4986763
korperteile	4986762
plante	4986761
salem	4986760
auszusetzen	4986759
garfield	4986758
hypnose	4986757
lockt	4986756
masche	4986755
dimitri	4986754
automaten	4986753
atemberaubend	4986752
einrichtungen	4986751
hassliches	4986750
gerechten	4986749
schnappe	4986748
exfrau	4986747
unerwartete	4986746
elite	4986745
anzupassen	4986744
bing	4986743
viertelstunde	4986742
tantchen	4986741
misshandelt	4986740
endstation	4986739
gosse	4986738
einfachste	4986737
schockierend	4986736
rumpf	4986735
rauskomme	4986734
erlangt	4986733
wechsle	4986732
marguerite	4986731
timothy	4986730
carver	4986729
mieze	4986728
artefakt	4986727
umbrachte	4986726
unruhen	4986725
bewerben	4986724
herausforderungen	4986723
undankbar	4986722
merkwurdigen	4986721
kriminalitat	4986720
organisierte	4986719
realen	4986718
angefleht	4986717
beta	4986716
stempel	4986715
erbitte	4986714
halblang	4986713
schlapp	4986712
fackel	4986711
rivers	4986710
samaritan	4986709
wackeln	4986708
eingeben	4986707
sinnvoll	4986706
zar	4986705
dinozzo	4986704
gepflegt	4986703
unterschreibt	4986702
jepp	4986701
absitzen	4986700
himmlisch	4986699
befriedigt	4986698
abstossend	4986697
entferne	4986696
verbot	4986695
denny	4986694
nachtclub	4986693
hinzugehen	4986692
vergangene	4986691
widerliche	4986690
heftige	4986689
ursprungliche	4986688
zehnmal	4986687
trupp	4986686
ernsten	4986685
architektur	4986684
stinksauer	4986683
tin	4986682
altester	4986681
knox	4986680
festlegen	4986679
elch	4986678
barmherzigkeit	4986677
krumel	4986676
vorfalle	4986675
gregor	4986674
einladungen	4986673
aubrey	4986672
leihe	4986671
zeichnet	4986670
gesandt	4986669
geschoben	4986668
erhohte	4986667
howie	4986666
subjekt	4986665
bestreiten	4986664
jesu	4986663
gottesdienst	4986662
staatliche	4986661
polieren	4986660
omen	4986659
gewaltigen	4986658
traumer	4986657
bewunderung	4986656
primitiv	4986655
strahlt	4986654
angestarrt	4986653
vanille	4986652
herrlicher	4986651
luigi	4986650
gewisses	4986649
massachusetts	4986648
friere	4986647
bmw	4986646
redaktion	4986645
schmoren	4986644
ringo	4986643
fun	4986642
ticken	4986641
stamme	4986640
betrugst	4986639
kommunismus	4986638
bezahlten	4986637
french	4986636
lorraine	4986635
vous	4986634
ranzukommen	4986633
lachten	4986632
pazifik	4986631
very	4986630
gro	4986629
brusten	4986628
verlief	4986627
ehepaar	4986626
geschopfe	4986625
verhalte	4986624
vernachlassigt	4986623
abgekriegt	4986622
viecher	4986621
dragon	4986620
gerechte	4986619
andersrum	4986618
cello	4986617
peyton	4986616
zeitlang	4986615
betreffen	4986614
eingeklemmt	4986613
verachtet	4986612
anzulugen	4986611
durchdringen	4986610
mopse	4986609
herrlichkeit	4986608
wiedergutmachung	4986607
einverstandnis	4986606
marokko	4986605
delphine	4986604
verfehlen	4986603
carlton	4986602
trinker	4986601
geysir	4986600
lieferungen	4986599
diebin	4986598
schiefgehen	4986597
cover	4986596
higgins	4986595
gewohn	4986594
belegen	4986593
baba	4986592
krater	4986591
olle	4986590
vergebens	4986589
wahrnehmung	4986588
taiwan	4986587
nassen	4986586
dahlia	4986585
ubertroffen	4986584
temple	4986583
malik	4986582
ess	4986581
kleinstadt	4986580
schrauben	4986579
niki	4986578
sitzungen	4986577
stromen	4986576
joes	4986575
gebote	4986574
pramie	4986573
betrat	4986572
his	4986571
nathalie	4986570
amis	4986569
kuscheln	4986568
kriegsgericht	4986567
zerreisst	4986566
minimum	4986565
hochziehen	4986564
definiert	4986563
inszeniert	4986562
einsetzt	4986561
corps	4986560
heile	4986559
scheu	4986558
laterne	4986557
demnach	4986556
jagst	4986555
anzufassen	4986554
globale	4986553
bayern	4986552
teuerste	4986551
billie	4986550
jahrgang	4986549
mannlicher	4986548
gandalf	4986547
stay	4986546
beihilfe	4986545
tracht	4986544
legion	4986543
aufbringen	4986542
pharao	4986541
pflegte	4986540
eingebracht	4986539
yankee	4986538
konvoi	4986537
morton	4986536
pole	4986535
geringe	4986534
lungenentzundung	4986533
organ	4986532
jugendamt	4986531
scherben	4986530
gretel	4986529
ferrari	4986528
bewundernswert	4986527
befinde	4986526
blamieren	4986525
plattform	4986524
grande	4986523
waschbecken	4986522
sitten	4986521
riskierst	4986520
hazel	4986519
angefuhrt	4986518
madeline	4986517
schmuggler	4986516
jaguar	4986515
spannungsgeladene	4986514
meckern	4986513
aufschrei	4986512
untreu	4986511
halbwegs	4986510
scheisskerle	4986509
micah	4986508
eintrifft	4986507
unterbringen	4986506
hinhalten	4986505
miez	4986504
director	4986503
versetzung	4986502
escobar	4986501
rummachen	4986500
gespur	4986499
hausmadchen	4986498
streck	4986497
zusatzlichen	4986496
ausfahrt	4986495
rechtmassig	4986494
wiederhergestellt	4986493
reale	4986492
sowjets	4986491
zubereitet	4986490
filter	4986489
werwolfe	4986488
boah	4986487
clem	4986486
olaf	4986485
weihnachtsgeschenk	4986484
pilar	4986483
gladys	4986482
vierzehn	4986481
pimmel	4986480
geschmuggelt	4986479
notfalls	4986478
entzogen	4986477
kristen	4986476
davey	4986475
jahrzehnten	4986474
bryan	4986473
siege	4986472
psychisch	4986471
durchfall	4986470
abschiessen	4986469
wiener	4986468
bademantel	4986467
edel	4986466
mrt	4986465
wehrt	4986464
langweilige	4986463
kanns	4986462
sponsor	4986461
bereiche	4986460
wiederherstellen	4986459
ballons	4986458
betete	4986457
ruckstand	4986456
disneyland	4986455
behindern	4986454
aurora	4986453
garak	4986452
bosartig	4986451
bezogen	4986450
siedler	4986449
junggeselle	4986448
hats	4986447
audienz	4986446
vielversprechend	4986445
linc	4986444
jacobs	4986443
grobe	4986442
putze	4986441
uberwiesen	4986440
constance	4986439
havanna	4986438
gehaltserhohung	4986437
indianern	4986436
lorna	4986435
zufalle	4986434
durchschneiden	4986433
liberty	4986432
manfred	4986431
verehren	4986430
ebenen	4986429
ami	4986428
bam	4986427
donnern	4986426
quadranten	4986425
porsche	4986424
lotto	4986423
fusco	4986422
sympathie	4986421
schoneres	4986420
erfulle	4986419
pur	4986418
aufgefordert	4986417
kitzelt	4986416
eingeholt	4986415
nebraska	4986414
verzweifelte	4986413
esszimmer	4986412
vorkehrungen	4986411
muse	4986410
herrschte	4986409
intelligenter	4986408
entschadigung	4986407
wundere	4986406
eigenhandig	4986405
aufdringlich	4986404
hergeben	4986403
chu	4986402
schwachkopfe	4986401
verpasste	4986400
therapeutin	4986399
bluff	4986398
europaischen	4986397
bequemer	4986396
verdirbt	4986395
malerei	4986394
chevy	4986393
magda	4986392
betreuer	4986391
fledermause	4986390
angeschlagen	4986389
verlag	4986388
lest	4986387
rausbekommen	4986386
siegt	4986385
rod	4986384
norton	4986383
mabel	4986382
ertrankt	4986381
verwohnen	4986380
gegraben	4986379
smiley	4986378
eingefuhrt	4986377
verschlingen	4986376
weibt	4986375
spike	4986374
ganse	4986373
renee	4986372
zuruckzubekommen	4986371
schnabel	4986370
befugt	4986369
klickt	4986368
abliefern	4986367
anbringen	4986366
werten	4986365
entspannung	4986364
halunke	4986363
schrein	4986362
gemahl	4986361
vernunftiger	4986360
roh	4986359
kalter	4986358
heft	4986357
wegschicken	4986356
kenji	4986355
gebraten	4986354
publicity	4986353
vorstelle	4986352
wellington	4986351
sarkasmus	4986350
frist	4986349
superhelden	4986348
eigenem	4986347
gasthaus	4986346
davongekommen	4986345
abwarts	4986344
bestelle	4986343
coleman	4986342
erfolge	4986341
mutanten	4986340
krypton	4986339
francoise	4986338
vollidioten	4986337
mitfahrgelegenheit	4986336
sterblichen	4986335
sergej	4986334
decker	4986333
traktor	4986332
schlaftabletten	4986331
wichtigkeit	4986330
unterhalt	4986329
brauchtest	4986328
dubois	4986327
grusst	4986326
renovieren	4986325
demut	4986324
mucken	4986323
dickes	4986322
beantragt	4986321
linker	4986320
erfrieren	4986319
huang	4986318
head	4986317
gezweifelt	4986316
bbc	4986315
dargestellt	4986314
jeglicher	4986313
schnallen	4986312
meldungen	4986311
unglucklichen	4986310
glotzen	4986309
verstandigt	4986308
orion	4986307
menu	4986306
weiterziehen	4986305
nachhause	4986304
mose	4986303
stacey	4986302
donnergrollen	4986301
frodo	4986300
verzerrt	4986299
losgegangen	4986298
pennen	4986297
free	4986296
aufgegessen	4986295
einfall	4986294
sudlichen	4986293
wolfgang	4986292
starkere	4986291
vergibt	4986290
hochkommen	4986289
reh	4986288
uberwaltigen	4986287
brave	4986286
iii	4986285
solomon	4986284
senorita	4986283
campen	4986282
krankenschwestern	4986281
reservieren	4986280
ultraschall	4986279
lambert	4986278
passenden	4986277
temperaturen	4986276
verschwommen	4986275
geborgen	4986274
brich	4986273
bedanke	4986272
schwefel	4986271
lasagne	4986270
knallhart	4986269
reprasentiert	4986268
luzifer	4986267
playboy	4986266
splitter	4986265
uberfallig	4986264
nahmst	4986263
stinkenden	4986262
aussenposten	4986261
vegetarier	4986260
pi	4986259
winken	4986258
schuften	4986257
uberlebe	4986256
wegzunehmen	4986255
adalind	4986254
heruber	4986253
ermordeten	4986252
schnitte	4986251
schwimmbad	4986250
finster	4986249
totung	4986248
ahnt	4986247
unsichtbaren	4986246
exempel	4986245
blackout	4986244
tribut	4986243
unkraut	4986242
disco	4986241
enthullt	4986240
herausfordern	4986239
lebwohl	4986238
verzichtet	4986237
trane	4986236
vorstellungskraft	4986235
beschossen	4986234
indizien	4986233
uberwachungskamera	4986232
springer	4986231
ungeachtet	4986230
wutender	4986229
einhorn	4986228
sibirien	4986227
morning	4986226
cook	4986225
mc	4986224
kriecht	4986223
crow	4986222
ohrfeige	4986221
showtime	4986220
wahnsinnigen	4986219
anklopfen	4986218
bliebe	4986217
bergab	4986216
klartext	4986215
auffuhren	4986214
gewickelt	4986213
merlyn	4986212
budapest	4986211
geschleppt	4986210
geargert	4986209
verwischen	4986208
abrechnung	4986207
open	4986206
stabilisiert	4986205
libby	4986204
verubeln	4986203
cambridge	4986202
marschall	4986201
vorrang	4986200
gegriffen	4986199
katz	4986198
mindy	4986197
lauert	4986196
entsorgen	4986195
attackiert	4986194
leinen	4986193
vernon	4986192
woraus	4986191
lokalisiert	4986190
peilsender	4986189
zauberhaft	4986188
ahneln	4986187
bub	4986186
aussichten	4986185
zelte	4986184
jaime	4986183
weihnachtsbaum	4986182
antlitz	4986181
klon	4986180
taktische	4986179
gottlich	4986178
ertappt	4986177
geschmacklos	4986176
herauskommt	4986175
anerkennen	4986174
rubel	4986173
expertin	4986172
jh	4986171
cockpit	4986170
mobile	4986169
plakat	4986168
vermietet	4986167
albernen	4986166
weinend	4986165
piano	4986164
castiel	4986163
leah	4986162
ansetzen	4986161
scheissding	4986160
fawlty	4986159
melone	4986158
schwesterchen	4986157
scharfschutze	4986156
verjagen	4986155
schafften	4986154
erzbischof	4986153
gutaussehend	4986152
umgehauen	4986151
meere	4986150
katrin	4986149
ausgraben	4986148
schraube	4986147
ohrring	4986146
unteroffizier	4986145
abgeordneten	4986144
pascha	4986143
reinkam	4986142
aufgibt	4986141
buchstabieren	4986140
erdgeschoss	4986139
heiter	4986138
vorspiel	4986137
jadzia	4986136
bezaubernde	4986135
auslandischen	4986134
fundament	4986133
troi	4986132
aufgesetzt	4986131
krumm	4986130
sauna	4986129
schrottplatz	4986128
offenbaren	4986127
undeutlich	4986126
grasslich	4986125
ordentliche	4986124
dusty	4986123
hinterhof	4986122
angriffs	4986121
heimatstadt	4986120
reitest	4986119
verspielt	4986118
opium	4986117
fingernagel	4986116
scherzt	4986115
eintauschen	4986114
anleitung	4986113
verwundete	4986112
zweig	4986111
zange	4986110
webseite	4986109
kanalisation	4986108
hurensohne	4986107
lebensgefahr	4986106
vulgar	4986105
beben	4986104
sogenannte	4986103
deeks	4986102
keep	4986101
grossmaul	4986100
dulde	4986099
nachdenkt	4986098
about	4986097
niedergebrannt	4986096
schacht	4986095
lucien	4986094
gemahlin	4986093
henrys	4986092
babysitten	4986091
zugemacht	4986090
winters	4986089
walters	4986088
zaubertrank	4986087
pepe	4986086
einsicht	4986085
angus	4986084
glanzend	4986083
ahhh	4986082
tatigen	4986081
webster	4986080
angelina	4986079
jammerlich	4986078
hineingezogen	4986077
stahlen	4986076
langweiligen	4986075
clinton	4986074
tornado	4986073
ziva	4986072
katrina	4986071
besturzt	4986070
feierlich	4986069
erkundigt	4986068
vereinten	4986067
fluchtige	4986066
ausgezeichneter	4986065
treibe	4986064
schrotflinte	4986063
waschlappen	4986062
fairen	4986061
rossi	4986060
jag	4986059
tresorraum	4986058
bombardiert	4986057
vorbestraft	4986056
recherche	4986055
videospiele	4986054
augenblicke	4986053
lilith	4986052
kaff	4986051
summers	4986050
poet	4986049
versprechungen	4986048
ba	4986047
beistehen	4986046
priya	4986045
endlose	4986044
ping	4986043
vikaay	4986042
spielsachen	4986041
dalli	4986040
problems	4986039
aufgegangen	4986038
fairer	4986037
verehrter	4986036
dreckschwein	4986035
zylinder	4986034
brech	4986033
personlichkeiten	4986032
randolph	4986031
modelle	4986030
geschwangert	4986029
glaschen	4986028
vorliegen	4986027
physische	4986026
lauern	4986025
castro	4986024
lover	4986023
sissi	4986022
zunde	4986021
obdachlos	4986020
merkwurdiger	4986019
ununterbrochen	4986018
zdf	4986017
gerichte	4986016
bedeutend	4986015
schwerste	4986014
morddezernat	4986013
whiteywhiteman	4986012
vizeprasidenten	4986011
mustang	4986010
ineinander	4986009
friert	4986008
ublicherweise	4986007
tschuldige	4986006
waage	4986005
verkabelt	4986004
lieferanten	4986003
schmeisse	4986002
weston	4986001
aufessen	4986000
geizig	4985999
prasidium	4985998
tyrannei	4985997
krahe	4985996
tiefes	4985995
skript	4985994
diamond	4985993
kakerlaken	4985992
gewendet	4985991
unvermeidlich	4985990
gral	4985989
knarrt	4985988
klassen	4985987
zusammenbrechen	4985986
mittels	4985985
vormund	4985984
again	4985983
geschubst	4985982
geheimer	4985981
nachteil	4985980
anheuern	4985979
erweitert	4985978
murmelt	4985977
elle	4985976
automatische	4985975
anfuhren	4985974
verschlagen	4985973
verarbeitet	4985972
gomez	4985971
offensive	4985970
werf	4985969
unfreundlich	4985968
aktiviere	4985967
installieren	4985966
wahnvorstellungen	4985965
gezeugt	4985964
exzellente	4985963
bowling	4985962
solang	4985961
thad	4985960
begabung	4985959
revoir	4985958
iq	4985957
auferstehung	4985956
athen	4985955
auslandische	4985954
heikel	4985953
helmut	4985952
pasta	4985951
schworst	4985950
altmodische	4985949
garth	4985948
anzutun	4985947
think	4985946
ya	4985945
foul	4985944
obdachlose	4985943
gegengift	4985942
ermutigt	4985941
tschau	4985940
spalt	4985939
geschaftliche	4985938
romane	4985937
zugen	4985936
gekotzt	4985935
uberweisen	4985934
maschinengewehr	4985933
wau	4985932
nobel	4985931
imbiss	4985930
faktor	4985929
beecher	4985928
wortwortlich	4985927
schiebe	4985926
akku	4985925
zuruckgeschickt	4985924
vermag	4985923
sehnt	4985922
spukt	4985921
sergei	4985920
beauty	4985919
feuchten	4985918
honorar	4985917
kamel	4985916
handschuhfach	4985915
finanzierung	4985914
jed	4985913
gerichtshof	4985912
landstreicher	4985911
verfasst	4985910
sowjetischen	4985909
aufregendes	4985908
glaubwurdig	4985907
jahrmarkt	4985906
grundsatzlich	4985905
weide	4985904
alabama	4985903
schnursenkel	4985902
zuruckverfolgt	4985901
krusty	4985900
elenden	4985899
kreuzfahrt	4985898
alberne	4985897
oslo	4985896
bedenke	4985895
mitgespielt	4985894
gebieten	4985893
jacqueline	4985892
bemuhe	4985891
epidemie	4985890
sperr	4985889
bellamy	4985888
volltrottel	4985887
neige	4985886
gekratzt	4985885
handlanger	4985884
lebensende	4985883
positiven	4985882
weckst	4985881
eingestiegen	4985880
alpen	4985879
hindernisse	4985878
unterwerfen	4985877
schwaches	4985876
dunner	4985875
symptom	4985874
oberhaupt	4985873
kilometern	4985872
anbietet	4985871
waffeln	4985870
cecil	4985869
kaiserlichen	4985868
schlussfolgerung	4985867
ugh	4985866
haufenweise	4985865
stiegen	4985864
reingegangen	4985863
verdachtiges	4985862
kraftwerk	4985861
sergio	4985860
wiesel	4985859
nova	4985858
aufgeteilt	4985857
aires	4985856
verkauften	4985855
bezeichnung	4985854
besiegelt	4985853
hocken	4985852
dixie	4985851
infanterie	4985850
fussstapfen	4985849
hautfarbe	4985848
erneuern	4985847
sexualitat	4985846
bah	4985845
shows	4985844
samir	4985843
spielverderber	4985842
frustrierend	4985841
nachsitzen	4985840
kleineren	4985839
ilona	4985838
geduscht	4985837
auffressen	4985836
palastina	4985835
rabe	4985834
renoviert	4985833
been	4985832
muriel	4985831
kassiert	4985830
atlantis	4985829
politischer	4985828
hoyt	4985827
stehle	4985826
unternehmens	4985825
klugste	4985824
nachsichtig	4985823
patrioten	4985822
handynummer	4985821
lump	4985820
saubermachen	4985819
sherwood	4985818
order	4985817
matte	4985816
gesteuert	4985815
reno	4985814
gurt	4985813
chapman	4985812
begegnete	4985811
selbststandig	4985810
ermutigen	4985809
son	4985808
stifte	4985807
bescheidenen	4985806
exemplare	4985805
talbot	4985804
aufzuraumen	4985803
dreist	4985802
gepinkelt	4985801
stande	4985800
gesehene	4985799
taucher	4985798
maryland	4985797
asterix	4985796
hockey	4985795
brise	4985794
hoffst	4985793
kreuze	4985792
vermont	4985791
verbesserung	4985790
fargo	4985789
nachsicht	4985788
marlowe	4985787
unbedeutend	4985786
geisteskrank	4985785
vorsingen	4985784
tauchst	4985783
wohnmobil	4985782
neigung	4985781
vito	4985780
kreuzzug	4985779
untergetaucht	4985778
durchgekommen	4985777
feigen	4985776
truman	4985775
batiatus	4985774
prostituierten	4985773
perversling	4985772
kreide	4985771
leckeres	4985770
troll	4985769
berta	4985768
trucks	4985767
landsleute	4985766
saugt	4985765
hero	4985764
sammelte	4985763
aufzuklaren	4985762
neugierde	4985761
reinstecken	4985760
ubelkeit	4985759
casper	4985758
galaxis	4985757
bankrauber	4985756
wiedererkannt	4985755
bordeaux	4985754
kraftiger	4985753
lebendige	4985752
schwiegertochter	4985751
freute	4985750
abteil	4985749
jahrzehnt	4985748
durchsetzen	4985747
pearson	4985746
behandelte	4985745
ausblick	4985744
glaubwurdigkeit	4985743
geoffrey	4985742
amateure	4985741
weiblicher	4985740
pracht	4985739
antenne	4985738
fire	4985737
drucker	4985736
vermehren	4985735
lagst	4985734
erlebte	4985733
kiss	4985732
gaston	4985731
hundertprozentig	4985730
shampoo	4985729
armste	4985728
schwuchteln	4985727
funktionen	4985726
zartlichkeit	4985725
teri	4985724
tex	4985723
erzielen	4985722
meldest	4985721
wesentlichen	4985720
teures	4985719
aufzutauchen	4985718
unvernunftig	4985717
neujahr	4985716
ram	4985715
titanic	4985714
agieren	4985713
riemen	4985712
avatar	4985711
angehorige	4985710
fegefeuer	4985709
langste	4985708
zitterst	4985707
oliven	4985706
rannten	4985705
generale	4985704
bestatigte	4985703
mini	4985702
lolita	4985701
trostet	4985700
beat	4985699
schwachstelle	4985698
apotheker	4985697
schwingt	4985696
toren	4985695
auszahlen	4985694
aufschneiden	4985693
dienerin	4985692
bruderchen	4985691
knuppel	4985690
ruhiges	4985689
gefroren	4985688
buffet	4985687
brother	4985686
zaren	4985685
riff	4985684
traktorstrahl	4985683
zitiert	4985682
mordern	4985681
steroide	4985680
gebrochenes	4985679
faszinierende	4985678
tasha	4985677
machete	4985676
guido	4985675
mannlichkeit	4985674
miau	4985673
serviette	4985672
bescheuerte	4985671
suzy	4985670
missachtung	4985669
beschimpft	4985668
pickel	4985667
atlantik	4985666
aussterben	4985665
chung	4985664
terminal	4985663
casa	4985662
anschreien	4985661
hammern	4985660
hopper	4985659
alarmieren	4985658
darby	4985657
abschiedsbrief	4985656
kerls	4985655
beleuchtung	4985654
herausholen	4985653
wohlergehen	4985652
bumst	4985651
verriet	4985650
gino	4985649
mccarthy	4985648
amtes	4985647
besagen	4985646
einspringen	4985645
va	4985644
existierte	4985643
barfuss	4985642
met	4985641
meilenweit	4985640
franken	4985639
rechnet	4985638
brandstiftung	4985637
blockade	4985636
futtere	4985635
mer	4985634
ausgerichtet	4985633
underwood	4985632
spitz	4985631
gedankt	4985630
pol	4985629
gossip	4985628
stichwort	4985627
rain	4985626
hacke	4985625
dasein	4985624
pyramide	4985623
entfuhrte	4985622
spannen	4985621
velma	4985620
uberlegst	4985619
abzunehmen	4985618
schickes	4985617
anmut	4985616
divya	4985615
sea	4985614
dock	4985613
autorisiert	4985612
kleiden	4985611
holger	4985610
partikel	4985609
wecke	4985608
murph	4985607
livia	4985606
flehen	4985605
barbecue	4985604
patsche	4985603
mercy	4985602
futtert	4985601
cheyenne	4985600
evidence	4985599
widerspricht	4985598
ordnen	4985597
sizilien	4985596
verschenken	4985595
lockerer	4985594
propaganda	4985593
gewasser	4985592
landeten	4985591
anonyme	4985590
verschone	4985589
tollste	4985588
schuldige	4985587
ablassen	4985586
geiste	4985585
hawk	4985584
justine	4985583
aussehende	4985582
krepieren	4985581
going	4985580
herausbekommen	4985579
con	4985578
zynisch	4985577
regelrecht	4985576
spionieren	4985575
anhalter	4985574
erlebe	4985573
palace	4985572
clouseau	4985571
lip	4985570
einfuhren	4985569
kopfweh	4985568
erwachte	4985567
nazir	4985566
genetischen	4985565
herzlos	4985564
hinsichtlich	4985563
blutprobe	4985562
abspielen	4985561
angestrengt	4985560
ecstasy	4985559
gefallenen	4985558
horace	4985557
vorzuglich	4985556
nachtrag	4985555
stewardess	4985554
grabe	4985553
parkt	4985552
kanale	4985551
wah	4985550
akzeptabel	4985549
nucky	4985548
jungfer	4985547
wandeln	4985546
anzulegen	4985545
nordpol	4985544
shepard	4985543
hellen	4985542
unmoralisch	4985541
zitiere	4985540
gage	4985539
krankenhauses	4985538
ten	4985537
referenzen	4985536
ansah	4985535
rausnehmen	4985534
lachelte	4985533
spider	4985532
lynette	4985531
tyrann	4985530
ace	4985529
legionen	4985528
verbluten	4985527
minbari	4985526
teilhaben	4985525
studios	4985524
corporation	4985523
gewaltsam	4985522
enormen	4985521
militars	4985520
verleugnen	4985519
philosoph	4985518
pinguine	4985517
gefalschten	4985516
rosemary	4985515
nachlassig	4985514
ursula	4985513
dorfes	4985512
durchgezogen	4985511
fesselt	4985510
privater	4985509
maddox	4985508
versperrt	4985507
ehrenwerte	4985506
mendez	4985505
tourist	4985504
mitgift	4985503
raubt	4985502
grabstein	4985501
mondlicht	4985500
monique	4985499
unschuldiges	4985498
tausche	4985497
jacky	4985496
zivilisiert	4985495
schwimmer	4985494
suv	4985493
pinsel	4985492
weggezogen	4985491
vollige	4985490
erloser	4985489
zertrummert	4985488
spiegelbild	4985487
eintragen	4985486
viert	4985485
princeton	4985484
manuell	4985483
funfmal	4985482
must	4985481
tanten	4985480
zerbrach	4985479
erzielt	4985478
glucks	4985477
humphrey	4985476
radius	4985475
margo	4985474
endgultige	4985473
limit	4985472
kobold	4985471
geheult	4985470
whitney	4985469
typischer	4985468
ausstattung	4985467
ferner	4985466
unpassend	4985465
waldes	4985464
wahlst	4985463
por	4985462
dings	4985461
seufzen	4985460
jericho	4985459
gunther	4985458
wegzugehen	4985457
armand	4985456
revanchieren	4985455
paaren	4985454
lause	4985453
torchwood	4985452
father	4985451
schweinefleisch	4985450
zirkel	4985449
herausfinde	4985448
kartoffel	4985447
clans	4985446
miserabel	4985445
zeitraum	4985444
starrte	4985443
nachholen	4985442
unschlagbar	4985441
karibik	4985440
distrikt	4985439
ingenieure	4985438
rosalie	4985437
untere	4985436
klettert	4985435
abgestimmt	4985434
verabredungen	4985433
josie	4985432
standhalten	4985431
vordringt	4985430
freundschaften	4985429
uberarbeitung	4985428
messias	4985427
vi	4985426
vortreten	4985425
eiserne	4985424
rekrutiert	4985423
klassenzimmer	4985422
nagus	4985421
clennam	4985420
malmo	4985419
befallen	4985418
lockwood	4985417
katalog	4985416
jedermanns	4985415
garden	4985414
ansager	4985413
reha	4985412
versohnen	4985411
flott	4985410
junkies	4985409
ladyschaft	4985408
feldern	4985407
regelt	4985406
spendieren	4985405
betrubt	4985404
bess	4985403
martine	4985402
unwiderstehlich	4985401
greer	4985400
tierisch	4985399
altern	4985398
verhaltnisse	4985397
sparks	4985396
losgeworden	4985395
einreden	4985394
weibern	4985393
warpantrieb	4985392
sonnensystem	4985391
dornroschen	4985390
talk	4985389
diabetes	4985388
qualitaten	4985387
psyche	4985386
unsre	4985385
farbige	4985384
zerstorst	4985383
geweiht	4985382
enttauschend	4985381
rammen	4985380
nutzliches	4985379
verabreichen	4985378
flinte	4985377
maman	4985376
wonder	4985375
gesundes	4985374
traditionelle	4985373
russel	4985372
orakel	4985371
psychologe	4985370
erinner	4985369
drangeln	4985368
matrose	4985367
lehrling	4985366
zusammengestellt	4985365
abwehr	4985364
brocken	4985363
wiederholung	4985362
benedict	4985361
lestrade	4985360
mucke	4985359
stiche	4985358
durchbrochen	4985357
rucktritt	4985356
radern	4985355
fugt	4985354
bestehst	4985353
loben	4985352
nizza	4985351
niesen	4985350
polizeisirene	4985349
maquis	4985348
utah	4985347
umlauf	4985346
schmieden	4985345
schnappte	4985344
landebahn	4985343
beistand	4985342
naturtalent	4985341
lucken	4985340
liebesgeschichte	4985339
ausgefullt	4985338
stellvertretende	4985337
bean	4985336
quatscht	4985335
herzliches	4985334
lung	4985333
englischer	4985332
amerikanisches	4985331
minnesota	4985330
aussergewohnlichen	4985329
wandte	4985328
mcdonald	4985327
portugal	4985326
erfrischend	4985325
mitarbeitern	4985324
brillanter	4985323
nog	4985322
gefahrten	4985321
ungestraft	4985320
tresen	4985319
jammert	4985318
techniken	4985317
geilen	4985316
hebraisch	4985315
darbietung	4985314
getarnt	4985313
ausgelacht	4985312
olafur	4985311
existiere	4985310
korpern	4985309
signatur	4985308
mam	4985307
botschafterin	4985306
maximum	4985305
dukat	4985304
every	4985303
manipulation	4985302
perkins	4985301
gespritzt	4985300
tennessee	4985299
pilz	4985298
tollwut	4985297
jimbo	4985296
abgekauft	4985295
fine	4985294
wascherei	4985293
billiges	4985292
saigon	4985291
telefonat	4985290
restliche	4985289
shrek	4985288
kirschen	4985287
ferguson	4985286
rauskam	4985285
casanova	4985284
vergingen	4985283
schaukeln	4985282
bestenfalls	4985281
aufschub	4985280
erreichten	4985279
heimgehen	4985278
fonds	4985277
urkunde	4985276
zahlungen	4985275
spannungen	4985274
scharfes	4985273
exekution	4985272
tanzflache	4985271
wimmern	4985270
eingesteckt	4985269
versicherungen	4985268
blank	4985267
josephine	4985266
schmeicheln	4985265
erschuf	4985264
hodgins	4985263
wutende	4985262
abwaschen	4985261
sonnen	4985260
spule	4985259
katholischen	4985258
drogenhandel	4985257
geschwollen	4985256
cobra	4985255
brieftrager	4985254
beschmutzt	4985253
wink	4985252
christie	4985251
shana	4985250
vierter	4985249
aura	4985248
auschwitz	4985247
privilegien	4985246
behauptung	4985245
aufkommen	4985244
reichsten	4985243
ubernaturliche	4985242
hinterzimmer	4985241
sportsfreund	4985240
salami	4985239
losungen	4985238
scheiterhaufen	4985237
gerammt	4985236
affchen	4985235
arterie	4985234
nachfragen	4985233
happen	4985232
anmerken	4985231
dagelassen	4985230
verhungert	4985229
unterbreche	4985228
bombardieren	4985227
blickwinkel	4985226
gemut	4985225
mittlere	4985224
sommers	4985223
konfrontation	4985222
flossen	4985221
cortez	4985220
teilten	4985219
knaller	4985218
aspekt	4985217
bestehlen	4985216
geortet	4985215
beruhmtheit	4985214
skip	4985213
through	4985212
eifer	4985211
beantrage	4985210
schmeichelhaft	4985209
karotten	4985208
mutigen	4985207
trinity	4985206
bemerkungen	4985205
zuruckgeholt	4985204
mullcontainer	4985203
uss	4985202
timings	4985201
google	4985200
koffein	4985199
unterdruckung	4985198
glockchen	4985197
diaz	4985196
aufwachst	4985195
ip	4985194
dillon	4985193
cassandra	4985192
leckere	4985191
arlene	4985190
nan	4985189
dong	4985188
telefoniere	4985187
heiden	4985186
serienkiller	4985185
melinda	4985184
amusier	4985183
reagierte	4985182
duffy	4985181
gleichung	4985180
genugtuung	4985179
hugeln	4985178
unbekanntes	4985177
brock	4985176
waffenhandler	4985175
lauschen	4985174
bares	4985173
stattfand	4985172
skeptisch	4985171
engeln	4985170
kommode	4985169
izzie	4985168
geweigert	4985167
auszuloschen	4985166
kanadier	4985165
altersheim	4985164
sucher	4985163
himmlische	4985162
uberglucklich	4985161
badeanzug	4985160
boone	4985159
leihst	4985158
nichtsnutz	4985157
vollmacht	4985156
mitburger	4985155
katniss	4985154
abhangt	4985153
uberreagiert	4985152
grossziehen	4985151
statuen	4985150
raptor	4985149
sutton	4985148
snacks	4985147
patrik	4985146
starre	4985145
hilton	4985144
ausgeruht	4985143
zuhorer	4985142
oberschenkel	4985141
politisches	4985140
zerquetschen	4985139
schlossen	4985138
anfalle	4985137
vladimir	4985136
herkamen	4985135
mucks	4985134
beherrschung	4985133
klappte	4985132
beschaftigung	4985131
geracht	4985130
ereignet	4985129
zucken	4985128
vogelgezwitscher	4985127
foundation	4985126
micky	4985125
glanzende	4985124
hingen	4985123
blamiert	4985122
wehzutun	4985121
domino	4985120
gatsby	4985119
gesteht	4985118
vorderen	4985117
cecilia	4985116
bedecken	4985115
geblendet	4985114
muttermal	4985113
selbstzerstorung	4985112
proctor	4985111
allergie	4985110
polizeiwache	4985109
gleichmassig	4985108
raoul	4985107
liebesleben	4985106
grosstes	4985105
ungezogen	4985104
vertrauten	4985103
strengen	4985102
durchlaufen	4985101
pusten	4985100
eingehalten	4985099
kanne	4985098
hintereingang	4985097
tyrannen	4985096
pc	4985095
isolation	4985094
verdeckte	4985093
verklemmt	4985092
rumliegen	4985091
durchsuchung	4985090
vergiessen	4985089
tito	4985088
petersburg	4985087
update	4985086
beisammen	4985085
disney	4985084
totalen	4985083
verfolgten	4985082
dirty	4985081
pubertat	4985080
impulsiv	4985079
flugzeugen	4985078
bajoraner	4985077
gerhard	4985076
behutsam	4985075
hypothese	4985074
architekten	4985073
alfredo	4985072
moor	4985071
spritzt	4985070
pokal	4985069
brutalen	4985068
witzige	4985067
biologischen	4985066
schiesspulver	4985065
zimmermadchen	4985064
digital	4985063
hundin	4985062
rausgegangen	4985061
professioneller	4985060
oakland	4985059
gefahrlichste	4985058
entsorgt	4985057
nathaniel	4985056
spaher	4985055
destiny	4985054
pferdchen	4985053
marquez	4985052
trummern	4985051
ladet	4985050
juanita	4985049
abhoren	4985048
mandeln	4985047
skala	4985046
intim	4985045
kathleen	4985044
unterhaltsam	4985043
verabscheue	4985042
aufhore	4985041
nadja	4985040
verkuppeln	4985039
morrison	4985038
nachtwachter	4985037
eintopf	4985036
ju	4985035
ludo	4985034
dickie	4985033
augenblicklich	4985032
herrliches	4985031
ungeschehen	4985030
skorpion	4985029
pruft	4985028
besichtigen	4985027
control	4985026
unsern	4985025
athena	4985024
linden	4985023
westens	4985022
pippi	4985021
hubscheste	4985020
widerling	4985019
speichern	4985018
ergehen	4985017
einstweilige	4985016
indische	4985015
antiken	4985014
durcheinandergerede	4985013
begierde	4985012
lyon	4985011
tonic	4985010
theke	4985009
shogun	4985008
tibet	4985007
katholische	4985006
mitzubringen	4985005
muffins	4985004
kowalski	4985003
umbringe	4985002
zugabe	4985001
rausgekriegt	4985000
erkundigen	4984999
allesamt	4984998
magd	4984997
aussehend	4984996
klappert	4984995
beschaftige	4984994
wagte	4984993
popmusik	4984992
hillary	4984991
ananas	4984990
darwin	4984989
andi	4984988
zuruckgeblieben	4984987
burgersteig	4984986
lau	4984985
wing	4984984
mika	4984983
evil	4984982
rubin	4984981
emilie	4984980
ausbreiten	4984979
ruben	4984978
hausarbeit	4984977
poe	4984976
vorgeworfen	4984975
unterkriegen	4984974
wirke	4984973
holden	4984972
vornehm	4984971
strassenrand	4984970
aufnimmt	4984969
redakteur	4984968
gouverneurs	4984967
worterbuch	4984966
absturzen	4984965
ochse	4984964
surren	4984963
gefangnisse	4984962
netteste	4984961
schwachling	4984960
ubertreibt	4984959
manning	4984958
muschis	4984957
verhaftungen	4984956
ewiges	4984955
komplexe	4984954
uberlastet	4984953
rausgelassen	4984952
bonbon	4984951
lama	4984950
bescheuerten	4984949
kompromisse	4984948
rauscht	4984947
hofften	4984946
erfordern	4984945
simple	4984944
abwenden	4984943
leukamie	4984942
beachte	4984941
dachtet	4984940
amulett	4984939
ohrfeigen	4984938
spot	4984937
turkisch	4984936
strohhalm	4984935
brandt	4984934
helles	4984933
arbeitstag	4984932
entbehren	4984931
konstruiert	4984930
arbeitern	4984929
verlangsamen	4984928
attraktiver	4984927
weiterarbeiten	4984926
karo	4984925
nestor	4984924
padre	4984923
alarmiert	4984922
till	4984921
dream	4984920
homie	4984919
bobo	4984918
hutten	4984917
wenns	4984916
aufbau	4984915
rodriguez	4984914
launen	4984913
diplom	4984912
bewerten	4984911
allemal	4984910
ziemliches	4984909
vorbeigehen	4984908
klippen	4984907
pilger	4984906
reizt	4984905
freigesetzt	4984904
ernest	4984903
begeistern	4984902
ehrengast	4984901
gaul	4984900
sirup	4984899
ostlichen	4984898
zement	4984897
klarzustellen	4984896
umhauen	4984895
lieblingsessen	4984894
unbequem	4984893
markierung	4984892
abbott	4984891
zukommt	4984890
meetings	4984889
bourne	4984888
sankt	4984887
blade	4984886
tuten	4984885
kontrollraum	4984884
durchgeschnitten	4984883
testergebnisse	4984882
winkt	4984881
sunny	4984880
denis	4984879
lebendigem	4984878
piggy	4984877
konflikte	4984876
touchdown	4984875
rausfindet	4984874
jaffa	4984873
buckel	4984872
naturlicher	4984871
trunkenheit	4984870
beklagt	4984869
wertvollen	4984868
abschleppen	4984867
chemischen	4984866
landwirtschaft	4984865
weggebracht	4984864
sonya	4984863
casting	4984862
wanzen	4984861
tolpel	4984860
ausdauer	4984859
ungelegen	4984858
schlupfen	4984857
verwirklichen	4984856
verschollen	4984855
loretta	4984854
ripley	4984853
abgehoben	4984852
einigermassen	4984851
verhauen	4984850
mio	4984849
standigen	4984848
weihnacht	4984847
zugel	4984846
panisch	4984845
erstattet	4984844
traute	4984843
tagesordnung	4984842
marken	4984841
verseucht	4984840
todesangst	4984839
chun	4984838
aufgeladen	4984837
these	4984836
reingesteckt	4984835
klart	4984834
schotten	4984833
linkshander	4984832
hurrikan	4984831
ladst	4984830
staatlichen	4984829
schusswunde	4984828
warehouse	4984827
isobel	4984826
unverantwortlich	4984825
weber	4984824
jethro	4984823
gesaubert	4984822
kepner	4984821
ehevertrag	4984820
kollektiv	4984819
jewel	4984818
klassisch	4984817
sohnen	4984816
spalten	4984815
camilla	4984814
schweige	4984813
nana	4984812
beisse	4984811
wandel	4984810
annimmt	4984809
lightning	4984808
lebrac	4984807
rettungswagen	4984806
programmieren	4984805
zuruckschlagen	4984804
moody	4984803
true	4984802
nachtigall	4984801
einzubrechen	4984800
bedeutende	4984799
leiht	4984798
marcos	4984797
pacific	4984796
bauchschmerzen	4984795
urteile	4984794
luftschleuse	4984793
polo	4984792
muskel	4984791
judd	4984790
herausstellt	4984789
verschlechtert	4984788
verschlungen	4984787
dus	4984786
schleim	4984785
unverzeihlich	4984784
ufo	4984783
verfickter	4984782
umzulegen	4984781
lowell	4984780
erwartung	4984779
glucklichsten	4984778
jeglichen	4984777
around	4984776
heikle	4984775
conny	4984774
offensichtliche	4984773
machbar	4984772
geformt	4984771
anschaut	4984770
schlich	4984769
vorrucken	4984768
abgesperrt	4984767
mercer	4984766
leitende	4984765
hobbys	4984764
profitiert	4984763
kneifen	4984762
uberlebten	4984761
runterholen	4984760
notfalle	4984759
beieinander	4984758
massieren	4984757
sofie	4984756
ausrasten	4984755
vorhatte	4984754
mediziner	4984753
fanatiker	4984752
jungfraulichkeit	4984751
fahrerflucht	4984750
pas	4984749
halluzination	4984748
gleiten	4984747
kante	4984746
rampe	4984745
gezerrt	4984744
keiko	4984743
kill	4984742
anstellt	4984741
emerson	4984740
kelch	4984739
narn	4984738
venen	4984737
physischen	4984736
versaumen	4984735
prellungen	4984734
twist	4984733
umgibt	4984732
unterhalte	4984731
schweinen	4984730
thunfisch	4984729
visage	4984728
fe	4984727
heiterem	4984726
totschlag	4984725
verantwortliche	4984724
selbstachtung	4984723
anheben	4984722
babyion	4984721
sohnchen	4984720
peg	4984719
bezwingen	4984718
gepasst	4984717
tanzten	4984716
schubs	4984715
wiedergesehen	4984714
hastig	4984713
beneiden	4984712
winselt	4984711
bloody	4984710
sanatorium	4984709
amor	4984708
dodo	4984707
nasen	4984706
moira	4984705
gestand	4984704
manu	4984703
elin	4984702
tragischen	4984701
unbezahlbar	4984700
angetreten	4984699
geback	4984698
anstrengungen	4984697
ire	4984696
flippt	4984695
regenschirm	4984694
abgekommen	4984693
feigheit	4984692
nachwuchs	4984691
uberlebst	4984690
meisters	4984689
zuruckzuziehen	4984688
comic	4984687
kenntnisse	4984686
erzwingen	4984685
towers	4984684
rennbahn	4984683
verdrangen	4984682
insekt	4984681
vergess	4984680
wendell	4984679
blondie	4984678
psychische	4984677
erwerben	4984676
flicken	4984675
verachte	4984674
hineingehen	4984673
abstreiten	4984672
erkenntnisse	4984671
columbus	4984670
troja	4984669
etagen	4984668
respektvoll	4984667
harteste	4984666
wahrnehmen	4984665
coolste	4984664
streiken	4984663
unterstellen	4984662
nachhilfe	4984661
lutz	4984660
beklaut	4984659
abholt	4984658
mayo	4984657
uberlegung	4984656
caffrey	4984655
schnuffelt	4984654
einigung	4984653
unterlegen	4984652
gemeinen	4984651
lieh	4984650
zahltag	4984649
hektar	4984648
ubersteigt	4984647
ubergibt	4984646
gerechtfertigt	4984645
tonight	4984644
munster	4984643
zoom	4984642
gasteliste	4984641
spionage	4984640
transfer	4984639
beatles	4984638
giulia	4984637
maskottchen	4984636
bluffen	4984635
absuchen	4984634
husch	4984633
verletzlich	4984632
gekrochen	4984631
dubai	4984630
jahrlich	4984629
bedauert	4984628
wuchsen	4984627
mulltonne	4984626
sol	4984625
verheiraten	4984624
shop	4984623
prescott	4984622
aufschlag	4984621
erniedrigt	4984620
pot	4984619
rausziehen	4984618
finsteren	4984617
brutaler	4984616
futsch	4984615
bahnsteig	4984614
decknamen	4984613
hampton	4984612
untersagt	4984611
sylvester	4984610
gandhi	4984609
taxis	4984608
frohlichen	4984607
jasmin	4984606
fuge	4984605
motorrader	4984604
erschopfung	4984603
glass	4984602
hitlers	4984601
missbrauchen	4984600
tatigkeit	4984599
haute	4984598
jeb	4984597
rizzoli	4984596
kontrollen	4984595
lehn	4984594
ruckzieher	4984593
gore	4984592
einwanderer	4984591
infizierten	4984590
behauptest	4984589
ungunstig	4984588
gefuhlvolle	4984587
wiederkomme	4984586
richtlinien	4984585
hohem	4984584
cleverer	4984583
pfeif	4984582
jun	4984581
abblasen	4984580
verschleppt	4984579
traumhaft	4984578
muttern	4984577
hack	4984576
meerjungfrau	4984575
schlafanzug	4984574
celeste	4984573
allerbeste	4984572
zuganglich	4984571
finanzamt	4984570
verspaten	4984569
spence	4984568
angelangt	4984567
instruktionen	4984566
ramsey	4984565
charmante	4984564
volkoff	4984563
law	4984562
befolge	4984561
mitkomme	4984560
channel	4984559
camillo	4984558
achterbahn	4984557
ignorier	4984556
reimt	4984555
rumpeln	4984554
durchqueren	4984553
skulptur	4984552
labs	4984551
durant	4984550
ungehorsam	4984549
rontgen	4984548
anhalt	4984547
play	4984546
gottlichen	4984545
hodscha	4984544
dunnen	4984543
unternehmer	4984542
zulegen	4984541
muhen	4984540
bahamas	4984539
mager	4984538
schneidest	4984537
psychiatrische	4984536
insgeheim	4984535
silberne	4984534
thank	4984533
once	4984532
kommandozentrale	4984531
pesos	4984530
cardassianischen	4984529
ausgibt	4984528
sturmisch	4984527
christlichen	4984526
schmerzlos	4984525
zak	4984524
statthalter	4984523
kitschig	4984522
krabben	4984521
mallory	4984520
todeszeitpunkt	4984519
reizen	4984518
romantisches	4984517
ausgerustet	4984516
tatest	4984515
einbauen	4984514
roberta	4984513
zwangen	4984512
zugewiesen	4984511
kamt	4984510
gottverdammter	4984509
aktuell	4984508
hierlassen	4984507
irritiert	4984506
negativen	4984505
verteidigst	4984504
entlasten	4984503
schwedisch	4984502
ventil	4984501
vorbeikommt	4984500
polizeifunk	4984499
doppelter	4984498
verurteilten	4984497
pence	4984496
zivilist	4984495
dreieck	4984494
bisherigen	4984493
uberholen	4984492
rockstar	4984491
eingeschatzt	4984490
eliza	4984489
maximale	4984488
glaubigen	4984487
rechtfertigt	4984486
hard	4984485
verzogern	4984484
kehr	4984483
vogelst	4984482
uberzogen	4984481
crown	4984480
walten	4984479
eroffne	4984478
toto	4984477
baptiste	4984476
wiederherzustellen	4984475
preussen	4984474
ghost	4984473
milliardar	4984472
buchse	4984471
abitur	4984470
dakota	4984469
pinocchio	4984468
wahlten	4984467
lan	4984466
eistee	4984465
haste	4984464
taste	4984463
kaputtgemacht	4984462
aufgedreht	4984461
tatwaffe	4984460
gitarrenmusik	4984459
annehme	4984458
sek	4984457
machtigsten	4984456
tortchen	4984455
rampenlicht	4984454
gesunder	4984453
taglichen	4984452
einklang	4984451
zahnpasta	4984450
aufmuntern	4984449
brachtest	4984448
genitalien	4984447
aufgeschlossen	4984446
durchzuziehen	4984445
wiesen	4984444
parasit	4984443
gewohnliches	4984442
erstklassige	4984441
whitman	4984440
einblick	4984439
alis	4984438
hinfuhren	4984437
hollander	4984436
todesfalle	4984435
letzt	4984434
stach	4984433
auflosung	4984432
durre	4984431
angehangt	4984430
hege	4984429
ambulanz	4984428
francine	4984427
geschehe	4984426
kompletter	4984425
dietrich	4984424
zuteil	4984423
hochstapler	4984422
automobil	4984421
kastchen	4984420
hetty	4984419
katholiken	4984418
capone	4984417
genaugenommen	4984416
cinderella	4984415
ricardo	4984414
geschlachtet	4984413
neunten	4984412
tursteher	4984411
vertretung	4984410
fauler	4984409
geregnet	4984408
fackeln	4984407
lafayette	4984406
verhelfen	4984405
wickeln	4984404
dark	4984403
mische	4984402
wilbur	4984401
normandie	4984400
berkeley	4984399
ni	4984398
stiften	4984397
deanna	4984396
aufgedeckt	4984395
nobody	4984394
glanzen	4984393
nikolaus	4984392
amusierst	4984391
verschenkt	4984390
fertiggemacht	4984389
hofe	4984388
kritischen	4984387
margarita	4984386
bankier	4984385
pfahl	4984384
orson	4984383
alledem	4984382
pratt	4984381
uberfuhrt	4984380
westliche	4984379
eisernen	4984378
milos	4984377
tropft	4984376
trauung	4984375
moderner	4984374
duftet	4984373
abzulehnen	4984372
meistern	4984371
breiten	4984370
befriedigung	4984369
zustandigkeit	4984368
niklaus	4984367
moslem	4984366
teleskop	4984365
ku	4984364
willoughby	4984363
feuchte	4984362
gemetzel	4984361
paulette	4984360
erbarme	4984359
entspanne	4984358
rezepte	4984357
yates	4984356
steifen	4984355
airlines	4984354
oprah	4984353
juwelier	4984352
handhaben	4984351
ertrag	4984350
ow	4984349
burgern	4984348
kolumne	4984347
hamster	4984346
dai	4984345
bedrohlich	4984344
geheimhaltung	4984343
schultag	4984342
hohenangst	4984341
ronny	4984340
bellheim	4984339
beleidigungen	4984338
kriminalpolizei	4984337
karussell	4984336
kampfkunst	4984335
schlafenszeit	4984334
barb	4984333
sharp	4984332
einzelner	4984331
stabilitat	4984330
norm	4984329
bohrer	4984328
verkrampft	4984327
hardison	4984326
skitter	4984325
erreichst	4984324
aufregender	4984323
balboa	4984322
bogenschutzen	4984321
herausgefordert	4984320
rauspern	4984319
entnehmen	4984318
geburtsurkunde	4984317
streuner	4984316
verfluche	4984315
vernichte	4984314
verkorkst	4984313
chemiker	4984312
frohlicher	4984311
durchlaucht	4984310
gelachelt	4984309
gebarmutter	4984308
spirituelle	4984307
flachlegen	4984306
prison	4984305
marek	4984304
wanderte	4984303
schaukel	4984302
walking	4984301
bertrand	4984300
guttun	4984299
reklame	4984298
konkurrenten	4984297
reizenden	4984296
ablehnung	4984295
marathon	4984294
wurgen	4984293
thai	4984292
uberschatzt	4984291
nachdenkst	4984290
fingerabdrucken	4984289
zylon	4984288
vibriert	4984287
stutze	4984286
aeryn	4984285
butters	4984284
theaterstuck	4984283
geschaftsreise	4984282
irving	4984281
feinsten	4984280
kandidieren	4984279
wucht	4984278
verbeugen	4984277
verpfeifen	4984276
ike	4984275
ddr	4984274
niedriger	4984273
stolpern	4984272
kryptonit	4984271
kran	4984270
vertrauenswurdig	4984269
pokern	4984268
predigen	4984267
mikael	4984266
alvin	4984265
monsignore	4984264
bedrohte	4984263
wirklicher	4984262
berger	4984261
rangers	4984260
sharona	4984259
titan	4984258
superkrafte	4984257
omaha	4984256
illegales	4984255
vernunftigen	4984254
glaubig	4984253
fitzgerald	4984252
verwechslung	4984251
superstar	4984250
leonardo	4984249
navid	4984248
ahmed	4984247
grauer	4984246
edwin	4984245
lem	4984244
aspekte	4984243
sofortiger	4984242
gestrigen	4984241
garrison	4984240
ui	4984239
wisconsin	4984238
cds	4984237
gescannt	4984236
uberallhin	4984235
abschuss	4984234
turglocke	4984233
verblufft	4984232
erfindungen	4984231
melody	4984230
fluchtweg	4984229
dat	4984228
ever	4984227
herausstellte	4984226
addy	4984225
positives	4984224
ungesund	4984223
offenheit	4984222
aufzutreiben	4984221
zweien	4984220
losgelassen	4984219
bestandteil	4984218
mackenzie	4984217
zerlegt	4984216
konfrontieren	4984215
alfonso	4984214
unglaubigen	4984213
ernesto	4984212
bjorn	4984211
bewaffneter	4984210
affaren	4984209
rituale	4984208
aufwuchs	4984207
spiesser	4984206
pitt	4984205
verdrangt	4984204
apple	4984203
essex	4984202
dynastie	4984201
verlobungsring	4984200
kohlen	4984199
auftragskiller	4984198
portugiesisch	4984197
lutscher	4984196
missachten	4984195
erhobenen	4984194
aufwache	4984193
briefmarken	4984192
beschert	4984191
reagierst	4984190
mall	4984189
falcone	4984188
flugbahn	4984187
full	4984186
verfickt	4984185
valium	4984184
lutsch	4984183
kooperiert	4984182
ahab	4984181
gul	4984180
irischen	4984179
mahoney	4984178
chet	4984177
brutus	4984176
anzieht	4984175
mitmenschen	4984174
halunken	4984173
befanden	4984172
beerdigungen	4984171
jacht	4984170
beruhen	4984169
paloma	4984168
abgeschleppt	4984167
verzweifelten	4984166
poppy	4984165
tippe	4984164
geschworene	4984163
beigetreten	4984162
moslems	4984161
eingegeben	4984160
waisenkind	4984159
kaserne	4984158
rassen	4984157
freilich	4984156
anfordern	4984155
notwendige	4984154
elektriker	4984153
ausweisen	4984152
battle	4984151
bike	4984150
main	4984149
bubba	4984148
biester	4984147
ziegel	4984146
faire	4984145
inge	4984144
betreffend	4984143
uther	4984142
sorten	4984141
weggetreten	4984140
stewie	4984139
monstern	4984138
erstechen	4984137
kalle	4984136
diesbezuglich	4984135
internationaler	4984134
rassistisch	4984133
ritz	4984132
sandte	4984131
leiterin	4984130
samstags	4984129
field	4984128
linkes	4984127
latinum	4984126
japp	4984125
stiel	4984124
klassischen	4984123
app	4984122
risse	4984121
wegschaffen	4984120
roth	4984119
sechzehn	4984118
rechtmassigen	4984117
festes	4984116
beirut	4984115
vertreibt	4984114
aufdecken	4984113
eroberung	4984112
zulasst	4984111
aufgesucht	4984110
geehrter	4984109
fussspuren	4984108
youtube	4984107
stopf	4984106
zeichne	4984105
selbstmitleid	4984104
krankenversicherung	4984103
schwierigste	4984102
grove	4984101
schokoriegel	4984100
zuversicht	4984099
folglich	4984098
hegen	4984097
hinwegkommen	4984096
entladen	4984095
bolton	4984094
hochverrat	4984093
einmischung	4984092
strange	4984091
carpenter	4984090
scooby	4984089
erforscht	4984088
institution	4984087
spekulation	4984086
behute	4984085
romantischer	4984084
nelly	4984083
amigos	4984082
salam	4984081
beschranken	4984080
abkaufen	4984079
amerikanisch	4984078
erlautern	4984077
beanspruchen	4984076
glanzt	4984075
krampfe	4984074
sylvie	4984073
schachzug	4984072
reinfall	4984071
lummel	4984070
wiedergeben	4984069
body	4984068
zauberstab	4984067
claus	4984066
vorzuge	4984065
verwandtschaft	4984064
milligramm	4984063
augustus	4984062
trask	4984061
inspirieren	4984060
urgrossvater	4984059
venezuela	4984058
beeindruckende	4984057
storybrooke	4984056
tasten	4984055
magdalena	4984054
syd	4984053
loszulassen	4984052
verzieht	4984051
spalte	4984050
jock	4984049
talisman	4984048
aufrichtigkeit	4984047
freizulassen	4984046
technologien	4984045
empfehlungen	4984044
mast	4984043
belfast	4984042
betest	4984041
tauchten	4984040
giorgio	4984039
mitgliedern	4984038
diesel	4984037
beglichen	4984036
marissa	4984035
unterschriften	4984034
grandios	4984033
stiefeln	4984032
gisela	4984031
izzy	4984030
foley	4984029
hardman	4984028
erhangen	4984027
traten	4984026
absolutes	4984025
hackt	4984024
staatsburger	4984023
begnadigung	4984022
eingeborenen	4984021
ubertreffen	4984020
lotus	4984019
nervensystem	4984018
erfolglos	4984017
praktizieren	4984016
unglaublicher	4984015
anspruchsvoll	4984014
unanstandig	4984013
loomis	4984012
erwidert	4984011
ausschlafen	4984010
shin	4984009
whistler	4984008
myka	4984007
umsatz	4984006
taille	4984005
gnadenlos	4984004
banden	4984003
blinzeln	4984002
geheimnisvollen	4984001
anarchy	4984000
zerschmettert	4983999
mcmanus	4983998
abartig	4983997
schlaumeier	4983996
anmarsch	4983995
jing	4983994
tree	4983993
hinzugefugt	4983992
verzeihst	4983991
demo	4983990
ps	4983989
statistik	4983988
peru	4983987
spielraum	4983986
makellos	4983985
dominus	4983984
impulse	4983983
parkhaus	4983982
endlosen	4983981
unlogisch	4983980
zehnten	4983979
nothing	4983978
court	4983977
burkhardt	4983976
stosse	4983975
schmiere	4983974
toro	4983973
obendrein	4983972
momo	4983971
winziges	4983970
gefahrlichsten	4983969
care	4983968
sully	4983967
teils	4983966
widerrufen	4983965
magic	4983964
degen	4983963
aktiven	4983962
gebirge	4983961
ruckschlag	4983960
tomate	4983959
trieben	4983958
vorhabe	4983957
brigade	4983956
mitzumachen	4983955
vogelscheuche	4983954
wan	4983953
komet	4983952
folgendermassen	4983951
badehose	4983950
anschuldigung	4983949
sanfter	4983948
abwischen	4983947
rice	4983946
abgedreht	4983945
schneesturm	4983944
emport	4983943
zischt	4983942
kleiderschrank	4983941
schnieft	4983940
timer	4983939
benedikt	4983938
londo	4983937
inneres	4983936
aussenteam	4983935
familienmitglied	4983934
grinst	4983933
arztes	4983932
entwurfe	4983931
akzeptierst	4983930
zittere	4983929
demokraten	4983928
abhalt	4983927
langweiler	4983926
nationalgarde	4983925
zusammensetzen	4983924
hoffnungsloser	4983923
vernommen	4983922
eingestehen	4983921
bemerkenswerte	4983920
weii	4983919
kain	4983918
rhys	4983917
gerichtsmedizin	4983916
schutt	4983915
auslachen	4983914
teste	4983913
obgleich	4983912
susseste	4983911
bernstein	4983910
klumpen	4983909
rider	4983908
eigentlichen	4983907
umbringst	4983906
uberprufte	4983905
verehrten	4983904
himmlischen	4983903
brummen	4983902
strafbar	4983901
binnen	4983900
torpedo	4983899
singh	4983898
gebauden	4983897
vorherigen	4983896
mg	4983895
jj	4983894
terminplan	4983893
beschuldigte	4983892
quote	4983891
kommandos	4983890
verstummelt	4983889
zunichte	4983888
puerto	4983887
nageln	4983886
garnicht	4983885
janine	4983884
pyramiden	4983883
baumwolle	4983882
urne	4983881
einfuhrung	4983880
ahnlicher	4983879
personalabteilung	4983878
piepton	4983877
denkbar	4983876
aggression	4983875
stinkende	4983874
papieren	4983873
cara	4983872
fiese	4983871
jolly	4983870
hipp	4983869
wund	4983868
untergraben	4983867
hergebeten	4983866
ertrank	4983865
crassus	4983864
infizieren	4983863
weitermachst	4983862
ahnst	4983861
kopfkissen	4983860
studierst	4983859
has	4983858
berucksichtigt	4983857
trauert	4983856
abzuziehen	4983855
zukunftiger	4983854
klugen	4983853
eindrucksvoll	4983852
martins	4983851
bum	4983850
farce	4983849
mangelt	4983848
deacon	4983847
cutter	4983846
austrinken	4983845
syphilis	4983844
fallon	4983843
wonka	4983842
filmtiger	4983841
agatha	4983840
realisieren	4983839
ersticke	4983838
spektakel	4983837
steigert	4983836
formulieren	4983835
ertragt	4983834
vorschein	4983833
uberzeugte	4983832
schlafmittel	4983831
nicola	4983830
neusten	4983829
schlaues	4983828
billard	4983827
indischen	4983826
polnisch	4983825
narrin	4983824
aufschlitzen	4983823
fernglas	4983822
ergebe	4983821
generals	4983820
hippie	4983819
cuina	4983818
lissabon	4983817
raylan	4983816
aw	4983815
anschlage	4983814
werben	4983813
flohe	4983812
karneval	4983811
cesar	4983810
zwangslaufig	4983809
taliban	4983808
osborne	4983807
ertrinkt	4983806
doo	4983805
vorsichtsmassnahme	4983804
eitel	4983803
phyllis	4983802
pudel	4983801
schultz	4983800
wahrscheinlicher	4983799
mitarbeiterin	4983798
anarchie	4983797
zuruckhaltend	4983796
absoluten	4983795
six	4983794
geiger	4983793
conde	4983792
hollis	4983791
vertrieb	4983790
raumschiffe	4983789
geheimnissen	4983788
vieren	4983787
compton	4983786
verlangert	4983785
knackt	4983784
blitze	4983783
uralte	4983782
kupplung	4983781
klingonische	4983780
mondschein	4983779
schweigepflicht	4983778
verwandle	4983777
heul	4983776
bahnen	4983775
hermes	4983774
food	4983773
widerlichen	4983772
gefreiter	4983771
nahte	4983770
auggie	4983769
cha	4983768
abfuhren	4983767
chucky	4983766
hebamme	4983765
diktator	4983764
entfuhrten	4983763
luise	4983762
injektion	4983761
turbulenzen	4983760
kur	4983759
hangar	4983758
lundy	4983757
hypothetisch	4983756
beabsichtige	4983755
schwimm	4983754
nerd	4983753
grundlagen	4983752
gurke	4983751
beigetragen	4983750
grenzt	4983749
georgina	4983748
hinfuhrt	4983747
permanent	4983746
verstandnisvoll	4983745
auftritte	4983744
beendete	4983743
mysterium	4983742
eingewiesen	4983741
minderjahrig	4983740
kimberly	4983739
kati	4983738
tochtern	4983737
email	4983736
rechtlich	4983735
fuhrende	4983734
begnadigt	4983733
feuerloscher	4983732
bietest	4983731
had	4983730
hundegebell	4983729
designer	4983728
wiedersehe	4983727
spesen	4983726
geklettert	4983725
ewiger	4983724
abbild	4983723
telefonate	4983722
neutral	4983721
beschworen	4983720
engelchen	4983719
rechtes	4983718
geschmolzen	4983717
schusslinie	4983716
geliebtes	4983715
bambi	4983714
wohltater	4983713
bee	4983712
pupillen	4983711
tucson	4983710
erheblich	4983709
derartige	4983708
voodoo	4983707
anwendung	4983706
anstieg	4983705
peace	4983704
vertuscht	4983703
jamal	4983702
wirds	4983701
barriere	4983700
steiner	4983699
machtest	4983698
vergewissern	4983697
residenz	4983696
einzigartigen	4983695
verbrannten	4983694
rindfleisch	4983693
romantiker	4983692
anakin	4983691
ripped	4983690
ausfuhrung	4983689
belagerung	4983688
verarsche	4983687
lucille	4983686
wegziehen	4983685
kennenlernten	4983684
wegkommst	4983683
moretti	4983682
schimmel	4983681
lohnen	4983680
stiehlst	4983679
mikes	4983678
hektor	4983677
toleranz	4983676
fachmann	4983675
kunstlichen	4983674
rau	4983673
langsten	4983672
liebliche	4983671
zwinge	4983670
zusagen	4983669
kriegsschiff	4983668
francesca	4983667
cartman	4983666
kostprobe	4983665
beurteilt	4983664
autorin	4983663
rasiermesser	4983662
ukraine	4983661
getatigt	4983660
fredrik	4983659
anzuhalten	4983658
hervorragender	4983657
spekulationen	4983656
francesco	4983655
strassensperren	4983654
sabotiert	4983653
pauls	4983652
lenke	4983651
rechner	4983650
hinterwaldler	4983649
schimpfen	4983648
umkommen	4983647
buchmacher	4983646
mineralwasser	4983645
zerotollerance	4983644
gliedmassen	4983643
aufkreuzen	4983642
miaut	4983641
dummerweise	4983640
zusammenziehen	4983639
untersuchte	4983638
prugelei	4983637
haiti	4983636
attila	4983635
geschenken	4983634
traditionell	4983633
ldiot	4983632
bey	4983631
kahl	4983630
unangemessen	4983629
specter	4983628
helllichten	4983627
offentliches	4983626
lillian	4983625
misst	4983624
hirte	4983623
ale	4983622
pocken	4983621
furchtlos	4983620
kapitalismus	4983619
genannte	4983618
beruhrst	4983617
cleo	4983616
birgt	4983615
sturmt	4983614
rascheln	4983613
pakete	4983612
einkaufe	4983611
erspar	4983610
clarice	4983609
drehung	4983608
inne	4983607
gesetzeshuter	4983606
nicki	4983605
postkarten	4983604
hochzeitskleid	4983603
shaun	4983602
cdc	4983601
ausschnitt	4983600
offizieller	4983599
formalitaten	4983598
statement	4983597
holiday	4983596
loge	4983595
leibe	4983594
abwasch	4983593
hohl	4983592
flussig	4983591
klaust	4983590
trailer	4983589
geiles	4983588
weiterfuhren	4983587
verheimlichst	4983586
anstecken	4983585
bien	4983584
physiker	4983583
begrundung	4983582
merkmale	4983581
geschlossene	4983580
stute	4983579
vice	4983578
denker	4983577
charlene	4983576
schlechtesten	4983575
reflexe	4983574
spielregeln	4983573
erneuert	4983572
erniedrigend	4983571
versohlen	4983570
emile	4983569
lausige	4983568
verliebten	4983567
sprachst	4983566
rippe	4983565
lebhaft	4983564
gebusch	4983563
vorarbeiter	4983562
emmet	4983561
sicherheitsmassnahmen	4983560
injiziert	4983559
kitzeln	4983558
guillaume	4983557
omas	4983556
mowen	4983555
luften	4983554
verraterin	4983553
lebenswerk	4983552
stimmst	4983551
komplott	4983550
dynamische	4983549
schnupfen	4983548
curly	4983547
ersatzteile	4983546
wohnheim	4983545
transplantation	4983544
seelenklempner	4983543
vorgekommen	4983542
drahte	4983541
verlassene	4983540
mutation	4983539
verbundet	4983538
retteten	4983537
eduardo	4983536
problemlos	4983535
abwerfen	4983534
hundes	4983533
kartons	4983532
ganoven	4983531
gabrielle	4983530
stig	4983529
unterstellt	4983528
umfang	4983527
rasend	4983526
schwersten	4983525
cold	4983524
gymnasium	4983523
uwe	4983522
lagebericht	4983521
feiere	4983520
zen	4983519
rube	4983518
tobt	4983517
fokus	4983516
uberfalle	4983515
filmmaterial	4983514
tunte	4983513
raumstation	4983512
funke	4983511
gurken	4983510
taugen	4983509
herpes	4983508
zuruckzugehen	4983507
uberflutet	4983506
partnern	4983505
ridge	4983504
gackern	4983503
pointe	4983502
genialen	4983501
liebeskummer	4983500
bankett	4983499
zusammenzuarbeiten	4983498
herstellung	4983497
edmond	4983496
formalitat	4983495
verging	4983494
aberglaube	4983493
press	4983492
wiedergefunden	4983491
sichtweise	4983490
ledig	4983489
collier	4983488
untrostlich	4983487
einfrieren	4983486
unberuhrt	4983485
weiden	4983484
raste	4983483
hersteller	4983482
vernunftiges	4983481
drecksloch	4983480
even	4983479
verdauen	4983478
schwingungen	4983477
aufgetreten	4983476
vermittler	4983475
gladiatoren	4983474
sle	4983473
britney	4983472
kaputtmachen	4983471
erwarteten	4983470
abdecken	4983469
belehren	4983468
arne	4983467
zhao	4983466
schimpft	4983465
antat	4983464
auffahrt	4983463
schlupfer	4983462
aufgerufen	4983461
auskennt	4983460
ausgepackt	4983459
dreckskerle	4983458
anprobieren	4983457
weggesperrt	4983456
geschmiedet	4983455
toronto	4983454
gewohne	4983453
divine	4983452
gequatsche	4983451
checke	4983450
musketiere	4983449
bibi	4983448
monde	4983447
journal	4983446
schikaniert	4983445
anzusprechen	4983444
sprengt	4983443
gao	4983442
brennende	4983441
hundertmal	4983440
steil	4983439
goldenes	4983438
abstammung	4983437
dringender	4983436
geheiligt	4983435
hui	4983434
gezundet	4983433
blassen	4983432
festzunehmen	4983431
glaubiger	4983430
statistiken	4983429
zuruckgehalten	4983428
callen	4983427
schachteln	4983426
mustafa	4983425
freigeben	4983424
singer	4983423
viren	4983422
aufschlagen	4983421
hulk	4983420
auszudenken	4983419
bereinigen	4983418
uberfullt	4983417
salbe	4983416
bitteren	4983415
schurze	4983414
rambo	4983413
kniet	4983412
allerersten	4983411
knappe	4983410
lisbeth	4983409
absender	4983408
seufzer	4983407
freeway	4983406
enthielt	4983405
abi	4983404
dorn	4983403
gutschein	4983402
pflegeheim	4983401
co	4983400
russo	4983399
schamlos	4983398
authentisch	4983397
klares	4983396
schlagzeug	4983395
konsole	4983394
jurgen	4983393
ruin	4983392
laguerta	4983391
ilsa	4983390
siebzehn	4983389
britischer	4983388
lacher	4983387
verschicken	4983386
fotografie	4983385
schob	4983384
warnt	4983383
falles	4983382
fury	4983381
aas	4983380
abgesprochen	4983379
abbruch	4983378
zebra	4983377
braddock	4983376
hexer	4983375
grossstadt	4983374
professionellen	4983373
verspottet	4983372
wegbleiben	4983371
beherrsche	4983370
zerfallen	4983369
blufft	4983368
betruge	4983367
einlosen	4983366
grunzen	4983365
fotus	4983364
kalinda	4983363
umgefallen	4983362
meineid	4983361
besaufen	4983360
vorspeise	4983359
schreiten	4983358
building	4983357
strassenbahn	4983356
ausserirdischer	4983355
ambrose	4983354
ocean	4983353
abgeordnete	4983352
klettere	4983351
kreieren	4983350
wechselte	4983349
nachtwache	4983348
vorlegen	4983347
gruber	4983346
eilen	4983345
luftraum	4983344
einzusperren	4983343
anfragen	4983342
laufende	4983341
schachmatt	4983340
snack	4983339
trockner	4983338
charlies	4983337
assistieren	4983336
wurgt	4983335
optimismus	4983334
unwetter	4983333
gewandt	4983332
kreative	4983331
visuelle	4983330
enttausche	4983329
keeler	4983328
auszuhalten	4983327
fiktion	4983326
gillian	4983325
haftstrafe	4983324
ernenne	4983323
steuermann	4983322
reilly	4983321
letztem	4983320
cause	4983319
milz	4983318
manch	4983317
mixer	4983316
zuhorst	4983315
sporen	4983314
hilary	4983313
verdrehen	4983312
gegenwartig	4983311
erkrankung	4983310
flugzeugabsturz	4983309
pisst	4983308
lion	4983307
aufzuheben	4983306
damentoilette	4983305
eingekauft	4983304
genaues	4983303
verehrung	4983302
khalid	4983301
ochsen	4983300
carey	4983299
geendet	4983298
courage	4983297
besorgungen	4983296
geplundert	4983295
recherchen	4983294
abriegeln	4983293
koennen	4983292
bel	4983291
mumble	4983290
olivier	4983289
korporal	4983288
pflegt	4983287
moped	4983286
golfplatz	4983285
ambitionen	4983284
marshals	4983283
brain	4983282
kreuzwortratsel	4983281
cappuccino	4983280
dieben	4983279
rosalee	4983278
bieg	4983277
richtete	4983276
almeida	4983275
erlebnisse	4983274
demonstranten	4983273
moin	4983272
mietvertrag	4983271
carlisle	4983270
waldo	4983269
something	4983268
tahiti	4983267
champions	4983266
regan	4983265
schildern	4983264
unnotige	4983263
beschrieb	4983262
berges	4983261
weismachen	4983260
erleuchtet	4983259
westkuste	4983258
korrupten	4983257
auffassung	4983256
schuttelt	4983255
ertraumt	4983254
schub	4983253
irische	4983252
buchladen	4983251
abbringen	4983250
paprika	4983249
merle	4983248
sylar	4983247
pfirsich	4983246
abgetrennt	4983245
malaria	4983244
enkelkinder	4983243
merkten	4983242
schrage	4983241
gefolge	4983240
hiesigen	4983239
beil	4983238
reingebracht	4983237
bowie	4983236
bette	4983235
killen	4983234
komfort	4983233
magisches	4983232
hereingelegt	4983231
schiefgeht	4983230
rasten	4983229
europaische	4983228
genoss	4983227
fussabdrucke	4983226
kredite	4983225
weisswein	4983224
absperrung	4983223
omelett	4983222
botwin	4983221
erbarmlichen	4983220
gewerkschaften	4983219
quoten	4983218
weitersuchen	4983217
bewilligt	4983216
mystische	4983215
gepragt	4983214
exakte	4983213
clifton	4983212
erfreulich	4983211
gultig	4983210
wildschwein	4983209
ebenburtig	4983208
marmor	4983207
verschwundenen	4983206
bruchteil	4983205
zig	4983204
gerieten	4983203
verriegeln	4983202
verzweifeln	4983201
dunbar	4983200
locksley	4983199
uberfuhren	4983198
choi	4983197
hergezogen	4983196
kraut	4983195
vollgas	4983194
gekillt	4983193
zahnfee	4983192
betaubung	4983191
glorreichen	4983190
versailles	4983189
beschliesst	4983188
etliche	4983187
dialekt	4983186
barclay	4983185
saat	4983184
sud	4983183
erdlinge	4983182
preisgeben	4983181
hintere	4983180
flattern	4983179
nervengas	4983178
wahn	4983177
vereinigen	4983176
rates	4983175
matheson	4983174
lochern	4983173
burschchen	4983172
marktplatz	4983171
geschafts	4983170
hunderter	4983169
vorstellt	4983168
henning	4983167
sagenhaft	4983166
flugticket	4983165
kylie	4983164
sparrow	4983163
kappa	4983162
lieferte	4983161
abzulegen	4983160
lebensmude	4983159
schlachter	4983158
spielzeuge	4983157
verkauferin	4983156
fingernageln	4983155
brillanten	4983154
intimitat	4983153
schuljahr	4983152
amusiere	4983151
barrow	4983150
ausgelegt	4983149
taufen	4983148
schmuckstuck	4983147
ultimatum	4983146
zubereiten	4983145
engsten	4983144
antust	4983143
aussichtslos	4983142
rowan	4983141
schwimme	4983140
crash	4983139
religionen	4983138
mu	4983137
wahrung	4983136
unterlassen	4983135
friedlichen	4983134
aufholen	4983133
taler	4983132
jault	4983131
aufgebraucht	4983130
wandelt	4983129
jawoll	4983128
konzern	4983127
hiesse	4983126
odessa	4983125
nerys	4983124
brutalitat	4983123
touch	4983122
beunruhigende	4983121
webb	4983120
goliath	4983119
unternimmt	4983118
minderjahrigen	4983117
versaust	4983116
erledigst	4983115
freitags	4983114
lasen	4983113
unprofessionell	4983112
einheimische	4983111
blenden	4983110
widerlicher	4983109
angetrieben	4983108
wackelt	4983107
zeitbombe	4983106
hartley	4983105
selbstsicher	4983104
hach	4983103
harding	4983102
lenk	4983101
estelle	4983100
uberlisten	4983099
bizarr	4983098
chirurgin	4983097
kurven	4983096
sangen	4983095
moderator	4983094
bohne	4983093
harald	4983092
hotdog	4983091
brunch	4983090
sensationell	4983089
matthias	4983088
afrikanische	4983087
weckte	4983086
individuen	4983085
murrisch	4983084
office	4983083
polnische	4983082
meld	4983081
edo	4983080
agypter	4983079
isa	4983078
waschbar	4983077
austragen	4983076
liza	4983075
verbrechern	4983074
alphabet	4983073
hanni	4983072
dunkelsten	4983071
satans	4983070
sparsam	4983069
geschaftlichen	4983068
eclair	4983067
simms	4983066
losgeschickt	4983065
grollen	4983064
lebhafte	4983063
ernsthaften	4983062
schwedische	4983061
revolutionare	4983060
gescheit	4983059
muffin	4983058
small	4983057
jucken	4983056
sarkastisch	4983055
getriebe	4983054
greene	4983053
dumpfer	4983052
jana	4983051
schummeln	4983050
anastasia	4983049
auffallt	4983048
kreativitat	4983047
pobel	4983046
aussehender	4983045
zaum	4983044
rodeo	4983043
betrog	4983042
planten	4983041
dilaurentis	4983040
glee	4983039
pfeiffer	4983038
koordinieren	4983037
beschattet	4983036
bushaltestelle	4983035
waters	4983034
verurteilte	4983033
sachsen	4983032
hinzuzufugen	4983031
verschwitzt	4983030
paso	4983029
abscheuliche	4983028
arabien	4983027
anfallig	4983026
einlasst	4983025
eingefadelt	4983024
feuerkraft	4983023
bohannon	4983022
feindselig	4983021
beautiful	4983020
verfluchen	4983019
hackfleisch	4983018
memorial	4983017
hunderttausend	4983016
olson	4983015
starkeres	4983014
morgigen	4983013
rekrutieren	4983012
ts	4983011
kooperativ	4983010
geschaftsleute	4983009
terra	4983008
erbitten	4983007
gewahre	4983006
verlies	4983005
shrimps	4983004
booten	4983003
bescheissen	4983002
yvette	4983001
vinci	4983000
raphael	4982999
beschimpfen	4982998
mudigkeit	4982997
everybody	4982996
ausgleich	4982995
missgeburt	4982994
falk	4982993
einschatzen	4982992
tosh	4982991
mcgill	4982990
hinschicken	4982989
maud	4982988
heftiger	4982987
mothra	4982986
heftigen	4982985
zuruckgegangen	4982984
wisse	4982983
dekoration	4982982
untreue	4982981
geschuttelt	4982980
entlastet	4982979
stillstand	4982978
sicherheitsvorkehrungen	4982977
franzosisches	4982976
vorderseite	4982975
tatowiert	4982974
ausspioniert	4982973
schwartz	4982972
benno	4982971
pfand	4982970
ldee	4982969
verliebe	4982968
ausgeglichen	4982967
polizeiprasident	4982966
adligen	4982965
unerreichbar	4982964
welpe	4982963
touren	4982962
ordentlichen	4982961
hadley	4982960
interpretation	4982959
nullen	4982958
detonation	4982957
auszusteigen	4982956
verpflichten	4982955
schraubenzieher	4982954
derzeitigen	4982953
generell	4982952
krampf	4982951
seltenes	4982950
revanche	4982949
reichste	4982948
hingehoren	4982947
cosmo	4982946
cristal	4982945
orgie	4982944
hour	4982943
schwangeren	4982942
joffrey	4982941
ausging	4982940
gesetzlich	4982939
narkose	4982938
diplomatie	4982937
frustration	4982936
diaries	4982935
aussagt	4982934
bediene	4982933
ansatzweise	4982932
distanziert	4982931
plasma	4982930
langgeht	4982929
abschlussfeier	4982928
fabian	4982927
leerer	4982926
erfinde	4982925
erektion	4982924
zungen	4982923
humbert	4982922
etienne	4982921
ungewohnlicher	4982920
glockenlauten	4982919
rainer	4982918
umstimmen	4982917
ubereinstimmen	4982916
suzie	4982915
cabrio	4982914
hoffmann	4982913
schabig	4982912
whitey	4982911
rica	4982910
verbotene	4982909
schleppt	4982908
ordentliches	4982907
durchtrennt	4982906
schwede	4982905
jameson	4982904
tech	4982903
landkarte	4982902
verwiesen	4982901
anschaffen	4982900
klopfte	4982899
mitkommt	4982898
gewehren	4982897
colby	4982896
wappen	4982895
dolmetscher	4982894
fohlen	4982893
erregung	4982892
ergebt	4982891
immunsystem	4982890
kinos	4982889
geflirtet	4982888
lebenslang	4982887
argere	4982886
kelso	4982885
unfahigkeit	4982884
entwarf	4982883
aufwarts	4982882
harmlose	4982881
wassers	4982880
geschwader	4982879
gewahrleisten	4982878
garnison	4982877
beschliessen	4982876
macy	4982875
polnischen	4982874
thorpe	4982873
todlicher	4982872
erbarmliche	4982871
beschafft	4982870
barnabas	4982869
diverse	4982868
sortieren	4982867
teilgenommen	4982866
ungultig	4982865
genuge	4982864
panda	4982863
rutsche	4982862
amme	4982861
niedrigen	4982860
koscher	4982859
angedeutet	4982858
asse	4982857
selbstbewusst	4982856
materialien	4982855
kidnapper	4982854
porzellan	4982853
steph	4982852
teilst	4982851
stick	4982850
kostbaren	4982849
ungemutlich	4982848
lassig	4982847
biff	4982846
rotkappchen	4982845
rhonda	4982844
ubersetzer	4982843
schlechtem	4982842
english	4982841
kulissen	4982840
harker	4982839
petty	4982838
rocken	4982837
kreuzt	4982836
erfrischung	4982835
turbo	4982834
maxime	4982833
sicherheitsleute	4982832
eingeredet	4982831
lebenszeit	4982830
reinzulegen	4982829
geldborse	4982828
upper	4982827
unvorbereitet	4982826
chekov	4982825
saddam	4982824
dunger	4982823
polizeistation	4982822
ducken	4982821
verschreiben	4982820
hendricks	4982819
revolutionar	4982818
niederbrennen	4982817
vernehmung	4982816
grundgutiger	4982815
berichtete	4982814
abladen	4982813
mummy	4982812
schiebst	4982811
inspirierend	4982810
schauspielerei	4982809
zivile	4982808
nikolai	4982807
zehner	4982806
sowjetische	4982805
kyoto	4982804
nasenbluten	4982803
color	4982802
terri	4982801
umfasst	4982800
schildkroten	4982799
carmichael	4982798
ernsthaftes	4982797
hera	4982796
stockton	4982795
nik	4982794
unfalls	4982793
versau	4982792
verschleiern	4982791
calder	4982790
nuklearen	4982789
veteranen	4982788
recherchieren	4982787
uncool	4982786
teilchen	4982785
essig	4982784
prise	4982783
nukleare	4982782
bosheit	4982781
grundete	4982780
trubsal	4982779
aufrechterhalten	4982778
batista	4982777
rollo	4982776
abgebogen	4982775
mob	4982774
aberglaubisch	4982773
geschatzte	4982772
greifst	4982771
ballast	4982770
vortragen	4982769
halften	4982768
primitive	4982767
experimenten	4982766
plagen	4982765
babi	4982764
redensart	4982763
beschlagnahmen	4982762
fei	4982761
praktische	4982760
versiegeln	4982759
bestellungen	4982758
telefonnummern	4982757
durchmacht	4982756
vorschreiben	4982755
anwarter	4982754
rekonstruieren	4982753
rucksichtsvoll	4982752
diagnostiziert	4982751
schleudern	4982750
peck	4982749
gezogert	4982748
peinliche	4982747
garnichts	4982746
unzucht	4982745
wraith	4982744
nicken	4982743
herzubringen	4982742
diplomatische	4982741
funkeln	4982740
kakerlake	4982739
geneigt	4982738
pastete	4982737
umleiten	4982736
moglicher	4982735
radikale	4982734
kometen	4982733
tip	4982732
sank	4982731
chefkoch	4982730
eiffelturm	4982729
abgeworfen	4982728
zweifelt	4982727
gestrandet	4982726
losziehen	4982725
pausen	4982724
water	4982723
fortgesetzt	4982722
michelangelo	4982721
auszeichnungen	4982720
carmine	4982719
gehetzt	4982718
auslost	4982717
furzen	4982716
erkannten	4982715
nasse	4982714
ratlos	4982713
eingerostet	4982712
titelbild	4982711
finnland	4982710
bluttest	4982709
fields	4982708
slater	4982707
ritchie	4982706
anziehungskraft	4982705
science	4982704
gredenko	4982703
witwen	4982702
wegging	4982701
bells	4982700
fegen	4982699
kombiniert	4982698
abteilungen	4982697
capitaine	4982696
zuruckhaltung	4982695
anlagen	4982694
rhein	4982693
einstimmig	4982692
mechanismus	4982691
schluckchen	4982690
eye	4982689
verspotten	4982688
basteln	4982687
knuller	4982686
judah	4982685
einhundert	4982684
ehrfurcht	4982683
gigantische	4982682
gesoffen	4982681
unabhangige	4982680
fehlgeburt	4982679
nicks	4982678
pladieren	4982677
erlernen	4982676
schlussendlich	4982675
blosse	4982674
pelle	4982673
mao	4982672
bekamst	4982671
dudley	4982670
windschutzscheibe	4982669
asiaten	4982668
turme	4982667
abdul	4982666
bands	4982665
ablenkungsmanover	4982664
scully	4982663
anfertigen	4982662
beklemmende	4982661
quak	4982660
entlarvt	4982659
grosserem	4982658
losche	4982657
verdienten	4982656
verbrenn	4982655
angekettet	4982654
furchterliche	4982653
raubtier	4982652
angeguckt	4982651
kalorien	4982650
registrieren	4982649
sarahs	4982648
bedeute	4982647
hosenscheisser	4982646
mappe	4982645
ernennen	4982644
gregson	4982643
sturme	4982642
wirs	4982641
than	4982640
sexleben	4982639
cloud	4982638
ubertragt	4982637
rauschgift	4982636
plantage	4982635
verschiedener	4982634
federal	4982633
mari	4982632
beinbruch	4982631
zielobjekt	4982630
psychologischen	4982629
standhaft	4982628
natasha	4982627
protestanten	4982626
mysterios	4982625
bowl	4982624
unendlichen	4982623
erschafft	4982622
heulst	4982621
jeanette	4982620
dickkopfig	4982619
aufmacht	4982618
saulen	4982617
veroffentlichung	4982616
krachzt	4982615
irdischen	4982614
moreau	4982613
erwahnst	4982612
kraht	4982611
reginald	4982610
schopfen	4982609
berauben	4982608
kusine	4982607
joanne	4982606
leuchte	4982605
uberweisung	4982604
durchsehen	4982603
verbotenen	4982602
vernehmen	4982601
idol	4982600
paradise	4982599
terminkalender	4982598
angestiftet	4982597
grausamer	4982596
vergrossert	4982595
arabischen	4982594
beizutreten	4982593
monkey	4982592
steinbruch	4982591
tagebucher	4982590
babs	4982589
clarissa	4982588
meditation	4982587
unvorsichtig	4982586
tao	4982585
jonesy	4982584
hieb	4982583
ausdrucksweise	4982582
uninteressant	4982581
delfine	4982580
telefonisch	4982579
geburtstage	4982578
unzertrennlich	4982577
fruherer	4982576
forrester	4982575
feldzug	4982574
wohlhabend	4982573
truben	4982572
kompromittiert	4982571
sichergestellt	4982570
kendra	4982569
beginnst	4982568
freiheiten	4982567
abdrehen	4982566
mythologie	4982565
erfolgen	4982564
abgeschickt	4982563
inhaftiert	4982562
entzuckende	4982561
fliessend	4982560
offentlicher	4982559
tichy	4982558
seoul	4982557
schicker	4982556
vorbeifahren	4982555
unbrauchbar	4982554
knistern	4982553
reize	4982552
did	4982551
vorsitz	4982550
tolerieren	4982549
pettersson	4982548
alejandro	4982547
vorrichtung	4982546
grabt	4982545
hingefahren	4982544
brustkorb	4982543
munde	4982542
zusammentun	4982541
niest	4982540
haltestelle	4982539
eindeutige	4982538
hebst	4982537
betont	4982536
stacheldraht	4982535
festsitzen	4982534
shorty	4982533
konstruktion	4982532
hosentasche	4982531
stephan	4982530
fantastischer	4982529
falschgeld	4982528
cornelius	4982527
malst	4982526
sparta	4982525
kontaktlinsen	4982524
schwitze	4982523
edwina	4982522
bimbam	4982521
eingewickelt	4982520
verrottet	4982519
spekulieren	4982518
forbes	4982517
gala	4982516
emotion	4982515
viagra	4982514
verzogert	4982513
nachlassen	4982512
tanks	4982511
giftige	4982510
werbespot	4982509
begleitest	4982508
farbigen	4982507
kasper	4982506
darwyn	4982505
qiu	4982504
slogan	4982503
geschnitzt	4982502
halbzeit	4982501
gesprachig	4982500
muad	4982499
tricorder	4982498
wissenschaftlerin	4982497
einwilligung	4982496
gig	4982495
waggon	4982494
abbey	4982493
moose	4982492
geschlichen	4982491
glotze	4982490
heftiges	4982489
macho	4982488
hemmungen	4982487
entnommen	4982486
verkraftet	4982485
abstatten	4982484
sancho	4982483
asteroiden	4982482
auszurauben	4982481
lotterie	4982480
ubertrifft	4982479
fluges	4982478
bajoranischen	4982477
besitzerin	4982476
unterhielten	4982475
fruchtbar	4982474
bewerber	4982473
neutralisiert	4982472
einweihen	4982471
barnum	4982470
kelzi	4982469
ehebruch	4982468
wicht	4982467
ketzer	4982466
schwieriges	4982465
christliche	4982464
rocks	4982463
teiepathen	4982462
furstin	4982461
niedrige	4982460
weiterspielen	4982459
mako	4982458
gelander	4982457
bowlen	4982456
protestiere	4982455
goodman	4982454
klingone	4982453
bitt	4982452
doakes	4982451
schritten	4982450
trance	4982449
lehmann	4982448
riet	4982447
anfuhrerin	4982446
entscheidenden	4982445
zisch	4982444
nachlass	4982443
verlaub	4982442
absorbiert	4982441
trainierst	4982440
perez	4982439
flohen	4982438
vollstandigen	4982437
identifikation	4982436
zola	4982435
gianni	4982434
zarten	4982433
jacken	4982432
ergeht	4982431
professoren	4982430
trophaen	4982429
hansel	4982428
kavalier	4982427
hocker	4982426
faschisten	4982425
filmemacher	4982424
starks	4982423
aufhorte	4982422
stefano	4982421
konfisziert	4982420
mundwerk	4982419
abgeliefert	4982418
baseballschlager	4982417
lieblingsfarbe	4982416
arschlochern	4982415
ungeheuerlich	4982414
freeman	4982413
zeitvertreib	4982412
apfelkuchen	4982411
hinterhaltig	4982410
helium	4982409
geschamt	4982408
rommel	4982407
demutigend	4982406
nahren	4982405
eingelegt	4982404
gladiator	4982403
maultier	4982402
zusieht	4982401
erbin	4982400
kato	4982399
weiterreden	4982398
stressig	4982397
gill	4982396
schaffner	4982395
penn	4982394
korrekte	4982393
dienstags	4982392
forensik	4982391
aluminium	4982390
unterschreibst	4982389
reizendes	4982388
teilnahme	4982387
landesweit	4982386
halbem	4982385
erwunscht	4982384
manolo	4982383
vorgezogen	4982382
cedric	4982381
gestopft	4982380
duzen	4982379
allmachtige	4982378
hildy	4982377
postbote	4982376
kirchenglocken	4982375
investitionen	4982374
anatomie	4982373
offizieren	4982372
carlotta	4982371
lebenserhaltung	4982370
bewohnt	4982369
heimkommen	4982368
fantastisches	4982367
tanaka	4982366
oho	4982365
stoffe	4982364
wichsen	4982363
heaven	4982362
eleganz	4982361
clifford	4982360
dienstmarke	4982359
schwellung	4982358
amazonas	4982357
them	4982356
schriftstellerin	4982355
erstklassig	4982354
unmenschlich	4982353
kadaver	4982352
teddybar	4982351
ohhh	4982350
erfroren	4982349
fantomas	4982348
tagliche	4982347
untergegangen	4982346
begegneten	4982345
idealen	4982344
reservat	4982343
toilettenpapier	4982342
taco	4982341
alessandro	4982340
unmengen	4982339
wissend	4982338
fontaine	4982337
mandantin	4982336
osaka	4982335
flache	4982334
verpackung	4982333
maxine	4982332
peabody	4982331
goethe	4982330
mind	4982329
schauten	4982328
jazzhead	4982327
weglassen	4982326
universal	4982325
gefahrtin	4982324
rummel	4982323
cardassianische	4982322
geblutet	4982321
owens	4982320
antoinette	4982319
verladen	4982318
twitter	4982317
dichte	4982316
ausgerissen	4982315
geschwommen	4982314
marsh	4982313
aussenminister	4982312
inquisition	4982311
uberlegte	4982310
tan	4982309
fay	4982308
vorsichtsmassnahmen	4982307
groschen	4982306
lok	4982305
illegaler	4982304
kundigt	4982303
uberzeuge	4982302
kranz	4982301
gertrud	4982300
vorhersagen	4982299
visa	4982298
curry	4982297
verbundeter	4982296
beschwere	4982295
zehntausend	4982294
strandhaus	4982293
coming	4982292
jasmine	4982291
drenton	4982290
tacos	4982289
raja	4982288
teuflisch	4982287
rivera	4982286
yusuf	4982285
einsammeln	4982284
ursachen	4982283
ubertreibe	4982282
irrte	4982281
klassischer	4982280
buchstabe	4982279
einschliessen	4982278
zerlegen	4982277
shaggy	4982276
tranengas	4982275
zerren	4982274
brr	4982273
entzunden	4982272
lokomotive	4982271
verwischt	4982270
zuallererst	4982269
giesst	4982268
gutzumachen	4982267
grieche	4982266
zweifelst	4982265
coke	4982264
russisches	4982263
gewalttatige	4982262
polizeibericht	4982261
ausstrahlung	4982260
entkommst	4982259
didi	4982258
intensiver	4982257
fiesen	4982256
ader	4982255
plotzlichen	4982254
schafer	4982253
dorian	4982252
weggeben	4982251
gepfluckt	4982250
bedford	4982249
zimt	4982248
bruhe	4982247
strumpfhosen	4982246
chino	4982245
lounge	4982244
vorzeitig	4982243
rosewood	4982242
donnert	4982241
wills	4982240
mails	4982239
messieurs	4982238
psychiaterin	4982237
zickig	4982236
lebensweise	4982235
uralten	4982234
erteile	4982233
feiger	4982232
verstaucht	4982231
trek	4982230
kiew	4982229
funfer	4982228
langsamen	4982227
checkt	4982226
verrichten	4982225
auserwahlten	4982224
durchmachst	4982223
zunehmend	4982222
stackhouse	4982221
herbie	4982220
poliert	4982219
gepflanzt	4982218
comeback	4982217
rumanien	4982216
langweilst	4982215
montags	4982214
trubel	4982213
favor	4982212
partisanen	4982211
deutsches	4982210
schranke	4982209
witwer	4982208
wellenlange	4982207
geronimo	4982206
versuchskaninchen	4982205
bu	4982204
bereitete	4982203
bao	4982202
niklas	4982201
beispielsweise	4982200
martina	4982199
count	4982198
mitnimmt	4982197
schlips	4982196
homosexuelle	4982195
cage	4982194
ceo	4982193
heimgesucht	4982192
ausbricht	4982191
globalen	4982190
shake	4982189
extremen	4982188
philosophen	4982187
kabinett	4982186
verwarnung	4982185
spiegeln	4982184
kathedrale	4982183
terrain	4982182
wartezimmer	4982181
verpflegung	4982180
gabi	4982179
reportage	4982178
prometheus	4982177
ausweichmanover	4982176
concierge	4982175
vergibst	4982174
vermischen	4982173
leiseste	4982172
unterfangen	4982171
cid	4982170
wahrgenommen	4982169
wartung	4982168
thorin	4982167
beschnitten	4982166
ally	4982165
einbruche	4982164
entehrt	4982163
sportlich	4982162
ufos	4982161
stalingrad	4982160
gesten	4982159
chinesischer	4982158
tel	4982157
spektakular	4982156
deutschlands	4982155
veilchen	4982154
fight	4982153
konzerte	4982152
klotz	4982151
rost	4982150
laufbahn	4982149
ordner	4982148
besteck	4982147
prinzessinnen	4982146
sykes	4982145
aufgeschnitten	4982144
sinnlose	4982143
kult	4982142
metatron	4982141
nachgeforscht	4982140
other	4982139
ziemlichen	4982138
verzeichnet	4982137
pager	4982136
einzuhalten	4982135
ellison	4982134
besuchten	4982133
totlachen	4982132
trotzen	4982131
solidaritat	4982130
diplomaten	4982129
einschreiben	4982128
erfullte	4982127
flehte	4982126
teufelskerl	4982125
kolonne	4982124
amore	4982123
eingecheckt	4982122
gigantischen	4982121
exorzismus	4982120
lehrern	4982119
anzuwenden	4982118
zeitfenster	4982117
muhsam	4982116
labil	4982115
nemo	4982114
reinigt	4982113
kollabiert	4982112
regime	4982111
muschel	4982110
firewall	4982109
verunsichert	4982108
natascha	4982107
tugenden	4982106
puder	4982105
abneigung	4982104
befasst	4982103
dokumentation	4982102
elektronik	4982101
purer	4982100
kensi	4982099
clare	4982098
schluckauf	4982097
zigeunerin	4982096
bessie	4982095
adjutant	4982094
olympischen	4982093
jamaika	4982092
mortimer	4982091
klopapier	4982090
taugenichts	4982089
nance	4982088
vega	4982087
beachtung	4982086
broschure	4982085
opas	4982084
lagerhalle	4982083
strenger	4982082
annabelle	4982081
manikure	4982080
thornton	4982079
zeugenaussage	4982078
schlitz	4982077
granger	4982076
unendlichkeit	4982075
videospiel	4982074
formuliert	4982073
vergassen	4982072
davongelaufen	4982071
klammer	4982070
colette	4982069
beinhalten	4982068
arms	4982067
lektionen	4982066
antonius	4982065
parat	4982064
ausgebrannt	4982063
cem	4982062
sabbat	4982061
geordnet	4982060
goldie	4982059
feds	4982058
versprecht	4982057
willkurlich	4982056
jugendlicher	4982055
gruselige	4982054
biologisch	4982053
schuldete	4982052
medaillen	4982051
kris	4982050
marketing	4982049
tierheim	4982048
scottie	4982047
sommerferien	4982046
schriftrolle	4982045
erfindet	4982044
ringt	4982043
hefte	4982042
schmiss	4982041
grips	4982040
granny	4982039
melbourne	4982038
schriftliche	4982037
betroffenen	4982036
kugelschreiber	4982035
grunzt	4982034
misty	4982033
verappeln	4982032
fortgeschritten	4982031
earth	4982030
stiller	4982029
nice	4982028
musstet	4982027
funkspruch	4982026
stinktier	4982025
zauberhafte	4982024
kokosnuss	4982023
getue	4982022
ungemein	4982021
seiest	4982020
schlimmster	4982019
geaussert	4982018
bannister	4982017
unterirdischen	4982016
annette	4982015
deborah	4982014
kauz	4982013
algerien	4982012
hop	4982011
veraltet	4982010
peeta	4982009
haupteingang	4982008
zusammenstellen	4982007
einstellungen	4982006
tobi	4982005
fritten	4982004
stabschef	4982003
dealen	4982002
umgeleitet	4982001
gesprachen	4982000
einzutreten	4981999
abhaut	4981998
achtzehn	4981997
postamt	4981996
aufzuziehen	4981995
auflage	4981994
feueralarm	4981993
lebendiger	4981992
viva	4981991
invisible	4981990
umgesehen	4981989
trauzeugen	4981988
gaines	4981987
verschuldet	4981986
cecile	4981985
bauunternehmer	4981984
edie	4981983
strafling	4981982
neuseeland	4981981
mathias	4981980
einfallsreich	4981979
kurzschluss	4981978
zuschauern	4981977
wirjetzt	4981976
eifrig	4981975
oberhalb	4981974
rach	4981973
merry	4981972
assad	4981971
feindseligkeit	4981970
petersen	4981969
downton	4981968
liverpool	4981967
aquaman	4981966
mischa	4981965
geehrte	4981964
durchkommt	4981963
aufgibst	4981962
auguste	4981961
nahere	4981960
hackbraten	4981959
verlangsamt	4981958
ubergab	4981957
strukturen	4981956
haarfarbe	4981955
verwendete	4981954
felipe	4981953
sacramento	4981952
cornflakes	4981951
schmutziger	4981950
erpresser	4981949
oberhand	4981948
nachzugehen	4981947
luftangriff	4981946
teig	4981945
kauflich	4981944
schlumpf	4981943
heimatland	4981942
abgeladen	4981941
moby	4981940
gigantisch	4981939
lebender	4981938
aufgefressen	4981937
scarlet	4981936
annabel	4981935
vererbt	4981934
erbrechen	4981933
geleert	4981932
festnageln	4981931
schauplatz	4981930
gonzo	4981929
sprech	4981928
aktive	4981927
verzehrt	4981926
lebensgeschichte	4981925
durchmesser	4981924
zappeln	4981923
herden	4981922
koniginnen	4981921
stinker	4981920
event	4981919
kuhen	4981918
eigenartige	4981917
organisationen	4981916
voraussetzungen	4981915
vergleiche	4981914
kraftigen	4981913
dix	4981912
fechten	4981911
plakate	4981910
hupf	4981909
knut	4981908
hasch	4981907
jets	4981906
hufe	4981905
zwo	4981904
unsicherheit	4981903
gewachshaus	4981902
gomorrha	4981901
alexandria	4981900
hypnotisiert	4981899
klassentreffen	4981898
neutralisieren	4981897
roscoe	4981896
versohnung	4981895
frauenstimme	4981894
belauscht	4981893
loki	4981892
ig	4981891
baracke	4981890
pralinen	4981889
kuhle	4981888
vollzogen	4981887
anzustarren	4981886
alligator	4981885
rutschte	4981884
wutenden	4981883
unterschrieb	4981882
europaer	4981881
marionetten	4981880
punsch	4981879
strolch	4981878
unwurdig	4981877
senatorin	4981876
doreen	4981875
erregend	4981874
philippinen	4981873
thelma	4981872
stumpf	4981871
rubergehen	4981870
jubilaum	4981869
goldener	4981868
jarl	4981867
statuieren	4981866
anziehend	4981865
left	4981864
hutet	4981863
connors	4981862
feldmarschall	4981861
zeugt	4981860
komplettes	4981859
kleinem	4981858
verwanzt	4981857
journalismus	4981856
erspare	4981855
gia	4981854
abkuhlen	4981853
ange	4981852
maden	4981851
ji	4981850
tunnels	4981849
allerhand	4981848
anhaltspunkt	4981847
scout	4981846
clevere	4981845
channing	4981844
spinat	4981843
entschlusselt	4981842
diskette	4981841
dreieinhalb	4981840
templeton	4981839
exotische	4981838
scheisshaufen	4981837
arbeitsplatze	4981836
scheitert	4981835
ausgeraumt	4981834
genesen	4981833
gerd	4981832
sternenbasis	4981831
gone	4981830
gegrillt	4981829
frenchy	4981828
appell	4981827
walk	4981826
selbstlos	4981825
platschern	4981824
machine	4981823
passendes	4981822
vertagt	4981821
andauern	4981820
verklingt	4981819
meute	4981818
oberbefehlshaber	4981817
unserm	4981816
uberzeugungen	4981815
pinkel	4981814
dimensionen	4981813
rotschopf	4981812
nanni	4981811
fabelhafte	4981810
bauchgefuhl	4981809
ta	4981808
giuckiich	4981807
uberraschte	4981806
nutzliche	4981805
schnelligkeit	4981804
schufen	4981803
feuerte	4981802
anstellung	4981801
koreaner	4981800
handumdrehen	4981799
chanel	4981798
verblasst	4981797
abschlachten	4981796
freche	4981795
burste	4981794
vorlage	4981793
oger	4981792
naturliches	4981791
ethik	4981790
trauerfeier	4981789
arminius	4981788
triaden	4981787
curzon	4981786
zufluchtsort	4981785
memoiren	4981784
junggesellenabschied	4981783
lorenz	4981782
tiefpunkt	4981781
isis	4981780
ausdrucke	4981779
abgesichert	4981778
angeblichen	4981777
zuruckkehre	4981776
anforderungen	4981775
ameise	4981774
melken	4981773
kompetenz	4981772
nachttisch	4981771
reagiere	4981770
lazarett	4981769
paulo	4981768
nickel	4981767
grosszugige	4981766
lebendigen	4981765
ruthie	4981764
schubladen	4981763
nachladen	4981762
menschenverstand	4981761
kugelsichere	4981760
bedrangt	4981759
ausschwarmen	4981758
candace	4981757
achse	4981756
zuruckgewinnen	4981755
leidtun	4981754
herzfrequenz	4981753
tauche	4981752
argo	4981751
blasphemie	4981750
eisenkraut	4981749
atlas	4981748
fieser	4981747
groben	4981746
put	4981745
behandlungen	4981744
rassist	4981743
landereien	4981742
unnaturlich	4981741
erfahrener	4981740
erhaltst	4981739
goldstucke	4981738
rosinen	4981737
existierst	4981736
schreckt	4981735
erniedrigung	4981734
gewerbe	4981733
gesellen	4981732
geschuftet	4981731
abzuhangen	4981730
keule	4981729
archibald	4981728
capua	4981727
dresden	4981726
bret	4981725
weicher	4981724
cavanaugh	4981723
hereinspaziert	4981722
breen	4981721
umzudrehen	4981720
jie	4981719
auffullen	4981718
kappen	4981717
daniela	4981716
zerstuckelt	4981715
renata	4981714
lava	4981713
kost	4981712
bunt	4981711
mosby	4981710
glory	4981709
gassi	4981708
schnellstmoglich	4981707
volljahrig	4981706
hippies	4981705
strikt	4981704
aii	4981703
bertha	4981702
zuchthaus	4981701
psychiatrischen	4981700
warmt	4981699
starkeren	4981698
angewendet	4981697
rausschaffen	4981696
fahnen	4981695
zed	4981694
jaaa	4981693
intrigen	4981692
unterziehen	4981691
lilys	4981690
verbannen	4981689
geschutz	4981688
undenkbar	4981687
molekule	4981686
steward	4981685
ubermittelt	4981684
bruche	4981683
duane	4981682
klarzukommen	4981681
eingeschuchtert	4981680
stammte	4981679
novak	4981678
wandschrank	4981677
aushandigen	4981676
rational	4981675
kojoten	4981674
frieda	4981673
beckman	4981672
redner	4981671
hiergeblieben	4981670
mathieu	4981669
kadett	4981668
strengt	4981667
verteidigungsminister	4981666
oberster	4981665
sportwagen	4981664
seekrank	4981663
beschadigen	4981662
gleise	4981661
gemeinsamer	4981660
dalek	4981659
gelber	4981658
prachtige	4981657
vorahnung	4981656
austricksen	4981655
herrchen	4981654
gutgehen	4981653
knopfen	4981652
kritiken	4981651
bowman	4981650
goose	4981649
shan	4981648
dacht	4981647
airport	4981646
elegante	4981645
verlangerung	4981644
rettungsboot	4981643
were	4981642
ramses	4981641
leipzig	4981640
auftauchst	4981639
krokodile	4981638
aufpasser	4981637
nigga	4981636
erkalten	4981635
vielerlei	4981634
masturbieren	4981633
vereinigt	4981632
trocknet	4981631
warteliste	4981630
abschiedsgeschenk	4981629
thing	4981628
hotdogs	4981627
startbereit	4981626
abschreiben	4981625
patrone	4981624
anatomy	4981623
weiterleiten	4981622
silvia	4981621
topfe	4981620
verwehrt	4981619
lannister	4981618
menschenmenge	4981617
schminken	4981616
weggeht	4981615
zeitreisen	4981614
vorgibt	4981613
fuhrenden	4981612
insider	4981611
allergien	4981610
atmest	4981609
albuquerque	4981608
passage	4981607
tanzerinnen	4981606
abteilungsleiter	4981605
letzen	4981604
einfachsten	4981603
muslime	4981602
pd	4981601
diktatur	4981600
eunice	4981599
zugeln	4981598
arrangement	4981597
turkische	4981596
historiker	4981595
effizienz	4981594
gespult	4981593
steuerzahler	4981592
neutralen	4981591
klaue	4981590
kampfgeist	4981589
skynet	4981588
fauchen	4981587
kristalle	4981586
ausserlich	4981585
testet	4981584
leckeren	4981583
jojo	4981582
zod	4981581
korrupte	4981580
passten	4981579
zentralen	4981578
aufgegriffen	4981577
ladungen	4981576
besiegte	4981575
anonymer	4981574
habgier	4981573
braunes	4981572
fasern	4981571
schulmadchen	4981570
abgesessen	4981569
jimmys	4981568
tonband	4981567
hobson	4981566
brauner	4981565
kriegern	4981564
blossstellen	4981563
handyklingeln	4981562
raben	4981561
myrtle	4981560
skizze	4981559
horse	4981558
stopft	4981557
masters	4981556
versinken	4981555
wohlfuhlen	4981554
brighton	4981553
unbeschreiblich	4981552
albany	4981551
bereichen	4981550
ballistik	4981549
durchschnittlich	4981548
schleichst	4981547
vern	4981546
erlebst	4981545
opposition	4981544
auszuschliessen	4981543
yorkshire	4981542
levi	4981541
solls	4981540
ilja	4981539
match	4981538
problematisch	4981537
aufsitzen	4981536
volt	4981535
kultiviert	4981534
auszulosen	4981533
diebstahls	4981532
verschlingt	4981531
garza	4981530
berufe	4981529
dui	4981528
yay	4981527
heldentaten	4981526
ruckfall	4981525
terminator	4981524
pferderennen	4981523
landhaus	4981522
asia	4981521
marisa	4981520
aufzumachen	4981519
violetta	4981518
vorsatz	4981517
anzutreten	4981516
oberarzt	4981515
amour	4981514
kiera	4981513
geburtstagskind	4981512
liebchen	4981511
losging	4981510
speisesaal	4981509
prozesses	4981508
beau	4981507
zumal	4981506
jungchen	4981505
direktors	4981504
gepostet	4981503
herumsitzen	4981502
ausgehe	4981501
halbbruder	4981500
totales	4981499
angebissen	4981498
startete	4981497
gluhbirne	4981496
miyagi	4981495
fanfaren	4981494
heimliche	4981493
ebay	4981492
orgelmusik	4981491
modul	4981490
prazision	4981489
taverne	4981488
anflehen	4981487
sturze	4981486
vermobelt	4981485
auswarts	4981484
zerstreut	4981483
schnitten	4981482
asiatische	4981481
toms	4981480
reizender	4981479
undichte	4981478
regnete	4981477
originale	4981476
anbauen	4981475
kuhn	4981474
schulz	4981473
verklage	4981472
zeitlinie	4981471
turkischen	4981470
tj	4981469
california	4981468
filiale	4981467
anderten	4981466
heimzahlen	4981465
befestigen	4981464
assistenzarzt	4981463
durchgesehen	4981462
winterfell	4981461
hartesten	4981460
begrenzte	4981459
eingestuft	4981458
aufregt	4981457
saxon	4981456
zaher	4981455
kehrten	4981454
murdock	4981453
aufkleber	4981452
murtaugh	4981451
geller	4981450
abgespielt	4981449
dab	4981448
gogh	4981447
lenore	4981446
fronten	4981445
angefertigt	4981444
umfragen	4981443
cats	4981442
grubeln	4981441
turnschuhe	4981440
ausgezahlt	4981439
nachtragend	4981438
help	4981437
beeintrachtigen	4981436
verkehren	4981435
globus	4981434
moritz	4981433
bischen	4981432
fallengelassen	4981431
larkin	4981430
glucksstrahne	4981429
eingemischt	4981428
teppiche	4981427
unsterblichen	4981426
dib	4981425
geangelt	4981424
massiv	4981423
karaoke	4981422
freundliches	4981421
japanern	4981420
absteigen	4981419
hades	4981418
schrubben	4981417
thunder	4981416
drogenfahndung	4981415
bettchen	4981414
konstantin	4981413
hupft	4981412
ausgesperrt	4981411
stachel	4981410
marys	4981409
schiller	4981408
kunstwerke	4981407
ubles	4981406
zyklus	4981405
opie	4981404
gelaber	4981403
mayans	4981402
tischen	4981401
massiven	4981400
verbrennung	4981399
parallel	4981398
laufend	4981397
costello	4981396
bescheidene	4981395
hausmann	4981394
experimentieren	4981393
schwebe	4981392
gedenkfeier	4981391
eingeschrankt	4981390
atf	4981389
minderjahrige	4981388
geschnallt	4981387
dias	4981386
fly	4981385
apophis	4981384
saule	4981383
bemerkten	4981382
erscheine	4981381
ferris	4981380
klagt	4981379
lkws	4981378
pops	4981377
auszusuchen	4981376
uran	4981375
rupfen	4981374
paulus	4981373
trommelwirbel	4981372
funkkontakt	4981371
cry	4981370
lallt	4981369
constantine	4981368
cheung	4981367
dei	4981366
tadellos	4981365
doktors	4981364
reeves	4981363
vorort	4981362
bugeln	4981361
meisterin	4981360
winden	4981359
barker	4981358
winseln	4981357
norrie	4981356
verstrickt	4981355
beobachtungen	4981354
orientierung	4981353
gelautet	4981352
sanften	4981351
losgefahren	4981350
aussergewohnlicher	4981349
gowron	4981348
markierungen	4981347
verschmelzen	4981346
hunderttausende	4981345
cricket	4981344
into	4981343
endest	4981342
motors	4981341
bureau	4981340
wuff	4981339
wetterbericht	4981338
psychologin	4981337
krankenhausern	4981336
taktischen	4981335
leichtfertig	4981334
espheni	4981333
krawatten	4981332
herbestellt	4981331
selbstbewusstsein	4981330
kommunistischen	4981329
kassierer	4981328
stephane	4981327
prahlen	4981326
sinatra	4981325
liebevolle	4981324
fromm	4981323
wirtin	4981322
allerletzte	4981321
kontext	4981320
strang	4981319
geldautomaten	4981318
fortzusetzen	4981317
untatig	4981316
grantham	4981315
dancing	4981314
janey	4981313
butterfly	4981312
todesfall	4981311
dreifach	4981310
versohlt	4981309
berry	4981308
friend	4981307
zusammenbringen	4981306
schmucken	4981305
einweisen	4981304
patron	4981303
strahlend	4981302
corax	4981301
franky	4981300
gebrull	4981299
ueber	4981298
qui	4981297
seriennummer	4981296
knutschen	4981295
kadetten	4981294
belastige	4981293
holloway	4981292
generalstaatsanwalt	4981291
hauptfach	4981290
galen	4981289
programmierung	4981288
tigger	4981287
weicheier	4981286
lieg	4981285
emails	4981284
trockne	4981283
nervenkitzel	4981282
grosszuziehen	4981281
simons	4981280
ankampfen	4981279
siehts	4981278
verletze	4981277
arbeitslosigkeit	4981276
umzuziehen	4981275
funfter	4981274
hochschule	4981273
schutten	4981272
pine	4981271
millionare	4981270
enthusiasmus	4981269
andie	4981268
hochheben	4981267
bezweifele	4981266
lehm	4981265
ruhre	4981264
geburtstagsfeier	4981263
uralt	4981262
geheimwaffe	4981261
wohn	4981260
mix	4981259
ungeeignet	4981258
niemandes	4981257
pausenlos	4981256
umstellen	4981255
fluchtet	4981254
mcnally	4981253
gemeinheit	4981252
gedulden	4981251
angsten	4981250
barksdale	4981249
abfluss	4981248
sponsoren	4981247
kambodscha	4981246
hub	4981245
schutzhaft	4981244
erwahlt	4981243
bronson	4981242
vorgelegt	4981241
nor	4981240
verfall	4981239
widerwartig	4981238
trinkwasser	4981237
spendet	4981236
dario	4981235
style	4981234
jfk	4981233
yorks	4981232
uff	4981231
fluten	4981230
spital	4981229
sprangen	4981228
wesens	4981227
lacy	4981226
storys	4981225
radikal	4981224
subtil	4981223
teuflische	4981222
pinkelt	4981221
gelehrter	4981220
bolzen	4981219
fehlerhaft	4981218
heuhaufen	4981217
gamma	4981216
doktoren	4981215
knacker	4981214
widme	4981213
psychischen	4981212
einzulassen	4981211
werter	4981210
mathis	4981209
gebuhren	4981208
ertrug	4981207
pietro	4981206
dorrit	4981205
allahs	4981204
falcon	4981203
meteor	4981202
zerfallt	4981201
biopsie	4981200
zugetraut	4981199
verschlossenen	4981198
ekelig	4981197
donnerstags	4981196
schminke	4981195
gun	4981194
zogert	4981193
vorsehung	4981192
schnappchen	4981191
hilfssheriff	4981190
haargenau	4981189
dina	4981188
lil	4981187
flexibel	4981186
weilt	4981185
enthauptet	4981184
ausfuhrlich	4981183
blinddarm	4981182
freiwilliger	4981181
klingonischen	4981180
vertrauliche	4981179
vorbeizukommen	4981178
colleen	4981177
heisseste	4981176
standiger	4981175
erbarmlicher	4981174
sinnlosen	4981173
rentner	4981172
bene	4981171
hochgeht	4981170
farbt	4981169
beruhmteste	4981168
marv	4981167
caine	4981166
goodbye	4981165
gegenwartigen	4981164
jungster	4981163
risa	4981162
smitty	4981161
kinderwagen	4981160
nobelpreis	4981159
schutzling	4981158
blutsauger	4981157
sterblich	4981156
offensichtlichen	4981155
wirtshaus	4981154
alaric	4981153
aufgegabelt	4981152
kleinlich	4981151
auslaufen	4981150
gurgel	4981149
rauszukriegen	4981148
stimmten	4981147
lebensjahr	4981146
angezapft	4981145
skrupellos	4981144
verhangt	4981143
autofahren	4981142
exekutiert	4981141
shuttles	4981140
abgelost	4981139
zusammenfassung	4981138
bretter	4981137
kirsten	4981136
hiroshi	4981135
israelis	4981134
better	4981133
brunette	4981132
minnie	4981131
gag	4981130
demjenigen	4981129
zugedrohnt	4981128
atticus	4981127
vorhergesagt	4981126
mcnulty	4981125
findus	4981124
schnappst	4981123
vermutete	4981122
zeugenaussagen	4981121
hetzt	4981120
dominique	4981119
delhi	4981118
xiang	4981117
raufkommen	4981116
lala	4981115
blondes	4981114
ivo	4981113
turnhalle	4981112
uberfahrt	4981111
move	4981110
runterlassen	4981109
nicaragua	4981108
second	4981107
vermieden	4981106
infusion	4981105
prognose	4981104
giraffe	4981103
japanischer	4981102
hervorrufen	4981101
basieren	4981100
geborgt	4981099
viola	4981098
wunschten	4981097
wohnsitz	4981096
ausbilder	4981095
dottie	4981094
inszenierung	4981093
schonere	4981092
fogg	4981091
brice	4981090
beenthere	4981089
scharfsinnig	4981088
cordelia	4981087
brautjungfer	4981086
substanzen	4981085
bosewichte	4981084
alaikum	4981083
diplomat	4981082
jahreszeiten	4981081
schnuffler	4981080
chile	4981079
ralf	4981078
aufzuregen	4981077
offline	4981076
hinterausgang	4981075
aktie	4981074
spanner	4981073
verdammnis	4981072
heimkehr	4981071
unglucklicher	4981070
rumpelstilzchen	4981069
applaudieren	4981068
howdy	4981067
verhore	4981066
sweeney	4981065
krepiert	4981064
lourdes	4981063
tausender	4981062
transaktion	4981061
devil	4981060
darzustellen	4981059
gulden	4981058
toleriert	4981057
dampfer	4981056
wogen	4981055
kannibalen	4981054
legendaren	4981053
lausiger	4981052
spa	4981051
gewaltiger	4981050
elektronischen	4981049
lebendes	4981048
schei	4981047
kreiert	4981046
schaltkreise	4981045
klopfe	4981044
jorg	4981043
wilcox	4981042
autopilot	4981041
glanzenden	4981040
kommuniziert	4981039
turklopfen	4981038
hoff	4981037
wehrlos	4981036
bedingt	4981035
ferienlager	4981034
spott	4981033
atombomben	4981032
verzug	4981031
chefredakteur	4981030
card	4981029
vertan	4981028
opfere	4981027
schaufenster	4981026
zepter	4981025
digitale	4981024
romero	4981023
fotografin	4981022
verlesen	4981021
aneurysma	4981020
kartenspiel	4981019
aufheitern	4981018
davenport	4981017
hinterfragen	4981016
vortrage	4981015
hear	4981014
reisender	4981013
magistrat	4981012
aufzustellen	4981011
doofe	4981010
kristina	4981009
things	4981008
verse	4981007
tape	4981006
woll	4981005
spaziert	4981004
zugucken	4981003
kleber	4981002
kiffen	4981001
eingeteilt	4981000
sterbliche	4980999
feuchtigkeit	4980998
herablassend	4980997
grotesk	4980996
dent	4980995
nil	4980994
deserteur	4980993
abzuschalten	4980992
einzufangen	4980991
fong	4980990
tonnenweise	4980989
siegfried	4980988
stammes	4980987
hernandez	4980986
mitgliedschaft	4980985
leni	4980984
stangen	4980983
messern	4980982
flugblatter	4980981
arroganter	4980980
cracker	4980979
hingeschickt	4980978
massnahme	4980977
arg	4980976
ausnehmen	4980975
ubernaturlichen	4980974
umschalten	4980973
schnaubt	4980972
auszuruhen	4980971
liesst	4980970
kanu	4980969
isaak	4980968
prophezeiungen	4980967
muessen	4980966
anmeldung	4980965
premier	4980964
miene	4980963
psychologisch	4980962
sternschnuppe	4980961
kiriu	4980960
vertrauens	4980959
dover	4980958
behinderte	4980957
verleumdung	4980956
liebespaar	4980955
gelagert	4980954
skinny	4980953
poetisch	4980952
unvollstandig	4980951
gerichtsbeschluss	4980950
vista	4980949
swimmingpool	4980948
prafekt	4980947
abschleppwagen	4980946
todsicher	4980945
belugst	4980944
edison	4980943
ferngesprach	4980942
trade	4980941
erlegt	4980940
mythen	4980939
paxton	4980938
infrastruktur	4980937
elwood	4980936
hermine	4980935
puppenspieler	4980934
rausfahren	4980933
burgen	4980932
gannicus	4980931
serios	4980930
sunset	4980929
japse	4980928
michail	4980927
trompeten	4980926
jungling	4980925
beispiele	4980924
gegossen	4980923
weihnachtsfest	4980922
sichersten	4980921
suchtrupp	4980920
schikanieren	4980919
damliches	4980918
rudolf	4980917
kritisiert	4980916
kroch	4980915
klone	4980914
pfutze	4980913
henrietta	4980912
verbleib	4980911
tintenfisch	4980910
makkaroni	4980909
gluckseligkeit	4980908
uberbringe	4980907
grover	4980906
gedeihen	4980905
senatoren	4980904
hamisch	4980903
conner	4980902
armseligen	4980901
antrage	4980900
depot	4980899
solchem	4980898
vielzahl	4980897
mistvieh	4980896
vo	4980895
bums	4980894
violine	4980893
stammbaum	4980892
konstant	4980891
reparier	4980890
umsetzen	4980889
abgeschoben	4980888
trumpf	4980887
gleichheit	4980886
jaa	4980885
schusswaffen	4980884
verdenken	4980883
hinters	4980882
hierzu	4980881
konkret	4980880
signieren	4980879
mueller	4980878
aufgelesen	4980877
verschlimmert	4980876
uberm	4980875
pond	4980874
wahrt	4980873
einerseits	4980872
nachstenliebe	4980871
rupien	4980870
falschungen	4980869
empfiehlt	4980868
flusternd	4980867
kleopatra	4980866
moos	4980865
isak	4980864
feuerschutz	4980863
ck	4980862
pie	4980861
pensioniert	4980860
protein	4980859
fidel	4980858
einzelkind	4980857
jagten	4980856
cupcake	4980855
zogere	4980854
rege	4980853
jahrbuch	4980852
eroberer	4980851
unit	4980850
perseus	4980849
parole	4980848
nahrungsmittel	4980847
fuhrers	4980846
vorstellbar	4980845
forest	4980844
resync	4980843
rainbow	4980842
sozialismus	4980841
belieben	4980840
sabel	4980839
rupel	4980838
dusteren	4980837
inschrift	4980836
ulrich	4980835
ortes	4980834
syrien	4980833
mietwagen	4980832
kontaktperson	4980831
ystad	4980830
unordentlich	4980829
eingetauscht	4980828
lorelei	4980827
engagierte	4980826
abgeblasen	4980825
bandigen	4980824
unerfahren	4980823
fluchtversuch	4980822
friedlicher	4980821
verdecken	4980820
primitiven	4980819
unklug	4980818
informierte	4980817
helme	4980816
bade	4980815
rausschneiden	4980814
gustavo	4980813
umschauen	4980812
kies	4980811
fehlten	4980810
forster	4980809
lichtung	4980808
wilma	4980807
favoriten	4980806
brote	4980805
lore	4980804
gedachtnisverlust	4980803
uberziehen	4980802
beobachtest	4980801
bruchbude	4980800
paragraph	4980799
klingelte	4980798
auszuprobieren	4980797
ber	4980796
dvds	4980795
vinny	4980794
essens	4980793
besonderem	4980792
hilflosen	4980791
senkt	4980790
gigi	4980789
laurence	4980788
mental	4980787
aufzeichnen	4980786
unzuverlassig	4980785
spirituellen	4980784
missverstehen	4980783
denkweise	4980782
bemitleiden	4980781
wahrheiten	4980780
rausreissen	4980779
eingangstur	4980778
osama	4980777
tussis	4980776
kreuzer	4980775
smart	4980774
schmal	4980773
bewachung	4980772
rolls	4980771
zustimmt	4980770
weglegen	4980769
wasserhahn	4980768
ablosen	4980767
radikalen	4980766
stringer	4980765
linsen	4980764
effekte	4980763
bedrohungen	4980762
erwagen	4980761
magnet	4980760
arigold	4980759
automatik	4980758
versessen	4980757
fleischer	4980756
camper	4980755
auszumachen	4980754
einschlag	4980753
verfuhrerisch	4980752
salzwasser	4980751
wurfeln	4980750
festmahl	4980749
beansprucht	4980748
laberst	4980747
aussprache	4980746
vorbeigefahren	4980745
boogie	4980744
anordnungen	4980743
chevalier	4980742
zweihundert	4980741
patrouillen	4980740
entzwei	4980739
ruckruf	4980738
pierrot	4980737
rourke	4980736
huhnern	4980735
exzentrisch	4980734
beschamend	4980733
vorbeibringen	4980732
herausforderer	4980731
diplomatischen	4980730
bentley	4980729
marshmallows	4980728
fung	4980727
entwicklungen	4980726
sies	4980725
metal	4980724
watts	4980723
jai	4980722
ventura	4980721
vaterchen	4980720
nichols	4980719
cheerleaderin	4980718
uberfluss	4980717
kopfuber	4980716
lock	4980715
woo	4980714
geprobt	4980713
seitlich	4980712
zeke	4980711
mittelsmann	4980710
hercules	4980709
anya	4980708
bosch	4980707
auslieferung	4980706
verfolger	4980705
ryo	4980704
absatze	4980703
einwanderungsbehorde	4980702
annaherung	4980701
dusseldorf	4980700
abwehren	4980699
gefarbt	4980698
hollow	4980697
thatcher	4980696
stefanie	4980695
erhore	4980694
handelst	4980693
interpretieren	4980692
quadratmeter	4980691
abgedeckt	4980690
speichel	4980689
lira	4980688
zusammensetzung	4980687
emilys	4980686
nada	4980685
fae	4980684
heldenhaft	4980683
entwendet	4980682
blickte	4980681
katarina	4980680
felicia	4980679
sa	4980678
ungeschutzt	4980677
ignorierst	4980676
katastrophen	4980675
driscoll	4980674
lakaien	4980673
ope	4980672
umgekippt	4980671
hare	4980670
kreuzverhor	4980669
zuruckgewiesen	4980668
genialer	4980667
armando	4980666
salim	4980665
ernennung	4980664
langeren	4980663
blowjob	4980662
mittelmeer	4980661
geleckt	4980660
thierry	4980659
mayonnaise	4980658
notsignal	4980657
butcher	4980656
zufallige	4980655
heuchelei	4980654
sortiert	4980653
mausetot	4980652
rocke	4980651
sippe	4980650
bierchen	4980649
katastrophal	4980648
entfacht	4980647
zollen	4980646
durchsuche	4980645
pilatus	4980644
parsons	4980643
unreif	4980642
xiao	4980641
transaktionen	4980640
label	4980639
erbschaft	4980638
schabigen	4980637
bauarbeiter	4980636
reisepass	4980635
kirsche	4980634
opfert	4980633
goldman	4980632
munson	4980631
servietten	4980630
ehrenmann	4980629
beschuldige	4980628
weiches	4980627
alistair	4980626
betreuung	4980625
dum	4980624
zwiebel	4980623
katholik	4980622
leugne	4980621
amador	4980620
fahrgaste	4980619
familienmitglieder	4980618
esmeralda	4980617
gemeinsamkeiten	4980616
fortgegangen	4980615
vir	4980614
bacon	4980613
nassau	4980612
bildflache	4980611
geplaudert	4980610
lie	4980609
verwetten	4980608
spate	4980607
chemikalie	4980606
herausgeber	4980605
chucks	4980604
derweil	4980603
turke	4980602
racht	4980601
krasse	4980600
papstes	4980599
einschenken	4980598
fete	4980597
schizophrenie	4980596
ellenbogen	4980595
entdecke	4980594
verspuren	4980593
supermann	4980592
faxen	4980591
kip	4980590
hilfsbereit	4980589
forschen	4980588
normalitat	4980587
bilbo	4980586
lichtgeschwindigkeit	4980585
popular	4980584
museen	4980583
verweilen	4980582
getragene	4980581
essenz	4980580
annas	4980579
fringe	4980578
bodyguards	4980577
uberheblich	4980576
dienststelle	4980575
kraftige	4980574
tragodien	4980573
aufforderung	4980572
ames	4980571
gewohnst	4980570
freundlicherweise	4980569
erniedrigen	4980568
einsturzen	4980567
versunken	4980566
brut	4980565
syndikat	4980564
einsturz	4980563
pr	4980562
faktoren	4980561
unterzogen	4980560
ministerprasident	4980559
klonen	4980558
furchterregend	4980557
gewannen	4980556
sohns	4980555
begriffe	4980554
hiessen	4980553
hahaha	4980552
whitehall	4980551
martinis	4980550
voreingenommen	4980549
starkt	4980548
finstere	4980547
blahungen	4980546
zahmen	4980545
fusel	4980544
praktikantin	4980543
flirtet	4980542
pures	4980541
bedeutender	4980540
intellektuellen	4980539
act	4980538
beschwore	4980537
intensitat	4980536
gotta	4980535
anzuhangen	4980534
verstopfung	4980533
niederlassen	4980532
louvre	4980531
streckt	4980530
kehrst	4980529
rausgezogen	4980528
kunftig	4980527
verstarb	4980526
benahm	4980525
dreizack	4980524
early	4980523
bartlett	4980522
liang	4980521
midnight	4980520
durchzustehen	4980519
bittere	4980518
bio	4980517
reichtumer	4980516
motorhaube	4980515
hegt	4980514
krabbe	4980513
florian	4980512
navigator	4980511
bernhard	4980510
blattern	4980509
turn	4980508
stiessen	4980507
oberkorper	4980506
komponiert	4980505
gespuckt	4980504
betragen	4980503
flo	4980502
pak	4980501
stannis	4980500
mendoza	4980499
organisierten	4980498
bankkonten	4980497
beauftragen	4980496
ahne	4980495
entlarven	4980494
carola	4980493
zwingst	4980492
traditionellen	4980491
flurs	4980490
inspizieren	4980489
gekehrt	4980488
oha	4980487
storte	4980486
robertson	4980485
dumpfes	4980484
vermieterin	4980483
winslow	4980482
leigh	4980481
segelt	4980480
besitztumer	4980479
programms	4980478
leichenbeschauer	4980477
vollkommene	4980476
erstarrt	4980475
rasmus	4980474
gleiches	4980473
zugunsten	4980472
fachgebiet	4980471
betaubungsmittel	4980470
hokuspokus	4980469
spioniert	4980468
zwillingsbruder	4980467
kolumbus	4980466
titus	4980465
lorbeeren	4980464
tratsch	4980463
hinterlass	4980462
demutig	4980461
lucius	4980460
junggesellen	4980459
alkoholikerin	4980458
oas	4980457
klapsmuhle	4980456
brenner	4980455
horrorfilm	4980454
juristische	4980453
schleunigst	4980452
friedensangebot	4980451
konkurrieren	4980450
wechselbalg	4980449
vermerkt	4980448
tarnen	4980447
bern	4980446
bankuberfall	4980445
yellow	4980444
implantat	4980443
zuruckkehrte	4980442
gustave	4980441
verschliesst	4980440
afrikanischen	4980439
hockt	4980438
polizeibeamter	4980437
kundigte	4980436
wahrsager	4980435
aushandeln	4980434
filmt	4980433
hagen	4980432
vitamin	4980431
experimentiert	4980430
django	4980429
antidepressiva	4980428
einstieg	4980427
aufbruch	4980426
atomwaffen	4980425
auszuliefern	4980424
irrenanstalt	4980423
gnadigste	4980422
verfolgungsjagd	4980421
dreifache	4980420
augenkontakt	4980419
erhohung	4980418
bobbi	4980417
instinktiv	4980416
lawine	4980415
rumzuhangen	4980414
sucre	4980413
terrance	4980412
rauszugehen	4980411
rippchen	4980410
kassetten	4980409
bekifft	4980408
siobhan	4980407
avon	4980406
erkrankt	4980405
pfirsiche	4980404
kunste	4980403
pfortner	4980402
ubertreten	4980401
abgeschrieben	4980400
anpacken	4980399
gastehaus	4980398
caracas	4980397
sozialarbeiterin	4980396
platzpatronen	4980395
geiselnahme	4980394
geschummelt	4980393
pipeline	4980392
uberlaufen	4980391
devereaux	4980390
glut	4980389
scheusal	4980388
enttarnt	4980387
kingsley	4980386
raucher	4980385
hardware	4980384
cnn	4980383
pose	4980382
leier	4980381
freudig	4980380
lancelot	4980379
schlosses	4980378
frauchen	4980377
requisiten	4980376
sundigen	4980375
harrington	4980374
zauberin	4980373
fabio	4980372
low	4980371
abgehackt	4980370
teuflischen	4980369
herumliegen	4980368
alva	4980367
stolzen	4980366
schmach	4980365
triebwerk	4980364
biker	4980363
hemingway	4980362
dorfern	4980361
weigerst	4980360
holzfaller	4980359
transmitter	4980358
ersuchen	4980357
ki	4980356
legale	4980355
xander	4980354
nachdenklich	4980353
klaute	4980352
abenteurer	4980351
heiler	4980350
eintausend	4980349
tripper	4980348
bozz	4980347
aufgeschlagen	4980346
wortwahl	4980345
stoned	4980344
netze	4980343
weiterentwickelt	4980342
reserven	4980341
hiv	4980340
gleichermassen	4980339
aufrufen	4980338
unbehaglich	4980337
abtreiben	4980336
anschaue	4980335
misserfolg	4980334
hierherkommen	4980333
saustall	4980332
finley	4980331
conway	4980330
patsy	4980329
abgehen	4980328
geburtsdatum	4980327
dieter	4980326
feuere	4980325
newark	4980324
hochmut	4980323
josefine	4980322
verrucktheit	4980321
mittwochs	4980320
hybriden	4980319
xu	4980318
tempus	4980317
zeugenschutzprogramm	4980316
aufgebe	4980315
implantate	4980314
bewunderer	4980313
davy	4980312
kriegsfuhrung	4980311
adrien	4980310
funkstille	4980309
hundefutter	4980308
wichita	4980307
seeleute	4980306
aufzudecken	4980305
zwischendurch	4980304
schuttel	4980303
stramm	4980302
goren	4980301
gezuchtet	4980300
mackey	4980299
beaumont	4980298
aufzutreten	4980297
lutscht	4980296
dasitzen	4980295
erstaunen	4980294
smithers	4980293
mobiltelefon	4980292
drago	4980291
eskortieren	4980290
pennys	4980289
bernd	4980288
missfallt	4980287
mitarbeit	4980286
uhh	4980285
waldorf	4980284
vivien	4980283
geklebt	4980282
olympia	4980281
carole	4980280
dempsey	4980279
schlafsack	4980278
ausstrecken	4980277
drankriegen	4980276
wegfliegen	4980275
zuschlagt	4980274
manns	4980273
tad	4980272
gebastelt	4980271
musli	4980270
ruckflug	4980269
rausgerissen	4980268
glaubhaft	4980267
erdrosselt	4980266
strip	4980265
nam	4980264
plagt	4980263
hochnehmen	4980262
spannender	4980261
verstellen	4980260
juri	4980259
erlegen	4980258
tiberius	4980257
ehrwurdige	4980256
augustine	4980255
boo	4980254
anubis	4980253
olympiade	4980252
taschentucher	4980251
ti	4980250
hits	4980249
partners	4980248
wolowitz	4980247
artefakte	4980246
schleppst	4980245
delegation	4980244
traumatisiert	4980243
ergrunden	4980242
geleiten	4980241
bigfoot	4980240
burn	4980239
bowen	4980238
vorlieben	4980237
lone	4980236
morales	4980235
norbit	4980234
schornstein	4980233
wegmachen	4980232
vergiftete	4980231
konigreiche	4980230
cholera	4980229
aussersten	4980228
lieblinge	4980227
tok	4980226
langweiliger	4980225
verblassen	4980224
anspielung	4980223
harfe	4980222
verspannt	4980221
frida	4980220
tania	4980219
mitkriegen	4980218
maguire	4980217
spartakus	4980216
kopfverletzung	4980215
empfing	4980214
barbier	4980213
vorsatzlich	4980212
gepriesen	4980211
verhaltens	4980210
durchkammen	4980209
huntington	4980208
neunte	4980207
ubereinkunft	4980206
davies	4980205
eroffnete	4980204
bankraub	4980203
flaggen	4980202
abweisen	4980201
leitender	4980200
knicks	4980199
comedy	4980198
dickerchen	4980197
vorigen	4980196
geplanten	4980195
una	4980194
beate	4980193
verdankt	4980192
self	4980191
keating	4980190
days	4980189
wirkliches	4980188
erortern	4980187
mundgeruch	4980186
elektrisches	4980185
inhaber	4980184
schlafrig	4980183
betreut	4980182
gewalttatigen	4980181
zweifelsohne	4980180
konzerne	4980179
glades	4980178
malone	4980177
ariane	4980176
gonzales	4980175
ekg	4980174
bruderherz	4980173
reyes	4980172
always	4980171
aviv	4980170
ehrenwerter	4980169
rashid	4980168
dringendes	4980167
altem	4980166
stehengeblieben	4980165
malloy	4980164
pseudonym	4980163
knusprig	4980162
umstand	4980161
polizeisirenen	4980160
ermudend	4980159
verbreitung	4980158
anreiz	4980157
ventilator	4980156
dahintersteckt	4980155
skrupel	4980154
milady	4980153
verschlusselung	4980152
weitergeleitet	4980151
aussehenden	4980150
blech	4980149
zorro	4980148
salzig	4980147
ulrike	4980146
kaktus	4980145
elternhaus	4980144
leopard	4980143
bundesstaat	4980142
reinschauen	4980141
hej	4980140
raines	4980139
mentale	4980138
janie	4980137
phasen	4980136
schwierigkeit	4980135
bali	4980134
schutzschild	4980133
mitmacht	4980132
emitter	4980131
relais	4980130
bevorstehenden	4980129
gemischte	4980128
abgedruckt	4980127
jumbo	4980126
hoheres	4980125
capitol	4980124
verdirbst	4980123
vamos	4980122
aufgeregtes	4980121
gebenedeit	4980120
aldo	4980119
farrell	4980118
schrader	4980117
idiotischen	4980116
leim	4980115
krachzen	4980114
gerechter	4980113
durchleben	4980112
organische	4980111
disko	4980110
eignet	4980109
jimi	4980108
matilda	4980107
tropf	4980106
exmann	4980105
stasi	4980104
india	4980103
anrecht	4980102
vorhersehbar	4980101
neuste	4980100
teeger	4980099
schatzung	4980098
gepisst	4980097
armselige	4980096
bind	4980095
wettrennen	4980094
madge	4980093
bergwerk	4980092
kunstlerische	4980091
missverstandnisse	4980090
tauschst	4980089
mullhalde	4980088
kurzsichtig	4980087
interviewt	4980086
kafige	4980085
hieruber	4980084
gebuhr	4980083
rebell	4980082
fortfuhren	4980081
isles	4980080
zodiac	4980079
kontakten	4980078
ric	4980077
funktionsfahig	4980076
rolex	4980075
komponist	4980074
unsensibel	4980073
gastgeberin	4980072
arbeitszeit	4980071
jockey	4980070
bleich	4980069
liars	4980068
aufgestiegen	4980067
ausbilden	4980066
blondinen	4980065
dunphy	4980064
innenminister	4980063
lugendetektor	4980062
under	4980061
prasent	4980060
lon	4980059
lennier	4980058
stifler	4980057
unterhaltungen	4980056
gemeines	4980055
coffee	4980054
stellungen	4980053
schwerhorig	4980052
oberteil	4980051
jeannie	4980050
barren	4980049
katya	4980048
lastet	4980047
geschminkt	4980046
seilen	4980045
spassen	4980044
dukaten	4980043
stickstoff	4980042
minderheit	4980041
argumentieren	4980040
potts	4980039
dickkopf	4980038
saturn	4980037
kulturelle	4980036
flegel	4980035
telepathie	4980034
delaney	4980033
wahrhaben	4980032
augenlicht	4980031
zugehen	4980030
regale	4980029
willard	4980028
astor	4980027
gelehrten	4980026
verficktes	4980025
kwan	4980024
hehler	4980023
hinfort	4980022
uberwiegend	4980021
derrick	4980020
clique	4980019
uberbewertet	4980018
simba	4980017
langt	4980016
emotionaler	4980015
streuen	4980014
frazier	4980013
nato	4980012
hinterteil	4980011
wurscht	4980010
arabische	4980009
kubaner	4980008
mooney	4980007
veronika	4980006
moi	4980005
durchlassen	4980004
sandmann	4980003
herstellt	4980002
bubber	4980001
dinah	4980000
schlafmutze	4979999
passagieren	4979998
kippt	4979997
befreite	4979996
durchbrennen	4979995
missgeschick	4979994
ubersturzt	4979993
wilkins	4979992
nachzusehen	4979991
kriegsrecht	4979990
unerwartetes	4979989
verbitte	4979988
verbreitete	4979987
birnen	4979986
schwertkampfer	4979985
klirrt	4979984
tiny	4979983
largo	4979982
schmollen	4979981
brandneu	4979980
befund	4979979
steche	4979978
zuckerwatte	4979977
tatenlos	4979976
gelobe	4979975
artus	4979974
pah	4979973
behoben	4979972
riverside	4979971
academy	4979970
bugs	4979969
sasse	4979968
unterredung	4979967
korken	4979966
verdeckten	4979965
unehrlich	4979964
marquise	4979963
bistro	4979962
spatzen	4979961
gespott	4979960
verzogen	4979959
verschweigst	4979958
moya	4979957
rennfahrer	4979956
flink	4979955
intelligenten	4979954
wasserdicht	4979953
kompensieren	4979952
gunstiger	4979951
fortan	4979950
valencia	4979949
landstrasse	4979948
palmen	4979947
fanfare	4979946
mitnahm	4979945
herankommen	4979944
sauft	4979943
veranstaltungen	4979942
rassismus	4979941
gestatte	4979940
entfuhrungen	4979939
kochte	4979938
nackter	4979937
dos	4979936
records	4979935
aberglauben	4979934
sicherheitskameras	4979933
hasan	4979932
lebzeiten	4979931
irrsinnig	4979930
belegschaft	4979929
arznei	4979928
referat	4979927
umfrage	4979926
auszunutzen	4979925
lebenskraft	4979924
gasthof	4979923
tucher	4979922
selbstandig	4979921
flying	4979920
algorithmus	4979919
toben	4979918
silva	4979917
aufzulosen	4979916
kettensage	4979915
ausgerottet	4979914
belinda	4979913
web	4979912
isl	4979911
milwaukee	4979910
falschem	4979909
goldfisch	4979908
anlassen	4979907
cahill	4979906
empor	4979905
straftaten	4979904
absperren	4979903
diggle	4979902
kelvin	4979901
hingeben	4979900
busfahrer	4979899
kunftigen	4979898
gekopft	4979897
macbeth	4979896
brande	4979895
teilhaber	4979894
schnalle	4979893
elischka	4979892
versohnt	4979891
linse	4979890
kolonisten	4979889
joss	4979888
lieblich	4979887
legendare	4979886
aroma	4979885
einzuholen	4979884
guard	4979883
gejammer	4979882
besetzten	4979881
regent	4979880
hingehorst	4979879
reiseburo	4979878
notwendigen	4979877
ertrinke	4979876
charaktere	4979875
scharfer	4979874
geschleudert	4979873
orient	4979872
register	4979871
eingrenzen	4979870
ozeans	4979869
bosco	4979868
stellvertretenden	4979867
passierschein	4979866
lufte	4979865
ozzy	4979864
standest	4979863
ressler	4979862
verruckteste	4979861
grundlegende	4979860
zofe	4979859
ruhrst	4979858
verona	4979857
offneten	4979856
pia	4979855
verkriechen	4979854
anziehung	4979853
runtergekommen	4979852
neutrale	4979851
vale	4979850
sonar	4979849
ryu	4979848
todestag	4979847
fiasko	4979846
verlasslich	4979845
balg	4979844
lakai	4979843
wortchen	4979842
entfachen	4979841
kaffeemaschine	4979840
eiswurfel	4979839
after	4979838
verhielt	4979837
koniglich	4979836
neustart	4979835
metallisches	4979834
goes	4979833
kopierer	4979832
kincaid	4979831
cruise	4979830
dichten	4979829
hungrige	4979828
autotur	4979827
forensische	4979826
samtlichen	4979825
pferdes	4979824
ro	4979823
delia	4979822
orpheus	4979821
thorn	4979820
massenhaft	4979819
abhangigkeit	4979818
unecht	4979817
flippe	4979816
fotzen	4979815
streicht	4979814
aufsichtsrat	4979813
japans	4979812
zugeht	4979811
reisten	4979810
kenia	4979809
browning	4979808
vollziehen	4979807
drogenhandler	4979806
kosaken	4979805
sardinen	4979804
kasekuchen	4979803
bettelt	4979802
schafen	4979801
tendenz	4979800
flohmarkt	4979799
kanadischen	4979798
ungnade	4979797
zachary	4979796
allerbesten	4979795
wonne	4979794
einzusteigen	4979793
aufzubrechen	4979792
maschinengewehre	4979791
schwindet	4979790
ausgetrocknet	4979789
buche	4979788
autohupe	4979787
fabrice	4979786
ausbluten	4979785
bombenanschlag	4979784
witziger	4979783
prototypen	4979782
selbstmordversuch	4979781
wachposten	4979780
kongo	4979779
macdonald	4979778
hepp	4979777
vorzutauschen	4979776
auseinandernehmen	4979775
beleidigst	4979774
hombre	4979773
tack	4979772
einzug	4979771
gebettelt	4979770
vorlaufige	4979769
alyssa	4979768
mats	4979767
hellraiser	4979766
entdeckungen	4979765
feierten	4979764
barmann	4979763
natalia	4979762
casablanca	4979761
merrick	4979760
gerichtsgebaude	4979759
abgefackelt	4979758
should	4979757
abbauen	4979756
unterleib	4979755
mathematiker	4979754
chong	4979753
spezialgebiet	4979752
trikot	4979751
nachmachen	4979750
yamato	4979749
aj	4979748
intervention	4979747
nordens	4979746
ausserste	4979745
endspiel	4979744
drohst	4979743
vergeigt	4979742
schwatzer	4979741
salsa	4979740
myra	4979739
achilles	4979738
symptomen	4979737
nutzten	4979736
verordnung	4979735
supernatural	4979734
quadrat	4979733
kapitulieren	4979732
grunschnabel	4979731
mowe	4979730
entbunden	4979729
root	4979728
typischen	4979727
konkrete	4979726
memme	4979725
abhacken	4979724
fahrrader	4979723
wuhlen	4979722
faucht	4979721
sees	4979720
winziger	4979719
reinem	4979718
weitergemacht	4979717
meditieren	4979716
popeye	4979715
chefarzt	4979714
rousseau	4979713
weggehst	4979712
nordkorea	4979711
antikorper	4979710
gonn	4979709
vernarrt	4979708
quecksilber	4979707
wogegen	4979706
erhob	4979705
erhoffen	4979704
rausgenommen	4979703
verkorpert	4979702
zuruckzulassen	4979701
winnie	4979700
aufbleiben	4979699
yohko	4979698
kaiserschnitt	4979697
absage	4979696
verreckt	4979695
spateren	4979694
vorlesungen	4979693
dantes	4979692
kaputter	4979691
rasierer	4979690
gaulle	4979689
hygiene	4979688
gonne	4979687
angebunden	4979686
mette	4979685
unruhestifter	4979684
freebo	4979683
lothar	4979682
blonder	4979681
ertragst	4979680
commodore	4979679
wohlbefinden	4979678
curt	4979677
auspeitschen	4979676
beruhr	4979675
faulpelz	4979674
cami	4979673
cup	4979672
zwillingen	4979671
parrish	4979670
chappie	4979669
anmassend	4979668
vorgeladen	4979667
ensemble	4979666
imitieren	4979665
einar	4979664
herald	4979663
wertschatzung	4979662
lazarus	4979661
marker	4979660
grille	4979659
entschloss	4979658
presents	4979657
ausgearbeitet	4979656
dreams	4979655
tessa	4979654
begehre	4979653
rauchte	4979652
fasste	4979651
pavillon	4979650
hubot	4979649
abschutteln	4979648
ubernahmen	4979647
enrique	4979646
kendall	4979645
format	4979644
taft	4979643
orgel	4979642
ziffern	4979641
attraktiven	4979640
marlo	4979639
draufgegangen	4979638
totschlagen	4979637
stolperte	4979636
asgard	4979635
schauspielerinnen	4979634
entertainment	4979633
ubereinander	4979632
videokamera	4979631
zirpen	4979630
tonfall	4979629
verstehste	4979628
lamb	4979627
orchideen	4979626
machtiges	4979625
nichtsdestotrotz	4979624
bezweifeln	4979623
schuster	4979622
widerfahrt	4979621
identifizierte	4979620
verehre	4979619
guan	4979618
ergriff	4979617
autodiebstahl	4979616
reinhold	4979615
pfefferspray	4979614
jingle	4979613
enterprises	4979612
ad	4979611
rolling	4979610
kaputtes	4979609
keaton	4979608
shen	4979607
albaner	4979606
vader	4979605
prix	4979604
beehren	4979603
showbusiness	4979602
anomalien	4979601
johnnie	4979600
vereinbarten	4979599
cullen	4979598
menschenrechte	4979597
deckname	4979596
anzugen	4979595
ulf	4979594
umkleideraum	4979593
facher	4979592
dancer	4979591
aufgetrieben	4979590
jegliches	4979589
eileen	4979588
mace	4979587
besagte	4979586
waffensysteme	4979585
pforte	4979584
schlachthaus	4979583
lockern	4979582
kopfes	4979581
synagoge	4979580
verwalten	4979579
angeldream	4979578
renard	4979577
vorgespielt	4979576
namaste	4979575
gekreuzigt	4979574
takes	4979573
strassensperre	4979572
greendale	4979571
uberwache	4979570
gekront	4979569
michaela	4979568
gay	4979567
absichern	4979566
schiefgelaufen	4979565
jeher	4979564
dauerhafte	4979563
ipod	4979562
lovelace	4979561
roderick	4979560
sozial	4979559
verrats	4979558
hollische	4979557
vakuum	4979556
soo	4979555
grossmeister	4979554
caligula	4979553
bedingungslos	4979552
lausigen	4979551
maverick	4979550
buchstabiert	4979549
diesjahrigen	4979548
mitgehort	4979547
ebbe	4979546
verteile	4979545
gegenden	4979544
zwanziger	4979543
vancouver	4979542
unbestimmte	4979541
uhura	4979540
anfreunden	4979539
verantwortungslos	4979538
aberjetzt	4979537
wyoming	4979536
bryant	4979535
schlaflosigkeit	4979534
zustandigen	4979533
ehrenwerten	4979532
zeitlich	4979531
verschreckt	4979530
gewissensbisse	4979529
rhythmische	4979528
hansi	4979527
arc	4979526
schliche	4979525
kletterte	4979524
geleit	4979523
zugelegt	4979522
staten	4979521
zutat	4979520
versage	4979519
bombenleger	4979518
kittchen	4979517
stube	4979516
fulton	4979515
auffordern	4979514
doppeltes	4979513
peppone	4979512
ungeduld	4979511
durchgestanden	4979510
schreckens	4979509
sodbrennen	4979508
animation	4979507
schwarmen	4979506
kleinkind	4979505
teheran	4979504
nope	4979503
anwalts	4979502
sure	4979501
clemens	4979500
bens	4979499
antiker	4979498
fluggesellschaft	4979497
geschwur	4979496
eingebuchtet	4979495
ignoranz	4979494
tommys	4979493
schmerzlich	4979492
reim	4979491
telemach	4979490
brownies	4979489
schmarotzer	4979488
entscharft	4979487
intellektuelle	4979486
schrotthaufen	4979485
anzustellen	4979484
ablenkungen	4979483
schinden	4979482
abfackeln	4979481
kennenlernst	4979480
mausen	4979479
aidan	4979478
justizminister	4979477
klager	4979476
judischer	4979475
wortspiel	4979474
wide	4979473
befurchtete	4979472
juristischen	4979471
verteilung	4979470
vulkanische	4979469
hundesohn	4979468
ianto	4979467
trend	4979466
waller	4979465
anzugehen	4979464
willig	4979463
strategien	4979462
schatzkammer	4979461
erlass	4979460
kombi	4979459
bunte	4979458
arsenal	4979457
englanderin	4979456
komponenten	4979455
schalen	4979454
ryder	4979453
hortest	4979452
putsch	4979451
dienten	4979450
bestellst	4979449
ehrliches	4979448
stricken	4979447
gaga	4979446
zehnte	4979445
lieblingsfilm	4979444
untersuchungshaft	4979443
gedampft	4979442
chinas	4979441
grundsatz	4979440
zuruckdrehen	4979439
geburtsort	4979438
lebendiges	4979437
kontrollierte	4979436
offenem	4979435
sensible	4979434
erwarmung	4979433
anwesende	4979432
gebiss	4979431
unterdruckten	4979430
ausgleichen	4979429
sofortigen	4979428
annahm	4979427
terrence	4979426
perser	4979425
gefalligkeit	4979424
violette	4979423
spiritus	4979422
hausfriedensbruch	4979421
einbuchten	4979420
flemming	4979419
wai	4979418
claes	4979417
erzahlung	4979416
redewendung	4979415
macker	4979414
leidenschaften	4979413
ridley	4979412
seltsamerweise	4979411
mandarin	4979410
fullte	4979409
siehste	4979408
verbande	4979407
ziellinie	4979406
krummen	4979405
buckingham	4979404
geschadigt	4979403
wasserstoff	4979402
abspringen	4979401
wirksam	4979400
italienisches	4979399
skifahren	4979398
gefuhllos	4979397
grenzenlos	4979396
durchsickern	4979395
widerliches	4979394
goldmine	4979393
chateau	4979392
innersten	4979391
heulsuse	4979390
bev	4979389
proteine	4979388
schamte	4979387
verschwundene	4979386
today	4979385
kontaktiere	4979384
wilderer	4979383
erklarten	4979382
lahme	4979381
durchzukommen	4979380
getippt	4979379
sioux	4979378
obdachloser	4979377
kostenlosen	4979376
pantoffeln	4979375
hingestellt	4979374
frack	4979373
tov	4979372
schatulle	4979371
amok	4979370
together	4979369
kampfgerausche	4979368
abhaust	4979367
todmude	4979366
klimpern	4979365
lesbische	4979364
gesetzlosen	4979363
genagelt	4979362
tung	4979361
glieder	4979360
schwedischen	4979359
busche	4979358
androiden	4979357
knirps	4979356
zutun	4979355
meier	4979354
gesundheitsamt	4979353
gehaltsliste	4979352
sonnenbrand	4979351
forever	4979350
hektisch	4979349
wunderkind	4979348
parameter	4979347
navigation	4979346
pyjamas	4979345
alden	4979344
orientalische	4979343
barabbas	4979342
ausgewiesen	4979341
schoneren	4979340
markham	4979339
alone	4979338
rafe	4979337
vergessenheit	4979336
schatzi	4979335
patti	4979334
hinausgehen	4979333
spionierst	4979332
gewissenhaft	4979331
vergleichbar	4979330
aufsteht	4979329
frisor	4979328
elektromagnetische	4979327
ebenbild	4979326
fehlschlag	4979325
nationalhymne	4979324
dringenden	4979323
erloschen	4979322
zerschnitten	4979321
fluchtete	4979320
lasten	4979319
spasse	4979318
intellekt	4979317
vergeude	4979316
bettwasche	4979315
nutzlicher	4979314
zusammentreffen	4979313
knappen	4979312
schweigst	4979311
lateinisch	4979310
akzeptierte	4979309
ithaka	4979308
praktikanten	4979307
jungerer	4979306
regenmantel	4979305
feeling	4979304
ausgespielt	4979303
bettlaken	4979302
godmode	4979301
lekture	4979300
verzweifelter	4979299
verkommen	4979298
erfahrene	4979297
kyoko	4979296
ninh	4979295
panische	4979294
machenschaften	4979293
kritische	4979292
etikett	4979291
gegners	4979290
riviera	4979289
prozesse	4979288
nakamura	4979287
rar	4979286
abtei	4979285
nachlasst	4979284
geraden	4979283
untoten	4979282
ganges	4979281
ansammlung	4979280
zuleide	4979279
angetrauten	4979278
magnum	4979277
klargemacht	4979276
grundstucke	4979275
clubhaus	4979274
versetzte	4979273
asiatischen	4979272
abgebissen	4979271
sonnenfinsternis	4979270
linderman	4979269
selena	4979268
durchzugehen	4979267
kabelfernsehen	4979266
hassten	4979265
phantombild	4979264
schussen	4979263
radley	4979262
bewertet	4979261
rundgang	4979260
capitan	4979259
farmen	4979258
unwissenheit	4979257
lexington	4979256
magischer	4979255
wegschmeissen	4979254
community	4979253
entsichert	4979252
herauszufordern	4979251
wickham	4979250
lehrbuch	4979249
schwenken	4979248
sparky	4979247
dramatischer	4979246
laufbursche	4979245
qualst	4979244
verfangen	4979243
before	4979242
heimfahren	4979241
word	4979240
prachtigen	4979239
labors	4979238
sato	4979237
brosche	4979236
verirren	4979235
kammerjager	4979234
kommende	4979233
anderweitig	4979232
angewandt	4979231
magneten	4979230
beruhmtesten	4979229
nunmehr	4979228
krucken	4979227
allerlei	4979226
verlangten	4979225
investor	4979224
geschwiegen	4979223
knabbern	4979222
stadtischen	4979221
vincenzo	4979220
vernachlassigen	4979219
muhammad	4979218
lei	4979217
tampa	4979216
romern	4979215
spritz	4979214
ausverkauf	4979213
geeignete	4979212
furchteten	4979211
aufdrangen	4979210
wegkommt	4979209
variante	4979208
larissa	4979207
beleidige	4979206
schweinestall	4979205
egoismus	4979204
zeitig	4979203
lindsey	4979202
schlafend	4979201
ankundigen	4979200
hysterie	4979199
minimal	4979198
getankt	4979197
begutachten	4979196
erwies	4979195
nominiert	4979194
leeds	4979193
begierig	4979192
uberreicht	4979191
entsetzen	4979190
rahl	4979189
selbstgesprache	4979188
anlegt	4979187
vatern	4979186
spezial	4979185
ahmad	4979184
privatjet	4979183
aufschliessen	4979182
aggressive	4979181
pin	4979180
marius	4979179
versionen	4979178
attraktion	4979177
mitsamt	4979176
nachgeschaut	4979175
organisiere	4979174
aufzusuchen	4979173
sexuelles	4979172
mateo	4979171
pruf	4979170
alonzo	4979169
montage	4979168
shu	4979167
guise	4979166
signalton	4979165
gequatscht	4979164
try	4979163
graves	4979162
belugt	4979161
vorgesetzte	4979160
quittungen	4979159
klassenkameraden	4979158
auftragen	4979157
enkelkind	4979156
gleichgultigkeit	4979155
frierst	4979154
postiert	4979153
beugt	4979152
stilvoll	4979151
quetschen	4979150
hitchcock	4979149
marias	4979148
burokratie	4979147
spendiert	4979146
jesses	4979145
lennart	4979144
sterbende	4979143
schafchen	4979142
verdruckt	4979141
ca	4979140
schulerinnen	4979139
pumuckl	4979138
mischst	4979137
hyde	4979136
pflegeeltern	4979135
maurer	4979134
sforza	4979133
hochachtung	4979132
eisberg	4979131
saen	4979130
eingelebt	4979129
lasset	4979128
chopin	4979127
guru	4979126
dokumenten	4979125
herrichten	4979124
emmanuelle	4979123
zuruckzuhalten	4979122
goldberg	4979121
manuelle	4979120
buick	4979119
carina	4979118
lebenslange	4979117
zusage	4979116
verschworen	4979115
arterien	4979114
ausfallt	4979113
herzogs	4979112
faschist	4979111
entgegenkommen	4979110
rothstein	4979109
kopfschuss	4979108
schlurfen	4979107
brautpaar	4979106
purcell	4979105
verflixte	4979104
verschlusselte	4979103
doolittle	4979102
portrait	4979101
lonnie	4979100
zugetragen	4979099
sheppard	4979098
draufganger	4979097
wohltatigkeit	4979096
abrechnen	4979095
gespalten	4979094
uschi	4979093
direktion	4979092
kemp	4979091
rausgeflogen	4979090
verstimmt	4979089
klinische	4979088
bergman	4979087
kobayashi	4979086
luka	4979085
pres	4979084
abreibung	4979083
widerlegen	4979082
wendepunkt	4979081
miki	4979080
bedrangen	4979079
infektionen	4979078
genaueres	4979077
prentiss	4979076
anklager	4979075
entstellt	4979074
stuhlen	4979073
dickschadel	4979072
valentin	4979071
hinterlegt	4979070
sodom	4979069
beiwohnen	4979068
rekrut	4979067
gewaltverbrechen	4979066
wiedergekommen	4979065
abzuwarten	4979064
spaziergange	4979063
konigreichs	4979062
wiederbeleben	4979061
hauptdarsteller	4979060
tastatur	4979059
maddie	4979058
castillo	4979057
connell	4979056
behinderten	4979055
gewichte	4979054
dazugehoren	4979053
podium	4979052
tofu	4979051
festnahmen	4979050
tigers	4979049
anmacht	4979048
bereitest	4979047
afrikaner	4979046
reib	4979045
nachfahren	4979044
bello	4979043
erfahrenen	4979042
makel	4979041
dienstlich	4979040
fischchen	4979039
zusammengebracht	4979038
stutzt	4979037
dirne	4979036
nachgegeben	4979035
spirale	4979034
ungewiss	4979033
celsius	4979032
kostliche	4979031
himmlischer	4979030
aa	4979029
angeschnallt	4979028
spruhen	4979027
erotisch	4979026
glatter	4979025
oberkommando	4979024
goebbels	4979023
zahnstocher	4979022
lj	4979021
vergewaltigte	4979020
verheirateter	4979019
viktoria	4979018
sicherheitsgrunden	4979017
adressiert	4979016
gahnt	4979015
worth	4979014
sondereinheit	4979013
muden	4979012
margie	4979011
ritten	4979010
stadtteil	4979009
dodel	4979008
aufzureissen	4979007
aggressiver	4979006
kobolde	4979005
ausgebreitet	4979004
entsetzliche	4979003
ergreifend	4979002
zuruckkamen	4979001
schmiede	4979000
beziehungsweise	4978999
norrell	4978998
staff	4978997
tetsuo	4978996
dummchen	4978995
bath	4978994
nunja	4978993
ogami	4978992
demokratischen	4978991
motivieren	4978990
glatzkopf	4978989
verzehren	4978988
starbucks	4978987
furchterlichen	4978986
privatschule	4978985
vorausgesagt	4978984
grigori	4978983
sims	4978982
wegnimmt	4978981
einzuwenden	4978980
selbstjustizler	4978979
verwahlt	4978978
peralta	4978977
homosexuellen	4978976
nnen	4978975
bestimmter	4978974
beleg	4978973
versagte	4978972
voraussetzung	4978971
herausgekommen	4978970
entzieht	4978969
verringert	4978968
roulette	4978967
blocke	4978966
generatoren	4978965
marshalls	4978964
umarmungen	4978963
schwangern	4978962
aushilfe	4978961
guerrero	4978960
irma	4978959
kapitol	4978958
arschen	4978957
ruhrei	4978956
kiosk	4978955
zivilen	4978954
dot	4978953
sozialversicherungsnummer	4978952
improvisiert	4978951
anspannung	4978950
einzuziehen	4978949
motte	4978948
burma	4978947
lodge	4978946
schufte	4978945
titte	4978944
berufliche	4978943
propeller	4978942
grober	4978941
vorgefuhrt	4978940
hungrigen	4978939
wissenschaftlern	4978938
konstantinopel	4978937
durchschnittliche	4978936
provokation	4978935
ausreissen	4978934
ubermutig	4978933
unterbrich	4978932
frites	4978931
kannste	4978930
ausgehend	4978929
morgige	4978928
farik	4978927
dabeihaben	4978926
glatte	4978925
gluhen	4978924
weihnachtsfeier	4978923
entkamen	4978922
darius	4978921
runtergeholt	4978920
zuwenden	4978919
tusk	4978918
geruche	4978917
dokumentiert	4978916
fussballspiel	4978915
roxanne	4978914
feiertagen	4978913
sauberung	4978912
undicht	4978911
verbundenen	4978910
klaps	4978909
racker	4978908
politikern	4978907
zitronen	4978906
waterloo	4978905
flussigkeiten	4978904
anspricht	4978903
aoki	4978902
bauteil	4978901
radioaktivitat	4978900
mckenzie	4978899
niederlagen	4978898
gewahlte	4978897
rontgenbilder	4978896
noblen	4978895
bilanz	4978894
hausfrauen	4978893
lieferant	4978892
laus	4978891
dickinson	4978890
sozialhilfe	4978889
heimbringen	4978888
unartig	4978887
energien	4978886
gorman	4978885
fasten	4978884
verweht	4978883
rastet	4978882
tube	4978881
meteoriten	4978880
ausgangspunkt	4978879
genen	4978878
vergnugungspark	4978877
entziffern	4978876
abraumen	4978875
wiedervereinigung	4978874
reibt	4978873
frederic	4978872
rasenmaher	4978871
kommunistische	4978870
vertuschung	4978869
idiotische	4978868
popo	4978867
snob	4978866
kolben	4978865
erforschung	4978864
mitbringt	4978863
flipp	4978862
cannes	4978861
einsen	4978860
freizeichen	4978859
heizen	4978858
betreuen	4978857
maid	4978856
filmst	4978855
behauptungen	4978854
quo	4978853
bagel	4978852
nutzlose	4978851
rausgerutscht	4978850
dodgers	4978849
organismen	4978848
vorubergehende	4978847
allererste	4978846
cove	4978845
mcclane	4978844
puck	4978843
ergib	4978842
symbolisiert	4978841
aktionare	4978840
disqualifiziert	4978839
ls	4978838
believe	4978837
kommune	4978836
versusst	4978835
honolulu	4978834
mutterschiff	4978833
tumult	4978832
klau	4978831
ponys	4978830
hamid	4978829
angels	4978828
hochbeamen	4978827
wiederholte	4978826
staatsanwalts	4978825
raunen	4978824
einzugreifen	4978823
hineinziehen	4978822
pfosten	4978821
cheetah	4978820
ortega	4978819
verhorraum	4978818
gegenseitigkeit	4978817
gratuliert	4978816
purple	4978815
statistisch	4978814
infiltriert	4978813
inventur	4978812
uberzahl	4978811
militarischer	4978810
andersherum	4978809
spongebob	4978808
transferieren	4978807
abnimmt	4978806
heiligtum	4978805
varg	4978804
bahre	4978803
leoparden	4978802
ausubung	4978801
malin	4978800
gudrun	4978799
rentier	4978798
fursorglich	4978797
holde	4978796
anni	4978795
stoppte	4978794
verdienste	4978793
adriana	4978792
gerichtsdiener	4978791
sprengung	4978790
windelweich	4978789
zweige	4978788
frauenheld	4978787
salvador	4978786
prominente	4978785
maxim	4978784
betrugerin	4978783
beliebteste	4978782
okinawa	4978781
schlingel	4978780
bosartige	4978779
keane	4978778
maskierte	4978777
rudert	4978776
tatowieren	4978775
schakal	4978774
amir	4978773
schlappschwanze	4978772
verborgene	4978771
rumfahren	4978770
geistlichen	4978769
festhalt	4978768
einkauf	4978767
koln	4978766
karel	4978765
weiterlaufen	4978764
berechtigte	4978763
ennis	4978762
ruiz	4978761
alcatraz	4978760
toulouse	4978759
zusammensein	4978758
crockett	4978757
mccann	4978756
unbewusst	4978755
blutspuren	4978754
zahlreichen	4978753
ubrige	4978752
entsprechende	4978751
sook	4978750
konkretes	4978749
uberrannt	4978748
marple	4978747
holder	4978746
gertrude	4978745
schnitzel	4978744
flagg	4978743
eulen	4978742
assistenzarzte	4978741
doktortitel	4978740
kandidatur	4978739
terrorisiert	4978738
ausbreitet	4978737
ausfahren	4978736
pontus	4978735
bescheuerter	4978734
streitmacht	4978733
eko	4978732
hochgenommen	4978731
wahnsinns	4978730
another	4978729
verstummen	4978728
carlson	4978727
feierliche	4978726
marin	4978725
tigh	4978724
zuges	4978723
henne	4978722
tijuana	4978721
rausgebracht	4978720
brautjungfern	4978719
northern	4978718
windig	4978717
mahen	4978716
auszutauschen	4978715
schema	4978714
aristoteles	4978713
komplizin	4978712
alleingang	4978711
klatscht	4978710
leningrad	4978709
zimperlich	4978708
lichtern	4978707
serviere	4978706
gerutscht	4978705
todesopfer	4978704
pfiffe	4978703
richtest	4978702
society	4978701
spezieller	4978700
entern	4978699
smalltalk	4978698
karsten	4978697
filmstars	4978696
zusatz	4978695
micha	4978694
straftater	4978693
abzuschneiden	4978692
matteo	4978691
hochgeladen	4978690
auszureden	4978689
privatbesitz	4978688
katy	4978687
beschmutzen	4978686
achtern	4978685
frecher	4978684
landeplatz	4978683
nachtlichen	4978682
verloben	4978681
qi	4978680
trauzeugin	4978679
bestrafe	4978678
governor	4978677
durchfallen	4978676
rhode	4978675
inkompetenz	4978674
frohen	4978673
yoshida	4978672
mumbai	4978671
selbstwertgefuhl	4978670
supermans	4978669
arbeiterklasse	4978668
psychose	4978667
bezirksstaatsanwalt	4978666
lebensretter	4978665
schuttet	4978664
chefingenieur	4978663
casinos	4978662
ablehnt	4978661
zoidberg	4978660
unterbinden	4978659
yolanda	4978658
verfuge	4978657
barlow	4978656
wachhund	4978655
andersson	4978654
fog	4978653
kotz	4978652
wegraumen	4978651
petze	4978650
stehend	4978649
digitalen	4978648
superintendent	4978647
unterliegt	4978646
englisches	4978645
gehindert	4978644
triebe	4978643
mouth	4978642
uberschwemmt	4978641
landing	4978640
witzfigur	4978639
laufts	4978638
groves	4978637
atome	4978636
door	4978635
arbeitslose	4978634
vortex	4978633
raster	4978632
verspeisen	4978631
auferlegt	4978630
schmeichelt	4978629
brenn	4978628
moglichstes	4978627
aste	4978626
grundung	4978625
portionen	4978624
fliehe	4978623
hindi	4978622
zuruckgelegt	4978621
rutteln	4978620
sweets	4978619
blitzen	4978618
stromschlag	4978617
gedarme	4978616
ausgehst	4978615
treibende	4978614
bemerke	4978613
erotische	4978612
opferte	4978611
bronze	4978610
garroway	4978609
geschwanzt	4978608
kobol	4978607
dyson	4978606
chiefs	4978605
obduktion	4978604
mets	4978603
skol	4978602
unabhangigen	4978601
gestaltwandler	4978600
vandalismus	4978599
aga	4978598
beabsichtigen	4978597
unterzeichne	4978596
patent	4978595
vergiftung	4978594
broyles	4978593
konsequenz	4978592
johansson	4978591
reingetan	4978590
benotigte	4978589
car	4978588
kompetent	4978587
zehntel	4978586
race	4978585
stripperinnen	4978584
brandstifter	4978583
sandalen	4978582
gestreift	4978581
begrundet	4978580
erklingen	4978579
rizzo	4978578
voreiligen	4978577
guthrie	4978576
nabelschnur	4978575
oil	4978574
banal	4978573
piazza	4978572
fertigen	4978571
breiter	4978570
schwertern	4978569
kreativen	4978568
samariter	4978567
beauftragte	4978566
verwandelst	4978565
unterstehen	4978564
frischling	4978563
uah	4978562
stones	4978561
damaskus	4978560
verbrennst	4978559
religioser	4978558
woandershin	4978557
eddies	4978556
leary	4978555
gestillt	4978554
strikte	4978553
forum	4978552
bedurfnissen	4978551
entflohen	4978550
stromt	4978549
tierchen	4978548
armbrust	4978547
zeiger	4978546
pizzeria	4978545
delirium	4978544
schraubenschlussel	4978543
sudan	4978542
druiden	4978541
gesichts	4978540
zugute	4978539
durchbohrt	4978538
mordopfer	4978537
hawking	4978536
energisch	4978535
ruhst	4978534
weinkeller	4978533
technisches	4978532
inbegriffen	4978531
calhoun	4978530
heimatwelt	4978529
koje	4978528
weihwasser	4978527
dupree	4978526
aufgeschnappt	4978525
anbeissen	4978524
gewurze	4978523
eignen	4978522
erdbeere	4978521
erstaunlichen	4978520
waschraum	4978519
visite	4978518
schillinger	4978517
kinderleicht	4978516
beantwortest	4978515
direktive	4978514
innereien	4978513
wartend	4978512
unheimliches	4978511
rissen	4978510
cincinnati	4978509
passagierliste	4978508
schimanski	4978507
fullung	4978506
ausgewichen	4978505
brannten	4978504
busbahnhof	4978503
aushalt	4978502
foyer	4978501
verkackt	4978500
durchwuhlt	4978499
march	4978498
elendes	4978497
jahrlichen	4978496
guys	4978495
beuge	4978494
untertreibung	4978493
agenda	4978492
hitman	4978491
angelassen	4978490
ableben	4978489
einwand	4978488
schneemann	4978487
doktorarbeit	4978486
hawks	4978485
chai	4978484
gareth	4978483
uberresten	4978482
dramatischen	4978481
mcnamara	4978480
ubermassig	4978479
dmitri	4978478
wahrsagerin	4978477
zuverlassige	4978476
crawley	4978475
roslin	4978474
jp	4978473
wehrmacht	4978472
kz	4978471
zusammengesetzt	4978470
mehmet	4978469
gelangte	4978468
eidechse	4978467
vermogens	4978466
willenskraft	4978465
ninjas	4978464
britannien	4978463
karat	4978462
herausstellen	4978461
indy	4978460
irwin	4978459
talentierte	4978458
geisha	4978457
hereingekommen	4978456
geplagt	4978455
beliebter	4978454
lieferst	4978453
nola	4978452
datenbanken	4978451
unzerstorbar	4978450
klingelton	4978449
zuruckzugewinnen	4978448
schwebte	4978447
gezeiten	4978446
schockieren	4978445
zeigefinger	4978444
auswirken	4978443
beef	4978442
kaspar	4978441
schrumpfen	4978440
notlage	4978439
orchestermusik	4978438
regis	4978437
gletscher	4978436
fitch	4978435
dougie	4978434
bestimmst	4978433
hochklettern	4978432
bewerbungsgesprach	4978431
gesellschaften	4978430
circle	4978429
kerngesund	4978428
enthullung	4978427
wiedergutzumachen	4978426
sicherheits	4978425
sister	4978424
tobin	4978423
passender	4978422
ozeane	4978421
sera	4978420
bedeutenden	4978419
bewegend	4978418
yuji	4978417
zusammenbricht	4978416
mille	4978415
berechnung	4978414
ubersteht	4978413
hintergedanken	4978412
tschitti	4978411
strafverfolgung	4978410
auszieht	4978409
chemotherapie	4978408
schuhgrosse	4978407
geschehnisse	4978406
helsing	4978405
pit	4978404
dableiben	4978403
anbeten	4978402
gue	4978401
artagnan	4978400
vieleicht	4978399
jagerin	4978398
hergefahren	4978397
tribune	4978396
effektiver	4978395
irrational	4978394
mme	4978393
bedruckende	4978392
cybermen	4978391
herumfuhren	4978390
besanftigen	4978389
schlafsaal	4978388
beschuldigst	4978387
einzurichten	4978386
kombinieren	4978385
alibis	4978384
neigungen	4978383
professors	4978382
kammern	4978381
antonia	4978380
montagmorgen	4978379
bediensteten	4978378
kapazitat	4978377
sieges	4978376
leugnet	4978375
auszuweichen	4978374
ergaben	4978373
teen	4978372
insulin	4978371
figaro	4978370
inc	4978369
puzzles	4978368
angstigen	4978367
ratselhaft	4978366
grizzly	4978365
reichs	4978364
charmanten	4978363
lew	4978362
gewaltiges	4978361
atom	4978360
beruhigung	4978359
selbstmorder	4978358
wortern	4978357
their	4978356
wiederzufinden	4978355
ballerina	4978354
buchhandlung	4978353
swat	4978352
gluhwurmchen	4978351
schadlich	4978350
karpfen	4978349
apartments	4978348
enid	4978347
suzuki	4978346
tochterchen	4978345
genossin	4978344
menschenseele	4978343
shining	4978342
fleisches	4978341
italienischer	4978340
cruchot	4978339
freimachen	4978338
endgultigen	4978337
tts	4978336
korsett	4978335
intelligentes	4978334
lieblingslied	4978333
skizzen	4978332
nichtraucher	4978331
rohe	4978330
geschuttet	4978329
weggegeben	4978328
schmeling	4978327
chestnut	4978326
breaking	4978325
abs	4978324
generaldirektor	4978323
tig	4978322
kerry	4978321
vielfalt	4978320
travers	4978319
hingesetzt	4978318
misses	4978317
durchzusetzen	4978316
exotisch	4978315
nummernschilder	4978314
surfer	4978313
trenne	4978312
blossgestellt	4978311
blutverlust	4978310
kinderheim	4978309
ehrenvoll	4978308
postfach	4978307
verkunde	4978306
frisbee	4978305
pickup	4978304
berman	4978303
samcro	4978302
strudel	4978301
harrys	4978300
sogleich	4978299
namensschild	4978298
infizierte	4978297
fortpflanzung	4978296
wegsperren	4978295
olli	4978294
schusswechsel	4978293
uberdrussig	4978292
crowder	4978291
predigten	4978290
trennte	4978289
versinkt	4978288
ev	4978287
streitereien	4978286
ermessen	4978285
schwarzem	4978284
unfruchtbar	4978283
aal	4978282
reily	4978281
replikatoren	4978280
mannliches	4978279
clementine	4978278
gesellschaftliche	4978277
ausspielen	4978276
silvio	4978275
ruine	4978274
unternimm	4978273
grosszugiger	4978272
siu	4978271
vorfinden	4978270
provinzen	4978269
happchen	4978268
durchgehalten	4978267
gestaltet	4978266
schneien	4978265
hering	4978264
telefonanruf	4978263
spritzer	4978262
steg	4978261
festgebunden	4978260
mesa	4978259
suu	4978258
ausbringen	4978257
shore	4978256
schwungvolle	4978255
wegzuwerfen	4978254
geritzt	4978253
thermometer	4978252
konigen	4978251
hendrix	4978250
matsch	4978249
gewassern	4978248
begreif	4978247
potenzielle	4978246
weltweiten	4978245
ausbeutung	4978244
saugling	4978243
ramos	4978242
caruso	4978241
palermo	4978240
sanderson	4978239
bestandig	4978238
seher	4978237
europe	4978236
cosima	4978235
dornen	4978234
ubern	4978233
softitler	4978232
monatlich	4978231
bewunderte	4978230
kruste	4978229
twain	4978228
infiltrieren	4978227
zugig	4978226
arthritis	4978225
wash	4978224
verfallt	4978223
verlernt	4978222
schulhof	4978221
vornehme	4978220
systematisch	4978219
kokon	4978218
eingeht	4978217
halsschlagader	4978216
mascha	4978215
wog	4978214
rollins	4978213
gerichtsverfahren	4978212
maren	4978211
unscharf	4978210
morty	4978209
schwesterherz	4978208
wladimir	4978207
altman	4978206
furzt	4978205
hands	4978204
reibungslos	4978203
schlagsahne	4978202
schrien	4978201
auskennen	4978200
schlumpfe	4978199
flipper	4978198
arrangiere	4978197
ungewissheit	4978196
jahrliche	4978195
blutkorperchen	4978194
wick	4978193
genji	4978192
zimmernummer	4978191
pfote	4978190
telefongesellschaft	4978189
tarnvorrichtung	4978188
mayfield	4978187
verweisen	4978186
joanie	4978185
anzuklagen	4978184
bankiers	4978183
giuseppe	4978182
syndrom	4978181
brilliant	4978180
kriegten	4978179
vorliegt	4978178
abzuge	4978177
verhangnis	4978176
bucken	4978175
yourself	4978174
kabul	4978173
beruchtigte	4978172
inszenieren	4978171
pflaume	4978170
ausziehe	4978169
juarez	4978168
sansa	4978167
blaze	4978166
revolte	4978165
lights	4978164
lahmung	4978163
hierauf	4978162
eingewilligt	4978161
gottlosen	4978160
familientreffen	4978159
waschst	4978158
spears	4978157
speedy	4978156
oren	4978155
christentum	4978154
historischer	4978153
meldeten	4978152
wiederkommst	4978151
gewischt	4978150
idaho	4978149
justus	4978148
gesichtserkennung	4978147
marschmusik	4978146
stehn	4978145
gardinen	4978144
waffel	4978143
besuchszeit	4978142
trixie	4978141
tenoch	4978140
demonstriert	4978139
empfehlungsschreiben	4978138
mundharmonika	4978137
cummings	4978136
marnie	4978135
nasir	4978134
auszuuben	4978133
agyptische	4978132
nationaler	4978131
japsen	4978130
colbert	4978129
aron	4978128
warnungen	4978127
kennenlernt	4978126
gifte	4978125
billionen	4978124
ubernachte	4978123
umkleide	4978122
emmy	4978121
cornwall	4978120
unsterbliche	4978119
wimper	4978118
knochenmark	4978117
flowers	4978116
subs	4978115
bewertung	4978114
abscheu	4978113
kriegsheld	4978112
wings	4978111
korrigiere	4978110
egoist	4978109
warpkern	4978108
staatspolizei	4978107
verwechselst	4978106
spiessig	4978105
verwaltet	4978104
langweiliges	4978103
zusammengekommen	4978102
armleuchter	4978101
vertrauter	4978100
bajoranische	4978099
mahone	4978098
rationen	4978097
festessen	4978096
markenzeichen	4978095
hilde	4978094
kommunion	4978093
crosby	4978092
erkaufen	4978091
gebannt	4978090
unrechtes	4978089
ablosung	4978088
gefischt	4978087
mitnehme	4978086
chinesin	4978085
brokkoli	4978084
empfangsdame	4978083
kompliziertes	4978082
gesuchte	4978081
erstklassiger	4978080
rausgeschnitten	4978079
einzuschlafen	4978078
betrachtete	4978077
ubernehmt	4978076
kidnapping	4978075
shack	4978074
dampfen	4978073
instinkten	4978072
geldwasche	4978071
sadist	4978070
drastisch	4978069
schlauen	4978068
unvergesslich	4978067
reuben	4978066
athleten	4978065
erwahnung	4978064
wettet	4978063
uberrumpelt	4978062
nachkomme	4978061
chantal	4978060
andres	4978059
zuruckbringt	4978058
kulisse	4978057
umsteigen	4978056
seelenverwandte	4978055
prugelt	4978054
corinne	4978053
gem	4978052
bewache	4978051
dingsbums	4978050
marcellus	4978049
lia	4978048
princess	4978047
nordosten	4978046
abspielt	4978045
verbundenheit	4978044
quartiere	4978043
blindheit	4978042
verlogene	4978041
pandora	4978040
flugzeugs	4978039
pianist	4978038
pflegerin	4978037
elektrisch	4978036
runternehmen	4978035
kontaktmann	4978034
nebenzimmer	4978033
beschadigte	4978032
meinungsverschiedenheit	4978031
bestseller	4978030
maximilian	4978029
hussein	4978028
kratz	4978027
phanomenal	4978026
analysen	4978025
hochhaus	4978024
hyperraum	4978023
sicherungen	4978022
strande	4978021
kodern	4978020
tracey	4978019
iwanowitsch	4978018
durchgeknallte	4978017
erhaben	4978016
eidesstattliche	4978015
liesel	4978014
schiefgegangen	4978013
hankmed	4978012
vermessen	4978011
bescheidener	4978010
lockvogel	4978009
inga	4978008
geflustert	4978007
erschwert	4978006
kimber	4978005
lian	4978004
zivilisierte	4978003
kleidet	4978002
verandere	4978001
geschlechts	4978000
lenin	4977999
gorillas	4977998
unschon	4977997
hingetan	4977996
verfuhrung	4977995
rochelt	4977994
unerwunscht	4977993
gebohrt	4977992
joaquin	4977991
entlasse	4977990
undankbarer	4977989
kriech	4977988
bewaffnen	4977987
erleidet	4977986
erschuttern	4977985
schleppe	4977984
trinkspruch	4977983
blendet	4977982
wirkten	4977981
paten	4977980
spielern	4977979
umzukehren	4977978
nieten	4977977
wurdiger	4977976
ramona	4977975
kronleuchter	4977974
mannomann	4977973
sommerhaus	4977972
erwin	4977971
gesandten	4977970
spray	4977969
gollum	4977968
offizielles	4977967
doppelmord	4977966
ayla	4977965
mata	4977964
expandieren	4977963
mckenna	4977962
folgender	4977961
weiterkommen	4977960
faraday	4977959
krippe	4977958
ahmet	4977957
aschenputtel	4977956
einsatzkommando	4977955
hampshire	4977954
beliebige	4977953
autopsiebericht	4977952
trolle	4977951
herausfindest	4977950
schlusselbein	4977949
gewandert	4977948
aperitif	4977947
antarktis	4977946
rohan	4977945
ferienhaus	4977944
gestrickt	4977943
kandidatin	4977942
mycroft	4977941
cinnamon	4977940
eingesehen	4977939
bekampfe	4977938
kanadische	4977937
renner	4977936
gebeichtet	4977935
narcisse	4977934
camden	4977933
bypass	4977932
lilien	4977931
gesturmt	4977930
zurueck	4977929
kriegsschiffe	4977928
kessler	4977927
qin	4977926
enttauschst	4977925
mitschuler	4977924
plattenspieler	4977923
chaney	4977922
selina	4977921
anbeginn	4977920
stereoanlage	4977919
potentiellen	4977918
konzentrierst	4977917
senil	4977916
heavy	4977915
drummer	4977914
klassisches	4977913
gebeugt	4977912
cao	4977911
unauffindbar	4977910
kreist	4977909
kunftige	4977908
bootshaus	4977907
reinzugehen	4977906
tyrell	4977905
lees	4977904
trust	4977903
patch	4977902
rulpst	4977901
blumchen	4977900
kampferin	4977899
symbolisch	4977898
nordamerika	4977897
benehme	4977896
verliebst	4977895
dev	4977894
klapse	4977893
berichterstattung	4977892
fruhestens	4977891
promenadendeck	4977890
polizeiwagen	4977889
monaco	4977888
abgesandte	4977887
geschoss	4977886
projektor	4977885
profite	4977884
einzelzimmer	4977883
sudwesten	4977882
boutique	4977881
befriedigend	4977880
chat	4977879
ubeltater	4977878
vorgefunden	4977877
andocken	4977876
bethlehem	4977875
impotent	4977874
geheimagent	4977873
effizienter	4977872
wurdige	4977871
nervositat	4977870
jarle	4977869
sprechanlage	4977868
leistest	4977867
grundsatze	4977866
rechtmassige	4977865
justice	4977864
sinneswandel	4977863
nasser	4977862
rausgeben	4977861
kontonummer	4977860
scanne	4977859
eingeschleust	4977858
umgegangen	4977857
geringen	4977856
kidnappen	4977855
totenwache	4977854
kol	4977853
varus	4977852
oftmals	4977851
patenonkel	4977850
account	4977849
ausrutscher	4977848
hunnen	4977847
ertonen	4977846
prominenten	4977845
hohn	4977844
mossad	4977843
torwart	4977842
punktlichkeit	4977841
umzusetzen	4977840
kollision	4977839
tragischer	4977838
ferngesehen	4977837
versuchter	4977836
abscheulichen	4977835
rhodes	4977834
gangstern	4977833
gaeta	4977832
sendungen	4977831
district	4977830
bane	4977829
poeten	4977828
degradiert	4977827
erstbesten	4977826
erstreckt	4977825
meisterschaften	4977824
bash	4977823
duran	4977822
aufschlussreich	4977821
schiessereien	4977820
holosuite	4977819
einchecken	4977818
untergeschoss	4977817
sentimentale	4977816
abgeschafft	4977815
themse	4977814
theodor	4977813
absaugen	4977812
marley	4977811
epoche	4977810
fatal	4977809
drecksacke	4977808
biologischer	4977807
uberlistet	4977806
ehemals	4977805
durchquert	4977804
fleischballchen	4977803
barber	4977802
sonnig	4977801
cougar	4977800
herauszukommen	4977799
peel	4977798
nachteile	4977797
kubanische	4977796
gekurzt	4977795
abwechselnd	4977794
woah	4977793
gruben	4977792
parke	4977791
beulen	4977790
doppel	4977789
ubergelaufen	4977788
tori	4977787
belege	4977786
gedampfte	4977785
geimpft	4977784
mittagszeit	4977783
cromwell	4977782
uberschreitet	4977781
impulsantrieb	4977780
fairness	4977779
ogden	4977778
moiiari	4977777
desert	4977776
ignacio	4977775
hubots	4977774
raupe	4977773
rosenberg	4977772
anhaltspunkte	4977771
lack	4977770
ergebnissen	4977769
holla	4977768
anlocken	4977767
entrissen	4977766
taters	4977765
legendar	4977764
hergefuhrt	4977763
spieluhr	4977762
schleich	4977761
allez	4977760
waggons	4977759
brite	4977758
giftigen	4977757
arrangierte	4977756
frischfleisch	4977755
begegne	4977754
initiieren	4977753
radioaktive	4977752
erzahlerin	4977751
sports	4977750
traurigerweise	4977749
jemen	4977748
colors	4977747
sen	4977746
zellenblock	4977745
sensibler	4977744
betatigen	4977743
lacrosse	4977742
handgelenke	4977741
lieblings	4977740
weggeschmissen	4977739
verfault	4977738
network	4977737
weltfrieden	4977736
anschalten	4977735
takashi	4977734
realisierte	4977733
veranderten	4977732
osterreicher	4977731
hierzubleiben	4977730
ratseln	4977729
ausrufen	4977728
wilkes	4977727
libanon	4977726
damian	4977725
iceman	4977724
nachhinein	4977723
leibliche	4977722
ausgezeichneten	4977721
verbannung	4977720
pinky	4977719
schmeckte	4977718
vip	4977717
angemessenen	4977716
pieps	4977715
grundregeln	4977714
importiert	4977713
trainierte	4977712
sturer	4977711
saftig	4977710
bestreitet	4977709
amelie	4977708
zwinkern	4977707
blutproben	4977706
saito	4977705
sozialamt	4977704
kapituliert	4977703
urwald	4977702
belagert	4977701
radon	4977700
zugeschaut	4977699
voraussagen	4977698
zugibt	4977697
wiederbelebung	4977696
gestohlenes	4977695
leena	4977694
musikalisch	4977693
reflex	4977692
nachzuholen	4977691
renate	4977690
eintrittskarte	4977689
vie	4977688
bundespolizei	4977687
schlafende	4977686
ill	4977685
flachen	4977684
avi	4977683
ausgetrunken	4977682
valeria	4977681
schar	4977680
uberbrucken	4977679
flugsteig	4977678
gerollt	4977677
korrespondenz	4977676
vicomedia	4977675
bewahrte	4977674
mar	4977673
autofahrer	4977672
zeitreise	4977671
reaper	4977670
gewolbe	4977669
dane	4977668
task	4977667
betraf	4977666
leichenwagen	4977665
abaddon	4977664
schubst	4977663
ness	4977662
vermacht	4977661
coney	4977660
klan	4977659
hingekommen	4977658
quest	4977657
judge	4977656
guillermo	4977655
bekleidet	4977654
agyptischen	4977653
sold	4977652
umzingeln	4977651
oberstleutnant	4977650
anschliesst	4977649
cartoons	4977648
feger	4977647
gekennzeichnet	4977646
dona	4977645
assimiliert	4977644
essenszeit	4977643
gesuch	4977642
fitness	4977641
klebrig	4977640
kinderstimmen	4977639
vorhersehen	4977638
gutaussehender	4977637
niederknien	4977636
nilsson	4977635
demokratische	4977634
vorzugehen	4977633
tags	4977632
ems	4977631
liebesbrief	4977630
bescherung	4977629
dandy	4977628
abschiedskuss	4977627
corleone	4977626
rumlauft	4977625
magister	4977624
charmeur	4977623
geeigneten	4977622
wischt	4977621
baird	4977620
baldwin	4977619
milchstrasse	4977618
anbelangt	4977617
gebrandmarkt	4977616
megumi	4977615
prado	4977614
angepiepst	4977613
ina	4977612
dustin	4977611
amtszeit	4977610
entfalten	4977609
reifer	4977608
damaja	4977607
sternzeichen	4977606
nachgefragt	4977605
camping	4977604
toussaint	4977603
gealtert	4977602
harem	4977601
reinhauen	4977600
melonen	4977599
vene	4977598
geldstrafe	4977597
interface	4977596
arthurs	4977595
annimmst	4977594
abrupt	4977593
herholen	4977592
gemieden	4977591
codename	4977590
wertvollste	4977589
houdini	4977588
plunderer	4977587
vorgemacht	4977586
beliebte	4977585
reifenspuren	4977584
weltweite	4977583
adebisi	4977582
baracken	4977581
verdauung	4977580
armsten	4977579
shep	4977578
floten	4977577
strahlende	4977576
unheimlichen	4977575
wertsachen	4977574
kot	4977573
weltuntergang	4977572
gleisen	4977571
marthe	4977570
pssst	4977569
heide	4977568
deadline	4977567
robe	4977566
greenwich	4977565
bindungen	4977564
massstab	4977563
lao	4977562
vorige	4977561
soziopath	4977560
gerber	4977559
magenschmerzen	4977558
soziales	4977557
mean	4977556
tonys	4977555
obszon	4977554
barneys	4977553
laub	4977552
running	4977551
anrichtet	4977550
spiegelt	4977549
raubtiere	4977548
verschon	4977547
schwillt	4977546
unerlaubt	4977545
mogest	4977544
leibes	4977543
durchsuchungsbeschluss	4977542
lam	4977541
ubersat	4977540
sonderangebot	4977539
definiere	4977538
brownie	4977537
ather	4977536
infarkt	4977535
handschlag	4977534
versteigert	4977533
anschaust	4977532
zuordnen	4977531
lauer	4977530
englandern	4977529
schulzeit	4977528
bojack	4977527
townsend	4977526
ruinierte	4977525
lima	4977524
view	4977523
hellseherin	4977522
jussi	4977521
ankunftszeit	4977520
croissants	4977519
without	4977518
conan	4977517
tappen	4977516
aufgeschmissen	4977515
plausibel	4977514
susanna	4977513
vorkommnisse	4977512
absurde	4977511
living	4977510
hilda	4977509
horoskop	4977508
zelda	4977507
befleckt	4977506
drehbucher	4977505
uberraschungsparty	4977504
vorstrafenregister	4977503
wiederaufbau	4977502
schlafchen	4977501
muh	4977500
prarie	4977499
lautstarke	4977498
stichwunden	4977497
verkurzen	4977496
kosmischen	4977495
schleuse	4977494
flight	4977493
peinlichen	4977492
auszugleichen	4977491
newport	4977490
fluchtiger	4977489
prior	4977488
pen	4977487
boots	4977486
angehoren	4977485
gerichtsvollzieher	4977484
duval	4977483
leckerbissen	4977482
lowry	4977481
kriegers	4977480
claudius	4977479
waffenkammer	4977478
blutiger	4977477
southern	4977476
fugte	4977475
dachs	4977474
maroni	4977473
capri	4977472
bauerin	4977471
hatschi	4977470
drogentest	4977469
liebtest	4977468
laternen	4977467
erstickte	4977466
schnallt	4977465
sin	4977464
zivil	4977463
zaune	4977462
brillen	4977461
marlon	4977460
korperteil	4977459
menschenfleisch	4977458
jeweiligen	4977457
sorglos	4977456
gebrochenem	4977455
briefing	4977454
zaster	4977453
wartezeit	4977452
mobil	4977451
christmas	4977450
wirtschaftliche	4977449
kathi	4977448
beschreibe	4977447
speisekammer	4977446
applaudiert	4977445
bestrahlung	4977444
feuerwehrmanner	4977443
ausseres	4977442
anzuschreien	4977441
alexei	4977440
sprengkopf	4977439
elektronisches	4977438
equipment	4977437
ultra	4977436
konzentrierte	4977435
deutliche	4977434
nutzlosen	4977433
regenerieren	4977432
beitrage	4977431
ubst	4977430
annalise	4977429
verungluckt	4977428
weissem	4977427
milly	4977426
schmuggel	4977425
bobbys	4977424
regenten	4977423
eingange	4977422
esposito	4977421
lebensraum	4977420
regionen	4977419
hochverrats	4977418
sinnvolles	4977417
noriko	4977416
rausgeht	4977415
ulrik	4977414
pawel	4977413
vollgestopft	4977412
vergaser	4977411
stripper	4977410
hirngespinst	4977409
vorabend	4977408
stinke	4977407
gefangnissen	4977406
insasse	4977405
zafer	4977404
hinrichtungen	4977403
orchidee	4977402
domina	4977401
runterziehen	4977400
tatowierungen	4977399
geschmeidig	4977398
soso	4977397
weeds	4977396
gegenangriff	4977395
knirschen	4977394
verlegung	4977393
nachgegangen	4977392
schlafengehen	4977391
matresse	4977390
armseliger	4977389
sibley	4977388
fink	4977387
archaologen	4977386
strumpfhose	4977385
verhafteten	4977384
replikator	4977383
probierst	4977382
wait	4977381
kompatibel	4977380
fleiss	4977379
schmalen	4977378
puma	4977377
gelenkt	4977376
christoph	4977375
lungenkrebs	4977374
modernes	4977373
petition	4977372
wissenschaftlicher	4977371
octavia	4977370
unbeliebt	4977369
reportern	4977368
fausten	4977367
liberalen	4977366
grosszugiges	4977365
abgehakt	4977364
harmloser	4977363
vergottert	4977362
erhabene	4977361
cher	4977360
sensenmann	4977359
durchsuch	4977358
nutzung	4977357
entstehung	4977356
krempel	4977355
geheissen	4977354
schaltete	4977353
kobra	4977352
trostlos	4977351
korbe	4977350
boxt	4977349
bildete	4977348
watch	4977347
nazareth	4977346
geduldet	4977345
dia	4977344
lesung	4977343
entzundung	4977342
dammert	4977341
stillgelegt	4977340
abgefuckt	4977339
lawton	4977338
injizieren	4977337
schimpansen	4977336
blutbild	4977335
nichtig	4977334
argh	4977333
zurucklehnen	4977332
begegnungen	4977331
unterstutzte	4977330
extrablatt	4977329
exzellenter	4977328
salomon	4977327
sensei	4977326
igel	4977325
gilda	4977324
richters	4977323
dekoriert	4977322
endeffekt	4977321
ewald	4977320
gellar	4977319
candice	4977318
krankenakte	4977317
ou	4977316
geschatzten	4977315
klugheit	4977314
naina	4977313
drohten	4977312
lahmen	4977311
burbank	4977310
holm	4977309
tieres	4977308
autogramme	4977307
erbt	4977306
verspure	4977305
kurzester	4977304
sutter	4977303
trodeln	4977302
freispruch	4977301
gottverdammtes	4977300
industrielle	4977299
nietzsche	4977298
reingeraten	4977297
rasierklinge	4977296
matratzen	4977295
swing	4977294
vorhut	4977293
trockenes	4977292
silent	4977291
minenfeld	4977290
flores	4977289
schusswunden	4977288
wichtigtuer	4977287
rechtfertigung	4977286
swift	4977285
kusten	4977284
proteste	4977283
fehlgeschlagen	4977282
gagarin	4977281
getrankt	4977280
lucinda	4977279
unfallort	4977278
pos	4977277
riskierte	4977276
schlusseln	4977275
regisseure	4977274
dealt	4977273
berauscht	4977272
beschaftigte	4977271
jazzmusik	4977270
albin	4977269
verduften	4977268
zahnschmerzen	4977267
santo	4977266
vernaschen	4977265
hervorragenden	4977264
kimmy	4977263
wunderst	4977262
kjell	4977261
kaori	4977260
blu	4977259
vorstellst	4977258
ruiniere	4977257
gebar	4977256
lammer	4977255
thx	4977254
prachtstuck	4977253
gebrochener	4977252
inflation	4977251
klopfst	4977250
does	4977249
eduard	4977248
ghul	4977247
kosmische	4977246
human	4977245
chas	4977244
absicherung	4977243
wochentlich	4977242
sterblicher	4977241
imam	4977240
keats	4977239
mikroskop	4977238
garnelen	4977237
albanien	4977236
teint	4977235
hobbes	4977234
sensor	4977233
begibt	4977232
gegenuberstehen	4977231
shell	4977230
zurucklegen	4977229
samba	4977228
hingewiesen	4977227
states	4977226
schwergewicht	4977225
staatssekretar	4977224
thronfolger	4977223
romans	4977222
kriminelles	4977221
poole	4977220
monarchie	4977219
everything	4977218
hungersnot	4977217
brenzlig	4977216
ausgebildete	4977215
witzen	4977214
sketch	4977213
besagten	4977212
personenschutz	4977211
hocherfreut	4977210
kriterien	4977209
unzahligen	4977208
weinberg	4977207
christin	4977206
spielhalle	4977205
quieken	4977204
telefonierte	4977203
bestuckt	4977202
sonnencreme	4977201
claudio	4977200
unantastbar	4977199
engels	4977198
eisenhower	4977197
geschwafel	4977196
sozialarbeiter	4977195
gefahrte	4977194
rays	4977193
blitzschnell	4977192
postkutsche	4977191
arcadia	4977190
rafa	4977189
goldes	4977188
kletter	4977187
verkrochen	4977186
auffrischen	4977185
augenblicken	4977184
pott	4977183
unglaubwurdig	4977182
erstaunliches	4977181
ausgestossen	4977180
praktischer	4977179
medizinstudium	4977178
loyaler	4977177
zwangsjacke	4977176
mayer	4977175
zwillingsschwester	4977174
photonentorpedos	4977173
tempels	4977172
durftest	4977171
ausspucken	4977170
kribbeln	4977169
dossier	4977168
uberfallt	4977167
einfuhlsam	4977166
abgibt	4977165
inside	4977164
pulsadern	4977163
sphare	4977162
wett	4977161
verspeist	4977160
giess	4977159
dachern	4977158
showgeschaft	4977157
angesehener	4977156
kandidiert	4977155
gruseligen	4977154
spontane	4977153
wil	4977152
verratern	4977151
erlebten	4977150
weia	4977149
eingelost	4977148
kontaminiert	4977147
freiheitsstatue	4977146
ruckfahrt	4977145
unheilbar	4977144
untersteht	4977143
geladene	4977142
bergsteiger	4977141
terroristische	4977140
crunch	4977139
lampenfieber	4977138
madchenname	4977137
inventar	4977136
mattias	4977135
stapeln	4977134
umtauschen	4977133
ekstase	4977132
apostel	4977131
soetwas	4977130
zuende	4977129
sub	4977128
ladenbesitzer	4977127
legalen	4977126
schmiergeld	4977125
weather	4977124
vorschnell	4977123
apache	4977122
motten	4977121
eingeaschert	4977120
hierbehalten	4977119
kiffer	4977118
horatio	4977117
verwundert	4977116
kenner	4977115
londons	4977114
gekniffen	4977113
sos	4977112
abstieg	4977111
bombay	4977110
blasmusik	4977109
sundance	4977108
zathras	4977107
zweikampf	4977106
vorstadt	4977105
reisefuhrer	4977104
zeichnete	4977103
brrr	4977102
tien	4977101
leave	4977100
celie	4977099
beruhmtes	4977098
unterbreiten	4977097
stinkender	4977096
munztelefon	4977095
quartal	4977094
intime	4977093
staatsgefangnis	4977092
schopft	4977091
freinehmen	4977090
mithelfen	4977089
tesla	4977088
veteran	4977087
leader	4977086
anlugst	4977085
entgegennehmen	4977084
burrito	4977083
bauchnabel	4977082
quacksalber	4977081
margaux	4977080
einbringt	4977079
peaches	4977078
barmherzig	4977077
whitaker	4977076
gordo	4977075
vorgeschmack	4977074
bandagen	4977073
glotz	4977072
waffenruhe	4977071
betreibe	4977070
vasek	4977069
unvermeidbar	4977068
durchgesetzt	4977067
medizinmann	4977066
watt	4977065
bono	4977064
coast	4977063
id	4977062
haferflocken	4977061
hervorgerufen	4977060
meng	4977059
uhrwerk	4977058
bagwell	4977057
sehnte	4977056
verdammen	4977055
vergrosserung	4977054
lebensmittelladen	4977053
magnetische	4977052
zugetan	4977051
morgendammerung	4977050
meryl	4977049
snyder	4977048
nachwelt	4977047
wettstreit	4977046
scorpius	4977045
hinfliegen	4977044
rettungsteam	4977043
einfiel	4977042
zaubertrick	4977041
eingabe	4977040
vorankommen	4977039
wildschweine	4977038
radioaktiv	4977037
intensive	4977036
truffel	4977035
vorzuwerfen	4977034
farid	4977033
siegreich	4977032
melodien	4977031
entferntesten	4977030
ankomme	4977029
ungerade	4977028
verbrauchen	4977027
wahllos	4977026
kauderwelsch	4977025
schmecke	4977024
erna	4977023
stephens	4977022
patrice	4977021
ausgerufen	4977020
petrelli	4977019
grossmama	4977018
andeutungen	4977017
kammen	4977016
bildeten	4977015
beschamen	4977014
jagern	4977013
soren	4977012
ankommst	4977011
shea	4977010
verlorener	4977009
dekorieren	4977008
zerfressen	4977007
jansen	4977006
barchen	4977005
steele	4977004
lohne	4977003
benutzung	4977002
hauten	4977001
shi	4977000
wohlfahrt	4976999
chloroform	4976998
glenda	4976997
laszlo	4976996
baumhaus	4976995
cale	4976994
vermasselst	4976993
schiene	4976992
vulkanischen	4976991
strong	4976990
stiere	4976989
derartiges	4976988
kongressabgeordneter	4976987
sicherheitsstufe	4976986
pflaumen	4976985
erdol	4976984
hinken	4976983
germanen	4976982
willa	4976981
unverwundbar	4976980
praktischen	4976979
einzuschalten	4976978
belgrad	4976977
hinterhaltige	4976976
fulcrum	4976975
tanker	4976974
labert	4976973
korpertemperatur	4976972
tollpatsch	4976971
abweichung	4976970
ruckwartsgang	4976969
aka	4976968
gabriela	4976967
befehlsgewalt	4976966
santana	4976965
plunder	4976964
brustwarzen	4976963
japanisches	4976962
herzversagen	4976961
deunan	4976960
israelische	4976959
string	4976958
gendarm	4976957
zahnseide	4976956
optische	4976955
adelaide	4976954
bekenne	4976953
elvira	4976952
vollzeit	4976951
spassvogel	4976950
brautkleid	4976949
besichtigung	4976948
halbschwester	4976947
sync	4976946
blubbern	4976945
train	4976944
saki	4976943
schumann	4976942
while	4976941
aufzuhangen	4976940
betrugs	4976939
herzattacke	4976938
losch	4976937
dannys	4976936
aufmachst	4976935
perucken	4976934
analytiker	4976933
defensive	4976932
schauer	4976931
ausspionieren	4976930
drangte	4976929
kruger	4976928
institutionen	4976927
rechtliche	4976926
margaritas	4976925
rayburn	4976924
bettina	4976923
grasslichen	4976922
zivilisierten	4976921
runkle	4976920
wi	4976919
verstaut	4976918
typhus	4976917
schulbus	4976916
aufstande	4976915
pflegefamilie	4976914
weckruf	4976913
lynne	4976912
flotten	4976911
emir	4976910
amos	4976909
nagellack	4976908
eigensinnig	4976907
demenz	4976906
altmodischen	4976905
dam	4976904
brustkrebs	4976903
meeresgrund	4976902
austeilen	4976901
raleigh	4976900
entschadigen	4976899
erhabener	4976898
auflost	4976897
tampons	4976896
leidtut	4976895
vorgegeben	4976894
jeanine	4976893
leistete	4976892
kubrick	4976891
speise	4976890
galileo	4976889
ahnungslos	4976888
fiedler	4976887
marsha	4976886
tagung	4976885
urkomisch	4976884
abzusagen	4976883
geschandet	4976882
unschadlich	4976881
stocke	4976880
prophezeit	4976879
asphalt	4976878
lehnst	4976877
emilia	4976876
bemerkst	4976875
rauszubringen	4976874
bellick	4976873
erging	4976872
luftrohre	4976871
schubert	4976870
komfortabel	4976869
loffelchen	4976868
verleitet	4976867
notiere	4976866
dre	4976865
unerbittlich	4976864
versicherte	4976863
sozialer	4976862
dwayne	4976861
labern	4976860
fake	4976859
schmerzes	4976858
turmen	4976857
kali	4976856
strebt	4976855
larson	4976854
kaji	4976853
weissbrot	4976852
gerichtsverhandlung	4976851
opern	4976850
spann	4976849
stadtchen	4976848
debs	4976847
zertrummern	4976846
darnell	4976845
verscheucht	4976844
schlitzauge	4976843
manson	4976842
relax	4976841
swann	4976840
hawthorne	4976839
stevenson	4976838
erweise	4976837
jetzige	4976836
spuk	4976835
dialoge	4976834
gesehnt	4976833
schliessung	4976832
heule	4976831
fokussiert	4976830
motorengerausch	4976829
horton	4976828
anschrift	4976827
freedom	4976826
sokrates	4976825
bluhende	4976824
tory	4976823
olivenol	4976822
optimal	4976821
durchlebt	4976820
round	4976819
mordanklage	4976818
tagt	4976817
gabby	4976816
anwaltskanzlei	4976815
guillotine	4976814
droiden	4976813
valentina	4976812
ungarisch	4976811
vermehrt	4976810
versagst	4976809
zahm	4976808
heibt	4976807
notre	4976806
lupin	4976805
upon	4976804
beruchtigten	4976803
werken	4976802
leidenschaftliche	4976801
anordnen	4976800
preiset	4976799
paarmal	4976798
karawane	4976797
lothbrok	4976796
edelmann	4976795
buschen	4976794
schmerzvoll	4976793
zuwider	4976792
darlene	4976791
arrestzelle	4976790
klarinette	4976789
schlaff	4976788
arkansas	4976787
windsor	4976786
getaucht	4976785
allgemeines	4976784
tata	4976783
aufzufuhren	4976782
liegend	4976781
tiefstem	4976780
lai	4976779
anstoss	4976778
bekanntes	4976777
funfhundert	4976776
sorgfalt	4976775
krimi	4976774
augenbinde	4976773
senators	4976772
protestiert	4976771
leyla	4976770
campingplatz	4976769
polier	4976768
spharische	4976767
interferenzen	4976766
bader	4976765
pronto	4976764
vermahlung	4976763
laderaum	4976762
unterschatze	4976761
molesley	4976760
reizvoll	4976759
buckley	4976758
ausziehst	4976757
entbehrlich	4976756
komplizierten	4976755
widmung	4976754
wachdienst	4976753
anjali	4976752
abgelegenen	4976751
lumen	4976750
digger	4976749
verhaltet	4976748
vordermann	4976747
waret	4976746
moreno	4976745
tully	4976744
regele	4976743
josey	4976742
guantanamo	4976741
geistlicher	4976740
bartholomew	4976739
faschismus	4976738
durfe	4976737
gaumen	4976736
gebugelt	4976735
beherbergen	4976734
aleikum	4976733
beale	4976732
studentinnen	4976731
crewmitglieder	4976730
scheussliche	4976729
ruprecht	4976728
heranzukommen	4976727
singles	4976726
bewohnern	4976725
raue	4976724
straight	4976723
barbar	4976722
johlen	4976721
ausm	4976720
heuschrecken	4976719
telegramme	4976718
racher	4976717
tret	4976716
pavel	4976715
verschworer	4976714
far	4976713
grabern	4976712
duldet	4976711
duett	4976710
parties	4976709
schwierigsten	4976708
gemordet	4976707
zusammenstoss	4976706
fleckchen	4976705
everyone	4976704
skateboard	4976703
einschlafern	4976702
glasgow	4976701
gottlicher	4976700
lachelnd	4976699
abendmahl	4976698
erklimmen	4976697
treffens	4976696
leichtigkeit	4976695
herumfahren	4976694
ausgehandelt	4976693
fragezeichen	4976692
beeindruckender	4976691
klemmen	4976690
strippen	4976689
pryce	4976688
fliegender	4976687
polizeiauto	4976686
faser	4976685
elsie	4976684
schnappten	4976683
nudel	4976682
ryans	4976681
gewogen	4976680
aufbaut	4976679
absolution	4976678
zoff	4976677
abgesandter	4976676
heiser	4976675
falltur	4976674
angewohnheiten	4976673
unkosten	4976672
punktchen	4976671
gluht	4976670
durchnasst	4976669
traumfrau	4976668
cedar	4976667
rings	4976666
schall	4976665
gewaltsamen	4976664
medellin	4976663
tapete	4976662
bereitwillig	4976661
nano	4976660
anderenfalls	4976659
markte	4976658
stoffwechsel	4976657
gleitet	4976656
mordnacht	4976655
beruflichen	4976654
unerwarteten	4976653
zeitlupe	4976652
signiert	4976651
skulpturen	4976650
saw	4976649
sitting	4976648
kazon	4976647
verstarker	4976646
nilpferd	4976645
uberlegenheit	4976644
liebender	4976643
shot	4976642
warden	4976641
sprechende	4976640
rockefeller	4976639
tulpe	4976638
aufgefangen	4976637
schadensbericht	4976636
schwinden	4976635
zerbrich	4976634
heilsarmee	4976633
aufjeden	4976632
vertieft	4976631
arn	4976630
angenehmes	4976629
mulligan	4976628
mitnimmst	4976627
heimgekommen	4976626
erdulden	4976625
sayonara	4976624
deutete	4976623
haferbrei	4976622
stinson	4976621
ih	4976620
jer	4976619
shredder	4976618
latino	4976617
norfolk	4976616
baumeln	4976615
duo	4976614
tratschen	4976613
totengraber	4976612
betonung	4976611
betrachtliche	4976610
salute	4976609
grassliche	4976608
nutzloser	4976607
wiederwahl	4976606
zensur	4976605
begleiterin	4976604
verschiebt	4976603
vordere	4976602
downey	4976601
vielem	4976600
gemach	4976599
einbruchs	4976598
ladens	4976597
anstrengenden	4976596
entfallen	4976595
eingelocht	4976594
hafer	4976593
walther	4976592
armbander	4976591
kostenloses	4976590
managerin	4976589
holy	4976588
untergebenen	4976587
bryson	4976586
class	4976585
hauptkommissar	4976584
schleimer	4976583
konsequent	4976582
intus	4976581
ermittle	4976580
absprache	4976579
konzentrationslager	4976578
kugelsicher	4976577
latif	4976576
aufzuwachsen	4976575
karnickel	4976574
nahaufnahme	4976573
kraftvoll	4976572
shapiro	4976571
jammerlichen	4976570
langford	4976569
vergeudest	4976568
enttauschungen	4976567
ergo	4976566
drosseln	4976565
kollateralschaden	4976564
mcbride	4976563
orks	4976562
miterlebt	4976561
polizeischule	4976560
auftauchten	4976559
leviathan	4976558
moneten	4976557
menschenskind	4976556
heimzuzahlen	4976555
pardaillan	4976554
player	4976553
soho	4976552
rotem	4976551
pein	4976550
waits	4976549
transponder	4976548
zwirn	4976547
schlimmstenfalls	4976546
prude	4976545
tiefste	4976544
row	4976543
ehemannes	4976542
pupkin	4976541
besiegten	4976540
einzuschlagen	4976539
suspendierung	4976538
alexej	4976537
janes	4976536
unbegreiflich	4976535
graues	4976534
hanks	4976533
bauarbeiten	4976532
abzubrechen	4976531
rudolph	4976530
institute	4976529
belgier	4976528
kuck	4976527
erblickt	4976526
mccall	4976525
genfer	4976524
enkeln	4976523
report	4976522
nachgelassen	4976521
auseinandersetzen	4976520
ready	4976519
georgetown	4976518
dodger	4976517
verbirgst	4976516
robins	4976515
beleuchtet	4976514
miterleben	4976513
dash	4976512
likor	4976511
zugezogen	4976510
ballsaal	4976509
bong	4976508
verscheuchen	4976507
mammi	4976506
aldrin	4976505
gegenuberstellung	4976504
angewidert	4976503
gymnastik	4976502
jammerlappen	4976501
tschetschenien	4976500
unnotigen	4976499
patriotismus	4976498
durchsichtig	4976497
oooh	4976496
vorhabt	4976495
python	4976494
sha	4976493
monitore	4976492
barbarisch	4976491
unterirdische	4976490
streikt	4976489
entsinne	4976488
aussahen	4976487
verkehrsunfall	4976486
fotografien	4976485
derwisch	4976484
feinste	4976483
kom	4976482
niemandsland	4976481
verwustung	4976480
huhnerstall	4976479
alba	4976478
glorreiche	4976477
mamis	4976476
fremdsprache	4976475
rennie	4976474
skies	4976473
absteige	4976472
zusammenpassen	4976471
inkognito	4976470
gestreckt	4976469
spice	4976468
einschrankungen	4976467
hiesige	4976466
nektar	4976465
unbehagen	4976464
jelly	4976463
eisbaren	4976462
bosnien	4976461
odile	4976460
birmingham	4976459
sahara	4976458
rooney	4976457
ares	4976456
mags	4976455
darth	4976454
augenzeuge	4976453
verschlimmern	4976452
straff	4976451
parkett	4976450
hinterliessen	4976449
beneidet	4976448
ordens	4976447
burgerlichen	4976446
fragtest	4976445
verspurt	4976444
gewinnerin	4976443
vormarsch	4976442
edelsteine	4976441
blutergusse	4976440
lederjacke	4976439
erfolgte	4976438
erzengel	4976437
brandi	4976436
jiro	4976435
knupfen	4976434
sweetheart	4976433
selim	4976432
tomorrow	4976431
klugsten	4976430
fruchtblase	4976429
takeda	4976428
cable	4976427
blutete	4976426
mobilisieren	4976425
einbeziehen	4976424
schwiegereltern	4976423
johnston	4976422
dreckstuck	4976421
biegt	4976420
detailliert	4976419
simulieren	4976418
tac	4976417
abstossen	4976416
sehenswurdigkeiten	4976415
verlogener	4976414
gestein	4976413
marcia	4976412
vorzunehmen	4976411
vorschau	4976410
stampfen	4976409
rovere	4976408
frust	4976407
poseidon	4976406
schnitzen	4976405
herumlauft	4976404
deponiert	4976403
vorlaut	4976402
venice	4976401
graystone	4976400
frl	4976399
stadtzentrum	4976398
short	4976397
pritchard	4976396
uberbieten	4976395
attrappe	4976394
dolan	4976393
moskauer	4976392
einzujagen	4976391
stinkreich	4976390
feierst	4976389
fluche	4976388
tunneln	4976387
duften	4976386
koniglicher	4976385
irischer	4976384
inkompetent	4976383
vorherbestimmt	4976382
ophelia	4976381
reinwaschen	4976380
payne	4976379
brittany	4976378
eingesturzt	4976377
moechte	4976376
sperrgebiet	4976375
vermahlt	4976374
echtem	4976373
geheimgang	4976372
bildhauer	4976371
sevilla	4976370
drumherum	4976369
hitzkopf	4976368
rap	4976367
schnaufen	4976366
lugendetektortest	4976365
rowena	4976364
steinzeit	4976363
patmore	4976362
impfen	4976361
paro	4976360
gel	4976359
erzfeind	4976358
zucht	4976357
hundescheisse	4976356
creed	4976355
kettenreaktion	4976354
krause	4976353
mitsuko	4976352
untertasse	4976351
pongo	4976350
cholesterin	4976349
isabell	4976348
polizeiprasidium	4976347
ordne	4976346
auswirkung	4976345
schutzlos	4976344
mysterioser	4976343
kode	4976342
tatsuya	4976341
langfristig	4976340
abgewendet	4976339
kommandieren	4976338
dichtung	4976337
dienstplan	4976336
messungen	4976335
flugtickets	4976334
arschkriecher	4976333
kommandiert	4976332
musikalische	4976331
poor	4976330
heini	4976329
belanglos	4976328
quint	4976327
auslegen	4976326
uiind	4976325
gattung	4976324
morrow	4976323
posaune	4976322
spendiere	4976321
wanderung	4976320
mahler	4976319
fortuna	4976318
plastiktute	4976317
vorbringen	4976316
verabscheut	4976315
anteilnahme	4976314
rennstrecke	4976313
eskaliert	4976312
gestreichelt	4976311
regelmassige	4976310
sechzig	4976309
wolkenkratzer	4976308
shaft	4976307
wirr	4976306
saiten	4976305
herrenhaus	4976304
masern	4976303
uberliess	4976302
niederen	4976301
begabter	4976300
schlumpfine	4976299
ood	4976298
scarraner	4976297
schleppte	4976296
prostata	4976295
aorta	4976294
abkratzen	4976293
gelobte	4976292
dynamik	4976291
liebstes	4976290
aufgespiesst	4976289
erstklassigen	4976288
massenmorder	4976287
anmache	4976286
wurste	4976285
liedchen	4976284
anstellst	4976283
offiziers	4976282
elfenbein	4976281
dacher	4976280
ausgetragen	4976279
unausweichlich	4976278
stammst	4976277
romulus	4976276
straflinge	4976275
einzigartiges	4976274
caro	4976273
massey	4976272
rutherford	4976271
bae	4976270
tauschte	4976269
blutzucker	4976268
mercury	4976267
anmutig	4976266
bolivien	4976265
edelstein	4976264
unterirdisch	4976263
milieu	4976262
hinschauen	4976261
raumes	4976260
hex	4976259
abgelegen	4976258
aufpasse	4976257
verfassen	4976256
branson	4976255
friends	4976254
keim	4976253
bockmist	4976252
chandra	4976251
schwarmt	4976250
aufgekreuzt	4976249
takeshi	4976248
lichten	4976247
gelbes	4976246
millers	4976245
plankton	4976244
wusch	4976243
vorionen	4976242
luchs	4976241
mordversuch	4976240
ds	4976239
anzugeben	4976238
ubernehm	4976237
gesehn	4976236
praziser	4976235
gelutscht	4976234
schnapsladen	4976233
anzugtrager	4976232
polizeischutz	4976231
angefreundet	4976230
uberwindet	4976229
cleopatra	4976228
durchmache	4976227
einsames	4976226
photo	4976225
ulla	4976224
einzigste	4976223
verschwiegenheit	4976222
intellektuell	4976221
childs	4976220
korrupter	4976219
alf	4976218
verhandle	4976217
festnetz	4976216
seidenen	4976215
pfarrhaus	4976214
ereignete	4976213
hecht	4976212
mulltonnen	4976211
ballkonigin	4976210
forderst	4976209
schlimmeren	4976208
prufte	4976207
beklauen	4976206
trauere	4976205
unmoglichen	4976204
weiterkampfen	4976203
ausfluge	4976202
jeanie	4976201
babysitterin	4976200
frisiert	4976199
browns	4976198
gassen	4976197
revolutionaren	4976196
stunt	4976195
ausarbeiten	4976194
hierarchie	4976193
unwirklich	4976192
empfahl	4976191
wegweiser	4976190
aufkreuzt	4976189
stripclub	4976188
fahrzeugen	4976187
mixen	4976186
eu	4976185
stopfe	4976184
heissesten	4976183
einigkeit	4976182
anziehe	4976181
gewunschte	4976180
feuerholz	4976179
vorschule	4976178
faye	4976177
moni	4976176
hellwach	4976175
herauszubekommen	4976174
gekettet	4976173
aufnahm	4976172
schonheiten	4976171
dios	4976170
meerjungfrauen	4976169
hepatitis	4976168
holocaust	4976167
befragungen	4976166
alligatoren	4976165
schwachsinnig	4976164
zusammenhangen	4976163
zyklop	4976162
meisterstuck	4976161
anstarrt	4976160
rauen	4976159
iphone	4976158
prosit	4976157
benebelt	4976156
chibs	4976155
pelzmantel	4976154
scheissangst	4976153
rutschig	4976152
wiley	4976151
meckert	4976150
managen	4976149
vasa	4976148
danische	4976147
scooter	4976146
scheisshaus	4976145
widmete	4976144
quatschst	4976143
gendarmerie	4976142
mcguire	4976141
saxophon	4976140
fussfessel	4976139
scheidungen	4976138
nordafrika	4976137
romischer	4976136
lebensmittelvergiftung	4976135
mort	4976134
rattern	4976133
schlitzaugen	4976132
modifiziert	4976131
edles	4976130
krumme	4976129
monas	4976128
bremst	4976127
ausfragen	4976126
conlon	4976125
einladt	4976124
steel	4976123
supernova	4976122
vogue	4976121
pizzen	4976120
lene	4976119
any	4976118
zugangscode	4976117
schluchzend	4976116
dokumentieren	4976115
jodie	4976114
pfau	4976113
morelli	4976112
eureka	4976111
funkgerate	4976110
henriette	4976109
plattenfirma	4976108
arlette	4976107
grollt	4976106
waschbaren	4976105
verkruppelt	4976104
aufzumuntern	4976103
arsen	4976102
belangen	4976101
alleinerziehende	4976100
quaken	4976099
patrouillieren	4976098
verschweigt	4976097
plutonium	4976096
multiple	4976095
widert	4976094
kinderschander	4976093
tiefgarage	4976092
pathologie	4976091
unentbehrlich	4976090
blaine	4976089
delaware	4976088
hasta	4976087
haftbefehle	4976086
dig	4976085
demoliert	4976084
mild	4976083
volkermord	4976082
scharfste	4976081
joints	4976080
sacha	4976079
untersteh	4976078
haines	4976077
lassie	4976076
ruckfallig	4976075
bestimmungen	4976074
schlauche	4976073
schwerem	4976072
vorwahl	4976071
whitmore	4976070
milhouse	4976069
ehesten	4976068
wiederholst	4976067
bekanntlich	4976066
stabchen	4976065
gelandewagen	4976064
verschaffe	4976063
einwickeln	4976062
minivan	4976061
schranken	4976060
russin	4976059
cicero	4976058
moulin	4976057
heissem	4976056
vorhatten	4976055
vickers	4976054
osiris	4976053
neunzehn	4976052
kussten	4976051
uberschreiben	4976050
historisch	4976049
gutheissen	4976048
glock	4976047
festgesetzt	4976046
leitenden	4976045
adressbuch	4976044
safari	4976043
castor	4976042
erreger	4976041
polanski	4976040
karotte	4976039
dingsda	4976038
geschwind	4976037
gottverlassenen	4976036
athlet	4976035
verlorenes	4976034
ergebener	4976033
ballard	4976032
geschiedene	4976031
odyssee	4976030
homosexualitat	4976029
kunstlern	4976028
druckerei	4976027
spannt	4976026
bayou	4976025
aufzuheitern	4976024
verhaftete	4976023
arbeitszeiten	4976022
sammelst	4976021
rezession	4976020
fingerspitzen	4976019
mobeln	4976018
schnauben	4976017
zonen	4976016
quirke	4976015
vergelten	4976014
oase	4976013
formieren	4976012
schwimmst	4976011
zutrifft	4976010
gonnt	4976009
habens	4976008
hewitt	4976007
gelehrte	4976006
turschwelle	4976005
insofern	4976004
rind	4976003
funfjahrigen	4976002
priesterin	4976001
ehemanns	4976000
massimo	4975999
hergerichtet	4975998
phantasien	4975997
tromaville	4975996
klacks	4975995
ernsthafter	4975994
chirurgische	4975993
runterfahren	4975992
klarem	4975991
dichtmachen	4975990
volvo	4975989
hartman	4975988
renaissance	4975987
zerkratzt	4975986
third	4975985
storch	4975984
yasmin	4975983
eilmeldung	4975982
tonen	4975981
innenseite	4975980
konditionen	4975979
verdopple	4975978
runtergeladen	4975977
schroder	4975976
zeugenschutz	4975975
stetig	4975974
gestorte	4975973
geldgeber	4975972
hochnasig	4975971
armaturenbrett	4975970
amal	4975969
sachs	4975968
sense	4975967
stabile	4975966
tollsten	4975965
zerschmettern	4975964
rapper	4975963
fernand	4975962
spanischer	4975961
neurotisch	4975960
typisches	4975959
interpretiert	4975958
nordwesten	4975957
kammerdiener	4975956
pfadfindern	4975955
nachhelfen	4975954
notausgang	4975953
gelauscht	4975952
arrogante	4975951
internationales	4975950
jamieson	4975949
barts	4975948
tyrone	4975947
pelze	4975946
bereichern	4975945
aufzuge	4975944
vorwarnen	4975943
guatemala	4975942
schutte	4975941
festbinden	4975940
schreitet	4975939
malaysia	4975938
gabeln	4975937
quarter	4975936
virtuellen	4975935
ordnungsgemass	4975934
fr	4975933
fliesen	4975932
tuttle	4975931
herausgerissen	4975930
freimaurer	4975929
vermiss	4975928
verstorbener	4975927
lis	4975926
kopftuch	4975925
abblitzen	4975924
dobbs	4975923
unverschamter	4975922
anonymitat	4975921
ostliche	4975920
sonderbare	4975919
indirekt	4975918
strassenecke	4975917
citizen	4975916
rentiere	4975915
ausfall	4975914
blackjack	4975913
auszubrechen	4975912
finanzminister	4975911
ortiz	4975910
papierkorb	4975909
unaufhorlich	4975908
taff	4975907
feindliches	4975906
jaulen	4975905
zarin	4975904
hein	4975903
genesis	4975902
arif	4975901
serben	4975900
freihalten	4975899
alina	4975898
macke	4975897
schwachstellen	4975896
zimmers	4975895
trube	4975894
pioniere	4975893
beschleunigung	4975892
kronprinz	4975891
schiessstand	4975890
abenteuern	4975889
kostlichen	4975888
alk	4975887
aki	4975886
austreiben	4975885
pumpt	4975884
kemal	4975883
schwertes	4975882
ausreisser	4975881
schlucke	4975880
gedenkt	4975879
unwissend	4975878
landry	4975877
yves	4975876
fokussieren	4975875
talenten	4975874
schutzschilde	4975873
verdien	4975872
vorzumachen	4975871
bescheisst	4975870
stossstange	4975869
riesending	4975868
ventile	4975867
zerbrochene	4975866
angebliche	4975865
warteschleife	4975864
eiskrem	4975863
vollzahlig	4975862
blanchard	4975861
kulturellen	4975860
simuliert	4975859
schweigsam	4975858
hullen	4975857
lombardo	4975856
aloha	4975855
widerspreche	4975854
kehlen	4975853
qualvoll	4975852
unangenehmen	4975851
benito	4975850
julias	4975849
nettie	4975848
einbezogen	4975847
latschen	4975846
zuruckkehrst	4975845
gedenke	4975844
aufsagen	4975843
maximus	4975842
raumfahrt	4975841
wife	4975840
nordseite	4975839
liebesbriefe	4975838
vicodin	4975837
scheide	4975836
bewies	4975835
broker	4975834
wurdevoll	4975833
konigliches	4975832
bronco	4975831
albernes	4975830
cherie	4975829
ruckenmark	4975828
alimente	4975827
valentino	4975826
gekreuzt	4975825
ausgeschlafen	4975824
besinnung	4975823
tatzeit	4975822
amerikanischem	4975821
doppelleben	4975820
gegenubertreten	4975819
herauszuholen	4975818
welles	4975817
feuerball	4975816
wexler	4975815
dehnen	4975814
keil	4975813
domine	4975812
gewurgt	4975811
reflektiert	4975810
olly	4975809
quintus	4975808
pacino	4975807
verhaltnissen	4975806
einlauf	4975805
topfchen	4975804
tron	4975803
rin	4975802
inicht	4975801
balkan	4975800
jos	4975799
tres	4975798
kluft	4975797
klischees	4975796
eingebung	4975795
universitaten	4975794
dokumentarfilm	4975793
cousinen	4975792
rauszuhalten	4975791
tre	4975790
kimura	4975789
scheuen	4975788
biggs	4975787
umschlage	4975786
vermeide	4975785
masha	4975784
mutant	4975783
perrin	4975782
feilschen	4975781
dreifachen	4975780
einmaliges	4975779
borsenaufsicht	4975778
colleges	4975777
lucio	4975776
oops	4975775
fortgeschrittene	4975774
andersen	4975773
rundfunk	4975772
eintraf	4975771
tino	4975770
wren	4975769
bube	4975768
elya	4975767
damaligen	4975766
marwan	4975765
stummen	4975764
engl	4975763
schmeckst	4975762
asservatenkammer	4975761
galopp	4975760
bauchweh	4975759
fluchtplan	4975758
dazugehort	4975757
gemutlicher	4975756
erhitzt	4975755
einode	4975754
flieh	4975753
zuruckfallen	4975752
verwehren	4975751
gluhende	4975750
abgewandt	4975749
herzklopfen	4975748
ausbrach	4975747
makeup	4975746
unterzahl	4975745
schanghai	4975744
smythe	4975743
entreissen	4975742
pluto	4975741
vorherige	4975740
verstellt	4975739
erstaunlicher	4975738
kolja	4975737
untertan	4975736
stalle	4975735
istjetzt	4975734
versammelten	4975733
kruzifix	4975732
initiiere	4975731
erwischten	4975730
abenden	4975729
verdrucken	4975728
bos	4975727
derby	4975726
glucksfall	4975725
einflussreiche	4975724
metier	4975723
mussolini	4975722
kurzeren	4975721
jillian	4975720
verzerrte	4975719
scar	4975718
undankbare	4975717
fenwick	4975716
nunmal	4975715
keys	4975714
como	4975713
pfeiler	4975712
kaffe	4975711
imitation	4975710
ruhestorung	4975709
kling	4975708
neugeborenen	4975707
dumbledore	4975706
celine	4975705
benton	4975704
umschreiben	4975703
ter	4975702
bluttests	4975701
familiare	4975700
renovierung	4975699
honda	4975698
rama	4975697
abhang	4975696
chick	4975695
hausen	4975694
biografie	4975693
erz	4975692
unbewaffneten	4975691
zweifelhaft	4975690
emporung	4975689
taser	4975688
karrieren	4975687
ehelichen	4975686
hitomi	4975685
trikots	4975684
spaniens	4975683
baumarkt	4975682
elis	4975681
flush	4975680
gruseliger	4975679
lammchen	4975678
milt	4975677
extremer	4975676
tagliches	4975675
abgefunden	4975674
goldstuck	4975673
handschuhen	4975672
sturzten	4975671
schwane	4975670
zukunftig	4975669
sterns	4975668
chillen	4975667
scheckbuch	4975666
bearbeite	4975665
kamele	4975664
unrein	4975663
routen	4975662
rattengift	4975661
herausgeben	4975660
verrechnet	4975659
eggs	4975658
luden	4975657
reizbar	4975656
killers	4975655
aufstandischen	4975654
lockere	4975653
wiederherstellung	4975652
gotz	4975651
hallt	4975650
schotte	4975649
eingesammelt	4975648
nahrungskette	4975647
bewegten	4975646
ar	4975645
hershel	4975644
biere	4975643
garret	4975642
ranfahren	4975641
vereinigte	4975640
zunehmen	4975639
osman	4975638
katia	4975637
liebevoller	4975636
bootsmann	4975635
rapunzel	4975634
statur	4975633
stolzes	4975632
most	4975631
done	4975630
umgewandelt	4975629
ausserordentliche	4975628
ivanova	4975627
anzuzunden	4975626
hingehore	4975625
morphin	4975624
manion	4975623
vorubergehen	4975622
drauben	4975621
verdientes	4975620
triade	4975619
poppen	4975618
pick	4975617
arturo	4975616
gewissens	4975615
vorab	4975614
einschreiten	4975613
gefrorenen	4975612
verurteilter	4975611
norweger	4975610
feststecken	4975609
bwana	4975608
inaktiv	4975607
renfield	4975606
drahtzieher	4975605
spazierfahrt	4975604
niels	4975603
klaro	4975602
banshee	4975601
nos	4975600
cbs	4975599
wohlwollen	4975598
rettungsaktion	4975597
fuchse	4975596
jd	4975595
vorbeikam	4975594
weggeblasen	4975593
variablen	4975592
wehrte	4975591
elder	4975590
brandneuen	4975589
british	4975588
festgenagelt	4975587
gottseidank	4975586
dildo	4975585
blindganger	4975584
verleugnet	4975583
lastige	4975582
lebensgefahrlich	4975581
handarbeit	4975580
olymp	4975579
spielschulden	4975578
winterschlaf	4975577
aiko	4975576
statten	4975575
runterfallen	4975574
giulio	4975573
eintrage	4975572
drohnt	4975571
gekippt	4975570
ia	4975569
gelassenheit	4975568
gefullte	4975567
davidson	4975566
symphonie	4975565
gesellschaftlichen	4975564
hinhauen	4975563
demetrius	4975562
widerstands	4975561
fussganger	4975560
radios	4975559
kommodore	4975558
feierlichkeiten	4975557
wickel	4975556
ignorant	4975555
spult	4975554
obendrauf	4975553
kommentieren	4975552
teer	4975551
kassiererin	4975550
genevieve	4975549
goldbarren	4975548
injektionen	4975547
evi	4975546
arie	4975545
latinos	4975544
scrabble	4975543
goran	4975542
hubbard	4975541
monarch	4975540
kaut	4975539
prachtvoll	4975538
traurigste	4975537
wahrsten	4975536
technischer	4975535
publik	4975534
respektierst	4975533
weihnachtszeit	4975532
mazel	4975531
lockte	4975530
eingeschrieben	4975529
meeresfruchte	4975528
zahnspange	4975527
bertram	4975526
fresno	4975525
grundeten	4975524
schallplatte	4975523
close	4975522
unterbricht	4975521
grundliche	4975520
tribun	4975519
unnutz	4975518
hilfsmittel	4975517
erganzen	4975516
betrachtest	4975515
kinderarzt	4975514
mordfalle	4975513
uterus	4975512
sicherheiten	4975511
asta	4975510
blamierst	4975509
geplante	4975508
tickst	4975507
zielst	4975506
etikette	4975505
zutrauen	4975504
sindbad	4975503
toledo	4975502
komplexer	4975501
obrigkeit	4975500
verknupft	4975499
ratsam	4975498
lunte	4975497
berechne	4975496
stilles	4975495
schwankt	4975494
lebensart	4975493
asa	4975492
hungerstreik	4975491
ducky	4975490
taro	4975489
rien	4975488
rollte	4975487
verrecke	4975486
anke	4975485
leuchtende	4975484
faizal	4975483
gebratene	4975482
bildmaterial	4975481
foss	4975480
par	4975479
kolumbianer	4975478
levy	4975477
peilung	4975476
funky	4975475
grashupfer	4975474
umfassende	4975473
geistreich	4975472
entsprechenden	4975471
nahkampf	4975470
raina	4975469
inger	4975468
bucky	4975467
duscht	4975466
bristol	4975465
rassisten	4975464
panikattacke	4975463
schroeder	4975462
noir	4975461
greis	4975460
dalai	4975459
abgefallen	4975458
mistress	4975457
abgefullt	4975456
dehydriert	4975455
wimpern	4975454
abzuwenden	4975453
calais	4975452
zusammenkunft	4975451
garber	4975450
uberbringer	4975449
tea	4975448
nahrt	4975447
delle	4975446
gesetzlose	4975445
vergifteten	4975444
herrentoilette	4975443
angeklagter	4975442
algen	4975441
unterdruckte	4975440
trucker	4975439
bonaparte	4975438
pflanzt	4975437
abc	4975436
annahmen	4975435
zogerst	4975434
kostbares	4975433
salve	4975432
tach	4975431
murdoch	4975430
wiederbelebt	4975429
manifest	4975428
beauchamp	4975427
abschrecken	4975426
haften	4975425
weiterzuleben	4975424
unentdeckt	4975423
witziges	4975422
othello	4975421
weitermacht	4975420
vorgarten	4975419
pacquiao	4975418
mullkippe	4975417
uberwachungsvideo	4975416
flammenwerfer	4975415
ame	4975414
jennie	4975413
ungeheure	4975412
whit	4975411
korpersprache	4975410
axl	4975409
aussendienst	4975408
geizhals	4975407
anbot	4975406
verkatert	4975405
mentalen	4975404
burokraten	4975403
rhoda	4975402
rechtlichen	4975401
burgundy	4975400
striker	4975399
corp	4975398
integrieren	4975397
diz	4975396
zugfuhrer	4975395
abstechen	4975394
tinker	4975393
reinplatzen	4975392
umgestellt	4975391
erleuchten	4975390
volkern	4975389
maynard	4975388
anal	4975387
ciark	4975386
verwendeten	4975385
elton	4975384
pai	4975383
mexikanisches	4975382
bevorzugst	4975381
eindrucke	4975380
sicherheitsfirma	4975379
kerosin	4975378
malia	4975377
gezittert	4975376
fotografiere	4975375
lavinia	4975374
bestatter	4975373
macher	4975372
schlagzeuger	4975371
zelig	4975370
burgerliche	4975369
mannschaften	4975368
erledigte	4975367
erscheinst	4975366
wandelnde	4975365
zuruckblicken	4975364
gerinnsel	4975363
portwein	4975362
lyndon	4975361
bismarck	4975360
telefonaufzeichnungen	4975359
unergrundlich	4975358
kurzeste	4975357
cannon	4975356
delfin	4975355
tortur	4975354
durchschlagen	4975353
verholfen	4975352
anklagepunkte	4975351
aufregenden	4975350
programmierer	4975349
imhotep	4975348
mutterchen	4975347
zahlreich	4975346
unterbesetzt	4975345
gehause	4975344
uberlegungen	4975343
bescheren	4975342
ichi	4975341
extremisten	4975340
tuberkulose	4975339
vedek	4975338
pal	4975337
reinkomme	4975336
erkenntlich	4975335
rangegangen	4975334
geheimdienstes	4975333
transplantat	4975332
hochstgeschwindigkeit	4975331
rehabilitation	4975330
aufrechtzuerhalten	4975329
abzusetzen	4975328
kilogramm	4975327
derjenigen	4975326
umkreisen	4975325
karla	4975324
cardiff	4975323
hauptverdachtige	4975322
banjo	4975321
bestem	4975320
entrinnen	4975319
legitim	4975318
einsiedler	4975317
rundherum	4975316
schlagereien	4975315
mahnung	4975314
dede	4975313
piste	4975312
anus	4975311
teds	4975310
adlon	4975309
dle	4975308
instandig	4975307
derzeitige	4975306
fettarsch	4975305
spul	4975304
neugeborenes	4975303
alleinstehende	4975302
befurworten	4975301
militarisch	4975300
inferno	4975299
bills	4975298
unterzubringen	4975297
angegangen	4975296
providence	4975295
falte	4975294
priscilla	4975293
ausgestrahlt	4975292
sonntagmorgen	4975291
nachrichtendienst	4975290
meet	4975289
eddi	4975288
burnett	4975287
fahrenden	4975286
comes	4975285
beschiessen	4975284
nanntest	4975283
alleinige	4975282
wutanfall	4975281
irgendwelcher	4975280
martial	4975279
stoppe	4975278
nervoser	4975277
umgebaut	4975276
notrufzentrale	4975275
chevron	4975274
barsch	4975273
epilepsie	4975272
bergmann	4975271
fingers	4975270
geboxt	4975269
passanten	4975268
auffangen	4975267
schroff	4975266
theseus	4975265
maschinendeck	4975264
kapstadt	4975263
radiosender	4975262
unangenehmes	4975261
gehoben	4975260
empfindliche	4975259
surrt	4975258
infolge	4975257
maple	4975256
gefurzt	4975255
vorbildlich	4975254
abzufangen	4975253
mado	4975252
gefalligkeiten	4975251
geber	4975250
robust	4975249
eintauchen	4975248
hausliche	4975247
nachos	4975246
rosi	4975245
zeichner	4975244
rittmeister	4975243
ausrotten	4975242
uberredete	4975241
standards	4975240
norah	4975239
ziggy	4975238
unausstehlich	4975237
rechtshander	4975236
hilferuf	4975235
diskutiere	4975234
sands	4975233
wirres	4975232
amnestie	4975231
blamage	4975230
scrooge	4975229
robb	4975228
nic	4975227
tischler	4975226
zwickmuhle	4975225
aktiver	4975224
subraum	4975223
verwickeln	4975222
lomax	4975221
wundersame	4975220
custer	4975219
dienern	4975218
springende	4975217
transfusion	4975216
lavendel	4975215
beurteile	4975214
platschert	4975213
vegetarierin	4975212
hologramme	4975211
schnauft	4975210
besoffener	4975209
praktikant	4975208
romano	4975207
falling	4975206
herumschnuffeln	4975205
kei	4975204
gaskammer	4975203
pfefferminz	4975202
arbeitslager	4975201
hochfahren	4975200
faules	4975199
mozzie	4975198
ufern	4975197
handedruck	4975196
korperlicher	4975195
tauge	4975194
dunlop	4975193
isolde	4975192
peitschen	4975191
hoherer	4975190
baumstamm	4975189
argerst	4975188
polizeibeamte	4975187
sauerkraut	4975186
heimkehren	4975185
gegnern	4975184
backt	4975183
grub	4975182
rikers	4975181
kenichi	4975180
zuruckspulen	4975179
br	4975178
ponyo	4975177
traumten	4975176
stadtrand	4975175
zusatzliches	4975174
stolpert	4975173
verbarg	4975172
stimuliert	4975171
pollo	4975170
gutaussehende	4975169
skull	4975168
waere	4975167
peperoni	4975166
geklungen	4975165
sari	4975164
bursten	4975163
verhandelbar	4975162
pfeilen	4975161
modenschau	4975160
alberner	4975159
uberbracht	4975158
vorbeikomme	4975157
erkennbar	4975156
schatzkarte	4975155
strophe	4975154
entsprach	4975153
bolt	4975152
uberzeugender	4975151
bloodberry	4975150
speak	4975149
chronicle	4975148
birdie	4975147
chefinspektor	4975146
koffern	4975145
fernandez	4975144
tancredi	4975143
nachforschen	4975142
ostsee	4975141
heimlichen	4975140
amandas	4975139
hecke	4975138
bullock	4975137
lamar	4975136
sets	4975135
bernice	4975134
hummel	4975133
wiederauferstehung	4975132
vibrator	4975131
gebeamt	4975130
fairchild	4975129
bastille	4975128
ersucht	4975127
gemeinderat	4975126
rattert	4975125
fiction	4975124
indiskret	4975123
hybrid	4975122
hiroshima	4975121
biographie	4975120
stinky	4975119
verbesserte	4975118
ultimativen	4975117
caldwell	4975116
stottern	4975115
sperrte	4975114
zier	4975113
wohlbehalten	4975112
dunst	4975111
motels	4975110
anbiete	4975109
verdursten	4975108
gegenseitigen	4975107
kahless	4975106
macpherson	4975105
arkham	4975104
born	4975103
deo	4975102
perverses	4975101
bereicherung	4975100
erblicken	4975099
beeilst	4975098
arbeitskrafte	4975097
gardiner	4975096
quebec	4975095
geisteskrankheit	4975094
scharlatan	4975093
zusammenhalt	4975092
stroud	4975091
androide	4975090
alexa	4975089
professorin	4975088
zusammenhange	4975087
automatischen	4975086
israels	4975085
delilah	4975084
kalkutta	4975083
romain	4975082
vorgange	4975081
aufrichtiges	4975080
ficker	4975079
strumpf	4975078
brauen	4975077
absorbieren	4975076
mitmachst	4975075
zwingend	4975074
sedan	4975073
hinblick	4975072
nichten	4975071
ruckstande	4975070
crusoe	4975069
nachtliche	4975068
angezettelt	4975067
reinfallen	4975066
strategisch	4975065
spange	4975064
fragmente	4975063
auszugraben	4975062
spektrum	4975061
diskriminierung	4975060
ureinwohner	4975059
gestarkt	4975058
cornell	4975057
paddeln	4975056
getrubt	4975055
brie	4975054
reifenquietschen	4975053
beschwerst	4975052
uberwachungsvideos	4975051
konservativ	4975050
nerds	4975049
militardienst	4975048
sitzend	4975047
seppel	4975046
viertes	4975045
unerlasslich	4975044
staubig	4975043
hauptgewinn	4975042
verschanzt	4975041
rothaarigen	4975040
rachefeldzug	4975039
ausfluchte	4975038
makoto	4975037
projektion	4975036
bundesagent	4975035
mechanische	4975034
projekten	4975033
egoistischer	4975032
totem	4975031
rasier	4975030
zahlten	4975029
morgans	4975028
arbeitskollegen	4975027
optimist	4975026
recep	4975025
fraktur	4975024
flop	4975023
bizarre	4975022
larsen	4975021
verdrehte	4975020
drange	4975019
wehre	4975018
atmete	4975017
nichl	4975016
scharade	4975015
boxershorts	4975014
rockwell	4975013
konfiszieren	4975012
eingeworfen	4975011
luftunterstutzung	4975010
absprung	4975009
bedauernswert	4975008
neptun	4975007
errungen	4975006
amputieren	4975005
leuchtenden	4975004
besiegeln	4975003
pinkman	4975002
obergeschoss	4975001
ihresgleichen	4975000
irres	4974999
gronland	4974998
nashville	4974997
hattie	4974996
opi	4974995
lisas	4974994
eau	4974993
rip	4974992
unverstandlicher	4974991
faires	4974990
massagen	4974989
punktzahl	4974988
humanoide	4974987
clair	4974986
lattimer	4974985
haqqani	4974984
handels	4974983
aufrichtige	4974982
skandalos	4974981
widmore	4974980
gerust	4974979
nebenwirkung	4974978
stacheln	4974977
chop	4974976
demokratisch	4974975
alisons	4974974
petey	4974973
kreta	4974972
pong	4974971
vorzugsweise	4974970
schlitzohr	4974969
cyborg	4974968
sinnlich	4974967
iange	4974966
erblickte	4974965
masuka	4974964
annemarie	4974963
anzuerkennen	4974962
overall	4974961
hufeisen	4974960
grosszugigen	4974959
arrivederci	4974958
sonnigen	4974957
abhandlung	4974956
begrub	4974955
unsinnig	4974954
tsunami	4974953
inspiziert	4974952
einmischt	4974951
delgado	4974950
vorlaufigen	4974949
feierte	4974948
mithoren	4974947
widmet	4974946
augapfel	4974945
aufzuwecken	4974944
gebrauchte	4974943
beschaftigter	4974942
feuerwache	4974941
sampson	4974940
niedergeschossen	4974939
schmitz	4974938
formt	4974937
harmony	4974936
rechnete	4974935
landei	4974934
modifizieren	4974933
detonieren	4974932
einwohnern	4974931
leiblichen	4974930
besuchern	4974929
uberfiel	4974928
fehlverhalten	4974927
hissen	4974926
kaltmachen	4974925
neandertaler	4974924
misshandlung	4974923
kumar	4974922
ladendiebstahl	4974921
kreuzfeuer	4974920
unregelmassig	4974919
bestreben	4974918
handgranate	4974917
imperiums	4974916
bedank	4974915
praktiziert	4974914
exekutieren	4974913
rontgenbild	4974912
mori	4974911
gefertigt	4974910
anging	4974909
ahnlichkeiten	4974908
zielort	4974907
badet	4974906
lausig	4974905
harkness	4974904
dawes	4974903
chardonnay	4974902
vornherein	4974901
gottheit	4974900
abwurf	4974899
innerer	4974898
hannover	4974897
claires	4974896
abstecher	4974895
bereinigt	4974894
auskunfte	4974893
vierteldollar	4974892
flennen	4974891
jordy	4974890
arts	4974889
geschwistern	4974888
implantiert	4974887
ilse	4974886
herfallen	4974885
uberrasche	4974884
leuchtfeuer	4974883
cookies	4974882
innenministerium	4974881
kriegserklarung	4974880
selbstmorde	4974879
kratze	4974878
pitch	4974877
neurologische	4974876
stank	4974875
ermoglichte	4974874
eigentumswohnung	4974873
zahler	4974872
umgesetzt	4974871
robben	4974870
konsultieren	4974869
beliebten	4974868
mads	4974867
verde	4974866
osteuropa	4974865
brauchbares	4974864
schleiche	4974863
gould	4974862
niedliche	4974861
smokey	4974860
lumpi	4974859
beurlaubt	4974858
verschmelzung	4974857
amara	4974856
diagramm	4974855
merkur	4974854
lahmgelegt	4974853
monkeys	4974852
flusterte	4974851
kalifornischen	4974850
wohltatige	4974849
auszuspionieren	4974848
raketenwerfer	4974847
flanders	4974846
zauberkraft	4974845
savage	4974844
shilling	4974843
barrys	4974842
benotigten	4974841
geschleift	4974840
zerstreuen	4974839
hagel	4974838
gesimst	4974837
schrille	4974836
gluhbirnen	4974835
eleganten	4974834
begnugen	4974833
schleusen	4974832
ros	4974831
haupttor	4974830
unterdessen	4974829
ahmt	4974828
ziellos	4974827
unverbesserlich	4974826
verpacken	4974825
zuruckzufuhren	4974824
zuzufugen	4974823
bekennt	4974822
nagt	4974821
dschinn	4974820
klicks	4974819
orientieren	4974818
temporale	4974817
abgegangen	4974816
schalldampfer	4974815
gestarrt	4974814
gemeinnutzige	4974813
bagels	4974812
projekts	4974811
gesprachs	4974810
behutet	4974809
durchkammt	4974808
mannerstimme	4974807
katakomben	4974806
eindringt	4974805
abgesandten	4974804
gehorchst	4974803
fluchtlingslager	4974802
flirt	4974801
erhebliche	4974800
standesamt	4974799
grotte	4974798
aufgelistet	4974797
innig	4974796
pao	4974795
angreifbar	4974794
bienenstock	4974793
ashton	4974792
geschrumpft	4974791
christo	4974790
entschliessen	4974789
potenziellen	4974788
hoflicher	4974787
leitest	4974786
wassermelone	4974785
abgetaucht	4974784
wenigkeit	4974783
vergonnt	4974782
briefmarke	4974781
unverheiratet	4974780
ungeschoren	4974779
extras	4974778
besuchs	4974777
benotigst	4974776
barnaby	4974775
berichteten	4974774
sudens	4974773
herzliche	4974772
buddhas	4974771
holman	4974770
sterbebett	4974769
feuerst	4974768
beibrachte	4974767
gesuchten	4974766
blackouts	4974765
erdenkliche	4974764
clement	4974763
vittorio	4974762
drein	4974761
arbeitende	4974760
primare	4974759
award	4974758
miauen	4974757
jetlag	4974756
many	4974755
pagen	4974754
trojaner	4974753
besiege	4974752
ground	4974751
rosenkranz	4974750
riesengross	4974749
dissertation	4974748
dans	4974747
fluchtlingen	4974746
bai	4974745
schmeicheleien	4974744
knebel	4974743
zuzuschlagen	4974742
virtuelle	4974741
einschlaft	4974740
soon	4974739
korps	4974738
ubereinstimmt	4974737
mitgegeben	4974736
gayle	4974735
beraterin	4974734
durchfuhrung	4974733
ausgespuckt	4974732
sechsmal	4974731
glasern	4974730
beendest	4974729
geschlupft	4974728
weggeflogen	4974727
taggart	4974726
bekehren	4974725
zypern	4974724
ratgeber	4974723
rasur	4974722
gram	4974721
kuhles	4974720
feindlich	4974719
gehaltsscheck	4974718
mavis	4974717
mulder	4974716
casars	4974715
scherereien	4974714
dip	4974713
fuentes	4974712
virginie	4974711
aufzuholen	4974710
phonix	4974709
javi	4974708
juno	4974707
suzette	4974706
drusilla	4974705
ubertrage	4974704
verscheissern	4974703
volm	4974702
testosteron	4974701
gemailt	4974700
verbandszeug	4974699
pulaski	4974698
hochgegangen	4974697
gefielen	4974696
kuwait	4974695
nessi	4974694
hintrittst	4974693
reinpassen	4974692
geltend	4974691
birch	4974690
metaphern	4974689
japoness	4974688
piss	4974687
atomkraftwerk	4974686
vermobeln	4974685
entblosst	4974684
flussufer	4974683
einfahren	4974682
keksen	4974681
dupont	4974680
refrain	4974679
gremium	4974678
mala	4974677
scheiterte	4974676
operationssaal	4974675
abgetrieben	4974674
windpocken	4974673
leerem	4974672
riesenspass	4974671
evangelium	4974670
aufmachung	4974669
grundriss	4974668
sicherheitsgurt	4974667
trampel	4974666
lir	4974665
fahrschein	4974664
kliniken	4974663
hooper	4974662
hektik	4974661
marsmenschen	4974660
schnauzbart	4974659
benjy	4974658
oak	4974657
toa	4974656
schwanzt	4974655
volllaufen	4974654
phelps	4974653
hallie	4974652
triumphieren	4974651
drop	4974650
verschleiert	4974649
verschmutzt	4974648
dojo	4974647
dreihundert	4974646
kralle	4974645
kriegsgebiet	4974644
goro	4974643
aggressiven	4974642
sami	4974641
schnuppe	4974640
hausbesuche	4974639
nomine	4974638
beaufsichtigen	4974637
voss	4974636
kurzungen	4974635
ger	4974634
christel	4974633
gescherzt	4974632
bohrt	4974631
prazedenzfall	4974630
blutegel	4974629
schulze	4974628
tusch	4974627
gepresst	4974626
gefangennahme	4974625
betatigt	4974624
maybe	4974623
sellerie	4974622
monolog	4974621
holprig	4974620
abschicken	4974619
unbegrenzt	4974618
shirts	4974617
collin	4974616
ives	4974615
silbertablett	4974614
fool	4974613
bambus	4974612
verschrecken	4974611
franzi	4974610
verfaulen	4974609
jalousien	4974608
tulpen	4974607
diktieren	4974606
verbleiben	4974605
betrachtlich	4974604
angeschissen	4974603
zeppelin	4974602
terje	4974601
gefangniszelle	4974600
meteorit	4974599
nacktheit	4974598
gee	4974597
aang	4974596
preisgeld	4974595
bezaubernden	4974594
verhohnt	4974593
sekretarinnen	4974592
begingen	4974591
gedenkst	4974590
drogerie	4974589
scotts	4974588
losbinden	4974587
irgendeines	4974586
blickfeld	4974585
begabte	4974584
rave	4974583
schwadron	4974582
austreten	4974581
initiiert	4974580
wissenschaften	4974579
sesshaft	4974578
unentschlossen	4974577
kanten	4974576
schonling	4974575
ergreife	4974574
janis	4974573
gefugig	4974572
nomad	4974571
funft	4974570
einnimmt	4974569
blies	4974568
kreuzigen	4974567
nahme	4974566
aufzubringen	4974565
zuzuschreiben	4974564
schussfeld	4974563
kaffeehaus	4974562
eingepflanzt	4974561
albino	4974560
hindeuten	4974559
quincy	4974558
hoffnungsvoll	4974557
angstigt	4974556
heimatschutz	4974555
zuruckzuzahlen	4974554
anhieb	4974553
perfect	4974552
polizeiliche	4974551
superhirn	4974550
bunten	4974549
gekrummt	4974548
sphinx	4974547
holzkopf	4974546
elektronisch	4974545
haftlingen	4974544
erhohten	4974543
halbinsel	4974542
monument	4974541
kategorien	4974540
postboten	4974539
sturms	4974538
verpatzt	4974537
angeworben	4974536
masseur	4974535
zirka	4974534
mutzen	4974533
ausnutzt	4974532
entspannter	4974531
mongo	4974530
erdnuss	4974529
massiert	4974528
damar	4974527
dagorcai	4974526
harmlosen	4974525
industriellen	4974524
trainings	4974523
ubersprungen	4974522
geruchssinn	4974521
genauigkeit	4974520
verbesserungen	4974519
spirituell	4974518
pasadena	4974517
dominik	4974516
wische	4974515
gehirntumor	4974514
lenkst	4974513
rohren	4974512
gibraltar	4974511
mutigste	4974510
wachleute	4974509
alfons	4974508
zerschneiden	4974507
jakes	4974506
familienangelegenheit	4974505
benefizveranstaltung	4974504
roxy	4974503
lyta	4974502
ausstieg	4974501
muttertag	4974500
filmten	4974499
rumgelaufen	4974498
bekummert	4974497
elmer	4974496
brando	4974495
elfi	4974494
aufmunterung	4974493
kana	4974492
landsmann	4974491
begrunden	4974490
durchdringt	4974489
mandela	4974488
erdling	4974487
lagune	4974486
grischa	4974485
talentierter	4974484
fatima	4974483
abbeissen	4974482
freisetzen	4974481
drehort	4974480
liedern	4974479
scheidungspapiere	4974478
eishockey	4974477
spinn	4974476
finanzministerium	4974475
elementen	4974474
reprasentanten	4974473
zerfleischt	4974472
ausgehungert	4974471
shauna	4974470
vollstrecker	4974469
talia	4974468
nigeria	4974467
drogendezernat	4974466
quiekt	4974465
detaillierte	4974464
streitigkeiten	4974463
hingerissen	4974462
watkins	4974461
flippen	4974460
gesaugt	4974459
waldemar	4974458
sirena	4974457
missfallen	4974456
buona	4974455
romulanischen	4974454
begleitete	4974453
zehenspitzen	4974452
abrakadabra	4974451
mathison	4974450
komponente	4974449
besserwisser	4974448
verheerend	4974447
sterilisieren	4974446
grundet	4974445
stickig	4974444
portia	4974443
animal	4974442
hinkommt	4974441
hypotheken	4974440
interdicted	4974439
wickie	4974438
soldier	4974437
alls	4974436
waffenlager	4974435
bettes	4974434
mekka	4974433
geschrieen	4974432
dieu	4974431
bewerbungen	4974430
besassen	4974429
dill	4974428
ruckenschmerzen	4974427
nikolaj	4974426
serbien	4974425
dialyse	4974424
dundee	4974423
burgerwehr	4974422
bijou	4974421
schizophren	4974420
mysterien	4974419
zustandige	4974418
garantien	4974417
luciano	4974416
plastische	4974415
zusammenhangt	4974414
wiederzukommen	4974413
rahul	4974412
sandrine	4974411
bueno	4974410
mariana	4974409
sauberkeit	4974408
ese	4974407
splitternackt	4974406
erbarmliches	4974405
drazen	4974404
armbanduhr	4974403
geluftet	4974402
everest	4974401
strukturelle	4974400
terroristin	4974399
festmachen	4974398
suspendieren	4974397
exotischen	4974396
waisenkinder	4974395
discovery	4974394
entspannend	4974393
nemesis	4974392
maskierten	4974391
trav	4974390
bevorstehende	4974389
zusammenarbeitet	4974388
senkrecht	4974387
abscheulichkeit	4974386
platschen	4974385
sporthalle	4974384
anzapfen	4974383
schaft	4974382
broken	4974381
potentielle	4974380
streits	4974379
cinco	4974378
grausames	4974377
mckinley	4974376
marvel	4974375
janus	4974374
tolerant	4974373
organischen	4974372
irdische	4974371
tatsachliche	4974370
folie	4974369
orgasmen	4974368
abzweigung	4974367
salaam	4974366
folg	4974365
einzuschuchtern	4974364
geschickter	4974363
vergewaltigungen	4974362
rekorde	4974361
dagewesen	4974360
exfreund	4974359
carlyle	4974358
lebensmitteln	4974357
iggy	4974356
anzweifeln	4974355
rasiere	4974354
winkler	4974353
connelly	4974352
aktivierung	4974351
muttersohnchen	4974350
gonner	4974349
koreanischen	4974348
uberrollt	4974347
notice	4974346
formell	4974345
domingo	4974344
kriegs	4974343
kunstliches	4974342
moskitos	4974341
monsters	4974340
heimsuchen	4974339
zartes	4974338
mitzi	4974337
pornografie	4974336
harpo	4974335
spekuliert	4974334
uberladen	4974333
spartaner	4974332
schmerzhafte	4974331
kalli	4974330
tylers	4974329
petit	4974328
eingestochen	4974327
strafregister	4974326
gebongt	4974325
abhole	4974324
millennium	4974323
unterschlagen	4974322
kneipen	4974321
humanoiden	4974320
touche	4974319
wuerde	4974318
knifflig	4974317
bezwungen	4974316
nelken	4974315
abgeschlagen	4974314
erlischt	4974313
ew	4974312
halbtot	4974311
ausbruche	4974310
texten	4974309
verstorend	4974308
dumpfe	4974307
rebecka	4974306
heroes	4974305
hymne	4974304
olivers	4974303
mega	4974302
stormy	4974301
unterstutzer	4974300
familiengeschichte	4974299
rome	4974298
gringos	4974297
danni	4974296
sektoren	4974295
hilflose	4974294
bordstein	4974293
abruf	4974292
eriksson	4974291
ewa	4974290
kontrollzentrum	4974289
paradox	4974288
horbar	4974287
verschmiert	4974286
elenas	4974285
eklige	4974284
geschaftsfrau	4974283
stumper	4974282
lebenswert	4974281
pflock	4974280
graffiti	4974279
militarpolizei	4974278
ftl	4974277
fleht	4974276
sifu	4974275
pustet	4974274
anhatte	4974273
gleichungen	4974272
carr	4974271
unstimmigkeiten	4974270
stammgast	4974269
ampullen	4974268
stumpfe	4974267
kaufman	4974266
meidet	4974265
rotz	4974264
ersetze	4974263
charmanter	4974262
klammert	4974261
umbau	4974260
fahrwerk	4974259
whale	4974258
diszipliniert	4974257
uberbleibsel	4974256
weichst	4974255
verpfuscht	4974254
aufsammeln	4974253
achso	4974252
schlafenden	4974251
getrostet	4974250
audio	4974249
virge	4974248
johnsons	4974247
samuels	4974246
genahrt	4974245
coral	4974244
prasidentschaft	4974243
vermahlen	4974242
wackelpudding	4974241
soviele	4974240
verfugbare	4974239
heat	4974238
stokes	4974237
franziska	4974236
gerissener	4974235
rhett	4974234
nominierung	4974233
zusammengehalten	4974232
salutieren	4974231
syncro	4974230
crewmitglied	4974229
aufdrehen	4974228
sutherland	4974227
wohnhaft	4974226
schienst	4974225
rodin	4974224
anlegst	4974223
schlaflose	4974222
akute	4974221
geistliche	4974220
sonnabend	4974219
garner	4974218
madchennamen	4974217
brewer	4974216
sechster	4974215
taschendieb	4974214
qu	4974213
spargel	4974212
aufgeblasen	4974211
arden	4974210
analysiere	4974209
hemisphare	4974208
phalanx	4974207
matisse	4974206
shui	4974205
uncle	4974204
verbogen	4974203
logischen	4974202
martinsson	4974201
flugplan	4974200
caution	4974199
forensischen	4974198
franzl	4974197
andeutung	4974196
braven	4974195
fessel	4974194
enthoben	4974193
danen	4974192
erdruckt	4974191
verletzend	4974190
baseballspieler	4974189
herberge	4974188
stuntman	4974187
spottisch	4974186
wachsende	4974185
behandelten	4974184
kevins	4974183
wehrst	4974182
mountains	4974181
brandung	4974180
staudamm	4974179
steigend	4974178
verschaffte	4974177
abfuhr	4974176
same	4974175
bubi	4974174
abzuwehren	4974173
beruhigst	4974172
navarro	4974171
conor	4974170
hereinkam	4974169
horrorfilme	4974168
saatgut	4974167
csi	4974166
vorraten	4974165
richardson	4974164
abgewischt	4974163
luxemburg	4974162
forces	4974161
bullet	4974160
familientradition	4974159
verlieh	4974158
laufschritt	4974157
auszuwahlen	4974156
pik	4974155
brieftaschen	4974154
crowe	4974153
knights	4974152
leidenschaftlicher	4974151
anbrennen	4974150
dinnerparty	4974149
edinburgh	4974148
einwerfen	4974147
pferdeschwanz	4974146
verwohnte	4974145
horensagen	4974144
gu	4974143
antimaterie	4974142
hulse	4974141
ausladen	4974140
chamberlain	4974139
step	4974138
erweiterung	4974137
shatterhand	4974136
donau	4974135
einfugen	4974134
schatzsuche	4974133
hintergrunde	4974132
bulldozer	4974131
pelt	4974130
kandidiere	4974129
polizeibeamten	4974128
wish	4974127
nim	4974126
tippt	4974125
anthropologie	4974124
eigenartiges	4974123
blinker	4974122
erringen	4974121
eintrittskarten	4974120
fummeln	4974119
shephard	4974118
nachspiel	4974117
gewandelt	4974116
zocken	4974115
ruckspiegel	4974114
spotten	4974113
halstuch	4974112
mitgegangen	4974111
kunststuck	4974110
betrete	4974109
etappe	4974108
ausgewechselt	4974107
beruhmtheiten	4974106
tiefere	4974105
empfanglich	4974104
outfits	4974103
durchschaue	4974102
aung	4974101
perversion	4974100
senioren	4974099
angemessener	4974098
rygel	4974097
jurastudium	4974096
handbremse	4974095
vergleicht	4974094
jahrtausend	4974093
wise	4974092
willste	4974091
maskenball	4974090
akademiker	4974089
zee	4974088
kun	4974087
winke	4974086
utopia	4974085
pensionierung	4974084
orsini	4974083
elisa	4974082
dada	4974081
gleichberechtigung	4974080
sicherheitsteam	4974079
glich	4974078
anstrengender	4974077
unterliegen	4974076
komitees	4974075
uberraschende	4974074
goodwin	4974073
ironischerweise	4974072
enrico	4974071
kontinuum	4974070
liiert	4974069
gefahrt	4974068
erweiterte	4974067
diplomatisch	4974066
oaks	4974065
hexenjagd	4974064
erics	4974063
pingelig	4974062
qualifikation	4974061
yoda	4974060
kap	4974059
vagabund	4974058
vorhersage	4974057
unehrenhaft	4974056
zugesetzt	4974055
ekelhafte	4974054
dickens	4974053
braxton	4974052
piotziich	4974051
navi	4974050
kronjuwelen	4974049
naherte	4974048
buchte	4974047
kanarienvogel	4974046
nyberg	4974045
lenz	4974044
kreml	4974043
zustimme	4974042
einschranken	4974041
untergekommen	4974040
leonie	4974039
heylia	4974038
collette	4974037
auszurichten	4974036
thorndyke	4974035
dauerhaften	4974034
bakersfield	4974033
arlington	4974032
raums	4974031
geheiss	4974030
gemuter	4974029
gallo	4974028
wegpusten	4974027
verworfen	4974026
konvention	4974025
bungalow	4974024
auswechseln	4974023
medina	4974022
those	4974021
welcome	4974020
ankara	4974019
rockt	4974018
gemeinsamkeit	4974017
blutlinie	4974016
dschihad	4974015
sonnenstrahl	4974014
ibrahim	4974013
platin	4974012
polster	4974011
verteidigte	4974010
unterworfen	4974009
begeisterte	4974008
anzetteln	4974007
karamell	4974006
vollstreckt	4974005
avalon	4974004
argernis	4974003
glumpf	4974002
deena	4974001
umzusehen	4974000
beacon	4973999
agenturen	4973998
christophe	4973997
zuruckzuverfolgen	4973996
pancho	4973995
unfehlbar	4973994
starkung	4973993
konkurs	4973992
durand	4973991
erahnen	4973990
quick	4973989
reptilien	4973988
trockener	4973987
dumbo	4973986
seitens	4973985
mittelmassig	4973984
verwesung	4973983
alans	4973982
desinfizieren	4973981
dim	4973980
leach	4973979
personalakte	4973978
bannen	4973977
dowd	4973976
goldstein	4973975
passion	4973974
gluhenden	4973973
uberfielen	4973972
lichtschalter	4973971
loschte	4973970
emmas	4973969
jukebox	4973968
verdeck	4973967
lehrplan	4973966
hani	4973965
quill	4973964
mitfliegen	4973963
reinige	4973962
bezweifelt	4973961
uberschrieben	4973960
ubernachtung	4973959
scharen	4973958
getrennten	4973957
absolviert	4973956
gerissene	4973955
physiologie	4973954
befehlskette	4973953
zarek	4973952
forensiker	4973951
wc	4973950
kombinationen	4973949
pokerspiel	4973948
diabetiker	4973947
todkrank	4973946
humbug	4973945
garvey	4973944
silbe	4973943
excalibur	4973942
einlochen	4973941
erhaltung	4973940
bekloppte	4973939
postieren	4973938
vereinfachen	4973937
foxy	4973936
holbrook	4973935
probeaufnahmen	4973934
begnadigen	4973933
irmgard	4973932
somebody	4973931
flosse	4973930
regenwald	4973929
katrine	4973928
giacomo	4973927
ausreicht	4973926
brogan	4973925
registriere	4973924
cbi	4973923
rohes	4973922
wiederzubeleben	4973921
chic	4973920
rogue	4973919
gendarmen	4973918
kitchen	4973917
aufzeigen	4973916
konstante	4973915
klarzumachen	4973914
unermudlich	4973913
allerletzten	4973912
ablenkt	4973911
unterrichtete	4973910
einfaltspinsel	4973909
boat	4973908
vorzeigen	4973907
turteltaubchen	4973906
simplen	4973905
qualle	4973904
geheimdienste	4973903
verfuttern	4973902
stockchen	4973901
mitspielt	4973900
schh	4973899
skywalker	4973898
brecheisen	4973897
gnadiges	4973896
eiskalte	4973895
zeitweise	4973894
verachtlich	4973893
schlussfolgerungen	4973892
takumi	4973891
korrekturen	4973890
trude	4973889
colton	4973888
davonzulaufen	4973887
fifi	4973886
gezahmt	4973885
getrocknet	4973884
ministerin	4973883
alben	4973882
konfuzius	4973881
meide	4973880
auszug	4973879
sonderbehandlung	4973878
menschlichem	4973877
ausgestreckt	4973876
homos	4973875
zumuten	4973874
ent	4973873
sox	4973872
geraumer	4973871
phanomene	4973870
pepsi	4973869
kellnern	4973868
rapide	4973867
fahnden	4973866
rechtsabteilung	4973865
israelischen	4973864
burrell	4973863
schlusselloch	4973862
angepiept	4973861
dreifacher	4973860
datiert	4973859
boca	4973858
kenshin	4973857
kinderkram	4973856
gravitation	4973855
tafeln	4973854
gunstigen	4973853
ballade	4973852
schrager	4973851
steuergelder	4973850
aaaah	4973849
loco	4973848
wunderland	4973847
series	4973846
hinauszogern	4973845
zusammenfassen	4973844
cady	4973843
notigste	4973842
angler	4973841
wickelt	4973840
aggressionen	4973839
schlussstrich	4973838
hyanen	4973837
maui	4973836
reinsten	4973835
frauenzimmer	4973834
tia	4973833
cartoon	4973832
komponisten	4973831
beschutzte	4973830
heli	4973829
thrace	4973828
lich	4973827
sonntagabend	4973826
ganove	4973825
platzte	4973824
lilie	4973823
ohnezahn	4973822
mechanik	4973821
verdunkelt	4973820
podest	4973819
aufschrift	4973818
tanny	4973817
shiro	4973816
gutmutig	4973815
hindeutet	4973814
verwusten	4973813
lebenserwartung	4973812
zuruckfliegen	4973811
generalsekretar	4973810
cabo	4973809
slums	4973808
fehlanzeige	4973807
zuruckgetreten	4973806
pip	4973805
gefangnisses	4973804
raumst	4973803
tuco	4973802
vorbeigegangen	4973801
chiana	4973800
einzureden	4973799
eagles	4973798
gangen	4973797
ozzie	4973796
bezeugt	4973795
oberschwester	4973794
papperlapapp	4973793
serizawa	4973792
unterlaufen	4973791
empfindungen	4973790
krisen	4973789
handele	4973788
mitbekommt	4973787
hulsen	4973786
gnadigen	4973785
chao	4973784
todliches	4973783
scudder	4973782
drohe	4973781
liegestutze	4973780
schwelgen	4973779
vorladen	4973778
unheimlicher	4973777
meghan	4973776
wolff	4973775
vorgewarnt	4973774
someone	4973773
bertin	4973772
kurieren	4973771
vibrationen	4973770
schwachlinge	4973769
bemerkenswerten	4973768
kontrollierst	4973767
fussabdruck	4973766
transportmittel	4973765
asteroid	4973764
prachtiger	4973763
toole	4973762
moralischer	4973761
verstauen	4973760
sprechstunde	4973759
else	4973758
toupet	4973757
ohlsson	4973756
filialen	4973755
weihen	4973754
notigung	4973753
beug	4973752
dear	4973751
replizieren	4973750
fettwanst	4973749
aufregst	4973748
elektroschocks	4973747
schrumpft	4973746
begrenzen	4973745
apfelsaft	4973744
erpicht	4973743
lombard	4973742
liegenlassen	4973741
liebeslied	4973740
hirten	4973739
positioniert	4973738
mojo	4973737
alia	4973736
tanzchen	4973735
ausgebildeter	4973734
startbahn	4973733
copperfield	4973732
angefallen	4973731
schott	4973730
katheter	4973729
sicherheitsfreigabe	4973728
circus	4973727
prapariert	4973726
filmmusik	4973725
zopfe	4973724
minneapolis	4973723
emmanuel	4973722
morderischen	4973721
muhelos	4973720
wassermann	4973719
kayla	4973718
ungewohnt	4973717
schwerpunkt	4973716
familienvater	4973715
eingeplant	4973714
bergauf	4973713
geratst	4973712
unweigerlich	4973711
kampflos	4973710
nicholson	4973709
carters	4973708
kaiserreich	4973707
ermutigend	4973706
taschenmesser	4973705
rinde	4973704
staunst	4973703
nellie	4973702
botschafters	4973701
ignorierte	4973700
zuzustimmen	4973699
sehkraft	4973698
hervorgebracht	4973697
kimble	4973696
beast	4973695
verschissene	4973694
chunk	4973693
begluckt	4973692
segnet	4973691
schienbein	4973690
heimkommt	4973689
annehmlichkeiten	4973688
goldig	4973687
weihe	4973686
kerstin	4973685
gemacher	4973684
zubehor	4973683
unverschamte	4973682
aufregendste	4973681
flieder	4973680
konservativen	4973679
rasseln	4973678
menschenblut	4973677
untermieter	4973676
antreibt	4973675
barrikaden	4973674
stuttgart	4973673
hennen	4973672
anger	4973671
harv	4973670
kuli	4973669
rechtschaffenheit	4973668
mucho	4973667
schuldigern	4973666
saug	4973665
schwachpunkt	4973664
einschaltquoten	4973663
anspielungen	4973662
tusse	4973661
einzufuhren	4973660
hud	4973659
allerwichtigste	4973658
hodge	4973657
entschadigt	4973656
hilly	4973655
cetera	4973654
beschreibungen	4973653
rei	4973652
durchfahren	4973651
glaubige	4973650
columbo	4973649
gottlieb	4973648
schuttle	4973647
clooney	4973646
erstatte	4973645
burgerrechte	4973644
montague	4973643
globe	4973642
caspere	4973641
paule	4973640
eindeutigen	4973639
dementsprechend	4973638
gaia	4973637
krimis	4973636
knackig	4973635
einschlagt	4973634
riesenfehler	4973633
vaterschaft	4973632
wirtschaftlichen	4973631
fuji	4973630
pochen	4973629
herumzulaufen	4973628
eingenickt	4973627
schwacht	4973626
unublich	4973625
raubte	4973624
zentralbank	4973623
chihuahua	4973622
archaologie	4973621
tyrion	4973620
unternimmst	4973619
eiszeit	4973618
erschreckst	4973617
eingeflogen	4973616
mullwagen	4973615
rumschlagen	4973614
fuzzy	4973613
geigenmusik	4973612
bjarne	4973611
werbespots	4973610
borsenmakler	4973609
vorletzte	4973608
tieferen	4973607
einschnitt	4973606
verankert	4973605
walzen	4973604
farnsworth	4973603
explosiv	4973602
zusammenschlagen	4973601
wich	4973600
gefunkt	4973599
veum	4973598
kurzlichen	4973597
grammatik	4973596
maskiert	4973595
mammut	4973594
ratselhafte	4973593
bb	4973592
fielding	4973591
auszukommen	4973590
delphin	4973589
reproduzieren	4973588
unwesen	4973587
anbau	4973586
pauli	4973585
computers	4973584
gump	4973583
italienerin	4973582
respektlosigkeit	4973581
erwache	4973580
sommersprossen	4973579
gouvernante	4973578
lenden	4973577
komplikation	4973576
weltlichen	4973575
sprengsatz	4973574
lamont	4973573
bit	4973572
carli	4973571
durchsuchten	4973570
burge	4973569
beizuwohnen	4973568
totenschein	4973567
sprengkopfe	4973566
chemisch	4973565
umhin	4973564
pour	4973563
krautern	4973562
bettelte	4973561
basisschiff	4973560
abgezockt	4973559
bagger	4973558
bekanntmachung	4973557
anhang	4973556
rausgehst	4973555
anwohner	4973554
besitzes	4973553
gegoogelt	4973552
udon	4973551
nami	4973550
durchbohren	4973549
hausschuhe	4973548
dienstboten	4973547
menelaos	4973546
stunts	4973545
beamer	4973544
durchstellen	4973543
geisteszustand	4973542
todesengel	4973541
lf	4973540
zuhalten	4973539
beliebigen	4973538
schlaftablette	4973537
frettchen	4973536
banzai	4973535
trostlich	4973534
ammoniak	4973533
zuweilen	4973532
verteidigungslinie	4973531
rhea	4973530
ampeln	4973529
told	4973528
ausgeubt	4973527
rune	4973526
quartett	4973525
abfuhrmittel	4973524
haien	4973523
thefaceofboe	4973522
fahrplan	4973521
johannesburg	4973520
unerkannt	4973519
gesat	4973518
hangematte	4973517
spurten	4973516
arbeitsamt	4973515
unangemeldet	4973514
brahms	4973513
cabot	4973512
temperamentvoll	4973511
magnetischen	4973510
kutte	4973509
crewman	4973508
schlachthof	4973507
akkord	4973506
erschaffer	4973505
bezog	4973504
kastriert	4973503
zerbrochenen	4973502
zuzulassen	4973501
steril	4973500
peinlicher	4973499
fugung	4973498
intellektueller	4973497
harveys	4973496
derartig	4973495
urban	4973494
wrestling	4973493
kronos	4973492
rute	4973491
eat	4973490
euretwegen	4973489
erschufen	4973488
rochelle	4973487
bauplane	4973486
gahnen	4973485
attackieren	4973484
zauberwort	4973483
jang	4973482
abrahams	4973481
peseten	4973480
roma	4973479
zorns	4973478
gebrullt	4973477
hammel	4973476
sasori	4973475
manor	4973474
stottlemeyer	4973473
alastair	4973472
amazing	4973471
todernst	4973470
uberfalls	4973469
hartmann	4973468
mangelnde	4973467
heulte	4973466
biege	4973465
zertreten	4973464
punks	4973463
blutspur	4973462
richtern	4973461
beweglich	4973460
universen	4973459
vereinbarungen	4973458
komplexen	4973457
peach	4973456
winger	4973455
heimreise	4973454
strahlenden	4973453
erhaltlich	4973452
jahrelange	4973451
fouquet	4973450
klunker	4973449
hochachtungsvoll	4973448
morser	4973447
jubelrufe	4973446
nerz	4973445
positiver	4973444
allererst	4973443
beleben	4973442
militarisches	4973441
nostalgie	4973440
egoistische	4973439
ekligen	4973438
streiks	4973437
seal	4973436
komodien	4973435
fifth	4973434
gefangenenlager	4973433
quantico	4973432
golfschlager	4973431
auslandern	4973430
bareil	4973429
pilzen	4973428
rigsby	4973427
abhanden	4973426
dumpfbacke	4973425
manschettenknopfe	4973424
auspuff	4973423
landon	4973422
unternehme	4973421
elektrischer	4973420
schussweite	4973419
vollkommener	4973418
schweigend	4973417
quiz	4973416
housewives	4973415
heimtuckisch	4973414
reichst	4973413
grabst	4973412
vordringen	4973411
vertagen	4973410
basierte	4973409
kampflaute	4973408
verlagern	4973407
entjungfert	4973406
imponieren	4973405
lexikon	4973404
koreanisch	4973403
flausen	4973402
stieftochter	4973401
ungesehen	4973400
mayhew	4973399
auftauche	4973398
eugen	4973397
britisch	4973396
hagrid	4973395
selbstjustiz	4973394
schlaflied	4973393
schnucki	4973392
idefix	4973391
vietnamesen	4973390
panzern	4973389
codewort	4973388
squad	4973387
krabbeln	4973386
coo	4973385
jacksonville	4973384
heintje	4973383
irish	4973382
mano	4973381
befehligt	4973380
hochjagen	4973379
kunstlerisch	4973378
winchesters	4973377
aufwischen	4973376
zwitschert	4973375
cunningham	4973374
spielzeit	4973373
bitches	4973372
salinger	4973371
begrenzten	4973370
violett	4973369
ausschlagen	4973368
unbedeutende	4973367
bevorzugte	4973366
hackte	4973365
plattfuss	4973364
zahlenmassig	4973363
einhalt	4973362
erntet	4973361
anhat	4973360
fuhrungskrafte	4973359
fratze	4973358
grinch	4973357
teamwork	4973356
dodd	4973355
wissenschaftliches	4973354
vertigo	4973353
bonsoir	4973352
lower	4973351
messers	4973350
angedockt	4973349
frohlichkeit	4973348
widerst	4973347
exklusive	4973346
australier	4973345
mitmache	4973344
kleineres	4973343
steppe	4973342
andromeda	4973341
gase	4973340
prachtkerl	4973339
vermassel	4973338
kendal	4973337
felle	4973336
faszination	4973335
windmuhle	4973334
fromme	4973333
lassiter	4973332
schulabschluss	4973331
tauch	4973330
ernstfall	4973329
bezirzt	4973328
unterwerfung	4973327
gwendolyn	4973326
raufgehen	4973325
fanta	4973324
uberlebenschance	4973323
theatre	4973322
grubchen	4973321
qualifikationen	4973320
whole	4973319
eloise	4973318
niles	4973317
todesliste	4973316
loslasst	4973315
matthaus	4973314
hatch	4973313
upgrade	4973312
faulheit	4973311
fussballer	4973310
freudige	4973309
med	4973308
familienname	4973307
gefrorene	4973306
veroffentlichte	4973305
aufschieben	4973304
rechtssystem	4973303
gekappt	4973302
handelten	4973301
medusa	4973300
johnnys	4973299
slips	4973298
hecken	4973297
riecher	4973296
marlow	4973295
durchfuhrt	4973294
nische	4973293
zuvorgekommen	4973292
stech	4973291
befugnisse	4973290
trisha	4973289
endstadium	4973288
ebba	4973287
neugeborene	4973286
aasgeier	4973285
ela	4973284
vertragst	4973283
racer	4973282
odie	4973281
spionen	4973280
geldprobleme	4973279
verprugelte	4973278
anzumachen	4973277
schniedel	4973276
striptease	4973275
zufriedenstellend	4973274
anmerkungen	4973273
borge	4973272
landeanflug	4973271
schlepper	4973270
synchron	4973269
kubus	4973268
funker	4973267
harmonische	4973266
reimen	4973265
sit	4973264
found	4973263
untertrieben	4973262
kondition	4973261
kuriere	4973260
ubersetze	4973259
tropfchen	4973258
dreckloch	4973257
foltert	4973256
myself	4973255
bologna	4973254
schamgefuhl	4973253
speisewagen	4973252
schund	4973251
pitbull	4973250
lauras	4973249
theaters	4973248
ungutes	4973247
voreinander	4973246
saudi	4973245
looking	4973244
ordnete	4973243
hinzukriegen	4973242
flirtest	4973241
talking	4973240
einzukaufen	4973239
freches	4973238
kutschen	4973237
kriegsende	4973236
saftige	4973235
maat	4973234
zeugnisse	4973233
retterin	4973232
fertiggestellt	4973231
beluge	4973230
ampulle	4973229
bohnenstange	4973228
mineralien	4973227
wiederholungen	4973226
abschiedsparty	4973225
geistiger	4973224
ausradiert	4973223
fernsehserie	4973222
bedurftigen	4973221
auszufullen	4973220
cafes	4973219
genialitat	4973218
checkst	4973217
junction	4973216
zitterte	4973215
wespe	4973214
ricks	4973213
button	4973212
daley	4973211
haarig	4973210
trunk	4973209
untersuchten	4973208
ehepartner	4973207
hintergeht	4973206
dm	4973205
script	4973204
volleyball	4973203
sellers	4973202
wanderst	4973201
nachbesprechung	4973200
versklavt	4973199
jonglieren	4973198
theta	4973197
angebaggert	4973196
bestatigten	4973195
organisiertes	4973194
beruchtigt	4973193
schokoladenkuchen	4973192
kapern	4973191
unangenehmer	4973190
schonheitssalon	4973189
nachprufen	4973188
akbar	4973187
next	4973186
bestellten	4973185
befehlt	4973184
schnauzer	4973183
geeigneter	4973182
loker	4973181
kerbe	4973180
bewerfen	4973179
versperren	4973178
ausraumen	4973177
uberprufst	4973176
sona	4973175
bagchi	4973174
chiang	4973173
formwandler	4973172
verschutten	4973171
mutiert	4973170
vertiefen	4973169
alleinsein	4973168
promenade	4973167
feuerleiter	4973166
schaun	4973165
artur	4973164
unbewohnt	4973163
exquisit	4973162
tatsachlichen	4973161
rocket	4973160
minze	4973159
etabliert	4973158
khaleesi	4973157
akkorde	4973156
mouna	4973155
raubern	4973154
shug	4973153
begab	4973152
fehltritt	4973151
hebraer	4973150
zuzuschauen	4973149
versetz	4973148
weihrauch	4973147
mittelalterliche	4973146
abgewohnen	4973145
paparazzi	4973144
romulanern	4973143
nachtschatten	4973142
roach	4973141
mechanischen	4973140
feuerwehrleute	4973139
bezeichnete	4973138
sperrstunde	4973137
sorgten	4973136
klinisch	4973135
voraussehen	4973134
scherzkeks	4973133
deckst	4973132
grat	4973131
petrov	4973130
odum	4973129
harpune	4973128
zobelle	4973127
gondel	4973126
anlauf	4973125
abfallen	4973124
runterbringen	4973123
mikroben	4973122
herumstehen	4973121
enzyklopadie	4973120
weltmeisterschaft	4973119
umgehort	4973118
entsenden	4973117
mattie	4973116
wiegst	4973115
versuchungen	4973114
perspektiven	4973113
beherbergt	4973112
klinischen	4973111
kaylie	4973110
schaltest	4973109
erbeutet	4973108
serien	4973107
timo	4973106
bitterkeit	4973105
kameradschaft	4973104
verstosse	4973103
vergangenes	4973102
market	4973101
aufmischen	4973100
kriegerin	4973099
deanie	4973098
mitunter	4973097
libyen	4973096
gru	4973095
leichensack	4973094
frey	4973093
braga	4973092
kreativer	4973091
abbrennen	4973090
sweatshirt	4973089
orkan	4973088
rumgehangen	4973087
umkreist	4973086
haynes	4973085
hinreissen	4973084
dampfbad	4973083
nachschlagen	4973082
sumpfe	4973081
angesehenen	4973080
passworter	4973079
aufzubewahren	4973078
dozent	4973077
erdal	4973076
forderten	4973075
soames	4973074
deckard	4973073
wehmutige	4973072
speere	4973071
blindes	4973070
hobbit	4973069
andys	4973068
zehntausende	4973067
entmutigen	4973066
geschmuckt	4973065
frederik	4973064
triumphale	4973063
stundlich	4973062
uberzeugende	4973061
weglauft	4973060
wechselst	4973059
fertigzumachen	4973058
bildlich	4973057
ausgeschieden	4973056
tapferes	4973055
quagmire	4973054
rage	4973053
mobilisiert	4973052
galle	4973051
verkorpern	4973050
gegebenen	4973049
ministers	4973048
starkem	4973047
caris	4973046
bezichtigt	4973045
reece	4973044
grobian	4973043
losschicken	4973042
mohren	4973041
cato	4973040
ravens	4973039
begehe	4973038
hansson	4973037
grossartigste	4973036
gedeiht	4973035
armenier	4973034
sinnloses	4973033
bemerkbar	4973032
evas	4973031
bowlingbahn	4973030
ausgeschlagen	4973029
frischem	4973028
abwimmeln	4973027
yamamoto	4973026
kotflugel	4973025
diva	4973024
quarks	4973023
annullieren	4973022
kognak	4973021
rumschnuffeln	4973020
yun	4973019
marleen	4973018
erzurnt	4973017
teuersten	4973016
knalle	4973015
brauerei	4973014
killt	4973013
zwischenfalle	4973012
cilly	4973011
automat	4973010
rennens	4973009
flugzeugtrager	4973008
fangfrage	4973007
nutz	4973006
hungriger	4973005
bierko	4973004
schmackhaft	4973003
gummibarchen	4973002
astronomie	4973001
selbsthilfegruppe	4973000
ssen	4972999
medford	4972998
sturmer	4972997
zweitausend	4972996
aufgeregte	4972995
verschossen	4972994
fruhes	4972993
anregend	4972992
abendkleid	4972991
hinterhaltiger	4972990
klitoris	4972989
charity	4972988
banana	4972987
zeichnest	4972986
hendrik	4972985
chappelle	4972984
versah	4972983
schwanken	4972982
fresst	4972981
beschuldigten	4972980
fixieren	4972979
gemeistert	4972978
bestiegen	4972977
gehweg	4972976
marino	4972975
mietete	4972974
fruhzeitig	4972973
feindlicher	4972972
hoffnungslosen	4972971
eeg	4972970
geschahen	4972969
fernbleiben	4972968
ausgelaugt	4972967
erliegen	4972966
zerdruckt	4972965
melville	4972964
sudliche	4972963
sosuke	4972962
rosita	4972961
dussel	4972960
tulsa	4972959
colonial	4972958
schusseln	4972957
stromversorgung	4972956
momentanen	4972955
kontrollpunkt	4972954
hodges	4972953
galant	4972952
blumenladen	4972951
zermalmen	4972950
weltordnung	4972949
vollbringt	4972948
pflichtverteidiger	4972947
bemuh	4972946
entbindung	4972945
walhalla	4972944
mitgefahren	4972943
vorgaben	4972942
gefangnisstrafe	4972941
stammelt	4972940
nitro	4972939
abbezahlt	4972938
schweitzer	4972937
wustling	4972936
abschlussklasse	4972935
liesl	4972934
entschuldigte	4972933
blasse	4972932
beordert	4972931
kardinale	4972930
nachweis	4972929
klebte	4972928
nebenher	4972927
etablissement	4972926
groupies	4972925
frommen	4972924
irgendwelches	4972923
armenhaus	4972922
relaxen	4972921
ubte	4972920
dci	4972919
weibliches	4972918
abzieht	4972917
geschlechtskrankheiten	4972916
gesenkt	4972915
motorboot	4972914
area	4972913
diversen	4972912
konsum	4972911
flirte	4972910
vorzugeben	4972909
visuellen	4972908
zahllose	4972907
stadtische	4972906
anschlagen	4972905
windes	4972904
rauskriegt	4972903
unaufhaltsam	4972902
demzufolge	4972901
unkompliziert	4972900
augenbraue	4972899
healy	4972898
deirdre	4972897
abgestochen	4972896
abgestossen	4972895
child	4972894
feldherr	4972893
verlassenes	4972892
russlands	4972891
klos	4972890
steuererklarung	4972889
norgeln	4972888
rittern	4972887
gardens	4972886
gant	4972885
anbehalten	4972884
strassenlarm	4972883
schabige	4972882
boshaft	4972881
erneuerung	4972880
anhangern	4972879
kuchenchef	4972878
versetze	4972877
fensterladen	4972876
bloken	4972875
asami	4972874
range	4972873
schulgeld	4972872
verne	4972871
carls	4972870
zuwendung	4972869
beifahrersitz	4972868
bretagne	4972867
jessup	4972866
vogels	4972865
homerun	4972864
feststellung	4972863
vorhergesehen	4972862
killian	4972861
uli	4972860
schwachste	4972859
getose	4972858
neurale	4972857
auftragsmorder	4972856
fernsteuerung	4972855
vorausgesehen	4972854
stillschweigen	4972853
kuhlt	4972852
chamaleon	4972851
verantwortungsvoll	4972850
sezieren	4972849
eisigen	4972848
flussen	4972847
investment	4972846
iraner	4972845
murmeltier	4972844
aufleben	4972843
beige	4972842
jia	4972841
effie	4972840
mans	4972839
losmachen	4972838
unterkommen	4972837
oral	4972836
late	4972835
veranlagt	4972834
reinkarnation	4972833
exfreundin	4972832
fotoapparat	4972831
jammerliche	4972830
zweifelte	4972829
auftanken	4972828
neugierigen	4972827
tiefgrundig	4972826
zeitliche	4972825
elixier	4972824
geschaltet	4972823
moll	4972822
zuruckgeht	4972821
unze	4972820
patentante	4972819
turin	4972818
racine	4972817
befruchtung	4972816
motelzimmer	4972815
kau	4972814
lupus	4972813
rc	4972812
segelboot	4972811
hurenbock	4972810
keime	4972809
forelle	4972808
stimulieren	4972807
paramount	4972806
sudstaatler	4972805
auslandischer	4972804
vorbehalte	4972803
weitersagen	4972802
einleitung	4972801
herrscherin	4972800
garland	4972799
abzubringen	4972798
smile	4972797
matter	4972796
gehege	4972795
rekorder	4972794
berserker	4972793
verreise	4972792
entspannst	4972791
kensington	4972790
fasan	4972789
ablesen	4972788
schmuggelt	4972787
shut	4972786
terroranschlag	4972785
deportiert	4972784
eleganter	4972783
versank	4972782
vorsehen	4972781
etablieren	4972780
brunett	4972779
entfesselt	4972778
rheuma	4972777
vaterunser	4972776
flippte	4972775
kartoffelbrei	4972774
eingesprungen	4972773
persien	4972772
umkippen	4972771
archaologe	4972770
demonstrationen	4972769
lepra	4972768
flussaufwarts	4972767
fallschirme	4972766
anfeuern	4972765
gurtellinie	4972764
jubei	4972763
weigerung	4972762
riva	4972761
stadtverwaltung	4972760
furchteinflossend	4972759
brandneue	4972758
geschatzter	4972757
project	4972756
alkoholproblem	4972755
mauler	4972754
streichmusik	4972753
geschaftsfuhrerin	4972752
negatives	4972751
schatzmeister	4972750
verticken	4972749
eisig	4972748
terence	4972747
huey	4972746
pilates	4972745
pookie	4972744
mambo	4972743
capital	4972742
quallen	4972741
eingeatmet	4972740
hachi	4972739
abbie	4972738
befindest	4972737
jahrigen	4972736
verratet	4972735
verbliebenen	4972734
termiten	4972733
nervose	4972732
tierischen	4972731
heruntergeladen	4972730
cally	4972729
kontaktierte	4972728
feuerwerkskorper	4972727
vane	4972726
schwirren	4972725
zerocl	4972724
beunruhigung	4972723
schmale	4972722
ideologie	4972721
hogue	4972720
smeagol	4972719
verfruht	4972718
geatmet	4972717
abgewehrt	4972716
kiko	4972715
bandenkrieg	4972714
noonan	4972713
godfrey	4972712
vorgegangen	4972711
bereitstellen	4972710
magengeschwur	4972709
diablo	4972708
bed	4972707
harakiri	4972706
direktem	4972705
buongiorno	4972704
urplotzlich	4972703
ausrucken	4972702
twilight	4972701
hierhergebracht	4972700
atomare	4972699
pollen	4972698
fin	4972697
energiefeld	4972696
einlade	4972695
jeffries	4972694
turban	4972693
uberlebender	4972692
didn	4972691
vollgepumpt	4972690
krebse	4972689
hieraus	4972688
aufstehe	4972687
mogliches	4972686
gabriella	4972685
gunstige	4972684
differenz	4972683
eiweiss	4972682
kochbuch	4972681
delikatesse	4972680
elfe	4972679
belebt	4972678
piccolo	4972677
arbeitslosen	4972676
aufzusetzen	4972675
mitspieler	4972674
hergerissen	4972673
vee	4972672
rachels	4972671
wrong	4972670
halluziniert	4972669
udssr	4972668
bingley	4972667
intrige	4972666
kaufleute	4972665
haufchen	4972664
sterblichkeit	4972663
weggehe	4972662
teekanne	4972661
palmers	4972660
agyptens	4972659
meadow	4972658
entdecker	4972657
ertraglich	4972656
joeys	4972655
heimlicher	4972654
grants	4972653
personalien	4972652
hochhalten	4972651
rekonstruktion	4972650
unbegrenzte	4972649
nachlaufen	4972648
pappe	4972647
kreation	4972646
halsey	4972645
norwegischen	4972644
externe	4972643
schah	4972642
hieltest	4972641
carmela	4972640
fahrten	4972639
gazelle	4972638
bedeutendes	4972637
gerichtstermin	4972636
unbeschadet	4972635
fremdgehen	4972634
coles	4972633
behuten	4972632
herausfanden	4972631
spulung	4972630
bewahrst	4972629
corn	4972628
blutgerinnsel	4972627
amar	4972626
ruckgabe	4972625
matuschek	4972624
erschlug	4972623
miho	4972622
precious	4972621
telepathische	4972620
weltkrieges	4972619
hochgezogen	4972618
quietschende	4972617
leidner	4972616
lastigen	4972615
versteinert	4972614
ibiza	4972613
eddington	4972612
beer	4972611
allzeit	4972610
sudseite	4972609
pump	4972608
pedikure	4972607
cuba	4972606
gefaltet	4972605
einfliegen	4972604
ausgebeutet	4972603
annahen	4972602
sichtbaren	4972601
juristisch	4972600
gertie	4972599
heisenberg	4972598
giselle	4972597
voglein	4972596
indischer	4972595
wunderte	4972594
zielpersonen	4972593
komponieren	4972592
andrei	4972591
stillwell	4972590
brennendes	4972589
eurotape	4972588
tageszeit	4972587
geigen	4972586
pompeji	4972585
einweisung	4972584
hotline	4972583
ehrenamtlich	4972582
canning	4972581
chorgesang	4972580
stallen	4972579
somalia	4972578
paddel	4972577
parry	4972576
ubergriff	4972575
relevanz	4972574
kokosnusse	4972573
verleiten	4972572
ausloste	4972571
systemen	4972570
oden	4972569
joni	4972568
lebenswichtig	4972567
attentate	4972566
eriksen	4972565
identische	4972564
ration	4972563
berechenbar	4972562
delegierten	4972561
gewahlten	4972560
fortune	4972559
mitbringe	4972558
baumes	4972557
hotch	4972556
abtauchen	4972555
eingeweiden	4972554
melancholie	4972553
stoppschild	4972552
chronische	4972551
fazit	4972550
unvorhersehbar	4972549
bequemen	4972548
drag	4972547
schmerzensschreie	4972546
input	4972545
iranischen	4972544
troste	4972543
blutkreislauf	4972542
nobis	4972541
sedja	4972540
metz	4972539
gelinde	4972538
louisa	4972537
ungelosten	4972536
neuralen	4972535
komposition	4972534
zeitgefuhl	4972533
melodramatisch	4972532
vitrine	4972531
ausleben	4972530
anstiftung	4972529
kennenlerne	4972528
behaupteten	4972527
einheimischer	4972526
hingegeben	4972525
jims	4972524
nuggets	4972523
remember	4972522
kongressabgeordneten	4972521
krematorium	4972520
mullmann	4972519
spannendes	4972518
primus	4972517
penicillin	4972516
vormittags	4972515
intensiven	4972514
anreden	4972513
gard	4972512
entscheidender	4972511
isn	4972510
feinheiten	4972509
zenturio	4972508
wiederkehr	4972507
mitfuhlend	4972506
weihnachtstag	4972505
eastwood	4972504
rollenspiel	4972503
work	4972502
trugt	4972501
nahmaschine	4972500
heimatplaneten	4972499
einbahnstrasse	4972498
lear	4972497
abgeschirmt	4972496
hausherr	4972495
versteckspiel	4972494
gupta	4972493
flussiges	4972492
atheist	4972491
eldridge	4972490
fruchten	4972489
save	4972488
niedergestochen	4972487
litten	4972486
zuvorkommen	4972485
stricher	4972484
keyes	4972483
faszinierendes	4972482
giuliano	4972481
thymian	4972480
ipad	4972479
hap	4972478
kaffeepause	4972477
himmelreich	4972476
baumann	4972475
verfolgungswahn	4972474
fergus	4972473
wertlose	4972472
schicksale	4972471
kenna	4972470
einstellt	4972469
ludovic	4972468
doofen	4972467
bleiche	4972466
dessous	4972465
angeboren	4972464
jurij	4972463
mattis	4972462
zimmergenossen	4972461
verbeugt	4972460
yuma	4972459
hofliche	4972458
rumgetrieben	4972457
hasses	4972456
gelinkt	4972455
verordnet	4972454
quale	4972453
beisser	4972452
unterhandler	4972451
behandele	4972450
fraser	4972449
armada	4972448
algorithmen	4972447
ubersinnliche	4972446
treibsand	4972445
ausgeheckt	4972444
assimilieren	4972443
todeszelle	4972442
amys	4972441
moser	4972440
ingram	4972439
statisten	4972438
wessex	4972437
monchen	4972436
verblodet	4972435
schreiner	4972434
unmogliches	4972433
abschlussprufung	4972432
yup	4972431
silikon	4972430
neely	4972429
wegstecken	4972428
verweis	4972427
mausi	4972426
zulu	4972425
unsichtbarer	4972424
reform	4972423
kuchentisch	4972422
hauptrollen	4972421
geblufft	4972420
baratheon	4972419
schnellstrasse	4972418
netzwerke	4972417
singende	4972416
sanftes	4972415
marla	4972414
kastrieren	4972413
pragen	4972412
waffenhandel	4972411
rebelliert	4972410
schwermutige	4972409
dice	4972408
kunstlers	4972407
verstarkte	4972406
seinerzeit	4972405
nairobi	4972404
germain	4972403
kuhlraum	4972402
absprechen	4972401
torten	4972400
ausbaden	4972399
steppen	4972398
gallien	4972397
vorbehalten	4972396
vermeidet	4972395
wegbeschreibung	4972394
todsunde	4972393
hickok	4972392
telefonistin	4972391
gunter	4972390
zimmerman	4972389
masslos	4972388
undankbares	4972387
oberkellner	4972386
luz	4972385
quadrant	4972384
vortanzen	4972383
weiterzuziehen	4972382
helo	4972381
cochise	4972380
suits	4972379
fade	4972378
schiefe	4972377
spuckst	4972376
immobilienmakler	4972375
hausnummer	4972374
liebevollen	4972373
baht	4972372
diktiert	4972371
lavon	4972370
realer	4972369
glaubtest	4972368
verkurzt	4972367
hypnotisieren	4972366
own	4972365
korbchen	4972364
nachgewiesen	4972363
erwar	4972362
nike	4972361
camus	4972360
transporte	4972359
aufging	4972358
cassius	4972357
ausbreitung	4972356
abtrocknen	4972355
tischgebet	4972354
nachahmer	4972353
hinwegzukommen	4972352
erscheinungen	4972351
plotzlicher	4972350
konigreiches	4972349
vasquez	4972348
besorgter	4972347
verruf	4972346
zuverlassiger	4972345
verschmolzen	4972344
janek	4972343
cartouche	4972342
teyla	4972341
fulci	4972340
funktionierende	4972339
xanax	4972338
einmarschieren	4972337
berauschend	4972336
bezirks	4972335
preiszugeben	4972334
zopf	4972333
gloucester	4972332
arschgeige	4972331
kundschafter	4972330
rembrandt	4972329
rising	4972328
liessest	4972327
cosette	4972326
anzuvertrauen	4972325
vertraulichen	4972324
credits	4972323
bezwecken	4972322
transmission	4972321
tribute	4972320
schmiert	4972319
omelette	4972318
cory	4972317
erlernt	4972316
aufenthaltsraum	4972315
sloane	4972314
eindammungsfeld	4972313
rugby	4972312
verlang	4972311
befehligen	4972310
hangte	4972309
morse	4972308
immigranten	4972307
pudern	4972306
tatjana	4972305
vollendung	4972304
einnahme	4972303
ausgeflogen	4972302
verbarrikadiert	4972301
ihrs	4972300
curnow	4972299
schwerverbrecher	4972298
transvestit	4972297
begeisterter	4972296
qualte	4972295
strategischen	4972294
geborener	4972293
steckdose	4972292
herschicken	4972291
eifersuchtige	4972290
zusammenzusetzen	4972289
schragen	4972288
rumanisch	4972287
originals	4972286
ausgesorgt	4972285
nordsee	4972284
parkinson	4972283
zeitalters	4972282
modus	4972281
parkplatze	4972280
schalom	4972279
genotigt	4972278
zanken	4972277
unabhangiger	4972276
geheimnisvoller	4972275
aufrichten	4972274
stollen	4972273
naschen	4972272
reparierst	4972271
verstandes	4972270
blum	4972269
tadashi	4972268
leichtsinn	4972267
krawall	4972266
fahrerin	4972265
pute	4972264
gigolo	4972263
imaginaren	4972262
oval	4972261
allergische	4972260
brullte	4972259
bogart	4972258
vickie	4972257
stehenden	4972256
williamsburg	4972255
vortrefflich	4972254
wutet	4972253
anhielt	4972252
gor	4972251
zeitungsartikel	4972250
alamo	4972249
gelee	4972248
rettungsschwimmer	4972247
zahnfleisch	4972246
piero	4972245
bobs	4972244
atemwege	4972243
einbricht	4972242
umgeworfen	4972241
mexikanischer	4972240
import	4972239
massenvernichtungswaffen	4972238
rindvieh	4972237
familienleben	4972236
anarchisten	4972235
milchshake	4972234
zwergen	4972233
carrolls	4972232
raffinerie	4972231
erregte	4972230
kates	4972229
grossmutig	4972228
mittellos	4972227
schallplatten	4972226
verbleibenden	4972225
sicherheitszone	4972224
spezialeffekte	4972223
dienstgrad	4972222
adlige	4972221
durchlochert	4972220
produktiv	4972219
aktualisieren	4972218
rawls	4972217
toyota	4972216
umleitung	4972215
psi	4972214
durchkreuzen	4972213
abschaffen	4972212
indonesien	4972211
rt	4972210
abspann	4972209
sana	4972208
einsatzen	4972207
abfangkurs	4972206
senats	4972205
negromanus	4972204
weinten	4972203
untersuchungsrichter	4972202
kristin	4972201
zin	4972200
verschiedenes	4972199
unvermeidliche	4972198
raststatte	4972197
ordinar	4972196
arschficker	4972195
rosario	4972194
erbte	4972193
resonanz	4972192
walkers	4972191
lindert	4972190
drogenabhangig	4972189
fiesling	4972188
cottage	4972187
saht	4972186
photos	4972185
meinungsverschiedenheiten	4972184
fillmore	4972183
intern	4972182
divisionen	4972181
ersuche	4972180
lindas	4972179
anziehst	4972178
kline	4972177
tough	4972176
wunderbarste	4972175
angetrunken	4972174
dackel	4972173
trautes	4972172
organen	4972171
obsession	4972170
patel	4972169
bugel	4972168
friday	4972167
tunesien	4972166
unwiderruflich	4972165
durchwuhlen	4972164
goldmunzen	4972163
turteltauben	4972162
errungenschaften	4972161
vorzuschlagen	4972160
lemmy	4972159
aussenden	4972158
ny	4972157
drangekriegt	4972156
klapperschlange	4972155
frisieren	4972154
mausoleum	4972153
plymouth	4972152
piney	4972151
ietzten	4972150
viv	4972149
loyale	4972148
bunch	4972147
gaspedal	4972146
peinlichkeit	4972145
amtlich	4972144
sondermeldung	4972143
lieferten	4972142
durchgeknallten	4972141
ehrwurdiger	4972140
jule	4972139
prasentierte	4972138
unsereins	4972137
nationalitat	4972136
beschadigten	4972135
filip	4972134
kohlenstoff	4972133
wusten	4972132
slam	4972131
hee	4972130
zuruckerobern	4972129
tatorten	4972128
urinieren	4972127
win	4972126
naheres	4972125
roses	4972124
agamemnon	4972123
verflogen	4972122
kummerten	4972121
gefiele	4972120
hinknien	4972119
lehrreich	4972118
teamgeist	4972117
ubertreibung	4972116
todestrakt	4972115
nona	4972114
eingezahlt	4972113
reza	4972112
fenton	4972111
ausspricht	4972110
prothese	4972109
falschlicherweise	4972108
verbotenes	4972107
dink	4972106
feiges	4972105
plissken	4972104
pollock	4972103
masao	4972102
dringlichkeit	4972101
regularen	4972100
sprotte	4972099
ubersicht	4972098
comtesse	4972097
spiderman	4972096
patricks	4972095
abzuliefern	4972094
raffinierte	4972093
konzil	4972092
lacherlicher	4972091
desertiert	4972090
yar	4972089
weiblichkeit	4972088
adaption	4972087
anstrengende	4972086
uberrumpeln	4972085
tagein	4972084
bobbie	4972083
quell	4972082
paine	4972081
dicky	4972080
abweichungen	4972079
walross	4972078
wilfred	4972077
kuschelig	4972076
versteigerung	4972075
akkordeon	4972074
taktlos	4972073
erarbeitet	4972072
autobombe	4972071
trace	4972070
zudrucken	4972069
palastinenser	4972068
dukes	4972067
spanisches	4972066
baton	4972065
eingangshalle	4972064
belauschen	4972063
generalprobe	4972062
beibringt	4972061
kurbisse	4972060
umringt	4972059
takahashi	4972058
kapseln	4972057
sakrament	4972056
doing	4972055
lefty	4972054
arschtritt	4972053
klausel	4972052
durchblick	4972051
einzugestehen	4972050
svetlana	4972049
flusterst	4972048
wegzubringen	4972047
boxkampf	4972046
vergesslich	4972045
vorgehabt	4972044
abmachen	4972043
hanne	4972042
valdez	4972041
brubaker	4972040
boiler	4972039
weiterzugeben	4972038
verzogerungen	4972037
erkauft	4972036
schonstes	4972035
betrittst	4972034
mikhail	4972033
geisteskranke	4972032
mariah	4972031
probierte	4972030
euphorie	4972029
weisste	4972028
pocahontas	4972027
kari	4972026
milk	4972025
geheimpolizei	4972024
riskier	4972023
diadem	4972022
birds	4972021
traumatisch	4972020
tolstoi	4972019
unrealistisch	4972018
sparst	4972017
caddy	4972016
woodward	4972015
umwandeln	4972014
linux	4972013
broschuren	4972012
mobilen	4972011
dit	4972010
bela	4972009
stromberg	4972008
erstgeborenen	4972007
nervenklinik	4972006
koordiniert	4972005
erfundene	4972004
waschsalon	4972003
neugierige	4972002
gekuhlt	4972001
abriss	4972000
basar	4971999
rausfliegen	4971998
kampfstationen	4971997
taifun	4971996
finderlohn	4971995
petersilie	4971994
entferntes	4971993
abendschule	4971992
yeung	4971991
trenton	4971990
dienstaufsicht	4971989
rumpel	4971988
einzelnes	4971987
sterbend	4971986
zauberhaften	4971985
algebra	4971984
christlich	4971983
uberschlagen	4971982
minimale	4971981
flughohe	4971980
vw	4971979
ox	4971978
reformen	4971977
foggy	4971976
abreist	4971975
schnipp	4971974
gotteslasterung	4971973
ramse	4971972
bemerkenswerter	4971971
sheba	4971970
medical	4971969
kneift	4971968
watte	4971967
stinkig	4971966
kontostand	4971965
einzusammeln	4971964
lagert	4971963
erroten	4971962
vorzeitige	4971961
kellnerinnen	4971960
zutreffend	4971959
wacker	4971958
skalp	4971957
vincke	4971956
widder	4971955
hammert	4971954
goteborg	4971953
mustern	4971952
identifizierten	4971951
umstellung	4971950
jammerschade	4971949
verschiebe	4971948
meilenstein	4971947
sternenflottenkommando	4971946
gebessert	4971945
arya	4971944
schrecklichste	4971943
frankensteins	4971942
gicht	4971941
eph	4971940
flotter	4971939
mordermittlung	4971938
anzuruhren	4971937
jod	4971936
gesegneten	4971935
harken	4971934
parallelen	4971933
angelachelt	4971932
schnappdudel	4971931
stavros	4971930
neo	4971929
befrage	4971928
aphrodite	4971927
bestreite	4971926
shalom	4971925
direktoren	4971924
flip	4971923
whip	4971922
clear	4971921
nachtclubs	4971920
grundausbildung	4971919
heuchlerin	4971918
bukarest	4971917
pancakes	4971916
niedlichen	4971915
sung	4971914
verbreite	4971913
granit	4971912
backup	4971911
jenn	4971910
durchsuchte	4971909
verleihe	4971908
uberlegene	4971907
schweinereien	4971906
bedenkzeit	4971905
raffinierter	4971904
hingehalten	4971903
muy	4971902
tribunal	4971901
christiane	4971900
experiments	4971899
pornostar	4971898
para	4971897
unbarmherzig	4971896
verweigere	4971895
hinziehen	4971894
kohlendioxid	4971893
gebremst	4971892
mitbringst	4971891
einerlei	4971890
ausserirdisches	4971889
martok	4971888
ml	4971887
muttermilch	4971886
pechstrahne	4971885
steuerbehorde	4971884
wichsern	4971883
anstehen	4971882
graut	4971881
kuhnheit	4971880
grete	4971879
auflagen	4971878
fischbein	4971877
hauptverdachtiger	4971876
schwenkt	4971875
frechen	4971874
zora	4971873
jupp	4971872
zielte	4971871
weltrekord	4971870
laber	4971869
beangstigende	4971868
genauestens	4971867
gunderson	4971866
wegsehen	4971865
allmachtig	4971864
herkriegen	4971863
solonius	4971862
galten	4971861
rumhangt	4971860
schlechtere	4971859
bleistifte	4971858
befreier	4971857
sensibilitat	4971856
ubergangen	4971855
dunnes	4971854
reichts	4971853
aufzufallen	4971852
entlasst	4971851
maitre	4971850
tumore	4971849
ausnahmezustand	4971848
aufzuschreiben	4971847
patton	4971846
erkaltest	4971845
viking	4971844
tracker	4971843
wohingegen	4971842
muslim	4971841
kontrollierten	4971840
kareem	4971839
ingwer	4971838
ohrlappchen	4971837
albrecht	4971836
schottischen	4971835
seelische	4971834
krantz	4971833
mila	4971832
gekochte	4971831
angeschleppt	4971830
prallen	4971829
rosmarin	4971828
winzling	4971827
nanking	4971826
keuchend	4971825
grundbesitz	4971824
unbegrundet	4971823
krueger	4971822
weggekommen	4971821
reinzuwaschen	4971820
chirurgischen	4971819
sameer	4971818
autoradio	4971817
distanzieren	4971816
breakfast	4971815
grundlegenden	4971814
suresh	4971813
gemutlichen	4971812
datai	4971811
betreuerin	4971810
ringer	4971809
konkubine	4971808
anschreiben	4971807
rennpferd	4971806
disher	4971805
rusk	4971804
hatake	4971803
vorfallen	4971802
geweih	4971801
duras	4971800
seska	4971799
einfachheit	4971798
haschisch	4971797
verabrede	4971796
arktis	4971795
stumpfen	4971794
prestige	4971793
sudosten	4971792
labrador	4971791
wilkommen	4971790
dune	4971789
verhangen	4971788
angelt	4971787
inzest	4971786
sprechenden	4971785
unzulassig	4971784
book	4971783
grauenvolle	4971782
krankengeschichte	4971781
inbegriff	4971780
gal	4971779
interessenten	4971778
massakriert	4971777
unbeaufsichtigt	4971776
benoit	4971775
tschechoslowakei	4971774
sprengte	4971773
auszustellen	4971772
zapfen	4971771
schaferhund	4971770
bhs	4971769
grosspapa	4971768
asher	4971767
klebstoff	4971766
himmler	4971765
zufalligen	4971764
stopsel	4971763
abweisend	4971762
didier	4971761
verdeckter	4971760
sternchen	4971759
navarre	4971758
soundso	4971757
lennie	4971756
andacht	4971755
runterspulen	4971754
satellitentelefon	4971753
belehrt	4971752
versammlungen	4971751
nele	4971750
fane	4971749
gulasch	4971748
zweierlei	4971747
vu	4971746
formsache	4971745
mutationen	4971744
moz	4971743
logen	4971742
friedliches	4971741
danischen	4971740
statte	4971739
uberfuhrung	4971738
dampfe	4971737
stichwunde	4971736
folsom	4971735
verwirrte	4971734
nachschlag	4971733
belegte	4971732
trompeter	4971731
geschlechtskrankheit	4971730
veruben	4971729
haller	4971728
fallschirmspringer	4971727
werfer	4971726
thom	4971725
wirkungsvoll	4971724
hiob	4971723
rothaut	4971722
grendel	4971721
mohawk	4971720
leander	4971719
trio	4971718
carsten	4971717
klavierspiel	4971716
gelula	4971715
haette	4971714
sonden	4971713
tatigkeiten	4971712
peacekeeper	4971711
klacken	4971710
entwaffnet	4971709
starterlaubnis	4971708
snoop	4971707
einsatzes	4971706
hiebe	4971705
defekte	4971704
inhalator	4971703
zwanglos	4971702
tauschten	4971701
lilo	4971700
niederzulassen	4971699
tanga	4971698
eingefahren	4971697
festzulegen	4971696
widerwillig	4971695
bewahrungsauflagen	4971694
mitschuldig	4971693
experimentelle	4971692
grafschaft	4971691
spasti	4971690
schleuder	4971689
parkman	4971688
expansion	4971687
waffenschein	4971686
clarks	4971685
festigen	4971684
spielzug	4971683
natuerlich	4971682
lautstark	4971681
zuruckgreifen	4971680
lasso	4971679
reingeritten	4971678
berlioz	4971677
mitgezahlt	4971676
catalina	4971675
sog	4971674
volligen	4971673
verwahrung	4971672
anzukommen	4971671
losten	4971670
vorsichtshalber	4971669
vollkommenheit	4971668
einfaltig	4971667
feingefuhl	4971666
abtrunnigen	4971665
terrorisieren	4971664
drogenbesitz	4971663
trickster	4971662
abgerechnet	4971661
softball	4971660
howards	4971659
richteten	4971658
gynakologe	4971657
riesenrad	4971656
stocken	4971655
beobachteten	4971654
entsetzlichen	4971653
abgestempelt	4971652
billings	4971651
luftungsschacht	4971650
fliessendes	4971649
hausarzt	4971648
sicherheitskrafte	4971647
auszutricksen	4971646
umdreht	4971645
ginsberg	4971644
gebildete	4971643
zauberspruche	4971642
saue	4971641
befreiend	4971640
cos	4971639
doppelgangerin	4971638
zerfetzen	4971637
maexchen	4971636
hyane	4971635
zulasse	4971634
solider	4971633
jahrtausenden	4971632
ga	4971631
vorfalls	4971630
bessert	4971629
evey	4971628
beatmungsgerat	4971627
augenlider	4971626
virgin	4971625
vereinte	4971624
werds	4971623
aufruhrer	4971622
verachtest	4971621
cod	4971620
fehde	4971619
gegenwartige	4971618
negro	4971617
ordentlicher	4971616
kutner	4971615
aufgeschoben	4971614
zampano	4971613
zuko	4971612
shots	4971611
minderheiten	4971610
dusen	4971609
schmaler	4971608
zerhackt	4971607
lehrers	4971606
attest	4971605
echse	4971604
hackett	4971603
tickende	4971602
druckwelle	4971601
vergessene	4971600
erbluhen	4971599
integriert	4971598
schlupfloch	4971597
crumb	4971596
bestattung	4971595
totenkopf	4971594
kartenspielen	4971593
wettlauf	4971592
garibaldi	4971591
antritt	4971590
altstadt	4971589
wohltatigkeitsveranstaltung	4971588
woodhouse	4971587
ketzerei	4971586
geometrie	4971585
aale	4971584
grundstein	4971583
anvisiert	4971582
gutscheine	4971581
navigieren	4971580
angstliche	4971579
bare	4971578
adrianna	4971577
eichen	4971576
auftrieb	4971575
versorge	4971574
souvenirs	4971573
stammkunden	4971572
maklerin	4971571
eingehender	4971570
verwirrten	4971569
ausbeuten	4971568
nussen	4971567
pessimistisch	4971566
probezeit	4971565
areal	4971564
einzieht	4971563
nahrstoffe	4971562
hitch	4971561
wanja	4971560
warenhaus	4971559
einsatzfahig	4971558
wertlosen	4971557
bennie	4971556
kenya	4971555
gezuckt	4971554
texaner	4971553
xo	4971552
sri	4971551
musicals	4971550
platoon	4971549
bekloppten	4971548
benachrichtige	4971547
spassbremse	4971546
debut	4971545
unmittelbare	4971544
minibar	4971543
gefasse	4971542
endeten	4971541
ausgecheckt	4971540
spezifisch	4971539
zwietracht	4971538
abzubauen	4971537
gekko	4971536
bezauberndes	4971535
untergeschoben	4971534
steuerberater	4971533
emotionales	4971532
verurteilungen	4971531
vorbeikommst	4971530
hauslich	4971529
knospe	4971528
durren	4971527
rattenfanger	4971526
absolventen	4971525
fahrlassigkeit	4971524
earp	4971523
kingston	4971522
kanntet	4971521
bettdecke	4971520
betriebssystem	4971519
sunday	4971518
filmte	4971517
blaubeeren	4971516
dorota	4971515
proton	4971514
wachsenden	4971513
atomkrieg	4971512
eingeloggt	4971511
opernmusik	4971510
berechtigung	4971509
nbc	4971508
landschaften	4971507
spermien	4971506
rumrennen	4971505
zuruckgezahlt	4971504
erstklassiges	4971503
scharfrichter	4971502
forellen	4971501
edouard	4971500
bequeme	4971499
hochrangigen	4971498
ausgefressen	4971497
plum	4971496
interstate	4971495
beharrlich	4971494
ehrbare	4971493
storrisch	4971492
dehoh	4971491
massa	4971490
bewerkstelligen	4971489
jugoslawien	4971488
echtheit	4971487
weller	4971486
ekelt	4971485
zugibst	4971484
sicherheitsmann	4971483
strahlender	4971482
danger	4971481
ferngehalten	4971480
zusammengefuhrt	4971479
hausboot	4971478
erbringen	4971477
twin	4971476
antaten	4971475
verantwortungsbewusst	4971474
vordergrund	4971473
auffalliges	4971472
veralbern	4971471
kanguru	4971470
heels	4971469
presley	4971468
codenamen	4971467
scheusslichen	4971466
mathematische	4971465
corrected	4971464
riefst	4971463
blutiges	4971462
elektromagnetischen	4971461
dianne	4971460
monatsende	4971459
aufrichtiger	4971458
raushangen	4971457
erbittet	4971456
privatnummer	4971455
einsatzzentrale	4971454
gefahrdung	4971453
frisco	4971452
abgekuhlt	4971451
gefallene	4971450
deveraux	4971449
adonis	4971448
verstreichen	4971447
wackelig	4971446
unterbrechungen	4971445
melancholisch	4971444
erotik	4971443
reinkamen	4971442
tobey	4971441
amputiert	4971440
sakko	4971439
abwickeln	4971438
bankschliessfach	4971437
kipp	4971436
naive	4971435
anwar	4971434
tapferste	4971433
letze	4971432
cochran	4971431
vogelzwitschern	4971430
pfade	4971429
laufpass	4971428
patronenhulsen	4971427
eingefugt	4971426
royale	4971425
festplatten	4971424
skandale	4971423
sieb	4971422
monstrum	4971421
geschuldet	4971420
rollbahn	4971419
hornern	4971418
enkeltochter	4971417
epps	4971416
vietcong	4971415
anzuheuern	4971414
voraussichtlich	4971413
ante	4971412
gluckst	4971411
entbinden	4971410
uberarbeiten	4971409
lobet	4971408
ungeborenen	4971407
bundesgefangnis	4971406
redding	4971405
hathaway	4971404
fredo	4971403
wurze	4971402
abwegig	4971401
benni	4971400
erbse	4971399
seinesgleichen	4971398
zerfleischen	4971397
corwin	4971396
schamhaare	4971395
einsatzleiter	4971394
katzenfutter	4971393
lindbergh	4971392
schiesseisen	4971391
dorftrottel	4971390
uberfuhr	4971389
schramme	4971388
ting	4971387
profile	4971386
rektorin	4971385
angelika	4971384
uberlastung	4971383
aufgefullt	4971382
bemitleide	4971381
vorrecht	4971380
staune	4971379
altenheim	4971378
eilte	4971377
erbarmungslos	4971376
verweigerte	4971375
verfuttert	4971374
chopper	4971373
bedeutsam	4971372
minimieren	4971371
gemeinden	4971370
wertpapiere	4971369
durchtrennen	4971368
napalm	4971367
hinzuziehen	4971366
glaber	4971365
schlucker	4971364
lrgendwas	4971363
sichtbare	4971362
branko	4971361
genetik	4971360
gluckstreffer	4971359
morderisch	4971358
erratst	4971357
qing	4971356
krucke	4971355
ausspannen	4971354
zwischenstopp	4971353
ruckschlage	4971352
konkreten	4971351
ning	4971350
cardassianern	4971349
kapitans	4971348
trans	4971347
qualm	4971346
reales	4971345
ausborgen	4971344
geltung	4971343
chill	4971342
entwickle	4971341
yoon	4971340
doppelzimmer	4971339
schlampige	4971338
gepacktrager	4971337
schriftlichen	4971336
goddard	4971335
romulanische	4971334
rde	4971333
trainerin	4971332
bootes	4971331
bra	4971330
westchester	4971329
augenfarbe	4971328
downing	4971327
zunutze	4971326
schlummert	4971325
jiang	4971324
reena	4971323
clarkson	4971322
taugst	4971321
munch	4971320
glatten	4971319
ungenau	4971318
umschweife	4971317
guineen	4971316
zuvorkommend	4971315
henny	4971314
reality	4971313
burgund	4971312
geschosse	4971311
hurde	4971310
rauszuwerfen	4971309
auktionshaus	4971308
gekackt	4971307
fessle	4971306
yokohama	4971305
herausnehmen	4971304
humanoid	4971303
aufgab	4971302
weltherrschaft	4971301
soprano	4971300
pride	4971299
umfangreiche	4971298
stritt	4971297
gesandter	4971296
dragons	4971295
molina	4971294
hinweist	4971293
leibwache	4971292
rooster	4971291
future	4971290
leanne	4971289
paarung	4971288
ausserster	4971287
mamba	4971286
verlogen	4971285
privatsache	4971284
einzuschatzen	4971283
bruderlichkeit	4971282
beschuldigungen	4971281
fernsehsender	4971280
norwegische	4971279
synthetische	4971278
leonidas	4971277
deckte	4971276
gegenseitige	4971275
verbrecherin	4971274
jorgen	4971273
schlafer	4971272
enormer	4971271
vitalwerte	4971270
funkverkehr	4971269
cooke	4971268
handicap	4971267
wittern	4971266
enttarnen	4971265
seelenfrieden	4971264
rebellieren	4971263
lonely	4971262
masturbiert	4971261
einwilligen	4971260
passiv	4971259
truth	4971258
ubermacht	4971257
schrilles	4971256
feedback	4971255
haas	4971254
kaltblutiger	4971253
fahrgast	4971252
verschwendete	4971251
bumpy	4971250
stricke	4971249
zweitbeste	4971248
bluffe	4971247
opossum	4971246
dharma	4971245
vorkam	4971244
seelisch	4971243
parallele	4971242
amazonen	4971241
modifikationen	4971240
fortschritts	4971239
stimmbander	4971238
vorhandenen	4971237
gewohnten	4971236
spreizen	4971235
grandiose	4971234
gehilfen	4971233
medici	4971232
gefrierschrank	4971231
galahad	4971230
fungieren	4971229
immobilie	4971228
unsrer	4971227
titelmusik	4971226
pacht	4971225
koothrappali	4971224
ando	4971223
nachfolge	4971222
mundung	4971221
nachzugeben	4971220
versprachst	4971219
faber	4971218
gezaubert	4971217
heuerte	4971216
fahiger	4971215
ronon	4971214
verwechsle	4971213
croft	4971212
sigma	4971211
hausgemachte	4971210
rino	4971209
entlassungen	4971208
wrestler	4971207
coca	4971206
exakten	4971205
fjodor	4971204
sarkophag	4971203
yee	4971202
kojote	4971201
segelte	4971200
ausgehandigt	4971199
marci	4971198
erschaffung	4971197
infrarot	4971196
wiedereintritt	4971195
kingsbridge	4971194
riesenerfolg	4971193
massiere	4971192
niedertrachtig	4971191
angebrullt	4971190
waschanlage	4971189
mariano	4971188
zustandigkeitsbereich	4971187
hervorbringen	4971186
hinterland	4971185
durchgeht	4971184
erfanden	4971183
originalen	4971182
belang	4971181
immerdar	4971180
plump	4971179
schisser	4971178
kostumen	4971177
wegblasen	4971176
rana	4971175
prachtiges	4971174
vorsteher	4971173
skelette	4971172
reinkommst	4971171
ackroyd	4971170
unabsichtlich	4971169
heiklen	4971168
zudecken	4971167
geschworener	4971166
schimpfworter	4971165
berat	4971164
kranich	4971163
bears	4971162
krankenpfleger	4971161
appellieren	4971160
rangekommen	4971159
antik	4971158
untier	4971157
abgenutzt	4971156
puffer	4971155
diebstahle	4971154
jocelyn	4971153
tywin	4971152
nanosonden	4971151
testperson	4971150
winthrop	4971149
schmier	4971148
parkte	4971147
hornochse	4971146
heften	4971145
ostens	4971144
quan	4971143
ramadan	4971142
nachhauseweg	4971141
rattenloch	4971140
furwahr	4971139
zusammenpacken	4971138
delikat	4971137
trill	4971136
unmensch	4971135
verdirb	4971134
sleep	4971133
birgit	4971132
hiergelassen	4971131
franny	4971130
patris	4971129
nachruf	4971128
fieses	4971127
proudly	4971126
effektive	4971125
akkie	4971124
verpassten	4971123
kanna	4971122
parodie	4971121
lehrten	4971120
schnosel	4971119
kabinen	4971118
ballen	4971117
achtzig	4971116
salud	4971115
einseitig	4971114
transferiert	4971113
dart	4971112
sicherungskasten	4971111
flattert	4971110
donnell	4971109
mittagsschlaf	4971108
griechischer	4971107
masturbation	4971106
unterschlagung	4971105
because	4971104
geheimnisvolles	4971103
mitzureden	4971102
mima	4971101
fond	4971100
pendleton	4971099
sigrid	4971098
ikone	4971097
tannenbaum	4971096
dezernat	4971095
horch	4971094
schnurrt	4971093
pontius	4971092
verganglich	4971091
singend	4971090
interessierten	4971089
anriefen	4971088
begegnest	4971087
dow	4971086
weingut	4971085
anlasslich	4971084
strafmass	4971083
ermutige	4971082
abgebaut	4971081
emporend	4971080
elke	4971079
hieroglyphen	4971078
zicken	4971077
feuernation	4971076
croissant	4971075
morgenmantel	4971074
bergung	4971073
seasons	4971072
poppins	4971071
defense	4971070
abschrift	4971069
cane	4971068
shing	4971067
kima	4971066
mehrerer	4971065
ballantine	4971064
verbarrikadieren	4971063
antiquitat	4971062
landesweite	4971061
priestern	4971060
ansturm	4971059
henriksen	4971058
bright	4971057
taktvoll	4971056
bundes	4971055
verteilte	4971054
telefonleitungen	4971053
anderton	4971052
gestandnisse	4971051
kommerziellen	4971050
palette	4971049
passepartout	4971048
fraglichen	4971047
aufhebung	4971046
durchdreht	4971045
hellsehen	4971044
gedrange	4971043
lotta	4971042
rausrucken	4971041
verdreckt	4971040
berenson	4971039
eisschrank	4971038
verirrte	4971037
schriftrollen	4971036
mangeln	4971035
mailen	4971034
adlai	4971033
bunk	4971032
synchronisiert	4971031
ehrenkodex	4971030
schatzes	4971029
speiserohre	4971028
erschweren	4971027
bengt	4971026
uberraschenderweise	4971025
gehoert	4971024
corner	4971023
rachael	4971022
dosierung	4971021
fortzufahren	4971020
taktiken	4971019
barte	4971018
templer	4971017
gehalter	4971016
kundigst	4971015
joachim	4971014
zwolften	4971013
games	4971012
gemini	4971011
hingesehen	4971010
canterbury	4971009
metropolitan	4971008
ablaufe	4971007
janna	4971006
kostspielig	4971005
gemachte	4971004
hogg	4971003
komplexitat	4971002
number	4971001
einlass	4971000
poren	4970999
auswertung	4970998
zeitspanne	4970997
herve	4970996
egg	4970995
befiehlst	4970994
chess	4970993
widerspruche	4970992
verbleibende	4970991
ubertragungen	4970990
hogwarts	4970989
lorena	4970988
gepaart	4970987
bebt	4970986
betsey	4970985
massig	4970984
bewegende	4970983
vorbeiziehen	4970982
tisches	4970981
lyrik	4970980
fahige	4970979
ausgibst	4970978
schatzte	4970977
hakim	4970976
kwon	4970975
kastanien	4970974
rontgenaufnahmen	4970973
fuma	4970972
eifersuchtiger	4970971
opus	4970970
lupo	4970969
afrikanischer	4970968
geknutscht	4970967
trillerpfeife	4970966
vortritt	4970965
ersatzschlussel	4970964
haarige	4970963
durchzudrehen	4970962
fassern	4970961
hexenmeister	4970960
niners	4970959
nordliche	4970958
kusanagi	4970957
blinken	4970956
konserven	4970955
besudelt	4970954
paulson	4970953
ausgezeichnetes	4970952
videorekorder	4970951
ministerprasidenten	4970950
gemogelt	4970949
attacken	4970948
schlafplatz	4970947
entfuhrern	4970946
tropen	4970945
mildred	4970944
wass	4970943
anhast	4970942
narrisch	4970941
betrachtung	4970940
abholung	4970939
unertragliche	4970938
tomatensaft	4970937
nimmerwiedersehen	4970936
gerichtliche	4970935
langdon	4970934
bundesregierung	4970933
ordnet	4970932
uberpruften	4970931
yip	4970930
planmassig	4970929
beworfen	4970928
raserei	4970927
alraune	4970926
passierten	4970925
eingebrannt	4970924
schneeball	4970923
symbionten	4970922
reiden	4970921
streitest	4970920
weitesten	4970919
kniescheibe	4970918
jahrtausende	4970917
beschwer	4970916
bolschewiken	4970915
suki	4970914
bluthund	4970913
goldmedaille	4970912
wendest	4970911
selbstgefallig	4970910
hinschmeissen	4970909
rostiger	4970908
kommissariat	4970907
ungehobelt	4970906
strategische	4970905
hausbesitzer	4970904
handflache	4970903
wandere	4970902
clea	4970901
floki	4970900
materiellen	4970899
islamischen	4970898
entfernungen	4970897
mutmasslichen	4970896
konstruieren	4970895
change	4970894
mitgeben	4970893
kellerman	4970892
lancaster	4970891
einzureichen	4970890
robotern	4970889
kampfend	4970888
behind	4970887
waynes	4970886
krake	4970885
steffen	4970884
large	4970883
abarbeiten	4970882
angelica	4970881
besoffene	4970880
interessanteste	4970879
empfangst	4970878
ritzen	4970877
freiheitskampfer	4970876
korkenzieher	4970875
ausgemalt	4970874
public	4970873
geary	4970872
leffingwell	4970871
abzureissen	4970870
woodhull	4970869
komischerweise	4970868
korsika	4970867
torrance	4970866
niederlegen	4970865
bunter	4970864
angesehene	4970863
flanken	4970862
zartliche	4970861
salzburg	4970860
schelm	4970859
ishii	4970858
anruhrt	4970857
nene	4970856
warnschuss	4970855
morel	4970854
adolphe	4970853
tagaus	4970852
produzierte	4970851
logbucher	4970850
ubergegangen	4970849
trouble	4970848
imaginare	4970847
shelton	4970846
beseitigung	4970845
wollust	4970844
hancock	4970843
blutspritzer	4970842
sprengladungen	4970841
schwachsten	4970840
vibration	4970839
frakturen	4970838
ausgepeitscht	4970837
bombardierung	4970836
promis	4970835
corpus	4970834
befordere	4970833
janeiro	4970832
fleischwunde	4970831
zusah	4970830
fats	4970829
zund	4970828
marrakesch	4970827
vikar	4970826
rudiger	4970825
pedal	4970824
ausstechen	4970823
schwalbe	4970822
verfrachtet	4970821
howell	4970820
roddy	4970819
schuldschein	4970818
komantschen	4970817
margarete	4970816
blow	4970815
gepumpt	4970814
toulon	4970813
kollabieren	4970812
bisserl	4970811
traumatische	4970810
caterer	4970809
zugenaht	4970808
roastbeef	4970807
sudfrankreich	4970806
homecoming	4970805
heaulme	4970804
gerustet	4970803
aufzahlen	4970802
weed	4970801
nordwest	4970800
schwindlerin	4970799
dehnt	4970798
byrne	4970797
herauskam	4970796
reiko	4970795
zerrt	4970794
leone	4970793
eskimo	4970792
hauptverdachtigen	4970791
walzermusik	4970790
chrissy	4970789
verschlagt	4970788
rhythmisches	4970787
klitzekleines	4970786
rundum	4970785
tam	4970784
petroleum	4970783
kriegspfad	4970782
kunstlerischen	4970781
breaker	4970780
vermisstenanzeige	4970779
wirbeln	4970778
hierherzukommen	4970777
rowland	4970776
saboteur	4970775
kannibalismus	4970774
gluckskind	4970773
gewalttatiger	4970772
lieblichen	4970771
beweisstucke	4970770
zitate	4970769
beknackt	4970768
mayflower	4970767
frachtschiff	4970766
uberreiche	4970765
drexler	4970764
iassen	4970763
schiffshorn	4970762
letzteres	4970761
guilala	4970760
pflugen	4970759
separate	4970758
halliwell	4970757
bekampften	4970756
kriegsverbrecher	4970755
familienunternehmen	4970754
stoddard	4970753
erbluht	4970752
joyful	4970751
angespult	4970750
telefonierst	4970749
gehullt	4970748
alana	4970747
sozialistischen	4970746
nashorn	4970745
familiengeschaft	4970744
grundlegend	4970743
herne	4970742
asiate	4970741
viereinhalb	4970740
briareos	4970739
khans	4970738
heruntergekommen	4970737
zulassig	4970736
bergbau	4970735
brigadier	4970734
schnittwunden	4970733
spiegeleier	4970732
uberkam	4970731
bulgarien	4970730
trail	4970729
sediert	4970728
century	4970727
orville	4970726
tilgen	4970725
errungenschaft	4970724
saphira	4970723
aufnahmeprufung	4970722
fairbanks	4970721
enormes	4970720
ungeklart	4970719
blossom	4970718
tramp	4970717
wahlrecht	4970716
argerte	4970715
kaltgemacht	4970714
fahrstuhle	4970713
mutes	4970712
buenas	4970711
tak	4970710
sagewerk	4970709
klosters	4970708
entledigen	4970707
fittiche	4970706
vorbeigebracht	4970705
cartagena	4970704
sicherheitscode	4970703
unentwegt	4970702
prohibition	4970701
macao	4970700
capitano	4970699
schonheitsschlaf	4970698
lotion	4970697
morn	4970696
offenkundig	4970695
abtrennen	4970694
madre	4970693
keene	4970692
geschmackvoll	4970691
fischerboot	4970690
beseitige	4970689
anfasse	4970688
guardian	4970687
auserkoren	4970686
armageddon	4970685
anleihen	4970684
machts	4970683
saras	4970682
unglaubige	4970681
gaylord	4970680
untypisch	4970679
erwogen	4970678
zuckt	4970677
reintun	4970676
lal	4970675
staatsburgerschaft	4970674
schlachtet	4970673
theon	4970672
xbox	4970671
ralphie	4970670
parkbank	4970669
fragwurdig	4970668
badger	4970667
schandlich	4970666
extrahieren	4970665
nfl	4970664
leif	4970663
gibs	4970662
lanzen	4970661
brandzeichen	4970660
lobe	4970659
trauernden	4970658
rachid	4970657
teleporter	4970656
irisa	4970655
dirigent	4970654
labore	4970653
ausdehnen	4970652
suchtige	4970651
tankstellen	4970650
fruhstucke	4970649
gegenstanden	4970648
mali	4970647
abhaken	4970646
lennon	4970645
wertvollsten	4970644
nyu	4970643
beschwerte	4970642
hardcore	4970641
unattraktiv	4970640
aslan	4970639
zusammenzubringen	4970638
pampa	4970637
rulpsen	4970636
serrano	4970635
bosartigen	4970634
standorte	4970633
naturwissenschaften	4970632
schneiderin	4970631
aguilar	4970630
cum	4970629
gegensatze	4970628
groupie	4970627
streichelt	4970626
massives	4970625
familiennamen	4970624
bandern	4970623
graueltaten	4970622
funftausend	4970621
auflauf	4970620
hoshi	4970619
reingefahren	4970618
wegzurennen	4970617
geschickte	4970616
jolene	4970615
wimmeln	4970614
chaka	4970613
sahib	4970612
schlichten	4970611
schmelze	4970610
buon	4970609
golfer	4970608
pujol	4970607
jochen	4970606
kongresses	4970605
vereinfacht	4970604
schrill	4970603
afrikas	4970602
aufzusteigen	4970601
stepan	4970600
mouse	4970599
dankte	4970598
leert	4970597
individualitat	4970596
bissspuren	4970595
ubergibst	4970594
lagers	4970593
rivale	4970592
feuerten	4970591
athelstan	4970590
rawlins	4970589
agrestic	4970588
rasierklingen	4970587
randel	4970586
geoutet	4970585
auweia	4970584
jurist	4970583
erwurge	4970582
foods	4970581
physischer	4970580
erhellt	4970579
shay	4970578
muck	4970577
horowitz	4970576
tragheit	4970575
geflucht	4970574
keenan	4970573
balthazar	4970572
mittelschule	4970571
exizor	4970570
schnuller	4970569
tugendhaft	4970568
krankenzimmer	4970567
realexkav	4970566
bois	4970565
achja	4970564
untermauern	4970563
seward	4970562
hanschen	4970561
tourismus	4970560
schulglocke	4970559
heathrow	4970558
laptops	4970557
escher	4970556
hollischen	4970555
herumtreiber	4970554
trauernde	4970553
beifahrer	4970552
tentakel	4970551
dschingis	4970550
jetz	4970549
uberraschst	4970548
ergebenheit	4970547
brackett	4970546
ergreifung	4970545
spazierte	4970544
versieht	4970543
lateinamerika	4970542
soziologie	4970541
hampelmann	4970540
trafst	4970539
jam	4970538
persischen	4970537
elyse	4970536
gegluckt	4970535
psychologisches	4970534
filzlause	4970533
strafanstalt	4970532
uberkommt	4970531
danzig	4970530
blutwurst	4970529
niedergang	4970528
beliebtesten	4970527
lobo	4970526
bleichmittel	4970525
klarkommt	4970524
stabe	4970523
proteus	4970522
acid	4970521
fahrers	4970520
legat	4970519
pilotin	4970518
verursachten	4970517
grapefruit	4970516
hofes	4970515
dima	4970514
losgezogen	4970513
hull	4970512
entgegentreten	4970511
fassungslos	4970510
beginnend	4970509
jolie	4970508
entfuhre	4970507
volltanken	4970506
guts	4970505
hinging	4970504
umstandlich	4970503
une	4970502
spab	4970501
platzierte	4970500
zuhore	4970499
verscharft	4970498
spieldose	4970497
kommissarin	4970496
klitzekleine	4970495
rochester	4970494
gerostet	4970493
gesellschaftlich	4970492
conchita	4970491
abgeschottet	4970490
observieren	4970489
pitcher	4970488
anthrax	4970487
bescheidenes	4970486
angebetet	4970485
stauffenberg	4970484
paranoide	4970483
akademische	4970482
mordet	4970481
pollux	4970480
terrace	4970479
zeremonien	4970478
erfindest	4970477
monopol	4970476
ruckreise	4970475
darrell	4970474
stemmen	4970473
carlitos	4970472
kapitane	4970471
wertloses	4970470
menschenfreund	4970469
schmierigen	4970468
skylar	4970467
einfordern	4970466
bemalt	4970465
miezen	4970464
golfen	4970463
aufsteigt	4970462
holzernen	4970461
veronique	4970460
diosa	4970459
struppi	4970458
merkmal	4970457
bestehend	4970456
umgeschrieben	4970455
fraglich	4970454
hausverbot	4970453
munder	4970452
aufrechter	4970451
shinjuku	4970450
aussert	4970449
betrauern	4970448
kollisionskurs	4970447
verb	4970446
beschwipst	4970445
abraten	4970444
oberstes	4970443
wurmlocher	4970442
algier	4970441
dominguez	4970440
chocolate	4970439
murphys	4970438
verstummeln	4970437
schiri	4970436
gastfreundlich	4970435
traummann	4970434
runtergeht	4970433
pladoyer	4970432
angeschaltet	4970431
voik	4970430
performance	4970429
kaste	4970428
erwirken	4970427
landeerlaubnis	4970426
konvertiert	4970425
vorwurfen	4970424
kreuzes	4970423
wunderhubsch	4970422
bizeps	4970421
unerfreulich	4970420
mccabe	4970419
anzeigt	4970418
empfangnis	4970417
schenkeln	4970416
seifenoper	4970415
sum	4970414
ists	4970413
blaupausen	4970412
sicherheitssysteme	4970411
ursprungs	4970410
unterschiedlicher	4970409
strafverteidiger	4970408
claudine	4970407
lukes	4970406
gribble	4970405
taj	4970404
nachstellen	4970403
tietjens	4970402
auszubilden	4970401
wheels	4970400
ausmalen	4970399
hochwertige	4970398
pictures	4970397
umsichtig	4970396
fagin	4970395
papaya	4970394
rennwagen	4970393
glasklar	4970392
schweinehunde	4970391
katerina	4970390
nirvana	4970389
entwaffnen	4970388
chipping	4970387
barons	4970386
unterkunfte	4970385
sultans	4970384
pernille	4970383
entschliesst	4970382
kongressabgeordnete	4970381
angehoriger	4970380
prinzipiell	4970379
vodka	4970378
verdorbene	4970377
revue	4970376
ablehnte	4970375
amin	4970374
clip	4970373
spacecenter	4970372
wiedervereint	4970371
rina	4970370
ferse	4970369
huckepack	4970368
akademischen	4970367
weltkriegs	4970366
verbiegen	4970365
halbnackt	4970364
begluckwunschen	4970363
torgeir	4970362
liebesnest	4970361
ce	4970360
ranken	4970359
zhou	4970358
hocke	4970357
tenor	4970356
heidenangst	4970355
geisterstadt	4970354
aufspiessen	4970353
erkundige	4970352
steigerung	4970351
mondstein	4970350
aufgebot	4970349
batzen	4970348
cleveres	4970347
came	4970346
verarzten	4970345
duff	4970344
stine	4970343
dating	4970342
petes	4970341
mafiosi	4970340
abriegelung	4970339
saftigen	4970338
barmherziger	4970337
drazi	4970336
gewunschten	4970335
scorch	4970334
schutzraum	4970333
markov	4970332
gefangnisdirektor	4970331
mundbewegungen	4970330
rocheln	4970329
kontrollfreak	4970328
oda	4970327
fluglinie	4970326
muppets	4970325
baskerville	4970324
abgabe	4970323
geborgenheit	4970322
gutige	4970321
entgegenkommend	4970320
iljitsch	4970319
eingeborene	4970318
besteigt	4970317
porthos	4970316
oscars	4970315
trainingslager	4970314
zuruckfuhren	4970313
holzbein	4970312
layla	4970311
warzen	4970310
formelle	4970309
moves	4970308
hokkaido	4970307
umzustimmen	4970306
beleidigte	4970305
luken	4970304
sim	4970303
musketier	4970302
sandro	4970301
agiert	4970300
zensiert	4970299
chavez	4970298
wurdentrager	4970297
biberkopf	4970296
molto	4970295
wachse	4970294
aram	4970293
eastern	4970292
flanagan	4970291
aufopferung	4970290
gespann	4970289
landru	4970288
minbar	4970287
hobbits	4970286
beliefert	4970285
gogo	4970284
crewe	4970283
gehirnzellen	4970282
thermostat	4970281
akzeptanz	4970280
besorgten	4970279
jehovas	4970278
bauche	4970277
mistelzweig	4970276
wahrzunehmen	4970275
ihretwillen	4970274
notlandung	4970273
felice	4970272
grafik	4970271
bajonett	4970270
schiffbruch	4970269
rothaute	4970268
lehnten	4970267
ek	4970266
muttersprache	4970265
kennwort	4970264
plaudert	4970263
altersunterschied	4970262
rationale	4970261
delikate	4970260
verabscheuen	4970259
whitfield	4970258
lisi	4970257
rudels	4970256
redlich	4970255
battosai	4970254
vorweisen	4970253
zitternd	4970252
allgemeiner	4970251
sandwichs	4970250
lukrativ	4970249
empfingen	4970248
bitterman	4970247
mullabfuhr	4970246
northman	4970245
kono	4970244
vietnamesisch	4970243
tole	4970242
gegebener	4970241
gibbons	4970240
visitenkarten	4970239
zuruckgehe	4970238
zerstuckeln	4970237
aufstehst	4970236
beisteuern	4970235
rausgeschickt	4970234
bespruht	4970233
rusten	4970232
ernannte	4970231
message	4970230
janni	4970229
sternensystem	4970228
beklagte	4970227
einaugige	4970226
aufhebens	4970225
vorzug	4970224
punch	4970223
lebensfreude	4970222
gitarren	4970221
ehrenmedaille	4970220
zwanghaft	4970219
interaktion	4970218
vorzuweisen	4970217
sissy	4970216
befurchtungen	4970215
nixie	4970214
rath	4970213
balls	4970212
korridore	4970211
rivalitat	4970210
aurelio	4970209
squaw	4970208
traumhaus	4970207
anything	4970206
stefans	4970205
reingeht	4970204
reservierungen	4970203
echtzeit	4970202
sundige	4970201
factory	4970200
zilong	4970199
iar	4970198
rehe	4970197
untersten	4970196
steadman	4970195
zugedeckt	4970194
glockenschlag	4970193
hostess	4970192
feuerwaffen	4970191
fortgeschrittenen	4970190
monopoly	4970189
kunstlername	4970188
hustensaft	4970187
goodson	4970186
mclane	4970185
ganseblumchen	4970184
napoleons	4970183
jackentasche	4970182
yann	4970181
unbedeutenden	4970180
hamish	4970179
makrele	4970178
kollaps	4970177
helfende	4970176
micht	4970175
gruseliges	4970174
erzahlungen	4970173
vaterfigur	4970172
cervantes	4970171
erwerb	4970170
mitzuspielen	4970169
ubereifrig	4970168
auftauen	4970167
nichtstun	4970166
seals	4970165
zerstritten	4970164
tatiana	4970163
hernehmen	4970162
stuss	4970161
aushalte	4970160
aspen	4970159
vorstellte	4970158
erstickst	4970157
heiligenschein	4970156
durchgeben	4970155
lannisters	4970154
erfolges	4970153
seriose	4970152
pang	4970151
mandat	4970150
unglaubiger	4970149
zyklen	4970148
abkriegen	4970147
hortense	4970146
visionar	4970145
spruchen	4970144
wohlgemerkt	4970143
erinnerten	4970142
heidnischen	4970141
bezeichne	4970140
shounen	4970139
sachlich	4970138
weglief	4970137
dottore	4970136
jordanien	4970135
fortzufuhren	4970134
queenie	4970133
zuziehen	4970132
arlo	4970131
tullius	4970130
kendrick	4970129
seltsamste	4970128
bohrinsel	4970127
zurucklasst	4970126
zuchtet	4970125
gemobbt	4970124
burgerin	4970123
anzutreffen	4970122
abwagen	4970121
vorknopfen	4970120
proust	4970119
kotzbrocken	4970118
steuerhinterziehung	4970117
abzuglich	4970116
grange	4970115
quatermass	4970114
fummel	4970113
talentierten	4970112
verschifft	4970111
streckte	4970110
pflug	4970109
glanzender	4970108
ansteckende	4970107
rauszubekommen	4970106
naevia	4970105
kajute	4970104
besinnen	4970103
fist	4970102
shun	4970101
pint	4970100
reih	4970099
sohle	4970098
anvisieren	4970097
verwurzelt	4970096
germaine	4970095
cubs	4970094
bettzeug	4970093
manovrieren	4970092
zundschnur	4970091
reputation	4970090
blackbox	4970089
notfallplan	4970088
gartenzwerg	4970087
wildesten	4970086
konkurrent	4970085
entzuckendes	4970084
wharton	4970083
schlichte	4970082
telefonleitung	4970081
soft	4970080
wasserversorgung	4970079
schwertkampf	4970078
psychoanalyse	4970077
ballern	4970076
guinness	4970075
capricorn	4970074
heulend	4970073
glover	4970072
juana	4970071
briefes	4970070
einstehen	4970069
kassen	4970068
vergreifen	4970067
hutch	4970066
mindestlohn	4970065
thrones	4970064
verstandigung	4970063
dichtgemacht	4970062
tribbiani	4970061
heimkam	4970060
gebuhrend	4970059
erstarren	4970058
bog	4970057
laila	4970056
herumkommandieren	4970055
beckham	4970054
gestorten	4970053
purem	4970052
wiedersehn	4970051
kunsthandler	4970050
versprechend	4970049
dutzenden	4970048
uri	4970047
zersetzt	4970046
schnuppern	4970045
schadensersatz	4970044
spitzt	4970043
knallharte	4970042
sehnsuchtig	4970041
einordnen	4970040
mexikanern	4970039
ausrottung	4970038
museums	4970037
vagabunden	4970036
ignaz	4970035
nimmerland	4970034
fraktion	4970033
anschleichen	4970032
deute	4970031
konfetti	4970030
waschekorb	4970029
flamingo	4970028
kan	4970027
beschlagnahme	4970026
separat	4970025
betts	4970024
stromnetz	4970023
gewaltanwendung	4970022
allee	4970021
frechdachs	4970020
monterey	4970019
fiat	4970018
vorbeigeschaut	4970017
buchten	4970016
wachsamkeit	4970015
slick	4970014
sentox	4970013
beleuchten	4970012
cartwright	4970011
bewolkt	4970010
tahoe	4970009
investments	4970008
erhabenen	4970007
geflossen	4970006
abschieben	4970005
zugeordnet	4970004
unterzeichnung	4970003
brathahnchen	4970002
kontrast	4970001
umdrehe	4970000
yuko	4969999
gebruder	4969998
teilzeit	4969997
fischt	4969996
chrissie	4969995
ramm	4969994
vorzulesen	4969993
sportlehrer	4969992
zurucksetzen	4969991
schurzenjager	4969990
papageien	4969989
frye	4969988
massenmord	4969987
auslanderin	4969986
sippschaft	4969985
uberschatzen	4969984
prufer	4969983
hievt	4969982
telefonrechnung	4969981
bugeleisen	4969980
informantin	4969979
wermut	4969978
fliehst	4969977
rausfinde	4969976
gegenschlag	4969975
ubertrager	4969974
feindschaft	4969973
einbilden	4969972
galloway	4969971
organisch	4969970
kroko	4969969
sonnenbrillen	4969968
beteten	4969967
klarkommst	4969966
maskerade	4969965
leekie	4969964
entmutigt	4969963
carlin	4969962
sentinel	4969961
filet	4969960
groovy	4969959
westlicher	4969958
aufklarer	4969957
gruppenfuhrer	4969956
aufgekauft	4969955
kaitlin	4969954
wiederbekommen	4969953
zahnarzte	4969952
hurricane	4969951
fossil	4969950
stundenplan	4969949
riegeln	4969948
edwardes	4969947
weihnachtskarte	4969946
rieke	4969945
vergiesst	4969944
moloch	4969943
kammerflimmern	4969942
angestossen	4969941
abgesegnet	4969940
vervollstandigen	4969939
zuzugreifen	4969938
abgeblieben	4969937
sentimentalen	4969936
torsten	4969935
gator	4969934
eigens	4969933
kapitalverbrechen	4969932
abziehst	4969931
revolverheld	4969930
beherrschte	4969929
aleister	4969928
suizid	4969927
schachspiel	4969926
auster	4969925
gartenarbeit	4969924
bent	4969923
tschussi	4969922
lora	4969921
bekenntnis	4969920
birk	4969919
verheilen	4969918
barbados	4969917
schluckte	4969916
nerve	4969915
keinster	4969914
lieblingsbuch	4969913
referenz	4969912
timberlake	4969911
bieber	4969910
angereist	4969909
leichtglaubig	4969908
hess	4969907
weihnachtsabend	4969906
vergleichbares	4969905
sashi	4969904
marietta	4969903
besserem	4969902
hodes	4969901
fda	4969900
ayesha	4969899
unersetzlich	4969898
gefechts	4969897
dyke	4969896
sten	4969895
mah	4969894
schnuffelst	4969893
geerntet	4969892
erdoberflache	4969891
lino	4969890
strigoi	4969889
gefolgschaft	4969888
niedrigsten	4969887
andrehen	4969886
hamorrhoiden	4969885
brennend	4969884
weiay	4969883
tc	4969882
anzulocken	4969881
atmospharische	4969880
ablehne	4969879
drogenproblem	4969878
leitartikel	4969877
lerche	4969876
schlupft	4969875
signalisiert	4969874
gully	4969873
weibsstuck	4969872
indio	4969871
belgische	4969870
funktionstuchtig	4969869
saukomisch	4969868
schularbeiten	4969867
beschaffe	4969866
schandfleck	4969865
schmitt	4969864
halbfinale	4969863
sabbern	4969862
gehandhabt	4969861
christa	4969860
uberlaufer	4969859
mitteilungen	4969858
pfandhaus	4969857
giesse	4969856
jammerst	4969855
teii	4969854
steinreich	4969853
anzukundigen	4969852
einhorner	4969851
lissa	4969850
junuh	4969849
banknoten	4969848
tetsu	4969847
mechanisch	4969846
achtgeben	4969845
kopfhaut	4969844
unterbringung	4969843
beisein	4969842
abservieren	4969841
sacks	4969840
random	4969839
hingucken	4969838
allgemeinheit	4969837
torheit	4969836
soja	4969835
reagierten	4969834
angelaufen	4969833
genua	4969832
bubby	4969831
hirntumor	4969830
spam	4969829
indiz	4969828
cherien	4969827
rocker	4969826
camaro	4969825
mundel	4969824
victors	4969823
heimfahrt	4969822
erfreuliche	4969821
hops	4969820
objekten	4969819
schlafwandeln	4969818
unseretwegen	4969817
kleidungsstucke	4969816
einreiben	4969815
umwege	4969814
fischstabchen	4969813
wohnhaus	4969812
losegeldforderung	4969811
karim	4969810
komplexes	4969809
dalassen	4969808
strolche	4969807
widersteht	4969806
lexx	4969805
guthaben	4969804
horden	4969803
narnia	4969802
auftischen	4969801
nikotin	4969800
judisches	4969799
schlitze	4969798
freundschaftlich	4969797
scheisstag	4969796
futterst	4969795
indian	4969794
holographische	4969793
totgeschlagen	4969792
skills	4969791
laien	4969790
schutzengraben	4969789
sicherheitspersonal	4969788
wheaton	4969787
auda	4969786
schmerztabletten	4969785
sweetie	4969784
pocht	4969783
eiswasser	4969782
schnattern	4969781
gewurdigt	4969780
einsatzkrafte	4969779
ausreiten	4969778
vize	4969777
berufsrisiko	4969776
geturmt	4969775
aufgeblasener	4969774
handfestes	4969773
seitenstrasse	4969772
bestrafst	4969771
zynismus	4969770
islands	4969769
marlin	4969768
mutiges	4969767
boon	4969766
deng	4969765
rechtsanwalte	4969764
wohlhabender	4969763
koordination	4969762
inez	4969761
rehabilitiert	4969760
leuchtend	4969759
gehustet	4969758
fame	4969757
voldemort	4969756
elektrik	4969755
italiens	4969754
bruchlandung	4969753
verkohlt	4969752
alm	4969751
irritierend	4969750
taylors	4969749
norbert	4969748
kunststucke	4969747
uberhitzt	4969746
oss	4969745
cates	4969744
genre	4969743
warze	4969742
darein	4969741
verzeichnis	4969740
java	4969739
farrah	4969738
weiterentwickeln	4969737
barbarei	4969736
shimada	4969735
voriges	4969734
vorgetragen	4969733
hoss	4969732
bauchlein	4969731
zumutung	4969730
gan	4969729
erkenn	4969728
zs	4969727
gewalteinwirkung	4969726
bibliothekar	4969725
konservatorium	4969724
mylords	4969723
spezialitaten	4969722
exklusiven	4969721
rechtsbeistand	4969720
zerriss	4969719
mccartney	4969718
konservative	4969717
alois	4969716
ronan	4969715
wandten	4969714
zelena	4969713
chez	4969712
dredd	4969711
heimgekehrt	4969710
schotter	4969709
ruhrte	4969708
bragg	4969707
notstand	4969706
fanger	4969705
heldentat	4969704
liebenswerte	4969703
elan	4969702
britt	4969701
schneekonigin	4969700
preysing	4969699
ito	4969698
ishmael	4969697
planke	4969696
shrimp	4969695
vermache	4969694
ausgefragt	4969693
faulnis	4969692
obdach	4969691
shall	4969690
southampton	4969689
nepal	4969688
reparierte	4969687
fundort	4969686
schmusen	4969685
sailor	4969684
lounds	4969683
maultiere	4969682
entfernter	4969681
defibrillator	4969680
anprobe	4969679
pelham	4969678
vergunstigungen	4969677
jeannette	4969676
goin	4969675
hackst	4969674
monet	4969673
garn	4969672
hausaufgabe	4969671
kaylee	4969670
satterfield	4969669
ursus	4969668
voyage	4969667
innenhof	4969666
eingegriffen	4969665
kennedys	4969664
schutzgeld	4969663
konvertieren	4969662
traumjob	4969661
erfullst	4969660
sturheit	4969659
stafford	4969658
neumann	4969657
ansagen	4969656
hauptziel	4969655
tuchtiger	4969654
optimus	4969653
verdankst	4969652
beweggrunde	4969651
fettig	4969650
dufte	4969649
latnok	4969648
pinken	4969647
kontinente	4969646
baufirma	4969645
sechsen	4969644
sanni	4969643
clovis	4969642
tannen	4969641
flugfeld	4969640
kerzenlicht	4969639
luann	4969638
umgekehrte	4969637
napa	4969636
angerannt	4969635
bussi	4969634
hinwollen	4969633
gelenke	4969632
knallst	4969631
idealist	4969630
schwirrt	4969629
rog	4969628
moralisches	4969627
abstinenz	4969626
begrabt	4969625
feuergefecht	4969624
lachhaft	4969623
streicher	4969622
kreator	4969621
abfalle	4969620
bereitschaftsraum	4969619
erstgeborene	4969618
lnuki	4969617
allemann	4969616
fernsehsendung	4969615
wohltat	4969614
winch	4969613
hirngespinste	4969612
caden	4969611
urteilt	4969610
militargericht	4969609
judo	4969608
autobahnen	4969607
karosse	4969606
fortwahrend	4969605
abschlussjahr	4969604
schonheitswettbewerb	4969603
nenner	4969602
pokerface	4969601
unannehmlichkeit	4969600
sussesten	4969599
deva	4969598
ruckbank	4969597
gilroy	4969596
tanke	4969595
weitergezogen	4969594
daedalus	4969593
vorgesungen	4969592
gegrusset	4969591
zusehe	4969590
bleichen	4969589
prozession	4969588
gestrige	4969587
steuere	4969586
weglaufst	4969585
signalisieren	4969584
personalausweis	4969583
vorherrschaft	4969582
spazierengehen	4969581
fc	4969580
einschuchterung	4969579
merlot	4969578
verschissenen	4969577
auffallend	4969576
sad	4969575
uberschwemmung	4969574
auswirkt	4969573
ansteht	4969572
fouroux	4969571
hodor	4969570
beryl	4969569
claypool	4969568
beizutragen	4969567
etiketten	4969566
jump	4969565
beehrt	4969564
ausubt	4969563
erschreckte	4969562
kaoru	4969561
susskartoffeln	4969560
degubrut	4969559
glynn	4969558
erlag	4969557
wg	4969556
ludlow	4969555
einraumen	4969554
naheren	4969553
tont	4969552
relikt	4969551
umstritten	4969550
eingriffe	4969549
uberzeug	4969548
verschiedensten	4969547
getoteten	4969546
frankiin	4969545
besuches	4969544
ausserirdisch	4969543
gluhend	4969542
unternahm	4969541
kunstlicher	4969540
safes	4969539
viertens	4969538
mafioso	4969537
premierministerin	4969536
tupfer	4969535
weltklasse	4969534
eingeschnappt	4969533
manon	4969532
tus	4969531
rance	4969530
fohn	4969529
musikalischen	4969528
seligkeit	4969527
bisweilen	4969526
verschissen	4969525
damme	4969524
acapulco	4969523
produzentin	4969522
murat	4969521
unterhielt	4969520
pheebs	4969519
erbauen	4969518
blanc	4969517
jammerlicher	4969516
ungarischen	4969515
kriegsbeil	4969514
howe	4969513
anzurichten	4969512
unerklarliche	4969511
tariq	4969510
snape	4969509
herbrachte	4969508
reproduktion	4969507
blutfluss	4969506
kundgebung	4969505
cologne	4969504
ilya	4969503
tarek	4969502
rotznase	4969501
verangstigte	4969500
hammermassig	4969499
korner	4969498
pendragon	4969497
anhohe	4969496
fabelhafter	4969495
libido	4969494
posieren	4969493
eingraviert	4969492
its	4969491
einfachere	4969490
victory	4969489
meyers	4969488
einzugrenzen	4969487
kredithai	4969486
sympathischer	4969485
aktuelles	4969484
schiussei	4969483
harumi	4969482
nachtklub	4969481
gesprachspartner	4969480
burgess	4969479
fruchtbarkeit	4969478
hinzugezogen	4969477
gesandte	4969476
burgunder	4969475
astaire	4969474
kartoffelsalat	4969473
transformation	4969472
kampfstern	4969471
erzahltest	4969470
vorstandssitzung	4969469
unuberlegtes	4969468
jobangebot	4969467
vereiteln	4969466
kantonesisch	4969465
magnetfeld	4969464
fuhltest	4969463
joana	4969462
friedensrichter	4969461
bruller	4969460
faulenzer	4969459
heilte	4969458
spielzimmer	4969457
nutzloses	4969456
pickles	4969455
dito	4969454
burchell	4969453
instrumenten	4969452
dunen	4969451
stichst	4969450
unbeholfen	4969449
gael	4969448
ausgeredet	4969447
hysterische	4969446
nuck	4969445
entspringt	4969444
rosig	4969443
uberwaltigende	4969442
hundehutte	4969441
filii	4969440
phrasen	4969439
frobisher	4969438
strengstens	4969437
augenklappe	4969436
turklingeln	4969435
palais	4969434
golem	4969433
flugangst	4969432
farbiger	4969431
vorbestimmt	4969430
zundete	4969429
chev	4969428
standiges	4969427
ausfuhrt	4969426
verlagert	4969425
kriegsgefangene	4969424
zugegen	4969423
livingston	4969422
ubertragenen	4969421
leidens	4969420
grosstante	4969419
weibsbild	4969418
theologie	4969417
brennstoff	4969416
tacker	4969415
gillis	4969414
durchbricht	4969413
hieronymus	4969412
schlusselkarte	4969411
argos	4969410
abgeneigt	4969409
zugestellt	4969408
rena	4969407
jacksons	4969406
diebesgut	4969405
erzeugte	4969404
dschungels	4969403
einteilen	4969402
zwangsarbeit	4969401
frevel	4969400
ultron	4969399
torso	4969398
trunkenbold	4969397
tatorte	4969396
wurmern	4969395
abgrundtief	4969394
herzleiden	4969393
explosive	4969392
weekly	4969391
gehorig	4969390
projizieren	4969389
eispickel	4969388
pforten	4969387
olympische	4969386
schwules	4969385
stalken	4969384
gluckszahl	4969383
cream	4969382
funfundzwanzig	4969381
leitern	4969380
tanzschule	4969379
reynholm	4969378
armbruster	4969377
buddhismus	4969376
verschlossene	4969375
spielfilm	4969374
bermudas	4969373
voice	4969372
zuruckzurufen	4969371
hausbesuch	4969370
zukunftiges	4969369
morderische	4969368
krieche	4969367
lanie	4969366
bittre	4969365
druide	4969364
flechten	4969363
weinerlich	4969362
klubs	4969361
yogi	4969360
stoppuhr	4969359
kawasaki	4969358
callum	4969357
tutet	4969356
zerfall	4969355
kuhlbox	4969354
knopfchen	4969353
schuldgefuhlen	4969352
services	4969351
radiosprecher	4969350
beschlagen	4969349
fragerei	4969348
babyparty	4969347
improvisation	4969346
rettungskapsel	4969345
hemmungslos	4969344
schnuppert	4969343
schallend	4969342
frittiert	4969341
odi	4969340
formulierung	4969339
habib	4969338
buddeln	4969337
pult	4969336
sancti	4969335
chirurgisch	4969334
sturzflug	4969333
staatlich	4969332
hinbiegen	4969331
einschlafe	4969330
pontiac	4969329
gestunken	4969328
pinzette	4969327
bundeln	4969326
radioaktiven	4969325
hana	4969324
beachtliche	4969323
liquidieren	4969322
sarek	4969321
saukerl	4969320
durchgeknallter	4969319
kamikaze	4969318
kamillentee	4969317
gesetzloser	4969316
japanerin	4969315
gurte	4969314
gehangen	4969313
meadows	4969312
iittie	4969311
mirko	4969310
meningitis	4969309
designs	4969308
krauts	4969307
fruheres	4969306
nervige	4969305
jud	4969304
laroche	4969303
seitwarts	4969302
fegt	4969301
xifeng	4969300
indianerin	4969299
bertie	4969298
zara	4969297
sophies	4969296
ucla	4969295
zooey	4969294
caspar	4969293
glasur	4969292
rumba	4969291
fernes	4969290
ronja	4969289
unterstutzten	4969288
zweifelsfrei	4969287
unzen	4969286
fancy	4969285
fullst	4969284
mischling	4969283
samtlicher	4969282
schadigen	4969281
legitime	4969280
fetisch	4969279
gehautet	4969278
artemis	4969277
vorgeschrieben	4969276
schriftzeichen	4969275
vokabular	4969274
caputo	4969273
buchhalterin	4969272
versklaven	4969271
rumgefahren	4969270
ruttelt	4969269
terroristischen	4969268
rascal	4969267
angesprungen	4969266
befrei	4969265
rumgeschnuffelt	4969264
weggeraumt	4969263
bekanntgabe	4969262
kommunikationssystem	4969261
samstagmorgen	4969260
kaltem	4969259
misere	4969258
simpler	4969257
sur	4969256
aufzwingen	4969255
montiert	4969254
einsatzteam	4969253
offentlichkeitsarbeit	4969252
katalysator	4969251
schoen	4969250
radieschen	4969249
jayne	4969248
bratwurst	4969247
donahue	4969246
shopping	4969245
durchgelesen	4969244
schmerzhafter	4969243
mitreissen	4969242
alleinstehend	4969241
seeley	4969240
maxi	4969239
ungarische	4969238
anlugt	4969237
mcgregor	4969236
killern	4969235
chaussy	4969234
gebildeter	4969233
ubergebt	4969232
vaseline	4969231
bereist	4969230
marika	4969229
silberner	4969228
handgranaten	4969227
eindammen	4969226
konsumiert	4969225
dougal	4969224
zuruckzuschlagen	4969223
schlepp	4969222
steuereintreiber	4969221
erhellen	4969220
beagle	4969219
reflektieren	4969218
svensson	4969217
auswandern	4969216
liberale	4969215
fata	4969214
bastian	4969213
gegenstuck	4969212
excelsior	4969211
simulationen	4969210
kille	4969209
majors	4969208
denkens	4969207
titelblatt	4969206
talentshow	4969205
bratpfanne	4969204
geistesgestort	4969203
smee	4969202
empfindung	4969201
eds	4969200
blodmanner	4969199
befragte	4969198
unfallen	4969197
fleh	4969196
verdaut	4969195
hinzuweisen	4969194
entsandt	4969193
opernhaus	4969192
vernebelt	4969191
angemessenes	4969190
hearst	4969189
fianders	4969188
ungezogener	4969187
vikings	4969186
doppelbett	4969185
odette	4969184
vorurteil	4969183
ubernaturliches	4969182
strafrechtlich	4969181
verdreifacht	4969180
tricia	4969179
studentenwohnheim	4969178
sapiens	4969177
clumsy	4969176
ubertont	4969175
oli	4969174
livius	4969173
umliegenden	4969172
kristoffer	4969171
gottliches	4969170
lyman	4969169
absturzstelle	4969168
auseinandersetzungen	4969167
telepathisch	4969166
meeresboden	4969165
luger	4969164
erlaubten	4969163
kunstgeschichte	4969162
risotto	4969161
seelenheil	4969160
beeindruckendes	4969159
verwahren	4969158
logistik	4969157
zeitstempel	4969156
schenkten	4969155
flachwichser	4969154
begrabe	4969153
kackt	4969152
nymphomanin	4969151
teeloffel	4969150
packungen	4969149
gepennt	4969148
reibe	4969147
tagtaglich	4969146
roar	4969145
parma	4969144
telefons	4969143
spirit	4969142
vorgedrungen	4969141
horgeschadigte	4969140
belange	4969139
kontinenten	4969138
jennys	4969137
weltreise	4969136
reingeplatzt	4969135
zutreffen	4969134
westeros	4969133
grausamkeiten	4969132
erzwungen	4969131
sicherheitskamera	4969130
pedale	4969129
tobe	4969128
operiere	4969127
fruchtchen	4969126
sturmte	4969125
koalition	4969124
erstsemester	4969123
stuhlgang	4969122
engstirnig	4969121
roarke	4969120
fabelhaften	4969119
mansfield	4969118
hohnisch	4969117
eierstocke	4969116
com	4969115
arzttermin	4969114
muder	4969113
investiere	4969112
genehmigungen	4969111
tendenzen	4969110
fatma	4969109
niedlicher	4969108
besonnen	4969107
entziehungskur	4969106
mannersache	4969105
dazwischengekommen	4969104
chien	4969103
hochrangige	4969102
verwest	4969101
kunststoff	4969100
ramme	4969099
zugewandt	4969098
kroger	4969097
schuldgefuhl	4969096
hochzeitsfeier	4969095
hochladen	4969094
kimono	4969093
dulles	4969092
beschlag	4969091
mcfly	4969090
uppig	4969089
terrier	4969088
auffrisst	4969087
tuchtige	4969086
farbenblind	4969085
whiteside	4969084
ausrichtung	4969083
sturmten	4969082
bedauerst	4969081
niedergelassen	4969080
rohrchen	4969079
gt	4969078
hercule	4969077
charter	4969076
herausgeschnitten	4969075
promi	4969074
index	4969073
synchro	4969072
rohen	4969071
mongolen	4969070
words	4969069
groove	4969068
taschenlampen	4969067
cherokee	4969066
geflickt	4969065
hauptdarstellerin	4969064
tui	4969063
keusch	4969062
peanut	4969061
revenge	4969060
tyree	4969059
einschusslocher	4969058
donnerstagabend	4969057
zeche	4969056
schusswaffe	4969055
turkey	4969054
frontal	4969053
versiehst	4969052
uniformierten	4969051
perfektioniert	4969050
inspirierte	4969049
wr	4969048
schutzte	4969047
erhitzen	4969046
schatzungsweise	4969045
angeregt	4969044
respektierte	4969043
roche	4969042
weggeschnappt	4969041
intimen	4969040
prompt	4969039
blinkt	4969038
punchy	4969037
sternbild	4969036
beugte	4969035
bernardo	4969034
unzufriedenheit	4969033
gettysburg	4969032
revision	4969031
umweltverschmutzung	4969030
bestandteile	4969029
studierten	4969028
melman	4969027
laborergebnisse	4969026
sorgsam	4969025
bluebell	4969024
miri	4969023
unwahr	4969022
festgemacht	4969021
metaphorisch	4969020
pionier	4969019
schieflauft	4969018
fashion	4969017
matzchen	4969016
eroberte	4969015
exodus	4969014
totschlags	4969013
abzusehen	4969012
menschenhandel	4969011
vegetation	4969010
langston	4969009
mechs	4969008
pressesprecher	4969007
oberstufe	4969006
fiir	4969005
unsympathisch	4969004
individuelle	4969003
einladst	4969002
indios	4969001
catering	4969000
zuckerguss	4968999
horgerat	4968998
bliss	4968997
verhohnen	4968996
unvorstellbare	4968995
sentimentalitat	4968994
auszupacken	4968993
sorbonne	4968992
sommersprosse	4968991
diesjahrige	4968990
hakenzahn	4968989
traums	4968988
loszulegen	4968987
zuverlassigen	4968986
durr	4968985
tada	4968984
walde	4968983
smaragd	4968982
verunsichern	4968981
einzulegen	4968980
mosen	4968979
naoki	4968978
clary	4968977
poststelle	4968976
knistert	4968975
abgesprungen	4968974
zeichensprache	4968973
jagger	4968972
abgestiegen	4968971
wutendes	4968970
blackbeard	4968969
beherrschst	4968968
stickerei	4968967
hoer	4968966
suicide	4968965
gehilfe	4968964
deeds	4968963
schwachsinnige	4968962
bauchspeicheldruse	4968961
lobenswert	4968960
kontamination	4968959
zyanid	4968958
rausgefallen	4968957
verzaubern	4968956
vektor	4968955
shockley	4968954
ehrenhaften	4968953
bequemlichkeit	4968952
grauenhafte	4968951
kampfsport	4968950
schmerzensschrei	4968949
weilen	4968948
schlagstock	4968947
bridges	4968946
verwegen	4968945
erfolgreiches	4968944
autismus	4968943
stillstehen	4968942
unermesslich	4968941
uberfluten	4968940
bearbeitung	4968939
kalber	4968938
voreilige	4968937
schlussig	4968936
gemeindezentrum	4968935
tragisches	4968934
uberdauern	4968933
zebras	4968932
uralter	4968931
geisteskranken	4968930
gestohlener	4968929
beweislage	4968928
feet	4968927
shooting	4968926
kebab	4968925
wolfsblut	4968924
publikums	4968923
geheuer	4968922
kapitalisten	4968921
aussenstelle	4968920
filtern	4968919
toretto	4968918
desselben	4968917
babu	4968916
befasse	4968915
unzurechnungsfahig	4968914
eingebildete	4968913
unorthodox	4968912
sauf	4968911
volumen	4968910
kampfbereit	4968909
ciro	4968908
bespreche	4968907
kafigen	4968906
abtrunnig	4968905
gestiftet	4968904
teufeln	4968903
clancy	4968902
spezifische	4968901
gefluster	4968900
verblute	4968899
tritte	4968898
abnehmer	4968897
umkam	4968896
vertickt	4968895
hayward	4968894
konferenzen	4968893
lohnerhohung	4968892
haufigsten	4968891
hervorragendes	4968890
maulesel	4968889
anmerkung	4968888
intelligence	4968887
gefahrdest	4968886
ride	4968885
verrucktesten	4968884
bms	4968883
hoffnungslose	4968882
vertraumte	4968881
dreitausend	4968880
verdampft	4968879
zuruckkaufen	4968878
ville	4968877
antennen	4968876
kristoff	4968875
return	4968874
eingekreist	4968873
damons	4968872
aston	4968871
temps	4968870
geklont	4968869
schanden	4968868
sumida	4968867
unterrichtest	4968866
herausziehen	4968865
betrugereien	4968864
ige	4968863
transe	4968862
tabelle	4968861
jungens	4968860
probefahrt	4968859
rumkriegen	4968858
mub	4968857
giorno	4968856
brainpower	4968855
mehrfache	4968854
warlock	4968853
couscous	4968852
krasser	4968851
sears	4968850
blumenstrauss	4968849
shaitana	4968848
unterwurfig	4968847
standby	4968846
zusammengetan	4968845
vereitelt	4968844
staffelfinale	4968843
mysterioses	4968842
dunkelkammer	4968841
rosemarie	4968840
kathrin	4968839
laufburschen	4968838
poison	4968837
charlottes	4968836
velrans	4968835
grunzeug	4968834
geografie	4968833
produkten	4968832
arroganten	4968831
mikrofone	4968830
vorstoss	4968829
leitungswasser	4968828
razzien	4968827
crocker	4968826
barley	4968825
schlanker	4968824
aktualisiert	4968823
norad	4968822
hereinkommt	4968821
genehmige	4968820
goss	4968819
fixe	4968818
handflachen	4968817
verhaltensmuster	4968816
unbeschadigt	4968815
anzufuhren	4968814
abstrakt	4968813
bettle	4968812
billys	4968811
kartei	4968810
edam	4968809
follow	4968808
psychotischen	4968807
schweigens	4968806
hirogen	4968805
pinkelst	4968804
ausweiten	4968803
nachahmungstater	4968802
wagenheber	4968801
amputation	4968800
souffle	4968799
spielerei	4968798
alkoholikern	4968797
sensiblen	4968796
anbruch	4968795
empfindlichen	4968794
kellys	4968793
gewagte	4968792
ertappen	4968791
anspringen	4968790
gestell	4968789
cheri	4968788
mallorca	4968787
huber	4968786
einzupacken	4968785
abschnitte	4968784
danisch	4968783
gleichstand	4968782
shiva	4968781
zeitdruck	4968780
bleibenden	4968779
brems	4968778
ausserungen	4968777
sicherheitsrisiko	4968776
padma	4968775
uberquerte	4968774
gutaussehenden	4968773
einzuleiten	4968772
liefe	4968771
sprengsatze	4968770
selbstbeherrschung	4968769
ausgelaufen	4968768
inning	4968767
zedd	4968766
bruchstucke	4968765
wassern	4968764
ronin	4968763
erachtet	4968762
siam	4968761
unterging	4968760
austen	4968759
eta	4968758
kuhne	4968757
demutigungen	4968756
geflugel	4968755
nationales	4968754
herbekommen	4968753
godwyn	4968752
unterhaltet	4968751
knocheln	4968750
hao	4968749
waffensystem	4968748
vida	4968747
rucksacke	4968746
starrten	4968745
shilo	4968744
staatsfeind	4968743
miraculix	4968742
bray	4968741
exkursion	4968740
bedrohten	4968739
gesegnete	4968738
herausgeholt	4968737
dienerschaft	4968736
cyber	4968735
loves	4968734
bauernhaus	4968733
stehts	4968732
abgemeldet	4968731
strawberry	4968730
suff	4968729
wahnvorstellung	4968728
zusammenbrach	4968727
mistding	4968726
jara	4968725
waden	4968724
verschlusselten	4968723
geheimagenten	4968722
verdachtigungen	4968721
flussigen	4968720
export	4968719
sandoval	4968718
ungebildet	4968717
nachrichtensprecher	4968716
baileys	4968715
jahzornig	4968714
mil	4968713
apparate	4968712
satzung	4968711
ikarus	4968710
orlow	4968709
blythe	4968708
bengtzon	4968707
zuruckliess	4968706
hair	4968705
umgehst	4968704
meera	4968703
tampon	4968702
tadel	4968701
vorteilhaft	4968700
deserteure	4968699
triple	4968698
grundlicher	4968697
anzukampfen	4968696
betraten	4968695
brauchbare	4968694
sanford	4968693
tallahassee	4968692
derartigen	4968691
goldgrube	4968690
herunterkommen	4968689
aushaltst	4968688
pasteten	4968687
schlauberger	4968686
bogenschutze	4968685
sprungbrett	4968684
valance	4968683
kovak	4968682
notiger	4968681
flussabwarts	4968680
winn	4968679
umhoren	4968678
ohrstopsel	4968677
tranke	4968676
schmeichler	4968675
antreiben	4968674
footballspieler	4968673
ruhreier	4968672
dagmar	4968671
augenweide	4968670
tellerwascher	4968669
portugiese	4968668
mile	4968667
wlan	4968666
sandkasten	4968665
dov	4968664
standing	4968663
christoffer	4968662
tuen	4968661
verzauberten	4968660
sis	4968659
atemlos	4968658
hungert	4968657
ute	4968656
tiefstes	4968655
bloods	4968654
gebrau	4968653
mystischen	4968652
zusammengeflickt	4968651
gulliver	4968650
shaws	4968649
gesegelt	4968648
download	4968647
wunschdenken	4968646
schwerwiegende	4968645
umwerfende	4968644
panzerung	4968643
betraut	4968642
bildes	4968641
einstudiert	4968640
bully	4968639
dressing	4968638
hochzeitstorte	4968637
fantasiert	4968636
yet	4968635
robyn	4968634
nd	4968633
macken	4968632
entflammt	4968631
videothek	4968630
ahem	4968629
angelique	4968628
erwarmt	4968627
verkehrslarm	4968626
begehrte	4968625
geschult	4968624
brate	4968623
trakt	4968622
entzugsklinik	4968621
misthaufen	4968620
wohlhabenden	4968619
verabschiedung	4968618
abhaben	4968617
entweiht	4968616
nielsen	4968615
lieberman	4968614
erwarmen	4968613
edge	4968612
katharine	4968611
studienjahr	4968610
finanzieller	4968609
shuttlerampe	4968608
mindern	4968607
vergessenen	4968606
westside	4968605
bankdirektor	4968604
petz	4968603
begehrst	4968602
draco	4968601
symmetrie	4968600
abzutreten	4968599
fahrmann	4968598
begierden	4968597
larsson	4968596
monatliche	4968595
familiaren	4968594
sigmund	4968593
renoir	4968592
unvergleichlich	4968591
nationalpark	4968590
spiritueller	4968589
dolph	4968588
rettungsmission	4968587
handtaschen	4968586
pfannen	4968585
langsames	4968584
bosses	4968583
wiederzubekommen	4968582
shari	4968581
hasslichkeit	4968580
homosexueller	4968579
verpfandet	4968578
evening	4968577
verrichtet	4968576
armseliges	4968575
drangehen	4968574
frommer	4968573
mandi	4968572
identifiziere	4968571
mp	4968570
aftershave	4968569
zuschlag	4968568
faulenzen	4968567
verschliess	4968566
nachbildung	4968565
errol	4968564
instituts	4968563
meerschweinchen	4968562
tankwart	4968561
meinetwillen	4968560
koppel	4968559
bremen	4968558
sanjay	4968557
sirius	4968556
gigantischer	4968555
schneeflocke	4968554
cailin	4968553
alltaglichen	4968552
riesengrosse	4968551
steuerfrei	4968550
versand	4968549
technicolor	4968548
verschaff	4968547
schorsch	4968546
schampus	4968545
fliegendes	4968544
baseballspiel	4968543
californication	4968542
prozentsatz	4968541
rotterdam	4968540
amc	4968539
niedere	4968538
phosphor	4968537
zui	4968536
chandier	4968535
lobt	4968534
hineingeraten	4968533
manne	4968532
giants	4968531
versteigern	4968530
absinth	4968529
debatten	4968528
faszinierenden	4968527
akron	4968526
ackerman	4968525
kodai	4968524
lichtjahren	4968523
islamabad	4968522
abzureisen	4968521
hailey	4968520
fremont	4968519
heimisch	4968518
trampen	4968517
daumchen	4968516
immens	4968515
deckmantel	4968514
laird	4968513
gestreut	4968512
creel	4968511
sperrten	4968510
hauptbahnhof	4968509
geilste	4968508
herrsche	4968507
spenser	4968506
ausdruckt	4968505
halsabschneider	4968504
beeinflussung	4968503
ausseht	4968502
trommelt	4968501
turnen	4968500
eskimos	4968499
beizustehen	4968498
anzuzeigen	4968497
installation	4968496
pennt	4968495
karras	4968494
besoffenen	4968493
munkelt	4968492
pinot	4968491
sechst	4968490
filzen	4968489
dienstwaffe	4968488
konzipiert	4968487
paley	4968486
handsome	4968485
schulbehorde	4968484
mauser	4968483
deans	4968482
ausgesaugt	4968481
hollenloch	4968480
anstreben	4968479
beilegen	4968478
verteiler	4968477
wildkatze	4968476
methan	4968475
psychos	4968474
verwunderlich	4968473
defekten	4968472
unbegrenzten	4968471
swanson	4968470
verangstigen	4968469
verneigen	4968468
sharma	4968467
michele	4968466
zenith	4968465
schnurchen	4968464
beschmiert	4968463
kontroverse	4968462
verliebter	4968461
singularitat	4968460
vibrieren	4968459
bran	4968458
arbeitskraft	4968457
apfeln	4968456
kieran	4968455
haddie	4968454
brennholz	4968453
riton	4968452
grossonkel	4968451
mitkriegt	4968450
ater	4968449
goody	4968448
psalm	4968447
gierige	4968446
mancini	4968445
enkelsohn	4968444
abrasiert	4968443
bluthochdruck	4968442
instabilitat	4968441
abba	4968440
gegenseite	4968439
carnegie	4968438
plastischen	4968437
geladenen	4968436
nervosen	4968435
mitreden	4968434
mas	4968433
impfungen	4968432
gehassig	4968431
drillinge	4968430
hohlkopf	4968429
fertige	4968428
moogie	4968427
patientinnen	4968426
zek	4968425
mumps	4968424
peak	4968423
schnorrer	4968422
colonna	4968421
schosshundchen	4968420
regelung	4968419
peinliches	4968418
aufgezwungen	4968417
unterzeichnete	4968416
heath	4968415
buchfuhrung	4968414
rosten	4968413
verwahrt	4968412
bard	4968411
taktisches	4968410
pheromone	4968409
feurigen	4968408
milchkaffee	4968407
corso	4968406
wangenknochen	4968405
vorfahre	4968404
emery	4968403
kleb	4968402
einlud	4968401
juliana	4968400
zhen	4968399
anfechten	4968398
auszuhandigen	4968397
reaktivieren	4968396
gescheiterten	4968395
lakers	4968394
borden	4968393
elternabend	4968392
besprachen	4968391
expo	4968390
unvergessliche	4968389
auffuhrt	4968388
defensiv	4968387
keyser	4968386
vizekonig	4968385
neck	4968384
landurlaub	4968383
anspannen	4968382
blaise	4968381
ausdiskutieren	4968380
rappen	4968379
lahmt	4968378
erntedankfest	4968377
auszahlung	4968376
entlein	4968375
nachtdienst	4968374
jessicas	4968373
mengele	4968372
schadensbegrenzung	4968371
seriennummern	4968370
nebeneffekt	4968369
rhetorische	4968368
analysten	4968367
draufsteht	4968366
mexikanisch	4968365
restliches	4968364
aktivierte	4968363
arav	4968362
krakau	4968361
abschminken	4968360
bonnet	4968359
entwarnung	4968358
schockierende	4968357
aussenstehenden	4968356
yeti	4968355
enzym	4968354
sudpol	4968353
telepathischen	4968352
britisches	4968351
korperliches	4968350
fear	4968349
verurteilst	4968348
knowles	4968347
hegte	4968346
westminster	4968345
streichle	4968344
mildernde	4968343
amyas	4968342
phileas	4968341
durchschuss	4968340
leia	4968339
assistenzarztin	4968338
unnotiges	4968337
opfergabe	4968336
absurden	4968335
shotgun	4968334
esperanza	4968333
ranmachen	4968332
schaltkreis	4968331
ke	4968330
kommts	4968329
lovell	4968328
schlusselanhanger	4968327
pussycat	4968326
helsinki	4968325
connolly	4968324
este	4968323
gargamel	4968322
sat	4968321
gebilligt	4968320
barrel	4968319
autobots	4968318
hommage	4968317
sunrise	4968316
crescent	4968315
dosenoffner	4968314
riskante	4968313
anhanglich	4968312
urknall	4968311
verzerrung	4968310
zersplittert	4968309
junggesellenparty	4968308
stubenarrest	4968307
gerti	4968306
schaltung	4968305
runterkommt	4968304
verschworungen	4968303
gregg	4968302
athos	4968301
umarmte	4968300
aufgemischt	4968299
blanca	4968298
montmartre	4968297
vorbilder	4968296
blauem	4968295
gesinnung	4968294
trina	4968293
limited	4968292
ausbauen	4968291
bereitstehen	4968290
ubergib	4968289
raider	4968288
erfrischungen	4968287
eintrat	4968286
schuttelte	4968285
miesepeter	4968284
krankhaft	4968283
statusbericht	4968282
besserungsanstalt	4968281
heilende	4968280
wusst	4968279
angemalt	4968278
auskosten	4968277
nachjagen	4968276
markos	4968275
lhasa	4968274
telegrafiert	4968273
sommertag	4968272
klette	4968271
fuhrender	4968270
schandliche	4968269
gitarrist	4968268
grauel	4968267
victorias	4968266
rma	4968265
durchhalt	4968264
betroffene	4968263
dinieren	4968262
brook	4968261
arbeitsstelle	4968260
anruhrst	4968259
cochrane	4968258
erfolgs	4968257
gesundheitszustand	4968256
klargekommen	4968255
departments	4968254
malkovich	4968253
chrysler	4968252
pearce	4968251
musikern	4968250
schmierig	4968249
funkverbindung	4968248
puppenhaus	4968247
derzui	4968246
whittaker	4968245
zugeschickt	4968244
ausgespannt	4968243
abzuschiessen	4968242
angebaut	4968241
wesson	4968240
verleumdet	4968239
astronomen	4968238
erdatmosphare	4968237
pizzas	4968236
hinsetzt	4968235
archive	4968234
spinnweben	4968233
vollstes	4968232
dreiviertel	4968231
ashby	4968230
tulse	4968229
abgemurkst	4968228
exeter	4968227
junko	4968226
bedienstete	4968225
behaart	4968224
regeneration	4968223
bligh	4968222
wataru	4968221
kardinals	4968220
hauptfigur	4968219
beethovens	4968218
vermassle	4968217
einflussreich	4968216
sonnensystems	4968215
treuhandfonds	4968214
rausholt	4968213
lebenslangen	4968212
pepi	4968211
toppen	4968210
nachfullen	4968209
schonem	4968208
nitroglyzerin	4968207
aufwiedersehen	4968206
vaterschaftstest	4968205
behielten	4968204
dienstnummer	4968203
anguckt	4968202
manila	4968201
notbremse	4968200
integration	4968199
aphrodisiakum	4968198
hornblower	4968197
ishikawa	4968196
uhrmacher	4968195
ubergriffe	4968194
faible	4968193
erschutterung	4968192
schliefst	4968191
julies	4968190
fender	4968189
angsthasen	4968188
teamarbeit	4968187
erfulltes	4968186
mordor	4968185
reddle	4968184
barn	4968183
aufkaufen	4968182
bezirzen	4968181
segler	4968180
thornhill	4968179
herausschneiden	4968178
ruhmreichen	4968177
anselmo	4968176
obliegt	4968175
moneypenny	4968174
lauda	4968173
unmittelbarer	4968172
vogler	4968171
dienstes	4968170
krassen	4968169
ausschutten	4968168
kurzform	4968167
momento	4968166
eskortiert	4968165
mtv	4968164
berate	4968163
yea	4968162
schwimmbecken	4968161
luftballons	4968160
vorbeugen	4968159
befunde	4968158
reykjavik	4968157
solides	4968156
ausgingen	4968155
strahlst	4968154
beharrlichkeit	4968153
bussgeld	4968152
sportplatz	4968151
gadget	4968150
chevrolet	4968149
vorfreude	4968148
naniten	4968147
verwendest	4968146
spritzte	4968145
nuys	4968144
weigerten	4968143
sitzenlassen	4968142
elly	4968141
schlittschuhe	4968140
gelangten	4968139
rauszulassen	4968138
gutachter	4968137
ie	4968136
tobbe	4968135
ermudet	4968134
geburten	4968133
herrschenden	4968132
ungleichgewicht	4968131
patenkind	4968130
snart	4968129
wake	4968128
midway	4968127
pod	4968126
deer	4968125
computersystem	4968124
froher	4968123
widersacher	4968122
abrams	4968121
rechtschreibung	4968120
feldes	4968119
gesellig	4968118
bibliothekarin	4968117
raquel	4968116
ablegt	4968115
beschneiden	4968114
gustaf	4968113
terrorakte	4968112
wettest	4968111
gehirnen	4968110
delenn	4968109
nichtmehr	4968108
maiden	4968107
kraken	4968106
hitzig	4968105
fahrgestell	4968104
conrads	4968103
bosartiger	4968102
vector	4968101
stans	4968100
funftes	4968099
preist	4968098
zogerte	4968097
darlegen	4968096
geschlechter	4968095
entpuppt	4968094
schwesternschaft	4968093
papstlichen	4968092
arschbacken	4968091
einschrankung	4968090
verunreinigt	4968089
demon	4968088
hyatt	4968087
registrierte	4968086
sammelten	4968085
kosovo	4968084
verfasser	4968083
versus	4968082
grog	4968081
massenweise	4968080
rae	4968079
plural	4968078
rotzloffel	4968077
massstabe	4968076
feststeht	4968075
davie	4968074
kimball	4968073
wonderful	4968072
pulverfass	4968071
gescheut	4968070
abzuknallen	4968069
ladegerat	4968068
telefonanrufe	4968067
augenzeugin	4968066
kalzium	4968065
leiblicher	4968064
hosentrager	4968063
navigationssystem	4968062
dazustehen	4968061
uberhoren	4968060
prentice	4968059
gustl	4968058
siegerin	4968057
xin	4968056
deflektor	4968055
flugelmann	4968054
grolen	4968053
schonster	4968052
verklag	4968051
hisst	4968050
aufspielen	4968049
schniefen	4968048
herangehensweise	4968047
abkurzungen	4968046
zuruckzunehmen	4968045
nebensachlich	4968044
ausgetreten	4968043
hellste	4968042
tsukiko	4968041
undankbaren	4968040
zecke	4968039
sarajevo	4968038
relevanten	4968037
beschleuniger	4968036
bewusstseins	4968035
hester	4968034
tiefsinnig	4968033
rassistische	4968032
betreffenden	4968031
arlen	4968030
panzerwagen	4968029
gordy	4968028
wachmanner	4968027
reprasentant	4968026
eiin	4968025
kabeljau	4968024
morten	4968023
einsatzbesprechung	4968022
gerieben	4968021
dogen	4968020
turners	4968019
beilage	4968018
ausguck	4968017
ausgrabungen	4968016
strohmann	4968015
turoffner	4968014
hetze	4968013
ahornsirup	4968012
warpgeschwindigkeit	4968011
muffy	4968010
claudette	4968009
reinzuziehen	4968008
deux	4968007
geluste	4968006
kikeriki	4968005
achmed	4968004
papstliche	4968003
ethische	4968002
dezent	4968001
herausreissen	4968000
liebesgeschichten	4967999
geschaftsmanner	4967998
hanover	4967997
essbar	4967996
wirbelsturm	4967995
drogenmissbrauch	4967994
track	4967993
nickie	4967992
hilfssheriffs	4967991
verrenkt	4967990
kannibale	4967989
fantasy	4967988
wilsons	4967987
wiederkam	4967986
anhabe	4967985
schleimige	4967984
brabbelt	4967983
hochbringen	4967982
shooter	4967981
zerreisse	4967980
awesome	4967979
dominiert	4967978
gedichten	4967977
hawes	4967976
bischofe	4967975
durham	4967974
tink	4967973
dobson	4967972
silo	4967971
called	4967970
schnepfe	4967969
fatale	4967968
command	4967967
durftig	4967966
kreises	4967965
kinsey	4967964
kunstform	4967963
ibm	4967962
fiele	4967961
duckt	4967960
vive	4967959
superkraft	4967958
lehrgang	4967957
autowerkstatt	4967956
angesammelt	4967955
elbe	4967954
sozialdienst	4967953
schriller	4967952
beruhrten	4967951
stierkampfer	4967950
hauptgrund	4967949
sandsack	4967948
joch	4967947
chilton	4967946
unpasslich	4967945
drummond	4967944
jasons	4967943
zupacken	4967942
doherty	4967941
zwecks	4967940
itaker	4967939
ramiro	4967938
corvax	4967937
givens	4967936
tommaso	4967935
klebe	4967934
ausgeweidet	4967933
schuren	4967932
preises	4967931
winkelmann	4967930
schadenersatz	4967929
rehabilitieren	4967928
verschlucken	4967927
hinzugeben	4967926
zusatzartikel	4967925
versauern	4967924
merde	4967923
materielle	4967922
saints	4967921
desinfektionsmittel	4967920
mutmassliche	4967919
militarbasis	4967918
bulls	4967917
bergleute	4967916
absehen	4967915
jahrige	4967914
gegonnt	4967913
sticker	4967912
versicherungspolice	4967911
staatsstreich	4967910
altmodischer	4967909
knallte	4967908
impfung	4967907
niedliches	4967906
hinterlegen	4967905
geldverschwendung	4967904
hiernach	4967903
geohrfeigt	4967902
ungiaubiich	4967901
wanken	4967900
standchen	4967899
schibetta	4967898
verraters	4967897
ravi	4967896
drastische	4967895
solis	4967894
rancher	4967893
reingehst	4967892
aschenbrodel	4967891
rescue	4967890
bewachst	4967889
spezifikationen	4967888
iranische	4967887
crank	4967886
trubt	4967885
tablet	4967884
roark	4967883
abstrich	4967882
ersatzmann	4967881
wichtigem	4967880
vorzufinden	4967879
anamie	4967878
ehrenhafter	4967877
gesetzliche	4967876
mordverdacht	4967875
talkshow	4967874
atomaren	4967873
halluzinieren	4967872
maester	4967871
nachfolgerin	4967870
fon	4967869
ubergewicht	4967868
einschliesst	4967867
strolchi	4967866
teenagern	4967865
theben	4967864
vorhalten	4967863
kovacs	4967862
raban	4967861
atemnot	4967860
caseys	4967859
geruht	4967858
kaye	4967857
fantasieren	4967856
shado	4967855
gestutzt	4967854
begunstigt	4967853
drusen	4967852
braithwaite	4967851
abgefahrene	4967850
targaryen	4967849
himmelherrgott	4967848
quickie	4967847
mutterleib	4967846
vergast	4967845
diktat	4967844
dienstzeit	4967843
allergrosste	4967842
teleportieren	4967841
verdrahtet	4967840
condor	4967839
verschwindens	4967838
luthors	4967837
klitzekleinen	4967836
klans	4967835
fundig	4967834
pap	4967833
schuchterne	4967832
dynamite	4967831
abzufeuern	4967830
merrill	4967829
gegnerischen	4967828
deluxe	4967827
dunja	4967826
lokaler	4967825
kreuzigung	4967824
planetarium	4967823
mitarbeiten	4967822
shang	4967821
anrufs	4967820
begehst	4967819
veranlasse	4967818
voigt	4967817
padophilen	4967816
uberlebenskunstler	4967815
gr	4967814
verdeutlichen	4967813
kriegsgefangener	4967812
galeere	4967811
abgetrennten	4967810
huss	4967809
aufrichtigen	4967808
eiskalten	4967807
korperkontakt	4967806
einvernehmlich	4967805
unschone	4967804
durchlesen	4967803
interagieren	4967802
beglucken	4967801
wedeln	4967800
illia	4967799
reichten	4967798
zura	4967797
verstandlicherweise	4967796
burr	4967795
kohlenhydrate	4967794
qaida	4967793
spektakulare	4967792
umlegt	4967791
rausschicken	4967790
laure	4967789
niederschlagen	4967788
mmmh	4967787
prager	4967786
verdrehten	4967785
missionar	4967784
lefebvre	4967783
verdroschen	4967782
erzieht	4967781
hollandischen	4967780
wee	4967779
ihrerseits	4967778
herold	4967777
sequenzen	4967776
anka	4967775
verdachts	4967774
generaloberst	4967773
bluffst	4967772
mittlerer	4967771
maps	4967770
commissaire	4967769
besatzungsmitglieder	4967768
australischen	4967767
pippin	4967766
aussenstehende	4967765
weggeschafft	4967764
herzelinde	4967763
weiserthomas	4967762
lebensweg	4967761
schlepptau	4967760
beam	4967759
vespa	4967758
schnellzug	4967757
beschreib	4967756
geographie	4967755
einfalle	4967754
kieker	4967753
sok	4967752
schummelst	4967751
verbal	4967750
unvoreingenommen	4967749
sockel	4967748
goring	4967747
fress	4967746
guinevere	4967745
zucchini	4967744
frisuren	4967743
verwette	4967742
wracks	4967741
ziert	4967740
nachzukommen	4967739
dramatik	4967738
warlow	4967737
telefongesprach	4967736
reservoir	4967735
malheur	4967734
rasierst	4967733
himalaya	4967732
os	4967731
schulfreund	4967730
testete	4967729
nachempfinden	4967728
glamour	4967727
hoho	4967726
tet	4967725
trois	4967724
versaute	4967723
ehrerbietung	4967722
handfeste	4967721
verwandelten	4967720
krista	4967719
esta	4967718
vorsatzlichen	4967717
mamiya	4967716
gaalan	4967715
mittelalterlichen	4967714
olympus	4967713
gefriertruhe	4967712
hofstadter	4967711
anfangerin	4967710
rammte	4967709
enigma	4967708
hochgejagt	4967707
eisbar	4967706
landlichen	4967705
vorzufuhren	4967704
wachtel	4967703
gallonen	4967702
heizt	4967701
buchs	4967700
lynchen	4967699
aug	4967698
uhrzeigersinn	4967697
lausche	4967696
decima	4967695
vorwiegend	4967694
wahrnimmt	4967693
shark	4967692
trommelfell	4967691
maschinerie	4967690
treffend	4967689
explorer	4967688
qualvollen	4967687
berufs	4967686
ines	4967685
durchzuhalten	4967684
ldioten	4967683
unethisch	4967682
disa	4967681
kasinos	4967680
brezel	4967679
zwecken	4967678
zieren	4967677
weisheiten	4967676
positionieren	4967675
zeigs	4967674
autors	4967673
stadtgrenze	4967672
kolleginnen	4967671
kinderchen	4967670
importieren	4967669
gefriert	4967668
kleinholz	4967667
though	4967666
bedrangnis	4967665
einreissen	4967664
annonce	4967663
ausmasses	4967662
geseh	4967661
brustwarze	4967660
armreif	4967659
arrangements	4967658
massiver	4967657
schrot	4967656
friedhofe	4967655
anmalen	4967654
nachgestellt	4967653
revolverhelden	4967652
arch	4967651
rezian	4967650
einzelteile	4967649
belly	4967648
mesdames	4967647
auszuhandeln	4967646
zweitbesetzung	4967645
triumphiert	4967644
jumper	4967643
abdullah	4967642
fatbrat	4967641
wackel	4967640
portrats	4967639
stresst	4967638
uberdacht	4967637
furchterliches	4967636
seefahrer	4967635
verfliegt	4967634
levine	4967633
visuell	4967632
bosem	4967631
holding	4967630
rechtschaffen	4967629
matsumoto	4967628
plappern	4967627
schnattert	4967626
kompromittieren	4967625
thriller	4967624
aufgewarmt	4967623
skype	4967622
anstossig	4967621
kribbelt	4967620
befreiten	4967619
liras	4967618
anlehnen	4967617
abmachungen	4967616
kyi	4967615
heiterkeit	4967614
faszinieren	4967613
hessington	4967612
blob	4967611
bostoner	4967610
helge	4967609
liebesaffare	4967608
wakefield	4967607
mitzugehen	4967606
balla	4967605
weiterkomm	4967604
nyssa	4967603
enough	4967602
vergriffen	4967601
tirol	4967600
versaue	4967599
wirwerden	4967598
lichtstrahl	4967597
georgette	4967596
gothams	4967595
stryker	4967594
simsen	4967593
joakim	4967592
bebe	4967591
odins	4967590
sprenge	4967589
redford	4967588
indochina	4967587
satzen	4967586
brautigams	4967585
gesprachsthema	4967584
entflohenen	4967583
ausserte	4967582
repertoire	4967581
einzahlung	4967580
permanente	4967579
liedes	4967578
studentenverbindung	4967577
phantastische	4967576
dickson	4967575
shine	4967574
medlock	4967573
vorschlug	4967572
weggepustet	4967571
griggs	4967570
spast	4967569
vampirblut	4967568
bereisen	4967567
extravagant	4967566
fo	4967565
gedealt	4967564
niro	4967563
oie	4967562
ruberbringen	4967561
kents	4967560
ublicher	4967559
bauers	4967558
manie	4967557
potenziell	4967556
producer	4967555
porgy	4967554
abhaue	4967553
bogenschiessen	4967552
desperate	4967551
richterliche	4967550
annulliert	4967549
brechstange	4967548
legionare	4967547
keck	4967546
einpflanzen	4967545
schmuggelware	4967544
kleinkram	4967543
sudlicher	4967542
tanzende	4967541
geir	4967540
mikrochip	4967539
beschneidung	4967538
begebenheit	4967537
fernsehshow	4967536
gesinnt	4967535
programmierte	4967534
gerast	4967533
nelke	4967532
nabel	4967531
schlanke	4967530
manno	4967529
erblich	4967528
trichter	4967527
dominanz	4967526
koennte	4967525
athiopien	4967524
reptil	4967523
milchmann	4967522
miley	4967521
dido	4967520
dolls	4967519
matsuko	4967518
mechanisches	4967517
schnickschnack	4967516
praktiken	4967515
fallschirmjager	4967514
erschrecke	4967513
atemzuge	4967512
eskalieren	4967511
prachtexemplar	4967510
originelle	4967509
hales	4967508
opferst	4967507
ryker	4967506
spatere	4967505
ablecken	4967504
einschleusen	4967503
nagasaki	4967502
externen	4967501
speist	4967500
glitzern	4967499
jabbar	4967498
sisters	4967497
radfahren	4967496
thraker	4967495
sparte	4967494
tolliver	4967493
geizkragen	4967492
fortpflanzen	4967491
mahmoud	4967490
vorvater	4967489
eichmann	4967488
mclintock	4967487
molekul	4967486
soto	4967485
inhaftierung	4967484
dchen	4967483
estes	4967482
erdrutsch	4967481
untertassen	4967480
dekret	4967479
eton	4967478
pep	4967477
soze	4967476
kahlen	4967475
covington	4967474
catch	4967473
hollenfeuer	4967472
zeta	4967471
maitland	4967470
neuestes	4967469
haarspray	4967468
henk	4967467
sandsturm	4967466
fahrzeugpapiere	4967465
atul	4967464
gleichschritt	4967463
charisma	4967462
deponieren	4967461
gespeist	4967460
verschiebung	4967459
scheissjob	4967458
sturmischen	4967457
nierenversagen	4967456
dazugelernt	4967455
einzahlen	4967454
hoffa	4967453
erotischen	4967452
ungestum	4967451
schnitzeljagd	4967450
hurt	4967449
indianapolis	4967448
huntley	4967447
asbest	4967446
entspannte	4967445
sterbeurkunde	4967444
bone	4967443
roxie	4967442
skepsis	4967441
charakters	4967440
faselst	4967439
computerstimme	4967438
abrucken	4967437
bedingungslose	4967436
tars	4967435
begruben	4967434
bossen	4967433
faszinierender	4967432
rumzulaufen	4967431
shakaar	4967430
anbaggern	4967429
ahnlichem	4967428
feuerbereit	4967427
baylor	4967426
abzudecken	4967425
mcleod	4967424
helens	4967423
eintreiben	4967422
prafektur	4967421
remo	4967420
eingegraben	4967419
abbezahlen	4967418
groucho	4967417
mittelstufe	4967416
verkneifen	4967415
booty	4967414
rotation	4967413
tears	4967412
sinnvolle	4967411
verstreuen	4967410
undine	4967409
einzigartiger	4967408
leibesvisitation	4967407
madden	4967406
weltgeschichte	4967405
tian	4967404
epi	4967403
hurtig	4967402
bauchmuskeln	4967401
klavierklange	4967400
wahnhaft	4967399
roys	4967398
einschuchternd	4967397
reliquie	4967396
kor	4967395
hearts	4967394
synapse	4967393
vollstandiger	4967392
bucherregal	4967391
knallharter	4967390
ikea	4967389
warwick	4967388
sepp	4967387
ehrenhafte	4967386
dome	4967385
regenzeit	4967384
preisverleihung	4967383
age	4967382
egos	4967381
mietet	4967380
specht	4967379
murmel	4967378
itchy	4967377
kringle	4967376
mahne	4967375
achseln	4967374
wegfuhr	4967373
yuen	4967372
doomsday	4967371
hurden	4967370
jefe	4967369
bestiehlt	4967368
breites	4967367
begebe	4967366
verkuppelt	4967365
umbauen	4967364
alcide	4967363
sakrileg	4967362
caramba	4967361
patronenhulse	4967360
runterladen	4967359
hormonen	4967358
jacuzzi	4967357
bic	4967356
spit	4967355
talon	4967354
oceanic	4967353
einloggen	4967352
pilgrim	4967351
teufelskreis	4967350
bora	4967349
geschimpft	4967348
duluth	4967347
oberinspektor	4967346
brennender	4967345
schwerelosigkeit	4967344
euern	4967343
unhorbar	4967342
tropische	4967341
widerlegt	4967340
aljoscha	4967339
mitzvah	4967338
hoppy	4967337
imponiert	4967336
schulleiter	4967335
regelmassigen	4967334
vermiesen	4967333
gave	4967332
rohypnol	4967331
coopers	4967330
enterbt	4967329
ostseite	4967328
brull	4967327
dayton	4967326
poliere	4967325
goetz	4967324
karibu	4967323
handgreiflich	4967322
minderwertig	4967321
nachlesen	4967320
lar	4967319
deputies	4967318
weggelassen	4967317
hinfallen	4967316
hinfahrst	4967315
ausquetschen	4967314
einflusse	4967313
kenobi	4967312
entsichern	4967311
kommunikator	4967310
pressemitteilung	4967309
kurzschliessen	4967308
weir	4967307
zufriedener	4967306
darts	4967305
verstandige	4967304
sumpfen	4967303
schwammen	4967302
linguchon	4967301
fruchtbaren	4967300
gerrard	4967299
primaren	4967298
beachtlich	4967297
funkt	4967296
zugeworfen	4967295
katjuscha	4967294
brennst	4967293
eroffneten	4967292
neugeboren	4967291
gemalden	4967290
shizuku	4967289
struensee	4967288
unbekummert	4967287
pharaos	4967286
pharaonen	4967285
kobe	4967284
weitgehend	4967283
streift	4967282
weglocken	4967281
saber	4967280
ubersehe	4967279
absprachen	4967278
smithy	4967277
abtrunnige	4967276
strome	4967275
fertigkeiten	4967274
projiziert	4967273
wundbrand	4967272
walkure	4967271
spencers	4967270
bastarden	4967269
entzuckenden	4967268
senke	4967267
sabata	4967266
abgelassen	4967265
croupier	4967264
padophiler	4967263
zogerlich	4967262
italienern	4967261
excuse	4967260
knechtschaft	4967259
klausur	4967258
uberbringt	4967257
isi	4967256
einsatzleitung	4967255
lymphknoten	4967254
unterbrach	4967253
bellefleur	4967252
giovanna	4967251
blocken	4967250
ehrbaren	4967249
verkleidete	4967248
gesicherten	4967247
eiserner	4967246
rausgestellt	4967245
gemeinste	4967244
zuruckweisen	4967243
urinprobe	4967242
raububerfalle	4967241
sauron	4967240
armani	4967239
anfuhlte	4967238
spuckte	4967237
ausradieren	4967236
eisbergs	4967235
getilgt	4967234
wurg	4967233
nachlassigkeit	4967232
zauberkrafte	4967231
footballteam	4967230
cersei	4967229
pubs	4967228
erstem	4967227
finalen	4967226
annehmbar	4967225
boxey	4967224
popel	4967223
stef	4967222
cartier	4967221
halbiert	4967220
abzocken	4967219
hertz	4967218
auswahlt	4967217
widersprich	4967216
panco	4967215
prozessor	4967214
wortlaut	4967213
runtergegangen	4967212
penne	4967211
herumgefuhrt	4967210
bizarren	4967209
brit	4967208
tierarztin	4967207
bundesgericht	4967206
hohepriester	4967205
motiven	4967204
pathetisch	4967203
disc	4967202
muchachos	4967201
bootsfahrt	4967200
rotzbakke	4967199
sita	4967198
asuka	4967197
boje	4967196
torichte	4967195
juliane	4967194
gebackene	4967193
geburtstagskuchen	4967192
alarmsystem	4967191
gewahrte	4967190
umwandlung	4967189
filippo	4967188
dramen	4967187
fernrohr	4967186
veganer	4967185
straft	4967184
waffengeschaft	4967183
totti	4967182
gehorsamst	4967181
metzgerei	4967180
sprengstoffe	4967179
dreidel	4967178
kita	4967177
barrikade	4967176
beschimpfungen	4967175
sprengladung	4967174
nasses	4967173
auszog	4967172
toots	4967171
augenarzt	4967170
schamane	4967169
korperflussigkeiten	4967168
karol	4967167
gesamtbild	4967166
schmorbraten	4967165
thee	4967164
simulator	4967163
rosenkohl	4967162
huhnersuppe	4967161
steves	4967160
mokka	4967159
widerstandskampfer	4967158
anklagepunkten	4967157
menschenhand	4967156
brava	4967155
eindringlich	4967154
generalstab	4967153
nomaden	4967152
partridge	4967151
indisches	4967150
niederreissen	4967149
kegel	4967148
rausschleichen	4967147
raumlichkeiten	4967146
reisetasche	4967145
rammt	4967144
kruge	4967143
mahal	4967142
mikrofilm	4967141
deinesgleichen	4967140
geldtransporter	4967139
sonnenklar	4967138
ginn	4967137
gurren	4967136
exzellenten	4967135
goldfische	4967134
ungeniessbar	4967133
leblos	4967132
verdorbenen	4967131
nascar	4967130
verschlechtern	4967129
idiotischer	4967128
redmond	4967127
shishio	4967126
jamison	4967125
vorbeigeht	4967124
hauptgang	4967123
artikels	4967122
abweichen	4967121
madgett	4967120
garvin	4967119
flippst	4967118
diem	4967117
urmel	4967116
booker	4967115
consolidated	4967114
pearly	4967113
steed	4967112
paraguay	4967111
landleben	4967110
mandrake	4967109
entwickelst	4967108
sportliche	4967107
wertloser	4967106
sehnst	4967105
unternehmungen	4967104
heere	4967103
verbluffen	4967102
dummsten	4967101
piepser	4967100
morpheus	4967099
ruderboot	4967098
beaufsichtigt	4967097
antichrist	4967096
tae	4967095
wortschatz	4967094
geschwure	4967093
rekonstruiert	4967092
verabschiedete	4967091
hartere	4967090
bauwerk	4967089
beschaffenheit	4967088
misstraut	4967087
quittieren	4967086
lobotomie	4967085
osterhase	4967084
arztlichen	4967083
earle	4967082
heranwachsen	4967081
grossenordnung	4967080
elster	4967079
teekessel	4967078
radiologie	4967077
mahir	4967076
svartman	4967075
klauten	4967074
chameleon	4967073
krister	4967072
tarik	4967071
dominieren	4967070
umeinander	4967069
brezeln	4967068
lastern	4967067
roz	4967066
schwangerschaftstest	4967065
lim	4967064
cy	4967063
quasimodo	4967062
women	4967061
baja	4967060
rotieren	4967059
goodnight	4967058
diagnostizieren	4967057
fad	4967056
stammzellen	4967055
begruss	4967054
soldatin	4967053
befallt	4967052
seltsamsten	4967051
liebeserklarung	4967050
seligen	4967049
stromrechnung	4967048
sadako	4967047
chewie	4967046
vizeprasidentin	4967045
ansprechbar	4967044
riggins	4967043
regionale	4967042
juckreiz	4967041
billardtisch	4967040
cottle	4967039
fluffy	4967038
queequeg	4967037
paletti	4967036
barris	4967035
kernschmelze	4967034
toga	4967033
drehtag	4967032
rumzusitzen	4967031
philips	4967030
aussucht	4967029
entehren	4967028
schimpfwort	4967027
verleumden	4967026
jase	4967025
hohlenmenschen	4967024
lucifer	4967023
pramien	4967022
einzudammen	4967021
granada	4967020
shamoto	4967019
silverado	4967018
doppelagent	4967017
chisum	4967016
kehlkopf	4967015
hauptsitz	4967014
traumata	4967013
kelsey	4967012
logis	4967011
friedensvertrag	4967010
allahu	4967009
ferrara	4967008
romanen	4967007
einmaligen	4967006
kree	4967005
grauzone	4967004
sonderkommando	4967003
genehm	4967002
kosh	4967001
schnitzer	4967000
perfektionieren	4966999
luo	4966998
pfeifton	4966997
gefegt	4966996
kiel	4966995
barca	4966994
demokrat	4966993
erlos	4966992
korrumpiert	4966991
arabella	4966990
mem	4966989
dusterer	4966988
feinfuhlig	4966987
herausgeputzt	4966986
scheissloch	4966985
eingesackt	4966984
tiefster	4966983
belastende	4966982
penisse	4966981
formaldehyd	4966980
angebrannt	4966979
gasleitung	4966978
zwielichtigen	4966977
vorstrafe	4966976
erkundung	4966975
waschkuche	4966974
radikaler	4966973
molekulare	4966972
eisige	4966971
aufseherin	4966970
hausdurchsuchung	4966969
takte	4966968
westentasche	4966967
kindliche	4966966
freiheitsstrafe	4966965
stromungen	4966964
verpfeift	4966963
michi	4966962
ermuden	4966961
huo	4966960
blanke	4966959
nobler	4966958
cissy	4966957
investierte	4966956
muppet	4966955
halbblut	4966954
bucherwurm	4966953
formeln	4966952
herumhangen	4966951
profitabel	4966950
saum	4966949
gleason	4966948
hierzulande	4966947
anson	4966946
unterbrichst	4966945
yong	4966944
oona	4966943
abgeraumt	4966942
geschichtenerzahler	4966941
elektroschocker	4966940
hauslicher	4966939
okonomie	4966938
groot	4966937
durchchecken	4966936
quasseln	4966935
mea	4966934
bison	4966933
kreuzweise	4966932
felsbrocken	4966931
verkleinern	4966930
beziehe	4966929
chronik	4966928
javadi	4966927
bestandigkeit	4966926
shoes	4966925
runterschlucken	4966924
oldtimer	4966923
glitschig	4966922
nester	4966921
kleide	4966920
nostalgisch	4966919
funkspruche	4966918
spiegelei	4966917
realitaten	4966916
esstisch	4966915
imogene	4966914
schluckst	4966913
alley	4966912
mcpherson	4966911
schikane	4966910
neuronen	4966909
nervenbundel	4966908
annapolis	4966907
fed	4966906
haarigen	4966905
tora	4966904
bisherige	4966903
stierkampf	4966902
abschreckung	4966901
milf	4966900
pavian	4966899
sentimentaler	4966898
daseins	4966897
hinzusehen	4966896
kanonenrohr	4966895
kornchen	4966894
sorata	4966893
familienbesitz	4966892
pathologe	4966891
nachgelaufen	4966890
marshmallow	4966889
theoretische	4966888
taufer	4966887
werdende	4966886
nichtjetzt	4966885
subaru	4966884
unbewacht	4966883
mayor	4966882
piak	4966881
bumse	4966880
chanson	4966879
sprechender	4966878
annullierung	4966877
vulkane	4966876
strebe	4966875
wiederzuerkennen	4966874
donaldson	4966873
bestmogliche	4966872
engagiere	4966871
woraufhin	4966870
wechselten	4966869
angegossen	4966868
ostflugel	4966867
briefumschlag	4966866
zermalmt	4966865
traveler	4966864
padiatrie	4966863
auffassen	4966862
sonnenstrahlen	4966861
gehemmt	4966860
hurmuz	4966859
neulinge	4966858
drogengeschaft	4966857
zuschuss	4966856
sicherheitsprotokolle	4966855
geschaftsleitung	4966854
sicherheitshalber	4966853
glamouros	4966852
lips	4966851
dime	4966850
klee	4966849
nuttig	4966848
ulkig	4966847
renjie	4966846
larrys	4966845
geschicklichkeit	4966844
heldenhaften	4966843
anspruchsvolle	4966842
reflexion	4966841
metropole	4966840
endloser	4966839
rayborn	4966838
portugiesen	4966837
pim	4966836
stethoskop	4966835
tropischen	4966834
hydraulik	4966833
cammy	4966832
angebrochen	4966831
barstow	4966830
zusammenzuhalten	4966829
zuruckgenommen	4966828
frankfurter	4966827
izumi	4966826
wm	4966825
antiquitatenhandler	4966824
gescheiterte	4966823
larrabee	4966822
schmeichelei	4966821
laverne	4966820
nachtelang	4966819
zerbreche	4966818
boshaftigkeit	4966817
abgeschuttelt	4966816
zugestandnisse	4966815
electric	4966814
hay	4966813
beabsichtigte	4966812
portsmouth	4966811
nini	4966810
ungeloste	4966809
bestritten	4966808
schlauchboot	4966807
umfassend	4966806
vogt	4966805
trampeln	4966804
trotzt	4966803
avanti	4966802
aufhanger	4966801
fido	4966800
nachdruck	4966799
tide	4966798
minderwertige	4966797
artikeln	4966796
prozente	4966795
babou	4966794
prugle	4966793
ragout	4966792
krankenakten	4966791
ezri	4966790
anarchist	4966789
monarchen	4966788
herzschrittmacher	4966787
erneute	4966786
greifer	4966785
schulball	4966784
doughnuts	4966783
widerstandes	4966782
stimulation	4966781
abilene	4966780
uberreagieren	4966779
faisal	4966778
lustigste	4966777
unentschuldbar	4966776
hays	4966775
stabilen	4966774
flagranti	4966773
greenleaf	4966772
balzac	4966771
festem	4966770
sintflut	4966769
nachspioniert	4966768
humanitare	4966767
silben	4966766
benz	4966765
uberschrift	4966764
damalige	4966763
merdle	4966762
verwunden	4966761
pulle	4966760
achtest	4966759
selbstkontrolle	4966758
fleischklops	4966757
enttausch	4966756
kneif	4966755
knows	4966754
beaver	4966753
schlappohr	4966752
spaniern	4966751
alto	4966750
antwerpen	4966749
drogenabhangige	4966748
katapult	4966747
beruhigte	4966746
rankommt	4966745
drauflos	4966744
sammelklage	4966743
lexus	4966742
entfaltet	4966741
besanftigt	4966740
stamper	4966739
ausmasse	4966738
hochstes	4966737
hannas	4966736
einzelheit	4966735
sudsee	4966734
ruhestatte	4966733
mittelfeld	4966732
verhinderte	4966731
schillinge	4966730
touristin	4966729
unterkuhlung	4966728
aussatzige	4966727
ansel	4966726
sportart	4966725
credit	4966724
paragon	4966723
klagte	4966722
vita	4966721
korrekten	4966720
riga	4966719
umbrachten	4966718
blutflecken	4966717
dreirad	4966716
niedergestreckt	4966715
chruschtschow	4966714
bazooka	4966713
grossartigsten	4966712
hitzewelle	4966711
anregen	4966710
bradford	4966709
essay	4966708
diskutierten	4966707
anfangergluck	4966706
greifbar	4966705
wagon	4966704
verletzter	4966703
miko	4966702
blechen	4966701
stiefsohn	4966700
marderhunde	4966699
spriessen	4966698
ungewisse	4966697
silvana	4966696
smiths	4966695
rausgefahren	4966694
piranhas	4966693
okosystem	4966692
krautertee	4966691
ethisch	4966690
uberhort	4966689
hari	4966688
ausbezahlt	4966687
sputnik	4966686
uberweisungen	4966685
rodgers	4966684
eastside	4966683
verlusten	4966682
respekts	4966681
minos	4966680
ausplaudern	4966679
killerin	4966678
kracher	4966677
zusammengelegt	4966676
mietkerl	4966675
einfallsreichtum	4966674
brandneues	4966673
saukalt	4966672
kanton	4966671
dillinger	4966670
standet	4966669
miserabler	4966668
verheddert	4966667
altersschwache	4966666
preisschild	4966665
teilung	4966664
aussteigt	4966663
leos	4966662
kanalen	4966661
veranlagung	4966660
supermodel	4966659
werkzeugkasten	4966658
tabellen	4966657
akne	4966656
lateinischen	4966655
gierigen	4966654
springbrunnen	4966653
abtasten	4966652
geburtsrecht	4966651
presst	4966650
beschreiten	4966649
conroy	4966648
unverzichtbar	4966647
geschwitzt	4966646
grabsteine	4966645
absatzen	4966644
awards	4966643
abtissin	4966642
mitsu	4966641
weggeschlossen	4966640
naherten	4966639
kontaktaufnahme	4966638
zitadelle	4966637
pj	4966636
stornieren	4966635
comte	4966634
majestic	4966633
sokka	4966632
waschmittel	4966631
fantasiewelt	4966630
solid	4966629
geschrubbt	4966628
ekelhaften	4966627
lebensqualitat	4966626
erteilte	4966625
elektronen	4966624
familienmensch	4966623
darmody	4966622
ausgeschopft	4966621
stimmungsschwankungen	4966620
ubelsten	4966619
eisbecher	4966618
pain	4966617
verzehr	4966616
beichtstuhl	4966615
rastlos	4966614
flugs	4966613
dany	4966612
years	4966611
schimpanse	4966610
glaubwurdige	4966609
gebeine	4966608
sm	4966607
fusschen	4966606
unerledigte	4966605
chemischer	4966604
verlogenen	4966603
riccardo	4966602
modernste	4966601
gucci	4966600
hado	4966599
geschehene	4966598
midland	4966597
muharrem	4966596
durchdenken	4966595
mittelklasse	4966594
vorbeizuschauen	4966593
klamm	4966592
myron	4966591
noahs	4966590
dankst	4966589
dienlich	4966588
lohengrin	4966587
sekten	4966586
verkundete	4966585
om	4966584
mj	4966583
treadstone	4966582
chicagoer	4966581
wielange	4966580
trampolin	4966579
danton	4966578
gebuhrenden	4966577
mutterzelle	4966576
schachfigur	4966575
palastes	4966574
kims	4966573
brustbein	4966572
freizeitpark	4966571
parkwachter	4966570
mittelgross	4966569
grissom	4966568
konsumenten	4966567
kriechst	4966566
vorsatzlicher	4966565
geleugnet	4966564
mus	4966563
heia	4966562
unuberlegt	4966561
fuhler	4966560
uniformierte	4966559
phrase	4966558
ansehnlich	4966557
umwerfen	4966556
jahrhundertelang	4966555
hochinteressant	4966554
hirnschaden	4966553
blacky	4966552
ritterlichkeit	4966551
kratzte	4966550
olung	4966549
blamiere	4966548
hergerufen	4966547
hinausgeworfen	4966546
sexualstraftater	4966545
szenarien	4966544
erbauer	4966543
leichenbestatter	4966542
fesselnd	4966541
indianische	4966540
fadenkreuz	4966539
variationen	4966538
salutiert	4966537
classic	4966536
verkehrskameras	4966535
gemischten	4966534
besprechungen	4966533
verglich	4966532
kraftfelder	4966531
ausgefallene	4966530
rockstars	4966529
ajax	4966528
tobruk	4966527
festliche	4966526
gadreel	4966525
dreyfus	4966524
kurzesten	4966523
erstach	4966522
leberfleck	4966521
hundebellen	4966520
anzubringen	4966519
hallam	4966518
suvarov	4966517
abschlag	4966516
lund	4966515
strupp	4966514
follower	4966513
glorreicher	4966512
juristen	4966511
sacken	4966510
kinderbett	4966509
scheinheilig	4966508
rettungsdienst	4966507
enzyme	4966506
saroyan	4966505
schuhkarton	4966504
ausfuhrungen	4966503
zeugte	4966502
dumont	4966501
tum	4966500
bachmann	4966499
weintrauben	4966498
heiko	4966497
railly	4966496
parkers	4966495
freundeskreis	4966494
silence	4966493
stattlich	4966492
beame	4966491
manni	4966490
ofteren	4966489
callgirl	4966488
maiskolben	4966487
geradestehen	4966486
ubertrug	4966485
lakritze	4966484
rasierwasser	4966483
bimbo	4966482
sechser	4966481
haag	4966480
vorzimmer	4966479
hintenrum	4966478
herausgegeben	4966477
fertigstellung	4966476
gefahrdete	4966475
unbeschwert	4966474
unternehmt	4966473
schlachtschiff	4966472
gefundenes	4966471
mopsen	4966470
gekifft	4966469
pantomime	4966468
zeitsprung	4966467
veruntreuung	4966466
studiums	4966465
eifersuchtigen	4966464
tadeln	4966463
hervorruft	4966462
matts	4966461
problemo	4966460
farrow	4966459
nachzahlen	4966458
staatsgrenze	4966457
sehet	4966456
mohn	4966455
buste	4966454
elinor	4966453
walton	4966452
bereichert	4966451
notwendigerweise	4966450
zimmergenosse	4966449
aufgelauert	4966448
dutton	4966447
dwalin	4966446
vorliest	4966445
abgaben	4966444
rike	4966443
stundchen	4966442
unersattlich	4966441
verkorperung	4966440
erforderlichen	4966439
abgerutscht	4966438
vornehmer	4966437
umgefahren	4966436
alphabetisch	4966435
geburtstags	4966434
restlos	4966433
beinhaltete	4966432
chrom	4966431
jiddisch	4966430
loses	4966429
aufrollen	4966428
gemeisselt	4966427
josette	4966426
duu	4966425
gestehst	4966424
berichtigen	4966423
unmissverstandlich	4966422
staats	4966421
strassenrauber	4966420
nahaufnahmen	4966419
subtile	4966418
gerauschen	4966417
margit	4966416
brauchbar	4966415
aufgetan	4966414
voltaire	4966413
ooch	4966412
wegwerfhandy	4966411
rickie	4966410
jeffersonian	4966409
user	4966408
verfuhrer	4966407
anfuhrers	4966406
uraltes	4966405
verwirkt	4966404
pladiert	4966403
ungehindert	4966402
zusammenzustellen	4966401
lrgendwie	4966400
bewaltigt	4966399
siebenmal	4966398
autohaus	4966397
eheberatung	4966396
fuhrungskraft	4966395
hochsicherheitsgefangnis	4966394
erkrankungen	4966393
schwarme	4966392
luftdruck	4966391
nachdachte	4966390
bereiteten	4966389
susans	4966388
aragorn	4966387
sauren	4966386
gebietet	4966385
kiyomaru	4966384
skippy	4966383
denkzettel	4966382
hinsieht	4966381
klaustrophobie	4966380
verteil	4966379
sartre	4966378
mangels	4966377
allerschonste	4966376
schottische	4966375
abfallt	4966374
schaukelstuhl	4966373
verfahrens	4966372
einigten	4966371
bedeutendste	4966370
sportarten	4966369
elli	4966368
nachtleben	4966367
rausgehe	4966366
befahlen	4966365
saruman	4966364
zuruckzieht	4966363
zuwerfen	4966362
rausspringen	4966361
morgenstunden	4966360
missionare	4966359
prius	4966358
anspruchen	4966357
zaubertricks	4966356
ausgebe	4966355
aufbrausend	4966354
hauptgebaude	4966353
aufreisser	4966352
ubernaturlich	4966351
konstellation	4966350
beowulf	4966349
eiskalter	4966348
buhrufe	4966347
hielte	4966346
gefolgsleute	4966345
tussen	4966344
ubersteigen	4966343
kuhnen	4966342
ausschaltet	4966341
gerichtsmedizinerin	4966340
gewalttatigkeit	4966339
seuchen	4966338
zoos	4966337
kitzel	4966336
galilaa	4966335
enthaupten	4966334
zerrte	4966333
naresuan	4966332
mitgerissen	4966331
sendezeit	4966330
abfullen	4966329
geradeheraus	4966328
shrevie	4966327
sumner	4966326
verkehrte	4966325
familienessen	4966324
steroiden	4966323
rumtreibt	4966322
ranghochste	4966321
dobby	4966320
zugegriffen	4966319
vertrittst	4966318
giganten	4966317
eber	4966316
taubstumm	4966315
bereitgestellt	4966314
verpetzt	4966313
zielgebiet	4966312
shasta	4966311
schlachtplan	4966310
mangas	4966309
hereinlassen	4966308
blechmann	4966307
wuhlt	4966306
eidechsen	4966305
yoshi	4966304
grossenwahn	4966303
gesundheitsbehorde	4966302
schreiende	4966301
abrufen	4966300
kiesel	4966299
langerer	4966298
interessenkonflikt	4966297
blutgeld	4966296
cosgrove	4966295
cruella	4966294
trennungen	4966293
verehrtes	4966292
bewusste	4966291
bluttransfusion	4966290
delores	4966289
mart	4966288
ungewissen	4966287
schoker	4966286
merlotte	4966285
ut	4966284
femme	4966283
erwischst	4966282
bewilligen	4966281
vorschlaghammer	4966280
lieblingsplatz	4966279
kubanischen	4966278
hurst	4966277
verbindungsmann	4966276
dolmetscherin	4966275
pda	4966274
autorisierung	4966273
bluterguss	4966272
blende	4966271
eunuch	4966270
boyer	4966269
leckst	4966268
ruhms	4966267
geschaftsessen	4966266
argumentation	4966265
corky	4966264
hinterrucks	4966263
albatros	4966262
runner	4966261
pausenraum	4966260
territorien	4966259
bewegungsmelder	4966258
drangst	4966257
lorne	4966256
zing	4966255
sackgesicht	4966254
auges	4966253
lackiert	4966252
goya	4966251
ablehnst	4966250
ferry	4966249
mullsack	4966248
selige	4966247
nervigen	4966246
flughafens	4966245
vollzug	4966244
strohhalme	4966243
ablage	4966242
playstation	4966241
erwarb	4966240
newlin	4966239
verschreibe	4966238
filmes	4966237
soliden	4966236
mirakuru	4966235
beschiss	4966234
bekanntesten	4966233
ubelste	4966232
wassja	4966231
abhorst	4966230
minne	4966229
wissentlich	4966228
wandlung	4966227
reisszahne	4966226
raumanzug	4966225
grossaufnahme	4966224
schergen	4966223
blickst	4966222
starrkopfig	4966221
kreuzte	4966220
fehlerfrei	4966219
peppi	4966218
sexualleben	4966217
betort	4966216
chaim	4966215
betrage	4966214
siebzig	4966213
toskana	4966212
beherrsch	4966211
geplauder	4966210
scheidungsanwalt	4966209
herumgelaufen	4966208
mutterlicherseits	4966207
goscinny	4966206
funny	4966205
kirchturm	4966204
entleeren	4966203
leuchter	4966202
champagne	4966201
vikram	4966200
sterilisiert	4966199
airline	4966198
verkaufszahlen	4966197
zuruckweisung	4966196
mittater	4966195
verdufte	4966194
langfristige	4966193
kaya	4966192
primaten	4966191
fluchteten	4966190
erkundet	4966189
mizushima	4966188
morgenrote	4966187
jiminy	4966186
zerdrucken	4966185
renaud	4966184
bahnhofe	4966183
elementary	4966182
fotografierte	4966181
ezekiel	4966180
avengers	4966179
hochstem	4966178
ahnelst	4966177
erstellte	4966176
suarez	4966175
bowers	4966174
putt	4966173
coy	4966172
kenzi	4966171
darfur	4966170
mcq	4966169
dielen	4966168
schlitzt	4966167
wiederhol	4966166
umsehe	4966165
checkliste	4966164
hasslichste	4966163
hinzukommen	4966162
albtraumen	4966161
manuskripte	4966160
aymes	4966159
pucci	4966158
ekelst	4966157
durchschnittlicher	4966156
knack	4966155
eight	4966154
lachende	4966153
drogengeld	4966152
naherkommen	4966151
volks	4966150
bettelst	4966149
funfziger	4966148
nichtsnutziger	4966147
auftritten	4966146
suppenkuche	4966145
tran	4966144
flussige	4966143
hinderte	4966142
momentane	4966141
videouberwachung	4966140
margeir	4966139
traumwelt	4966138
majestatisch	4966137
ani	4966136
milord	4966135
steckbrief	4966134
baguette	4966133
madsen	4966132
beaufort	4966131
gedampftes	4966130
reinholen	4966129
offenbarte	4966128
masaki	4966127
zoran	4966126
desorientiert	4966125
vorangehen	4966124
hirsche	4966123
maury	4966122
hongsawadi	4966121
abfalleimer	4966120
tillman	4966119
stingray	4966118
psychotische	4966117
chloes	4966116
abkommandiert	4966115
schrittweise	4966114
kohler	4966113
einkaufsliste	4966112
checkpoint	4966111
schatzungen	4966110
interest	4966109
motorradfahrer	4966108
kirchenglocke	4966107
urgrossmutter	4966106
kleidungsstuck	4966105
intubieren	4966104
verberge	4966103
gieriger	4966102
kaugummis	4966101
bet	4966100
necken	4966099
until	4966098
mutprobe	4966097
verhindere	4966096
eskapaden	4966095
hamatom	4966094
rituelle	4966093
zeitgleich	4966092
uberlegenen	4966091
erscheinungsbild	4966090
ekliges	4966089
jar	4966088
vermarkten	4966087
fragwurdige	4966086
erhoren	4966085
draufdrucken	4966084
unschatzbarem	4966083
erschaffe	4966082
erganzung	4966081
flugkontrolle	4966080
wochentliche	4966079
fritzi	4966078
nettesten	4966077
willem	4966076
bradshaw	4966075
rostigen	4966074
jju	4966073
hauptgericht	4966072
gotho	4966071
booster	4966070
vorhangen	4966069
hd	4966068
konigsfamilie	4966067
zahneputzen	4966066
wiedergegeben	4966065
lacroix	4966064
nachthimmel	4966063
firefly	4966062
nachwirkungen	4966061
mikaelson	4966060
dh	4966059
stadien	4966058
hauptrechner	4966057
vollpfosten	4966056
videoband	4966055
hugels	4966054
opera	4966053
nachspeise	4966052
erfinderisch	4966051
vorhaut	4966050
ringrichter	4966049
vermogend	4966048
schlauste	4966047
guitar	4966046
beschadigung	4966045
eingehandelt	4966044
analysierte	4966043
dena	4966042
geklauten	4966041
musashi	4966040
finnischen	4966039
rottmann	4966038
jiji	4966037
viertelmillion	4966036
plato	4966035
mordechai	4966034
ungesetzlich	4966033
organisches	4966032
history	4966031
reling	4966030
betreibst	4966029
intravenos	4966028
rust	4966027
vinz	4966026
roffe	4966025
rechtskraftig	4966024
klangen	4966023
pergament	4966022
carstairs	4966021
zerreiss	4966020
anlasser	4966019
gedeck	4966018
langerem	4966017
horizon	4966016
geknupft	4966015
selby	4966014
bedenklich	4966013
kindischen	4966012
babygeschrei	4966011
ausrufezeichen	4966010
keitel	4966009
paranoider	4966008
basislager	4966007
mentalitat	4966006
guckte	4966005
kreuzten	4966004
ubereinstimmungen	4966003
nagut	4966002
unbestandig	4966001
topeka	4966000
verlieb	4965999
schleift	4965998
unabhangigkeitstag	4965997
nebenjob	4965996
arbeitenden	4965995
ubereilt	4965994
kristallkugel	4965993
patna	4965992
washingtons	4965991
erholte	4965990
brass	4965989
manipulativ	4965988
diagnosen	4965987
selbsthass	4965986
paddington	4965985
busy	4965984
hpd	4965983
salazars	4965982
frosty	4965981
absturzt	4965980
mordprozess	4965979
schuftet	4965978
trugst	4965977
eingebettet	4965976
events	4965975
mayas	4965974
unterseite	4965973
lauscht	4965972
gefangengenommen	4965971
kal	4965970
unnahbar	4965969
verschworungstheorien	4965968
schlund	4965967
social	4965966
kwai	4965965
krypta	4965964
zheng	4965963
inwieweit	4965962
elfie	4965961
luftschiff	4965960
hasi	4965959
schlusselbund	4965958
rachsuchtig	4965957
senders	4965956
aberdeen	4965955
rapport	4965954
reardon	4965953
beziehst	4965952
eingegrenzt	4965951
flustere	4965950
tschechische	4965949
prator	4965948
brest	4965947
kuhner	4965946
silly	4965945
vizekanzler	4965944
zurechnungsfahig	4965943
klatschnass	4965942
victoire	4965941
totalschaden	4965940
skeeter	4965939
versagerin	4965938
badlands	4965937
striche	4965936
luftschacht	4965935
sleepy	4965934
sota	4965933
kampfstil	4965932
hubble	4965931
nordlicher	4965930
durchmachte	4965929
erhole	4965928
cthulhu	4965927
verbluffende	4965926
mohinder	4965925
emerald	4965924
hur	4965923
vermisster	4965922
siedlungen	4965921
zertrampelt	4965920
telefongesprache	4965919
reprasentiere	4965918
fatalen	4965917
pflegefamilien	4965916
sima	4965915
erwird	4965914
platzangst	4965913
herausbringen	4965912
argentinier	4965911
schwachsinnigen	4965910
angstlicher	4965909
kicker	4965908
continental	4965907
verheisst	4965906
remus	4965905
schliessfacher	4965904
anstandsdame	4965903
scharfsinn	4965902
mate	4965901
tschechisch	4965900
homepage	4965899
armster	4965898
scheideweg	4965897
runterzukommen	4965896
juanito	4965895
teilchenbeschleuniger	4965894
yung	4965893
athene	4965892
bekloppter	4965891
digby	4965890
versicherungsgesellschaft	4965889
heineken	4965888
hehe	4965887
schrecklichsten	4965886
each	4965885
eugenia	4965884
sheldons	4965883
dumpf	4965882
abspritzen	4965881
abgestattet	4965880
hinterhaltigen	4965879
fehle	4965878
barrieren	4965877
randvoll	4965876
fleischfresser	4965875
volldampf	4965874
einkunfte	4965873
brainiac	4965872
cade	4965871
doku	4965870
nous	4965869
wertes	4965868
kaneda	4965867
venna	4965866
verwirrter	4965865
liegende	4965864
meschugge	4965863
blutend	4965862
hartnackigkeit	4965861
misa	4965860
eheversprechen	4965859
ramone	4965858
schmatzen	4965857
duroc	4965856
dirigieren	4965855
genauere	4965854
semper	4965853
everdeen	4965852
tic	4965851
operations	4965850
leckereien	4965849
glasscherben	4965848
meistgesuchten	4965847
durchschnittlichen	4965846
advokat	4965845
kel	4965844
erzittern	4965843
fortzugehen	4965842
ekeln	4965841
lenkte	4965840
minutes	4965839
gutgeht	4965838
lichtblick	4965837
bibeln	4965836
mariko	4965835
kitano	4965834
scheissteil	4965833
michels	4965832
gefechtsstation	4965831
deauville	4965830
privatisierung	4965829
drauflegen	4965828
ungebunden	4965827
finnen	4965826
trunken	4965825
untaten	4965824
gockel	4965823
schwindeln	4965822
sitka	4965821
sehnsuchte	4965820
beklage	4965819
mcginty	4965818
gehstock	4965817
vitalzeichen	4965816
rausgeschlichen	4965815
laborbericht	4965814
tap	4965813
drogensuchtig	4965812
blazer	4965811
enthullungen	4965810
dascha	4965809
medikation	4965808
angekrochen	4965807
eingebildeter	4965806
konventionen	4965805
safte	4965804
staatssicherheit	4965803
gutenachtkuss	4965802
spore	4965801
harmloses	4965800
holzweg	4965799
luck	4965798
teddys	4965797
sigi	4965796
isle	4965795
pxxx	4965794
spuken	4965793
wohnort	4965792
diskreditieren	4965791
versagten	4965790
hergeflogen	4965789
durchzieht	4965788
vertrages	4965787
unzureichend	4965786
sitzplatz	4965785
lebenserhaltungssystem	4965784
makes	4965783
willkommene	4965782
harmonisch	4965781
tollpatschig	4965780
achille	4965779
bugsy	4965778
bitcoin	4965777
scheut	4965776
lokfuhrer	4965775
noelle	4965774
catelyn	4965773
interessantesten	4965772
surrey	4965771
bedeuteten	4965770
dyad	4965769
verzicht	4965768
laos	4965767
abschliesst	4965766
wochentlichen	4965765
telefonen	4965764
chiharu	4965763
rassistischen	4965762
wildlinge	4965761
feindseligkeiten	4965760
neucaprica	4965759
datas	4965758
alexanders	4965757
klapp	4965756
raustragen	4965755
wichse	4965754
gesponsert	4965753
fortschrittlich	4965752
handzeichen	4965751
erbstuck	4965750
faulpelze	4965749
pelant	4965748
pussys	4965747
bekanntschaften	4965746
osterreichischen	4965745
jindrich	4965744
romantischste	4965743
goofy	4965742
angeberei	4965741
thanks	4965740
unerheblich	4965739
gunner	4965738
appetitlich	4965737
aufnimmst	4965736
belgischen	4965735
concha	4965734
priesters	4965733
mitspracherecht	4965732
banku	4965731
unhoflichkeit	4965730
gesange	4965729
unbefugte	4965728
kristine	4965727
abhebt	4965726
erfolgreichsten	4965725
bleichgesicht	4965724
hinkriegst	4965723
spreng	4965722
reb	4965721
dunnem	4965720
dickdarm	4965719
dummy	4965718
lindberg	4965717
djaq	4965716
entwerfe	4965715
reguliert	4965714
otter	4965713
stammten	4965712
duplikat	4965711
traube	4965710
lettland	4965709
unnachgiebig	4965708
symbiont	4965707
koreanische	4965706
weiterhilft	4965705
verarbeitung	4965704
druckeberger	4965703
veranstalte	4965702
eichel	4965701
tonya	4965700
ore	4965699
durchkreuzt	4965698
lithium	4965697
freigenommen	4965696
handgepack	4965695
kampfern	4965694
plotzliches	4965693
bunde	4965692
zusammengehoren	4965691
hindu	4965690
tonbandgerat	4965689
beilaufig	4965688
vorahnungen	4965687
cranston	4965686
angeschmiert	4965685
verfrachten	4965684
kusser	4965683
escalade	4965682
sogenannter	4965681
entfremdet	4965680
observiert	4965679
motorroller	4965678
smoothie	4965677
autowaschanlage	4965676
spielautomaten	4965675
prellung	4965674
neurologen	4965673
ortung	4965672
schwerlich	4965671
grundwasser	4965670
erdruckend	4965669
madagaskar	4965668
schmuckt	4965667
rudd	4965666
laborratte	4965665
support	4965664
zeltlager	4965663
salamander	4965662
ehemaliges	4965661
fring	4965660
geringfugig	4965659
bedeutendsten	4965658
kardiologie	4965657
autohandler	4965656
tector	4965655
brunt	4965654
existierten	4965653
yvon	4965652
crenshaw	4965651
tzu	4965650
gallery	4965649
winkte	4965648
bazillen	4965647
schlichen	4965646
brauten	4965645
titanen	4965644
egan	4965643
howl	4965642
vorratskammer	4965641
julianne	4965640
jurek	4965639
wiii	4965638
nonstop	4965637
pools	4965636
zusammenbauen	4965635
mongolei	4965634
bodentruppen	4965633
spontanen	4965632
gebilde	4965631
hofrat	4965630
geschlossener	4965629
tuvia	4965628
quadratkilometer	4965627
verworren	4965626
grosstem	4965625
manipulierte	4965624
ethischen	4965623
knechte	4965622
glanzendes	4965621
pax	4965620
herzblatt	4965619
vermisstes	4965618
mordanschlag	4965617
astoria	4965616
teilnimmt	4965615
umhullt	4965614
paganini	4965613
penrose	4965612
videomaterial	4965611
todesfallen	4965610
rodrick	4965609
sexistisch	4965608
sole	4965607
uberweise	4965606
zuruckkriegen	4965605
unachtsam	4965604
abzulassen	4965603
wehtust	4965602
gutierrez	4965601
delacroix	4965600
denton	4965599
bandbreite	4965598
headset	4965597
laufwerk	4965596
akuter	4965595
leberwurst	4965594
erbrochen	4965593
neuzugang	4965592
dugan	4965591
billigste	4965590
pont	4965589
erfrischt	4965588
brasilianischen	4965587
abschaffung	4965586
bitterlich	4965585
eunuchen	4965584
todesstern	4965583
tacoma	4965582
jungle	4965581
schnittwunde	4965580
beliefern	4965579
schnellere	4965578
zobel	4965577
karina	4965576
corvette	4965575
rohstoffe	4965574
azumi	4965573
gemenon	4965572
pflichtgefuhl	4965571
ruhrende	4965570
versenden	4965569
deflektoren	4965568
raushelfen	4965567
sohlen	4965566
profikiller	4965565
pisa	4965564
begebt	4965563
tomie	4965562
tanne	4965561
yoshie	4965560
rutledge	4965559
krautsalat	4965558
buggy	4965557
achter	4965556
cosa	4965555
abwechseln	4965554
celal	4965553
besonderheit	4965552
pritchett	4965551
beutlin	4965550
aufhielt	4965549
viggo	4965548
sonstige	4965547
alfalfa	4965546
audi	4965545
verkrafte	4965544
sizilianer	4965543
wehrdienst	4965542
sekretariat	4965541
fertigstellen	4965540
trennst	4965539
faxgerat	4965538
agathe	4965537
warmherzig	4965536
individuellen	4965535
kriegsministerium	4965534
heilerin	4965533
verlogenes	4965532
geraumig	4965531
spasschen	4965530
brillenschlange	4965529
siamesische	4965528
vermuteten	4965527
piraterie	4965526
barrymore	4965525
veroffentliche	4965524
revolutionen	4965523
silhouette	4965522
haarausfall	4965521
einzelfall	4965520
barmherzigen	4965519
schonend	4965518
erarbeiten	4965517
bekir	4965516
friendly	4965515
display	4965514
jemma	4965513
scha	4965512
bikinis	4965511
requiem	4965510
konstanz	4965509
pfotchen	4965508
gable	4965507
hinterfragt	4965506
entzucken	4965505
fandst	4965504
wolfman	4965503
sparbuch	4965502
mogeln	4965501
kurzum	4965500
ausgiebig	4965499
preisgegeben	4965498
schwure	4965497
weyland	4965496
zuviele	4965495
hors	4965494
unterdrucker	4965493
jobsuche	4965492
zusammengezogen	4965491
malerin	4965490
besonderheiten	4965489
dorne	4965488
kurtisane	4965487
chiko	4965486
mhn	4965485
anzugucken	4965484
draufhast	4965483
spieglein	4965482
privatangelegenheit	4965481
solveig	4965480
jenson	4965479
seaworld	4965478
optimale	4965477
habseligkeiten	4965476
muff	4965475
wurmlochs	4965474
ausgrabung	4965473
religioses	4965472
sameen	4965471
hausarbeiten	4965470
gekapert	4965469
blickkontakt	4965468
haffner	4965467
gesetzlichen	4965466
observatorium	4965465
bisexuell	4965464
ask	4965463
kommend	4965462
punktestand	4965461
zusammengefasst	4965460
pinke	4965459
werbekampagne	4965458
gartens	4965457
sao	4965456
raschelt	4965455
etat	4965454
unternehmung	4965453
ravioli	4965452
rauszuschmeissen	4965451
tornados	4965450
herta	4965449
einlasse	4965448
zielgruppe	4965447
ralston	4965446
fristlos	4965445
machtlosen	4965444
vietnamkrieg	4965443
burogebaude	4965442
drogenbehorde	4965441
asuna	4965440
baines	4965439
schmalz	4965438
aktivisten	4965437
vernichtete	4965436
beschrankungen	4965435
kiemen	4965434
sakura	4965433
lechero	4965432
arrakis	4965431
historisches	4965430
kleinkinder	4965429
verstorende	4965428
mather	4965427
ebnen	4965426
lecke	4965425
mondlandung	4965424
rucklicht	4965423
einmarschiert	4965422
fremdgegangen	4965421
robbe	4965420
jesuxxx	4965419
gebogen	4965418
android	4965417
talby	4965416
planes	4965415
arkady	4965414
orgien	4965413
zentral	4965412
midtown	4965411
voranzutreiben	4965410
ehrenvolle	4965409
psychotisch	4965408
cheerios	4965407
weltbevolkerung	4965406
eingehende	4965405
handelskammer	4965404
bowle	4965403
arischen	4965402
herzenswunsch	4965401
befragten	4965400
schakale	4965399
cancan	4965398
auswerten	4965397
briefpapier	4965396
mopp	4965395
eigenstandig	4965394
fesselte	4965393
kalbfleisch	4965392
beschwichtigen	4965391
angele	4965390
session	4965389
bottom	4965388
epische	4965387
making	4965386
nantes	4965385
korty	4965384
prim	4965383
rausgehalten	4965382
dorfler	4965381
zulassungsstelle	4965380
zuschicken	4965379
augusta	4965378
lichte	4965377
riesenproblem	4965376
weggespult	4965375
verwesen	4965374
harlow	4965373
breitengrad	4965372
teo	4965371
soong	4965370
lunar	4965369
traci	4965368
wicket	4965367
verbring	4965366
tita	4965365
tollwutiger	4965364
ohm	4965363
ru	4965362
bestattet	4965361
blackwood	4965360
ekliger	4965359
tokugawa	4965358
sammelpunkt	4965357
jekyll	4965356
mutierte	4965355
behaglich	4965354
postleitzahl	4965353
elspeth	4965352
oguz	4965351
harke	4965350
mitsingen	4965349
zugebracht	4965348
majid	4965347
meeresrauschen	4965346
vertrocknet	4965345
notfallen	4965344
tte	4965343
cushing	4965342
calamity	4965341
atreides	4965340
ortungsgerat	4965339
unbedeutender	4965338
vandalen	4965337
sternschnuppen	4965336
teuflisches	4965335
normen	4965334
lehrerzimmer	4965333
gets	4965332
druckten	4965331
abfallig	4965330
gegnerische	4965329
getto	4965328
watty	4965327
jugendknast	4965326
rockband	4965325
raumschiffen	4965324
ria	4965323
wedding	4965322
stadtmauern	4965321
messdiener	4965320
forscht	4965319
simse	4965318
hochkommt	4965317
mehrzahl	4965316
bistja	4965315
amazon	4965314
geschriebene	4965313
sicherheitsgurte	4965312
tragbare	4965311
beruhrungen	4965310
scrubs	4965309
befolgst	4965308
duchemin	4965307
mundliche	4965306
selbsterhaltung	4965305
schmollst	4965304
messerstecherei	4965303
freudenhaus	4965302
schont	4965301
reeve	4965300
tropez	4965299
herumlungern	4965298
nacktes	4965297
aggressivitat	4965296
entlocken	4965295
ernahre	4965294
ruckzahlung	4965293
chalmers	4965292
halloran	4965291
auszuhelfen	4965290
mildern	4965289
ansprechpartner	4965288
segle	4965287
ausgefahren	4965286
taijun	4965285
defiance	4965284
getrocknete	4965283
magnetisch	4965282
hoherem	4965281
einweihung	4965280
schnuckelchen	4965279
kritischer	4965278
armdrucken	4965277
mojito	4965276
fimpen	4965275
humpeln	4965274
episoden	4965273
annes	4965272
deinetwillen	4965271
sitzordnung	4965270
muli	4965269
melli	4965268
mont	4965267
misshandlungen	4965266
instanz	4965265
jørgen	4965264
seamus	4965263
schubkarre	4965262
mutterschaft	4965261
magere	4965260
hierin	4965259
luli	4965258
mullers	4965257
laufender	4965256
dreckschweine	4965255
arnaud	4965254
einfacheren	4965253
suchtiger	4965252
bucephalus	4965251
chiropraktiker	4965250
ap	4965249
tobte	4965248
aramis	4965247
pcp	4965246
geringeren	4965245
iet	4965244
raf	4965243
mighty	4965242
pestizide	4965241
comandante	4965240
fallend	4965239
mally	4965238
belog	4965237
tunten	4965236
ender	4965235
geschlechtsumwandlung	4965234
heiteres	4965233
ranjit	4965232
gemachern	4965231
kirmes	4965230
stalins	4965229
huldigen	4965228
mauritz	4965227
abtreibungen	4965226
tanger	4965225
gesuchter	4965224
beichtvater	4965223
bissell	4965222
ehepaare	4965221
vitalfunktionen	4965220
unis	4965219
hakan	4965218
zuruckgehst	4965217
anprobiert	4965216
abschussliste	4965215
suchmeldung	4965214
queue	4965213
ausrauchern	4965212
kolumbianische	4965211
tilda	4965210
sebastien	4965209
prahlt	4965208
neblig	4965207
schlafstorungen	4965206
deko	4965205
prego	4965204
spalding	4965203
luftfeuchtigkeit	4965202
gefallts	4965201
ferngesteuert	4965200
verkabeln	4965199
eggsy	4965198
minh	4965197
komik	4965196
objektivitat	4965195
layton	4965194
argumentiert	4965193
hornissen	4965192
griffe	4965191
harz	4965190
prugeleien	4965189
raccoon	4965188
vermogenswerte	4965187
davonlauft	4965186
aufbewahrung	4965185
zusammenzuleben	4965184
niedrigste	4965183
mlle	4965182
verhullt	4965181
hauptcomputer	4965180
weathers	4965179
mango	4965178
gcpd	4965177
azteken	4965176
ak	4965175
mcclure	4965174
ronaldo	4965173
vitus	4965172
kolosseum	4965171
wachtern	4965170
lygia	4965169
rumhangst	4965168
lubeck	4965167
pussies	4965166
hauptlinge	4965165
freikommen	4965164
namenloser	4965163
cali	4965162
probt	4965161
codiert	4965160
netterweise	4965159
mischte	4965158
tapfersten	4965157
kriecher	4965156
eigenartigen	4965155
deniz	4965154
outen	4965153
camps	4965152
tudor	4965151
pyle	4965150
vernichtend	4965149
werbeagentur	4965148
entsprungen	4965147
enttauschte	4965146
hellsten	4965145
aldous	4965144
felgen	4965143
shue	4965142
australische	4965141
halse	4965140
hinkriege	4965139
sadisten	4965138
gilmore	4965137
geschneit	4965136
allerhochste	4965135
sportunterricht	4965134
financial	4965133
predige	4965132
connection	4965131
rannveig	4965130
satoshi	4965129
fandet	4965128
freilasst	4965127
avigdor	4965126
nordmanner	4965125
aussaugen	4965124
disk	4965123
drehkorper	4965122
fortschrittliche	4965121
beamtin	4965120
leth	4965119
gemutliches	4965118
geschutzten	4965117
sichtung	4965116
farnese	4965115
guapo	4965114
michal	4965113
hentai	4965112
scheussliches	4965111
ertraglicher	4965110
frassen	4965109
damn	4965108
liddy	4965107
trotter	4965106
schmauchspuren	4965105
bemannt	4965104
hirntot	4965103
anyone	4965102
verdun	4965101
eingeengt	4965100
sorgfaltiger	4965099
schafott	4965098
ijon	4965097
wolverine	4965096
durchleuchtet	4965095
amphetamine	4965094
akzeptier	4965093
vasen	4965092
hundefanger	4965091
einkaufswagen	4965090
uberrede	4965089
ehrwurdigen	4965088
schwatzen	4965087
hines	4965086
nichtsein	4965085
massigen	4965084
canal	4965083
baustellen	4965082
erschutternd	4965081
kommentator	4965080
jakarta	4965079
rajesh	4965078
arier	4965077
zwinger	4965076
mikkel	4965075
fahigen	4965074
implantieren	4965073
kyles	4965072
unterarm	4965071
knattern	4965070
ubersinnlichen	4965069
kippte	4965068
notizblock	4965067
bakshi	4965066
sprunghaft	4965065
testaments	4965064
zubringen	4965063
individuell	4965062
tendieren	4965061
nuri	4965060
raumkapsel	4965059
begebenheiten	4965058
gare	4965057
energieversorgung	4965056
abgewickelt	4965055
muchas	4965054
zweigen	4965053
zuteilen	4965052
dunkt	4965051
abklaren	4965050
kriegsverbrechen	4965049
amtierende	4965048
ringsum	4965047
erlangte	4965046
drinsteht	4965045
letty	4965044
teach	4965043
jour	4965042
ausgeplaudert	4965041
betreffende	4965040
pfft	4965039
strahlendes	4965038
uberdreht	4965037
vlies	4965036
zuschaut	4965035
eragon	4965034
bonn	4965033
lol	4965032
gleichem	4965031
servierst	4965030
erwiderte	4965029
myriam	4965028
leto	4965027
gotterspeise	4965026
jc	4965025
berichts	4965024
autoreifen	4965023
sakamoto	4965022
republikanischen	4965021
nihal	4965020
ticktack	4965019
pieper	4965018
lacherliches	4965017
soap	4965016
vernissage	4965015
fletch	4965014
widerworte	4965013
halter	4965012
gabt	4965011
hahne	4965010
reliquien	4965009
hamel	4965008
ruhelos	4965007
dingfest	4965006
karloff	4965005
aufgetaut	4965004
feminin	4965003
mare	4965002
witt	4965001
traumes	4965000
provence	4964999
sauftour	4964998
mosca	4964997
bekriegen	4964996
biblischen	4964995
gefa	4964994
epstein	4964993
gilson	4964992
villefort	4964991
hummus	4964990
intuitiv	4964989
final	4964988
zuruckgeschlagen	4964987
muhlen	4964986
aufwartung	4964985
hegst	4964984
kaputtgegangen	4964983
gepachtet	4964982
hinterlistig	4964981
driver	4964980
nahrhaft	4964979
genehmigte	4964978
sozialversicherung	4964977
herausragende	4964976
fuhrern	4964975
kowloon	4964974
momentchen	4964973
himmelswillen	4964972
provisorische	4964971
nischt	4964970
folgsam	4964969
resistance	4964968
erziehe	4964967
jau	4964966
alphas	4964965
ansahen	4964964
gewichst	4964963
eismann	4964962
vereinbarte	4964961
stuten	4964960
rausreden	4964959
entfesseln	4964958
smoke	4964957
auffiel	4964956
nuchternheit	4964955
penizillin	4964954
vanilla	4964953
vielversprechende	4964952
gebrauchtwagen	4964951
bewerbe	4964950
feierlichen	4964949
aussenpolitik	4964948
vollgekotzt	4964947
karli	4964946
hockst	4964945
schrammen	4964944
nexus	4964943
lektor	4964942
kohldampf	4964941
hungernden	4964940
allerwenigsten	4964939
abernathy	4964938
hexenzirkel	4964937
schwieg	4964936
santino	4964935
onion	4964934
cantor	4964933
aufsatze	4964932
personals	4964931
dienstagabend	4964930
telepathen	4964929
verdreifachen	4964928
griselda	4964927
erwirkt	4964926
pazifist	4964925
raumung	4964924
niggern	4964923
klingonenschiff	4964922
uliamos	4964921
ritters	4964920
sundhaft	4964919
vatikans	4964918
webcam	4964917
bergarbeiter	4964916
margarethe	4964915
pendel	4964914
meinhard	4964913
familienangelegenheiten	4964912
burning	4964911
marienkafer	4964910
ausschluss	4964909
auskundschaften	4964908
porto	4964907
grimmig	4964906
irisch	4964905
kurtz	4964904
hauslichen	4964903
flugzeuges	4964902
mittelfinger	4964901
egoistisches	4964900
unerfreuliche	4964899
knallkopf	4964898
wallung	4964897
anette	4964896
pjotr	4964895
yui	4964894
kommunistin	4964893
weitergekommen	4964892
weidet	4964891
barmherzige	4964890
polizeilichen	4964889
zugangscodes	4964888
beteilige	4964887
forget	4964886
pflanzte	4964885
registrierung	4964884
paragraf	4964883
bissig	4964882
paintball	4964881
woodstock	4964880
zugesprochen	4964879
nuchternen	4964878
abgekartetes	4964877
umgehe	4964876
push	4964875
salto	4964874
asiatin	4964873
unhold	4964872
herzschmerz	4964871
aufrechte	4964870
vollendete	4964869
bemerkenswertes	4964868
carry	4964867
sturkopf	4964866
umfassen	4964865
biste	4964864
vorfahrt	4964863
ubergezogen	4964862
farr	4964861
verbissen	4964860
hochgradig	4964859
vororten	4964858
herzzerreissend	4964857
darla	4964856
maike	4964855
einhalb	4964854
freizugeben	4964853
torrio	4964852
aussenseite	4964851
lieferservice	4964850
hinauswollen	4964849
cemal	4964848
zusagt	4964847
nahem	4964846
sony	4964845
lichtes	4964844
dry	4964843
beschrankte	4964842
landezone	4964841
selbstmordgefahrdet	4964840
aurore	4964839
wirbelwind	4964838
anschneiden	4964837
grimassen	4964836
rumzukriegen	4964835
grimms	4964834
smartphone	4964833
andauernden	4964832
nuklearwaffen	4964831
enthauptung	4964830
gemutlichkeit	4964829
motorengerausche	4964828
schornsteinfeger	4964827
rigby	4964826
rasputin	4964825
knopfdruck	4964824
ontario	4964823
physikalische	4964822
flair	4964821
rangemacht	4964820
boynton	4964819
klatsche	4964818
konzerten	4964817
feurig	4964816
meade	4964815
anerkennt	4964814
flik	4964813
beschuldigung	4964812
einlagen	4964811
vaterlandes	4964810
rebeccas	4964809
soziopathen	4964808
taktischer	4964807
bezirke	4964806
tyrol	4964805
prudence	4964804
suchtrupps	4964803
leichtem	4964802
stutz	4964801
aufzuzeichnen	4964800
wiedergewahlt	4964799
vordersitz	4964798
tschaikowski	4964797
backstage	4964796
warriors	4964795
messing	4964794
addams	4964793
ri	4964792
limousinen	4964791
erpresste	4964790
stattliche	4964789
drogensuchtige	4964788
himbeeren	4964787
morbide	4964786
ledige	4964785
staatsgewalt	4964784
swallow	4964783
kniete	4964782
bekehrt	4964781
milchgesicht	4964780
anekdoten	4964779
seco	4964778
durchfuhrte	4964777
hepburn	4964776
nicklas	4964775
ausgestopft	4964774
tyra	4964773
tennisplatz	4964772
louisville	4964771
hindus	4964770
sporttasche	4964769
maharadscha	4964768
beschenkt	4964767
unerklarlich	4964766
keuschheit	4964765
liebenswerter	4964764
floty	4964763
minigolf	4964762
lynda	4964761
heilbar	4964760
untersuchungsausschuss	4964759
mertens	4964758
fehlzundung	4964757
genahert	4964756
abstanden	4964755
bikes	4964754
aufnahmegerat	4964753
wilton	4964752
zoomen	4964751
unkontrollierbar	4964750
foderationsschiff	4964749
halluziniere	4964748
indisch	4964747
foot	4964746
hbo	4964745
contessa	4964744
fellow	4964743
abgeschieden	4964742
gamser	4964741
waj	4964740
frontlinie	4964739
uberstellt	4964738
acosta	4964737
einlaufen	4964736
freeze	4964735
lui	4964734
detoniert	4964733
danko	4964732
unabhangigkeitserklarung	4964731
bezahlter	4964730
stinklangweilig	4964729
erhaschen	4964728
tapetenwechsel	4964727
moralpredigt	4964726
grenouille	4964725
tursummer	4964724
above	4964723
tatorts	4964722
blunt	4964721
kostliches	4964720
alteres	4964719
kusch	4964718
giulietta	4964717
krabbelt	4964716
rud	4964715
barrows	4964714
lugender	4964713
vertrags	4964712
nervenheilanstalt	4964711
zuruckzuschicken	4964710
festungen	4964709
philosophische	4964708
hinkt	4964707
archiven	4964706
tout	4964705
kearney	4964704
ausgepragt	4964703
lyne	4964702
breitete	4964701
donnerschlag	4964700
anlasse	4964699
leugnest	4964698
frigide	4964697
florentine	4964696
hauie	4964695
kanzel	4964694
mirjetzt	4964693
bekunden	4964692
zusammenlegen	4964691
beflugelt	4964690
betrachtlichen	4964689
entertainer	4964688
demos	4964687
elektroden	4964686
miserable	4964685
schrapnell	4964684
wehrlose	4964683
einher	4964682
feurige	4964681
simeon	4964680
sprechchor	4964679
diesseits	4964678
vertauschen	4964677
joosep	4964676
mondoberflache	4964675
morduntersuchung	4964674
verbeuge	4964673
antue	4964672
sachverhalt	4964671
mays	4964670
zylonische	4964669
wegzufahren	4964668
hufen	4964667
lowenzahn	4964666
issa	4964665
minder	4964664
maryann	4964663
dominant	4964662
obszone	4964661
hinwegsehen	4964660
pemberton	4964659
folgend	4964658
startest	4964657
geklemmt	4964656
parlaments	4964655
biochemie	4964654
pflegemutter	4964653
ausweiden	4964652
handgelenken	4964651
weggeholt	4964650
sklavenhandler	4964649
kroatien	4964648
konditorei	4964647
fleissige	4964646
innovation	4964645
burner	4964644
todesstoss	4964643
spaltung	4964642
unsagbar	4964641
musikanten	4964640
angehoben	4964639
stimulierend	4964638
schlechthin	4964637
bemuhst	4964636
updates	4964635
verstummelte	4964634
konfoderierten	4964633
smithsonian	4964632
sehvermogen	4964631
maki	4964630
kindische	4964629
posen	4964628
desdemona	4964627
yuria	4964626
putnam	4964625
hochgekommen	4964624
brasilianer	4964623
maigret	4964622
trojanisches	4964621
besitzern	4964620
familienerbstuck	4964619
lundgren	4964618
trash	4964617
arbeitsstunden	4964616
umweltschutzer	4964615
mitbrachte	4964614
stowaway	4964613
herzensbrecher	4964612
wetters	4964611
zugange	4964610
abdeckung	4964609
trist	4964608
schie	4964607
prozac	4964606
wegs	4964605
reinspazieren	4964604
grossmutters	4964603
leut	4964602
hochwasser	4964601
eingeschlichen	4964600
geschirrspuler	4964599
knock	4964598
arzneimittel	4964597
beijing	4964596
gutsherr	4964595
siesta	4964594
gluckskeks	4964593
erhangte	4964592
ehrenvollen	4964591
handlern	4964590
jiri	4964589
besenstiel	4964588
projektil	4964587
parbat	4964586
laboratorium	4964585
bellows	4964584
petzen	4964583
sparschwein	4964582
devise	4964581
achtel	4964580
gefurchtete	4964579
squash	4964578
tosca	4964577
abgibst	4964576
ratst	4964575
sonnenstich	4964574
rizvan	4964573
walkman	4964572
giftstoffe	4964571
formiert	4964570
freibeuter	4964569
rumgekriegt	4964568
festgefahren	4964567
sinnliche	4964566
scheibenwischer	4964565
zacken	4964564
christliches	4964563
hide	4964562
plakette	4964561
piggott	4964560
verderbe	4964559
beschleunigte	4964558
missbrauchte	4964557
austoben	4964556
erbracht	4964555
kubel	4964554
zuruckzuerobern	4964553
zeitlos	4964552
adrienne	4964551
gedatet	4964550
rollenspiele	4964549
ivar	4964548
amter	4964547
claremont	4964546
kitzlig	4964545
amato	4964544
leichtesten	4964543
might	4964542
debattieren	4964541
abseilen	4964540
jimmie	4964539
leidenschaftlichen	4964538
herrschers	4964537
pidge	4964536
messala	4964535
olwechsel	4964534
erhohter	4964533
saturday	4964532
kompetenzen	4964531
ehebrecher	4964530
schandlichen	4964529
reaktiviert	4964528
neuester	4964527
fredericks	4964526
bieter	4964525
heathcliff	4964524
ritalin	4964523
konsumieren	4964522
wittert	4964521
telegraph	4964520
gunn	4964519
floor	4964518
pendeln	4964517
regulieren	4964516
latimer	4964515
zocker	4964514
auszuflippen	4964513
goldjunge	4964512
geringeres	4964511
nachgeschlagen	4964510
odd	4964509
qualmt	4964508
liebkosen	4964507
freigestellt	4964506
reiflicher	4964505
morley	4964504
leisteten	4964503
yao	4964502
rodolfo	4964501
totenbett	4964500
chauncey	4964499
bleibende	4964498
ausblasen	4964497
fahrstil	4964496
marzipan	4964495
buckner	4964494
verdamme	4964493
aufhorten	4964492
wasserturm	4964491
gerichtsmediziners	4964490
argwohnisch	4964489
privateigentum	4964488
filialleiter	4964487
alltagliche	4964486
muskelprotz	4964485
minsk	4964484
wickle	4964483
dorbeck	4964482
brant	4964481
bellini	4964480
multipliziert	4964479
suat	4964478
besetzte	4964477
denning	4964476
ausgebaut	4964475
scarface	4964474
verleugnung	4964473
geschaftsfuhrung	4964472
cleveren	4964471
sprengkorper	4964470
kund	4964469
eindammung	4964468
neutron	4964467
points	4964466
schoko	4964465
schulkinder	4964464
zyste	4964463
teufelin	4964462
ritus	4964461
fixer	4964460
huxley	4964459
umarmst	4964458
eastman	4964457
treadwell	4964456
abschiede	4964455
herkamst	4964454
warterei	4964453
skeptiker	4964452
planchet	4964451
essbares	4964450
flutwelle	4964449
spocks	4964448
enthulle	4964447
lucys	4964446
erneutes	4964445
waiting	4964444
fragment	4964443
litauen	4964442
steins	4964441
ehrgeiziger	4964440
bluto	4964439
kaust	4964438
ziegenbock	4964437
pragmatisch	4964436
schriebst	4964435
geschichtslehrer	4964434
rauchmelder	4964433
teehaus	4964432
verwohntes	4964431
runs	4964430
buddhist	4964429
jona	4964428
huan	4964427
menschenkenntnis	4964426
mannequin	4964425
astrologie	4964424
cheech	4964423
moget	4964422
kartoffelchips	4964421
lab	4964420
fiept	4964419
englischlehrer	4964418
meisterhaft	4964417
turgerausch	4964416
wiederholten	4964415
erhaltet	4964414
vertreibe	4964413
gallenblase	4964412
wyler	4964411
waffenbesitz	4964410
ethnische	4964409
aufgehetzt	4964408
weltbesten	4964407
anhorst	4964406
majestatische	4964405
liliane	4964404
iin	4964403
dal	4964402
schlichter	4964401
geek	4964400
bilanzen	4964399
verleih	4964398
abgleichen	4964397
ausgehoben	4964396
nuschelt	4964395
meise	4964394
brillanz	4964393
kotori	4964392
freikarte	4964391
zuruckstellen	4964390
eroberungen	4964389
uganda	4964388
alarmsignal	4964387
premierministers	4964386
cyrano	4964385
nicke	4964384
flitzen	4964383
takata	4964382
aufgetankt	4964381
einzubringen	4964380
catrina	4964379
sohnemann	4964378
arnett	4964377
salander	4964376
beisetzung	4964375
kralik	4964374
geissel	4964373
rufnummer	4964372
viech	4964371
fliessband	4964370
kotelett	4964369
alvy	4964368
abgewaschen	4964367
beitritt	4964366
schekel	4964365
buckaroo	4964364
mochtegern	4964363
loverboy	4964362
ashe	4964361
abholst	4964360
ingvar	4964359
geschliffen	4964358
musikerin	4964357
zusammengelebt	4964356
schwesterlein	4964355
syracuse	4964354
gebrauchten	4964353
inoffizielle	4964352
besitzergreifend	4964351
starteten	4964350
sonderpreis	4964349
smaragde	4964348
einleuchtend	4964347
bahnt	4964346
wenngleich	4964345
rats	4964344
giftmull	4964343
baumeister	4964342
regeneriert	4964341
levinson	4964340
corrigan	4964339
interferenz	4964338
superb	4964337
geknebelt	4964336
translation	4964335
unglaublichste	4964334
latin	4964333
satteln	4964332
luper	4964331
commandant	4964330
reserviere	4964329
wahrzeichen	4964328
uberflussige	4964327
rolltreppe	4964326
waldi	4964325
cordell	4964324
embryo	4964323
verhors	4964322
menschenopfer	4964321
vorta	4964320
nikos	4964319
rausgegeben	4964318
lyn	4964317
rowdys	4964316
austritt	4964315
schluchten	4964314
krankgeschrieben	4964313
tagesablauf	4964312
pet	4964311
jacobi	4964310
spendier	4964309
verbleibt	4964308
verschmaht	4964307
ubermudet	4964306
walnuss	4964305
fried	4964304
aitan	4964303
natalja	4964302
pauly	4964301
slash	4964300
transportierte	4964299
sigurd	4964298
pinata	4964297
versohl	4964296
nippeln	4964295
antwon	4964294
aya	4964293
abgetreten	4964292
ungeahnte	4964291
coionei	4964290
beanspruche	4964289
misslingt	4964288
lehman	4964287
regalen	4964286
namenlosen	4964285
geheule	4964284
preiswert	4964283
verrostet	4964282
jamaica	4964281
evolet	4964280
unangekundigt	4964279
andauert	4964278
schragstrich	4964277
pennern	4964276
eros	4964275
verbandskasten	4964274
auffinden	4964273
fleissiger	4964272
kanaan	4964271
kneifst	4964270
bardame	4964269
neuankommlinge	4964268
iona	4964267
racheakt	4964266
geschwungen	4964265
quid	4964264
sammys	4964263
guineas	4964262
messwerte	4964261
uberraschungsmoment	4964260
gaunern	4964259
dynamics	4964258
rechtsstreit	4964257
abtrunniger	4964256
fotoshooting	4964255
reinzulassen	4964254
weitermache	4964253
lachgas	4964252
lns	4964251
transvestiten	4964250
polka	4964249
nullpunkt	4964248
verwundeter	4964247
schadels	4964246
plastiksprengstoff	4964245
stipendien	4964244
uhu	4964243
baek	4964242
unanstandige	4964241
zion	4964240
handeschutteln	4964239
edmunds	4964238
daves	4964237
josefa	4964236
arrogantes	4964235
zugbrucke	4964234
durchbringen	4964233
packten	4964232
verhuten	4964231
synchronisieren	4964230
pachter	4964229
aufzieht	4964228
executive	4964227
nr	4964226
verkleinert	4964225
methadon	4964224
elway	4964223
dastan	4964222
instagram	4964221
dizzy	4964220
hetz	4964219
ermittlerin	4964218
schuldirektor	4964217
larven	4964216
rains	4964215
festsetzen	4964214
gunilla	4964213
dez	4964212
lebensaufgabe	4964211
blitzblank	4964210
turklinke	4964209
piers	4964208
transparent	4964207
jauchzen	4964206
torichten	4964205
petri	4964204
gruyter	4964203
ouverture	4964202
hieran	4964201
ubliches	4964200
aufmerksamer	4964199
farell	4964198
hadschi	4964197
birmanisch	4964196
auffuhrst	4964195
pezuela	4964194
geschichtsbuchern	4964193
titelseiten	4964192
seefahrt	4964191
verkabelung	4964190
abgekratzt	4964189
paella	4964188
sanktionen	4964187
grunem	4964186
sammel	4964185
guterzug	4964184
abgebe	4964183
grell	4964182
einkaufszentren	4964181
erfasse	4964180
amusante	4964179
godric	4964178
professionalitat	4964177
geheimniskramerei	4964176
gepredigt	4964175
trachten	4964174
oktopus	4964173
gershwin	4964172
verfuhrte	4964171
strikes	4964170
teuflischer	4964169
abkuhlung	4964168
legales	4964167
reinzubringen	4964166
alkoholismus	4964165
besitzers	4964164
jennas	4964163
sturmische	4964162
corona	4964161
rubergekommen	4964160
absahnen	4964159
loyalen	4964158
bisse	4964157
griffel	4964156
herumschleichen	4964155
fakalien	4964154
kenai	4964153
phelan	4964152
produktivitat	4964151
boudoir	4964150
stocksauer	4964149
ausgekommen	4964148
hanswurst	4964147
kurator	4964146
flugblatt	4964145
bauernmadchen	4964144
gags	4964143
anbrullen	4964142
schlossern	4964141
kimmie	4964140
wasserloch	4964139
heringe	4964138
christlicher	4964137
kochkunste	4964136
umfahren	4964135
sani	4964134
bundy	4964133
furchterlicher	4964132
professionelles	4964131
pygmaen	4964130
unumganglich	4964129
insolvenz	4964128
pauken	4964127
zyniker	4964126
adlers	4964125
steinchen	4964124
polin	4964123
amtierenden	4964122
zerschossen	4964121
arbeitsweise	4964120
vormundschaft	4964119
year	4964118
penetration	4964117
gepfiffen	4964116
visor	4964115
crale	4964114
bekanntgeben	4964113
nachgemacht	4964112
trump	4964111
sosa	4964110
qualifizierte	4964109
salome	4964108
dung	4964107
weinende	4964106
clu	4964105
aufzuteilen	4964104
erinnerungsvermogen	4964103
lesters	4964102
tauber	4964101
gleichberechtigt	4964100
hochmutig	4964099
klingende	4964098
smirre	4964097
yippie	4964096
entging	4964095
altert	4964094
gesass	4964093
sia	4964092
kolumbianischen	4964091
einzuspringen	4964090
pig	4964089
gregoire	4964088
kell	4964087
wilda	4964086
fehlender	4964085
dolche	4964084
later	4964083
ausgestochen	4964082
fruhmorgens	4964081
milder	4964080
schlaflosen	4964079
krankhafte	4964078
abzuschleppen	4964077
plausch	4964076
lanka	4964075
quartieren	4964074
nettigkeit	4964073
maude	4964072
impala	4964071
pilgerfahrt	4964070
router	4964069
meeresspiegel	4964068
weiterzugehen	4964067
bewunderst	4964066
bummeln	4964065
hutchinson	4964064
zweitschlussel	4964063
simples	4964062
dessler	4964061
verbraucher	4964060
sinfonie	4964059
savonarola	4964058
sheryl	4964057
raaiiyaa	4964056
atropin	4964055
hingenommen	4964054
mercier	4964053
navarra	4964052
dolce	4964051
boudreau	4964050
lieutenants	4964049
volke	4964048
eheleben	4964047
jux	4964046
vernascht	4964045
gannon	4964044
leichteste	4964043
schuttete	4964042
heiratsurkunde	4964041
heiligt	4964040
alsbald	4964039
ungeklarten	4964038
abzustellen	4964037
raiko	4964036
feile	4964035
funkelt	4964034
glitzert	4964033
rowdy	4964032
chlamydien	4964031
geistiges	4964030
blutbank	4964029
ausgeburt	4964028
gomorra	4964027
tatsu	4964026
phantome	4964025
kreatives	4964024
andiamo	4964023
eintrafen	4964022
morgendlichen	4964021
rausgesucht	4964020
belangt	4964019
chiffre	4964018
uberlebenschancen	4964017
gequetscht	4964016
aufhalte	4964015
ibn	4964014
tb	4964013
stewardessen	4964012
symbolen	4964011
ashford	4964010
petschek	4964009
anhaltende	4964008
footballspiel	4964007
ausschlaggebend	4964006
erkrankte	4964005
verna	4964004
drollig	4964003
zuruckgeworfen	4964002
durchgreifen	4964001
erfundenen	4964000
vollstrecken	4963999
langweilte	4963998
gesundheitsministerium	4963997
nervtotend	4963996
birma	4963995
abwasser	4963994
gehanselt	4963993
havre	4963992
maulkorb	4963991
asthetik	4963990
disketten	4963989
ausgab	4963988
angstlaute	4963987
spy	4963986
islamische	4963985
blackie	4963984
klinke	4963983
ersetzte	4963982
lird	4963981
yangs	4963980
bestatten	4963979
hinausgeht	4963978
cobain	4963977
skalpiert	4963976
ehegelubde	4963975
reichstag	4963974
einzuweihen	4963973
rannehmen	4963972
chlor	4963971
vorderster	4963970
brandenburg	4963969
laib	4963968
fanpost	4963967
monatlichen	4963966
verfehlte	4963965
fruit	4963964
vroni	4963963
promotion	4963962
maserati	4963961
literarische	4963960
absturzte	4963959
uberraschungsangriff	4963958
mordfallen	4963957
schlaukopf	4963956
vergnugungen	4963955
whites	4963954
scharfsten	4963953
cabe	4963952
yoshimura	4963951
erschreckende	4963950
bewirbt	4963949
raufbold	4963948
unterzugehen	4963947
gefullten	4963946
adliger	4963945
bag	4963944
stiefschwester	4963943
geschaftswelt	4963942
einholt	4963941
rude	4963940
vertrautes	4963939
lecks	4963938
realist	4963937
weichling	4963936
rotkehlchen	4963935
jachthafen	4963934
klosse	4963933
transparenz	4963932
befehlsverweigerung	4963931
symphony	4963930
goines	4963929
hinbringt	4963928
children	4963927
stapleton	4963926
eventuelle	4963925
autokino	4963924
verheerende	4963923
safran	4963922
bnd	4963921
raumte	4963920
verschnaufen	4963919
uberfragt	4963918
macoco	4963917
gotti	4963916
metamorphose	4963915
verwerfen	4963914
unwichtige	4963913
interessanterweise	4963912
festlich	4963911
vans	4963910
morderischer	4963909
smoak	4963908
pessimist	4963907
tris	4963906
einschlafst	4963905
jota	4963904
manga	4963903
alliierte	4963902
anfuhrt	4963901
mcdonalds	4963900
wasserfalle	4963899
stempeln	4963898
kisha	4963897
sous	4963896
farsi	4963895
vermutest	4963894
reibst	4963893
supervisor	4963892
emp	4963891
wildman	4963890
leung	4963889
sonstwo	4963888
angelockt	4963887
gerste	4963886
cn	4963885
grass	4963884
kasim	4963883
crimson	4963882
untauglich	4963881
stabiles	4963880
tischtennis	4963879
dwyer	4963878
twan	4963877
euter	4963876
zimmergenossin	4963875
medea	4963874
nachweisbar	4963873
naivitat	4963872
torrey	4963871
galway	4963870
micke	4963869
angetroffen	4963868
uberlegten	4963867
jerrys	4963866
crab	4963865
marchand	4963864
karp	4963863
gran	4963862
phuong	4963861
verschollenen	4963860
elbisch	4963859
erstanden	4963858
packard	4963857
kash	4963856
jian	4963855
hoeren	4963854
vertrautheit	4963853
liebenswurdigkeit	4963852
aufreisst	4963851
gebratenen	4963850
tatern	4963849
staut	4963848
polypen	4963847
io	4963846
gluhst	4963845
annies	4963844
verschonern	4963843
gorgo	4963842
arabern	4963841
gilde	4963840
vorspulen	4963839
gepanzerten	4963838
mitgeholfen	4963837
maiwald	4963836
krabs	4963835
carhaix	4963834
pee	4963833
impliziert	4963832
stecher	4963831
faschistischen	4963830
starthilfe	4963829
wiederzuerlangen	4963828
leichtere	4963827
parkuhr	4963826
verbeugung	4963825
kader	4963824
aussichtspunkt	4963823
bezwingt	4963822
satin	4963821
reichtums	4963820
verfechter	4963819
scannt	4963818
erweckte	4963817
schleudert	4963816
nachfahre	4963815
vail	4963814
alberts	4963813
verschmutzung	4963812
stoner	4963811
skorpione	4963810
quinlan	4963809
doyles	4963808
bockhorn	4963807
verzeichnen	4963806
trodel	4963805
nordwestlich	4963804
verbrechensrate	4963803
nolcorp	4963802
erhabenheit	4963801
vereinzelte	4963800
schroter	4963799
katalogisiert	4963798
aufnehme	4963797
transcript	4963796
rausprugeln	4963795
prafekten	4963794
nationalisten	4963793
suchtigen	4963792
umdrehte	4963791
polizeibehorde	4963790
camilo	4963789
franklyn	4963788
radau	4963787
vortauscht	4963786
burritos	4963785
beendeten	4963784
schwingst	4963783
affentheater	4963782
tati	4963781
waffengewalt	4963780
masten	4963779
fella	4963778
rochen	4963777
untergrabt	4963776
schubste	4963775
treasure	4963774
aufder	4963773
elm	4963772
grossenwahnsinnig	4963771
kletterst	4963770
magerlein	4963769
deponie	4963768
bucklige	4963767
sprecherin	4963766
kosmetikerin	4963765
rubine	4963764
koloss	4963763
feuchter	4963762
villette	4963761
reingehe	4963760
kittredge	4963759
morgenrock	4963758
rumgekommen	4963757
klingonisch	4963756
klingonischer	4963755
strapazen	4963754
vergrault	4963753
sallys	4963752
ubergeht	4963751
autofahrt	4963750
spelunke	4963749
berucksichtigung	4963748
skandinavien	4963747
raffinesse	4963746
klugere	4963745
zhu	4963744
mitschreiben	4963743
uberraschenden	4963742
exponentiell	4963741
association	4963740
nickt	4963739
quartiermeister	4963738
chalky	4963737
hochging	4963736
realistischer	4963735
vorgebracht	4963734
bros	4963733
vorgefahren	4963732
ungluckliches	4963731
mentorin	4963730
tilly	4963729
bonney	4963728
bekampfte	4963727
bonzen	4963726
foxtrott	4963725
flaggschiff	4963724
plattenvertrag	4963723
gegenmassnahmen	4963722
explodierten	4963721
anjou	4963720
potenz	4963719
subjektiv	4963718
koen	4963717
bedurfen	4963716
sparkonto	4963715
anspringt	4963714
kreuzritter	4963713
kurzfristige	4963712
mieseste	4963711
bestunde	4963710
admirals	4963709
montez	4963708
rinnt	4963707
verdrehst	4963706
beschwort	4963705
impulskraft	4963704
beatrix	4963703
aisha	4963702
bekampfung	4963701
rj	4963700
guns	4963699
eigenartiger	4963698
luftung	4963697
huhnerfarm	4963696
stubenrein	4963695
zumeist	4963694
maiglockchen	4963693
blindlings	4963692
konvent	4963691
freisprechen	4963690
sudostasien	4963689
shinji	4963688
brasilianische	4963687
heiland	4963686
kurzere	4963685
auflaufen	4963684
aufzuladen	4963683
tagesstatte	4963682
taik	4963681
uberschwemmungen	4963680
rosmarie	4963679
merete	4963678
fluchtwagen	4963677
eheprobleme	4963676
corinna	4963675
ehemannern	4963674
raudigen	4963673
ye	4963672
along	4963671
markierten	4963670
pulitzer	4963669
neurologischen	4963668
grussfrequenzen	4963667
schnalzt	4963666
vipern	4963665
offenlegung	4963664
kipling	4963663
ruckhand	4963662
mayson	4963661
darrow	4963660
meerwasser	4963659
sheng	4963658
hightower	4963657
durcharbeiten	4963656
ungewollte	4963655
kuriert	4963654
tatum	4963653
schuester	4963652
rinaldo	4963651
alive	4963650
tandy	4963649
erubrigen	4963648
kraftlos	4963647
bemalen	4963646
briarcliff	4963645
neurologie	4963644
abgeraten	4963643
hutchen	4963642
pechvogel	4963641
nathans	4963640
beliebig	4963639
bevolkert	4963638
wohlhabende	4963637
uberfullten	4963636
schleimig	4963635
prall	4963634
egoistischen	4963633
gedeutet	4963632
zyklopen	4963631
strippe	4963630
abzusichern	4963629
warrick	4963628
wirtschaftskrise	4963627
beretta	4963626
angehabt	4963625
koteletts	4963624
danforth	4963623
claim	4963622
ledoux	4963621
sektionen	4963620
eck	4963619
rosy	4963618
anzumelden	4963617
gefechtsstationen	4963616
geplapper	4963615
ungetum	4963614
hipster	4963613
regierte	4963612
generalleutnant	4963611
milizen	4963610
verraterische	4963609
bertoux	4963608
guinan	4963607
falco	4963606
schlagertypen	4963605
bewohnbar	4963604
pastis	4963603
improvisiere	4963602
pappy	4963601
friseursalon	4963600
heard	4963599
netflix	4963598
spitzenklasse	4963597
kamp	4963596
geblickt	4963595
deutschem	4963594
rums	4963593
belagern	4963592
spitzer	4963591
sunderin	4963590
thursby	4963589
walnusse	4963588
tschernobyl	4963587
milchprodukte	4963586
ubernachtest	4963585
registrierten	4963584
pinkle	4963583
autorisierte	4963582
gestraft	4963581
poughkeepsie	4963580
mundlich	4963579
kuhltruhe	4963578
schmutzfink	4963577
zerbrochenes	4963576
abzustimmen	4963575
mint	4963574
gedankenstimme	4963573
farragut	4963572
ubertrumpft	4963571
loras	4963570
westseite	4963569
ponce	4963568
zeng	4963567
plains	4963566
antibiotikum	4963565
herhalten	4963564
feuille	4963563
sharif	4963562
absolvieren	4963561
verkleidungen	4963560
hinreissende	4963559
wehrlosen	4963558
kampfkunste	4963557
zimmerschlussel	4963556
sina	4963555
ambrosia	4963554
indiens	4963553
popularitat	4963552
macarthur	4963551
veritas	4963550
hamdi	4963549
wichtigster	4963548
veranlasste	4963547
unanstandiges	4963546
lohse	4963545
gitarrenklange	4963544
renly	4963543
wutanfalle	4963542
beaucoup	4963541
nudelsuppe	4963540
regiere	4963539
matschig	4963538
icarus	4963537
flotenspiel	4963536
menschenkind	4963535
arbeitsloser	4963534
vielseitig	4963533
rechtens	4963532
hawkeye	4963531
gerungen	4963530
wissenschaftsoffizier	4963529
jaeger	4963528
darmspiegelung	4963527
ergattern	4963526
clarisse	4963525
mexikanerin	4963524
augenscheinlich	4963523
gelenk	4963522
bombendrohung	4963521
gemutliche	4963520
preussischen	4963519
squire	4963518
huste	4963517
gruezi	4963516
craven	4963515
adelheid	4963514
nebenraum	4963513
hickey	4963512
einstiche	4963511
zugesteckt	4963510
georgiana	4963509
parr	4963508
abzuladen	4963507
valiant	4963506
wassermelonen	4963505
vittoria	4963504
ilan	4963503
fehlers	4963502
hinzustellen	4963501
kellers	4963500
ghislaine	4963499
invasoren	4963498
kaleu	4963497
zarter	4963496
ambition	4963495
scouts	4963494
fluchte	4963493
lowenherz	4963492
spoiler	4963491
unzurechnungsfahigkeit	4963490
heisshunger	4963489
ausloschung	4963488
chou	4963487
dooley	4963486
leibhaftig	4963485
leda	4963484
schussverletzung	4963483
sec	4963482
quetsch	4963481
aushangeschild	4963480
kale	4963479
unerwunschte	4963478
verhokern	4963477
wettbewerbs	4963476
beans	4963475
heidelberg	4963474
rumzumachen	4963473
tschechen	4963472
kilos	4963471
unterholz	4963470
anbetung	4963469
bereute	4963468
herumgeschnuffelt	4963467
hinfahrt	4963466
wahrheitsserum	4963465
gouverneurin	4963464
omicron	4963463
weitererzahlen	4963462
ziels	4963461
zo	4963460
funktionierenden	4963459
volksrepublik	4963458
maries	4963457
minderjahriger	4963456
eingehend	4963455
loxi	4963454
zahlmeister	4963453
egozentrisch	4963452
wassa	4963451
kuroda	4963450
salinas	4963449
lebensdauer	4963448
meehan	4963447
simonis	4963446
richtigkeit	4963445
vesuv	4963444
schimpf	4963443
aufmache	4963442
schadenfreude	4963441
giftgas	4963440
rankin	4963439
nachtruhe	4963438
spielereien	4963437
konserviert	4963436
kursanderung	4963435
verteilst	4963434
morddrohungen	4963433
zuruckkehrten	4963432
regens	4963431
hasegawa	4963430
milena	4963429
toshi	4963428
halsschmerzen	4963427
wirtschaftlich	4963426
murder	4963425
carrera	4963424
gewurz	4963423
blosszustellen	4963422
hutton	4963421
einzubeziehen	4963420
genugte	4963419
cheney	4963418
bellevue	4963417
vereidigt	4963416
spirituosen	4963415
harkonnen	4963414
verzauberte	4963413
ausliefert	4963412
expeditionen	4963411
auschecken	4963410
unbezahlte	4963409
personlichkeitsstorung	4963408
galindo	4963407
zugespielt	4963406
zerstor	4963405
weins	4963404
schilf	4963403
irakischen	4963402
renaldo	4963401
deadlysins	4963400
boit	4963399
stammgaste	4963398
durchgefahren	4963397
verappelst	4963396
urca	4963395
arcchancellor	4963394
stubbs	4963393
streitwagen	4963392
addie	4963391
geheimnistuerei	4963390
festzunageln	4963389
odland	4963388
grossman	4963387
nagelt	4963386
symposium	4963385
ehrensache	4963384
austrocknen	4963383
tanzes	4963382
einberufung	4963381
allegra	4963380
verdunkeln	4963379
darken	4963378
dankbarer	4963377
maricruz	4963376
kortex	4963375
frumfondel	4963374
weltraums	4963373
hernando	4963372
ausschnitte	4963371
barkeeperin	4963370
fahrlassig	4963369
wettervorhersage	4963368
erstaunlicherweise	4963367
rajiv	4963366
uberstimmt	4963365
testpersonen	4963364
allgegenwartig	4963363
rettungsring	4963362
halfter	4963361
abbau	4963360
pringle	4963359
bonnies	4963358
hallandsen	4963357
kommander	4963356
einflossend	4963355
gottlose	4963354
schliff	4963353
gefangniswarter	4963352
henkel	4963351
sheherazade	4963350
geldsorgen	4963349
vivienne	4963348
thorsten	4963347
pfeifer	4963346
gewurzt	4963345
tommi	4963344
kontinuierlich	4963343
schuldiger	4963342
begluckwunsche	4963341
wirbt	4963340
prospekt	4963339
seetang	4963338
unsicheren	4963337
transit	4963336
zugsignal	4963335
oxy	4963334
selbstgerecht	4963333
restauriert	4963332
durchleuchten	4963331
bescheinigung	4963330
mau	4963329
seufzend	4963328
kniescheiben	4963327
hervorbringt	4963326
verfiel	4963325
narcos	4963324
gestattest	4963323
euphorisch	4963322
verharren	4963321
neugieriger	4963320
eigenmachtig	4963319
gastwirt	4963318
kummre	4963317
erstrahlen	4963316
rasierte	4963315
streifte	4963314
forney	4963313
wiederschauen	4963312
einladend	4963311
earls	4963310
laborwerte	4963309
ringkampf	4963308
vorspann	4963307
jakobowsky	4963306
staatsanwaltes	4963305
gebell	4963304
tischdecke	4963303
beschworung	4963302
cecilie	4963301
menschenfresser	4963300
ly	4963299
frog	4963298
aufblasen	4963297
sardellen	4963296
schuchternheit	4963295
geschnuffelt	4963294
ilithyia	4963293
anwesens	4963292
deodorant	4963291
styles	4963290
ereignisses	4963289
koo	4963288
engste	4963287
feldman	4963286
tashi	4963285
leonid	4963284
barr	4963283
zwickt	4963282
schweinebraten	4963281
stranguliert	4963280
streichelte	4963279
tals	4963278
loeb	4963277
unterstand	4963276
maromi	4963275
nnte	4963274
bewacher	4963273
finder	4963272
wochentag	4963271
seans	4963270
weibe	4963269
ungewollt	4963268
gemisch	4963267
ecuador	4963266
fragebogen	4963265
wire	4963264
muskulos	4963263
ernennt	4963262
pancks	4963261
dostojewski	4963260
drehbuchautor	4963259
bemuhte	4963258
misshandeln	4963257
saugetiere	4963256
spaltet	4963255
funde	4963254
einsteins	4963253
entlassungspapiere	4963252
gottesanbeterin	4963251
sudstaaten	4963250
befummelt	4963249
verwohnst	4963248
theokoles	4963247
tutchen	4963246
fahrersitz	4963245
gultige	4963244
jovan	4963243
fixen	4963242
tarif	4963241
assistant	4963240
geduldiger	4963239
antreffen	4963238
kollidieren	4963237
mitgearbeitet	4963236
schuhmacher	4963235
draufgeht	4963234
prominenter	4963233
mitstreiter	4963232
schwedischer	4963231
offiziersmesse	4963230
magna	4963229
redefreiheit	4963228
subway	4963227
famos	4963226
geheul	4963225
ausheben	4963224
peder	4963223
unbedacht	4963222
gef	4963221
muzzy	4963220
gackert	4963219
pepito	4963218
kronprinzen	4963217
zuckerschlecken	4963216
yumi	4963215
seiji	4963214
ziyal	4963213
snap	4963212
generalmajor	4963211
nacktfotos	4963210
angefressen	4963209
verwirklicht	4963208
wolga	4963207
gaule	4963206
apu	4963205
sixpack	4963204
bastards	4963203
finanzierte	4963202
trenn	4963201
kollabierte	4963200
marktwert	4963199
verraterischen	4963198
ruckgang	4963197
entweichen	4963196
therapien	4963195
camembert	4963194
xev	4963193
erdgas	4963192
priest	4963191
vermerk	4963190
schlagartig	4963189
jobe	4963188
stadthalle	4963187
fluchtauto	4963186
begehrenswert	4963185
heutiger	4963184
kolossal	4963183
behelligen	4963182
hatcher	4963181
geschwarmt	4963180
angsteinflossend	4963179
abnehme	4963178
retro	4963177
schwalli	4963176
abgefuhrt	4963175
raufklettern	4963174
turing	4963173
zerknittert	4963172
flugzeit	4963171
getranken	4963170
vips	4963169
zipfel	4963168
kajai	4963167
airbags	4963166
yamada	4963165
ungehalten	4963164
zeitrahmen	4963163
ubertriebene	4963162
anden	4963161
borgias	4963160
wiedererlangt	4963159
garnett	4963158
abscheulicher	4963157
auftakt	4963156
zylonischen	4963155
middle	4963154
adeligen	4963153
gnom	4963152
nanda	4963151
allererstes	4963150
logischer	4963149
suffolk	4963148
selbstmordattentater	4963147
siebter	4963146
rem	4963145
gaviria	4963144
schutzpatron	4963143
kolibri	4963142
stigge	4963141
waco	4963140
erkki	4963139
kanaken	4963138
separatisten	4963137
roper	4963136
leibgericht	4963135
kronzeuge	4963134
nordwind	4963133
tibbs	4963132
sussex	4963131
ausgeschrieben	4963130
saying	4963129
veranderst	4963128
peyrac	4963127
baujahr	4963126
aquarius	4963125
getrost	4963124
lyons	4963123
verfehlungen	4963122
rausgeschafft	4963121
beweglichkeit	4963120
aufweisen	4963119
rugal	4963118
etta	4963117
sonderbericht	4963116
jahresende	4963115
ahnten	4963114
rivalin	4963113
tuer	4963112
icheb	4963111
diskreter	4963110
brotkrumen	4963109
entwirft	4963108
blasser	4963107
milliliter	4963106
praline	4963105
sture	4963104
brause	4963103
geschwatzig	4963102
weiterlebt	4963101
schnallst	4963100
beweisaufnahme	4963099
requisite	4963098
analogie	4963097
vertretern	4963096
hornhaut	4963095
maggies	4963094
dasteht	4963093
empfindsam	4963092
windows	4963091
controller	4963090
mccormick	4963089
tnt	4963088
friedvoll	4963087
sargen	4963086
briefoffner	4963085
hinauswerfen	4963084
tybalt	4963083
joo	4963082
gewahrleistet	4963081
wichtel	4963080
lefevre	4963079
trips	4963078
forschungsabteilung	4963077
kurdisch	4963076
dachau	4963075
gunduz	4963074
tankwagen	4963073
konzepte	4963072
uberhand	4963071
eckhert	4963070
hochststrafe	4963069
umfangreich	4963068
gebellt	4963067
herzlichst	4963066
ends	4963065
antworteten	4963064
gurgeln	4963063
gelehnt	4963062
sinnloser	4963061
erschreck	4963060
laughlin	4963059
garaus	4963058
edda	4963057
umgangen	4963056
plattenladen	4963055
einflussreichen	4963054
mcmartin	4963053
normalem	4963052
bezirksgefangnis	4963051
zielstrebig	4963050
heimkommst	4963049
nachhaltig	4963048
durchdrungen	4963047
scheitel	4963046
kosmetik	4963045
gantry	4963044
rimspoke	4963043
schwedin	4963042
littleton	4963041
synthetisch	4963040
gabs	4963039
aufzuwarmen	4963038
werdegang	4963037
zusammenschliessen	4963036
maisie	4963035
bademeister	4963034
connery	4963033
befurchtung	4963032
benutzer	4963031
flussiger	4963030
fischers	4963029
gedankenkontrolle	4963028
sichtungen	4963027
kepler	4963026
kateb	4963025
toilettenspulung	4963024
erschlagt	4963023
wohnblock	4963022
fundburo	4963021
techno	4963020
combo	4963019
entledigt	4963018
hechelt	4963017
maschinengewehren	4963016
barbarischen	4963015
highland	4963014
knackigen	4963013
paz	4963012
piotr	4963011
ziemt	4963010
vereine	4963009
gegenspieler	4963008
aufschwung	4963007
schlaffen	4963006
aufdem	4963005
ollen	4963004
panikattacken	4963003
weben	4963002
starts	4963001
speichert	4963000
perfektionist	4962999
judentum	4962998
rhetorik	4962997
nomen	4962996
genetisches	4962995
rucke	4962994
droschke	4962993
hahahahahahahahahahahaha	4962992
anais	4962991
breeze	4962990
fahnchen	4962989
todlichste	4962988
beunruhigendes	4962987
bethesda	4962986
bowden	4962985
beschaftigst	4962984
spatzenhirn	4962983
vick	4962982
blutvergiftung	4962981
affront	4962980
ocho	4962979
banion	4962978
zustellen	4962977
libre	4962976
evangeline	4962975
birdee	4962974
kaue	4962973
nebenprodukt	4962972
gasmasken	4962971
besenkammer	4962970
kanonenboot	4962969
ehrengaste	4962968
regentschaft	4962967
botox	4962966
rye	4962965
bajonette	4962964
vole	4962963
nachahmen	4962962
plazenta	4962961
schwachere	4962960
krankt	4962959
dafuer	4962958
schosshund	4962957
rumtreiben	4962956
uberspielen	4962955
isch	4962954
namenlose	4962953
mofa	4962952
pfandleiher	4962951
constanze	4962950
verbreiteten	4962949
turbolift	4962948
temporalen	4962947
durchsetzt	4962946
herausfordert	4962945
beduinen	4962944
vergab	4962943
hausschlussel	4962942
spendenaktion	4962941
interstellaren	4962940
picture	4962939
erneuten	4962938
streibig	4962937
geschnarcht	4962936
ritze	4962935
dardo	4962934
tanzenden	4962933
hochtouren	4962932
hinzunehmen	4962931
ungelost	4962930
erforderte	4962929
negativer	4962928
ausweinen	4962927
mica	4962926
ausserordentlichen	4962925
oralsex	4962924
gefall	4962923
abzuschutteln	4962922
pentagramm	4962921
microsoft	4962920
sendete	4962919
intoleranz	4962918
dynamic	4962917
knew	4962916
neuland	4962915
bohmen	4962914
legend	4962913
katholikin	4962912
charge	4962911
hume	4962910
bingiey	4962909
kirrin	4962908
terroranschlage	4962907
schlichtweg	4962906
aristokraten	4962905
zerspringt	4962904
blabla	4962903
eheliche	4962902
taschenrechner	4962901
spector	4962900
guevara	4962899
dennert	4962898
quakt	4962897
befurworte	4962896
ruckerstattung	4962895
gerader	4962894
wenigste	4962893
wilshire	4962892
protzig	4962891
verlobungsfeier	4962890
beigelegt	4962889
wiederkehren	4962888
zuruckbringe	4962887
personalakten	4962886
sensibles	4962885
knicken	4962884
damonischen	4962883
susy	4962882
fallakten	4962881
corbett	4962880
nebenstrassen	4962879
guadalupe	4962878
rettungsboote	4962877
zauberers	4962876
einzahlungen	4962875
cheddar	4962874
begreiflich	4962873
passabel	4962872
diamonds	4962871
lesli	4962870
zentralkommando	4962869
betone	4962868
mishima	4962867
sensationelle	4962866
drohenden	4962865
montoya	4962864
entgegenzunehmen	4962863
bedrohst	4962862
frier	4962861
flugobjekt	4962860
vermiete	4962859
plunkett	4962858
blitzsauber	4962857
halbieren	4962856
oberschicht	4962855
ansprach	4962854
gi	4962853
unterste	4962852
balsam	4962851
ronson	4962850
janina	4962849
nui	4962848
blowjobs	4962847
flaute	4962846
mantera	4962845
corned	4962844
hinzusetzen	4962843
mustangs	4962842
eigentumswohnungen	4962841
verneinen	4962840
daan	4962839
kenshiro	4962838
rabbiner	4962837
freuten	4962836
beibringe	4962835
hektische	4962834
geselle	4962833
regentropfen	4962832
levon	4962831
siegte	4962830
attentaterin	4962829
bevorstehen	4962828
einmaliger	4962827
metalldetektor	4962826
flure	4962825
sinciair	4962824
abhorung	4962823
begibst	4962822
ausgewahlte	4962821
miyuki	4962820
guam	4962819
vorbeigelaufen	4962818
sgc	4962817
kiefern	4962816
monden	4962815
erwage	4962814
matata	4962813
vielversprechenden	4962812
kinderlachen	4962811
deaktiviere	4962810
erhol	4962809
brustschmerzen	4962808
consuela	4962807
auseinandergenommen	4962806
bringer	4962805
indianischer	4962804
robocop	4962803
roben	4962802
erdenklichen	4962801
trott	4962800
erforderliche	4962799
maxie	4962798
abendnachrichten	4962797
stratege	4962796
kayo	4962795
read	4962794
spurensuche	4962793
funktioniere	4962792
table	4962791
quahog	4962790
antares	4962789
orly	4962788
kean	4962787
riskanter	4962786
scheiterten	4962785
foxtrot	4962784
boise	4962783
brat	4962782
gepflastert	4962781
stehlt	4962780
paper	4962779
lebowski	4962778
amoklauf	4962777
katastrophale	4962776
hoflichkeiten	4962775
leckerer	4962774
abschneidet	4962773
verdachtigst	4962772
dreistigkeit	4962771
seliger	4962770
gerichten	4962769
landessprache	4962768
gluten	4962767
erstausgabe	4962766
pensionierter	4962765
erweichen	4962764
rager	4962763
brunel	4962762
stanfield	4962761
elling	4962760
zerquetschte	4962759
diele	4962758
leviten	4962757
aufzufangen	4962756
vereist	4962755
tischdecken	4962754
sicherheitsalarm	4962753
kabeln	4962752
umgangsformen	4962751
aufgeblaht	4962750
paola	4962749
landers	4962748
nussknacker	4962747
strapazieren	4962746
nordwarts	4962745
sudwest	4962744
elkins	4962743
commonwealth	4962742
sauge	4962741
jenige	4962740
karls	4962739
demetri	4962738
schweifen	4962737
verlassliche	4962736
ehrung	4962735
dulcinea	4962734
saubert	4962733
ramen	4962732
belastend	4962731
ereilt	4962730
gedachtnisschwund	4962729
hinterbliebenen	4962728
santi	4962727
heimlichtuerei	4962726
sudwestlich	4962725
lasionen	4962724
funkchen	4962723
airforce	4962722
klimawandel	4962721
nugent	4962720
greenhorn	4962719
alberta	4962718
tweet	4962717
wicked	4962716
rutland	4962715
anrichte	4962714
vorverlegt	4962713
spanne	4962712
kicken	4962711
loren	4962710
wenguang	4962709
dortigen	4962708
aufschluss	4962707
verteidigungsministeriums	4962706
ebola	4962705
gewalttaten	4962704
heuer	4962703
hollandische	4962702
herziehen	4962701
colfax	4962700
eiszapfen	4962699
streifschuss	4962698
charts	4962697
trainierten	4962696
zustimmst	4962695
due	4962694
unwurdigen	4962693
bubbles	4962692
heroische	4962691
runder	4962690
schlingen	4962689
verhutung	4962688
mimsy	4962687
unabhangiges	4962686
gonnst	4962685
lieblingsstelle	4962684
lauwarm	4962683
mortel	4962682
alfa	4962681
regte	4962680
mcgarrett	4962679
reinwerfen	4962678
weiterfliegen	4962677
zuruckhalt	4962676
motome	4962675
zusammengebaut	4962674
stratton	4962673
urkunden	4962672
cluster	4962671
keyboard	4962670
schussbereit	4962669
kontoauszuge	4962668
bewertungen	4962667
wettbewerbe	4962666
porte	4962665
siggy	4962664
hartmut	4962663
pornographie	4962662
langjahrigen	4962661
mandschurei	4962660
zuruckschauen	4962659
entladung	4962658
liebschaften	4962657
lipgloss	4962656
weiterschlafen	4962655
frauenarzt	4962654
merton	4962653
gallone	4962652
hinhoren	4962651
huntingdon	4962650
souveranitat	4962649
brullst	4962648
autorisation	4962647
bernburg	4962646
ludus	4962645
kritisiere	4962644
hakuna	4962643
entziehe	4962642
lwaxana	4962641
protestantischen	4962640
verbrechensbekampfung	4962639
erschiessungskommando	4962638
koga	4962637
usher	4962636
abenteuers	4962635
hinauslauft	4962634
witzigen	4962633
flugkorper	4962632
centurio	4962631
rostet	4962630
phoebes	4962629
pon	4962628
hochgehoben	4962627
geographic	4962626
roe	4962625
rhythm	4962624
sardinien	4962623
macintosh	4962622
cristo	4962621
lovely	4962620
weeks	4962619
finsterer	4962618
effektivitat	4962617
expandiert	4962616
auftrat	4962615
fleischwolf	4962614
offnungen	4962613
maiooo	4962612
greenpeace	4962611
teamleiter	4962610
unbefleckte	4962609
guatrau	4962608
werwolfen	4962607
hermetisch	4962606
zweifach	4962605
runterfallt	4962604
barack	4962603
spurhund	4962602
abgehangen	4962601
schmerzensgeld	4962600
menschheitsgeschichte	4962599
kehrseite	4962598
runtergefahren	4962597
seelenverwandten	4962596
polente	4962595
tellern	4962594
angewandte	4962593
meridian	4962592
astro	4962591
landwirt	4962590
ruskin	4962589
bundesstaaten	4962588
begabten	4962587
timon	4962586
anlaufstelle	4962585
beschreibst	4962584
leichentuch	4962583
rather	4962582
entsagen	4962581
tierische	4962580
unas	4962579
shiner	4962578
lovisa	4962577
tschechischen	4962576
herumtreiben	4962575
sikozu	4962574
empathie	4962573
getreuen	4962572
damonische	4962571
spezialeinheiten	4962570
jeeps	4962569
dubaku	4962568
atkins	4962567
phi	4962566
negerin	4962565
ellington	4962564
platsch	4962563
palaste	4962562
zwerchfell	4962561
vernetzt	4962560
stressen	4962559
zusammenschluss	4962558
gebratenes	4962557
dealern	4962556
halo	4962555
shih	4962554
resolution	4962553
lackieren	4962552
krumitz	4962551
cleary	4962550
ausgangen	4962549
eisenhut	4962548
beruft	4962547
verfallsdatum	4962546
windstoss	4962545
ramsch	4962544
surfbrett	4962543
nachtraglich	4962542
streets	4962541
begrapscht	4962540
dooku	4962539
tilney	4962538
flussbett	4962537
kommandantin	4962536
pedantisch	4962535
milner	4962534
beliebtheit	4962533
sechseinhalb	4962532
bewarb	4962531
kackwurst	4962530
fork	4962529
trickfilm	4962528
jugendstrafanstalt	4962527
versenkung	4962526
sklavinnen	4962525
toshio	4962524
fotoalbum	4962523
patente	4962522
hutmacher	4962521
julianna	4962520
lasky	4962519
pedrosa	4962518
fahrzeugs	4962517
harbour	4962516
spielplan	4962515
basen	4962514
marchenprinz	4962513
backofen	4962512
eindrucksvolle	4962511
gelenkig	4962510
aufgetischt	4962509
generalen	4962508
brettern	4962507
battlestar	4962506
haarnadel	4962505
aussetzer	4962504
landetrupp	4962503
ambar	4962502
kandinsky	4962501
rumkommandieren	4962500
krankenkasse	4962499
altmodisches	4962498
jagdsaison	4962497
merrin	4962496
vollkommenen	4962495
herodes	4962494
rauer	4962493
eingraben	4962492
moto	4962491
unhygienisch	4962490
abschliessend	4962489
amamiya	4962488
lucretia	4962487
gyaos	4962486
durchschaubar	4962485
paranoiden	4962484
barbarossa	4962483
koteletten	4962482
funfeinhalb	4962481
goldrichtig	4962480
feindin	4962479
sdl	4962478
godfather	4962477
zeynep	4962476
rasmussen	4962475
mammy	4962474
folke	4962473
staffeln	4962472
frans	4962471
kurbel	4962470
zertifikat	4962469
orgazmo	4962468
ukrainer	4962467
irritieren	4962466
bestimmungsort	4962465
blitzt	4962464
thompsons	4962463
stunk	4962462
montpellier	4962461
trumpfe	4962460
ruckte	4962459
shaughnessy	4962458
startkapital	4962457
schuljunge	4962456
seelischen	4962455
naturgewalt	4962454
liberaler	4962453
psychologischer	4962452
olen	4962451
geldern	4962450
einzusehen	4962449
platonisch	4962448
romisches	4962447
scpd	4962446
tiefschlaf	4962445
hoods	4962444
befurworter	4962443
mystery	4962442
gitarristen	4962441
erstelle	4962440
cavor	4962439
bedeutungen	4962438
ausgeholfen	4962437
hosenstall	4962436
shreveport	4962435
stabiler	4962434
vertikale	4962433
luftzug	4962432
alonso	4962431
unbeobachtet	4962430
dienstleistungen	4962429
kaminsims	4962428
gummiband	4962427
furioso	4962426
kanalisieren	4962425
konditor	4962424
beerdigungsinstitut	4962423
zana	4962422
uberschuss	4962421
gatter	4962420
gefahrlos	4962419
bildhubsch	4962418
triftigen	4962417
eheschliessung	4962416
unmenge	4962415
enthusiastisch	4962414
hauptenergie	4962413
besitzurkunde	4962412
braden	4962411
ekelhafter	4962410
uberwachungssystem	4962409
marei	4962408
coyote	4962407
rausgeputzt	4962406
niagara	4962405
tuckisch	4962404
diskus	4962403
saugetier	4962402
rothschild	4962401
crewson	4962400
enkels	4962399
cag	4962398
mhh	4962397
kindergeschrei	4962396
speltzer	4962395
perimeter	4962394
katapultiert	4962393
dominante	4962392
bustenhalter	4962391
spektakularen	4962390
heiligsten	4962389
latex	4962388
weiterzufuhren	4962387
schuttelfrost	4962386
befahren	4962385
ausdehnung	4962384
falafel	4962383
verflixter	4962382
eroberten	4962381
brutales	4962380
amina	4962379
jett	4962378
dion	4962377
astrein	4962376
aufgeblasenen	4962375
moskito	4962374
slum	4962373
erweckung	4962372
braverman	4962371
impotenz	4962370
blinzelt	4962369
herumrennen	4962368
markiere	4962367
kappt	4962366
bri	4962365
doctors	4962364
umbrella	4962363
gehabe	4962362
gefahndet	4962361
clays	4962360
spurbar	4962359
raushaben	4962358
drogenfahnder	4962357
athletisch	4962356
blaulicht	4962355
marylin	4962354
prognosen	4962353
jehova	4962352
milliken	4962351
secretary	4962350
gegrillte	4962349
gelandes	4962348
totzuschlagen	4962347
kostbarer	4962346
corcoran	4962345
sandten	4962344
traumas	4962343
schnure	4962342
nicolai	4962341
umkleidekabine	4962340
gefasel	4962339
mole	4962338
kriegsgefangenen	4962337
lausebengel	4962336
schaukelt	4962335
unmoglichkeit	4962334
fortgeschickt	4962333
lebenslanger	4962332
eigentums	4962331
wachteln	4962330
krassner	4962329
sauger	4962328
innings	4962327
entliess	4962326
lille	4962325
glockenturm	4962324
rosso	4962323
hinzuhalten	4962322
inserat	4962321
haufigste	4962320
zuruckgefahren	4962319
miyamoto	4962318
spulmaschine	4962317
savoy	4962316
melrose	4962315
schleuderte	4962314
augusto	4962313
ashur	4962312
akio	4962311
finnick	4962310
angelas	4962309
pk	4962308
centre	4962307
gelegenen	4962306
eiskaltes	4962305
luxurios	4962304
auerbach	4962303
clou	4962302
anbricht	4962301
franke	4962300
versorger	4962299
anschlags	4962298
robbi	4962297
taschenbier	4962296
freikarten	4962295
satellitenbilder	4962294
ischl	4962293
vincents	4962292
lebenserfahrung	4962291
mikrophon	4962290
abgeschiedenheit	4962289
vino	4962288
aufspringen	4962287
pippa	4962286
denham	4962285
tacho	4962284
verstecktes	4962283
snobs	4962282
landsitz	4962281
himmlisches	4962280
ehrbarer	4962279
entfernst	4962278
einschlug	4962277
angestiegen	4962276
anerkannte	4962275
dromard	4962274
regionalen	4962273
mathematisch	4962272
wixer	4962271
gerumpel	4962270
aaa	4962269
blumenkohl	4962268
akrobaten	4962267
konfiture	4962266
vorurteilen	4962265
rastplatz	4962264
ausversehen	4962263
fairfax	4962262
jette	4962261
tennyson	4962260
tendiere	4962259
atrianer	4962258
sozialisten	4962257
gesetzgebung	4962256
bordkarte	4962255
zuruckreisen	4962254
ang	4962253
ausrechnen	4962252
espn	4962251
draufsetzen	4962250
dienstmann	4962249
hecheln	4962248
erwisch	4962247
verhaltensweisen	4962246
kommerzielle	4962245
dade	4962244
lucienne	4962243
weinstein	4962242
fen	4962241
grausige	4962240
einzulosen	4962239
beschriftet	4962238
korperbau	4962237
stories	4962236
weltberuhmt	4962235
pantoffel	4962234
sagemehl	4962233
gian	4962232
cannoli	4962231
fremdenlegion	4962230
vigilance	4962229
einsitzen	4962228
apfelmus	4962227
ansporn	4962226
vordereingang	4962225
anleger	4962224
sundown	4962223
wundervollste	4962222
toddy	4962221
farah	4962220
homers	4962219
befummeln	4962218
emanuel	4962217
fischmarkt	4962216
fresh	4962215
gaza	4962214
neuville	4962213
finito	4962212
hobart	4962211
xerxes	4962210
blutgefasse	4962209
konkreter	4962208
schneeflocken	4962207
weltwunder	4962206
kooperiere	4962205
schrankt	4962204
guardia	4962203
reinhard	4962202
vermindern	4962201
admirai	4962200
vegetarisch	4962199
weites	4962198
pollack	4962197
birkhoff	4962196
sichten	4962195
itto	4962194
zehennagel	4962193
warteraum	4962192
arbeitskleidung	4962191
rustungen	4962190
strahlte	4962189
lebenswichtigen	4962188
teilabdruck	4962187
ausstatten	4962186
ubergaben	4962185
vendetta	4962184
rocha	4962183
konigshaus	4962182
klassenbeste	4962181
rausfand	4962180
vorgesorgt	4962179
lowin	4962178
griechenlands	4962177
auszurotten	4962176
koji	4962175
toppy	4962174
geringere	4962173
stromschnellen	4962172
numero	4962171
leavenworth	4962170
trub	4962169
clarkes	4962168
stundenkilometer	4962167
telegrafieren	4962166
bedienst	4962165
papiertute	4962164
ausbeute	4962163
abscheuliches	4962162
erfasste	4962161
alarmglocken	4962160
cocktailparty	4962159
todesanzeigen	4962158
einparken	4962157
vaterlichen	4962156
obacht	4962155
dartmouth	4962154
atemgerausche	4962153
vorzieht	4962152
holzerne	4962151
gitti	4962150
vampirjager	4962149
horik	4962148
eierlikor	4962147
wievielte	4962146
plappermaul	4962145
durchlauft	4962144
paralleluniversum	4962143
which	4962142
rea	4962141
mahmud	4962140
leutnants	4962139
denekro	4962138
rander	4962137
iwo	4962136
linde	4962135
elsbeth	4962134
kyosuke	4962133
steile	4962132
kellogg	4962131
generieren	4962130
umgenietet	4962129
blackstone	4962128
gondor	4962127
digest	4962126
auszuzahlen	4962125
heckenschutzen	4962124
tucci	4962123
schocks	4962122
tuscheln	4962121
figueroa	4962120
gespruht	4962119
bodo	4962118
spannenden	4962117
habgierig	4962116
mclaughlin	4962115
gedankenlos	4962114
ausgerenkt	4962113
verstrichen	4962112
goldlockchen	4962111
maggy	4962110
masseuse	4962109
schaeffer	4962108
sycamore	4962107
guerilla	4962106
korallen	4962105
probelauf	4962104
oida	4962103
fussmatte	4962102
reinschicken	4962101
fighter	4962100
ninas	4962099
automechaniker	4962098
sonnenuntergange	4962097
zink	4962096
kalium	4962095
sabina	4962094
kriegerkaste	4962093
pfunde	4962092
haldeman	4962091
abgeschworen	4962090
philo	4962089
velvet	4962088
elia	4962087
peanuts	4962086
abstellkammer	4962085
muffig	4962084
zerstorerisch	4962083
ungeborenes	4962082
deut	4962081
soneji	4962080
renault	4962079
bibliotheken	4962078
magali	4962077
regulare	4962076
piece	4962075
beharren	4962074
zwielichtige	4962073
marcie	4962072
verplempern	4962071
trotzig	4962070
kaffeetasse	4962069
landkarten	4962068
umgekrempelt	4962067
sword	4962066
winkeln	4962065
kuchenmesser	4962064
ziegler	4962063
aufgesammelt	4962062
zuckerrohr	4962061
unparteiisch	4962060
spitzenmassig	4962059
seriosen	4962058
verirrten	4962057
stutzig	4962056
ubermenschliche	4962055
nobu	4962054
anforderung	4962053
file	4962052
ausserung	4962051
production	4962050
klassenfahrt	4962049
kalluweit	4962048
poobare	4962047
gefeit	4962046
liebhaberin	4962045
hive	4962044
jungfrauliche	4962043
verflixten	4962042
kallie	4962041
praparat	4962040
unechte	4962039
lss	4962038
zuschusse	4962037
rai	4962036
ausgebildeten	4962035
schwarzenegger	4962034
ern	4962033
wasserbomben	4962032
hakenkreuz	4962031
cabal	4962030
zuruckfinden	4962029
lido	4962028
grossherzog	4962027
mitzuhalten	4962026
quinns	4962025
vorgetauschte	4962024
budd	4962023
verspielen	4962022
enthaltsamkeit	4962021
fachbereich	4962020
zauberbuch	4962019
rucksichtslose	4962018
bettruhe	4962017
stumpfes	4962016
zusammenflicken	4962015
furze	4962014
hinfallig	4962013
grausamste	4962012
trinkerei	4962011
erwagt	4962010
stubb	4962009
rammbock	4962008
tall	4962007
waliser	4962006
georgi	4962005
mutieren	4962004
donkey	4962003
haddock	4962002
ubertrumpfen	4962001
literarischen	4962000
slimane	4961999
innerstes	4961998
garance	4961997
einsturzt	4961996
verschiffen	4961995
zurechtzukommen	4961994
kriegszeiten	4961993
roggen	4961992
eingeschlafert	4961991
topform	4961990
gogol	4961989
guide	4961988
vermerken	4961987
ltto	4961986
laudanum	4961985
drugstore	4961984
nightingale	4961983
trauten	4961982
sternenhimmel	4961981
dramatisches	4961980
gefuhlvoll	4961979
neune	4961978
auswartige	4961977
auktionator	4961976
einwanderung	4961975
haymitch	4961974
angeborene	4961973
unterstrichen	4961972
operative	4961971
keksdose	4961970
zeitweilig	4961969
mui	4961968
aragon	4961967
doggydog	4961966
marisol	4961965
zusammengetragen	4961964
pastrami	4961963
rearden	4961962
sperrst	4961961
notfallwagen	4961960
fruhstucksflocken	4961959
sav	4961958
carolines	4961957
sousa	4961956
haushoch	4961955
zerstreuung	4961954
verschliesse	4961953
leibt	4961952
ausgesandt	4961951
morgenstern	4961950
ausschreitungen	4961949
meat	4961948
ungefahre	4961947
fruchtbare	4961946
wegwirfst	4961945
nachtschichten	4961944
olof	4961943
laufband	4961942
medizinschrank	4961941
zecken	4961940
silke	4961939
juicy	4961938
untragbar	4961937
janssen	4961936
macon	4961935
spendete	4961934
problemchen	4961933
schaben	4961932
verspurte	4961931
schlittschuh	4961930
rausschmeisser	4961929
besiegst	4961928
abschlusse	4961927
gegenwehr	4961926
logischerweise	4961925
abkassieren	4961924
copper	4961923
entgegengesetzte	4961922
gekracht	4961921
theatralisch	4961920
ehrbar	4961919
understand	4961918
todesanzeige	4961917
angola	4961916
leuchtendes	4961915
schsch	4961914
stammkunde	4961913
forschungsarbeit	4961912
sussman	4961911
meeks	4961910
sooo	4961909
hineinzuziehen	4961908
neubeginn	4961907
villen	4961906
auberginen	4961905
lahmlegen	4961904
engagierten	4961903
kurzzeitig	4961902
angezweifelt	4961901
thunderbird	4961900
photoshop	4961899
modeln	4961898
flannagan	4961897
colombo	4961896
unregelmassigkeiten	4961895
bodens	4961894
tansania	4961893
funftel	4961892
buffeln	4961891
magazinen	4961890
sadistisch	4961889
haitianer	4961888
alarmanlagen	4961887
delfinen	4961886
jut	4961885
plausible	4961884
zuruckverwandeln	4961883
hergefallen	4961882
playback	4961881
unwichtigen	4961880
pullis	4961879
lazy	4961878
doctore	4961877
kunstlerischer	4961876
furn	4961875
sasst	4961874
rosemonde	4961873
trying	4961872
gewaltsame	4961871
erschliessen	4961870
musketen	4961869
stabschefs	4961868
grenoble	4961867
verprugle	4961866
nachzuweisen	4961865
anstarrst	4961864
myrna	4961863
theatergruppe	4961862
tash	4961861
belli	4961860
akzeptierten	4961859
minor	4961858
umentschieden	4961857
typs	4961856
vos	4961855
qualgeist	4961854
medizinstudent	4961853
mcgraw	4961852
unglaubig	4961851
eiswagen	4961850
synapsen	4961849
hoon	4961848
heldenhafte	4961847
ur	4961846
gefurchteten	4961845
warteschlange	4961844
schreckhaft	4961843
irrefuhrung	4961842
verschlang	4961841
geschrottet	4961840
snowden	4961839
dienstmagd	4961838
lustmolch	4961837
genossenschaft	4961836
porters	4961835
stadthaus	4961834
wandelte	4961833
klafft	4961832
auflauern	4961831
runtergezogen	4961830
jamey	4961829
nguyen	4961828
kilometerweit	4961827
duellieren	4961826
festsitzt	4961825
unkonventionell	4961824
poncho	4961823
hup	4961822
mithat	4961821
balin	4961820
bohrmaschine	4961819
puta	4961818
alarme	4961817
neurologe	4961816
campos	4961815
kassiere	4961814
modernsten	4961813
intergang	4961812
versussen	4961811
byam	4961810
pumbaa	4961809
verlasslicher	4961808
ratselhaften	4961807
grammophon	4961806
wegwischen	4961805
gutern	4961804
klebrige	4961803
gefahrdeten	4961802
fehlalarm	4961801
realismus	4961800
uberfordern	4961799
nurnberg	4961798
umdrehungen	4961797
simonson	4961796
huai	4961795
meeren	4961794
beglaubigt	4961793
scratchy	4961792
aufzufullen	4961791
bonny	4961790
zeitrechnung	4961789
hermano	4961788
kostenvoranschlag	4961787
misserfolge	4961786
storenfried	4961785
osterhasen	4961784
ekelhaftes	4961783
patrizia	4961782
spaz	4961781
verschanzen	4961780
fallakte	4961779
gepunktet	4961778
heutiges	4961777
anasthesie	4961776
ravic	4961775
riegelt	4961774
behandelbar	4961773
wuten	4961772
wynant	4961771
peiniger	4961770
gestorter	4961769
hashimoto	4961768
zuweisen	4961767
kirchliche	4961766
wachturm	4961765
flower	4961764
regisseurin	4961763
muto	4961762
robi	4961761
liquidiert	4961760
aufdie	4961759
lazare	4961758
kernkraftwerk	4961757
hanagata	4961756
adjutanten	4961755
kanonenkugel	4961754
polnischer	4961753
steffi	4961752
verguckt	4961751
flats	4961750
heikles	4961749
abzudrucken	4961748
schachbrett	4961747
pei	4961746
alisha	4961745
wirbelt	4961744
sexier	4961743
lamborghini	4961742
avancen	4961741
naherin	4961740
kintaro	4961739
hound	4961738
bergdorf	4961737
belastigst	4961736
cayman	4961735
council	4961734
fruhlings	4961733
technologies	4961732
sniper	4961731
reunde	4961730
unsichtbares	4961729
lotsen	4961728
trugerisch	4961727
aussitzen	4961726
schamlose	4961725
sheen	4961724
mitteilt	4961723
notrufe	4961722
djs	4961721
brummer	4961720
blockierte	4961719
throat	4961718
maish	4961717
liebesszene	4961716
recken	4961715
gekicher	4961714
normannen	4961713
already	4961712
coogan	4961711
endsieg	4961710
ausgewachsene	4961709
anzuzweifeln	4961708
snowbell	4961707
hilfreiche	4961706
ubels	4961705
plattgemacht	4961704
bronski	4961703
realistische	4961702
holliday	4961701
target	4961700
verseuchten	4961699
wentworth	4961698
busst	4961697
vertraulichkeit	4961696
elysium	4961695
scherbatsky	4961694
babcock	4961693
henan	4961692
ausnahmslos	4961691
stereo	4961690
abermals	4961689
sparkasse	4961688
untersetzer	4961687
suse	4961686
spielend	4961685
turnbull	4961684
kombuse	4961683
baudelaire	4961682
kindlichen	4961681
fahndet	4961680
altmann	4961679
entblossen	4961678
stopfte	4961677
bewirten	4961676
sodomie	4961675
streichelzoo	4961674
dargelegt	4961673
epischen	4961672
margareta	4961671
gordons	4961670
americano	4961669
spatzchen	4961668
kirkland	4961667
polyester	4961666
lions	4961665
syrer	4961664
versprochene	4961663
zugestehen	4961662
geschont	4961661
zugefuhrt	4961660
stack	4961659
corbin	4961658
bend	4961657
saladin	4961656
grabrede	4961655
ausgefallenes	4961654
zurechtgemacht	4961653
yachthafen	4961652
verlauten	4961651
gelockert	4961650
durchlochern	4961649
landminen	4961648
kahlan	4961647
taki	4961646
zierlich	4961645
ander	4961644
unaufmerksam	4961643
rumson	4961642
pummelchen	4961641
singleton	4961640
zeitschleife	4961639
trinkgelder	4961638
suzuran	4961637
bishops	4961636
nanami	4961635
effy	4961634
schwerfallen	4961633
nygaard	4961632
autodieb	4961631
schadest	4961630
ora	4961629
eene	4961628
tonto	4961627
prada	4961626
schutzanzug	4961625
frell	4961624
handigen	4961623
arabischer	4961622
unvollkommen	4961621
reinfahren	4961620
belaste	4961619
abholte	4961618
montrose	4961617
akkurat	4961616
dinar	4961615
mittwochabend	4961614
memory	4961613
riskierten	4961612
startschuss	4961611
verweise	4961610
ausschliesst	4961609
warscheinlich	4961608
ninotschka	4961607
grautvornix	4961606
taubheit	4961605
fischsuppe	4961604
dauerwelle	4961603
macgregor	4961602
paquita	4961601
coeur	4961600
sauerstoffmangel	4961599
seitenlinie	4961598
seems	4961597
maybelle	4961596
gekoppelt	4961595
api	4961594
schwatzchen	4961593
mardi	4961592
remake	4961591
irrationale	4961590
haruka	4961589
gefrieren	4961588
erfriere	4961587
haftung	4961586
listig	4961585
charmaine	4961584
write	4961583
telex	4961582
westwarts	4961581
ribbit	4961580
besticht	4961579
bering	4961578
grabstatte	4961577
schwalben	4961576
hurenhaus	4961575
permanenten	4961574
eingebunden	4961573
ruckblick	4961572
gigantisches	4961571
blutlache	4961570
flugdeck	4961569
lita	4961568
zauns	4961567
maulwurfe	4961566
vergnugens	4961565
uberzeugst	4961564
schafskopf	4961563
physiotherapie	4961562
hoh	4961561
shibata	4961560
hilfsenergie	4961559
durango	4961558
verheimliche	4961557
moliere	4961556
scherbe	4961555
convention	4961554
sneakers	4961553
juilliard	4961552
chica	4961551
birgitta	4961550
harve	4961549
willige	4961548
naturkatastrophe	4961547
slow	4961546
coburn	4961545
weihnachtsmorgen	4961544
caulfield	4961543
ranlassen	4961542
fatty	4961541
bediente	4961540
decepticons	4961539
septime	4961538
bonds	4961537
abzuheben	4961536
reign	4961535
ugo	4961534
brians	4961533
einheizen	4961532
jasira	4961531
thomson	4961530
elegantes	4961529
glitzer	4961528
miezekatze	4961527
flaherty	4961526
freikaufen	4961525
kochsalzlosung	4961524
hike	4961523
cooley	4961522
spiritualitat	4961521
stoney	4961520
zickzack	4961519
rappel	4961518
zowie	4961517
phobie	4961516
staatlicher	4961515
williamson	4961514
doucet	4961513
beherzigen	4961512
briens	4961511
probierten	4961510
uberzeugter	4961509
maciste	4961508
zuruckweichen	4961507
alkoven	4961506
baldige	4961505
schwielen	4961504
bespitzeln	4961503
semmeln	4961502
sst	4961501
deus	4961500
bellas	4961499
automobile	4961498
mereti	4961497
einblicke	4961496
autoritaten	4961495
kee	4961494
geloben	4961493
vorsatze	4961492
parmesan	4961491
enges	4961490
prosa	4961489
warja	4961488
zwieback	4961487
mondmann	4961486
manifestation	4961485
unruhigen	4961484
fabienne	4961483
hellinga	4961482
liberal	4961481
konsortium	4961480
kommentiert	4961479
platziere	4961478
trapez	4961477
lottie	4961476
truthahne	4961475
hoo	4961474
girard	4961473
shakespeares	4961472
ungeklarte	4961471
vorbehalt	4961470
sonntagnachmittag	4961469
achtete	4961468
andauernde	4961467
petite	4961466
jup	4961465
drohende	4961464
pulsierende	4961463
schuttelst	4961462
darkness	4961461
moonlight	4961460
scheinchen	4961459
vergleichst	4961458
entnehme	4961457
uberfliegen	4961456
ruckstoss	4961455
erfullten	4961454
generalschlussel	4961453
trout	4961452
montecito	4961451
frauengefangnis	4961450
heldenmut	4961449
genozid	4961448
abwasserkanal	4961447
geisterjager	4961446
schmerzmitteln	4961445
seemeilen	4961444
grossmut	4961443
unverkauflich	4961442
urheber	4961441
vermeintlichen	4961440
auslese	4961439
honduras	4961438
nager	4961437
vettern	4961436
fm	4961435
klarung	4961434
amusanter	4961433
leonards	4961432
essensgeld	4961431
presseausweis	4961430
skier	4961429
schwarzweiss	4961428
stucks	4961427
freizusetzen	4961426
mistkafer	4961425
ausgewahlten	4961424
angabe	4961423
analyst	4961422
fai	4961421
schhh	4961420
ruhmen	4961419
fsb	4961418
mediagroup	4961417
kunstgalerie	4961416
giraffen	4961415
presto	4961414
dusteres	4961413
tragende	4961412
rya	4961411
montauk	4961410
zigeunern	4961409
erspartes	4961408
begrusste	4961407
raube	4961406
eingestanden	4961405
nackig	4961404
brandwunden	4961403
kraftstoff	4961402
woodsen	4961401
gekochtes	4961400
surehand	4961399
zerhacken	4961398
hatty	4961397
tamsin	4961396
toman	4961395
brumm	4961394
fallschirmspringen	4961393
drau	4961392
garry	4961391
falscht	4961390
fruhstuckt	4961389
avec	4961388
vertrat	4961387
nachzumachen	4961386
betatscht	4961385
schreibfehler	4961384
sichereren	4961383
verpetzen	4961382
peggotty	4961381
apotheken	4961380
bewaffnung	4961379
gittes	4961378
einundzwanzig	4961377
konsistenz	4961376
kleingedruckte	4961375
lugnern	4961374
konsultiert	4961373
kinderbuch	4961372
kelp	4961371
pe	4961370
arbeitstier	4961369
leichenhaus	4961368
bedurftig	4961367
galaxy	4961366
exzellentes	4961365
primo	4961364
schmieriger	4961363
zwolfte	4961362
admiralitat	4961361
genetischer	4961360
ltd	4961359
cindel	4961358
galina	4961357
tight	4961356
themistokles	4961355
arbeitsgruppe	4961354
laufsteg	4961353
tael	4961352
anzuklopfen	4961351
geldautomat	4961350
hasenpfote	4961349
beklagst	4961348
piercings	4961347
farbig	4961346
durstet	4961345
schirme	4961344
wassertank	4961343
guacamole	4961342
unreine	4961341
baumchen	4961340
fortging	4961339
zuruckschrecken	4961338
aufatmen	4961337
zielerfassung	4961336
weasley	4961335
sinnvoller	4961334
peer	4961333
dreumex	4961332
anekdote	4961331
griechisches	4961330
looks	4961329
langjahrige	4961328
used	4961327
weihnachtsessen	4961326
unversucht	4961325
auflehnen	4961324
anwendet	4961323
momma	4961322
schnorren	4961321
jogger	4961320
ehrgeizige	4961319
brianna	4961318
auszubreiten	4961317
mangos	4961316
osgood	4961315
wirte	4961314
auszulassen	4961313
bischofs	4961312
chiyoko	4961311
mormonen	4961310
edgington	4961309
ricco	4961308
asha	4961307
unerwarteter	4961306
treck	4961305
schlafsacke	4961304
gutigen	4961303
hildegard	4961302
modellen	4961301
schier	4961300
maisfeld	4961299
verstrahlt	4961298
jaspers	4961297
ergebnislos	4961296
mitmischen	4961295
zeltplatz	4961294
junker	4961293
oe	4961292
kindlein	4961291
calloway	4961290
volkswagen	4961289
ausfuhrliche	4961288
daka	4961287
hullenbruch	4961286
angeschwollen	4961285
wettburo	4961284
wimbledon	4961283
glucksspiele	4961282
kartelle	4961281
zugs	4961280
verpfeife	4961279
polizeigewahrsam	4961278
memos	4961277
knirscht	4961276
sybille	4961275
abmurksen	4961274
fratz	4961273
uberwachte	4961272
nachhut	4961271
shuya	4961270
voicemail	4961269
jordans	4961268
sterb	4961267
turnt	4961266
leh	4961265
carries	4961264
apfelwein	4961263
sussigkeit	4961262
samira	4961261
pay	4961260
schlafgemach	4961259
unterrichts	4961258
industriegebiet	4961257
verspielte	4961256
schriftliches	4961255
schweife	4961254
herumzusitzen	4961253
kurzfassung	4961252
kool	4961251
abgeglichen	4961250
ekelerregend	4961249
errichteten	4961248
imperial	4961247
resort	4961246
schraglein	4961245
unpraktisch	4961244
veruntreut	4961243
spiegelung	4961242
voraussichtliche	4961241
ausstopfen	4961240
kaufvertrag	4961239
anzubauen	4961238
coolsten	4961237
resistent	4961236
telefonzentrale	4961235
epinephrin	4961234
boulogne	4961233
lebensmittelgeschaft	4961232
rezeptur	4961231
ballet	4961230
loudon	4961229
auszuwischen	4961228
stachelschwein	4961227
dumas	4961226
pfarrers	4961225
drachenkrieger	4961224
sympathien	4961223
krim	4961222
mackendrick	4961221
weggeschossen	4961220
drebin	4961219
tm	4961218
stummer	4961217
jal	4961216
rancho	4961215
stichen	4961214
redfern	4961213
hyperantrieb	4961212
wasserpistole	4961211
angeflogen	4961210
steinhart	4961209
gesteigert	4961208
landkreis	4961207
dadrin	4961206
coq	4961205
rostock	4961204
kopilot	4961203
vollgetankt	4961202
pragt	4961201
herbeifuhren	4961200
schwebst	4961199
basketballspiel	4961198
korperwarme	4961197
fernfahrer	4961196
ermittlern	4961195
nosferatu	4961194
wegzusperren	4961193
simona	4961192
entgegenbringen	4961191
iori	4961190
stumpy	4961189
vorging	4961188
guadalcanal	4961187
hopes	4961186
anpasst	4961185
roya	4961184
gemolken	4961183
chatten	4961182
neon	4961181
kalk	4961180
gaffney	4961179
osterreichische	4961178
eingehst	4961177
jonni	4961176
unermessliche	4961175
kostest	4961174
bezweifel	4961173
geprahlt	4961172
raupen	4961171
badehaus	4961170
fuchsin	4961169
normalisiert	4961168
schopfers	4961167
vernachlassigte	4961166
merritt	4961165
ubersieht	4961164
angstzustande	4961163
webseiten	4961162
anmassung	4961161
kraftiges	4961160
alfi	4961159
ausholen	4961158
fra	4961157
versohle	4961156
latrine	4961155
manchem	4961154
karpov	4961153
betrachteten	4961152
pflaumenschnaps	4961151
cannabis	4961150
hoffnungslosigkeit	4961149
geheimversteck	4961148
berner	4961147
weggestossen	4961146
hypothetische	4961145
rangenommen	4961144
verfugte	4961143
hilfreicher	4961142
jammere	4961141
pfifferling	4961140
sofas	4961139
einzelhandel	4961138
einsteigt	4961137
riddick	4961136
objektive	4961135
aqua	4961134
geklaute	4961133
erstarrte	4961132
chemisches	4961131
wechsele	4961130
sabbath	4961129
kerns	4961128
teddybaren	4961127
recherchiere	4961126
muht	4961125
selbstlose	4961124
quai	4961123
saufst	4961122
paradoxon	4961121
klavierspieler	4961120
sicherheitsprotokoll	4961119
strangler	4961118
phaserbanke	4961117
ostfront	4961116
karlsson	4961115
pil	4961114
gewasch	4961113
duvall	4961112
gilberte	4961111
durchziehst	4961110
pettigrew	4961109
waltin	4961108
sym	4961107
bescheuertes	4961106
obenauf	4961105
minna	4961104
vertrauensvoll	4961103
befangen	4961102
calvert	4961101
herumschlagen	4961100
prustet	4961099
warnsignal	4961098
verehrteste	4961097
jippie	4961096
heerfuhrer	4961095
witterung	4961094
viechern	4961093
finanzberater	4961092
grabrauber	4961091
gefahrenzone	4961090
cortejo	4961089
zellengenossen	4961088
ahnungslosen	4961087
auif	4961086
abzustatten	4961085
appelliere	4961084
stimm	4961083
rollfeld	4961082
aquator	4961081
nba	4961080
marschierten	4961079
ruhte	4961078
schielt	4961077
volliges	4961076
lebensinhalt	4961075
verstopfen	4961074
eismaschine	4961073
supergut	4961072
lazar	4961071
greek	4961070
gelaufig	4961069
einsatzbefehl	4961068
zeitverschiebung	4961067
sachbearbeiter	4961066
taeko	4961065
pfahlen	4961064
tevje	4961063
baader	4961062
landmine	4961061
verzerrungen	4961060
sozialstunden	4961059
strauben	4961058
grabes	4961057
matterhorn	4961056
reinplatze	4961055
levin	4961054
falschspieler	4961053
antanzen	4961052
durchgearbeitet	4961051
vernunftigste	4961050
diktatoren	4961049
wurge	4961048
kulturell	4961047
steinigen	4961046
ehrgefuhl	4961045
draufmachen	4961044
elfmeter	4961043
freakshow	4961042
juchhu	4961041
wickelte	4961040
monogamie	4961039
marseiller	4961038
wormser	4961037
frauenkleider	4961036
scheisskarre	4961035
lax	4961034
stolpere	4961033
lokalnachrichten	4961032
symbolische	4961031
quist	4961030
gewissem	4961029
fabriziert	4961028
pyjamaparty	4961027
veranlassung	4961026
budgets	4961025
hamm	4961024
zeitzunder	4961023
enoch	4961022
schwinge	4961021
jahrhundertwende	4961020
lateinische	4961019
tsa	4961018
collage	4961017
manifestiert	4961016
lesbischen	4961015
dreverhaven	4961014
prugelte	4961013
klargeworden	4961012
konkurrenzkampf	4961011
westflugel	4961010
gerippe	4961009
hauptbuch	4961008
trotteln	4961007
nagelneu	4961006
zahnbursten	4961005
schwertfisch	4961004
moines	4961003
schlawiner	4961002
verwerflich	4961001
parkservice	4961000
mistkerlen	4960999
mundschenk	4960998
extraktion	4960997
haaransatz	4960996
chromosomen	4960995
unterschieden	4960994
ernsthaftigkeit	4960993
telefonsex	4960992
vollstreckung	4960991
irrgarten	4960990
schichtwechsel	4960989
endo	4960988
modifizierte	4960987
sigismund	4960986
sloth	4960985
wegwirft	4960984
heimsucht	4960983
hereinbitten	4960982
kindesmissbrauch	4960981
erachten	4960980
mcphee	4960979
vergis	4960978
gescheiter	4960977
polio	4960976
restaurieren	4960975
einschlief	4960974
sicherheitspolizei	4960973
auffahren	4960972
noodles	4960971
kiyoko	4960970
gemunkelt	4960969
augenhohe	4960968
gefuhlsmassig	4960967
lani	4960966
tiefem	4960965
hashtag	4960964
zurechtkommt	4960963
bildnis	4960962
simsalabim	4960961
nata	4960960
josiah	4960959
mittelmassigen	4960958
loswerde	4960957
shekhar	4960956
nachdenkliche	4960955
psychischer	4960954
zahe	4960953
chaotischen	4960952
willigte	4960951
ers	4960950
schuldscheine	4960949
rydell	4960948
autowasche	4960947
einbruchen	4960946
staate	4960945
verleihung	4960944
ranges	4960943
berichtest	4960942
lillehammer	4960941
addieren	4960940
sy	4960939
hereinlegen	4960938
uberrennen	4960937
ungar	4960936
riechsalz	4960935
supercool	4960934
lefferts	4960933
ruckblickend	4960932
simcoe	4960931
kennzeichnen	4960930
schmort	4960929
automatischer	4960928
edelsteinen	4960927
mundwasser	4960926
apart	4960925
dorothee	4960924
ozaki	4960923
kerrigan	4960922
agito	4960921
einschussloch	4960920
morello	4960919
schalldicht	4960918
aufenthalts	4960917
uberwaltigte	4960916
gesicherte	4960915
luftgewehr	4960914
geniales	4960913
reaktionszeit	4960912
kili	4960911
schu	4960910
erganzt	4960909
vorschreibt	4960908
sperber	4960907
selbstsuchtige	4960906
empfangskomitee	4960905
nagle	4960904
echelon	4960903
gezielte	4960902
quittiert	4960901
uberboten	4960900
mendes	4960899
doinel	4960898
verdorbenes	4960897
blacklist	4960896
fabel	4960895
arbeitsmoral	4960894
gesteh	4960893
herumgehen	4960892
rlich	4960891
edition	4960890
vorladungen	4960889
copeland	4960888
stattlicher	4960887
regiments	4960886
hinkriegt	4960885
streunende	4960884
charlton	4960883
kochkunst	4960882
mannerabend	4960881
irisches	4960880
freibrief	4960879
beinarbeit	4960878
konventionelle	4960877
tremaine	4960876
gewinns	4960875
hereingelassen	4960874
appartment	4960873
dolittle	4960872
vorantreiben	4960871
wutz	4960870
abgeleitet	4960869
gluhwein	4960868
beschlossene	4960867
jeeter	4960866
extremitaten	4960865
staunt	4960864
seminare	4960863
wohlgefallen	4960862
maa	4960861
rasant	4960860
entbindungsstation	4960859
rausging	4960858
streitig	4960857
dons	4960856
mcavoy	4960855
geldubergabe	4960854
zapp	4960853
vijay	4960852
gnaghi	4960851
fickte	4960850
meene	4960849
minenarbeiter	4960848
lovers	4960847
sometimes	4960846
unendlicher	4960845
marschierte	4960844
supermarkte	4960843
liage	4960842
herangewachsen	4960841
medizinschule	4960840
rigg	4960839
kampfunfahig	4960838
ola	4960837
schwitzkasten	4960836
schlagmann	4960835
familienoberhaupt	4960834
reinbekommen	4960833
tuts	4960832
macs	4960831
verfuhre	4960830
dove	4960829
lincolns	4960828
stace	4960827
rostig	4960826
gasmaske	4960825
uberanstrengen	4960824
doodle	4960823
cic	4960822
hate	4960821
klagerin	4960820
passagen	4960819
reiseziel	4960818
doppelschicht	4960817
lotse	4960816
mitchells	4960815
flag	4960814
delmar	4960813
hori	4960812
lausiges	4960811
verbanne	4960810
mantra	4960809
rosamund	4960808
einbrach	4960807
regula	4960806
bodega	4960805
uberwachungsbander	4960804
gejohle	4960803
silang	4960802
seance	4960801
artist	4960800
crysta	4960799
koda	4960798
universelle	4960797
depesche	4960796
segelten	4960795
startrampe	4960794
brannigan	4960793
systemfehler	4960792
hippo	4960791
deon	4960790
regelst	4960789
og	4960788
mafiaboss	4960787
branntwein	4960786
constantin	4960785
voyeur	4960784
hingefuhrt	4960783
gewappnet	4960782
mitansehen	4960781
landis	4960780
cinema	4960779
ausgequetscht	4960778
weitergereicht	4960777
kassettenrekorder	4960776
schwips	4960775
glitch	4960774
umhaut	4960773
kegeln	4960772
suiker	4960771
lace	4960770
ulzana	4960769
kunigunde	4960768
reime	4960767
eleonore	4960766
gegenuberzutreten	4960765
zuspruch	4960764
vorhandene	4960763
schlurft	4960762
luitpold	4960761
odipus	4960760
schwachkopfen	4960759
schadeltrauma	4960758
sowjetischer	4960757
unterlass	4960756
wendys	4960755
rios	4960754
kosteten	4960753
bannion	4960752
rey	4960751
ott	4960750
jays	4960749
phils	4960748
zuruckzutreten	4960747
kutter	4960746
abner	4960745
krapfen	4960744
nagen	4960743
blodian	4960742
hofmann	4960741
pfeifst	4960740
kroysing	4960739
lauschte	4960738
beidseitig	4960737
sprichwortlich	4960736
francie	4960735
kampfmaschine	4960734
heist	4960733
verhalf	4960732
vertun	4960731
indra	4960730
hineinsehen	4960729
shel	4960728
raububerfalls	4960727
glaubs	4960726
heda	4960725
saskia	4960724
prachtvolle	4960723
maebh	4960722
sting	4960721
schlachtbank	4960720
traumland	4960719
griffbereit	4960718
haftet	4960717
kuhlschranke	4960716
fugten	4960715
loffeln	4960714
mulwray	4960713
aquitanien	4960712
blinddarmentzundung	4960711
mendel	4960710
standst	4960709
treat	4960708
kaltblutigen	4960707
herzfehler	4960706
steife	4960705
ac	4960704
einzuschleusen	4960703
rifkin	4960702
golfkrieg	4960701
ventilatoren	4960700
skin	4960699
keramik	4960698
varro	4960697
koitus	4960696
leona	4960695
parkverbot	4960694
bewundernswerte	4960693
freddys	4960692
siralos	4960691
dusch	4960690
verbitterung	4960689
fruhlingsrollen	4960688
gesichtszuge	4960687
skrupelloser	4960686
anbetteln	4960685
alleinlassen	4960684
hus	4960683
tageszeitung	4960682
mitzufahren	4960681
haggerty	4960680
mandel	4960679
grosswesir	4960678
blutwerte	4960677
wunschenswert	4960676
ausstrahlen	4960675
coupons	4960674
kontaktdaten	4960673
taba	4960672
existierenden	4960671
betriebsbereit	4960670
unmut	4960669
faa	4960668
lerngruppe	4960667
lohan	4960666
raustreten	4960665
erbes	4960664
schrottkarre	4960663
zusatzlicher	4960662
knackarsch	4960661
onkelchen	4960660
fensterputzer	4960659
haudegen	4960658
ion	4960657
comedian	4960656
generiert	4960655
gesamter	4960654
angeklopft	4960653
drift	4960652
bartigen	4960651
sarazenen	4960650
knochenbruche	4960649
empfanden	4960648
halteverbot	4960647
carmencita	4960646
scholl	4960645
forsch	4960644
quillt	4960643
weinenden	4960642
oberschule	4960641
gestaltung	4960640
magi	4960639
richtlinie	4960638
agron	4960637
eskalation	4960636
kontrovers	4960635
erblinden	4960634
raubes	4960633
ausbrennen	4960632
knutschfleck	4960631
eiter	4960630
gedankenleser	4960629
selbstgemacht	4960628
wander	4960627
wiederzuhaben	4960626
hauptsturmfuhrer	4960625
edgars	4960624
rauslasst	4960623
schwellungen	4960622
dickicht	4960621
unterstreichen	4960620
militarschule	4960619
warpfaktor	4960618
abtun	4960617
milano	4960616
wirtschaftslage	4960615
kaschmir	4960614
tendiert	4960613
sonder	4960612
dorado	4960611
dickon	4960610
aussteige	4960609
babyschritte	4960608
streberin	4960607
grenzenlose	4960606
badewasser	4960605
aufbluhen	4960604
einsperrt	4960603
hiya	4960602
zoltan	4960601
blakely	4960600
grabmal	4960599
mausefalle	4960598
karikatur	4960597
hedi	4960596
verwettet	4960595
carpentier	4960594
aayan	4960593
napier	4960592
hamisches	4960591
rumspielen	4960590
wucher	4960589
bevormunden	4960588
erzieher	4960587
finte	4960586
piercing	4960585
einziehe	4960584
apparatur	4960583
zerbrichst	4960582
desinfiziert	4960581
adrett	4960580
redakteurin	4960579
burgt	4960578
vesper	4960577
traumatisches	4960576
pharmaceuticals	4960575
duschvorhang	4960574
reinpasst	4960573
verwarnt	4960572
eingelagert	4960571
fondue	4960570
nutzlichen	4960569
schlusselwort	4960568
roquefort	4960567
okonomische	4960566
luftangriffe	4960565
klemm	4960564
servierte	4960563
motorradern	4960562
angibt	4960561
angry	4960560
veit	4960559
minotaurus	4960558
zaza	4960557
schlafrock	4960556
ersatzteil	4960555
tonda	4960554
andren	4960553
vorlieb	4960552
phlox	4960551
nazim	4960550
haku	4960549
vanity	4960548
smut	4960547
drahten	4960546
keilriemen	4960545
baumstamme	4960544
freigang	4960543
schnarchst	4960542
sterbender	4960541
bride	4960540
sondersendung	4960539
ghettos	4960538
wunderknabe	4960537
verschroben	4960536
aggressives	4960535
harrow	4960534
todeskampf	4960533
filmgeschaft	4960532
defcon	4960531
rechnest	4960530
week	4960529
derjunge	4960528
stativ	4960527
mickrigen	4960526
doner	4960525
knuddeln	4960524
kopfwunde	4960523
leaf	4960522
padua	4960521
herausragenden	4960520
soldnern	4960519
balthasar	4960518
hoffnungsvolle	4960517
massgeschneidert	4960516
gefrierfach	4960515
bogota	4960514
stiii	4960513
hoskins	4960512
durchgebrochen	4960511
zusammenfugen	4960510
manipulierten	4960509
sprinkler	4960508
temporare	4960507
vergelt	4960506
auffliegt	4960505
bunchy	4960504
gnu	4960503
imker	4960502
tallmadge	4960501
erfolgreichste	4960500
familienfotos	4960499
tetanus	4960498
radiowellen	4960497
runtergespult	4960496
zerbrechliche	4960495
ausschaut	4960494
niedergemetzelt	4960493
abverlangt	4960492
sou	4960491
idealer	4960490
echos	4960489
alltaglich	4960488
gesoff	4960487
angeeignet	4960486
steuerst	4960485
konflikten	4960484
verbrauch	4960483
vorgehaltener	4960482
nichtsnutze	4960481
phipps	4960480
analsex	4960479
musikzimmer	4960478
eisenbahnen	4960477
vidal	4960476
knodel	4960475
soledad	4960474
rodolphe	4960473
abfolge	4960472
agrippa	4960471
arvid	4960470
zungenkuss	4960469
wochenschau	4960468
korrespondent	4960467
tellerrand	4960466
einlieferung	4960465
dirt	4960464
avocado	4960463
spaulding	4960462
betreue	4960461
spionageabwehr	4960460
kao	4960459
blairs	4960458
zittrig	4960457
betrinkt	4960456
verduftet	4960455
hospiz	4960454
vorstandsmitglieder	4960453
unerschutterlich	4960452
unahnlich	4960451
wachterin	4960450
grayza	4960449
malachy	4960448
azusa	4960447
clouds	4960446
vergutung	4960445
vorlese	4960444
einfuhlungsvermogen	4960443
raubmord	4960442
atwood	4960441
falschaussage	4960440
aufgeholt	4960439
bubbs	4960438
tauschungsmanover	4960437
psychopathin	4960436
bezaubernder	4960435
jonjo	4960434
rechtmassiger	4960433
souveran	4960432
temporar	4960431
auseinanderreissen	4960430
adoptierte	4960429
fiepen	4960428
verprugelst	4960427
ziegenkase	4960426
boulder	4960425
amboss	4960424
herzstuck	4960423
mousse	4960422
royals	4960421
woodbury	4960420
befehi	4960419
videoaufnahmen	4960418
lebenslaufe	4960417
schwerfallig	4960416
colonels	4960415
bundesbehorden	4960414
jungfern	4960413
grimasse	4960412
travolta	4960411
qualifizieren	4960410
rada	4960409
weihnachtsgeschenke	4960408
sour	4960407
zuruckbringst	4960406
jodeln	4960405
verziert	4960404
defizit	4960403
finanziere	4960402
erlautert	4960401
erientag	4960400
eder	4960399
indianischen	4960398
taktisch	4960397
limoges	4960396
begrenzung	4960395
sobotka	4960394
angespuckt	4960393
petto	4960392
pasteur	4960391
gebildeten	4960390
ausseneinsatz	4960389
sonniger	4960388
jingles	4960387
murdo	4960386
portraits	4960385
predator	4960384
vollends	4960383
pflucke	4960382
daigoro	4960381
flandern	4960380
less	4960379
nobbs	4960378
autorennen	4960377
neddy	4960376
probanden	4960375
leerlauf	4960374
raudiger	4960373
xcellent	4960372
verwalte	4960371
lombardi	4960370
klammerst	4960369
ausgewertet	4960368
erdrosseln	4960367
orientiert	4960366
perlenkette	4960365
knospen	4960364
ziegelstein	4960363
kurzgeschichten	4960362
ziffer	4960361
polizeiprasidenten	4960360
fortbringen	4960359
scheffeln	4960358
errettet	4960357
eingekesselt	4960356
allerbester	4960355
kunstschule	4960354
scheisstur	4960353
pferdescheisse	4960352
vollstandiges	4960351
sadler	4960350
radiosendung	4960349
krull	4960348
heidnische	4960347
ausgewachsen	4960346
amnesty	4960345
segment	4960344
norwegisch	4960343
zufahrt	4960342
strafrecht	4960341
brd	4960340
brutzeln	4960339
beratungen	4960338
ptolemaus	4960337
tansy	4960336
verspate	4960335
riesenarschloch	4960334
mannlein	4960333
hochsicherheitstrakt	4960332
verdachtigte	4960331
ausspreche	4960330
uberschuttet	4960329
anlaufen	4960328
experimentierte	4960327
arryn	4960326
aufn	4960325
fahrbahn	4960324
separaten	4960323
legalitat	4960322
midas	4960321
unbeteiligt	4960320
ausgelastet	4960319
bolzenschneider	4960318
lebensabend	4960317
humvee	4960316
dezzie	4960315
species	4960314
magnesium	4960313
bagatelle	4960312
klingonin	4960311
mateusz	4960310
durchbrach	4960309
elektroschock	4960308
sachbeschadigung	4960307
rosenthal	4960306
mittelmassigkeit	4960305
ubertragbar	4960304
geradebiegen	4960303
gillingham	4960302
cc	4960301
davonkommt	4960300
gebraunt	4960299
bewahr	4960298
entzugserscheinungen	4960297
qianjin	4960296
ausritt	4960295
vicomte	4960294
eingezeichnet	4960293
symbolisieren	4960292
notendurchschnitt	4960291
ferrars	4960290
folgern	4960289
overlord	4960288
jocke	4960287
studiengebuhren	4960286
associates	4960285
gultigkeit	4960284
paranormale	4960283
hohepunkte	4960282
auszuspielen	4960281
hinton	4960280
chivery	4960279
beigestanden	4960278
unvergleichliche	4960277
estrada	4960276
herrisch	4960275
saftiges	4960274
sammlerstuck	4960273
dienstweg	4960272
wagnis	4960271
lebron	4960270
basilikum	4960269
took	4960268
vortag	4960267
gleichgestellt	4960266
neff	4960265
heilst	4960264
disput	4960263
sharkey	4960262
heldentum	4960261
boeing	4960260
deutschemark	4960259
elementar	4960258
zweifelhaften	4960257
kasidy	4960256
tini	4960255
hannelore	4960254
vorbesitzer	4960253
cabaret	4960252
geburtstagstorte	4960251
pritsche	4960250
anweisen	4960249
unzuganglich	4960248
vorspeisen	4960247
pfiffig	4960246
uberspielt	4960245
beweisfuhrung	4960244
quimper	4960243
froschen	4960242
crook	4960241
besessener	4960240
scheue	4960239
assistiert	4960238
friedman	4960237
plappert	4960236
hintertreppe	4960235
golfball	4960234
bewach	4960233
zartlicher	4960232
mccourt	4960231
herzprobleme	4960230
benachbarten	4960229
ruckst	4960228
bespruhen	4960227
anschieben	4960226
ahnelte	4960225
tutor	4960224
regenbogens	4960223
wham	4960222
maximaler	4960221
criminal	4960220
gynakologen	4960219
verbuchen	4960218
schummelt	4960217
hoben	4960216
piaster	4960215
ptbs	4960214
zogernd	4960213
netzen	4960212
mones	4960211
exotisches	4960210
asten	4960209
kostlicher	4960208
mien	4960207
yasumoto	4960206
schnuffi	4960205
baroness	4960204
teleportiert	4960203
ragt	4960202
mms	4960201
bewusstlosigkeit	4960200
patrol	4960199
exkremente	4960198
ulm	4960197
fahrradfahren	4960196
lineal	4960195
kaputtgehen	4960194
miroslav	4960193
abram	4960192
engster	4960191
kamal	4960190
nachtlager	4960189
ocampa	4960188
erjetzt	4960187
droh	4960186
unimatrix	4960185
giftiger	4960184
wohlgesonnen	4960183
kinderbucher	4960182
befolgte	4960181
hinzurichten	4960180
weihnachtsmanner	4960179
regenwasser	4960178
feilen	4960177
arzu	4960176
alptraumen	4960175
streitsuchtig	4960174
sheldrake	4960173
bannkreis	4960172
ub	4960171
einreise	4960170
einzustecken	4960169
scusi	4960168
aufsparen	4960167
kyla	4960166
iverson	4960165
verargerte	4960164
patriotisch	4960163
kaj	4960162
lehrerinnen	4960161
pino	4960160
moller	4960159
piet	4960158
ausgepragten	4960157
grobes	4960156
hypothesen	4960155
jotaro	4960154
spezifischen	4960153
unweit	4960152
gemusegarten	4960151
glitter	4960150
ofelia	4960149
ertraumen	4960148
poldi	4960147
rika	4960146
wanderten	4960145
oktoberfest	4960144
schlagern	4960143
radfahrer	4960142
gabelung	4960141
chiu	4960140
idgie	4960139
weideland	4960138
tausendfach	4960137
pinkie	4960136
gleitmittel	4960135
commanders	4960134
zackig	4960133
republikanische	4960132
cranford	4960131
dust	4960130
mckernon	4960129
buddies	4960128
ruberschicken	4960127
mohr	4960126
milli	4960125
ausfiel	4960124
eurydike	4960123
familienbetrieb	4960122
familienfoto	4960121
bratensosse	4960120
chiaki	4960119
stadter	4960118
bilderbuch	4960117
vergrossere	4960116
krummt	4960115
backenzahn	4960114
zugeschrieben	4960113
klecks	4960112
fullten	4960111
fahrern	4960110
roxane	4960109
wiederaufnahme	4960108
leberversagen	4960107
befurwortet	4960106
faxe	4960105
forschungsprojekt	4960104
erachtens	4960103
bestattungsinstitut	4960102
albernheiten	4960101
noches	4960100
ehr	4960099
muskete	4960098
quijote	4960097
zwicken	4960096
choice	4960095
briar	4960094
ferox	4960093
schaufensterpuppe	4960092
schleppten	4960091
nostra	4960090
zielfernrohr	4960089
einzustehen	4960088
ransom	4960087
klarkomme	4960086
zeitreisender	4960085
anschwellen	4960084
cougars	4960083
grundsatzen	4960082
workshop	4960081
massstaben	4960080
nachgibt	4960079
christines	4960078
geburgt	4960077
doran	4960076
gefolgsmann	4960075
adeline	4960074
vorstandsmitglied	4960073
argus	4960072
tug	4960071
annabeth	4960070
bosley	4960069
crime	4960068
gaukler	4960067
arbeitslosengeld	4960066
bequemes	4960065
gestut	4960064
schwacheren	4960063
middleton	4960062
stasis	4960061
schwarzpulver	4960060
works	4960059
isolierung	4960058
namentlich	4960057
trommler	4960056
spanierin	4960055
rausholst	4960054
durchgehend	4960053
grauenvollen	4960052
tatbestand	4960051
delikatessen	4960050
maedchen	4960049
bestrebt	4960048
fursprecher	4960047
todeszone	4960046
futterte	4960045
pau	4960044
metastasen	4960043
ljudmila	4960042
bezeichneten	4960041
schlittschuhlaufen	4960040
verliehenen	4960039
metalle	4960038
rayna	4960037
entleert	4960036
cissie	4960035
fragwurdigen	4960034
chte	4960033
irv	4960032
reingeworfen	4960031
zentren	4960030
banning	4960029
jago	4960028
menstruation	4960027
forschungslabor	4960026
rodencia	4960025
losgelost	4960024
fachleute	4960023
chumley	4960022
verwelken	4960021
topfit	4960020
baywatch	4960019
notizbucher	4960018
runterzuholen	4960017
pru	4960016
konventionellen	4960015
ubriggeblieben	4960014
synthetischen	4960013
runen	4960012
schrillen	4960011
leidenden	4960010
monroes	4960009
vierer	4960008
hybride	4960007
frohsinn	4960006
pup	4960005
hausordnung	4960004
azur	4960003
hinzubekommen	4960002
einrenken	4960001
gebieterin	4960000
vorgetauschten	4959999
sedat	4959998
sinai	4959997
tatis	4959996
drangten	4959995
geklatscht	4959994
nonsens	4959993
natacha	4959992
matz	4959991
okonomischen	4959990
auftrags	4959989
kuhlmann	4959988
atherton	4959987
mccallum	4959986
schlaftrunk	4959985
surreal	4959984
schutzenfest	4959983
kellern	4959982
aufsassig	4959981
buckey	4959980
artischocken	4959979
streitkraften	4959978
mercado	4959977
goo	4959976
himalaja	4959975
siamesisch	4959974
pauke	4959973
endgultiges	4959972
marschbefehl	4959971
unmoglicher	4959970
erstbeste	4959969
relikte	4959968
erdkunde	4959967
macgyver	4959966
buford	4959965
reiseroute	4959964
anwerfen	4959963
lurch	4959962
entbehrungen	4959961
ersetzbar	4959960
materials	4959959
blablabla	4959958
stalking	4959957
montagabend	4959956
orangenen	4959955
bratkartoffeln	4959954
randell	4959953
spates	4959952
klipp	4959951
aufgeblasene	4959950
vergeudung	4959949
aue	4959948
pina	4959947
eugenie	4959946
niederlande	4959945
mobiltelefone	4959944
einsatzwagen	4959943
hupfer	4959942
inuk	4959941
bildschon	4959940
obduktionsbericht	4959939
mikrowellen	4959938
nimmermehr	4959937
mitzwa	4959936
schlamperei	4959935
verlierern	4959934
amtshandlung	4959933
mangelhaft	4959932
assassins	4959931
dopamin	4959930
ahn	4959929
zahllosen	4959928
unbesiegbare	4959927
weyoun	4959926
schabiger	4959925
erkampft	4959924
vitale	4959923
jedikiah	4959922
durchzuschneiden	4959921
michonne	4959920
isolierte	4959919
arno	4959918
naiven	4959917
umgestossen	4959916
romanzen	4959915
blumentopf	4959914
makaber	4959913
scheuern	4959912
hubschesten	4959911
meditiert	4959910
meeker	4959909
raff	4959908
mathelehrer	4959907
chaucer	4959906
theres	4959905
menschenaffen	4959904
untote	4959903
liddell	4959902
felswand	4959901
chon	4959900
chronisch	4959899
umberto	4959898
lieblingsteil	4959897
sicherheitsmassnahme	4959896
gummis	4959895
spidey	4959894
eliane	4959893
erfrischen	4959892
gunny	4959891
kapitalistischen	4959890
bemitleidet	4959889
zugebe	4959888
raufen	4959887
promoter	4959886
masons	4959885
tobel	4959884
ruinierten	4959883
fusionieren	4959882
monks	4959881
talentsucher	4959880
schubkraft	4959879
durchgegeben	4959878
leicester	4959877
wixxer	4959876
zuruckbeamen	4959875
galaktischen	4959874
zivilistin	4959873
vitti	4959872
begiessen	4959871
sprudeln	4959870
pray	4959869
trommelschlage	4959868
ermachtigt	4959867
kito	4959866
horizontal	4959865
brodelt	4959864
lerden	4959863
bick	4959862
verheerenden	4959861
tunis	4959860
happyend	4959859
oakley	4959858
schnurstracks	4959857
abgabetermin	4959856
deadshot	4959855
westwood	4959854
ubereilen	4959853
varianten	4959852
detektor	4959851
blackbird	4959850
multiplizieren	4959849
ayse	4959848
telemetrie	4959847
lahmer	4959846
talmud	4959845
yagmur	4959844
slang	4959843
furstentum	4959842
verpfanden	4959841
seepferdchen	4959840
draufhaben	4959839
staatsanwalte	4959838
uneheliches	4959837
gewebeproben	4959836
ayers	4959835
toschi	4959834
stilgar	4959833
geschopft	4959832
irreparabel	4959831
evergreen	4959830
hergibt	4959829
jenni	4959828
losschlagen	4959827
reinspaziert	4959826
seraphim	4959825
mailander	4959824
uptown	4959823
ubernachtete	4959822
abgedroschen	4959821
wasserstoffbombe	4959820
kie	4959819
fernab	4959818
braust	4959817
geolt	4959816
denunziert	4959815
tamura	4959814
knick	4959813
frozen	4959812
verstummelung	4959811
rickford	4959810
wels	4959809
inhalte	4959808
garantierte	4959807
markie	4959806
festtag	4959805
hineinversetzen	4959804
bonsai	4959803
fachwissen	4959802
elben	4959801
lebenswichtige	4959800
flugstunden	4959799
diavolo	4959798
pranger	4959797
somerset	4959796
dezimiert	4959795
nachforschung	4959794
toshiko	4959793
einzog	4959792
unidentifizierte	4959791
palo	4959790
stadtratin	4959789
alameda	4959788
schmuggelte	4959787
hauptproblem	4959786
hochland	4959785
abstauben	4959784
amandus	4959783
yukie	4959782
revolutionieren	4959781
pannen	4959780
blutrunstige	4959779
monseigneur	4959778
verwundung	4959777
fabelhaftes	4959776
wasserski	4959775
clothes	4959774
schmiedet	4959773
auszahlt	4959772
signals	4959771
ismael	4959770
putzig	4959769
reston	4959768
ungezwungen	4959767
mahlen	4959766
abgemagert	4959765
atemberaubende	4959764
hauptattraktion	4959763
wohlwollend	4959762
anbieter	4959761
schlitzen	4959760
wettkampfe	4959759
unbehelligt	4959758
patriotische	4959757
reingeschlichen	4959756
urteilsverkundung	4959755
besichtigt	4959754
annahern	4959753
danilo	4959752
silicon	4959751
atomen	4959750
baklava	4959749
halbtags	4959748
unterhaltst	4959747
knarzen	4959746
kleriker	4959745
sicherheitsnetz	4959744
betatschen	4959743
fernzubleiben	4959742
standes	4959741
maseo	4959740
tops	4959739
gewurzen	4959738
flow	4959737
cote	4959736
raimund	4959735
nurse	4959734
mumien	4959733
seitensprung	4959732
majestaten	4959731
crest	4959730
friseuse	4959729
leuchtete	4959728
geforscht	4959727
zerplatzen	4959726
zusammengestossen	4959725
mackenna	4959724
mexikos	4959723
turning	4959722
ehome	4959721
feuerwasser	4959720
lieblingsblumen	4959719
vorratig	4959718
vs	4959717
suppen	4959716
schatzinsel	4959715
thaddeus	4959714
amateuren	4959713
vettius	4959712
zugeknopft	4959711
mardon	4959710
unterstutzend	4959709
tasschen	4959708
kurzgeschichte	4959707
angelhaken	4959706
geringem	4959705
cyborgs	4959704
standbild	4959703
serioser	4959702
lloyds	4959701
trostpreis	4959700
geschehens	4959699
happiness	4959698
angstliches	4959697
saffron	4959696
mattia	4959695
lieblingsort	4959694
strauch	4959693
untergejubelt	4959692
giftspritze	4959691
ravenwood	4959690
claw	4959689
gami	4959688
geschenkpapier	4959687
fassten	4959686
modesto	4959685
ayanami	4959684
sozialistische	4959683
datet	4959682
hooker	4959681
yeoman	4959680
quixote	4959679
thiel	4959678
recycling	4959677
edit	4959676
geisteskranker	4959675
werkstatten	4959674
wasn	4959673
bestandsaufnahme	4959672
sonnenschirm	4959671
vorbau	4959670
av	4959669
parton	4959668
karas	4959667
hergelockt	4959666
schultze	4959665
weiterzukommen	4959664
patience	4959663
brophy	4959662
nachbarschaftswache	4959661
entgleitet	4959660
yentl	4959659
aufwuchsen	4959658
stretch	4959657
behagt	4959656
joplin	4959655
orochi	4959654
rothaarig	4959653
bandwurm	4959652
masseurin	4959651
raubzug	4959650
schaumbad	4959649
lehnsherr	4959648
abtransport	4959647
zunahme	4959646
iguchi	4959645
vorliegenden	4959644
hartford	4959643
goldgraber	4959642
lymphom	4959641
pfaffe	4959640
greger	4959639
einzubauen	4959638
auslegung	4959637
einziehst	4959636
exklusives	4959635
aufsetzt	4959634
schmierige	4959633
verschrieb	4959632
rollschuh	4959631
organischer	4959630
lausanne	4959629
gesellt	4959628
kakteen	4959627
umprogrammieren	4959626
loulou	4959625
kringelein	4959624
daems	4959623
gepackwagen	4959622
verkohlen	4959621
fidschi	4959620
hershey	4959619
verhexen	4959618
wespen	4959617
ansprechend	4959616
veto	4959615
stahlwerk	4959614
fleet	4959613
sympathisanten	4959612
went	4959611
ulli	4959610
bestieg	4959609
panzerfaust	4959608
spindel	4959607
blackberry	4959606
lica	4959605
grossrechner	4959604
zivilbevolkerung	4959603
leichenteile	4959602
ausspulen	4959601
unruhige	4959600
zweideutig	4959599
bracken	4959598
dereks	4959597
easton	4959596
augustin	4959595
manhattans	4959594
bocke	4959593
uberholspur	4959592
gisele	4959591
ernahrer	4959590
gewander	4959589
meisterwerke	4959588
ismail	4959587
vergeudete	4959586
wax	4959585
schocken	4959584
verkehrsmittel	4959583
pfarrei	4959582
goblin	4959581
kalibriert	4959580
boggs	4959579
kagu	4959578
feenstaub	4959577
flauschig	4959576
benigno	4959575
kudo	4959574
namensliste	4959573
borka	4959572
curley	4959571
schulgelande	4959570
sprudelt	4959569
zudrohnen	4959568
thought	4959567
flintstone	4959566
skrupellose	4959565
branch	4959564
zartlichen	4959563
merkwurdigerweise	4959562
katzenklo	4959561
verax	4959560
lrgendwo	4959559
madchenhaft	4959558
hollywoods	4959557
stadtplan	4959556
fregatte	4959555
dringe	4959554
kitsch	4959553
ivana	4959552
schwellen	4959551
bacall	4959550
eintracht	4959549
konstrukt	4959548
versorgte	4959547
faltet	4959546
prolet	4959545
pfizer	4959544
unmenschen	4959543
angewohnt	4959542
bestechungsgelder	4959541
hollischer	4959540
darfich	4959539
flachmann	4959538
underground	4959537
gewahlter	4959536
batou	4959535
lazlo	4959534
krachte	4959533
siedlern	4959532
mittelamerika	4959531
pappa	4959530
kika	4959529
talos	4959528
verzagen	4959527
satine	4959526
tombstone	4959525
ark	4959524
verletzbar	4959523
aktueller	4959522
schnippisch	4959521
grantig	4959520
riordan	4959519
frak	4959518
kak	4959517
trachtet	4959516
erkampfen	4959515
henson	4959514
jagers	4959513
koffeinfreien	4959512
toomey	4959511
lesern	4959510
oberflachliche	4959509
vertrauenslehrer	4959508
musikbox	4959507
zaghaft	4959506
hidde	4959505
raritat	4959504
windbeutel	4959503
totungen	4959502
drogenhandels	4959501
optischen	4959500
polizeistaat	4959499
tantiemen	4959498
shifu	4959497
cuchillo	4959496
kragenweite	4959495
klarst	4959494
mead	4959493
bestehenden	4959492
weichteile	4959491
namenstag	4959490
bombenanschlage	4959489
anzuregen	4959488
gespaltene	4959487
amp	4959486
cab	4959485
mott	4959484
blutrunstig	4959483
vorgab	4959482
kurzliche	4959481
sortiere	4959480
herzlose	4959479
lalala	4959478
vina	4959477
lichtet	4959476
samenbank	4959475
broderick	4959474
jaden	4959473
stohnend	4959472
uberbruckung	4959471
bestechungsgeld	4959470
goldfinger	4959469
warschauer	4959468
mitessen	4959467
bindend	4959466
aufteilung	4959465
kleist	4959464
fuchtel	4959463
schmollt	4959462
dradis	4959461
wachablosung	4959460
mineral	4959459
bewachte	4959458
ramsay	4959457
fischerei	4959456
verjahrt	4959455
zugeflustert	4959454
einascherung	4959453
campbells	4959452
trapper	4959451
faseln	4959450
umarm	4959449
edelsten	4959448
zitronensaft	4959447
ottos	4959446
kaltherzig	4959445
kludd	4959444
wurgegriff	4959443
torero	4959442
patin	4959441
boa	4959440
hohlenmensch	4959439
spezialistin	4959438
higgs	4959437
geistesblitz	4959436
teasdale	4959435
gefechte	4959434
adelige	4959433
unerlaubtes	4959432
achtsam	4959431
cube	4959430
fiedel	4959429
beschrankten	4959428
frommigkeit	4959427
oregano	4959426
frenchie	4959425
klassenraum	4959424
mathematischen	4959423
fremdenfuhrer	4959422
mitlaufer	4959421
diamantring	4959420
abbricht	4959419
verkummert	4959418
exkommuniziert	4959417
loschten	4959416
aussetzt	4959415
ressort	4959414
animiert	4959413
scheinwerferlicht	4959412
schlagermusik	4959411
quilty	4959410
split	4959409
bim	4959408
cleve	4959407
mya	4959406
wirkstoff	4959405
liegestutzen	4959404
angelrute	4959403
spielerin	4959402
erheblichen	4959401
fuad	4959400
imperialismus	4959399
radchen	4959398
eingebusst	4959397
barone	4959396
hoffnungsschimmer	4959395
protestant	4959394
potenzieller	4959393
gummizelle	4959392
accessoires	4959391
angeschafft	4959390
akustische	4959389
unscheinbar	4959388
entsetzliches	4959387
spulbecken	4959386
nirrti	4959385
ruckmeldung	4959384
duh	4959383
mittelweg	4959382
munro	4959381
afro	4959380
rubbeln	4959379
schmiergelder	4959378
rudere	4959377
eigne	4959376
joep	4959375
wiederzugeben	4959374
suspekt	4959373
grauens	4959372
malta	4959371
bumerang	4959370
umrisse	4959369
daimon	4959368
stillwater	4959367
zuruckruft	4959366
ermittelte	4959365
gerockt	4959364
klebst	4959363
anlegestelle	4959362
verbesserten	4959361
abartigen	4959360
inquisitor	4959359
brodie	4959358
auenland	4959357
mogh	4959356
ostberlin	4959355
halbmond	4959354
geisterhaus	4959353
paff	4959352
zerstorerische	4959351
justo	4959350
verleugne	4959349
schlummer	4959348
darauffolgenden	4959347
jacoby	4959346
hinstecken	4959345
kalifornische	4959344
festhaltst	4959343
mosley	4959342
colts	4959341
siegreichen	4959340
schiefen	4959339
herbeigefuhrt	4959338
uberragend	4959337
idealismus	4959336
bewachten	4959335
zweifelhafte	4959334
dauerhaftes	4959333
gefuhlsduselei	4959332
geschiedenen	4959331
dienstwagen	4959330
dersu	4959329
rumgespielt	4959328
berit	4959327
orca	4959326
tunfisch	4959325
bilko	4959324
uberspringt	4959323
toleriere	4959322
cellini	4959321
melly	4959320
schwimmende	4959319
ammenmarchen	4959318
steigende	4959317
cord	4959316
leihmutter	4959315
calderon	4959314
swini	4959313
einging	4959312
gesundheitliche	4959311
geblinzelt	4959310
baelish	4959309
unpersonlich	4959308
baumelt	4959307
stutzpunkte	4959306
kleeblatt	4959305
blye	4959304
goldenem	4959303
eierkopf	4959302
raumfahrer	4959301
xian	4959300
jeremys	4959299
cee	4959298
pauker	4959297
schadenfroh	4959296
friedenskorps	4959295
beauftragten	4959294
comprende	4959293
dembe	4959292
productions	4959291
triebtater	4959290
seifenblase	4959289
tomek	4959288
bleichgesichter	4959287
obstgarten	4959286
site	4959285
lauderdale	4959284
keppler	4959283
speicherkarte	4959282
bauchredner	4959281
amandine	4959280
wikipedia	4959279
giftschlange	4959278
kontrollier	4959277
comme	4959276
trickbetruger	4959275
aufzufrischen	4959274
wortspiele	4959273
gennaro	4959272
herumtreibt	4959271
widerfuhr	4959270
raffinierten	4959269
verhilft	4959268
freigehalten	4959267
auswerfen	4959266
abgetan	4959265
dragan	4959264
vergrabt	4959263
duce	4959262
beteiligte	4959261
hefner	4959260
bedauerlichen	4959259
lissi	4959258
standpauke	4959257
ausreichende	4959256
aª	4959255
vorzubringen	4959254
tie	4959253
weiberheld	4959252
urzeiten	4959251
crabtree	4959250
laborratten	4959249
laroy	4959248
pelican	4959247
duty	4959246
erdbeer	4959245
anwerben	4959244
wurger	4959243
holcroft	4959242
analphabeten	4959241
dogville	4959240
adoptierten	4959239
tzeitel	4959238
sicherheitsbereich	4959237
wendungen	4959236
aktives	4959235
stonebridge	4959234
scheissleben	4959233
beschaftigten	4959232
eingemauert	4959231
angelausflug	4959230
barbel	4959229
nahten	4959228
bespringen	4959227
widerstanden	4959226
mene	4959225
korsaren	4959224
abruzzi	4959223
geheimbund	4959222
slattery	4959221
privatflugzeug	4959220
vorhattest	4959219
tachibana	4959218
doom	4959217
verschwieg	4959216
jaffe	4959215
blanken	4959214
companion	4959213
toxine	4959212
salons	4959211
zauberern	4959210
osbourne	4959209
erweiterten	4959208
kopfverletzungen	4959207
hanako	4959206
festhielt	4959205
gebrauchsanweisung	4959204
verstehn	4959203
gefaxt	4959202
heraushalten	4959201
subjanunder	4959200
rumgehen	4959199
kognitive	4959198
vaginas	4959197
sprengfalle	4959196
notwendiges	4959195
aufputschmittel	4959194
willkurliche	4959193
meck	4959192
arren	4959191
surly	4959190
unbesiegbaren	4959189
handchenhalten	4959188
sudkalifornien	4959187
aufschauen	4959186
nachdrucklich	4959185
kurzzeitgedachtnis	4959184
billigere	4959183
erforsche	4959182
lona	4959181
salbei	4959180
winner	4959179
voreingenommenheit	4959178
einzutauschen	4959177
schnurren	4959176
verfuhrerin	4959175
angespannte	4959174
acres	4959173
quetscht	4959172
niederzubrennen	4959171
hineinkommen	4959170
rebellischen	4959169
ubten	4959168
probeessen	4959167
loops	4959166
unkonzentriert	4959165
uberreaktion	4959164
abchecken	4959163
drinsteckt	4959162
geologische	4959161
halbjahr	4959160
bestform	4959159
wegschauen	4959158
verwelkt	4959157
mageren	4959156
orients	4959155
unterstellung	4959154
pianisten	4959153
zweitrangig	4959152
mandira	4959151
bulldog	4959150
kahle	4959149
schweissen	4959148
gaffen	4959147
davros	4959146
schadelbruch	4959145
olympic	4959144
posiert	4959143
anchorage	4959142
vesta	4959141
bestarkt	4959140
kleiderordnung	4959139
lito	4959138
schulung	4959137
cosby	4959136
reingucken	4959135
bp	4959134
glockengelaut	4959133
auswischen	4959132
mayka	4959131
blender	4959130
gasleck	4959129
operator	4959128
methodisch	4959127
zuchter	4959126
verspatungen	4959125
aljonuschka	4959124
nandu	4959123
tralala	4959122
frankies	4959121
finnisch	4959120
livre	4959119
turmuhr	4959118
widersprichst	4959117
corvus	4959116
chanukka	4959115
lieblingssorte	4959114
scheissladen	4959113
hock	4959112
peugeot	4959111
schreite	4959110
medisonus	4959109
dachdecker	4959108
datteln	4959107
nner	4959106
namenlos	4959105
abbe	4959104
inhalieren	4959103
nachtausgabe	4959102
armelkanal	4959101
ermutigte	4959100
tutu	4959099
xiaowei	4959098
meike	4959097
stattlichen	4959096
kollektiven	4959095
entlegenen	4959094
amazone	4959093
partikeln	4959092
morbus	4959091
rechtsprechung	4959090
abenddammerung	4959089
beobachtungsposten	4959088
erwachsenwerden	4959087
wylie	4959086
tuba	4959085
geniest	4959084
familienangehorige	4959083
mistviecher	4959082
gewackelt	4959081
kasachstan	4959080
hochrangiger	4959079
brantley	4959078
kidd	4959077
aden	4959076
freiwild	4959075
establishment	4959074
sitzengelassen	4959073
pflegekind	4959072
windrichtung	4959071
verseuchung	4959070
hopewell	4959069
spinnern	4959068
vorzuziehen	4959067
liliom	4959066
butt	4959065
fraiser	4959064
obelisk	4959063
spirituelles	4959062
byrd	4959061
ersatzreifen	4959060
trittbrettfahrer	4959059
mozzarella	4959058
kfc	4959057
verzwickt	4959056
stinkendes	4959055
stilinski	4959054
unverheiratete	4959053
nerio	4959052
vierhundert	4959051
orhan	4959050
uuh	4959049
twittern	4959048
plakaten	4959047
physikalischen	4959046
folterte	4959045
nyman	4959044
reingelaufen	4959043
otcho	4959042
vergreift	4959041
grunderin	4959040
saurer	4959039
notte	4959038
koenig	4959037
liberace	4959036
suzune	4959035
bekanntgegeben	4959034
lockst	4959033
attention	4959032
eingebildeten	4959031
kritischem	4959030
laplante	4959029
panem	4959028
fiesta	4959027
dae	4959026
tornt	4959025
fruhaufsteher	4959024
platzes	4959023
aks	4959022
wichtigeren	4959021
varinius	4959020
kaffeekanne	4959019
wendete	4959018
ritualen	4959017
perrier	4959016
horus	4959015
gejammert	4959014
kommerziell	4959013
fettnapfchen	4959012
sano	4959011
designerin	4959010
kindar	4959009
todlichsten	4959008
wiedererlangen	4959007
vergangener	4959006
schen	4959005
hexenbiest	4959004
beechum	4959003
widerspruchlich	4959002
sonntagsschule	4959001
saftladen	4959000
supreme	4958999
abzuhoren	4958998
isolierband	4958997
missen	4958996
tweets	4958995
heteros	4958994
uberwaltigenden	4958993
prasentierten	4958992
meerenge	4958991
alucarda	4958990
makellosen	4958989
behinderter	4958988
transportschiff	4958987
geschaftsbeziehung	4958986
rohit	4958985
following	4958984
cornelia	4958983
windmuhlen	4958982
gefundenen	4958981
personlichem	4958980
shoguns	4958979
nuchterne	4958978
kack	4958977
anfahren	4958976
edelste	4958975
unerklarlichen	4958974
iz	4958973
zehnjahrigen	4958972
suhne	4958971
frame	4958970
prothesen	4958969
nose	4958968
prallt	4958967
parkst	4958966
beruhte	4958965
nebels	4958964
kokons	4958963
kumi	4958962
griswold	4958961
verspotte	4958960
fraktionen	4958959
geldmittel	4958958
staatliches	4958957
mobelstuck	4958956
gerissenen	4958955
sidao	4958954
selbstbewusster	4958953
fuhrungsqualitaten	4958952
geologen	4958951
schuhcreme	4958950
carney	4958949
humorvoll	4958948
abschaltung	4958947
sonntage	4958946
mcclintock	4958945
bewunderten	4958944
pryor	4958943
pulsar	4958942
hochzuheben	4958941
friedl	4958940
cosel	4958939
memmen	4958938
mecker	4958937
kindheitserinnerungen	4958936
eindeutiger	4958935
herztransplantation	4958934
sudpazifik	4958933
ruhmes	4958932
precrime	4958931
sackgassen	4958930
verknackt	4958929
fehlfunktionen	4958928
ulysses	4958927
immobiliengeschaft	4958926
holzkohle	4958925
zehnfache	4958924
mckinney	4958923
wilke	4958922
gekitzelt	4958921
empfindlicher	4958920
jurassic	4958919
bouquet	4958918
manheim	4958917
widerspruchliche	4958916
ohje	4958915
unbenutzt	4958914
anrechnen	4958913
umsiedlung	4958912
azman	4958911
snoopy	4958910
erlebnissen	4958909
gazette	4958908
arlena	4958907
schottlands	4958906
aussehens	4958905
sors	4958904
auszukennen	4958903
reitern	4958902
latham	4958901
balger	4958900
sonstigen	4958899
finnische	4958898
bekampfst	4958897
judys	4958896
liams	4958895
testlauf	4958894
weltbeste	4958893
rosine	4958892
thesi	4958891
packer	4958890
dolby	4958889
wtc	4958888
vanja	4958887
salamanca	4958886
latour	4958885
erholst	4958884
plunderung	4958883
verputzt	4958882
silbernes	4958881
craigslist	4958880
legs	4958879
schmerzenslaute	4958878
bulldogge	4958877
ratsels	4958876
enthielten	4958875
feuertreppe	4958874
mephisto	4958873
tippfehler	4958872
laertes	4958871
aussenhulle	4958870
fema	4958869
breitseite	4958868
haariger	4958867
wit	4958866
lockert	4958865
lehrmeister	4958864
bedrohliches	4958863
eizellen	4958862
fossilien	4958861
irs	4958860
cujo	4958859
ledda	4958858
bruten	4958857
glendon	4958856
oberfeldwebel	4958855
eintragung	4958854
auszuleben	4958853
kuhnsten	4958852
gonzalez	4958851
bunting	4958850
fortlaufend	4958849
desertieren	4958848
lagereinheit	4958847
losreissen	4958846
menopause	4958845
zersetzen	4958844
indiskretion	4958843
diktiere	4958842
schamhaar	4958841
cs	4958840
bukowski	4958839
persephone	4958838
revidieren	4958837
efeu	4958836
bindest	4958835
gemachten	4958834
ladenschluss	4958833
irrtumlich	4958832
aufrufe	4958831
mance	4958830
remington	4958829
sommercamp	4958828
herzrasen	4958827
culpa	4958826
zusammenwohnen	4958825
okita	4958824
dicksten	4958823
malcom	4958822
einlage	4958821
stirling	4958820
meckerst	4958819
quellcode	4958818
quantenphysik	4958817
aufgekratzt	4958816
berufliches	4958815
convenio	4958814
farley	4958813
brig	4958812
vixen	4958811
verwirrst	4958810
eingeraumt	4958809
feinschmecker	4958808
aktenkundig	4958807
verdammtnochmal	4958806
lachnummer	4958805
blutzellen	4958804
ausschusses	4958803
shumway	4958802
blodheit	4958801
noren	4958800
tischtuch	4958799
bracht	4958798
julietta	4958797
fliegeralarm	4958796
bachelor	4958795
spaziere	4958794
beschutzten	4958793
rundes	4958792
weiteratmen	4958791
anfuhrern	4958790
weiterverfolgen	4958789
auseinanderhalten	4958788
lieblingsgericht	4958787
durchgekaut	4958786
bundig	4958785
aksel	4958784
verwitwet	4958783
daytona	4958782
davonzukommen	4958781
aula	4958780
liegenden	4958779
taktgefuhl	4958778
siri	4958777
favoritin	4958776
rigel	4958775
farraday	4958774
strassburg	4958773
daenerys	4958772
behausung	4958771
tietou	4958770
vanderbilt	4958769
fife	4958768
tunichtgut	4958767
asiatischer	4958766
exterminieren	4958765
eisbeutel	4958764
playoffs	4958763
receiver	4958762
gehirnwellen	4958761
mikami	4958760
boni	4958759
schlussels	4958758
abfliegen	4958757
bewilligung	4958756
bixby	4958755
verbannte	4958754
soleil	4958753
hafenmeister	4958752
klassik	4958751
norwich	4958750
reingeschaut	4958749
besudeln	4958748
sonderbarer	4958747
nates	4958746
redlichkeit	4958745
durchdrehst	4958744
pfaden	4958743
clinch	4958742
kentern	4958741
paraden	4958740
consuelo	4958739
hyun	4958738
nachstbeste	4958737
stabilisatoren	4958736
konfus	4958735
naturgesetz	4958734
camomile	4958733
spaghettifresser	4958732
wellesley	4958731
nirgendswo	4958730
vorbote	4958729
berk	4958728
umganglich	4958727
rinne	4958726
nisse	4958725
rosebud	4958724
prokurator	4958723
tobys	4958722
furchtlose	4958721
schlechteren	4958720
petronius	4958719
zusammentreiben	4958718
oswin	4958717
katholischer	4958716
friedensgesprache	4958715
vichy	4958714
toomy	4958713
aktionaren	4958712
zopfen	4958711
schonheitskonigin	4958710
knattert	4958709
sanftmutig	4958708
tuna	4958707
sickert	4958706
anhangsel	4958705
esser	4958704
birdy	4958703
gelyncht	4958702
eingerissen	4958701
bartige	4958700
bunuel	4958699
losfliegen	4958698
anklageschrift	4958697
zugfahrt	4958696
dynamisch	4958695
fahrstunden	4958694
anstrich	4958693
ausgeladen	4958692
besessene	4958691
newtons	4958690
hazzard	4958689
einsetzten	4958688
pixel	4958687
jarrett	4958686
quiche	4958685
schuldspruch	4958684
fremen	4958683
parish	4958682
magazins	4958681
drohend	4958680
lilah	4958679
zufalliges	4958678
magde	4958677
mahagoni	4958676
knackis	4958675
muffit	4958674
arastoo	4958673
scharfschutzengewehr	4958672
militarakademie	4958671
leihgabe	4958670
hartem	4958669
verantwortlichkeit	4958668
eingehullt	4958667
stoke	4958666
abgesoffen	4958665
rauchten	4958664
reverse	4958663
gelage	4958662
zundkerzen	4958661
sutphin	4958660
viertelmeile	4958659
wohlgefuhlt	4958658
niedergemacht	4958657
rasenden	4958656
sommerzeit	4958655
abflussrohr	4958654
emory	4958653
bimmeln	4958652
schulbildung	4958651
jlm	4958650
gequirlte	4958649
einkassiert	4958648
padophile	4958647
geweitet	4958646
uberschreite	4958645
verweichlicht	4958644
steifer	4958643
julchen	4958642
horvath	4958641
lebenspartner	4958640
aufschneider	4958639
jemaine	4958638
schiiessiich	4958637
fristen	4958636
dealst	4958635
selden	4958634
burnie	4958633
sicherheitsabteilung	4958632
anpflanzen	4958631
cyper	4958630
gurney	4958629
mutterlich	4958628
staubigen	4958627
bedurftige	4958626
hirnstamm	4958625
weltalls	4958624
margery	4958623
gespickt	4958622
bemuttern	4958621
bestechlich	4958620
cherbourg	4958619
fortgelaufen	4958618
landgut	4958617
umkehrung	4958616
uberflogen	4958615
latina	4958614
bongo	4958613
verantwortungen	4958612
arbeitsbedingungen	4958611
einzutreiben	4958610
beeinflusste	4958609
jimenez	4958608
lean	4958607
zellengenosse	4958606
alak	4958605
hogarth	4958604
oer	4958603
aufwuhlende	4958602
vivaldi	4958601
cobblepot	4958600
heiligste	4958599
freibier	4958598
betrinke	4958597
unglucks	4958596
fischfutter	4958595
kollektive	4958594
einpragen	4958593
gruppensex	4958592
hausieren	4958591
saubergemacht	4958590
fluchtgefahr	4958589
gens	4958588
huf	4958587
buchsen	4958586
martel	4958585
judaa	4958584
bubchen	4958583
sternenstaub	4958582
krabat	4958581
schummler	4958580
vargo	4958579
keri	4958578
fuhrend	4958577
fahrschule	4958576
formte	4958575
independence	4958574
winona	4958573
hilfskraft	4958572
garbo	4958571
danner	4958570
ausgeschnitten	4958569
wampe	4958568
stew	4958567
ausgeteilt	4958566
matador	4958565
geteilte	4958564
sed	4958563
zaina	4958562
bower	4958561
klemmte	4958560
schlafentzug	4958559
trostete	4958558
subjekte	4958557
baff	4958556
omphale	4958555
richtigem	4958554
fahrzeugschein	4958553
misslungen	4958552
burgschaft	4958551
ant	4958550
flugen	4958549
watchtower	4958548
glasauge	4958547
ortszeit	4958546
erotischer	4958545
ergreif	4958544
ausblenden	4958543
lucian	4958542
aktenschrank	4958541
anhorungen	4958540
wandelndes	4958539
communicator	4958538
neary	4958537
viertels	4958536
cath	4958535
atreju	4958534
kribbelig	4958533
matti	4958532
marcels	4958531
beckmann	4958530
rosengarten	4958529
vogelhaus	4958528
beeman	4958527
landau	4958526
globalisierung	4958525
zander	4958524
hanf	4958523
kajak	4958522
privatparty	4958521
verhatschelt	4958520
sommerschule	4958519
reibung	4958518
machtkampf	4958517
pakistanischen	4958516
lustvoll	4958515
kleinerer	4958514
grossherzig	4958513
vergrub	4958512
strahne	4958511
allerliebst	4958510
umsatze	4958509
puderzucker	4958508
scheuklappen	4958507
schadeldecke	4958506
jinsung	4958505
wurzig	4958504
heimgebracht	4958503
cardassianisches	4958502
xing	4958501
holographischen	4958500
berufungsgericht	4958499
korperteilen	4958498
variieren	4958497
konditorschule	4958496
aubergine	4958495
kursieren	4958494
ruhmreiche	4958493
energiequellen	4958492
midori	4958491
shhh	4958490
ausfallend	4958489
daren	4958488
til	4958487
belastungsstorung	4958486
shiori	4958485
vorherzusagen	4958484
severus	4958483
aarons	4958482
gezwitschert	4958481
denunzieren	4958480
schwarmerei	4958479
pfluckt	4958478
concorde	4958477
sudkorea	4958476
auseinandergerissen	4958475
audra	4958474
bedecke	4958473
einsacken	4958472
bless	4958471
stinkefinger	4958470
berthier	4958469
anriefst	4958468
erzeuger	4958467
linor	4958466
uberdeckt	4958465
unzivilisiert	4958464
lota	4958463
shibuya	4958462
erstrahlt	4958461
gita	4958460
sonora	4958459
vorzeitigen	4958458
bioroiden	4958457
seltenheit	4958456
unbequeme	4958455
bluthunde	4958454
bolivar	4958453
niederschlag	4958452
fanfan	4958451
murrow	4958450
knapper	4958449
leyasu	4958448
schwejk	4958447
gros	4958446
mensa	4958445
vorbeischicken	4958444
vollmachten	4958443
versengt	4958442
zuruckfallt	4958441
lindholm	4958440
herzinfarkte	4958439
cardassianischer	4958438
chaotische	4958437
carlas	4958436
soundtrack	4958435
gerontgt	4958434
notdienst	4958433
scanlon	4958432
viehzuchter	4958431
ansteigen	4958430
plummer	4958429
banke	4958428
intendant	4958427
lauffeuer	4958426
abzuschlagen	4958425
leguan	4958424
jost	4958423
lesh	4958422
netzhaut	4958421
entweicht	4958420
verhatscheln	4958419
railroad	4958418
intervenieren	4958417
steigenden	4958416
rhetorisch	4958415
nomura	4958414
hundemude	4958413
saba	4958412
hintergehst	4958411
offensichtlicher	4958410
martigues	4958409
siezen	4958408
tobacco	4958407
sopran	4958406
bersten	4958405
befreundeten	4958404
neuengland	4958403
kamil	4958402
wiedersiehst	4958401
nachschenken	4958400
umgehungsstrasse	4958399
ankotzt	4958398
aktaion	4958397
kolima	4958396
gutherzig	4958395
unbefugt	4958394
uberrasch	4958393
kaliforniens	4958392
geborenen	4958391
bezirken	4958390
sonderling	4958389
verweigerst	4958388
landesweiten	4958387
gorgoniten	4958386
klapperschlangen	4958385
chelle	4958384
langstreckensensoren	4958383
waldrand	4958382
eigenwillig	4958381
kirchenchor	4958380
herumtragen	4958379
research	4958378
irakische	4958377
rockige	4958376
sandkorn	4958375
beatmung	4958374
ungezogene	4958373
geschahe	4958372
sammele	4958371
zapatti	4958370
shara	4958369
neils	4958368
santini	4958367
theory	4958366
aussortiert	4958365
ministeriums	4958364
arschgeigen	4958363
verschranken	4958362
wiederbringen	4958361
fussballmannschaft	4958360
colle	4958359
gowan	4958358
voraussicht	4958357
rough	4958356
sonstwas	4958355
tagchen	4958354
gekaut	4958353
aufgefasst	4958352
bemessen	4958351
gultigen	4958350
streikbrecher	4958349
verscharrt	4958348
krebsgeschwur	4958347
leitstelle	4958346
carcetti	4958345
cuervo	4958344
gleiter	4958343
kartentricks	4958342
mmmm	4958341
pakistanische	4958340
vallejo	4958339
famiiie	4958338
kotzte	4958337
wohltatigkeitsorganisation	4958336
sweater	4958335
theron	4958334
zuschreiben	4958333
allo	4958332
stepptanz	4958331
cocchi	4958330
zersetzung	4958329
menni	4958328
miststucke	4958327
strasser	4958326
masseria	4958325
hinkam	4958324
magenverstimmung	4958323
baltars	4958322
sanduhr	4958321
legitimen	4958320
guang	4958319
buisson	4958318
zyankali	4958317
ubersinnlich	4958316
einser	4958315
unkontrolliert	4958314
verfeinert	4958313
hooters	4958312
privatklinik	4958311
kirsch	4958310
verantwortungsvolle	4958309
bammel	4958308
lemalian	4958307
valle	4958306
annalen	4958305
counselor	4958304
hausierer	4958303
einfachem	4958302
pennies	4958301
entlohnt	4958300
verfeinern	4958299
nachzustellen	4958298
hotte	4958297
hoheitsgebiet	4958296
nasenlocher	4958295
pullman	4958294
rhythmisch	4958293
lokalisiere	4958292
hedwig	4958291
allyson	4958290
knietief	4958289
zitierst	4958288
austauschbar	4958287
segelst	4958286
amo	4958285
lillebror	4958284
akuten	4958283
lehrstuhl	4958282
downs	4958281
zuruckgibt	4958280
bergsteigen	4958279
sonett	4958278
xiangyang	4958277
blitzschlag	4958276
kassim	4958275
faselt	4958274
hochspannung	4958273
verrucktheiten	4958272
agustina	4958271
wacklig	4958270
weltliche	4958269
reservisten	4958268
schlummertrunk	4958267
vertreterin	4958266
traditioneller	4958265
auber	4958264
sp	4958263
ausharren	4958262
maximalen	4958261
verlockung	4958260
meal	4958259
aufeinandertreffen	4958258
tigern	4958257
unterdrucktes	4958256
dienstleistung	4958255
golde	4958254
bedauernswerte	4958253
campo	4958252
strangulation	4958251
rotten	4958250
menschenmengen	4958249
endzone	4958248
riches	4958247
rallye	4958246
ankleiden	4958245
falschlich	4958244
serbische	4958243
pu	4958242
kohinoor	4958241
widerspenstig	4958240
uberlasten	4958239
damonenjagerin	4958238
fehlschlagt	4958237
geisterbahn	4958236
zweiundzwanzig	4958235
fuchsbau	4958234
traubensaft	4958233
sussstoff	4958232
voranzukommen	4958231
flashen	4958230
twa	4958229
katastrophalen	4958228
gegenseitiges	4958227
haushaltshilfe	4958226
nordostlich	4958225
axte	4958224
strumpfen	4958223
onda	4958222
lebkuchen	4958221
hel	4958220
glorreich	4958219
jimena	4958218
igen	4958217
heizer	4958216
ketamin	4958215
zusammenarbeite	4958214
gusteau	4958213
schuyler	4958212
anabelle	4958211
hanley	4958210
proleten	4958209
reinkriegen	4958208
anno	4958207
unschlussig	4958206
commodus	4958205
boarding	4958204
montieren	4958203
schlappe	4958202
ansichtssache	4958201
mccoys	4958200
pfuschen	4958199
heimzukommen	4958198
furchtlosen	4958197
nachspionieren	4958196
doofer	4958195
blaschen	4958194
cowboyhut	4958193
abzuwaschen	4958192
gladstone	4958191
tuchtigen	4958190
sopranos	4958189
vasser	4958188
commissario	4958187
terrors	4958186
zoes	4958185
happo	4958184
spielende	4958183
flints	4958182
lamas	4958181
vertraumt	4958180
bewahrungshelferin	4958179
umgesiedelt	4958178
heit	4958177
unbewaffnete	4958176
terpentin	4958175
uzi	4958174
macchiato	4958173
aufkommt	4958172
couture	4958171
hydranten	4958170
zugedreht	4958169
hilfloses	4958168
stadtrate	4958167
gequalte	4958166
beweismitteln	4958165
anhore	4958164
wellness	4958163
wohnungstur	4958162
beherrschten	4958161
sprint	4958160
haftbar	4958159
variete	4958158
uberwachten	4958157
ruberkommt	4958156
vergewaltigten	4958155
unertraglichen	4958154
negern	4958153
umworben	4958152
abnormal	4958151
belastendes	4958150
lizenzen	4958149
frivol	4958148
herumgetrieben	4958147
unehelichen	4958146
vermachen	4958145
incorporated	4958144
oy	4958143
abzuschrecken	4958142
mendax	4958141
ergebene	4958140
sanborn	4958139
sattigung	4958138
hochzujagen	4958137
satomi	4958136
liebreizende	4958135
kohlkopf	4958134
sturzbesoffen	4958133
kala	4958132
biegler	4958131
geblockt	4958130
showdown	4958129
ausflippt	4958128
fruchtsaft	4958127
tura	4958126
bundesrichter	4958125
hinkomme	4958124
begriffsstutzig	4958123
bewohnen	4958122
paares	4958121
sturzbetrunken	4958120
bodenstandig	4958119
herausgezogen	4958118
geologe	4958117
hirnlose	4958116
reinhardt	4958115
weltbank	4958114
mirror	4958113
schnuffle	4958112
unterfuhrung	4958111
dienstfrei	4958110
unterton	4958109
lehrbucher	4958108
schnapsidee	4958107
prosper	4958106
rainey	4958105
feuerprobe	4958104
administration	4958103
auslagen	4958102
uberliefert	4958101
firmenwagen	4958100
nachmittage	4958099
zakalwe	4958098
abschneide	4958097
phibes	4958096
trilogie	4958095
jihad	4958094
mascara	4958093
pants	4958092
traumatischen	4958091
thorson	4958090
bresche	4958089
spe	4958088
waagerecht	4958087
grayer	4958086
abnahm	4958085
tanners	4958084
loving	4958083
turschloss	4958082
tutti	4958081
lins	4958080
chadwick	4958079
junk	4958078
ehrlichste	4958077
tala	4958076
aufenthaltsgenehmigung	4958075
forderer	4958074
signaturen	4958073
zapata	4958072
badest	4958071
tintin	4958070
serpico	4958069
brings	4958068
fremdem	4958067
fauna	4958066
poste	4958065
skunk	4958064
furchterregende	4958063
bestimmtheit	4958062
aladin	4958061
vorzulegen	4958060
pumps	4958059
schmerzhaften	4958058
koldo	4958057
apfelbaum	4958056
krabbenburger	4958055
verschwenderisch	4958054
plackerei	4958053
nagetier	4958052
endergebnis	4958051
respektabel	4958050
belastungen	4958049
baggy	4958048
abgeflogen	4958047
langeres	4958046
schreienden	4958045
dang	4958044
rostige	4958043
kreuzkamm	4958042
picknicks	4958041
schieber	4958040
sanna	4958039
wechseljahre	4958038
rausgerannt	4958037
hufgetrappel	4958036
unbeweglich	4958035
siren	4958034
afghanischen	4958033
wainwright	4958032
hollister	4958031
marky	4958030
uneingeladen	4958029
beinchen	4958028
vordrangeln	4958027
spottet	4958026
potsdam	4958025
geistergeschichten	4958024
morgendliche	4958023
vadim	4958022
verschwitzten	4958021
traudl	4958020
facharzt	4958019
verkehrs	4958018
keisha	4958017
gaunt	4958016
tipptopp	4958015
verkriecht	4958014
vogle	4958013
benzinkanister	4958012
anagramm	4958011
uppigen	4958010
pasquale	4958009
geschehn	4958008
ulmer	4958007
vernichteten	4958006
handfeuerwaffen	4958005
hubschraubern	4958004
marly	4958003
hodensack	4958002
symmetrisch	4958001
explizit	4958000
abgefuckte	4957999
dampfungsfeld	4957998
skyline	4957997
tish	4957996
schweigeminute	4957995
zuruckgibst	4957994
beekman	4957993
ausgewachsenen	4957992
karthago	4957991
verschulden	4957990
ertrinkst	4957989
lanes	4957988
marktes	4957987
metin	4957986
bricks	4957985
butterfield	4957984
freiberuflich	4957983
thors	4957982
praktisches	4957981
schwerfallt	4957980
aufkriegen	4957979
caymans	4957978
triumphe	4957977
ausgedehnt	4957976
faulkner	4957975
ruckzuck	4957974
tanzpartner	4957973
wave	4957972
thermoskanne	4957971
whyte	4957970
zina	4957969
hochzeitsmarsch	4957968
joschka	4957967
animalische	4957966
silk	4957965
watergate	4957964
umruhren	4957963
arrondissement	4957962
ausflippst	4957961
fbis	4957960
chemical	4957959
schokoladen	4957958
rebellisch	4957957
diensthabende	4957956
durchzumachen	4957955
markten	4957954
verfeindet	4957953
lowenstein	4957952
yagyu	4957951
pruften	4957950
sloans	4957949
ruanda	4957948
intro	4957947
suliban	4957946
kalibrieren	4957945
obelisken	4957944
buddhisten	4957943
angeschwemmt	4957942
nervoses	4957941
misstraue	4957940
verspottest	4957939
milla	4957938
kugelfisch	4957937
cybil	4957936
geruckt	4957935
gehorchte	4957934
kens	4957933
ergreifst	4957932
temperance	4957931
befruchtet	4957930
schrittmacher	4957929
jugendfreund	4957928
dienstschluss	4957927
pokale	4957926
lolli	4957925
bodenlose	4957924
hinzufahren	4957923
zugestanden	4957922
jacek	4957921
happening	4957920
observierung	4957919
putzfrauen	4957918
gehutet	4957917
gaspar	4957916
mals	4957915
autobiografie	4957914
solarium	4957913
werkzeugen	4957912
erfassung	4957911
mittelschicht	4957910
warfst	4957909
einstufen	4957908
umgab	4957907
fahrscheine	4957906
vermint	4957905
torkeln	4957904
bucks	4957903
abgestritten	4957902
transceiver	4957901
lothringen	4957900
pow	4957899
flynns	4957898
doubtfire	4957897
torrez	4957896
angreifst	4957895
botanik	4957894
vampirismus	4957893
dekadenz	4957892
abgewartet	4957891
erschrak	4957890
geentert	4957889
summchen	4957888
vaterliche	4957887
leckie	4957886
reanimation	4957885
rauferei	4957884
verweigerung	4957883
familiensache	4957882
roque	4957881
forschungszentrum	4957880
delancey	4957879
konstitution	4957878
blackwater	4957877
entzundete	4957876
henkersmahlzeit	4957875
wegfahrt	4957874
tomahawk	4957873
waltraud	4957872
sticken	4957871
vorstands	4957870
owari	4957869
meinhardis	4957868
aufweist	4957867
droben	4957866
hauptlings	4957865
zutage	4957864
widerstandsbewegung	4957863
verneigt	4957862
verneint	4957861
quiero	4957860
besprechungsraum	4957859
purdy	4957858
richelieu	4957857
peitscht	4957856
bullauge	4957855
blumenmadchen	4957854
gerauschvoll	4957853
schockwelle	4957852
erickson	4957851
auflisten	4957850
goldschatz	4957849
schnarche	4957848
persische	4957847
auswartigen	4957846
weitergegangen	4957845
queer	4957844
luftfahrt	4957843
jammerliches	4957842
anbinden	4957841
gekritzel	4957840
schrubbe	4957839
knife	4957838
schmerzenslaut	4957837
storend	4957836
gegrilltes	4957835
seppuku	4957834
erfreuliches	4957833
glaubwurdiger	4957832
spoelman	4957831
fernsehens	4957830
verneige	4957829
kooperierst	4957828
wachten	4957827
zaubert	4957826
auflockern	4957825
durchschnitten	4957824
kaufern	4957823
heizkorper	4957822
fortbestehen	4957821
durchzusehen	4957820
uberdecken	4957819
warriner	4957818
tauschungen	4957817
wiedererkennt	4957816
alexi	4957815
leibarzt	4957814
homes	4957813
notstrom	4957812
begrundete	4957811
geklagt	4957810
chainsaw	4957809
corrasco	4957808
backstein	4957807
kriegsverletzung	4957806
flecke	4957805
skaten	4957804
warnten	4957803
hauslehrer	4957802
mixt	4957801
weltberuhmten	4957800
knerten	4957799
vorletzten	4957798
intimes	4957797
prasentierteller	4957796
beharrt	4957795
feldflasche	4957794
sideshow	4957793
leibhaftige	4957792
hauptfeldwebel	4957791
plantagen	4957790
breakers	4957789
kafern	4957788
gitte	4957787
ziegelsteine	4957786
schwacheanfall	4957785
brauchbaren	4957784
kerne	4957783
math	4957782
dhs	4957781
kitts	4957780
wagten	4957779
pignon	4957778
collar	4957777
greenwood	4957776
promille	4957775
tiefgang	4957774
enteignet	4957773
gefalschter	4957772
zehe	4957771
rer	4957770
einmische	4957769
psychotherapie	4957768
cumberland	4957767
leichteren	4957766
rushmore	4957765
walid	4957764
unbefleckten	4957763
creative	4957762
totens	4957761
eisenbahner	4957760
mimen	4957759
ubermannt	4957758
entzuckender	4957757
tianci	4957756
bataillons	4957755
uberstehst	4957754
abzuweisen	4957753
fliegerei	4957752
huck	4957751
lebhaften	4957750
loved	4957749
uberlagert	4957748
reinsehen	4957747
physisches	4957746
standhalt	4957745
rollschuhe	4957744
mordserie	4957743
schmerzliche	4957742
spieltest	4957741
mehdi	4957740
gegenuberliegenden	4957739
schuldigung	4957738
rangeht	4957737
geklammert	4957736
wants	4957735
freundschaftlichen	4957734
langengrad	4957733
strampeln	4957732
gangsterboss	4957731
pfennige	4957730
eigennutz	4957729
friedhelm	4957728
dreifaltigkeit	4957727
angestrengte	4957726
jb	4957725
persson	4957724
auslauft	4957723
multimillionar	4957722
hoi	4957721
lachel	4957720
drankommen	4957719
hinge	4957718
jalta	4957717
handabdruck	4957716
dichters	4957715
eingepragt	4957714
abahachi	4957713
gert	4957712
gestrupp	4957711
charmantes	4957710
scharlach	4957709
funkelnden	4957708
lebhafter	4957707
derry	4957706
feuchtes	4957705
looping	4957704
galba	4957703
informativ	4957702
zugangskarte	4957701
abnimmst	4957700
everly	4957699
fahrlehrer	4957698
insassin	4957697
addiert	4957696
vorweg	4957695
umlege	4957694
thessaloniki	4957693
gesponnen	4957692
kompressor	4957691
feelin	4957690
entchen	4957689
zusammennehmen	4957688
caddie	4957687
ersehnte	4957686
lobbyisten	4957685
mohamed	4957684
wegnimmst	4957683
fertigte	4957682
grasen	4957681
kracklite	4957680
miep	4957679
einzuschliessen	4957678
zundest	4957677
honor	4957676
astronom	4957675
zweitklassigen	4957674
aufgekommen	4957673
schwindsucht	4957672
schauspielunterricht	4957671
samantharichter	4957670
weltraumstation	4957669
bancroft	4957668
kleiderbugel	4957667
laughing	4957666
leprechaun	4957665
goldesel	4957664
raushole	4957663
peppy	4957662
raussuchen	4957661
talan	4957660
rituals	4957659
schulklingel	4957658
harmonika	4957657
retsudo	4957656
mentalist	4957655
handa	4957654
klassifiziert	4957653
bewegliche	4957652
tauchgang	4957651
beba	4957650
narzissen	4957649
geiselnehmer	4957648
delegierte	4957647
kitzelig	4957646
elk	4957645
organspender	4957644
frampton	4957643
lauri	4957642
storniert	4957641
hypochonder	4957640
kammerzofe	4957639
sussem	4957638
funksignal	4957637
brainstorming	4957636
erschiessung	4957635
europaischer	4957634
wohlan	4957633
borsengang	4957632
macaulay	4957631
anti	4957630
fachern	4957629
gemeinwohl	4957628
doktorin	4957627
hineingegangen	4957626
fehlendes	4957625
schaurig	4957624
raubst	4957623
kaffees	4957622
sachiko	4957621
kazuo	4957620
enrica	4957619
zivilisierter	4957618
aniki	4957617
haze	4957616
streisand	4957615
gliedern	4957614
autumn	4957613
wegholen	4957612
gelegentliche	4957611
plo	4957610
informationsquelle	4957609
fototermin	4957608
einreisen	4957607
abzurechnen	4957606
wiedergabe	4957605
farbton	4957604
daly	4957603
schallwellen	4957602
irgendeins	4957601
staatsmann	4957600
abschatzen	4957599
horns	4957598
durcheinandergebracht	4957597
boardwalk	4957596
fuhrerin	4957595
begrab	4957594
frittierte	4957593
methylamin	4957592
alkmene	4957591
missliche	4957590
fritze	4957589
beschutz	4957588
buxton	4957587
unsichere	4957586
unbewusste	4957585
stebbi	4957584
buschel	4957583
strongman	4957582
gehirnaktivitat	4957581
bache	4957580
zusetzen	4957579
augenblicks	4957578
suhnen	4957577
mud	4957576
nachvollziehbar	4957575
freigelegt	4957574
glucksrad	4957573
picknicken	4957572
doofes	4957571
sheffield	4957570
gaspard	4957569
seesack	4957568
tanzstunden	4957567
schlanken	4957566
heuern	4957565
din	4957564
inhaliert	4957563
narzissmus	4957562
brentwood	4957561
missetaten	4957560
clock	4957559
vorzeichen	4957558
nanotechnologie	4957557
miyabe	4957556
satire	4957555
richtigstellen	4957554
sho	4957553
geplankel	4957552
schulausflug	4957551
rieb	4957550
kirchner	4957549
linderung	4957548
kriegsherr	4957547
laude	4957546
wundermittel	4957545
hierbleibe	4957544
milchpulver	4957543
barrie	4957542
mutierten	4957541
erwahlte	4957540
kerben	4957539
organisator	4957538
illustrierte	4957537
lebenslinie	4957536
arbeitserlaubnis	4957535
hoelle	4957534
haskell	4957533
beschieden	4957532
hotzenplotz	4957531
ereignen	4957530
torichter	4957529
strukturiert	4957528
leichenstarre	4957527
forsythe	4957526
epileptiker	4957525
beantwortete	4957524
hayworth	4957523
zugemauert	4957522
fehlerhaften	4957521
hl	4957520
geologie	4957519
gerty	4957518
sadistische	4957517
subtiler	4957516
cards	4957515
verdreschen	4957514
ausreisen	4957513
dreyfuss	4957512
beliebtes	4957511
mullschlucker	4957510
ignoranten	4957509
wine	4957508
telefonierten	4957507
philibert	4957506
nachgucken	4957505
loswirst	4957504
sicherheitsoffizier	4957503
erdrucken	4957502
thurman	4957501
oktavian	4957500
hie	4957499
verkompliziert	4957498
panthers	4957497
stiefbruder	4957496
futurama	4957495
belmont	4957494
krankenbett	4957493
unbestreitbar	4957492
melba	4957491
chapel	4957490
macleod	4957489
lagos	4957488
uberhauft	4957487
aufbricht	4957486
entwirren	4957485
schwerelos	4957484
rahim	4957483
beschaff	4957482
trallert	4957481
ene	4957480
stromte	4957479
enkelkindern	4957478
darko	4957477
griesgramig	4957476
gestellten	4957475
fotokopien	4957474
shigeki	4957473
wurfe	4957472
angehauft	4957471
roher	4957470
befreist	4957469
hausverwalter	4957468
genieren	4957467
nockerln	4957466
masterson	4957465
fever	4957464
verfilmt	4957463
morland	4957462
broome	4957461
beiboot	4957460
nirwana	4957459
mutmassungen	4957458
iraker	4957457
nuklear	4957456
chianti	4957455
kant	4957454
zielscheiben	4957453
fotografisches	4957452
gespenstisch	4957451
type	4957450
boucher	4957449
versicherungsbetrug	4957448
heads	4957447
bluetooth	4957446
vorzuspielen	4957445
mohan	4957444
outside	4957443
gereift	4957442
toros	4957441
achillesferse	4957440
schnurbart	4957439
authentische	4957438
rucksichtsloser	4957437
langfristigen	4957436
qohen	4957435
tapeten	4957434
gegebenheiten	4957433
polizeidienst	4957432
zuruckbekomme	4957431
cagney	4957430
zerteilt	4957429
geishas	4957428
uneingeschrankte	4957427
komtess	4957426
muslimischen	4957425
bekleidung	4957424
bevolkern	4957423
schwindelgefuhl	4957422
nid	4957421
schlaflos	4957420
freitagnacht	4957419
valjean	4957418
flexibilitat	4957417
aimee	4957416
uneheliche	4957415
zwinker	4957414
ankurbeln	4957413
tupfen	4957412
grogan	4957411
volkszahlung	4957410
rettungssanitater	4957409
akustik	4957408
lateiner	4957407
unwohlsein	4957406
payton	4957405
fotogen	4957404
tins	4957403
mailer	4957402
doppler	4957401
herumfliegen	4957400
aufgespart	4957399
ng	4957398
scampolo	4957397
folgendem	4957396
bezaubern	4957395
herausragend	4957394
heiligem	4957393
gelistet	4957392
mijo	4957391
sombrero	4957390
aufhebt	4957389
einhaltung	4957388
mech	4957387
quetschungen	4957386
stegman	4957385
zufuhren	4957384
barenhunger	4957383
florin	4957382
vorprogrammiert	4957381
gluckspilze	4957380
centipede	4957379
reina	4957378
soir	4957377
vereinbare	4957376
bezirksgericht	4957375
erkenntnissen	4957374
sabber	4957373
schlafzimmerfenster	4957372
volksmusik	4957371
karan	4957370
wohltatigen	4957369
gehenlassen	4957368
recyceln	4957367
czaka	4957366
buckligen	4957365
zuruckzukriegen	4957364
fortschicken	4957363
schimmert	4957362
posttraumatische	4957361
dressiert	4957360
vii	4957359
turgriff	4957358
flaemm	4957357
wildfremden	4957356
manage	4957355
horchen	4957354
aufstellt	4957353
tims	4957352
frischluft	4957351
zugeknallt	4957350
schnelleren	4957349
vorsorge	4957348
landgang	4957347
rothwell	4957346
zunahen	4957345
yanni	4957344
definite	4957343
serienmorders	4957342
hideki	4957341
ausraubt	4957340
kripke	4957339
anwaltskammer	4957338
einzuschranken	4957337
rohling	4957336
ausgewandert	4957335
senpai	4957334
antillen	4957333
abtransportiert	4957332
unverkennbar	4957331
dun	4957330
popstar	4957329
klavierspielen	4957328
dagur	4957327
ooiiins	4957326
kartells	4957325
mig	4957324
schlafwandler	4957323
niedertrachtigen	4957322
fiktive	4957321
sedativum	4957320
besingen	4957319
handyempfang	4957318
beendigung	4957317
rotznasen	4957316
verdi	4957315
hingeschmissen	4957314
knorpel	4957313
veroffentlichten	4957312
statistische	4957311
mitwirkung	4957310
gehange	4957309
inland	4957308
hanoi	4957307
drogensuchtigen	4957306
malm	4957305
cohens	4957304
wasserleitung	4957303
herrmann	4957302
schamlippen	4957301
nachzugler	4957300
reederei	4957299
tar	4957298
energy	4957297
wandelnder	4957296
sas	4957295
erschutterte	4957294
barkley	4957293
konigsmund	4957292
trostlosen	4957291
maisbrot	4957290
isla	4957289
sicherheitsverstoss	4957288
fungiert	4957287
firewalls	4957286
aufhetzen	4957285
benning	4957284
kurzfilm	4957283
lebensstandard	4957282
tiki	4957281
nocheinmal	4957280
auspusten	4957279
naumann	4957278
pakistani	4957277
ruhme	4957276
blaubart	4957275
bronchitis	4957274
umwerben	4957273
aquivalent	4957272
erderwarmung	4957271
geigerzahler	4957270
terroristischer	4957269
morast	4957268
kumpanen	4957267
gegnerin	4957266
tyrannisiert	4957265
sade	4957264
vitalitat	4957263
hauptes	4957262
erddrachen	4957261
secnav	4957260
ergibst	4957259
zins	4957258
fuur	4957257
grahams	4957256
kublai	4957255
kennish	4957254
kopernikus	4957253
versagens	4957252
purpur	4957251
aufgebrachte	4957250
angeheitert	4957249
unbekanntem	4957248
mink	4957247
monicas	4957246
makellose	4957245
sachlage	4957244
pressefreiheit	4957243
stapelt	4957242
vertrauliches	4957241
gartnern	4957240
hinoto	4957239
leticia	4957238
bec	4957237
minerva	4957236
hauptschirm	4957235
tanzsaal	4957234
spioniere	4957233
farmhaus	4957232
photonen	4957231
bedrohlicher	4957230
widersprochen	4957229
shinsuke	4957228
polizistenmorder	4957227
michelles	4957226
angepackt	4957225
erlasse	4957224
muslimische	4957223
geburtshelfer	4957222
krokodilen	4957221
gulag	4957220
gillespie	4957219
wallenstein	4957218
gottloser	4957217
verhutungsmittel	4957216
kumbaya	4957215
strychnin	4957214
sturen	4957213
aprikosen	4957212
verburgen	4957211
anzuwerben	4957210
zuzumachen	4957209
drossel	4957208
verlustes	4957207
stockwerken	4957206
hanzo	4957205
einvernehmen	4957204
vorraus	4957203
ungeheuren	4957202
dijon	4957201
bazillus	4957200
ungenugend	4957199
saleh	4957198
rafi	4957197
galerien	4957196
gerrit	4957195
beruflicher	4957194
zacharias	4957193
wannop	4957192
heffley	4957191
darstellern	4957190
klavierstunden	4957189
unschatzbar	4957188
mietfrei	4957187
prem	4957186
myspace	4957185
mookie	4957184
mater	4957183
sondra	4957182
impfstoffe	4957181
midge	4957180
pork	4957179
ablief	4957178
verschnaufpause	4957177
ocp	4957176
nachhaltigkeit	4957175
wynn	4957174
crepes	4957173
leibgarde	4957172
elisabeths	4957171
uberrollen	4957170
flitzer	4957169
abhilfe	4957168
reduziere	4957167
hollenius	4957166
unterbewusst	4957165
paw	4957164
nagelneue	4957163
demolieren	4957162
kimmel	4957161
ressource	4957160
periskop	4957159
welken	4957158
geldscheine	4957157
umdrehst	4957156
protonen	4957155
anheuerte	4957154
rumliegt	4957153
pfahle	4957152
gemixt	4957151
achtmal	4957150
raucherstabchen	4957149
blogs	4957148
vanni	4957147
anpassungen	4957146
nachzuahmen	4957145
boykott	4957144
erkundigungen	4957143
padophil	4957142
past	4957141
brugge	4957140
spatschicht	4957139
hobbies	4957138
bluts	4957137
biologisches	4957136
einmarsch	4957135
tonio	4957134
rauchern	4957133
ibuprofen	4957132
kazumi	4957131
ork	4957130
nautilus	4957129
filz	4957128
weggerissen	4957127
uberflussigen	4957126
gourmet	4957125
nobles	4957124
kleidchen	4957123
tabitha	4957122
bowler	4957121
errate	4957120
pythagoras	4957119
arianna	4957118
bradburn	4957117
fischfabrik	4957116
diakon	4957115
schlafwagen	4957114
gilligan	4957113
familienangehorigen	4957112
tyrannisieren	4957111
background	4957110
wunschliste	4957109
edelmanner	4957108
zorniger	4957107
fortgeschrittener	4957106
remi	4957105
sharks	4957104
beklagten	4957103
erblindet	4957102
beschlagnahmung	4957101
prissy	4957100
lutsche	4957099
unlangst	4957098
verschuttete	4957097
gestreiften	4957096
ubertonen	4957095
prinzesschen	4957094
nissen	4957093
jena	4957092
menschenmassen	4957091
pilgern	4957090
mickrige	4957089
scharft	4957088
klaglich	4957087
petrowitsch	4957086
tatet	4957085
unklaren	4957084
konner	4957083
privilegierten	4957082
loslasse	4957081
weltbild	4957080
offensiv	4957079
feed	4957078
cohle	4957077
roussel	4957076
digitales	4957075
mundlichen	4957074
schulerzeitung	4957073
gesamtheit	4957072
ciello	4957071
onnen	4957070
warrior	4957069
ehrenwert	4957068
gitarrenkoffer	4957067
schreibblockade	4957066
yama	4957065
morbius	4957064
aufwendig	4957063
testfahrt	4957062
nachahmung	4957061
primitives	4957060
trivial	4957059
hirnloser	4957058
snickers	4957057
susies	4957056
lay	4957055
kollaborateur	4957054
techtelmechtel	4957053
durchblutung	4957052
huong	4957051
prospect	4957050
zurechtfinden	4957049
zorin	4957048
northumberland	4957047
nachfuhlen	4957046
argyle	4957045
winkle	4957044
avlynn	4957043
ori	4957042
lauteten	4957041
glassplitter	4957040
storten	4957039
radioaktives	4957038
spassige	4957037
darian	4957036
marybeth	4957035
eicheln	4957034
klargestellt	4957033
totoro	4957032
augentropfen	4957031
wichst	4957030
meinesgleichen	4957029
christians	4957028
unwissenden	4957027
wolfchen	4957026
firmament	4957025
ippolit	4957024
ausgestossene	4957023
auspackt	4957022
energiestoss	4957021
weggejagt	4957020
stonehaven	4957019
faszinierte	4957018
kanaille	4957017
carrion	4957016
farbung	4957015
meisterdieb	4957014
botengange	4957013
zugedruckt	4957012
bourgeoisie	4957011
jari	4957010
berechnend	4957009
lucita	4957008
nationalmannschaft	4957007
kritisierst	4957006
anshel	4957005
kneipenschlagerei	4957004
abgefuckten	4957003
nanjing	4957002
kopiere	4957001
gleichwertig	4957000
wunderlich	4956999
aufzufinden	4956998
gottlichkeit	4956997
feiglingen	4956996
rezitieren	4956995
derlei	4956994
trauerst	4956993
taue	4956992
brodeln	4956991
pummelig	4956990
regelmassiger	4956989
basel	4956988
boomt	4956987
zitierte	4956986
intrepid	4956985
elmont	4956984
taubenschlag	4956983
erretten	4956982
schwanzchen	4956981
kindskopf	4956980
mitzahlen	4956979
adamsapfel	4956978
bohrte	4956977
stile	4956976
kalibers	4956975
rule	4956974
durchdrang	4956973
schumacher	4956972
khal	4956971
geheimrezept	4956970
blackburn	4956969
provo	4956968
wohltuend	4956967
francaise	4956966
verkrampfen	4956965
juniors	4956964
jesper	4956963
herunterladen	4956962
rulpser	4956961
zongbao	4956960
efendi	4956959
rauswirft	4956958
verstiess	4956957
reiskuchen	4956956
knutscht	4956955
voulez	4956954
tumors	4956953
skinheads	4956952
verrieten	4956951
heureka	4956950
arbeitskollege	4956949
ungehorig	4956948
kriegszustand	4956947
rumsitzt	4956946
versammelte	4956945
wahlern	4956944
gondeln	4956943
bluhenden	4956942
vanessas	4956941
sikes	4956940
sith	4956939
weihnachtslied	4956938
pickering	4956937
aufzog	4956936
guddi	4956935
bezeichnest	4956934
dingaan	4956933
mikros	4956932
brutkasten	4956931
salina	4956930
rottweiler	4956929
jungeres	4956928
elends	4956927
paracelsus	4956926
zuzubereiten	4956925
befruchten	4956924
verbessere	4956923
skrupellosen	4956922
unbedeutendes	4956921
tesserakt	4956920
intimer	4956919
anrede	4956918
neunmal	4956917
brodys	4956916
ewigem	4956915
durchhaltevermogen	4956914
indisponiert	4956913
lodz	4956912
titelsong	4956911
susu	4956910
shankar	4956909
barometer	4956908
reaktoren	4956907
dilg	4956906
sparkler	4956905
zerfrisst	4956904
constantino	4956903
zuckungen	4956902
rojas	4956901
shayla	4956900
estland	4956899
munchhausen	4956898
zuruckkamst	4956897
stubenmadchen	4956896
investigation	4956895
schlafzimmern	4956894
deathstroke	4956893
emmerich	4956892
avignon	4956891
destabilisiert	4956890
graceland	4956889
uvm	4956888
koexistenz	4956887
butterbrot	4956886
mojitos	4956885
vite	4956884
ippolita	4956883
gull	4956882
wormold	4956881
erist	4956880
befehls	4956879
aldridge	4956878
serbischen	4956877
geweihten	4956876
coraline	4956875
uberschattet	4956874
kirschkuchen	4956873
sagenhafte	4956872
sicherheitsberater	4956871
zentrales	4956870
zuruckdenken	4956869
campion	4956868
luftballon	4956867
bruckner	4956866
fiffi	4956865
marthas	4956864
koichi	4956863
riesensache	4956862
wratten	4956861
essensreste	4956860
egoisten	4956859
oberpriester	4956858
elternteile	4956857
russki	4956856
reingewaschen	4956855
americans	4956854
geringerer	4956853
nurdlinger	4956852
morsch	4956851
ubersiehst	4956850
vorzuenthalten	4956849
ermutigung	4956848
abzahlen	4956847
heucheln	4956846
alufolie	4956845
rauszuziehen	4956844
zusammenzufugen	4956843
greco	4956842
transporterstrahl	4956841
haggis	4956840
gewiesen	4956839
umzuwandeln	4956838
gefilde	4956837
geschichtsbucher	4956836
lagertha	4956835
einkreisen	4956834
hen	4956833
clips	4956832
drohnung	4956831
eingewohnen	4956830
geheimcode	4956829
schmerzte	4956828
ft	4956827
maloney	4956826
tanzabend	4956825
toffee	4956824
scheisstyp	4956823
umlegst	4956822
ayutthaya	4956821
zitterten	4956820
konfoderation	4956819
rausstellen	4956818
wasserbett	4956817
sklaventreiber	4956816
eiseiche	4956815
schmolz	4956814
zauberformel	4956813
boing	4956812
hooks	4956811
skyes	4956810
schmeichelst	4956809
stiehl	4956808
verspatete	4956807
schwang	4956806
picken	4956805
verteidigungssystem	4956804
chest	4956803
zusammengefugt	4956802
bitterer	4956801
cruces	4956800
yardley	4956799
heldenhafter	4956798
titelmelodie	4956797
dahinterstecken	4956796
beauregard	4956795
jacko	4956794
herzkammer	4956793
shoot	4956792
entdeckst	4956791
hollenqualen	4956790
draufhauen	4956789
traditionelles	4956788
hyoei	4956787
chazz	4956786
kanzlerin	4956785
erbricht	4956784
tse	4956783
mosfilm	4956782
zuck	4956781
garrity	4956780
rausspazieren	4956779
robot	4956778
gipfeltreffen	4956777
operativ	4956776
immense	4956775
reims	4956774
leistungsfahigkeit	4956773
fitnesscenter	4956772
rollin	4956771
mclovin	4956770
gm	4956769
fixierung	4956768
donk	4956767
amtliche	4956766
gesprachsfetzen	4956765
strain	4956764
leighton	4956763
hirni	4956762
kavaliere	4956761
schulleitung	4956760
messerstiche	4956759
sauferin	4956758
bekraftigen	4956757
inderin	4956756
ostrogen	4956755
messina	4956754
naa	4956753
verarbeite	4956752
stromquelle	4956751
walen	4956750
schuchterner	4956749
hinwollte	4956748
coffy	4956747
fordernd	4956746
driften	4956745
fosters	4956744
abnormale	4956743
rubens	4956742
linguini	4956741
vorbereiteten	4956740
wallowski	4956739
berglowen	4956738
hon	4956737
vielfrass	4956736
einzufordern	4956735
says	4956734
vp	4956733
zweisamkeit	4956732
schlagkraft	4956731
sefton	4956730
wongs	4956729
ausgestanden	4956728
wohngegend	4956727
riders	4956726
sicherheitskontrolle	4956725
saltzman	4956724
opfergaben	4956723
produktionsfirma	4956722
glitt	4956721
emanzipation	4956720
erdball	4956719
telly	4956718
jahrelangen	4956717
blutrot	4956716
tatowierte	4956715
wahnsinniges	4956714
joseon	4956713
streichst	4956712
konkubinen	4956711
lasalle	4956710
assistentinnen	4956709
helenas	4956708
sinnlichkeit	4956707
darstellerin	4956706
hilflosigkeit	4956705
todfeind	4956704
jerzy	4956703
kommandoposten	4956702
sudostlich	4956701
geschildert	4956700
obdachlosenheim	4956699
beobachtungsgabe	4956698
rumschubsen	4956697
stolperst	4956696
flussigem	4956695
dekollete	4956694
sinkende	4956693
datest	4956692
tagelohner	4956691
wiederauferstehen	4956690
mando	4956689
prop	4956688
reds	4956687
griffins	4956686
windet	4956685
uberdauert	4956684
zufalliger	4956683
orlov	4956682
rack	4956681
anregung	4956680
schaumt	4956679
coffey	4956678
umschreibung	4956677
beats	4956676
taschenuhr	4956675
lidia	4956674
heuert	4956673
blasi	4956672
alchemie	4956671
schabiges	4956670
abschlussarbeit	4956669
schwanensee	4956668
ostwarts	4956667
trojas	4956666
imposant	4956665
unerlaubten	4956664
geldsack	4956663
einschnitte	4956662
mannheim	4956661
bombenattentat	4956660
yeager	4956659
nutzbar	4956658
klaustrophobisch	4956657
erkennbaren	4956656
goldfarb	4956655
landarbeiter	4956654
desserts	4956653
erwecke	4956652
ausloscht	4956651
schachte	4956650
knipsen	4956649
brutstatte	4956648
suggestion	4956647
kindermorder	4956646
ausreichender	4956645
verwanzen	4956644
belohne	4956643
bain	4956642
unechten	4956641
nden	4956640
aussperren	4956639
minds	4956638
hervorheben	4956637
geblitzt	4956636
umfassenden	4956635
musgrave	4956634
absegnen	4956633
nacktem	4956632
pips	4956631
katalogisieren	4956630
hergegeben	4956629
maikel	4956628
videospielen	4956627
heruntergefallen	4956626
cassiopeia	4956625
vergewaltige	4956624
sitzplatze	4956623
scheinwerfern	4956622
spielberg	4956621
boykottieren	4956620
provozier	4956619
dauerten	4956618
eldritch	4956617
harleen	4956616
tyreese	4956615
brom	4956614
glibber	4956613
kognitiven	4956612
spreizt	4956611
jip	4956610
furstliche	4956609
lehrstunde	4956608
gutartig	4956607
grimaldi	4956606
benzintank	4956605
hobie	4956604
streifenhornchen	4956603
mannys	4956602
dder	4956601
nostradamus	4956600
insektenspray	4956599
stund	4956598
befremdlich	4956597
vierauge	4956596
einschaltet	4956595
forscherin	4956594
suis	4956593
auszuraumen	4956592
verbundene	4956591
adm	4956590
niederer	4956589
reingehauen	4956588
hauptperson	4956587
fuhret	4956586
guess	4956585
reiseplan	4956584
elektromagnetischer	4956583
tej	4956582
presslufthammer	4956581
muntere	4956580
untergebene	4956579
massengrab	4956578
piratenschiff	4956577
nite	4956576
untrennbar	4956575
fesch	4956574
schlupfte	4956573
mitgedacht	4956572
fanclub	4956571
zudrehen	4956570
rasputia	4956569
auskennst	4956568
wirrwarr	4956567
grundern	4956566
gestapelt	4956565
jutta	4956564
novick	4956563
relevante	4956562
umfallt	4956561
errichtete	4956560
schonungslos	4956559
stachen	4956558
candide	4956557
bufett	4956556
afghanen	4956555
ove	4956554
paarweise	4956553
weess	4956552
zwanzigern	4956551
konstruktiv	4956550
bermuda	4956549
nummeriert	4956548
kaffeetrinken	4956547
assimilation	4956546
poltert	4956545
selbstzerstorungssequenz	4956544
portmonee	4956543
wirren	4956542
canton	4956541
geschmacks	4956540
symbiose	4956539
fursorgliche	4956538
blutrunstigen	4956537
aviva	4956536
saburo	4956535
verabredest	4956534
korperfunktionen	4956533
chuy	4956532
schimpfe	4956531
fremdsprachen	4956530
blart	4956529
paisley	4956528
zufriedenstellen	4956527
sarina	4956526
vererben	4956525
geschworenengericht	4956524
lockdown	4956523
nagoya	4956522
mayan	4956521
istjemand	4956520
sesam	4956519
julians	4956518
prachtvollen	4956517
bundeskanzler	4956516
gespenstern	4956515
bockig	4956514
vorbildliche	4956513
oenomaus	4956512
strategischer	4956511
vorwahlen	4956510
hikmet	4956509
gesammelten	4956508
begutachtet	4956507
idiotisches	4956506
flacher	4956505
dreiundzwanzig	4956504
statische	4956503
schippe	4956502
abdomen	4956501
vierfache	4956500
pom	4956499
chronicles	4956498
spielzeugladen	4956497
ingenieurin	4956496
doro	4956495
afroamerikaner	4956494
vorwort	4956493
rank	4956492
machthaber	4956491
zuruckbekommst	4956490
ausscheiden	4956489
monitoren	4956488
seismische	4956487
stotternd	4956486
bespritzt	4956485
uberwachungsmaterial	4956484
schleimiger	4956483
plemplem	4956482
aszendenten	4956481
lego	4956480
beep	4956479
hours	4956478
rauskriege	4956477
tha	4956476
beigesetzt	4956475
mikroskopisch	4956474
harcourt	4956473
verlangens	4956472
durchlauf	4956471
tortuga	4956470
arnab	4956469
botaniker	4956468
loxley	4956467
ausgebrutet	4956466
rausbringt	4956465
surf	4956464
atomraketen	4956463
trooper	4956462
davongerannt	4956461
bauerntolpel	4956460
aggie	4956459
okkulten	4956458
angeborenen	4956457
protokolliert	4956456
funktionsstorung	4956455
unmittelbaren	4956454
sprode	4956453
frachters	4956452
saftsack	4956451
jedwede	4956450
anzusetzen	4956449
gewordene	4956448
verrutscht	4956447
grisham	4956446
bamm	4956445
skins	4956444
onkologie	4956443
ausgekugelt	4956442
abgeklart	4956441
dah	4956440
unger	4956439
serenade	4956438
broadsky	4956437
nordische	4956436
regentin	4956435
herumgekommen	4956434
herberts	4956433
seel	4956432
vorgibst	4956431
kennicutt	4956430
voin	4956429
staubsaugen	4956428
kiras	4956427
taras	4956426
walzt	4956425
boswell	4956424
juma	4956423
vertikal	4956422
objekts	4956421
terminen	4956420
dekadent	4956419
schleimbeutel	4956418
energieverlust	4956417
stranden	4956416
promoviert	4956415
parkschein	4956414
rauswurf	4956413
beschonigen	4956412
wolfes	4956411
gefallener	4956410
wurgte	4956409
moments	4956408
spooner	4956407
lp	4956406
beete	4956405
vorzubeugen	4956404
herumspielen	4956403
funktionierten	4956402
elften	4956401
angedreht	4956400
beers	4956399
candyman	4956398
kampfgeschrei	4956397
opferten	4956396
meiners	4956395
toot	4956394
fingerspitzengefuhl	4956393
lhretwegen	4956392
starlin	4956391
nervensagen	4956390
kicks	4956389
elektrizitatswerk	4956388
grossbritanniens	4956387
kissinger	4956386
zentner	4956385
heparin	4956384
teebeutel	4956383
vaughan	4956382
uneingeschrankt	4956381
kacka	4956380
abenteuerlich	4956379
tauschhandel	4956378
hinfallt	4956377
schaufelt	4956376
uberwinde	4956375
unwiderstehliche	4956374
indigo	4956373
vivat	4956372
turbinen	4956371
thousand	4956370
verwohne	4956369
scharpe	4956368
schmachten	4956367
alaykum	4956366
tomatensosse	4956365
abo	4956364
unbefleckt	4956363
springsteen	4956362
stink	4956361
helmer	4956360
entgegenstellen	4956359
schuldlos	4956358
muskat	4956357
desiree	4956356
arcadian	4956355
sharley	4956354
preussische	4956353
sojamilch	4956352
dinosauriern	4956351
amish	4956350
durchkampfen	4956349
bartok	4956348
ungeschlagen	4956347
aristokrat	4956346
trefoile	4956345
einklinken	4956344
sonnige	4956343
haftanstalt	4956342
tigerin	4956341
fastenzeit	4956340
lydon	4956339
hofnarr	4956338
petja	4956337
wildcats	4956336
landeinwarts	4956335
legolas	4956334
verarztet	4956333
mordverdachtigen	4956332
kif	4956331
informatik	4956330
saublod	4956329
comin	4956328
schutzbrille	4956327
reinsetzen	4956326
fingerhut	4956325
wulfric	4956324
internetseite	4956323
uriniert	4956322
raubten	4956321
anzuzetteln	4956320
drums	4956319
wegzuschicken	4956318
newberg	4956317
kniest	4956316
mosambik	4956315
hygienisch	4956314
todds	4956313
zerronnen	4956312
strucker	4956311
warpfeld	4956310
einrahmen	4956309
manda	4956308
witzbolde	4956307
gewunken	4956306
kurbeln	4956305
sinnbild	4956304
ersteche	4956303
monsun	4956302
suchaktion	4956301
liliputaner	4956300
kappas	4956299
booths	4956298
musikunterricht	4956297
vorbereitete	4956296
erbeten	4956295
schmerzerfullt	4956294
geringes	4956293
frittieren	4956292
horman	4956291
knebeln	4956290
lorca	4956289
koloniale	4956288
germanien	4956287
schnuren	4956286
yse	4956285
toy	4956284
afrikanisches	4956283
durchsuchst	4956282
parzival	4956281
planken	4956280
vorrubergehend	4956279
harsch	4956278
schnupftabak	4956277
ramallo	4956276
ruberwachsen	4956275
anatole	4956274
erzog	4956273
rawlings	4956272
erstickung	4956271
checks	4956270
kumpan	4956269
armreifen	4956268
bow	4956267
anfeuerungsrufe	4956266
alton	4956265
gewieft	4956264
flan	4956263
hewlett	4956262
allenbury	4956261
rouen	4956260
gaunerei	4956259
loszukommen	4956258
dimka	4956257
torichtes	4956256
entsorgung	4956255
hotelbar	4956254
eingefordert	4956253
ersticht	4956252
verkehrskamera	4956251
erbeben	4956250
wurzen	4956249
micro	4956248
reflektion	4956247
hauptzeuge	4956246
intimsten	4956245
schwerwiegend	4956244
cooney	4956243
bienchen	4956242
kreuzungen	4956241
magnetismus	4956240
matze	4956239
haddonfield	4956238
appleton	4956237
saudis	4956236
nichtwahr	4956235
pilgerreise	4956234
radiomusik	4956233
emblem	4956232
conners	4956231
iove	4956230
jungfernfahrt	4956229
kampagnen	4956228
befangenheit	4956227
entmutigend	4956226
kenntnissen	4956225
auktionen	4956224
ergotzen	4956223
biggie	4956222
alarmiere	4956221
nisten	4956220
ansassigen	4956219
karine	4956218
franzosischem	4956217
lauch	4956216
grundregel	4956215
schnapse	4956214
asakura	4956213
verblendet	4956212
entgegenzutreten	4956211
hazama	4956210
verblutete	4956209
stimmungen	4956208
anymore	4956207
ratatouille	4956206
menschenkenner	4956205
portman	4956204
ottawa	4956203
fluchtmoglichkeit	4956202
amman	4956201
botenjunge	4956200
pompeius	4956199
philosophisch	4956198
deprimieren	4956197
rumzuspielen	4956196
tio	4956195
ortolani	4956194
moderatorin	4956193
provisorischen	4956192
gerichtlich	4956191
aydin	4956190
produziere	4956189
rohde	4956188
querschlager	4956187
innovativ	4956186
yagyus	4956185
platzwunde	4956184
neunen	4956183
bambino	4956182
bekraftigt	4956181
stockbesoffen	4956180
freigeist	4956179
schlagfertig	4956178
ubermittle	4956177
zusammengetrieben	4956176
unreife	4956175
proletarier	4956174
gefechtsstand	4956173
doller	4956172
verschlusseln	4956171
muldoon	4956170
crispin	4956169
kamille	4956168
hedda	4956167
absolvent	4956166
juju	4956165
anhaltender	4956164
gacet	4956163
freifahrtschein	4956162
sangerinnen	4956161
eingenistet	4956160
glucksgefuhl	4956159
bewirbst	4956158
nagelneuen	4956157
konfiguration	4956156
orientierungslos	4956155
destabilisieren	4956154
kurzgeschlossen	4956153
unrechtmassig	4956152
standzuhalten	4956151
unbeabsichtigt	4956150
ilaria	4956149
broke	4956148
absaufen	4956147
hinterherlaufen	4956146
verweist	4956145
absetzt	4956144
jessas	4956143
padagogik	4956142
magellan	4956141
entschlossener	4956140
zufugt	4956139
angle	4956138
bedeutungslosen	4956137
balanchine	4956136
miserablen	4956135
har	4956134
hanbei	4956133
westdeutschland	4956132
ramada	4956131
proportionen	4956130
psychoanalytiker	4956129
dew	4956128
menschenmogliche	4956127
kampftechnik	4956126
elche	4956125
freudiges	4956124
jaye	4956123
pff	4956122
junius	4956121
mudd	4956120
caesars	4956119
klackern	4956118
armin	4956117
pornofilme	4956116
sternwood	4956115
tagtraume	4956114
schnurr	4956113
zwanghafte	4956112
steilen	4956111
unterrock	4956110
mercia	4956109
zusammenrucken	4956108
zweifelsfall	4956107
auszutragen	4956106
zeigtest	4956105
christkind	4956104
schuluniform	4956103
ranhalten	4956102
fussel	4956101
gnb	4956100
medicus	4956099
einarmigen	4956098
feuerstelle	4956097
herrschende	4956096
ladehemmung	4956095
aufzukreuzen	4956094
hergehort	4956093
veranstalter	4956092
zusammenfallt	4956091
auszunehmen	4956090
spedition	4956089
uberschritt	4956088
mikado	4956087
durchfahrt	4956086
trafalgar	4956085
untern	4956084
potentiell	4956083
auskratzen	4956082
gipfeln	4956081
riesin	4956080
tumpel	4956079
sanguinem	4956078
vinyl	4956077
sekundaren	4956076
dietz	4956075
smaragdstadt	4956074
zusammenstehen	4956073
eintonig	4956072
godzillas	4956071
vaziri	4956070
getappt	4956069
schnappschusse	4956068
jaha	4956067
tafelrunde	4956066
quicklebendig	4956065
baldigen	4956064
gefahrde	4956063
raffst	4956062
bedeckte	4956061
wingman	4956060
lebenswandel	4956059
truhen	4956058
rebhuhn	4956057
hou	4956056
lobte	4956055
mittaterschaft	4956054
nachttopf	4956053
merchant	4956052
eingedammt	4956051
dagesessen	4956050
unbefriedigend	4956049
zahlende	4956048
tarnt	4956047
anregungen	4956046
versiegt	4956045
gilly	4956044
nebeneffekte	4956043
mandalay	4956042
kriegsveteran	4956041
speisekarten	4956040
schweif	4956039
genom	4956038
nanahara	4956037
helligkeit	4956036
zubereitung	4956035
makrelen	4956034
abgebildet	4956033
tatkraft	4956032
sozialist	4956031
verburge	4956030
hadji	4956029
polizeilich	4956028
schober	4956027
rumfuhren	4956026
betriebe	4956025
spinnennetz	4956024
grappa	4956023
hannahs	4956022
verlangerte	4956021
hangardeck	4956020
davontragen	4956019
blickten	4956018
dahmer	4956017
explodiere	4956016
episch	4956015
regierungsbeamte	4956014
artgenossen	4956013
hagan	4956012
kloake	4956011
ephraim	4956010
goffredo	4956009
basisschiffe	4956008
ersauft	4956007
enzian	4956006
finesse	4956005
durcheinanderbringen	4956004
carrington	4956003
riverdale	4956002
direktes	4956001
stoppten	4956000
kabarett	4955999
shou	4955998
blodsinnig	4955997
knackte	4955996
schamanen	4955995
moffat	4955994
mgm	4955993
septimus	4955992
questor	4955991
tonart	4955990
oc	4955989
health	4955988
gesundem	4955987
behandel	4955986
schlimmstes	4955985
verwicklung	4955984
roswell	4955983
lebenserhaltungssysteme	4955982
verantwortlicher	4955981
maiers	4955980
kinofilm	4955979
greise	4955978
aufgedunsen	4955977
anzustrengen	4955976
allisons	4955975
ruger	4955974
joke	4955973
culpepper	4955972
hinkle	4955971
wehtat	4955970
eingepennt	4955969
ziegenmilch	4955968
stills	4955967
vulkaniern	4955966
stoffen	4955965
silberstreif	4955964
lorke	4955963
kassie	4955962
tarrant	4955961
desinteresse	4955960
betrugerische	4955959
timbuktu	4955958
denard	4955957
freed	4955956
farbstoff	4955955
lerner	4955954
suzon	4955953
dmitrijewna	4955952
bedauerliche	4955951
zuckte	4955950
malina	4955949
warmflasche	4955948
jelena	4955947
strassenecken	4955946
entzweit	4955945
fortzupflanzen	4955944
fitnessraum	4955943
gottinnen	4955942
krystal	4955941
kodiert	4955940
glockenspiel	4955939
steiler	4955938
adoptiveltern	4955937
jamba	4955936
molekularstruktur	4955935
gleichgesinnte	4955934
brunetten	4955933
borissowna	4955932
verargere	4955931
biegung	4955930
dato	4955929
martinique	4955928
crocodile	4955927
vorzudringen	4955926
soutane	4955925
zidler	4955924
streikenden	4955923
barden	4955922
friedensverhandlungen	4955921
henley	4955920
auglein	4955919
emissionen	4955918
embolie	4955917
bezaubert	4955916
camel	4955915
hindernissen	4955914
verschollene	4955913
schlussverkauf	4955912
scannern	4955911
risikos	4955910
schlendern	4955909
anchovis	4955908
verkorksten	4955907
flackern	4955906
funkturm	4955905
siebeneinhalb	4955904
nolans	4955903
dozenten	4955902
wintergarten	4955901
varys	4955900
unbefugten	4955899
darstellte	4955898
beelzebub	4955897
ingo	4955896
verschrottet	4955895
finish	4955894
schlummern	4955893
jagdmesser	4955892
krankenhausbett	4955891
kochtopf	4955890
dutchman	4955889
globaler	4955888
silverman	4955887
kontrollturm	4955886
gesetzesentwurf	4955885
lockeren	4955884
wiegenlied	4955883
stockdunkel	4955882
unsicherheiten	4955881
deformiert	4955880
turnschuh	4955879
mombasa	4955878
standish	4955877
ubelnehmen	4955876
geschaftspartnerin	4955875
scoob	4955874
bohr	4955873
furio	4955872
projektes	4955871
editor	4955870
kunstmuseum	4955869
willkur	4955868
familienfeier	4955867
murata	4955866
drogenkartell	4955865
lisinski	4955864
margret	4955863
getreu	4955862
blechdose	4955861
patt	4955860
barnett	4955859
hochkriegen	4955858
capisce	4955857
inch	4955856
rettich	4955855
mullsacke	4955854
einsetzte	4955853
kastration	4955852
verschleppen	4955851
sprengten	4955850
retrovirus	4955849
kaltblutige	4955848
thrakien	4955847
konzession	4955846
wonderland	4955845
einsparen	4955844
wray	4955843
trainingsanzug	4955842
wirksame	4955841
fingiert	4955840
aufwachten	4955839
erwerbsregel	4955838
amtseinfuhrung	4955837
keefer	4955836
arztrechnungen	4955835
broad	4955834
dorset	4955833
wust	4955832
portfolio	4955831
wirsind	4955830
etui	4955829
zuliess	4955828
sinnlichen	4955827
enchante	4955826
fabious	4955825
sooft	4955824
zusicherung	4955823
lauge	4955822
flugbegleiter	4955821
tiramisu	4955820
mystik	4955819
seilbahn	4955818
fozzie	4955817
abklappern	4955816
analphabet	4955815
gedenkgottesdienst	4955814
verschworungstheorie	4955813
tierklinik	4955812
juhuu	4955811
zuwachs	4955810
flass	4955809
carita	4955808
fate	4955807
stampft	4955806
unnutze	4955805
machtvoll	4955804
highlight	4955803
finnegan	4955802
duelle	4955801
uberhol	4955800
pull	4955799
einsparungen	4955798
pigalle	4955797
herkommlichen	4955796
tuum	4955795
lasern	4955794
zugeschaltet	4955793
gustavsson	4955792
isses	4955791
zoeys	4955790
blackwell	4955789
verzollen	4955788
zerzaust	4955787
uberflieger	4955786
mobbing	4955785
tweed	4955784
privilegiert	4955783
spaceballs	4955782
busmalis	4955781
geschaftsleuten	4955780
col	4955779
wertgegenstande	4955778
lead	4955777
chesterfield	4955776
heike	4955775
hochstaplerin	4955774
autopiloten	4955773
regler	4955772
lenox	4955771
grillt	4955770
reit	4955769
nachsichtiger	4955768
gebrauchtes	4955767
gings	4955766
canaan	4955765
ankamst	4955764
rassentrennung	4955763
friedensabkommen	4955762
verschmutzen	4955761
wahltag	4955760
bridgette	4955759
verleumdungen	4955758
padilla	4955757
maggio	4955756
punjab	4955755
uberspannt	4955754
lallend	4955753
jalousie	4955752
pupille	4955751
halil	4955750
akzeptable	4955749
wiederholungstater	4955748
niedermachen	4955747
farmington	4955746
freiheitsberaubung	4955745
cradle	4955744
umsetzung	4955743
octave	4955742
rezitiert	4955741
brennstabe	4955740
getrauert	4955739
pendejo	4955738
piccadilly	4955737
iger	4955736
mullen	4955735
ausbrecher	4955734
gravur	4955733
managers	4955732
jungern	4955731
sheri	4955730
magnolia	4955729
allens	4955728
weiterlesen	4955727
streifenpolizist	4955726
durchwahl	4955725
tristen	4955724
lecters	4955723
sanada	4955722
europol	4955721
hellichten	4955720
ewing	4955719
muskelkraft	4955718
kuhlung	4955717
naiver	4955716
zolibat	4955715
led	4955714
abgab	4955713
verlege	4955712
scheusslicher	4955711
taking	4955710
menschenjagd	4955709
katagiri	4955708
beckwith	4955707
nachgekommen	4955706
diktiergerat	4955705
hisbollah	4955704
immerfort	4955703
nobelpreistrager	4955702
draculas	4955701
chinin	4955700
airbag	4955699
zumacht	4955698
inszenierte	4955697
stinger	4955696
departement	4955695
nachgeht	4955694
aufgebluht	4955693
verschleudert	4955692
tierqualerei	4955691
erzherzog	4955690
lnstrumentalmusik	4955689
eierkuchen	4955688
polk	4955687
eik	4955686
apocalypse	4955685
mechanismen	4955684
ausmerzen	4955683
gatorade	4955682
anleihe	4955681
silverton	4955680
schleimigen	4955679
aufstandische	4955678
gesetzlicher	4955677
floristen	4955676
berni	4955675
jovi	4955674
nefer	4955673
furchtloser	4955672
jahrelanger	4955671
verunstaltet	4955670
leit	4955669
beneidenswert	4955668
abgeknopft	4955667
antikes	4955666
lustern	4955665
zuruckrufst	4955664
qualifizierten	4955663
steinberg	4955662
tru	4955661
sparlich	4955660
xiu	4955659
baldrian	4955658
verriegelung	4955657
schlaglocher	4955656
experimentellen	4955655
reduzierung	4955654
beispiellos	4955653
cinzia	4955652
umschlungen	4955651
lugende	4955650
uberschreitest	4955649
vororte	4955648
garrick	4955647
regular	4955646
zugenagelt	4955645
exhumieren	4955644
zustehen	4955643
falter	4955642
younger	4955641
bordelle	4955640
entzog	4955639
loop	4955638
thinman	4955637
ausnuchterungszelle	4955636
aufgehalst	4955635
salzburger	4955634
auszuarbeiten	4955633
fluchtwege	4955632
feldarbeit	4955631
kurie	4955630
ozonschicht	4955629
administrator	4955628
zubeissen	4955627
turpin	4955626
enthullte	4955625
zweitgrosste	4955624
treuhander	4955623
jessy	4955622
seeger	4955621
schweinebacke	4955620
teniente	4955619
faschistische	4955618
suyin	4955617
kontraproduktiv	4955616
kochend	4955615
swedish	4955614
okada	4955613
einzufugen	4955612
mhmm	4955611
zurechtmachen	4955610
fensterscheibe	4955609
tale	4955608
discomusik	4955607
boxe	4955606
cacilie	4955605
kniff	4955604
hirnlosen	4955603
erja	4955602
entheben	4955601
eulenspiegel	4955600
angerempelt	4955599
gelte	4955598
limitierte	4955597
tragbaren	4955596
jeffs	4955595
lenker	4955594
shinigami	4955593
begutachtung	4955592
sechsjahrige	4955591
sardine	4955590
elterliche	4955589
anseht	4955588
telefonkonferenz	4955587
profiler	4955586
janne	4955585
beeindruckte	4955584
cogburn	4955583
involvieren	4955582
lindenhof	4955581
anstalten	4955580
bezichtigen	4955579
willigt	4955578
wasserflasche	4955577
zuruckziehe	4955576
unauffalliger	4955575
surprise	4955574
verhandele	4955573
mule	4955572
sattler	4955571
wehte	4955570
ahead	4955569
liehen	4955568
geheimhalten	4955567
uberquere	4955566
versuchsobjekt	4955565
buren	4955564
platon	4955563
zuschlug	4955562
zauberkunstler	4955561
knechten	4955560
angesehensten	4955559
gastronomie	4955558
darlings	4955557
osmanen	4955556
yussef	4955555
lewicki	4955554
fluff	4955553
einnahmequelle	4955552
tanzstunde	4955551
waldbrand	4955550
trags	4955549
husky	4955548
christow	4955547
mixe	4955546
laben	4955545
aussortieren	4955544
mayweather	4955543
heeres	4955542
leiteten	4955541
hausmannskost	4955540
automatisches	4955539
ausmisten	4955538
uppsala	4955537
migs	4955536
sortiment	4955535
wettkampfen	4955534
verbeult	4955533
spielzuge	4955532
fawn	4955531
nashorner	4955530
identischen	4955529
hix	4955528
galaktische	4955527
vogelte	4955526
canfield	4955525
straffen	4955524
eindringlingsalarm	4955523
mittelteil	4955522
orfeu	4955521
fruhschicht	4955520
ducobu	4955519
kricket	4955518
ferrante	4955517
schwarzwald	4955516
sids	4955515
teleportation	4955514
geroll	4955513
molkerei	4955512
weihnachtslieder	4955511
timm	4955510
plastischer	4955509
erkranken	4955508
liebhabern	4955507
erwich	4955506
grossspurig	4955505
servet	4955504
werkzeugkiste	4955503
loszugehen	4955502
lidschatten	4955501
fursorger	4955500
zureden	4955499
afrikanisch	4955498
ascoyne	4955497
konnens	4955496
rikki	4955495
arrhythmie	4955494
luftdicht	4955493
autovermietung	4955492
barkos	4955491
angriffsplan	4955490
hameln	4955489
koriander	4955488
verhandelst	4955487
huseyin	4955486
telekinese	4955485
attraktionen	4955484
autohupen	4955483
gesundheitswesen	4955482
shao	4955481
freudentranen	4955480
eitler	4955479
dkay	4955478
fandor	4955477
argwohn	4955476
rasche	4955475
roggenbrot	4955474
niedergeschrieben	4955473
ici	4955472
canary	4955471
vermochte	4955470
grossfurstin	4955469
betrachter	4955468
gewaltsames	4955467
informierten	4955466
mutterseelenallein	4955465
overalls	4955464
aufpolieren	4955463
ersaufen	4955462
maxxie	4955461
bedeutungslose	4955460
glockenschlage	4955459
wolfs	4955458
peanutbutter	4955457
versiegelten	4955456
geleuchtet	4955455
unsichtbarkeit	4955454
turkin	4955453
cyberspace	4955452
gurgelt	4955451
hippe	4955450
einhandeln	4955449
bowlingkugel	4955448
kardiologe	4955447
ronnies	4955446
tenez	4955445
notebook	4955444
verdonnert	4955443
kondomen	4955442
averell	4955441
gleichst	4955440
grauenhaften	4955439
uffe	4955438
spieltisch	4955437
rausschmeisst	4955436
kamme	4955435
raynes	4955434
dimas	4955433
beforderungen	4955432
beidrehen	4955431
gitta	4955430
clift	4955429
thursday	4955428
kettering	4955427
idiotensicher	4955426
fallout	4955425
einarbeiten	4955424
dichterin	4955423
hafenarbeiter	4955422
mathilda	4955421
armenischen	4955420
kindersitz	4955419
eingiessen	4955418
megafon	4955417
rist	4955416
gekuschelt	4955415
intensives	4955414
ong	4955413
rasender	4955412
schreckensherrschaft	4955411
entourage	4955410
produzierten	4955409
elfriede	4955408
erstaunlichste	4955407
narbengewebe	4955406
herausgebracht	4955405
umkamen	4955404
banque	4955403
unehrlichkeit	4955402
mihai	4955401
bewahrungsanhorung	4955400
bedauerte	4955399
abzustreiten	4955398
verungluckte	4955397
beschutzerin	4955396
morsezeichen	4955395
konservieren	4955394
fussabtreter	4955393
tarantoga	4955392
verderbtheit	4955391
wegrennt	4955390
gesundheitlichen	4955389
fernseh	4955388
anzustecken	4955387
kollegium	4955386
seitentur	4955385
begunstigte	4955384
muhsal	4955383
beet	4955382
bestande	4955381
lautsprechern	4955380
farbte	4955379
absehbarer	4955378
sta	4955377
naherst	4955376
unterzeichneten	4955375
murmelst	4955374
weinkarte	4955373
liberte	4955372
pils	4955371
johν	4955370
daffy	4955369
aufgerollt	4955368
seiler	4955367
gehupft	4955366
kompost	4955365
wittere	4955364
metzler	4955363
langusten	4955362
nikolas	4955361
drayton	4955360
geruchtekuche	4955359
blutenblatter	4955358
schuldner	4955357
erdlingen	4955356
polizeiakte	4955355
uberreagierst	4955354
pistazie	4955353
kriegsbeute	4955352
kolonialen	4955351
queeg	4955350
zelebrieren	4955349
weissrussland	4955348
martius	4955347
biblische	4955346
jagdhund	4955345
vulgare	4955344
illuminati	4955343
granatwerfer	4955342
variation	4955341
zuzuglich	4955340
durchgefroren	4955339
vorratsraum	4955338
zensuren	4955337
margaery	4955336
erfrierungen	4955335
skitters	4955334
verliererin	4955333
undeutliche	4955332
giftiges	4955331
trabi	4955330
abfeiern	4955329
impulsen	4955328
endres	4955327
zuruckgeschrieben	4955326
sobel	4955325
ostlicher	4955324
elementare	4955323
bulimie	4955322
bangen	4955321
karosserie	4955320
lutie	4955319
eingeschenkt	4955318
aufraumt	4955317
hehlerei	4955316
sitzenbleiben	4955315
verwandele	4955314
albertine	4955313
kostumparty	4955312
uid	4955311
batic	4955310
verspruhen	4955309
vorschlagt	4955308
aurelius	4955307
darkintensity	4955306
beschaffung	4955305
durchgedrungen	4955304
ellens	4955303
blutsbruder	4955302
blindenhund	4955301
hinzubringen	4955300
ubervorsichtig	4955299
anzuglich	4955298
kurosawa	4955297
steini	4955296
pferdedieb	4955295
schaffung	4955294
devdas	4955293
erler	4955292
sayo	4955291
ze	4955290
pokerspieler	4955289
forstman	4955288
rebeca	4955287
abrechnungen	4955286
seeluft	4955285
liebesbeziehung	4955284
anrufliste	4955283
alterchen	4955282
vonnoten	4955281
kardiomyopathie	4955280
simst	4955279
panisches	4955278
lelio	4955277
reagans	4955276
hingearbeitet	4955275
handrucken	4955274
anbeisst	4955273
vorbeiging	4955272
kugelhagel	4955271
colum	4955270
dranzukriegen	4955269
caster	4955268
vorubergehender	4955267
ponton	4955266
meihua	4955265
androhung	4955264
dreifaches	4955263
gato	4955262
farhad	4955261
bedeutsame	4955260
bedauernswerten	4955259
goldmunze	4955258
traktoren	4955257
verschrotten	4955256
suggeriert	4955255
herzurichten	4955254
spezialisieren	4955253
kunftiger	4955252
pfadfinderin	4955251
translated	4955250
grunkohl	4955249
melchior	4955248
hintreten	4955247
schauspielers	4955246
gelobnis	4955245
loggins	4955244
gnus	4955243
mollie	4955242
vierteilen	4955241
herumzuschnuffeln	4955240
ostdeutschland	4955239
lastenaufzug	4955238
stattfanden	4955237
vehement	4955236
kultivieren	4955235
scheichs	4955234
verfalscht	4955233
mitteilte	4955232
gui	4955231
umging	4955230
flugmaschine	4955229
schmarrn	4955228
corral	4955227
ausgedient	4955226
arztpraxis	4955225
goal	4955224
urteilst	4955223
boschung	4955222
greys	4955221
kriegsrat	4955220
elfte	4955219
brosel	4955218
herausgenommen	4955217
puuh	4955216
vorstandsvorsitzender	4955215
harrisons	4955214
sada	4955213
reinhangen	4955212
getting	4955211
abgerichtet	4955210
abschurfungen	4955209
hanno	4955208
hausgast	4955207
wenzel	4955206
hausgemacht	4955205
maskierter	4955204
verzogene	4955203
dress	4955202
jockeys	4955201
sonderkommission	4955200
vorwirft	4955199
mutterliche	4955198
starter	4955197
karabiner	4955196
franchise	4955195
errotet	4955194
anhaltenden	4955193
kurios	4955192
zinn	4955191
geflutet	4955190
opferung	4955189
singing	4955188
pianistin	4955187
unterkuhlt	4955186
wuornos	4955185
torvald	4955184
bump	4955183
whitley	4955182
armstrongs	4955181
anzuheben	4955180
gotteshaus	4955179
regierungsgebaude	4955178
authentizitat	4955177
motorradunfall	4955176
stirnband	4955175
omnis	4955174
sto	4955173
demille	4955172
stargazer	4955171
wegzuziehen	4955170
drogentests	4955169
knollchen	4955168
selbstsuchtiger	4955167
watanabe	4955166
unterteilt	4955165
bodie	4955164
camila	4955163
autopsien	4955162
marti	4955161
stadtmitte	4955160
stromkreis	4955159
rille	4955158
befiehl	4955157
irvine	4955156
jeopardy	4955155
lieblingsrestaurant	4955154
walmart	4955153
mittelberg	4955152
ausbeuter	4955151
gemusst	4955150
highways	4955149
pins	4955148
verkorkste	4955147
agnew	4955146
swain	4955145
kwok	4955144
freisetzung	4955143
westberlin	4955142
sicherheitsabstand	4955141
leblose	4955140
vampirs	4955139
helios	4955138
geleite	4955137
muddy	4955136
gebrechen	4955135
hereinzulegen	4955134
kreuzfahrtschiff	4955133
programmen	4955132
ergebenen	4955131
grundbesitzer	4955130
charismatisch	4955129
komplimenten	4955128
katara	4955127
jong	4955126
appleby	4955125
osborn	4955124
fairerweise	4955123
nasenspitze	4955122
josiane	4955121
sonderbares	4955120
blane	4955119
grrr	4955118
brulle	4955117
newcastle	4955116
zusiehst	4955115
bernhardiner	4955114
beigefugt	4955113
nylon	4955112
drakh	4955111
zobar	4955110
gottfried	4955109
feststeckt	4955108
trudeau	4955107
salma	4955106
anzugs	4955105
variety	4955104
nachzulaufen	4955103
dannen	4955102
signalhorn	4955101
specialist	4955100
polaroid	4955099
ansprachen	4955098
sakristei	4955097
bliebst	4955096
stromstoss	4955095
juiz	4955094
plattmachen	4955093
ordnungshuter	4955092
pissnelke	4955091
bauart	4955090
mogli	4955089
verkehre	4955088
filmgeschichte	4955087
wegschiessen	4955086
kaffeetisch	4955085
damenunterwasche	4955084
bemannte	4955083
kolt	4955082
befahigt	4955081
verschissener	4955080
duse	4955079
belehrung	4955078
abhorgerat	4955077
uberraschungseffekt	4955076
meta	4955075
erubrigt	4955074
woodrow	4955073
bunkern	4955072
carols	4955071
verkehrskontrolle	4955070
eyeliner	4955069
uberheblichkeit	4955068
abzocke	4955067
pussi	4955066
muslimen	4955065
gehorlos	4955064
gestreikt	4955063
karenina	4955062
todeswunsch	4955061
warn	4955060
aufzuschlitzen	4955059
gerardo	4955058
caderousse	4955057
weilst	4955056
loskommen	4955055
hausherrin	4955054
steinernen	4955053
seehund	4955052
ethnischen	4955051
heimatweit	4955050
stillt	4955049
versprochenen	4955048
buff	4955047
abschiedsfeier	4955046
prozedere	4955045
hibbert	4955044
schnuckelig	4955043
zeichentrickfilm	4955042
mitnahmen	4955041
erfolgsbilanz	4955040
umdenken	4955039
martinshorn	4955038
laguna	4955037
betreff	4955036
verspruht	4955035
privatunterricht	4955034
naomis	4955033
palazzo	4955032
satellitenschussel	4955031
runzeln	4955030
kopfhorern	4955029
kennung	4955028
neurochirurg	4955027
windgeschwindigkeit	4955026
stallbursche	4955025
arashi	4955024
widrigkeiten	4955023
turbine	4955022
abszess	4955021
weapon	4955020
schriftstuck	4955019
seelenverwandter	4955018
schilden	4955017
deportation	4955016
tob	4955015
laie	4955014
vulva	4955013
barbra	4955012
einaugigen	4955011
abschleppdienst	4955010
grebs	4955009
zwist	4955008
gorlitz	4955007
zehnjahrige	4955006
mitnichten	4955005
gelobten	4955004
trubsinnig	4955003
korperhaltung	4955002
beaujolais	4955001
kauzchen	4955000
drohbriefe	4954999
navin	4954998
friedensstifter	4954997
dao	4954996
schadigung	4954995
wagenkolonne	4954994
untersuchungsergebnisse	4954993
erzielte	4954992
vicious	4954991
genetiker	4954990
strickjacke	4954989
codex	4954988
furjeden	4954987
alvers	4954986
brummbar	4954985
eindeutiges	4954984
ubergriffen	4954983
verbanski	4954982
sagenhaften	4954981
fugst	4954980
emporkommling	4954979
geziemt	4954978
bewogen	4954977
sanftheit	4954976
schmalern	4954975
ansetzt	4954974
greenberg	4954973
wichtigstes	4954972
piekst	4954971
dilithium	4954970
bausteine	4954969
kingdom	4954968
kanadierin	4954967
mariga	4954966
zuwenig	4954965
reinlegt	4954964
beauftrage	4954963
wahrscheinlichsten	4954962
derbe	4954961
fie	4954960
missbilligen	4954959
kontaktlinse	4954958
eheleute	4954957
auswaschen	4954956
gegenseitiger	4954955
fotografierst	4954954
zuruckliessen	4954953
mizoguchi	4954952
detektivin	4954951
cascara	4954950
malerisch	4954949
projects	4954948
kuchendienst	4954947
sergeants	4954946
unbeantwortet	4954945
instand	4954944
fussmassage	4954943
havana	4954942
hak	4954941
froy	4954940
bodine	4954939
sabbert	4954938
taucheranzug	4954937
vorbeilaufen	4954936
jamies	4954935
bedauerlicher	4954934
kindeskinder	4954933
gemeinschaftsraum	4954932
biggles	4954931
hangengeblieben	4954930
lochs	4954929
cleaner	4954928
gumbo	4954927
seeigel	4954926
geistesabwesend	4954925
ogata	4954924
zumindestens	4954923
werbebranche	4954922
tschechien	4954921
widerwartigen	4954920
fanatisch	4954919
hessen	4954918
burokrat	4954917
verachtete	4954916
uppige	4954915
skilaufen	4954914
inara	4954913
havens	4954912
santas	4954911
kulis	4954910
ausreise	4954909
stooges	4954908
jiao	4954907
betrank	4954906
latten	4954905
spurhunde	4954904
vorubergehenden	4954903
aufbrach	4954902
rangelassen	4954901
rimbaud	4954900
massakers	4954899
amadeus	4954898
cast	4954897
italia	4954896
saite	4954895
turkisches	4954894
fragliche	4954893
sylvain	4954892
weinstock	4954891
bok	4954890
kinderlahmung	4954889
humboldt	4954888
herangetreten	4954887
putzte	4954886
versammle	4954885
schubdusen	4954884
servier	4954883
kampfschrei	4954882
gefestigt	4954881
folterkammer	4954880
kanes	4954879
recke	4954878
reviers	4954877
gewichen	4954876
maru	4954875
motorenlarm	4954874
flavius	4954873
jamil	4954872
verwicklungen	4954871
zloty	4954870
devonshire	4954869
faindt	4954868
eingepfercht	4954867
pennington	4954866
zeitzone	4954865
nanette	4954864
arbeits	4954863
pontifex	4954862
raumschiffes	4954861
kosterman	4954860
wok	4954859
nails	4954858
fraga	4954857
individuums	4954856
todessehnsucht	4954855
exhumierung	4954854
abbinden	4954853
detektivarbeit	4954852
monkford	4954851
lebensenergie	4954850
lister	4954849
ebenezer	4954848
abgefahrenen	4954847
pittman	4954846
lev	4954845
schussbahn	4954844
entsetzlicher	4954843
hauptschalter	4954842
ubermass	4954841
font	4954840
amadeu	4954839
schielen	4954838
stromleitungen	4954837
atsushi	4954836
sendern	4954835
frischlinge	4954834
vierteln	4954833
ghb	4954832
quinton	4954831
davonfliegen	4954830
tierschutz	4954829
laube	4954828
fundamentale	4954827
erzahls	4954826
kaleb	4954825
pflichtbewusstsein	4954824
raushauen	4954823
puree	4954822
aufgebrachtes	4954821
darmok	4954820
kinderstube	4954819
giorgia	4954818
blutverdunner	4954817
hauptteil	4954816
geisterwelt	4954815
flotenmusik	4954814
gluckes	4954813
einliefern	4954812
allerwichtigsten	4954811
blaster	4954810
auszubeuten	4954809
wesentlicher	4954808
chronischer	4954807
deerfield	4954806
kazuki	4954805
geschaufelt	4954804
anzustossen	4954803
zurschaustellung	4954802
khaled	4954801
durchgeschuttelt	4954800
weibes	4954799
zugesichert	4954798
bolognese	4954797
bosartiges	4954796
kinderlos	4954795
klavierunterricht	4954794
yak	4954793
energiesignatur	4954792
marechal	4954791
abberufen	4954790
abschlussprufungen	4954789
augie	4954788
danvers	4954787
drdnung	4954786
feindselige	4954785
sevens	4954784
zeitgenossen	4954783
erdloch	4954782
verrotte	4954781
gartlant	4954780
ungleichheit	4954779
grenzer	4954778
noreen	4954777
blosser	4954776
dori	4954775
krepier	4954774
weiterbringen	4954773
geilheit	4954772
glasscheibe	4954771
wabash	4954770
blinzle	4954769
verdampfen	4954768
unaufrichtig	4954767
sinnlosigkeit	4954766
knilch	4954765
zielgeraden	4954764
polizeiautos	4954763
beefsteak	4954762
verbindungsoffizier	4954761
laufige	4954760
zerteilen	4954759
mutt	4954758
gewitzt	4954757
ceku	4954756
durchkommst	4954755
gesell	4954754
spahtrupp	4954753
friedvolle	4954752
fahri	4954751
archers	4954750
vergottere	4954749
flep	4954748
berlins	4954747
gruppentherapie	4954746
gantz	4954745
bekleckert	4954744
bilal	4954743
nahmt	4954742
anspreche	4954741
unbemannte	4954740
vertretbar	4954739
verkomplizieren	4954738
morozov	4954737
flintwinch	4954736
jesuiten	4954735
heroisch	4954734
liebreiz	4954733
unverschlossen	4954732
hollandisch	4954731
sherpa	4954730
zeitungsjunge	4954729
abschaltet	4954728
schwenk	4954727
anleitungen	4954726
wegnahm	4954725
meistbietenden	4954724
hautkrebs	4954723
preiselbeeren	4954722
humpty	4954721
resten	4954720
durchtrieben	4954719
loris	4954718
dekorationen	4954717
luftschachte	4954716
verdurstet	4954715
erdstreitkrafte	4954714
proxima	4954713
oberflachen	4954712
sauferei	4954711
kindlich	4954710
benachrichtigung	4954709
intelligenteste	4954708
schuljungen	4954707
schausteller	4954706
rachei	4954705
seegang	4954704
lappalie	4954703
leisesten	4954702
herbeizufuhren	4954701
falschte	4954700
verkalkt	4954699
mute	4954698
ferkelchen	4954697
herauslassen	4954696
durchblicken	4954695
entgleisen	4954694
klerus	4954693
stream	4954692
kinsella	4954691
wiederkriegen	4954690
einflussreicher	4954689
moralvorstellungen	4954688
kalif	4954687
streep	4954686
baxters	4954685
shigeru	4954684
pushy	4954683
begehr	4954682
verbranntes	4954681
flat	4954680
atomenergie	4954679
prostituieren	4954678
abgestumpft	4954677
synaptischen	4954676
wischst	4954675
halfst	4954674
liane	4954673
inter	4954672
sumatra	4954671
ryuzaki	4954670
prinzips	4954669
begunstigen	4954668
wirwollen	4954667
begrapschen	4954666
geschaftsleben	4954665
widow	4954664
bulldogs	4954663
manfredi	4954662
mullhaufen	4954661
verpestet	4954660
fertigwerden	4954659
vorderste	4954658
gelbsucht	4954657
kostbarste	4954656
jab	4954655
duzend	4954654
abtrennung	4954653
objekttrager	4954652
zahlreicher	4954651
unwahrscheinlichen	4954650
entgegengesetzten	4954649
perth	4954648
deuce	4954647
irrtumer	4954646
zusammenpasst	4954645
benannte	4954644
gezwinkert	4954643
klassenbester	4954642
lachele	4954641
truge	4954640
missgeburten	4954639
wanderungen	4954638
uberschussige	4954637
einseitige	4954636
wissenschaftlers	4954635
kanonendonner	4954634
stammig	4954633
vitaly	4954632
mickeys	4954631
nisi	4954630
hinhaut	4954629
zustechen	4954628
aufpeppen	4954627
scheibenkleister	4954626
rumzustehen	4954625
baelfire	4954624
martyrium	4954623
kavanaugh	4954622
ruhetag	4954621
quadratwurzel	4954620
zevlos	4954619
keiler	4954618
ausrutschen	4954617
schadlichen	4954616
saphir	4954615
sukiyaki	4954614
aussahe	4954613
marquesa	4954612
tarr	4954611
record	4954610
gebrechlich	4954609
hesse	4954608
grossherzogin	4954607
verursachst	4954606
sticks	4954605
aline	4954604
johansen	4954603
tempelritter	4954602
pfefferkuchen	4954601
kalkstein	4954600
tapferkeitsmedaille	4954599
abfeuert	4954598
schulleiterin	4954597
ubergabeort	4954596
zalatschenko	4954595
unangemessene	4954594
weihnachtsstimmung	4954593
warlocks	4954592
gefreiten	4954591
scarborough	4954590
boovs	4954589
jodi	4954588
reginas	4954587
ergattert	4954586
trapp	4954585
streu	4954584
apollon	4954583
rinti	4954582
benehmens	4954581
penguin	4954580
oeuvres	4954579
sande	4954578
damenwahl	4954577
zwangsvollstreckung	4954576
sche	4954575
erdolcht	4954574
drill	4954573
verteufelt	4954572
reproduziert	4954571
hokuto	4954570
geburtshilfe	4954569
ruhrselig	4954568
malroux	4954567
verderbt	4954566
aileen	4954565
nagachika	4954564
originelles	4954563
gebusst	4954562
autobiographie	4954561
fahrgemeinschaft	4954560
bastelt	4954559
eckburo	4954558
streusel	4954557
lodert	4954556
marokkaner	4954555
undurchdringlich	4954554
holodecks	4954553
malory	4954552
poetische	4954551
herauskriegen	4954550
utopie	4954549
anbetet	4954548
guardo	4954547
archimedes	4954546
ansprichst	4954545
fesselten	4954544
obamas	4954543
mahlt	4954542
beatty	4954541
eigner	4954540
clearasil	4954539
verwechselte	4954538
debby	4954537
silvesterabend	4954536
gluhender	4954535
unverwustlich	4954534
silberhohe	4954533
volkslied	4954532
aufhangt	4954531
vergluhen	4954530
erwahntest	4954529
spangler	4954528
anfangerfehler	4954527
qiang	4954526
beatmen	4954525
gefreite	4954524
sprosse	4954523
cabernet	4954522
spielkameraden	4954521
wedel	4954520
piranha	4954519
elektromagnetisches	4954518
biologe	4954517
couldn	4954516
geburtstagskarte	4954515
proffy	4954514
anpiepsen	4954513
walz	4954512
nagelfeile	4954511
bout	4954510
meinungsfreiheit	4954509
legierung	4954508
canadian	4954507
bratton	4954506
dazusetzen	4954505
therapeutisch	4954504
konsens	4954503
jas	4954502
leonore	4954501
verhielten	4954500
seifenblasen	4954499
konzerns	4954498
demutigt	4954497
lasters	4954496
nordost	4954495
beruhigende	4954494
beda	4954493
beteuert	4954492
schrotflinten	4954491
thornblad	4954490
sicherte	4954489
angeekelt	4954488
andersons	4954487
botanischen	4954486
tuan	4954485
steuerte	4954484
wagenschlussel	4954483
vorbildlicher	4954482
nachtzug	4954481
gekickt	4954480
helms	4954479
cuffy	4954478
oxly	4954477
backpulver	4954476
missbrauchs	4954475
hanger	4954474
elmo	4954473
verpackungen	4954472
heuschnupfen	4954471
hierherkam	4954470
killing	4954469
iblis	4954468
umstrukturierung	4954467
albanisch	4954466
ncaa	4954465
larssen	4954464
weltberuhmte	4954463
verlobungsparty	4954462
turms	4954461
schleimscheisser	4954460
dupre	4954459
jima	4954458
rochefort	4954457
platzierung	4954456
dringendsten	4954455
turks	4954454
frankel	4954453
ubergossen	4954452
whitehead	4954451
primitiver	4954450
ondris	4954449
eirick	4954448
anzog	4954447
zinnen	4954446
selah	4954445
konigsmorder	4954444
kojak	4954443
verappelt	4954442
tano	4954441
riesengrosser	4954440
funfkampf	4954439
rumanen	4954438
geldverdienen	4954437
theoden	4954436
felton	4954435
ortlicher	4954434
tauron	4954433
serenas	4954432
beunruhigte	4954431
mietshaus	4954430
grandiosen	4954429
augsburg	4954428
ziviler	4954427
gelbfieber	4954426
bucket	4954425
widerruf	4954424
epsilon	4954423
schreibtischjob	4954422
baran	4954421
names	4954420
styropor	4954419
keefe	4954418
sangria	4954417
anwaltschaft	4954416
buroklammer	4954415
jibril	4954414
herablassen	4954413
basini	4954412
konzentrierten	4954411
sixtinische	4954410
nintendo	4954409
uberstehe	4954408
unerlaubte	4954407
blomkvist	4954406
finds	4954405
artefakten	4954404
ochoa	4954403
unangebrachte	4954402
thronsaal	4954401
liaison	4954400
zerrissene	4954399
grievous	4954398
wettete	4954397
entlastung	4954396
vorauszusehen	4954395
leergeraumt	4954394
ketcham	4954393
flaches	4954392
maxchen	4954391
nachhaltige	4954390
graces	4954389
uberlebens	4954388
mitverschworer	4954387
lichen	4954386
weltanschauung	4954385
germany	4954384
sarita	4954383
heyer	4954382
jinx	4954381
schwimmwesten	4954380
kafka	4954379
kampfhandlungen	4954378
herauszuhalten	4954377
randale	4954376
borgst	4954375
kees	4954374
elendig	4954373
klammere	4954372
wikus	4954371
maht	4954370
ausgeblutet	4954369
kantor	4954368
hauer	4954367
calculon	4954366
uberblicken	4954365
samstagnacht	4954364
undiszipliniert	4954363
hochgearbeitet	4954362
lansky	4954361
kniebeugen	4954360
blaskapelle	4954359
visuelles	4954358
widerwartige	4954357
schauspielschule	4954356
beigesteuert	4954355
weitergefuhrt	4954354
berthold	4954353
vash	4954352
devin	4954351
schabernack	4954350
regenschirme	4954349
liefer	4954348
kontra	4954347
hofgen	4954346
trafe	4954345
granville	4954344
tindle	4954343
eaton	4954342
bakterielle	4954341
schalteten	4954340
mor	4954339
aufhaltst	4954338
geheiminformationen	4954337
datenstrom	4954336
portale	4954335
inkarnation	4954334
schweinekoteletts	4954333
erkennungszeichen	4954332
onkologen	4954331
deedee	4954330
wasserdampf	4954329
ahhhh	4954328
saboteure	4954327
warmsley	4954326
qualifizierter	4954325
marthy	4954324
weltgrossten	4954323
spezifizieren	4954322
spammi	4954321
heimzukehren	4954320
verrucktwerden	4954319
duncans	4954318
kadokawa	4954317
arte	4954316
jodelt	4954315
hauswart	4954314
streichholzern	4954313
absieht	4954312
nishi	4954311
wildhuter	4954310
ostwind	4954309
koksen	4954308
thomason	4954307
debakel	4954306
method	4954305
schiffsladung	4954304
kuo	4954303
sling	4954302
dewitt	4954301
kubikmeter	4954300
bauernmarkt	4954299
oshare	4954298
toxikologische	4954297
construction	4954296
foderationsraumschiff	4954295
praktiziere	4954294
dawg	4954293
lungenflugel	4954292
plundert	4954291
munitionslager	4954290
halifax	4954289
gestreifte	4954288
grunbaum	4954287
shintaro	4954286
zuruckgesetzt	4954285
inspektionen	4954284
wanted	4954283
unbesonnen	4954282
falschheit	4954281
zeitkapsel	4954280
entflohene	4954279
aux	4954278
amphitryon	4954277
prominenz	4954276
mittleres	4954275
muntert	4954274
zambrano	4954273
gepanzert	4954272
friedhofs	4954271
verbreitest	4954270
enola	4954269
epizentrum	4954268
comfort	4954267
zinken	4954266
beizubehalten	4954265
gewurfelt	4954264
perfektem	4954263
spharen	4954262
mazarin	4954261
seemanner	4954260
gewohnte	4954259
schwedens	4954258
seherin	4954257
honigtopf	4954256
eindringlingen	4954255
hereinplatzen	4954254
caa	4954253
wendigo	4954252
josephson	4954251
durchforsten	4954250
verknupfen	4954249
schopf	4954248
unfallopfer	4954247
schlagloch	4954246
stelldichein	4954245
lochen	4954244
lnteressant	4954243
buchenwald	4954242
erkundigte	4954241
herumgespielt	4954240
markierte	4954239
vertraglich	4954238
rustet	4954237
giesserei	4954236
manisch	4954235
able	4954234
rasante	4954233
gwenda	4954232
erdacht	4954231
konstanten	4954230
zingal	4954229
dagestanden	4954228
gestalkt	4954227
babette	4954226
frigg	4954225
drogenbaron	4954224
zwischenzeitlich	4954223
verstarke	4954222
platzierten	4954221
mixtur	4954220
versuchsperson	4954219
miihouse	4954218
schweisser	4954217
geschwindelt	4954216
cairo	4954215
lebenswillen	4954214
stromkabel	4954213
stockend	4954212
swagger	4954211
schwuli	4954210
semtex	4954209
gedulde	4954208
denzel	4954207
kartenhaus	4954206
wahrscheinlichste	4954205
verbale	4954204
uberzeugten	4954203
unablassig	4954202
besaufnis	4954201
werth	4954200
heckenschutze	4954199
streak	4954198
anketten	4954197
abkratzt	4954196
kompromisslos	4954195
geheizt	4954194
khaki	4954193
nachzujagen	4954192
bruchig	4954191
erhoffte	4954190
brillantes	4954189
lauthals	4954188
beths	4954187
smog	4954186
europaisch	4954185
ausgemustert	4954184
verstarkten	4954183
variiert	4954182
bedienungsanleitung	4954181
gewachst	4954180
ausgeschuttet	4954179
kibbuz	4954178
kirre	4954177
manrico	4954176
vassago	4954175
bettnasser	4954174
dobis	4954173
talkshows	4954172
strabe	4954171
kopfbedeckung	4954170
trainingsprogramm	4954169
resultiert	4954168
geturkt	4954167
bamba	4954166
katthult	4954165
descartes	4954164
stiftet	4954163
regimes	4954162
jacqui	4954161
yoshitsune	4954160
eiersalat	4954159
rauchzeichen	4954158
pains	4954157
abbys	4954156
blutfleck	4954155
schwingung	4954154
konfrontationen	4954153
heimgezahlt	4954152
schwerere	4954151
raufgekommen	4954150
hamza	4954149
feinkostladen	4954148
bedurfte	4954147
ghostbusters	4954146
projektionen	4954145
graumann	4954144
gottlos	4954143
violeta	4954142
wahrhaftige	4954141
selbstredend	4954140
runterbeamen	4954139
widerrufe	4954138
unbestimmt	4954137
vertrauensprobleme	4954136
primzahlen	4954135
hargrove	4954134
schweins	4954133
selbstdisziplin	4954132
imperators	4954131
klarchen	4954130
eigentumerin	4954129
hallihallo	4954128
notausgange	4954127
dastehe	4954126
okkulte	4954125
fehlgeleitet	4954124
unterstreicht	4954123
sahai	4954122
konferenzzimmer	4954121
renommierten	4954120
strafkolonie	4954119
koba	4954118
dok	4954117
zierde	4954116
mancha	4954115
gangway	4954114
mamie	4954113
vertraulicher	4954112
grundeis	4954111
trostlose	4954110
verspurst	4954109
heitert	4954108
bhai	4954107
runtergeworfen	4954106
angrenzenden	4954105
varney	4954104
kursen	4954103
dylans	4954102
bedruckend	4954101
eigenarten	4954100
firmenpolitik	4954099
gebraut	4954098
gepoppt	4954097
gesellschaftliches	4954096
veer	4954095
billigem	4954094
adjektiv	4954093
sturmischer	4954092
allamaraine	4954091
maison	4954090
blodeste	4954089
molekulen	4954088
durchhalte	4954087
lochiey	4954086
tomoe	4954085
pinkelte	4954084
umbenannt	4954083
programmiere	4954082
blinzler	4954081
tartar	4954080
uberraschten	4954079
justieren	4954078
ladeflache	4954077
provozierst	4954076
bofur	4954075
wohnungsschlussel	4954074
columbine	4954073
sicherheitsrat	4954072
teigtaschen	4954071
osen	4954070
wildeste	4954069
abzuwischen	4954068
justizirrtum	4954067
chul	4954066
dummies	4954065
fortsetzt	4954064
lebensgefahrtin	4954063
unbestritten	4954062
weitblick	4954061
gefilzt	4954060
elam	4954059
pobacken	4954058
hollenhund	4954057
pulsieren	4954056
basketballspieler	4954055
ee	4954054
verklebt	4954053
schlichtes	4954052
staatsoberhaupt	4954051
alors	4954050
allgemeinwohl	4954049
aufwuhlen	4954048
israeli	4954047
protestantische	4954046
dauphin	4954045
vollzeitjob	4954044
bombenangriff	4954043
openshaw	4954042
riesengrossen	4954041
fabiana	4954040
verschlossener	4954039
gottheiten	4954038
reiniger	4954037
errechnet	4954036
anatoli	4954035
nugget	4954034
billion	4954033
hingibt	4954032
lives	4954031
somewhere	4954030
wagenladung	4954029
potthasslich	4954028
geschaftsidee	4954027
puschkin	4954026
hochzeitssuite	4954025
allenfalls	4954024
motta	4954023
vergottern	4954022
source	4954021
salas	4954020
kostbarkeiten	4954019
mehrfachen	4954018
rauchverbot	4954017
zupfen	4954016
easty	4954015
tragik	4954014
takada	4954013
zapfenstreich	4954012
unpunktlich	4954011
akzente	4954010
herbeirufen	4954009
einheimsen	4954008
bestrafte	4954007
greenway	4954006
fussballspieler	4954005
schals	4954004
schmierst	4954003
ashikawa	4954002
konfiguriert	4954001
reaktionar	4954000
feli	4953999
rausgehauen	4953998
skalpieren	4953997
atavus	4953996
exekutionskommando	4953995
zi	4953994
kreditwurdigkeit	4953993
westeuropa	4953992
aime	4953991
khmer	4953990
coolidge	4953989
regungslos	4953988
vorschlagst	4953987
geschaftssinn	4953986
capito	4953985
geniestreich	4953984
hingehauen	4953983
blockt	4953982
zartlichkeiten	4953981
runway	4953980
leihwagen	4953979
lanning	4953978
riesenbaby	4953977
sternhagelvoll	4953976
geiz	4953975
hmh	4953974
ginevra	4953973
grausig	4953972
fensterbank	4953971
fedex	4953970
uberstellung	4953969
einband	4953968
cayenne	4953967
beschwerlich	4953966
finney	4953965
salih	4953964
hayashi	4953963
allerschlimmste	4953962
schwurgericht	4953961
haci	4953960
yussuf	4953959
angreifers	4953958
tonino	4953957
marr	4953956
augenmerk	4953955
verkummern	4953954
telephon	4953953
wildheit	4953952
verbrechers	4953951
schmock	4953950
lubos	4953949
bjame	4953948
hinlaufst	4953947
benennt	4953946
vorstellungsgesprache	4953945
pratorianer	4953944
ohja	4953943
walkie	4953942
doppeldate	4953941
heimen	4953940
mechanischer	4953939
abzusuchen	4953938
sauerstoffzufuhr	4953937
leids	4953936
wards	4953935
aswang	4953934
moonraker	4953933
cinque	4953932
naturgesetze	4953931
geschaftsplan	4953930
menschsein	4953929
schlupfwinkel	4953928
hannigan	4953927
oberflachlichen	4953926
fortgefuhrt	4953925
lebensziel	4953924
dogge	4953923
aufzuschlagen	4953922
betriebsrat	4953921
verplant	4953920
wet	4953919
pace	4953918
gewittert	4953917
schiessubungen	4953916
steinbock	4953915
vorgesehenen	4953914
satsuki	4953913
dorrfleisch	4953912
wassertropfen	4953911
todsunden	4953910
landwirtschaftliche	4953909
schriftzug	4953908
kath	4953907
verzuckung	4953906
stottere	4953905
ns	4953904
tippst	4953903
anfingst	4953902
fruhlingstag	4953901
maje	4953900
regung	4953899
ambitioniert	4953898
oates	4953897
pharisaer	4953896
abertausende	4953895
toola	4953894
bewegungslos	4953893
isaiah	4953892
dabehalten	4953891
dior	4953890
beigeben	4953889
rausgetragen	4953888
ruslan	4953887
abgeklappert	4953886
kopflos	4953885
stockt	4953884
kochs	4953883
neutronen	4953882
weitergefahren	4953881
schnitzereien	4953880
truly	4953879
wasserdruck	4953878
nattie	4953877
hinterhaltiges	4953876
weihnachtsstern	4953875
tragischerweise	4953874
bainbridge	4953873
lautsprecherdurchsage	4953872
zerrissenen	4953871
worthington	4953870
zeugten	4953869
joringel	4953868
liegenbleiben	4953867
achteinhalb	4953866
niagarafalle	4953865
anfanglich	4953864
harteren	4953863
lakes	4953862
spezialagent	4953861
vorangekommen	4953860
gurtelschnalle	4953859
dec	4953858
natural	4953857
mclean	4953856
gearscht	4953855
entflammen	4953854
youssef	4953853
kopfzerbrechen	4953852
heimtuckische	4953851
rookie	4953850
heine	4953849
vetheuil	4953848
angeschrieen	4953847
hochentwickelte	4953846
variable	4953845
bewegungsfreiheit	4953844
abzukuhlen	4953843
venture	4953842
weimar	4953841
zugemutet	4953840
kiwi	4953839
siegreiche	4953838
gianopolous	4953837
fossilen	4953836
liebiing	4953835
nimmo	4953834
kingo	4953833
anlegte	4953832
goken	4953831
qualmen	4953830
rosette	4953829
hullt	4953828
tracks	4953827
sterile	4953826
verschlag	4953825
tine	4953824
prallte	4953823
umhangen	4953822
tiara	4953821
anthropologe	4953820
dahl	4953819
dearden	4953818
crisp	4953817
biochemische	4953816
existent	4953815
gurrt	4953814
olfelder	4953813
systemherren	4953812
lammkeule	4953811
iwf	4953810
ratsmitglied	4953809
schmelztiegel	4953808
lesley	4953807
stitch	4953806
turniers	4953805
tricksen	4953804
anluge	4953803
thalberg	4953802
durchsprechen	4953801
demi	4953800
pawlowitsch	4953799
chain	4953798
yegor	4953797
vatertag	4953796
dickste	4953795
antonin	4953794
vorfeld	4953793
maybourne	4953792
tidwell	4953791
duzt	4953790
kinderkriegen	4953789
rausstellt	4953788
akka	4953787
wurdelos	4953786
vorzugen	4953785
pints	4953784
verschwimmen	4953783
messung	4953782
verena	4953781
spendensammlung	4953780
stopfst	4953779
reinbeissen	4953778
molin	4953777
balu	4953776
hammersmith	4953775
jugendgefangnis	4953774
tona	4953773
explodierenden	4953772
kryptonischen	4953771
lappland	4953770
flocken	4953769
weihnachts	4953768
vermeintliche	4953767
sauglinge	4953766
sheridans	4953765
wolkenbruch	4953764
taterin	4953763
vergewissert	4953762
bluebird	4953761
matsushima	4953760
arendelle	4953759
beschlusse	4953758
parolen	4953757
breton	4953756
ratchett	4953755
engere	4953754
vermurkst	4953753
sounds	4953752
easter	4953751
heterosexuelle	4953750
zusammenfinden	4953749
kreisel	4953748
ausdrucklichen	4953747
schlappmachen	4953746
kanus	4953745
duftende	4953744
utopium	4953743
mystisch	4953742
alais	4953741
amarillo	4953740
daumeline	4953739
vokabeln	4953738
costco	4953737
malfoy	4953736
novotny	4953735
mellberg	4953734
aiiianz	4953733
ausgeknockt	4953732
marzia	4953731
funfen	4953730
siesind	4953729
schneite	4953728
solaris	4953727
azul	4953726
fifty	4953725
unmoglichem	4953724
upload	4953723
untot	4953722
vorarbeit	4953721
umsorgt	4953720
damlichste	4953719
innehalten	4953718
gemachter	4953717
traben	4953716
bubbie	4953715
raumbasis	4953714
kaffeebecher	4953713
prahlte	4953712
omnimago	4953711
geschwollenen	4953710
todschick	4953709
vicente	4953708
goode	4953707
pjongjang	4953706
bothwell	4953705
versagern	4953704
wiggum	4953703
frostbeulen	4953702
ungeschutzten	4953701
unterkiefer	4953700
salate	4953699
predigte	4953698
nachgeschmack	4953697
schonheitschirurgen	4953696
mitgehe	4953695
vermisstenmeldung	4953694
medizinstudenten	4953693
nordberg	4953692
privatgelande	4953691
schallendes	4953690
tampico	4953689
packet	4953688
abonniert	4953687
bettlerin	4953686
kofferchen	4953685
satansbraten	4953684
rammer	4953683
schurhaken	4953682
sekundanten	4953681
chirurgischer	4953680
bestialisch	4953679
thies	4953678
eingreiftruppe	4953677
gigant	4953676
hymie	4953675
umgestiegen	4953674
tavernier	4953673
keiichi	4953672
milky	4953671
davongemacht	4953670
mallard	4953669
singenden	4953668
ausgestopften	4953667
besorgung	4953666
rianne	4953665
rackham	4953664
probably	4953663
fearless	4953662
spinnerin	4953661
umkommt	4953660
neufundland	4953659
bekannteste	4953658
neuner	4953657
bounty	4953656
forschern	4953655
rosarote	4953654
kletterten	4953653
kundinnen	4953652
kantmiss	4953651
mirakelhof	4953650
lancey	4953649
musikgeschmack	4953648
festivals	4953647
kiddo	4953646
luftrohrenschnitt	4953645
lonneberga	4953644
maslowa	4953643
atze	4953642
unterhemd	4953641
isolierten	4953640
moab	4953639
martyrerin	4953638
gastfreundlichkeit	4953637
marschiere	4953636
fussnagel	4953635
kopft	4953634
piedmont	4953633
geschwollene	4953632
lovecraft	4953631
verbietest	4953630
kochkurs	4953629
craigs	4953628
atrium	4953627
raynard	4953626
empfangshalle	4953625
akupunktur	4953624
schiffsarzt	4953623
abwirft	4953622
porridge	4953621
mingo	4953620
durchzudringen	4953619
huike	4953618
hightech	4953617
krimskrams	4953616
staatskasse	4953615
einstweilen	4953614
modisch	4953613
wigand	4953612
horsaal	4953611
angeschrieben	4953610
throne	4953609
exorzist	4953608
wohltaten	4953607
abreisst	4953606
fords	4953605
dachschaden	4953604
patriotischen	4953603
klingonisches	4953602
einplanen	4953601
lachse	4953600
erdogan	4953599
eiling	4953598
folterten	4953597
aufwarten	4953596
acerola	4953595
deja	4953594
ff	4953593
gewacht	4953592
lafleur	4953591
schwimmenden	4953590
squares	4953589
grottenschlecht	4953588
fracking	4953587
fourth	4953586
wizard	4953585
knacks	4953584
panorama	4953583
urteils	4953582
mores	4953581
gehisst	4953580
fangzahne	4953579
zuzu	4953578
astronomisch	4953577
hauptstrassen	4953576
sο	4953575
smelly	4953574
altruan	4953573
axe	4953572
ubersetz	4953571
wilford	4953570
geweht	4953569
wespennest	4953568
verzichtete	4953567
mittelalters	4953566
krummes	4953565
trubselig	4953564
waverly	4953563
theoretischen	4953562
schlusselfigur	4953561
belize	4953560
clermont	4953559
vermiest	4953558
kontroversen	4953557
taschendiebe	4953556
slide	4953555
dshamilja	4953554
jubelschreie	4953553
jagdhutte	4953552
geschmacklosen	4953551
yley	4953550
unstimmigkeit	4953549
herzlichsten	4953548
backstrom	4953547
bundsch	4953546
domenico	4953545
duftenden	4953544
dutt	4953543
wahljahr	4953542
aurelie	4953541
erstgeborener	4953540
verantwortungsgefuhl	4953539
allwissend	4953538
jaaaa	4953537
slogans	4953536
weiterging	4953535
beurlauben	4953534
zuruckbrachte	4953533
mitgewirkt	4953532
mutterlichen	4953531
feuerlord	4953530
baerlica	4953529
zerschlagt	4953528
schimpfte	4953527
ungereimtheiten	4953526
hirns	4953525
gescharft	4953524
zuruckverfolgbar	4953523
computerprogramm	4953522
stage	4953521
luftchen	4953520
doesn	4953519
boddy	4953518
bruderlich	4953517
pflichtbewusst	4953516
ansatze	4953515
verwohnten	4953514
drogensuchtiger	4953513
uberwindung	4953512
bogan	4953511
lagerung	4953510
feindseligen	4953509
taxen	4953508
sorgfaltige	4953507
staus	4953506
bestrebungen	4953505
ubernachsten	4953504
unfreiwillig	4953503
privilegierte	4953502
schneckenhaus	4953501
herrschten	4953500
supi	4953499
lugo	4953498
leichteres	4953497
shubin	4953496
taipeh	4953495
limone	4953494
schmerzfrei	4953493
gluckssache	4953492
sonderbaren	4953491
ichabod	4953490
muttis	4953489
eislaufen	4953488
huldigung	4953487
pall	4953486
dianas	4953485
herauszugeben	4953484
diozese	4953483
lebtest	4953482
entspringen	4953481
nachstgelegenen	4953480
bestarken	4953479
bundesstaatsanwalt	4953478
futterung	4953477
animieren	4953476
streut	4953475
kneissl	4953474
kopflose	4953473
scheckheft	4953472
gelange	4953471
hintun	4953470
mccord	4953469
omer	4953468
manege	4953467
speaker	4953466
television	4953465
darkseid	4953464
finanzielles	4953463
willigen	4953462
erwill	4953461
jagdgewehr	4953460
handgemenge	4953459
morgensonne	4953458
unterhaltsamer	4953457
musikalisches	4953456
jace	4953455
schuljahres	4953454
eisprung	4953453
mindert	4953452
petter	4953451
beeii	4953450
zerstochen	4953449
onanieren	4953448
hausangestellte	4953447
tongs	4953446
greenfield	4953445
kriegsminister	4953444
journey	4953443
enamorada	4953442
seerauber	4953441
unfassbare	4953440
nuklearer	4953439
fruhlingsrolle	4953438
sprengkraft	4953437
zustands	4953436
abgearbeitet	4953435
gepolter	4953434
ehrst	4953433
durchgesickert	4953432
pflegten	4953431
schulers	4953430
aufgreifen	4953429
hartnackiger	4953428
aktienmarkt	4953427
hingeworfen	4953426
fehlschlage	4953425
muskatnuss	4953424
kriegsherren	4953423
schwangerschaften	4953422
fortgehst	4953421
zugungluck	4953420
ackern	4953419
abgeschreckt	4953418
mitspielst	4953417
leduc	4953416
naritsugu	4953415
debussy	4953414
zentralrechner	4953413
untersuch	4953412
jupiters	4953411
eingearbeitet	4953410
euerm	4953409
funkel	4953408
bottel	4953407
hiromi	4953406
barfrau	4953405
abkriegt	4953404
schwatzt	4953403
abdanken	4953402
beifallklatschen	4953401
togusa	4953400
bertone	4953399
hintermanner	4953398
horzu	4953397
schmuckkastchen	4953396
entglitten	4953395
digitaler	4953394
nachuntersuchung	4953393
superkraften	4953392
tuo	4953391
quintessenz	4953390
planetenoberflache	4953389
abgefahrenes	4953388
vilar	4953387
retriever	4953386
washburn	4953385
posse	4953384
muchacho	4953383
musiklehrer	4953382
racquetball	4953381
near	4953380
euere	4953379
taut	4953378
zubrot	4953377
char	4953376
liston	4953375
schokoladenfabrik	4953374
vorplatz	4953373
pferdemist	4953372
unerlaubter	4953371
champs	4953370
reinigungsmittel	4953369
heuchlerisch	4953368
nachtflug	4953367
billigt	4953366
wenger	4953365
sabian	4953364
aufgesprungen	4953363
kaja	4953362
hackenbush	4953361
beweglichen	4953360
ishimatsu	4953359
getrockneten	4953358
ferraris	4953357
zwange	4953356
bomba	4953355
entgleist	4953354
explodierende	4953353
fahrlassige	4953352
finlay	4953351
gebrauche	4953350
lumpur	4953349
zuruckerobert	4953348
trog	4953347
klassenlehrer	4953346
pfadfinderehrenwort	4953345
neubau	4953344
eisern	4953343
moshe	4953342
casca	4953341
sesamstrasse	4953340
viktorianische	4953339
instabile	4953338
nickte	4953337
sudost	4953336
ferenginar	4953335
fluktuationen	4953334
beweinen	4953333
muffi	4953332
savino	4953331
tecumseh	4953330
vermassele	4953329
baylin	4953328
armeln	4953327
aufgedrangt	4953326
zollner	4953325
rayden	4953324
abkommling	4953323
containern	4953322
bogac	4953321
ungezogenes	4953320
burgerlicher	4953319
hemmen	4953318
lovejoy	4953317
eingelaufen	4953316
bangladesch	4953315
erregtes	4953314
seiteneingang	4953313
umweltschutz	4953312
marching	4953311
zimmertur	4953310
heraufbeschworen	4953309
crewes	4953308
bardot	4953307
vierundzwanzig	4953306
warfield	4953305
dingens	4953304
rettungshubschrauber	4953303
gepanzerte	4953302
plunderten	4953301
leidende	4953300
aprils	4953299
luce	4953298
hinschaut	4953297
caterina	4953296
honk	4953295
daliegen	4953294
notier	4953293
fonda	4953292
holgate	4953291
pieter	4953290
colada	4953289
zishe	4953288
marktwirtschaft	4953287
donati	4953286
beschlagnahmten	4953285
mobelpacker	4953284
alleinstehenden	4953283
alta	4953282
ruhigstellen	4953281
kalligraphie	4953280
heimischen	4953279
erschreckender	4953278
yah	4953277
militargefangnis	4953276
ubereinstimmend	4953275
liebestrank	4953274
suhlen	4953273
rumanische	4953272
heimatort	4953271
billigsten	4953270
hammonds	4953269
pico	4953268
legionar	4953267
vorreiter	4953266
schwulenbar	4953265
woodford	4953264
abermillionen	4953263
ungeheurer	4953262
furt	4953261
krippenspiel	4953260
ertappte	4953259
bezeuge	4953258
umkrempeln	4953257
einschluss	4953256
devine	4953255
beirren	4953254
lapidus	4953253
hanke	4953252
halsketten	4953251
abgelegene	4953250
catherlne	4953249
hedgefonds	4953248
gazpacho	4953247
obszonen	4953246
ohrringen	4953245
shields	4953244
ruderer	4953243
zuruckgebliebenen	4953242
gotteswillen	4953241
fleur	4953240
uberwachst	4953239
auri	4953238
schulfreunde	4953237
getextet	4953236
camino	4953235
pausieren	4953234
stinkend	4953233
caul	4953232
brandneuer	4953231
nissan	4953230
hasso	4953229
siebente	4953228
observation	4953227
websites	4953226
millionarin	4953225
speeren	4953224
appartements	4953223
seekrankheit	4953222
jagdgrunde	4953221
rinnen	4953220
aussatzigen	4953219
uberarbeitete	4953218
machtwort	4953217
napf	4953216
gangsters	4953215
abgrunde	4953214
gower	4953213
fernbeziehung	4953212
percival	4953211
trine	4953210
willkommener	4953209
aufspurt	4953208
aktes	4953207
afft	4953206
ungebuhrlich	4953205
bettwanzen	4953204
seibei	4953203
pennst	4953202
verburgt	4953201
faustkampf	4953200
ehrgeizigen	4953199
schwamme	4953198
zisterne	4953197
kurden	4953196
sichs	4953195
liebschaft	4953194
ursprunglicher	4953193
darueber	4953192
unsterblicher	4953191
allerliebste	4953190
spontaneitat	4953189
griesgram	4953188
schurt	4953187
actually	4953186
stina	4953185
toujours	4953184
teutates	4953183
nervenbahnen	4953182
vik	4953181
lilian	4953180
goober	4953179
bruderliche	4953178
arriba	4953177
chaplins	4953176
unterernahrt	4953175
neptune	4953174
silvers	4953173
gekrallt	4953172
rebadow	4953171
dazugeben	4953170
stingo	4953169
technology	4953168
mcallister	4953167
unbesiegt	4953166
phobien	4953165
bestach	4953164
liebenswerten	4953163
jappeloup	4953162
gna	4953161
grashalm	4953160
stratosphare	4953159
unbewohnbar	4953158
greggs	4953157
gum	4953156
geldhahn	4953155
schultasche	4953154
herunterfahren	4953153
cartagia	4953152
lesebrille	4953151
vertagung	4953150
wanderschaft	4953149
waschmaschinen	4953148
vetternwirtschaft	4953147
warb	4953146
tinle	4953145
uberbevolkerung	4953144
strahnchen	4953143
verbusst	4953142
sprungtor	4953141
susana	4953140
eingekerkert	4953139
mora	4953138
leblosen	4953137
parvati	4953136
abenteuerlustig	4953135
dankbaren	4953134
irr	4953133
satellite	4953132
huronen	4953131
blutrache	4953130
ringfinger	4953129
dekker	4953128
hochlegen	4953127
lachens	4953126
schiffer	4953125
zehrt	4953124
degas	4953123
attack	4953122
versiegelte	4953121
entflohener	4953120
prasselt	4953119
grummeln	4953118
geprellt	4953117
erfreue	4953116
kommandoschiff	4953115
wahrheitsgemass	4953114
sorgenfrei	4953113
dissidenten	4953112
ersatzbank	4953111
jugendlich	4953110
blendete	4953109
bernardino	4953108
kapitalist	4953107
tain	4953106
fernhaltst	4953105
baumstumpf	4953104
gefleht	4953103
rosco	4953102
komtesse	4953101
zusammenspiel	4953100
bonne	4953099
rahm	4953098
knoxville	4953097
nandi	4953096
stra	4953095
haushalte	4953094
silberdollar	4953093
lasch	4953092
lacherlichste	4953091
leeia	4953090
fonzie	4953089
madchenschule	4953088
gleichauf	4953087
quaid	4953086
micheline	4953085
zugestochen	4953084
betrugerischer	4953083
operette	4953082
gravitationsfeld	4953081
parzelle	4953080
wuchang	4953079
politikerin	4953078
vernachlassigung	4953077
wegkomme	4953076
benachteiligt	4953075
stonehenge	4953074
delegieren	4953073
joon	4953072
mccombs	4953071
bohre	4953070
primadonna	4953069
nervenzellen	4953068
eheberater	4953067
bemalte	4953066
cosmopolitan	4953065
konvois	4953064
atmend	4953063
mignon	4953062
superbowl	4953061
gifford	4953060
akima	4953059
yeo	4953058
kamerateam	4953057
harpers	4953056
unterstehe	4953055
hochgefahren	4953054
dunson	4953053
klospulung	4953052
ruckhalt	4953051
beluftung	4953050
heston	4953049
familienprobleme	4953048
verschnurt	4953047
gruppieren	4953046
ratsmitglieder	4953045
kifft	4953044
verzichtserklarung	4953043
laramie	4953042
serjoscha	4953041
zubinden	4953040
sullivans	4953039
boursac	4953038
wolfin	4953037
schabe	4953036
leger	4953035
zuruckgefuhrt	4953034
fleury	4953033
technikern	4953032
whow	4953031
deppert	4953030
goki	4953029
herunterfallen	4953028
aufzuschneiden	4953027
urenkel	4953026
laborkittel	4953025
hinlegt	4953024
terraner	4953023
gerichtsbarkeit	4953022
sudwarts	4953021
vertrocknete	4953020
mundo	4953019
einsichten	4953018
kacheln	4953017
thais	4953016
buchstabiere	4953015
rok	4953014
dirigiert	4953013
cabiria	4953012
verzuckt	4953011
dunkelste	4953010
cake	4953009
woolsey	4953008
abgrunds	4953007
ausdruckst	4953006
kurzatmigkeit	4953005
hausflur	4953004
reben	4953003
vergewissere	4953002
radford	4953001
juchzt	4953000
alljahrlichen	4952999
entrustet	4952998
bemuhung	4952997
segnete	4952996
beg	4952995
roulet	4952994
sektors	4952993
giancarlo	4952992
kuster	4952991
exchange	4952990
selbstuberschatzung	4952989
cheever	4952988
wahrscheinlichkeiten	4952987
privatdetektive	4952986
experimentell	4952985
umgestalten	4952984
kinderlied	4952983
besuchsrecht	4952982
mani	4952981
trishna	4952980
supercomputer	4952979
fairview	4952978
hammar	4952977
ausgereift	4952976
sportlichen	4952975
newt	4952974
fuhrpark	4952973
gwens	4952972
heimkomme	4952971
forschte	4952970
forestier	4952969
lolo	4952968
heizungskeller	4952967
rango	4952966
wawa	4952965
arschbombe	4952964
hierbleibst	4952963
volksfest	4952962
erzieherin	4952961
emo	4952960
kalmus	4952959
vorauszahlung	4952958
verklickern	4952957
boullee	4952956
eldon	4952955
hufschmied	4952954
teenie	4952953
bottich	4952952
schwedisches	4952951
goodweather	4952950
partitur	4952949
riten	4952948
ausgefallenen	4952947
tribeca	4952946
vogelscheuchen	4952945
staatsgeheimnis	4952944
cheerio	4952943
claras	4952942
hergefunden	4952941
barista	4952940
mulmig	4952939
ersthelfer	4952938
exportieren	4952937
blutbaden	4952936
versprechs	4952935
computerspiele	4952934
nachtlicher	4952933
pazzi	4952932
verger	4952931
nieman	4952930
unwahrheit	4952929
bouchard	4952928
olivias	4952927
unfahige	4952926
wilkinson	4952925
korrespondenten	4952924
sozialleistungen	4952923
obszonitat	4952922
unterhaltszahlungen	4952921
ricki	4952920
gesetzbuch	4952919
hulot	4952918
topaze	4952917
pepa	4952916
gegrillten	4952915
galavant	4952914
bewirkte	4952913
auszuleihen	4952912
spanky	4952911
shae	4952910
kiopfen	4952909
sugita	4952908
valois	4952907
auslasst	4952906
hatice	4952905
shades	4952904
manovriert	4952903
crossing	4952902
breed	4952901
ruhigeren	4952900
takao	4952899
bildschirme	4952898
angebettelt	4952897
sc	4952896
rabbis	4952895
spielball	4952894
widerstrebt	4952893
pfaffen	4952892
verfarbung	4952891
hexenschuss	4952890
berufsleben	4952889
innovative	4952888
bilderrahmen	4952887
bindeglied	4952886
kommentaren	4952885
quack	4952884
recycelt	4952883
wunders	4952882
einprogrammiert	4952881
neuestem	4952880
lustling	4952879
nica	4952878
rekrutierung	4952877
nachgepruft	4952876
ruberfahren	4952875
hunters	4952874
horacio	4952873
wohnraum	4952872
durchforstet	4952871
krzeminski	4952870
zugegebenermassen	4952869
bunty	4952868
felsenfest	4952867
seezunge	4952866
verwunderung	4952865
scream	4952864
verhungerst	4952863
fitzwilliam	4952862
aufden	4952861
konklave	4952860
turnblad	4952859
nantucket	4952858
halstead	4952857
abbremsen	4952856
florist	4952855
missverstehst	4952854
pic	4952853
erhoffe	4952852
klimpert	4952851
gutgetan	4952850
stalkerin	4952849
dadi	4952848
niedergelegt	4952847
neigte	4952846
schocker	4952845
suchmaschine	4952844
barrington	4952843
across	4952842
habitat	4952841
abrasieren	4952840
versiegen	4952839
ssr	4952838
mana	4952837
betreiber	4952836
sommerlager	4952835
trimester	4952834
koala	4952833
hemlock	4952832
konnest	4952831
cordoba	4952830
masaru	4952829
streichel	4952828
geschehnissen	4952827
tachykardie	4952826
tr	4952825
rasierapparat	4952824
anthropologin	4952823
schlitzer	4952822
katadreuffe	4952821
hupfte	4952820
familienwappen	4952819
tempeln	4952818
ausarbeitung	4952817
fortitude	4952816
sem	4952815
kelle	4952814
wuerden	4952813
synaptische	4952812
gluant	4952811
suboptimal	4952810
werdenden	4952809
bitterkalt	4952808
betazed	4952807
ignorierten	4952806
karens	4952805
unkenntlichkeit	4952804
flankieren	4952803
zugehorigkeit	4952802
wisteria	4952801
treter	4952800
handelns	4952799
forsche	4952798
saugst	4952797
herzmassage	4952796
pasa	4952795
schussverletzungen	4952794
blokt	4952793
romy	4952792
pups	4952791
nuckeln	4952790
norgelt	4952789
numerobis	4952788
erzeugten	4952787
nippen	4952786
trugbild	4952785
drogendeal	4952784
schuldzuweisungen	4952783
simoncelli	4952782
alby	4952781
gehende	4952780
conover	4952779
bradbury	4952778
entwurfen	4952777
hirnblutung	4952776
erddrache	4952775
calliope	4952774
gevatter	4952773
riesenhaufen	4952772
geraldine	4952771
cuddys	4952770
gejagten	4952769
anny	4952768
infusionen	4952767
kerkermeister	4952766
troubadour	4952765
verantwortungsvoller	4952764
unterzutauchen	4952763
kuala	4952762
alright	4952761
nuo	4952760
stoddart	4952759
umprogrammiert	4952758
kham	4952757
kataloge	4952756
wegzuschaffen	4952755
lieblicher	4952754
monogam	4952753
hazienda	4952752
conklin	4952751
aquadukt	4952750
unfallstelle	4952749
eintragungen	4952748
schlagmal	4952747
senores	4952746
grundrechte	4952745
zusehends	4952744
erwidere	4952743
sanne	4952742
saracen	4952741
scannte	4952740
hitzschlag	4952739
lauscher	4952738
spottpreis	4952737
kreditwurdig	4952736
versoffen	4952735
fransen	4952734
sutra	4952733
eggers	4952732
blickes	4952731
beschimpfst	4952730
willkommensparty	4952729
ungehobelter	4952728
beangstigender	4952727
chetley	4952726
fussnote	4952725
ahnungslose	4952724
schopfte	4952723
milchshakes	4952722
verfuhrerische	4952721
galja	4952720
bru	4952719
programmierten	4952718
geiziger	4952717
sable	4952716
fabrikat	4952715
uberquerten	4952714
messlatte	4952713
geruttelt	4952712
unverschamtes	4952711
gelegentlichen	4952710
kohlensaure	4952709
aberkannt	4952708
coggins	4952707
cowan	4952706
schulkameraden	4952705
haupthalle	4952704
physikalisch	4952703
galoppiert	4952702
linn	4952701
chefetage	4952700
selbstsucht	4952699
inhaftierten	4952698
entlaufen	4952697
nachrede	4952696
schlaffe	4952695
merthin	4952694
wegschnappen	4952693
verdrangung	4952692
kostenloser	4952691
rumzuschnuffeln	4952690
dryland	4952689
nixe	4952688
einwohnerzahl	4952687
hauptaufgabe	4952686
ehebett	4952685
eiizabeth	4952684
neueren	4952683
thaddaus	4952682
inspektoren	4952681
persie	4952680
verkracht	4952679
spusi	4952678
achselhohlen	4952677
jahrzehntelang	4952676
gepard	4952675
geniert	4952674
jigsaw	4952673
siamesischen	4952672
towns	4952671
muncie	4952670
ishida	4952669
niepolomski	4952668
bewasserung	4952667
buttons	4952666
sanken	4952665
dumpty	4952664
freiburg	4952663
ota	4952662
anlacheln	4952661
affairs	4952660
wolfie	4952659
freikommt	4952658
wortlos	4952657
souleymane	4952656
hinwerfen	4952655
azrael	4952654
jugendfrei	4952653
vulkanischer	4952652
anrucken	4952651
internationalem	4952650
langjahriger	4952649
herbrachten	4952648
verklagte	4952647
personenbeschreibung	4952646
andrer	4952645
friedenspfeife	4952644
inschriften	4952643
zachs	4952642
cleaver	4952641
vorgangerin	4952640
doppelschichten	4952639
begossen	4952638
zusammengerufen	4952637
geplanter	4952636
dothraki	4952635
massenhysterie	4952634
zerschmetterte	4952633
verursache	4952632
karriereleiter	4952631
verheiratetes	4952630
duschst	4952629
spezialauftrag	4952628
heilungsprozess	4952627
kosuke	4952626
spontaner	4952625
aquino	4952624
zuschieben	4952623
gerechtes	4952622
haupter	4952621
kuchenmacher	4952620
taiia	4952619
textilien	4952618
dragut	4952617
brunton	4952616
aufzulegen	4952615
hirtin	4952614
entzweien	4952613
generalfeldmarschall	4952612
pel	4952611
blutrausch	4952610
nebst	4952609
nachrichtensender	4952608
johlt	4952607
nachgeholfen	4952606
whipple	4952605
versenke	4952604
kurierdienst	4952603
frauleins	4952602
disziplinarverfahren	4952601
gaye	4952600
nothin	4952599
carpe	4952598
verdunnt	4952597
versace	4952596
zugekommen	4952595
kryptonier	4952594
arithmetik	4952593
tappt	4952592
attentatsversuch	4952591
kobba	4952590
ginas	4952589
hautausschlag	4952588
handball	4952587
lebensbedrohlich	4952586
scheppert	4952585
leckte	4952584
sicherheitsteams	4952583
prot	4952582
kojima	4952581
kammerchen	4952580
erminia	4952579
edelmut	4952578
talaxianer	4952577
philby	4952576
onigamiden	4952575
abkommens	4952574
kampfspuren	4952573
augenwinkel	4952572
zusammenzukommen	4952571
indes	4952570
hiram	4952569
beisammensein	4952568
veta	4952567
pladiere	4952566
korridors	4952565
baske	4952564
ruckschritt	4952563
anraten	4952562
untat	4952561
huld	4952560
stichfest	4952559
gaddafi	4952558
sweeper	4952557
urteilskraft	4952556
newgate	4952555
unterernahrung	4952554
anzeigetafel	4952553
jagdunfall	4952552
bedeutsames	4952551
flaschenoffner	4952550
mordmotiv	4952549
naylor	4952548
hosenbein	4952547
schulmeister	4952546
donaghy	4952545
akutes	4952544
terrorzelle	4952543
rendite	4952542
geleitschutz	4952541
lusche	4952540
entlohnung	4952539
hundi	4952538
bundnisse	4952537
angefullt	4952536
anzudeuten	4952535
feels	4952534
versteckter	4952533
plastiktuten	4952532
naturkundemuseum	4952531
einquartiert	4952530
zaubere	4952529
kultivierte	4952528
dasist	4952527
babineaux	4952526
gnomeo	4952525
mancuso	4952524
hassverbrechen	4952523
brennerei	4952522
drachens	4952521
tsi	4952520
geilsten	4952519
capa	4952518
zhong	4952517
revanchiere	4952516
geselliger	4952515
tips	4952514
spin	4952513
fenner	4952512
umzugswagen	4952511
ritas	4952510
entbinde	4952509
franzosinnen	4952508
lightcap	4952507
belanglose	4952506
forschungsschiff	4952505
entzunde	4952504
amcs	4952503
eingeborenensprache	4952502
schlugst	4952501
durchschneidet	4952500
deutlichen	4952499
schleudersitz	4952498
boxenstopp	4952497
beeindruckenden	4952496
scratch	4952495
softie	4952494
surfst	4952493
hinfahre	4952492
schilddruse	4952491
rauschgiftdezernat	4952490
erledigten	4952489
scheissgeld	4952488
hornissennest	4952487
leeta	4952486
ausstossen	4952485
aktionar	4952484
friedenskonferenz	4952483
wassergeist	4952482
besetztzeichen	4952481
kippst	4952480
musizieren	4952479
bourgeois	4952478
hylas	4952477
kraulen	4952476
anfallen	4952475
ph	4952474
zygonen	4952473
stobern	4952472
adels	4952471
richt	4952470
bertinelli	4952469
denkfabrik	4952468
meuterer	4952467
gotch	4952466
posey	4952465
angstlichen	4952464
beschissenste	4952463
luftblase	4952462
umgestimmt	4952461
georgien	4952460
abhielt	4952459
begunstigten	4952458
behammert	4952457
redselig	4952456
hexenjager	4952455
between	4952454
stummel	4952453
rhinozeros	4952452
desjenigen	4952451
naked	4952450
shunt	4952449
unvorhergesehene	4952448
dyle	4952447
faustschlag	4952446
weinbrand	4952445
titelkampf	4952444
attackierte	4952443
noriega	4952442
weiterbildung	4952441
kondo	4952440
faultier	4952439
belesen	4952438
yoshioka	4952437
wasseroberflache	4952436
zerfiel	4952435
soma	4952434
drogenabhangiger	4952433
gemutszustand	4952432
herc	4952431
normalisieren	4952430
kretin	4952429
seniorenheim	4952428
wartens	4952427
zahnweh	4952426
abmelden	4952425
fastfood	4952424
hollys	4952423
schuhsohlen	4952422
cowgirl	4952421
wahrsagen	4952420
arbeitskollegin	4952419
yus	4952418
graeme	4952417
nagelstudio	4952416
walnut	4952415
kontinuitat	4952414
granatsplitter	4952413
mahdi	4952412
geschaukelt	4952411
aufzurichten	4952410
haarburste	4952409
verfaulte	4952408
jahriger	4952407
elterlichen	4952406
heihachi	4952405
storsender	4952404
bannon	4952403
caspas	4952402
regieassistent	4952401
bastion	4952400
geneco	4952399
wolfram	4952398
wohltatig	4952397
verhaftest	4952396
phasern	4952395
kroll	4952394
esme	4952393
godard	4952392
ruinier	4952391
abschotten	4952390
schlangenfrau	4952389
edelmutig	4952388
raumfahre	4952387
bestattungsunternehmen	4952386
obskuren	4952385
fontainebleau	4952384
susswarenladen	4952383
porta	4952382
neurosen	4952381
europaisches	4952380
arztlicher	4952379
seereise	4952378
neutralitat	4952377
herfahren	4952376
fesselnde	4952375
beneidete	4952374
montenegro	4952373
uneins	4952372
nierensteine	4952371
pfefferminztee	4952370
selbstmordmission	4952369
uberzeugendes	4952368
frischkase	4952367
gimme	4952366
arbeitsvertrag	4952365
plait	4952364
idyllisch	4952363
scho	4952362
habicht	4952361
industrieller	4952360
hildur	4952359
pixote	4952358
stillsitzen	4952357
verletzlichkeit	4952356
res	4952355
vernahm	4952354
dreister	4952353
mcbain	4952352
mecky	4952351
vollstopfen	4952350
hoffend	4952349
kreationen	4952348
bleu	4952347
newsweek	4952346
ashram	4952345
privatlehrer	4952344
abbildung	4952343
offenbare	4952342
miro	4952341
teuerster	4952340
kriss	4952339
allied	4952338
gospel	4952337
sonderausgabe	4952336
oyster	4952335
pornofilm	4952334
gigs	4952333
sehnerv	4952332
zeder	4952331
landsleuten	4952330
affaire	4952329
hereingefallen	4952328
ungebetenen	4952327
frostig	4952326
wehwehchen	4952325
erleuchte	4952324
ungleich	4952323
neuro	4952322
pferdegetrappel	4952321
einfangt	4952320
klammerte	4952319
aufzusammeln	4952318
gekodert	4952317
tomasz	4952316
anzuschalten	4952315
schrieen	4952314
vorangetrieben	4952313
spukhaus	4952312
ramones	4952311
verfarbt	4952310
hooligans	4952309
waffenbruder	4952308
mobliert	4952307
zusammentrommeln	4952306
philosophischen	4952305
einsiehst	4952304
murrische	4952303
seniorpartner	4952302
widern	4952301
drewe	4952300
verhasst	4952299
rawhide	4952298
affengeil	4952297
gendwer	4952296
legendarer	4952295
albion	4952294
uberlieferung	4952293
filmstudio	4952292
karoline	4952291
apoll	4952290
pappas	4952289
aina	4952288
korban	4952287
zickiger	4952286
ineffizient	4952285
aris	4952284
brandmal	4952283
frauenhaus	4952282
entsprang	4952281
himura	4952280
hamre	4952279
reader	4952278
hrt	4952277
xenia	4952276
konturen	4952275
nuscht	4952274
mri	4952273
zweifels	4952272
sechsjahrigen	4952271
umziehe	4952270
zunehmenden	4952269
liebeslieder	4952268
rustikal	4952267
dichtungen	4952266
geheimoperationen	4952265
ausschweifungen	4952264
einnahm	4952263
longfellow	4952262
wutete	4952261
sexspielzeug	4952260
klettergerust	4952259
zunimmt	4952258
minusch	4952257
omatsu	4952256
absperrungen	4952255
autokolonne	4952254
ramo	4952253
dutchy	4952252
myles	4952251
scheffel	4952250
transports	4952249
rosti	4952248
budderball	4952247
gebunkert	4952246
meacham	4952245
loup	4952244
blutenden	4952243
truffeln	4952242
krankung	4952241
lupita	4952240
weihnachtsgeld	4952239
mcmurphy	4952238
diensthabenden	4952237
wohlsein	4952236
lovett	4952235
gemauer	4952234
brandopfer	4952233
zustimmte	4952232
sexualtrieb	4952231
meereen	4952230
festsitze	4952229
macky	4952228
carlsson	4952227
zerkratzen	4952226
viertausend	4952225
luftwaffenstutzpunkt	4952224
mitchel	4952223
italian	4952222
adela	4952221
reinschreiben	4952220
spielstand	4952219
ausfalle	4952218
barth	4952217
ausbildungslager	4952216
delly	4952215
presseerklarung	4952214
fettige	4952213
denkste	4952212
fernsehstar	4952211
hervorgehen	4952210
eindrang	4952209
martys	4952208
bevorzugten	4952207
kapitols	4952206
bespricht	4952205
gutglaubig	4952204
fratzen	4952203
gabelstapler	4952202
autorisieren	4952201
jahrzehnts	4952200
hochhauser	4952199
nachteinbruch	4952198
mikrochips	4952197
flachzulegen	4952196
beruchtigter	4952195
quad	4952194
beknackte	4952193
gentry	4952192
taka	4952191
borneo	4952190
feuchtigkeitscreme	4952189
grundmauern	4952188
abschiesst	4952187
lap	4952186
brautstrauss	4952185
timecodes	4952184
pharmazeutika	4952183
ersparnissen	4952182
jauchzt	4952181
trends	4952180
stolziert	4952179
kriegerischen	4952178
plaudere	4952177
besouro	4952176
rontgenblick	4952175
sitzungssaal	4952174
rudelfuhrer	4952173
silvania	4952172
chronischen	4952171
zeichneten	4952170
entschlusselung	4952169
uberschwemmen	4952168
vollnarkose	4952167
burgerkriegs	4952166
lebenslangliche	4952165
gesetzgeber	4952164
barbossa	4952163
since	4952162
mosaik	4952161
doughnut	4952160
mittelmassige	4952159
provokativ	4952158
gurukul	4952157
magenkrebs	4952156
maik	4952155
menschenleer	4952154
xy	4952153
blutezeit	4952152
akiko	4952151
chiara	4952150
gesamtsumme	4952149
kandi	4952148
verdorbener	4952147
ramzey	4952146
phd	4952145
jungfraulich	4952144
swanee	4952143
hochschicken	4952142
aufzuschieben	4952141
sic	4952140
sandbank	4952139
osterreichs	4952138
essbare	4952137
einflussreichsten	4952136
pferch	4952135
pluspunkte	4952134
literweise	4952133
bettel	4952132
zugegangen	4952131
uberreichte	4952130
bezuge	4952129
sicherheitsburo	4952128
zugpfeife	4952127
tibor	4952126
anzundet	4952125
janvier	4952124
russian	4952123
entstammt	4952122
drogenkonsum	4952121
luk	4952120
marconi	4952119
ausweispapiere	4952118
kalkuliert	4952117
uberlieferungen	4952116
magnussen	4952115
kakadu	4952114
geburtstagen	4952113
unempfindlich	4952112
fraida	4952111
keogh	4952110
gatlin	4952109
brockman	4952108
vika	4952107
salben	4952106
stockelschuhe	4952105
rumtreiber	4952104
zweifache	4952103
witch	4952102
veridian	4952101
lalo	4952100
tatsuo	4952099
familiengeheimnis	4952098
capote	4952097
burroughs	4952096
aktivist	4952095
charakteren	4952094
drogendealern	4952093
rowe	4952092
ayana	4952091
steckdosen	4952090
hattori	4952089
liebelei	4952088
widi	4952087
kuppeln	4952086
gangmitglied	4952085
telegrafenamt	4952084
engagierter	4952083
automotor	4952082
zuchte	4952081
inoperabel	4952080
pensacola	4952079
beflecken	4952078
kapellmeister	4952077
bongos	4952076
disharmonische	4952075
ewiglich	4952074
erdruckst	4952073
sklavenarbeit	4952072
bouvier	4952071
eirik	4952070
meissel	4952069
roanoke	4952068
heilbutt	4952067
whitlock	4952066
innerste	4952065
heissblutig	4952064
longley	4952063
jaunbie	4952062
artisten	4952061
faktisch	4952060
hundertsten	4952059
rausgeprugelt	4952058
oah	4952057
salzsaure	4952056
lookin	4952055
annaherungsversuche	4952054
philanthrop	4952053
vx	4952052
viviane	4952051
lieblingswort	4952050
durchstossen	4952049
grischka	4952048
khalil	4952047
ptolemaios	4952046
zornige	4952045
sasaki	4952044
verhangnisvolle	4952043
radioactive	4952042
screen	4952041
schneepflug	4952040
sponsern	4952039
entwenden	4952038
fruhgeburt	4952037
spots	4952036
auffordert	4952035
umzieht	4952034
rummelplatz	4952033
ubergewichtig	4952032
pazifischen	4952031
adem	4952030
giften	4952029
schwebende	4952028
isham	4952027
unvermeidlichen	4952026
katholisches	4952025
atheisten	4952024
verseuchte	4952023
tundra	4952022
unterwandert	4952021
propan	4952020
drey	4952019
kuhlsystem	4952018
orientierungssinn	4952017
anonymous	4952016
tomatensuppe	4952015
lumpy	4952014
einmaleins	4952013
fremdling	4952012
kjetil	4952011
harrisburg	4952010
limits	4952009
bespitzelt	4952008
zollt	4952007
ansteckt	4952006
krawalle	4952005
guðmundur	4952004
nimms	4952003
bluntschi	4952002
ballchen	4952001
reede	4952000
freizuhalten	4951999
miesesten	4951998
ausleeren	4951997
ubermenschlichen	4951996
intergalaktischen	4951995
psychiatrisches	4951994
wunschtraum	4951993
streckst	4951992
tales	4951991
raktajino	4951990
mathers	4951989
niederlanden	4951988
ausfullt	4951987
bauerntrampel	4951986
uberzeugungskraft	4951985
ponty	4951984
megatron	4951983
bashan	4951982
wischte	4951981
vermeer	4951980
herzensgute	4951979
tratscht	4951978
veroffentlichungen	4951977
austrittswunde	4951976
spruht	4951975
toxikologischen	4951974
mitziehen	4951973
grunts	4951972
glazer	4951971
tiff	4951970
trummerhaufen	4951969
ubermenschlich	4951968
verprassen	4951967
degeneriert	4951966
erwurgte	4951965
steigbugel	4951964
tarling	4951963
fussballtraining	4951962
menschengestalt	4951961
schweinekotelett	4951960
kajsa	4951959
abgewohnt	4951958
erprobt	4951957
zank	4951956
leatherface	4951955
apanatschi	4951954
dahingerafft	4951953
hirse	4951952
verliefen	4951951
uncut	4951950
kandahar	4951949
grundstucks	4951948
matten	4951947
punktet	4951946
erbsunde	4951945
mulholland	4951944
schani	4951943
begin	4951942
hf	4951941
vermasselte	4951940
vintage	4951939
subventionen	4951938
borman	4951937
schockzustand	4951936
uberraschendes	4951935
michiko	4951934
stiletto	4951933
entkraftet	4951932
drachmen	4951931
pikant	4951930
ballistische	4951929
untersuchst	4951928
geldgierig	4951927
waten	4951926
abspulen	4951925
geschutzte	4951924
kable	4951923
gesulze	4951922
ouzo	4951921
wimmelte	4951920
gutenachtgeschichte	4951919
indianisch	4951918
hlen	4951917
salpeter	4951916
jolinar	4951915
mantle	4951914
stecht	4951913
julebukk	4951912
graten	4951911
weihnachtsferien	4951910
assoziiert	4951909
eigil	4951908
stuff	4951907
milverton	4951906
eingeflosst	4951905
optik	4951904
roadie	4951903
freilasse	4951902
ankern	4951901
verlockende	4951900
hungernde	4951899
pran	4951898
erinnre	4951897
verzweifeltes	4951896
gleichbedeutend	4951895
kadi	4951894
abgetragen	4951893
eingelegte	4951892
megaphon	4951891
cogan	4951890
naturlichem	4951889
usbekistan	4951888
reinlasst	4951887
bundesbeamten	4951886
versicherten	4951885
illegalem	4951884
qm	4951883
apps	4951882
verlockendes	4951881
verliebtheit	4951880
nichtsnutzige	4951879
geheimsache	4951878
energiekern	4951877
zwielichtig	4951876
rondo	4951875
kovin	4951874
spint	4951873
nachbarhaus	4951872
haifa	4951871
warnst	4951870
undichten	4951869
coulsons	4951868
telefonklingel	4951867
konventionell	4951866
randaliert	4951865
kiev	4951864
schlafprobleme	4951863
runterspringen	4951862
bacchus	4951861
geteiltes	4951860
josua	4951859
cob	4951858
hinreichend	4951857
feststellte	4951856
gescheites	4951855
chicas	4951854
anlasten	4951853
zuruckkame	4951852
kriminallabor	4951851
lapdance	4951850
verordnungen	4951849
messerstich	4951848
handtuchern	4951847
beantwortung	4951846
nygma	4951845
natrium	4951844
angina	4951843
beschliesse	4951842
foren	4951841
loew	4951840
khang	4951839
traumhafte	4951838
gregorio	4951837
buhnen	4951836
jeppe	4951835
spendengala	4951834
gilliam	4951833
potentieller	4951832
jackman	4951831
vorbereite	4951830
kichi	4951829
traumfanger	4951828
rebekka	4951827
started	4951826
knauserig	4951825
fledermausen	4951824
bomb	4951823
fragile	4951822
strenges	4951821
facetten	4951820
knuddelig	4951819
kuchentur	4951818
nepomuk	4951817
kindesentfuhrung	4951816
schminkt	4951815
gepflogenheiten	4951814
gehsteig	4951813
mcgrath	4951812
boaz	4951811
zusammenkratzen	4951810
rojo	4951809
vagen	4951808
durchgestrichen	4951807
unabdingbar	4951806
kodos	4951805
prasidentensuite	4951804
haares	4951803
salle	4951802
morin	4951801
versenkte	4951800
mieder	4951799
niger	4951798
anschaute	4951797
beschwingt	4951796
ideales	4951795
jacquot	4951794
zerbrechliches	4951793
abkuhlt	4951792
bale	4951791
nachbauen	4951790
naturwissenschaft	4951789
stundenweise	4951788
gehaltsstufe	4951787
hochgeklettert	4951786
ez	4951785
verplappert	4951784
nebenrolle	4951783
verziehst	4951782
prahlerei	4951781
dietrichson	4951780
begabungen	4951779
gemeingefahrlich	4951778
bandage	4951777
spacko	4951776
austesten	4951775
kensei	4951774
verstauchung	4951773
heterosexuell	4951772
jensens	4951771
eiko	4951770
provoziere	4951769
konigslande	4951768
affekt	4951767
ferruccio	4951766
vernichtest	4951765
loan	4951764
parkway	4951763
putzmunter	4951762
synthetisches	4951761
errichtung	4951760
thanner	4951759
playa	4951758
dagobert	4951757
internes	4951756
durrer	4951755
gouda	4951754
strickt	4951753
wirtschaftsprufer	4951752
zustiess	4951751
mitfuhlende	4951750
ejakulation	4951749
ernestine	4951748
mozarts	4951747
alleingelassen	4951746
stehenlassen	4951745
ermahnt	4951744
mizio	4951743
cortland	4951742
darstellungen	4951741
terok	4951740
zugestandnis	4951739
aiian	4951738
wurfle	4951737
eingeritzt	4951736
kaka	4951735
autonummer	4951734
dorfman	4951733
ansatzpunkt	4951732
euros	4951731
ruckstandig	4951730
gummihandschuhe	4951729
rockland	4951728
mcintyre	4951727
bauernhofe	4951726
actual	4951725
yukon	4951724
modifizierten	4951723
korsar	4951722
bingham	4951721
jeter	4951720
ertrankte	4951719
weitsicht	4951718
rash	4951717
pines	4951716
necip	4951715
snell	4951714
eingespannt	4951713
ubersetzerin	4951712
bewerbungsgesprache	4951711
ausserlichkeiten	4951710
dreyman	4951709
vollbesitz	4951708
nebenkosten	4951707
hazlit	4951706
degenerierten	4951705
lka	4951704
senkte	4951703
cuisine	4951702
izmir	4951701
uberstand	4951700
beizeiten	4951699
oswalds	4951698
sympathische	4951697
samenspender	4951696
katies	4951695
attraktives	4951694
leinwande	4951693
uberempfindlich	4951692
auftragsmord	4951691
eheringe	4951690
affenarsch	4951689
gustafson	4951688
lauerte	4951687
gerinnt	4951686
kurzwahl	4951685
koffeinfrei	4951684
drachentoter	4951683
nitroglycerin	4951682
abnahme	4951681
danas	4951680
gemischtes	4951679
fabrikarbeiter	4951678
anspruchsvollen	4951677
versaumst	4951676
topsy	4951675
moderiert	4951674
gerri	4951673
vorlonen	4951672
auswurf	4951671
hochzunehmen	4951670
materialismus	4951669
enter	4951668
coates	4951667
zeitgenosse	4951666
simmerl	4951665
smike	4951664
strammer	4951663
dabo	4951662
russischem	4951661
sternenlicht	4951660
noi	4951659
durchfuhrbar	4951658
glucke	4951657
dufresne	4951656
lobster	4951655
merkwurdigste	4951654
doggy	4951653
bozo	4951652
kazak	4951651
googeln	4951650
anpfiff	4951649
soapy	4951648
vereins	4951647
kryptonische	4951646
marsianer	4951645
mallow	4951644
fluggaste	4951643
tierwelt	4951642
uneinig	4951641
barhocker	4951640
furie	4951639
esist	4951638
estefania	4951637
zuruckwerfen	4951636
tartaros	4951635
pingpong	4951634
ermuntern	4951633
nordwestlichen	4951632
augenbiick	4951631
kesselring	4951630
anzufreunden	4951629
abzuschlachten	4951628
junta	4951627
livingstone	4951626
neurales	4951625
straffreiheit	4951624
lodi	4951623
mutigsten	4951622
ausbugeln	4951621
gables	4951620
angelst	4951619
betrugerischen	4951618
ramponiert	4951617
gesundheitlich	4951616
schmetterlingen	4951615
schelten	4951614
carabinieri	4951613
korfu	4951612
unbezwingbar	4951611
liefst	4951610
terminals	4951609
bindestrich	4951608
spracht	4951607
hierbleibt	4951606
lesstorff	4951605
eigelb	4951604
entgegensehen	4951603
nachthemden	4951602
fahrgeld	4951601
borschtsch	4951600
hlmmelsdrache	4951599
notenergie	4951598
verben	4951597
kommandiere	4951596
gemeindehaus	4951595
lautrec	4951594
belvedere	4951593
belebten	4951592
rausfindest	4951591
zuzulegen	4951590
brisson	4951589
nanine	4951588
fca	4951587
durchdrehe	4951586
zusammensitzen	4951585
genickbruch	4951584
herbs	4951583
rieten	4951582
glico	4951581
assassin	4951580
skorbut	4951579
macmaster	4951578
bissel	4951577
tombola	4951576
schlangenbiss	4951575
nachtsicht	4951574
krill	4951573
drinne	4951572
misshandelte	4951571
verbruderung	4951570
unubertroffen	4951569
kartoffelpuree	4951568
widersetzte	4951567
misslichen	4951566
sirenengeheul	4951565
heiben	4951564
tanzunterricht	4951563
interessierts	4951562
bettelarm	4951561
strapse	4951560
briefbeschwerer	4951559
profits	4951558
unerwunschten	4951557
geschoren	4951556
pistazien	4951555
aufmacher	4951554
limbo	4951553
porco	4951552
unfahigen	4951551
familienmitgliedern	4951550
mee	4951549
kumpeln	4951548
lebensfahig	4951547
leeann	4951546
vergeltungsschlag	4951545
jamaikaner	4951544
kollekte	4951543
abregen	4951542
strahnen	4951541
herzhaft	4951540
conley	4951539
vorzugliche	4951538
grillparty	4951537
eingehenden	4951536
lugosi	4951535
royalton	4951534
eintuten	4951533
verganglichkeit	4951532
taquito	4951531
abbrach	4951530
mangelnder	4951529
sacht	4951528
biko	4951527
transformiert	4951526
wiederkehrt	4951525
bordcomputer	4951524
buttel	4951523
bloomfield	4951522
schweigegeld	4951521
mutterliebe	4951520
schnappschuss	4951519
blutgruppen	4951518
superstars	4951517
mietern	4951516
berggipfel	4951515
vorgesprochen	4951514
landeier	4951513
agenor	4951512
findelkind	4951511
riesenarsch	4951510
vonstatten	4951509
anfanglichen	4951508
lieblingssong	4951507
stagg	4951506
schwerverbrechen	4951505
andeutet	4951504
szymanski	4951503
anspielen	4951502
knappheit	4951501
sledge	4951500
nowak	4951499
hamlin	4951498
notgroschen	4951497
kaninchenbau	4951496
erforschte	4951495
kreuzzuge	4951494
burgerlich	4951493
harchen	4951492
schwefelsaure	4951491
fehlerhafte	4951490
knusprige	4951489
gilberts	4951488
fremdkorper	4951487
erbsensuppe	4951486
vergraulen	4951485
verkruppelten	4951484
rucker	4951483
schatzten	4951482
grassliches	4951481
depressive	4951480
rickys	4951479
endorphine	4951478
knalltute	4951477
malten	4951476
entsendet	4951475
runterkommst	4951474
rockys	4951473
wilmington	4951472
vasallen	4951471
reinnehmen	4951470
fanatismus	4951469
beasley	4951468
friedmann	4951467
flugzeuglarm	4951466
fellatio	4951465
ambiente	4951464
highlights	4951463
tsui	4951462
regatta	4951461
toxische	4951460
dorfbewohnern	4951459
archaologischen	4951458
aussatziger	4951457
wedelt	4951456
zuruckzufahren	4951455
quimby	4951454
sitcom	4951453
rauszunehmen	4951452
tanzlehrer	4951451
rapids	4951450
schockierte	4951449
proletariat	4951448
liebhabers	4951447
clausen	4951446
schleierhaft	4951445
loewen	4951444
aufzurufen	4951443
optimalen	4951442
ortchen	4951441
spazierstock	4951440
monsignor	4951439
lichterloh	4951438
auslauf	4951437
farn	4951436
fili	4951435
testeten	4951434
plauderei	4951433
ehrenvoller	4951432
aaaaah	4951431
seneca	4951430
nordischen	4951429
farblos	4951428
blutopfer	4951427
samurais	4951426
triangulieren	4951425
stechenden	4951424
scheunen	4951423
helix	4951422
hype	4951421
presidente	4951420
kellertur	4951419
runterrutschen	4951418
kwong	4951417
spulst	4951416
unnaturliche	4951415
pororo	4951414
mungo	4951413
augenhohle	4951412
gambrelli	4951411
generalversammlung	4951410
spielzeugen	4951409
challenger	4951408
polizeiakademie	4951407
atwater	4951406
jw	4951405
hitzeschild	4951404
ausstehenden	4951403
litern	4951402
zuruckgewonnen	4951401
erntedank	4951400
hungere	4951399
diskriminiert	4951398
regenfalle	4951397
vorgesetzt	4951396
wohlfuhlt	4951395
zeitreisende	4951394
teilzuhaben	4951393
sonnenblumen	4951392
attinger	4951391
marshalsea	4951390
tibbe	4951389
teng	4951388
kriegshelden	4951387
runterging	4951386
karr	4951385
relations	4951384
treues	4951383
cheerleading	4951382
zuruckdenke	4951381
ausgangsposition	4951380
being	4951379
rummacht	4951378
dickwanst	4951377
ersatzteilen	4951376
rundfahrt	4951375
hysterischen	4951374
vamonos	4951373
karaman	4951372
couchtisch	4951371
verlasslichen	4951370
beurlaubung	4951369
geringfugige	4951368
usw	4951367
unternahmen	4951366
kiffst	4951365
filmindustrie	4951364
stallone	4951363
halliday	4951362
tragflache	4951361
rogan	4951360
hineingeboren	4951359
mammuts	4951358
stubbins	4951357
grosshirnrinde	4951356
zustandes	4951355
einfacheres	4951354
verschaukeln	4951353
bouly	4951352
eisenstange	4951351
crying	4951350
uberweist	4951349
besorgniserregend	4951348
festgeschnallt	4951347
unterstellst	4951346
hummeln	4951345
zugeschuttet	4951344
achselhohle	4951343
suiten	4951342
transplantieren	4951341
latz	4951340
anklopft	4951339
verfugst	4951338
eisdiele	4951337
hochform	4951336
stibitzt	4951335
allerwertesten	4951334
abgesondert	4951333
innenleben	4951332
wievielten	4951331
wegpacken	4951330
vivia	4951329
tappe	4951328
cerebro	4951327
sicherheitsuberprufung	4951326
ausmassen	4951325
versinke	4951324
energiereserven	4951323
tiefkuhltruhe	4951322
privatangelegenheiten	4951321
dartmoor	4951320
brandbeschleuniger	4951319
krauss	4951318
galveston	4951317
bigelow	4951316
warmstens	4951315
selbstgemachte	4951314
aufmachte	4951313
sprechzimmer	4951312
barosky	4951311
jabba	4951310
boogeyman	4951309
murren	4951308
assi	4951307
islander	4951306
runterschalten	4951305
blossem	4951304
kriegsbemalung	4951303
hinterfrage	4951302
weltausstellung	4951301
chupacabra	4951300
offenhalten	4951299
peso	4951298
schmiedete	4951297
hertha	4951296
diabolo	4951295
sibel	4951294
mitwisser	4951293
interstellare	4951292
kopflosen	4951291
frikadellen	4951290
idea	4951289
hangten	4951288
startsequenz	4951287
abstellraum	4951286
gnadenschuss	4951285
milliardare	4951284
tores	4951283
upgrades	4951282
statist	4951281
asiens	4951280
rubergeschickt	4951279
mcp	4951278
riesenhunger	4951277
unreinen	4951276
curtain	4951275
gesteinigt	4951274
sportsgeist	4951273
ubernachtungen	4951272
angewachsen	4951271
samia	4951270
gap	4951269
hp	4951268
almost	4951267
kommandomodul	4951266
sakai	4951265
sichtfeld	4951264
idiotie	4951263
plunderungen	4951262
patensohn	4951261
hama	4951260
minirock	4951259
feinstes	4951258
missgluckt	4951257
juchzen	4951256
savoyen	4951255
laurens	4951254
pfauen	4951253
patentochter	4951252
meckie	4951251
zurucklaufen	4951250
deputys	4951249
kabinendruck	4951248
papis	4951247
zuverlassigkeit	4951246
heime	4951245
megans	4951244
finstern	4951243
ausreisserin	4951242
shady	4951241
margarine	4951240
tenia	4951239
ghidorah	4951238
mitchum	4951237
buchhandler	4951236
zuruckbekommt	4951235
humanitaren	4951234
spazierst	4951233
kitten	4951232
stromausfalle	4951231
leonora	4951230
friseure	4951229
allianzen	4951228
sekundare	4951227
malhotra	4951226
josepha	4951225
reihenhaus	4951224
sadismus	4951223
unsereiner	4951222
erkalte	4951221
catherines	4951220
fougasse	4951219
stuarts	4951218
besessenen	4951217
woodsboro	4951216
exklusivbericht	4951215
eliminierung	4951214
komodiant	4951213
rowley	4951212
woge	4951211
kneten	4951210
ausschreibung	4951209
dankend	4951208
pendler	4951207
zusammenarbeitest	4951206
pelzigen	4951205
euphemismus	4951204
aussichtslose	4951203
patientenakten	4951202
nachwachsen	4951201
harren	4951200
hiroko	4951199
delbert	4951198
finanzchef	4951197
birnam	4951196
gedehnt	4951195
vorbeikamen	4951194
ulme	4951193
generalbundesanwalt	4951192
kneife	4951191
layout	4951190
einkauft	4951189
tami	4951188
trudys	4951187
langstrumpf	4951186
auslosung	4951185
unwissentlich	4951184
schrottkiste	4951183
smokings	4951182
lateinamerikanische	4951181
blutwein	4951180
devils	4951179
musikalischer	4951178
bekanntmachen	4951177
aerobic	4951176
sock	4951175
einzelzelle	4951174
loswird	4951173
vergolten	4951172
steii	4951171
ausrusten	4951170
mops	4951169
abstammen	4951168
starkey	4951167
blutanalyse	4951166
romisch	4951165
geschlossenes	4951164
chappy	4951163
mondo	4951162
lieblingsbeschaftigung	4951161
jackass	4951160
wladiwostok	4951159
krasses	4951158
harue	4951157
mclaren	4951156
schwors	4951155
jorgensen	4951154
modells	4951153
mitwirken	4951152
befeuchten	4951151
dorfvorsteher	4951150
ultimate	4951149
scheinfirma	4951148
ksnig	4951147
halbstarken	4951146
vuitton	4951145
polarkreis	4951144
zuckerberg	4951143
destruktiv	4951142
weihnachtseinkaufe	4951141
vanya	4951140
tschechow	4951139
kriminalitatsrate	4951138
scheissspiel	4951137
summa	4951136
uberreizt	4951135
booa	4951134
gewordenen	4951133
fachausdruck	4951132
bewohnte	4951131
eisenstein	4951130
nomads	4951129
einfinden	4951128
zugelaufen	4951127
passive	4951126
vine	4951125
spielholle	4951124
friseurin	4951123
heimliches	4951122
unterdrucke	4951121
geleast	4951120
wiggin	4951119
reinschleichen	4951118
mundes	4951117
traffic	4951116
moschus	4951115
zurechtgekommen	4951114
intendantin	4951113
sondereinsatzkommando	4951112
kurses	4951111
babes	4951110
ruckkampf	4951109
herzloser	4951108
himbeere	4951107
kontern	4951106
gedenkstatte	4951105
milzbrand	4951104
glitzernden	4951103
nettigkeiten	4951102
damji	4951101
diebes	4951100
fernhalt	4951099
cirque	4951098
freudigen	4951097
geflasht	4951096
regisseurs	4951095
sans	4951094
stuckes	4951093
regimenter	4951092
hofdamen	4951091
echsen	4951090
tragbar	4951089
treiber	4951088
louison	4951087
potomac	4951086
kleides	4951085
vogelgrippe	4951084
strickler	4951083
widersetze	4951082
mieteten	4951081
kaukasus	4951080
vokale	4951079
jordon	4951078
schwachsinniger	4951077
affair	4951076
checkte	4951075
verewigt	4951074
trinidad	4951073
mccormack	4951072
abfarben	4951071
corrie	4951070
trinkerin	4951069
operierte	4951068
rabauken	4951067
thailandischen	4951066
eingereist	4951065
becket	4951064
gotteslasterer	4951063
absurditat	4951062
malachi	4951061
pflichterfullung	4951060
puzzleteil	4951059
zuckerstange	4951058
drakes	4951057
turrahmen	4951056
maclaren	4951055
buroraume	4951054
verderb	4951053
jacquard	4951052
lachelnde	4951051
gallifrey	4951050
aufgefahren	4951049
gordie	4951048
exekutive	4951047
flak	4951046
vics	4951045
mandarine	4951044
spoon	4951043
bup	4951042
fitzpatrick	4951041
zufriedene	4951040
kontinents	4951039
jemima	4951038
zuhaus	4951037
absacker	4951036
eizelle	4951035
abartige	4951034
akribisch	4951033
erziehungsanstalt	4951032
ubertraf	4951031
unbestatigten	4951030
gefrorenes	4951029
umzuleiten	4951028
durchschlafen	4951027
kochendes	4951026
winstone	4951025
miserables	4951024
roan	4951023
einzuatmen	4951022
metcalf	4951021
flusternde	4951020
unheilbare	4951019
beschrankter	4951018
kaute	4951017
boshafte	4951016
nachhaken	4951015
unbeschreibliche	4951014
verwirrende	4951013
onnte	4951012
kompakt	4951011
versauten	4951010
familiar	4951009
zugeguckt	4951008
pharmazeutische	4951007
shayne	4951006
zunehmende	4951005
flinke	4951004
typischerweise	4951003
nelsons	4951002
delphi	4951001
geflochten	4951000
selektion	4950999
prominent	4950998
verschluckte	4950997
virtuelles	4950996
lieferjunge	4950995
zuruckgestellt	4950994
tragweite	4950993
sattelt	4950992
grossraum	4950991
belauft	4950990
backgammon	4950989
mcneil	4950988
schwammkopf	4950987
warrens	4950986
architektin	4950985
federico	4950984
durchsickert	4950983
timmons	4950982
lockenwickler	4950981
sig	4950980
autoverkaufer	4950979
tsun	4950978
instandhaltung	4950977
forschungs	4950976
menus	4950975
erkennbare	4950974
hypnotiseur	4950973
produktiver	4950972
tokuhei	4950971
entflieht	4950970
auszulachen	4950969
grizz	4950968
vinzenz	4950967
naoto	4950966
leno	4950965
laboren	4950964
klubhaus	4950963
kitschige	4950962
puffy	4950961
schiesswutige	4950960
schlachtruf	4950959
grillfest	4950958
letterman	4950957
reinhart	4950956
schweinepriester	4950955
unkooperativ	4950954
regierungstruppen	4950953
vitaminen	4950952
zuruckbleibt	4950951
kimani	4950950
spross	4950949
daidalos	4950948
drilling	4950947
accessoire	4950946
quadrate	4950945
chattanooga	4950944
ci	4950943
kaveriamma	4950942
aufschlug	4950941
nichtsnutzigen	4950940
finanzkrise	4950939
blechschaden	4950938
tonlage	4950937
verstopfte	4950936
verteidigungssysteme	4950935
laine	4950934
vertragsbruch	4950933
mes	4950932
fluchtkapsel	4950931
quality	4950930
smash	4950929
arbeiterin	4950928
kickt	4950927
aufenthaltsorte	4950926
murmelte	4950925
pleasure	4950924
kulturelles	4950923
eingestandnis	4950922
angesiedelt	4950921
reaktorkern	4950920
attentats	4950919
mondfinsternis	4950918
nullkommanichts	4950917
fernzusehen	4950916
uberanstrengt	4950915
tollwutige	4950914
eiji	4950913
freudiger	4950912
minimaler	4950911
bahnbrechende	4950910
chiba	4950909
cu	4950908
ausbessern	4950907
twelve	4950906
regelmassiges	4950905
elastisch	4950904
mulan	4950903
dewy	4950902
chaough	4950901
tiefschlag	4950900
mullins	4950899
grease	4950898
gora	4950897
aurelien	4950896
weiterreichen	4950895
installiere	4950894
tyrells	4950893
hintergrundinformationen	4950892
zeitlimit	4950891
prez	4950890
drohnenangriff	4950889
schwirr	4950888
taxifahrt	4950887
filmaufnahmen	4950886
yintsi	4950885
speisezimmer	4950884
haushalten	4950883
justinian	4950882
rastete	4950881
ungerechten	4950880
garstig	4950879
gelungene	4950878
muir	4950877
maschen	4950876
lastwagenfahrer	4950875
gebrabbel	4950874
tsuya	4950873
bevorstand	4950872
trudi	4950871
krum	4950870
jorinde	4950869
camerons	4950868
chatsworth	4950867
gekammt	4950866
beurteilungen	4950865
ausgeweitet	4950864
rummy	4950863
ladd	4950862
outback	4950861
lanzetta	4950860
xiv	4950859
fluren	4950858
azmuth	4950857
auslacht	4950856
leonhard	4950855
schattens	4950854
erfurt	4950853
yokai	4950852
dienstvorschriften	4950851
teletota	4950850
lieblingssohn	4950849
ohrwurm	4950848
jano	4950847
gummistiefel	4950846
scheinheilige	4950845
koko	4950844
scherst	4950843
emsig	4950842
schwermut	4950841
