# lemma	count — freq ranking for --freq/--maxEntries (must-keep 20M+, top50k 5M-). MIT.
gato	23000000
perro	23000000
a	22000000
agua	22000000
aman	22000000
bebemos	22000000
buen	22000000
cada	22000000
casa	22000000
ciudad	22000000
comemos	22000000
de	22000000
del	22000000
el	22000000
en	22000000
escribe	22000000
escuela	22000000
gran	22000000
historia	22000000
historias	22000000
hombre	22000000
hombres	22000000
la	22000000
las	22000000
lee	22000000
libro	22000000
los	22000000
luego	22000000
manana	22000000
mujer	22000000
mundo	22000000
ninos	22000000
noche	22000000
nueva	22000000
palabra	22000000
pequena	22000000
toman	22000000
un	22000000
una	22000000
vamos	22000000
ve	22000000
vida	22000000
viejo	22000000
y	22000000
amar	21000000
amor	21000000
beber	21000000
bueno	21000000
comer	21000000
escribir	21000000
gata	21000000
grande	21000000
leer	21000000
nino	21000000
nuevo	21000000
pequeno	21000000
tomar	21000000
dar	20000000
decir	20000000
dia	20000000
estar	20000000
haber	20000000
hablar	20000000
hacer	20000000
ir	20000000
lengua	20000000
ojo	20000000
poder	20000000
querer	20000000
saber	20000000
ser	20000000
tener	20000000
tiempo	20000000
trabajo	20000000
venir	20000000
ver	20000000
que	5000000
no	4999999
es	4999998
lo	4999997
por	4999996
me	4999995
se	4999994
te	4999993
con	4999992
para	4999991
esta	4999990
mi	4999989
si	4999988
pero	4999987
bien	4999986
eso	4999985
su	4999984
yo	4999983
como	4999982
tu	4999981
aqui	4999980
al	4999979
mas	4999978
le	4999977
esto	4999976
todo	4999975
ya	4999974
estoy	4999973
muy	4999972
ahora	4999971
ha	4999970
algo	4999969
asi	4999968
hay	4999967
tengo	4999966
cuando	4999965
estas	4999964
nada	4999963
nos	4999962
este	4999961
o	4999960
he	4999959
puedo	4999958
tiene	4999957
quiero	4999956
ella	4999955
fue	4999954
gracias	4999953
era	4999952
vez	4999951
solo	4999950
soy	4999949
todos	4999948
porque	4999947
son	4999946
tienes	4999945
creo	4999944
sabes	4999943
estaba	4999942
voy	4999941
eres	4999940
puede	4999939
ese	4999938
usted	4999937
entonces	4999936
hola	4999935
verdad	4999934
tan	4999933
sus	4999932
quien	4999931
dos	4999930
nunca	4999929
esa	4999928
oh	4999927
donde	4999926
va	4999925
favor	4999924
quieres	4999923
senor	4999922
siento	4999921
mucho	4999920
mejor	4999919
hace	4999918
has	4999917
tambien	4999916
sobre	4999915
dios	4999914
sin	4999913
tenemos	4999912
estan	4999911
ti	4999910
puedes	4999909
alguien	4999908
siempre	4999907
hasta	4999906
cosas	4999905
ahi	4999904
anos	4999903
antes	4999902
ni	4999901
poco	4999900
uno	4999899
hecho	4999898
mis	4999897
estamos	4999896
otra	4999895
acuerdo	4999894
nosotros	4999893
parece	4999892
gente	4999891
mira	4999890
padre	4999889
sea	4999888
mismo	4999887
dijo	4999886
nadie	4999885
quiere	4999884
podria	4999883
ellos	4999882
vas	4999881
tal	4999880
fuera	4999879
despues	4999878
pasa	4999877
desde	4999876
han	4999875
dinero	4999874
les	4999873
claro	4999872
estado	4999871
otro	4999870
momento	4999869
habia	4999868
tenia	4999867
madre	4999866
haciendo	4999865
lugar	4999864
seguro	4999863
vale	4999862
sabe	4999861
tus	4999860
espera	4999859
podemos	4999858
cosa	4999857
sido	4999856
hijo	4999855
alli	4999854
tipo	4999853
menos	4999852
amigo	4999851
nuestro	4999850
mama	4999849
dias	4999848
papa	4999847
dice	4999846
tres	4999845
hoy	4999844
buena	4999843
necesito	4999842
dije	4999841
gusta	4999840
queria	4999839
parte	4999838
sera	4999837
todas	4999836
crees	4999835
conmigo	4999834
nombre	4999833
oye	4999832
nuestra	4999831
realmente	4999830
mal	4999829
debe	4999828
aun	4999827
mierda	4999826
mio	4999825
toda	4999824
hacerlo	4999823
visto	4999822
importa	4999821
contigo	4999820
tienen	4999819
alguna	4999818
razon	4999817
hemos	4999816
tanto	4999815
veces	4999814
hizo	4999813
ven	4999812
serio	4999811
idea	4999810
tarde	4999809
problema	4999808
hora	4999807
eh	4999806
cierto	4999805
dicho	4999804
demasiado	4999803
entre	4999802
pasado	4999801
estos	4999800
chica	4999799
policia	4999798
familia	4999797
deberia	4999796
ustedes	4999795
esos	4999794
chicos	4999793
cuenta	4999792
todavia	4999791
algun	4999790
haces	4999789
salir	4999788
unos	4999787
amigos	4999786
veo	4999785
vaya	4999784
pense	4999783
hermano	4999782
cabeza	4999781
sabia	4999780
carino	4999779
buenas	4999778
van	4999777
cualquier	4999776
forma	4999775
ah	4999774
digo	4999773
somos	4999772
debo	4999771
mientras	4999770
chico	4999769
lado	4999768
pueden	4999767
caso	4999766
seria	4999765
primera	4999764
paso	4999763
hice	4999762
quiza	4999761
genial	4999760
adios	4999759
supuesto	4999758
muchas	4999757
esas	4999756
personas	4999755
durante	4999754
volver	4999753
camino	4999752
contra	4999751
senora	4999750
hablando	4999749
muerto	4999748
pues	4999747
rapido	4999746
cual	4999745
manera	4999744
supongo	4999743
ayuda	4999742
iba	4999741
dentro	4999740
casi	4999739
ves	4999738
persona	4999737
quizas	4999736
entiendo	4999735
puerta	4999734
hacia	4999733
semana	4999732
primero	4999731
pasar	4999730
espero	4999729
significa	4999728
ano	4999727
tio	4999726
suerte	4999725
juntos	4999724
hey	4999723
pronto	4999722
feliz	4999721
siquiera	4999720
minutos	4999719
gustaria	4999718
cuanto	4999717
muerte	4999716
realidad	4999715
hija	4999714
dejar	4999713
problemas	4999712
vi	4999711
corazon	4999710
deja	4999709
dijiste	4999708
importante	4999707
miedo	4999706
jefe	4999705
os	4999704
horas	4999703
justo	4999702
hare	4999701
da	4999700
esposa	4999699
buenos	4999698
manos	4999697
debes	4999696
ojos	4999695
nuestros	4999694
viene	4999693
mano	4999692
adelante	4999691
otros	4999690
cinco	4999689
bajo	4999688
encontrar	4999687
cara	4999686
ninguna	4999685
cuidado	4999684
cerca	4999683
noches	4999682
venga	4999681
dejame	4999680
bastante	4999679
fin	4999678
escucha	4999677
unico	4999676
ningun	4999675
misma	4999674
suficiente	4999673
haya	4999672
equipo	4999671
punto	4999670
algunos	4999669
hubiera	4999668
necesita	4999667
llegar	4999666
sigue	4999665
clase	4999664
coche	4999663
cuatro	4999662
incluso	4999661
alla	4999660
tierra	4999659
primer	4999658
llama	4999657
dificil	4999656
aunque	4999655
hago	4999654
arriba	4999653
doctor	4999652
hiciste	4999651
dices	4999650
toma	4999649
guerra	4999648
pensar	4999647
ultima	4999646
loco	4999645
pueda	4999644
mujeres	4999643
sangre	4999642
fui	4999641
igual	4999640
vuelta	4999639
cuerpo	4999638
tenido	4999637
trabajar	4999636
ok	4999635
deberias	4999634
juego	4999633
e	4999632
algunas	4999631
cree	4999630
entrar	4999629
fiesta	4999628
podia	4999627
oportunidad	4999626
auto	4999625
listo	4999624
quieren	4999623
debemos	4999622
estabas	4999621
final	4999620
necesitamos	4999619
muchos	4999618
vete	4999617
telefono	4999616
meses	4999615
vivir	4999614
numero	4999613
posible	4999612
exactamente	4999611
abajo	4999610
hermana	4999609
habla	4999608
capitan	4999607
culpa	4999606
eran	4999605
atras	4999604
ello	4999603
ido	4999602
chicas	4999601
diciendo	4999600
pregunta	4999599
segundo	4999598
unas	4999597
fuerte	4999596
malo	4999595
dame	4999594
conozco	4999593
bebe	4999592
pasando	4999591
sabemos	4999590
mayor	4999589
vino	4999588
morir	4999587
comida	4999586
facil	4999585
lista	4999584
necesitas	4999583
creer	4999582
haga	4999581
probablemente	4999580
fueron	4999579
pensando	4999578
dime	4999577
habitacion	4999576
tuve	4999575
hijos	4999574
buscando	4999573
padres	4999572
trata	4999571
joven	4999570
par	4999569
amo	4999568
podrias	4999567
tampoco	4999566
sola	4999565
hacen	4999564
unica	4999563
medio	4999562
simplemente	4999561
dicen	4999560
seguir	4999559
sentido	4999558
saben	4999557
arma	4999556
dolares	4999555
alto	4999554
hagas	4999553
lejos	4999552
segura	4999551
esperar	4999550
puta	4999549
seis	4999548
estaban	4999547
estuvo	4999546
seguridad	4999545
preocupes	4999544
oficina	4999543
esperando	4999542
cama	4999541
matar	4999540
queda	4999539
ultimo	4999538
acerca	4999537
ire	4999536
luz	4999535
ademas	4999534
oido	4999533
dio	4999532
maldita	4999531
demonios	4999530
estara	4999529
tenga	4999528
habria	4999527
recuerdo	4999526
nuestras	4999525
correcto	4999524
sitio	4999523
siendo	4999522
verte	4999521
dormir	4999520
marido	4999519
di	4999518
idiota	4999517
conseguir	4999516
ayudar	4999515
paz	4999514
john	4999513
murio	4999512
pueblo	4999511
vivo	4999510
minuto	4999509
basta	4999508
dado	4999507
peor	4999506
anoche	4999505
venido	4999504
plan	4999503
piensa	4999502
deberiamos	4999501
llamar	4999500
diga	4999499
pais	4999498
pienso	4999497
digas	4999496
diablos	4999495
perdon	4999494
grandes	4999493
mucha	4999492
perdido	4999491
lleva	4999490
fuego	4999489
otras	4999488
diez	4999487
hospital	4999486
falta	4999485
maldito	4999484
llamado	4999483
nina	4999482
tuvo	4999481
jack	4999480
semanas	4999479
llevar	4999478
senorita	4999477
calle	4999476
cafe	4999475
especial	4999474
poner	4999473
acaba	4999472
afuera	4999471
orden	4999470
increible	4999469
prueba	4999468
rey	4999467
musica	4999466
querida	4999465
duro	4999464
hacemos	4999463
cuarto	4999462
mia	4999461
piensas	4999460
empezar	4999459
queremos	4999458
viaje	4999457
dire	4999456
querido	4999455
cielo	4999454
haria	4999453
detras	4999452
jugar	4999451
preguntas	4999450
real	4999449
pelicula	4999448
libre	4999447
llamada	4999446
puesto	4999445
resto	4999444
buscar	4999443
ropa	4999442
extrano	4999441
suena	4999440
cambio	4999439
vemos	4999438
agente	4999437
millones	4999436
irme	4999435
mala	4999434
habra	4999433
palabras	4999432
vuelve	4999431
perder	4999430
entiendes	4999429
hara	4999428
modo	4999427
general	4999426
presidente	4999425
raro	4999424
perfecto	4999423
trabajando	4999422
tratando	4999421
trato	4999420
informacion	4999419
conoces	4999418
derecho	4999417
quieras	4999416
usar	4999415
ayer	4999414
sexo	4999413
podriamos	4999412
the	4999411
noticias	4999410
odio	4999409
asesino	4999408
demas	4999407
estare	4999406
frente	4999405
armas	4999404
control	4999403
divertido	4999402
acabo	4999401
asunto	4999400
decirle	4999399
uh	4999398
grupo	4999397
encontrado	4999396
recuerdas	4999395
encima	4999394
callate	4999393
amiga	4999392
atencion	4999391
sam	4999390
diferente	4999389
mensaje	4999388
sino	4999387
sucede	4999386
dano	4999385
cambiar	4999384
siguiente	4999383
seas	4999382
dejo	4999381
boca	4999380
error	4999379
jamas	4999378
largo	4999377
bano	4999376
mil	4999375
medico	4999374
pena	4999373
decirte	4999372
secreto	4999371
sueno	4999370
pensaba	4999369
voz	4999368
novia	4999367
futuro	4999366
s	4999365
propia	4999364
siente	4999363
haz	4999362
estuve	4999361
supone	4999360
deben	4999359
encontre	4999358
fuerza	4999357
dile	4999356
estabamos	4999355
york	4999354
vuelto	4999353
edad	4999352
ambos	4999351
cita	4999350
aire	4999349
darle	4999348
dolor	4999347
verlo	4999346
pie	4999345
campo	4999344
negro	4999343
adonde	4999342
vio	4999341
asesinato	4999340
encanta	4999339
disculpe	4999338
mire	4999337
sistema	4999336
pobre	4999335
tuyo	4999334
gusto	4999333
lamento	4999332
estaria	4999331
ganar	4999330
fuiste	4999329
mente	4999328
llegado	4999327
negocio	4999326
ay	4999325
alrededor	4999324
tras	4999323
situacion	4999322
foto	4999321
pelo	4999320
ocurre	4999319
llamo	4999318
mato	4999317
loca	4999316
quiera	4999315
hotel	4999314
sientes	4999313
mitad	4999312
proxima	4999311
hablas	4999310
vosotros	4999309
funciona	4999308
recuerda	4999307
abogado	4999306
pagar	4999305
propio	4999304
i	4999303
compania	4999302
personal	4999301
terminado	4999300
viste	4999299
oficial	4999298
cena	4999297
michael	4999296
conoce	4999295
relacion	4999294
llego	4999293
tenias	4999292
monton	4999291
accidente	4999290
mejores	4999289
crei	4999288
bonito	4999287
pase	4999286
traves	4999285
estupido	4999284
sentir	4999283
ellas	4999282
caballeros	4999281
vive	4999280
caja	4999279
linea	4999278
eras	4999277
vista	4999276
pudo	4999275
charlie	4999274
tranquilo	4999273
joe	4999272
sol	4999271
dan	4999270
centro	4999269
mes	4999268
haremos	4999267
comprar	4999266
quedate	4999265
totalmente	4999264
tienda	4999263
completamente	4999262
mesa	4999261
hambre	4999260
david	4999259
io	4999258
tonto	4999257
gustan	4999256
entendido	4999255
respuesta	4999254
novio	4999253
carta	4999252
muchachos	4999251
salvo	4999250
normal	4999249
frank	4999248
muchacho	4999247
barco	4999246
placer	4999245
george	4999244
pude	4999243
siete	4999242
traje	4999241
pruebas	4999240
direccion	4999239
imposible	4999238
sean	4999237
blanco	4999236
dijeron	4999235
tom	4999234
quisiera	4999233
aca	4999232
profesor	4999231
tendra	4999230
carrera	4999229
servicio	4999228
hermosa	4999227
ley	4999226
hubo	4999225
programa	4999224
dejado	4999223
cumpleanos	4999222
boda	4999221
reunion	4999220
universidad	4999219
cancion	4999218
culo	4999217
espere	4999216
decirme	4999215
tengas	4999214
cualquiera	4999213
sala	4999212
sal	4999211
llevo	4999210
interesante	4999209
estes	4999208
tendras	4999207
entra	4999206
carajo	4999205
suelo	4999204
hicieron	4999203
necesario	4999202
horrible	4999201
detective	4999200
club	4999199
sientate	4999198
mike	4999197
maldicion	4999196
decision	4999195
escuchar	4999194
embargo	4999193
fotos	4999192
intentando	4999191
prisa	4999190
abuela	4999189
decia	4999188
muerta	4999187
silencio	4999186
dulce	4999185
gobierno	4999184
salio	4999183
avion	4999182
temo	4999181
carcel	4999180
nave	4999179
terrible	4999178
media	4999177
muertos	4999176
vamonos	4999175
amable	4999174
camara	4999173
terminar	4999172
regalo	4999171
ocho	4999170
pudiera	4999169
prometo	4999168
teniente	4999167
broma	4999166
negocios	4999165
partes	4999164
gracioso	4999163
papel	4999162
navidad	4999161
capaz	4999160
das	4999159
ataque	4999158
querias	4999157
diria	4999156
deseo	4999155
ten	4999154
juro	4999153
principio	4999152
mantener	4999151
don	4999150
investigacion	4999149
delante	4999148
vayas	4999147
basura	4999146
ejercito	4999145
esposo	4999144
encontramos	4999143
tren	4999142
sale	4999141
matrimonio	4999140
alegro	4999139
contacto	4999138
alma	4999137
dale	4999136
hazlo	4999135
junto	4999134
verdadero	4999133
maravilloso	4999132
tendre	4999131
disculpa	4999130
vine	4999129
permiso	4999128
pies	4999127
tuya	4999126
saberlo	4999125
maestro	4999124
libertad	4999123
encuentra	4999122
miren	4999121
derecha	4999120
tipos	4999119
tendremos	4999118
mirando	4999117
segun	4999116
oro	4999115
espacio	4999114
crimen	4999113
ninguno	4999112
baja	4999111
sorpresa	4999110
podrian	4999109
esperaba	4999108
locura	4999107
rato	4999106
veras	4999105
triste	4999104
segunda	4999103
infierno	4999102
peligro	4999101
anda	4999100
tia	4999099
abuelo	4999098
salud	4999097
senal	4999096
ante	4999095
honor	4999094
mayoria	4999093
llamas	4999092
conocido	4999091
escena	4999090
vieja	4999089
peter	4999088
pensado	4999087
vestido	4999086
doy	4999085
consejo	4999084
iglesia	4999083
drogas	4999082
intento	4999081
victima	4999080
departamento	4999079
paul	4999078
luna	4999077
caballo	4999076
baile	4999075
piso	4999074
hicimos	4999073
adentro	4999072
director	4999071
abre	4999070
vidas	4999069
bar	4999068
lindo	4999067
pregunto	4999066
agradable	4999065
edificio	4999064
viendo	4999063
carne	4999062
inteligente	4999061
parecia	4999060
sucedio	4999059
pone	4999058
cerebro	4999057
conocer	4999056
busca	4999055
enseguida	4999054
frio	4999053
mar	4999052
hablo	4999051
listos	4999050
vienen	4999049
cocina	4999048
izquierda	4999047
deje	4999046
trabaja	4999045
cargo	4999044
energia	4999043
linda	4999042
dare	4999041
simple	4999040
finalmente	4999039
duda	4999038
cerveza	4999037
regresar	4999036
hermoso	4999035
segundos	4999034
ocurrio	4999033
ayudarte	4999032
corte	4999031
puso	4999030
puedas	4999029
partido	4999028
creia	4999027
you	4999026
llega	4999025
mision	4999024
sabias	4999023
entender	4999022
opinion	4999021
cambiado	4999020
mirar	4999019
trae	4999018
haras	4999017
tendria	4999016
apenas	4999015
vere	4999014
sacar	4999013
ben	4999012
temprano	4999011
estuviera	4999010
bonita	4999009
creen	4999008
companero	4999007
perra	4999006
causa	4999005
oir	4999004
cenar	4999003
caliente	4999002
cuantos	4999001
existe	4999000
vuelva	4998999
base	4998998
publico	4998997
prision	4998996
tema	4998995
trasero	4998994
hablado	4998993
encontro	4998992
sargento	4998991
apuesto	4998990
cliente	4998989
hablamos	4998988
coronel	4998987
solia	4998986
encuentro	4998985
banco	4998984
quise	4998983
destino	4998982
norte	4998981
san	4998980
llave	4998979
excepto	4998978
irse	4998977
henry	4998976
pelea	4998975
salvar	4998974
ventana	4998973
zona	4998972
reina	4998971
vienes	4998970
posicion	4998969
excelente	4998968
peligroso	4998967
formas	4998966
max	4998965
necesitan	4998964
equivocado	4998963
james	4998962
veamos	4998961
juicio	4998960
viva	4998959
escuchame	4998958
especie	4998957
espalda	4998956
planeta	4998955
radio	4998954
podamos	4998953
ejemplo	4998952
diferencia	4998951
ultimos	4998950
irnos	4998949
exito	4998948
teniamos	4998947
volvere	4998946
humano	4998945
pedir	4998944
hogar	4998943
ia	4998942
calma	4998941
habian	4998940
regreso	4998939
fondo	4998938
modos	4998937
iremos	4998936
tenian	4998935
harry	4998934
parar	4998933
verme	4998932
lleno	4998931
enfermo	4998930
sere	4998929
debajo	4998928
respecto	4998927
jesus	4998926
miles	4998925
respeto	4998924
suenos	4998923
joder	4998922
estrella	4998921
unidos	4998920
pista	4998919
zapatos	4998918
pidio	4998917
darme	4998916
ordenes	4998915
estacion	4998914
ocupado	4998913
veremos	4998912
corre	4998911
dejes	4998910
nena	4998909
alta	4998908
darte	4998907
debido	4998906
salida	4998905
hacerte	4998904
experiencia	4998903
bailar	4998902
jimmy	4998901
duele	4998900
necesitaba	4998899
bill	4998898
arte	4998897
vistazo	4998896
parecer	4998895
diablo	4998894
podido	4998893
sur	4998892
nivel	4998891
juez	4998890
decirlo	4998889
paciente	4998888
oi	4998887
hayas	4998886
bolsa	4998885
color	4998884
jugando	4998883
hermanos	4998882
comandante	4998881
tratar	4998880
banda	4998879
llevas	4998878
proximo	4998877
libros	4998876
azul	4998875
sigues	4998874
mary	4998873
confiar	4998872
estaras	4998871
santo	4998870
sepa	4998869
volvio	4998868
tuvimos	4998867
aprender	4998866
completo	4998865
precio	4998864
tocar	4998863
obra	4998862
diferentes	4998861
verla	4998860
bob	4998859
danny	4998858
habeis	4998857
accion	4998856
jim	4998855
molesta	4998854
culpable	4998853
seran	4998852
reglas	4998851
cuestion	4998850
rio	4998849
bienvenido	4998848
ganas	4998847
interior	4998846
irte	4998845
ojala	4998844
informe	4998843
cielos	4998842
matado	4998841
teniendo	4998840
apartamento	4998839
llamare	4998838
alegra	4998837
esperanza	4998836
vea	4998835
pistola	4998834
vuelo	4998833
empezo	4998832
bomba	4998831
contar	4998830
vuelvo	4998829
abrir	4998828
tomo	4998827
sigo	4998826
empieza	4998825
acabado	4998824
quedarme	4998823
nueve	4998822
tony	4998821
cartas	4998820
vayan	4998819
definitivamente	4998818
aquel	4998817
probar	4998816
golpe	4998815
estilo	4998814
principal	4998813
estais	4998812
hacerle	4998811
bromeando	4998810
comun	4998809
preocupa	4998808
marcha	4998807
perdona	4998806
londres	4998805
pareces	4998804
rojo	4998803
steve	4998802
llaman	4998801
estaremos	4998800
traer	4998799
quedar	4998798
estados	4998797
nota	4998796
humanos	4998795
valor	4998794
verano	4998793
doble	4998792
cuello	4998791
conoci	4998790
suyo	4998789
animales	4998788
debia	4998787
repente	4998786
entrada	4998785
flores	4998784
guardia	4998783
tome	4998782
ama	4998781
tuviera	4998780
pareja	4998779
preparado	4998778
ira	4998777
tiempos	4998776
acaso	4998775
seras	4998774
isla	4998773
correr	4998772
fantastico	4998771
tarjeta	4998770
nick	4998769
piel	4998768
usa	4998767
perdi	4998766
hagan	4998765
gay	4998764
ayudarme	4998763
objetivo	4998762
jovenes	4998761
dejare	4998760
haberlo	4998759
maquina	4998758
llegue	4998757
alex	4998756
cierra	4998755
enemigo	4998754
exacto	4998753
imbecil	4998752
evitar	4998751
obviamente	4998750
luces	4998749
mentira	4998748
dando	4998747
larga	4998746
intentar	4998745
nuevos	4998744
dejalo	4998743
calor	4998742
refiero	4998741
entiende	4998740
traido	4998739
brazo	4998738
fuimos	4998737
escuche	4998736
intenta	4998735
blanca	4998734
llena	4998733
rico	4998732
pido	4998731
pedido	4998730
absolutamente	4998729
despierta	4998728
jane	4998727
piernas	4998726
hacerme	4998725
vos	4998724
justicia	4998723
opcion	4998722
sarah	4998721
escapar	4998720
vacaciones	4998719
movimiento	4998718
recordar	4998717
tomado	4998716
pantalones	4998715
salga	4998714
um	4998713
batalla	4998712
senores	4998711
majestad	4998710
paris	4998709
johnny	4998708
ganado	4998707
usando	4998706
habias	4998705
inocente	4998704
planes	4998703
fbi	4998702
visita	4998701
quedan	4998700
brillante	4998699
cine	4998698
pesar	4998697
especialmente	4998696
defensa	4998695
absoluto	4998694
mismos	4998693
nombres	4998692
bosque	4998691
toca	4998690
embarazada	4998689
olvidado	4998688
estudio	4998687
termino	4998686
presion	4998685
resulta	4998684
parecen	4998683
estupendo	4998682
deberian	4998681
perros	4998680
motivo	4998679
esperen	4998678
estuviste	4998677
suya	4998676
llaves	4998675
tommy	4998674
inmediatamente	4998673
salido	4998672
depende	4998671
tomando	4998670
espiritu	4998669
testigo	4998668
vuestra	4998667
sentimientos	4998666
quedarse	4998665
ridiculo	4998664
dieron	4998663
metros	4998662
laboratorio	4998661
casado	4998660
confianza	4998659
clientes	4998658
come	4998657
interesa	4998656
ray	4998655
damas	4998654
solamente	4998653
partir	4998652
ingles	4998651
acabar	4998650
soldados	4998649
beso	4998648
podra	4998647
ayudame	4998646
menudo	4998645
estrellas	4998644
trago	4998643
operacion	4998642
fe	4998641
cansado	4998640
cuantas	4998639
encantaria	4998638
noticia	4998637
proposito	4998636
eleccion	4998635
santa	4998634
brazos	4998633
dejas	4998632
enorme	4998631
llevare	4998630
anillo	4998629
muestra	4998628
viejos	4998627
calmate	4998626
soldado	4998625
vuestro	4998624
memoria	4998623
escrito	4998622
conversacion	4998621
saliendo	4998620
turno	4998619
refieres	4998618
asuntos	4998617
pequenos	4998616
caer	4998615
copa	4998614
t	4998613
preocupado	4998612
taxi	4998611
camion	4998610
tranquila	4998609
prefiero	4998608
esten	4998607
billy	4998606
trampa	4998605
peliculas	4998604
subir	4998603
dientes	4998602
responsable	4998601
bienvenida	4998600
red	4998599
llame	4998598
leche	4998597
reloj	4998596
cuentas	4998595
empresa	4998594
contrario	4998593
volvera	4998592
encantado	4998591
preguntar	4998590
heroe	4998589
victoria	4998588
restaurante	4998587
yendo	4998586
richard	4998585
decidido	4998584
oiga	4998583
volar	4998582
codigo	4998581
arbol	4998580
quienes	4998579
ruido	4998578
cayo	4998577
ibas	4998576
sonido	4998575
hubiese	4998574
coger	4998573
vendra	4998572
vender	4998571
alguno	4998570
pasada	4998569
tanta	4998568
corriendo	4998567
muere	4998566
naturaleza	4998565
herido	4998564
ei	4998563
imagen	4998562
millon	4998561
will	4998560
cabo	4998559
silla	4998558
colegio	4998557
vayamos	4998556
lucha	4998555
caballero	4998554
hielo	4998553
vengan	4998552
pan	4998551
momentos	4998550
prensa	4998549
malas	4998548
policias	4998547
tuviste	4998546
sentado	4998545
colega	4998544
llegamos	4998543
averiguar	4998542
proyecto	4998541
television	4998540
mark	4998539
robert	4998538
asiento	4998537
posibilidad	4998536
riesgo	4998535
caminar	4998534
senti	4998533
perdio	4998532
arreglar	4998531
papi	4998530
detente	4998529
luchar	4998528
hagamos	4998527
ideas	4998526
felices	4998525
sospechoso	4998524
locos	4998523
pared	4998522
pasara	4998521
quedo	4998520
encontraron	4998519
huellas	4998518
familiar	4998517
senoria	4998516
llorar	4998515
eddie	4998514
mirame	4998513
verde	4998512
dejeme	4998511
cantar	4998510
show	4998509
quedarte	4998508
playa	4998507
cabello	4998506
robo	4998505
nervioso	4998504
obtener	4998503
politica	4998502
enfermedad	4998501
puente	4998500
universo	4998499
seguramente	4998498
desastre	4998497
dama	4998496
unidad	4998495
pedi	4998494
bajar	4998493
gustaba	4998492
fuerzas	4998491
chris	4998490
cantidad	4998489
aquella	4998488
suficientemente	4998487
lugares	4998486
vengo	4998485
hable	4998484
ryan	4998483
velocidad	4998482
america	4998481
sirve	4998480
puertas	4998479
total	4998478
haberte	4998477
emergencia	4998476
bala	4998475
viento	4998474
debi	4998473
cono	4998472
cuchillo	4998471
mando	4998470
botella	4998469
sois	4998468
olvidalo	4998467
roto	4998466
perfecta	4998465
nuevas	4998464
epoca	4998463
permite	4998462
pierna	4998461
tiro	4998460
parque	4998459
perdone	4998458
puse	4998457
to	4998456
extrana	4998455
evidencia	4998454
desea	4998453
tonterias	4998452
verdadera	4998451
daniel	4998450
inspector	4998449
conocerte	4998448
nariz	4998447
solos	4998446
estupida	4998445
nosotras	4998444
distancia	4998443
and	4998442
espectaculo	4998441
descanso	4998440
viernes	4998439
llevaba	4998438
belleza	4998437
dejarlo	4998436
preocupe	4998435
dejaste	4998434
datos	4998433
maria	4998432
clases	4998431
jake	4998430
sube	4998429
gana	4998428
bobby	4998427
orgulloso	4998426
vera	4998425
martin	4998424
casas	4998423
area	4998422
apoyo	4998421
pocos	4998420
oigan	4998419
principe	4998418
pelear	4998417
serie	4998416
borracho	4998415
huevos	4998414
acabas	4998413
paseo	4998412
autobus	4998411
nacional	4998410
llamadas	4998409
verguenza	4998408
enferma	4998407
aquellos	4998406
ex	4998405
necesitar	4998404
podras	4998403
viviendo	4998402
animal	4998401
echar	4998400
conducir	4998399
sociedad	4998398
magia	4998397
estaran	4998396
amy	4998395
puntos	4998394
hechos	4998393
trajo	4998392
conocia	4998391
monstruo	4998390
inglaterra	4998389
detalles	4998388
caballos	4998387
aceptar	4998386
cuidar	4998385
enamorado	4998384
francia	4998383
envio	4998382
m	4998381
dedos	4998380
teneis	4998379
abierto	4998378
quede	4998377
princesa	4998376
cerdo	4998375
oeste	4998374
lleve	4998373
diste	4998372
despacio	4998371
uso	4998370
profesional	4998369
tengan	4998368
sentia	4998367
carga	4998366
contrato	4998365
date	4998364
robar	4998363
herida	4998362
humana	4998361
presente	4998360
agradezco	4998359
ayude	4998358
supe	4998357
acuerdas	4998356
humor	4998355
bienvenidos	4998354
oferta	4998353
adam	4998352
victimas	4998351
charles	4998350
hiciera	4998349
querria	4998348
mercado	4998347
recibir	4998346
leo	4998345
hubieras	4998344
directamente	4998343
sepas	4998342
casos	4998341
debio	4998340
contento	4998339
paga	4998338
d	4998337
oscuro	4998336
dara	4998335
secretos	4998334
grave	4998333
dura	4998332
seguros	4998331
eramos	4998330
digamos	4998329
regresa	4998328
mirada	4998327
preciosa	4998326
asesinado	4998325
abierta	4998324
tardes	4998323
piedra	4998322
jurado	4998321
escuchado	4998320
peso	4998319
ultimamente	4998318
jardin	4998317
creerlo	4998316
cerrar	4998315
proteger	4998314
comenzo	4998313
llevan	4998312
directo	4998311
actuar	4998310
angeles	4998309
pon	4998308
desaparecido	4998307
oscuridad	4998306
inmediato	4998305
central	4998304
sombrero	4998303
podre	4998302
marca	4998301
natural	4998300
sr	4998299
siga	4998298
intencion	4998297
sexual	4998296
privado	4998295
entro	4998294
termina	4998293
ponte	4998292
podremos	4998291
romper	4998290
gratis	4998289
comenzar	4998288
lider	4998287
companeros	4998286
llamame	4998285
relaciones	4998284
cambia	4998283
varios	4998282
cuesta	4998281
rayos	4998280
siguen	4998279
juegos	4998278
acceso	4998277
tantas	4998276
imagino	4998275
ponga	4998274
conseguido	4998273
felicidad	4998272
fantasma	4998271
pollo	4998270
puto	4998269
resultado	4998268
limpio	4998267
merece	4998266
amenaza	4998265
lastima	4998264
china	4998263
llevado	4998262
pastel	4998261
teoria	4998260
mintiendo	4998259
efecto	4998258
demonio	4998257
teatro	4998256
menor	4998255
dueno	4998254
calles	4998253
fiscal	4998252
necesidad	4998251
adn	4998250
creeme	4998249
ministro	4998248
brian	4998247
amas	4998246
razones	4998245
dedo	4998244
anna	4998243
medicina	4998242
local	4998241
habido	4998240
confia	4998239
cinta	4998238
haran	4998237
bella	4998236
kevin	4998235
negra	4998234
eric	4998233
recibido	4998232
fuese	4998231
busqueda	4998230
perfectamente	4998229
bastardo	4998228
dormido	4998227
normalmente	4998226
espada	4998225
polvo	4998224
roja	4998223
almuerzo	4998222
video	4998221
escuchando	4998220
tantos	4998219
pago	4998218
kate	4998217
cien	4998216
agujero	4998215
levantate	4998214
huele	4998213
costa	4998212
olvide	4998211
digame	4998210
diario	4998209
tonta	4998208
correo	4998207
aspecto	4998206
elegir	4998205
jerry	4998204
varias	4998203
angel	4998202
responsabilidad	4998201
llamando	4998200
sexy	4998199
carretera	4998198
recuerdos	4998197
enfermera	4998196
desayuno	4998195
escenario	4998194
militar	4998193
alcalde	4998192
propiedad	4998191
quiso	4998190
cerrado	4998189
encontraste	4998188
tv	4998187
comienzo	4998186
hayan	4998185
cuento	4998184
washington	4998183
voluntad	4998182
impresionante	4998181
perdiendo	4998180
sabido	4998179
ocurrido	4998178
it	4998177
interes	4998176
wow	4998175
andy	4998174
periodico	4998173
scott	4998172
mata	4998171
malos	4998170
descansar	4998169
campamento	4998168
comienza	4998167
fueras	4998166
fuente	4998165
desaparecio	4998164
intentarlo	4998163
intentado	4998162
pete	4998161
matarme	4998160
acto	4998159
oyes	4998158
mami	4998157
rachel	4998156
pecho	4998155
quedado	4998154
resultados	4998153
domingo	4998152
piensan	4998151
cansada	4998150
mate	4998149
numeros	4998148
ladron	4998147
kilometros	4998146
extra	4998145
deber	4998144
proceso	4998143
explicar	4998142
guapo	4998141
robado	4998140
metido	4998139
genio	4998138
enviar	4998137
manejar	4998136
miembro	4998135
primo	4998134
valiente	4998133
toque	4998132
poniendo	4998131
resolver	4998130
tomas	4998129
thomas	4998128
entrenador	4998127
ninas	4998126
creemos	4998125
modelo	4998124
debil	4998123
continuar	4998122
tercera	4998121
disculpas	4998120
gordo	4998119
agentes	4998118
talento	4998117
walter	4998116
harias	4998115
funcionar	4998114
puedan	4998113
sabado	4998112
antiguo	4998111
maravillosa	4998110
llevara	4998109
premio	4998108
crear	4998107
limpiar	4998106
papeles	4998105
primeros	4998104
asustado	4998103
queso	4998102
deprisa	4998101
tribunal	4998100
alcohol	4998099
tamano	4998098
entero	4998097
guapa	4998096
descubrir	4998095
in	4998094
roma	4998093
futbol	4998092
l	4998091
durmiendo	4998090
intente	4998089
mataron	4998088
sensacion	4998087
instituto	4998086
lados	4998085
olvides	4998084
pacientes	4998083
invitado	4998082
conocemos	4998081
examen	4998080
aeropuerto	4998079
montana	4998078
dejen	4998077
larry	4998076
disparar	4998075
llamaba	4998074
inutil	4998073
haberme	4998072
sheriff	4998071
iban	4998070
hables	4998069
olvidar	4998068
dispuesto	4998067
perdida	4998066
escuchen	4998065
cuerpos	4998064
profundo	4998063
lisa	4998062
grandioso	4998061
miembros	4998060
pertenece	4998059
gas	4998058
pones	4998057
gloria	4998056
amante	4998055
coge	4998054
encuentras	4998053
volviendo	4998052
penso	4998051
derechos	4998050
consigue	4998049
vuelvas	4998048
pongo	4998047
recuperar	4998046
conto	4998045
jeff	4998044
internet	4998043
importantes	4998042
claramente	4998041
pudiste	4998040
mataste	4998039
sienta	4998038
testigos	4998037
proteccion	4998036
hablemos	4998035
tendran	4998034
preguntaba	4998033
querian	4998032
camisa	4998031
escribio	4998030
medicos	4998029
frances	4998028
techo	4998027
declaracion	4998026
pequenas	4998025
disparo	4998024
comprendo	4998023
ibamos	4998022
idiotas	4998021
pensamos	4998020
ciencia	4998019
jason	4998018
amigas	4998017
cadaver	4998016
enviado	4998015
truco	4998014
esquina	4998013
discutir	4998012
sientese	4998011
pide	4998010
rosa	4998009
doctora	4998008
negros	4998007
chocolate	4998006
relajate	4998005
of	4998004
detener	4998003
recoger	4998002
llevamos	4998001
venganza	4998000
gracia	4997999
kelly	4997998
matt	4997997
enemigos	4997996
sucio	4997995
superior	4997994
saca	4997993
emily	4997992
lluvia	4997991
credito	4997990
americano	4997989
preocupada	4997988
tormenta	4997987
conexion	4997986
empezando	4997985
iras	4997984
vieron	4997983
cientos	4997982
criminal	4997981
europa	4997980
tengamos	4997979
rostro	4997978
temporada	4997977
veia	4997976
bote	4997975
pedazo	4997974
olor	4997973
diversion	4997972
casarse	4997971
libras	4997970
propios	4997969
compartir	4997968
recien	4997967
firma	4997966
senoras	4997965
tercer	4997964
entera	4997963
parecido	4997962
bebida	4997961
toques	4997960
disco	4997959
dave	4997958
lunes	4997957
material	4997956
cancer	4997955
curso	4997954
registro	4997953
contado	4997952
salon	4997951
antigua	4997950
vimos	4997949
continua	4997948
jodido	4997947
clark	4997946
computadora	4997945
precioso	4997944
sobrevivir	4997943
lago	4997942
tomare	4997941
parecio	4997940
complicado	4997939
vision	4997938
termine	4997937
pidiendo	4997936
viniste	4997935
pintura	4997934
sir	4997933
india	4997932
camaras	4997931
corta	4997930
efectivo	4997929
artista	4997928
discurso	4997927
fuertes	4997926
william	4997925
alan	4997924
leido	4997923
completa	4997922
cabron	4997921
ey	4997920
original	4997919
rock	4997918
hablaba	4997917
famoso	4997916
bordo	4997915
tumba	4997914
guste	4997913
hablan	4997912
consiguio	4997911
decirles	4997910
cae	4997909
annie	4997908
funeral	4997907
cargos	4997906
juntas	4997905
podias	4997904
verle	4997903
mapa	4997902
kim	4997901
helado	4997900
mentiras	4997899
nieve	4997898
felicidades	4997897
probable	4997896
mundial	4997895
droga	4997894
ted	4997893
corto	4997892
plato	4997891
vacio	4997890
muriendo	4997889
siglo	4997888
favorito	4997887
tarea	4997886
notas	4997885
destruir	4997884
falso	4997883
mueve	4997882
archivos	4997881
aparte	4997880
entrevista	4997879
dudo	4997878
equivocada	4997877
inteligencia	4997876
camioneta	4997875
cura	4997874
muevas	4997873
estudiante	4997872
oficiales	4997871
des	4997870
california	4997869
solucion	4997868
carro	4997867
conocen	4997866
malditos	4997865
sujeto	4997864
tecnologia	4997863
seguimos	4997862
dira	4997861
felicitaciones	4997860
n	4997859
responder	4997858
consegui	4997857
aparentemente	4997856
gira	4997855
quieto	4997854
new	4997853
fecha	4997852
escucho	4997851
construir	4997850
laura	4997849
kyle	4997848
presencia	4997847
condiciones	4997846
fria	4997845
social	4997844
saldra	4997843
ambas	4997842
aventura	4997841
rapidamente	4997840
carl	4997839
violencia	4997838
suponia	4997837
fortuna	4997836
empleo	4997835
solas	4997834
acciones	4997833
muevete	4997832
cortar	4997831
estudiantes	4997830
imaginar	4997829
bolso	4997828
familias	4997827
piloto	4997826
u	4997825
acabamos	4997824
carter	4997823
errores	4997822
trabajaba	4997821
pieza	4997820
empezamos	4997819
granja	4997818
comunidad	4997817
esperamos	4997816
desearia	4997815
grace	4997814
huesos	4997813
claire	4997812
quedas	4997811
movil	4997810
rara	4997809
ocupada	4997808
compre	4997807
convertido	4997806
controlar	4997805
tesoro	4997804
mono	4997803
estomago	4997802
legal	4997801
mensajes	4997800
tuvieron	4997799
molesto	4997798
okay	4997797
trabajas	4997796
invitados	4997795
corriente	4997794
llorando	4997793
perdoname	4997792
pregunte	4997791
duerme	4997790
ayudarle	4997789
chicago	4997788
busco	4997787
dejamos	4997786
aparece	4997785
ed	4997784
cerrada	4997783
amistad	4997782
bravo	4997781
esperas	4997780
pocas	4997779
alegria	4997778
respirar	4997777
planta	4997776
respuestas	4997775
socio	4997774
dejarme	4997773
llevaron	4997772
casada	4997771
mostrar	4997770
campana	4997769
canciones	4997768
llegaron	4997767
pagina	4997766
sabeis	4997765
enojado	4997764
motor	4997763
viven	4997762
emma	4997761
dejan	4997760
paquete	4997759
clave	4997758
salgan	4997757
cero	4997756
labios	4997755
reino	4997754
barrio	4997753
habiamos	4997752
esfuerzo	4997751
cierta	4997750
ritmo	4997749
caido	4997748
limpia	4997747
ruego	4997746
pelota	4997745
decirselo	4997744
clara	4997743
honesto	4997742
cola	4997741
bola	4997740
encontraremos	4997739
llevarte	4997738
cirugia	4997737
aburrido	4997736
asistente	4997735
poquito	4997734
matare	4997733
muchisimo	4997732
podeis	4997731
smith	4997730
taza	4997729
pondre	4997728
roger	4997727
andar	4997726
interesado	4997725
importancia	4997724
personalmente	4997723
compras	4997722
comido	4997721
gustas	4997720
tirar	4997719
correcta	4997718
aparecio	4997717
volvi	4997716
castillo	4997715
compromiso	4997714
luke	4997713
amaba	4997712
pasan	4997711
util	4997710
leccion	4997709
preguntarte	4997708
whisky	4997707
homicidio	4997706
dioses	4997705
venta	4997704
crea	4997703
huir	4997702
conseguiste	4997701
combate	4997700
celular	4997699
olvida	4997698
arboles	4997697
alice	4997696
rose	4997695
autos	4997694
empece	4997693
importaria	4997692
hablare	4997691
aseguro	4997690
estemos	4997689
bolsillo	4997688
caminando	4997687
pescado	4997686
abrigo	4997685
hacerse	4997684
ultimas	4997683
cuales	4997682
veinte	4997681
daria	4997680
sonrisa	4997679
supiera	4997678
matarlo	4997677
simon	4997676
alemanes	4997675
josh	4997674
lord	4997673
llegara	4997672
vueltas	4997671
entrenamiento	4997670
den	4997669
pobres	4997668
nerviosa	4997667
chaqueta	4997666
ja	4997665
promesa	4997664
articulo	4997663
vives	4997662
coches	4997661
atrapado	4997660
comisario	4997659
rompio	4997658
jenny	4997657
hablaremos	4997656
descubierto	4997655
vivos	4997654
sorprende	4997653
fabrica	4997652
confio	4997651
andando	4997650
joey	4997649
gary	4997648
piense	4997647
cobarde	4997646
estudiar	4997645
plata	4997644
desgracia	4997643
vaso	4997642
milagro	4997641
dejaron	4997640
b	4997639
susan	4997638
obvio	4997637
disculpen	4997636
ud	4997635
millas	4997634
encantador	4997633
pasamos	4997632
vean	4997631
encontrarlo	4997630
soportar	4997629
convierte	4997628
secundaria	4997627
preguntarle	4997626
phil	4997625
oigo	4997624
dejarte	4997623
viajar	4997622
firme	4997621
blancos	4997620
convirtio	4997619
alemania	4997618
charla	4997617
explosion	4997616
regla	4997615
matarte	4997614
bruja	4997613
leyes	4997612
maneras	4997611
moda	4997610
acaban	4997609
fueran	4997608
mantiene	4997607
vecinos	4997606
morgan	4997605
copia	4997604
cadena	4997603
grado	4997602
meter	4997601
educacion	4997600
quedare	4997599
lobo	4997598
vais	4997597
fumar	4997596
venia	4997595
cheque	4997594
vivia	4997593
odia	4997592
tios	4997591
anterior	4997590
especiales	4997589
mires	4997588
siguiendo	4997587
tratado	4997586
pizza	4997585
contenta	4997584
humanidad	4997583
analisis	4997582
madera	4997581
comiendo	4997580
jackson	4997579
lady	4997578
marina	4997577
quedara	4997576
parado	4997575
escaleras	4997574
consigo	4997573
trabajado	4997572
encargo	4997571
despacho	4997570
mayores	4997569
uniforme	4997568
usado	4997567
seres	4997566
lucy	4997565
tratamiento	4997564
chuck	4997563
poderes	4997562
alejate	4997561
levanta	4997560
salvaje	4997559
armario	4997558
azucar	4997557
asqueroso	4997556
mentiroso	4997555
estuvimos	4997554
matando	4997553
americanos	4997552
permitir	4997551
decidir	4997550
agencia	4997549
propias	4997548
libres	4997547
tira	4997546
parada	4997545
ambulancia	4997544
balas	4997543
coincidencia	4997542
licencia	4997541
conocimiento	4997540
compra	4997539
pedirle	4997538
doc	4997537
hank	4997536
llegando	4997535
encuentre	4997534
suave	4997533
ciertamente	4997532
suicidio	4997531
medios	4997530
cumplir	4997529
invierno	4997528
servicios	4997527
divorcio	4997526
posibilidades	4997525
funciono	4997524
ponerme	4997523
conductor	4997522
taylor	4997521
trataba	4997520
trafico	4997519
preguntando	4997518
lio	4997517
revista	4997516
quedamos	4997515
basicamente	4997514
canal	4997513
saltar	4997512
arthur	4997511
dijera	4997510
sopa	4997509
desierto	4997508
espejo	4997507
sabra	4997506
muchacha	4997505
decisiones	4997504
julie	4997503
casar	4997502
heridas	4997501
piscina	4997500
fiestas	4997499
pasos	4997498
oiste	4997497
sotano	4997496
ocasion	4997495
respira	4997494
dimelo	4997493
mover	4997492
quereis	4997491
arena	4997490
pienses	4997489
tim	4997488
llamarme	4997487
registros	4997486
pesadilla	4997485
elegido	4997484
karen	4997483
conciencia	4997482
pierde	4997481
iria	4997480
miras	4997479
frontera	4997478
dilo	4997477
senales	4997476
pez	4997475
llevando	4997474
oso	4997473
guardias	4997472
volvamos	4997471
equipos	4997470
ciento	4997469
salimos	4997468
hermanas	4997467
comportamiento	4997466
asustada	4997465
casarme	4997464
regrese	4997463
miel	4997462
alerta	4997461
escuchas	4997460
enamorada	4997459
paciencia	4997458
abogados	4997457
regalos	4997456
recibi	4997455
sali	4997454
mios	4997453
suceder	4997452
presento	4997451
revisar	4997450
seccion	4997449
murieron	4997448
echo	4997447
impresion	4997446
particular	4997445
ventaja	4997444
hazme	4997443
torre	4997442
trabajos	4997441
seremos	4997440
acusado	4997439
asesinos	4997438
llegas	4997437
dejando	4997436
hecha	4997435
despierto	4997434
aleman	4997433
ricos	4997432
jones	4997431
lei	4997430
sencillo	4997429
apuesta	4997428
seguido	4997427
aprendido	4997426
arresto	4997425
c	4997424
estarias	4997423
juega	4997422
imagenes	4997421
maggie	4997420
mirad	4997419
vinieron	4997418
virus	4997417
sientas	4997416
rapida	4997415
vigilancia	4997414
traduccion	4997413
pasaba	4997412
crisis	4997411
iguales	4997410
cuerda	4997409
sigan	4997408
fred	4997407
preparados	4997406
llamaste	4997405
perdiste	4997404
sacado	4997403
escuchaste	4997402
caza	4997401
serlo	4997400
ayudarnos	4997399
altura	4997398
vuelves	4997397
pene	4997396
largate	4997395
aviso	4997394
archivo	4997393
curiosidad	4997392
compro	4997391
vernos	4997390
gobernador	4997389
alarma	4997388
escritorio	4997387
mentir	4997386
encantadora	4997385
saco	4997384
orgullo	4997383
pasillo	4997382
muneca	4997381
daba	4997380
dulces	4997379
pajaro	4997378
sueltame	4997377
responde	4997376
palacio	4997375
preferiria	4997374
ruta	4997373
identidad	4997372
refiere	4997371
julia	4997370
esperan	4997369
vendria	4997368
zorra	4997367
sara	4997366
excusa	4997365
servir	4997364
ilegal	4997363
cruel	4997362
mexico	4997361
llamamos	4997360
sofa	4997359
doce	4997358
salgamos	4997357
pongas	4997356
ponerse	4997355
dejenme	4997354
concierto	4997353
criatura	4997352
rodillas	4997351
actitud	4997350
opciones	4997349
maximo	4997348
perdimos	4997347
jackie	4997346
ponen	4997345
hubieran	4997344
km	4997343
actor	4997342
bebes	4997341
gigante	4997340
gano	4997339
gritar	4997338
version	4997337
comodo	4997336
viniendo	4997335
permanecer	4997334
ayudara	4997333
recibio	4997332
precisamente	4997331
sombra	4997330
rastro	4997329
senador	4997328
facilmente	4997327
pura	4997326
ciego	4997325
deseos	4997324
cambios	4997323
cuida	4997322
asesinatos	4997321
encantada	4997320
suficientes	4997319
enfadado	4997318
jueves	4997317
firmar	4997316
medianoche	4997315
salsa	4997314
guarda	4997313
louis	4997312
incendio	4997311
ducha	4997310
documentos	4997309
aquello	4997308
entrega	4997307
donna	4997306
montanas	4997305
reales	4997304
poderoso	4997303
primavera	4997302
traigo	4997301
campeon	4997300
orgullosa	4997299
cruz	4997298
anteriormente	4997297
disculpeme	4997296
jugador	4997295
bebiendo	4997294
volveremos	4997293
howard	4997292
stan	4997291
seamos	4997290
comercial	4997289
garganta	4997288
condicion	4997287
casualidad	4997286
vivimos	4997285
fresco	4997284
pensamientos	4997283
identificacion	4997282
helen	4997281
decidi	4997280
dudas	4997279
adorable	4997278
llevarme	4997277
personaje	4997276
falsa	4997275
casados	4997274
humo	4997273
diles	4997272
tomamos	4997271
pensaste	4997270
tropas	4997269
vengas	4997268
privada	4997267
recompensa	4997266
feo	4997265
martes	4997264
distrito	4997263
aguanta	4997262
sesion	4997261
nacio	4997260
lily	4997259
virgen	4997258
lineas	4997257
digale	4997256
estudios	4997255
llevarlo	4997254
bestia	4997253
reputacion	4997252
vivido	4997251
muevanse	4997250
decidio	4997249
circunstancias	4997248
socorro	4997247
madame	4997246
cristo	4997245
francisco	4997244
dificiles	4997243
ayudando	4997242
miss	4997241
coma	4997240
ayudo	4997239
preguntado	4997238
park	4997237
muera	4997236
tribu	4997235
celda	4997234
explicacion	4997233
super	4997232
verlos	4997231
queriamos	4997230
junta	4997229
ron	4997228
castigo	4997227
nuevamente	4997226
vegas	4997225
ganador	4997224
hagamoslo	4997223
creas	4997222
quitate	4997221
misterio	4997220
caras	4997219
escapo	4997218
encontrare	4997217
terry	4997216
adivina	4997215
popular	4997214
guau	4997213
elizabeth	4997212
conocimos	4997211
favorita	4997210
ponerte	4997209
abby	4997208
vuestros	4997207
golpeo	4997206
hmm	4997205
veneno	4997204
envia	4997203
cabezas	4997202
preparada	4997201
manten	4997200
preocuparse	4997199
exterior	4997198
visitar	4997197
federal	4997196
impuestos	4997195
sentimos	4997194
puerto	4997193
traere	4997192
fila	4997191
audiencia	4997190
nacion	4997189
limite	4997188
abra	4997187
sucediendo	4997186
parezca	4997185
comprado	4997184
tierras	4997183
presentar	4997182
cia	4997181
apesta	4997180
competencia	4997179
dispara	4997178
muero	4997177
decirtelo	4997176
rescate	4997175
desaparecer	4997174
leyendo	4997173
cubierta	4997172
salen	4997171
volando	4997170
biblioteca	4997169
lograr	4997168
pasion	4997167
marcas	4997166
votos	4997165
superficie	4997164
panico	4997163
celebrar	4997162
abandonar	4997161
quieran	4997160
darles	4997159
patio	4997158
emocionante	4997157
salgo	4997156
elegante	4997155
pecado	4997154
ayudarlo	4997153
llegaste	4997152
llegan	4997151
dean	4997150
encantan	4997149
titulo	4997148
tetas	4997147
oceano	4997146
terapia	4997145
ambiente	4997144
fotografia	4997143
vehiculo	4997142
king	4997141
patrick	4997140
jefa	4997139
buscamos	4997138
trate	4997137
tonteria	4997136
andrew	4997135
cajas	4997134
voto	4997133
periodicos	4997132
encuentran	4997131
curioso	4997130
existen	4997129
esposas	4997128
distinto	4997127
lagrimas	4997126
enseno	4997125
chino	4997124
mirate	4997123
preparar	4997122
caro	4997121
bolas	4997120
decirnos	4997119
sally	4997118
rick	4997117
comite	4997116
asegurarme	4997115
intentas	4997114
pare	4997113
darnos	4997112
tomen	4997111
buscas	4997110
acepto	4997109
tripulacion	4997108
adecuado	4997107
gustado	4997106
escalera	4997105
peces	4997104
funcionando	4997103
cuan	4997102
amanda	4997101
mental	4997100
debiste	4997099
demostrar	4997098
vuelvan	4997097
alteza	4997096
autoridad	4997095
prometi	4997094
prometido	4997093
urgente	4997092
despedida	4997091
asegurate	4997090
terreno	4997089
pagado	4997088
experto	4997087
asco	4997086
mismas	4997085
crecer	4997084
dirige	4997083
luchando	4997082
lucas	4997081
julio	4997080
clinica	4997079
pasta	4997078
desagradable	4997077
podian	4997076
tyler	4997075
ma	4997074
anuncio	4997073
transporte	4997072
damos	4997071
piano	4997070
cristal	4997069
extranjero	4997068
my	4997067
patron	4997066
meta	4997065
gritando	4997064
pedazos	4997063
conde	4997062
maravilla	4997061
nacido	4997060
aprecio	4997059
detenido	4997058
nadar	4997057
hierba	4997056
jo	4997055
operaciones	4997054
johnson	4997053
sucedido	4997052
sentimiento	4997051
capaces	4997050
sabian	4997049
companera	4997048
hollywood	4997047
suelta	4997046
fisica	4997045
molly	4997044
italia	4997043
lento	4997042
pusieron	4997041
brown	4997040
medida	4997039
cocinar	4997038
arrestado	4997037
greg	4997036
custodia	4997035
honestamente	4997034
empezado	4997033
museo	4997032
tina	4997031
tele	4997030
fiebre	4997029
sales	4997028
asombroso	4997027
guardar	4997026
organizacion	4997025
gasolina	4997024
admitir	4997023
mina	4997022
conferencia	4997021
desafio	4997020
barry	4997019
roca	4997018
do	4997017
veas	4997016
ayudarla	4997015
atrapar	4997014
bombas	4997013
hitler	4997012
desgraciado	4997011
pantalla	4997010
fantasmas	4997009
amado	4997008
violacion	4997007
echa	4997006
ensenar	4997005
carlos	4997004
cruzar	4997003
moto	4997002
pudieras	4997001
deuda	4997000
digan	4996999
on	4996998
flor	4996997
roy	4996996
ruedas	4996995
extranos	4996994
flota	4996993
ross	4996992
ordenador	4996991
delicioso	4996990
vincent	4996989
paredes	4996988
huevo	4996987
ladrones	4996986
explica	4996985
objeto	4996984
pagan	4996983
amen	4996982
nacimiento	4996981
podiamos	4996980
hablarle	4996979
cable	4996978
haberle	4996977
literalmente	4996976
huh	4996975
maleta	4996974
canta	4996973
robin	4996972
dylan	4996971
sufrir	4996970
juan	4996969
pensamiento	4996968
guia	4996967
cigarrillo	4996966
usan	4996965
templo	4996964
habitaciones	4996963
tendrias	4996962
miro	4996961
mac	4996960
nathan	4996959
gordon	4996958
preocuparte	4996957
diras	4996956
episodio	4996955
treinta	4996954
actuacion	4996953
terminamos	4996952
estando	4996951
esperemos	4996950
disponible	4996949
that	4996948
texas	4996947
metal	4996946
kilos	4996945
galletas	4996944
metio	4996943
hablarte	4996942
acabe	4996941
intentare	4996940
practica	4996939
golpes	4996938
rica	4996937
escribi	4996936
parker	4996935
recientemente	4996934
alquiler	4996933
judios	4996932
prisioneros	4996931
habilidades	4996930
corazones	4996929
centavos	4996928
quita	4996927
paliza	4996926
alcance	4996925
metro	4996924
anne	4996923
recuerde	4996922
habilidad	4996921
amanecer	4996920
collar	4996919
delito	4996918
incidente	4996917
saludos	4996916
harto	4996915
civil	4996914
celoso	4996913
golf	4996912
volvemos	4996911
puro	4996910
practicamente	4996909
city	4996908
condado	4996907
marty	4996906
quitar	4996905
pastillas	4996904
grados	4996903
dispararon	4996902
hijas	4996901
restos	4996900
maestra	4996899
iran	4996898
concurso	4996897
haberse	4996896
evento	4996895
estuvieron	4996894
crema	4996893
wilson	4996892
aprendi	4996891
vecino	4996890
reaccion	4996889
llames	4996888
territorio	4996887
colores	4996886
cercano	4996885
criminales	4996884
casarte	4996883
marie	4996882
betty	4996881
adoro	4996880
division	4996879
tenerlo	4996878
aliento	4996877
atacar	4996876
emperador	4996875
montar	4996874
abran	4996873
botas	4996872
estuvieras	4996871
rumores	4996870
secreta	4996869
cuidate	4996868
contesta	4996867
ocurra	4996866
revolucion	4996865
aviones	4996864
entrado	4996863
piezas	4996862
dejala	4996861
conduce	4996860
capacidad	4996859
serpiente	4996858
romantico	4996857
jamie	4996856
encanto	4996855
refugio	4996854
boton	4996853
cometido	4996852
publica	4996851
imaginacion	4996850
golpear	4996849
adultos	4996848
mortal	4996847
hombro	4996846
mmm	4996845
consciente	4996844
trajiste	4996843
instrucciones	4996842
biblia	4996841
intentaba	4996840
motivos	4996839
olvido	4996838
enfrente	4996837
tontos	4996836
platos	4996835
echado	4996834
manda	4996833
tono	4996832
chloe	4996831
dejara	4996830
cierre	4996829
cooper	4996828
disfrutar	4996827
empleados	4996826
detalle	4996825
afortunado	4996824
buscan	4996823
espia	4996822
placa	4996821
fondos	4996820
muestras	4996819
ventanas	4996818
crimenes	4996817
raza	4996816
sabria	4996815
ricky	4996814
charlotte	4996813
antiguos	4996812
entendi	4996811
metas	4996810
sugiero	4996809
rata	4996808
cuadro	4996807
salvado	4996806
posiblemente	4996805
utilizar	4996804
reserva	4996803
excelencia	4996802
entradas	4996801
puestos	4996800
sitios	4996799
despedido	4996798
adivinar	4996797
jean	4996796
esperado	4996795
asalto	4996794
pusiste	4996793
prisionero	4996792
renunciar	4996791
igualmente	4996790
personales	4996789
pesado	4996788
marco	4996787
justin	4996786
ocurrir	4996785
sentarse	4996784
bicicleta	4996783
apellido	4996782
pondra	4996781
deseas	4996780
jordan	4996779
joyas	4996778
punta	4996777
sacaste	4996776
combustible	4996775
peores	4996774
hablaste	4996773
africa	4996772
asusta	4996771
deme	4996770
ios	4996769
querra	4996768
rusos	4996767
mejorar	4996766
vaca	4996765
efectos	4996764
disparos	4996763
cultura	4996762
investigar	4996761
calidad	4996760
podran	4996759
aceite	4996758
espacial	4996757
ayudante	4996756
parezco	4996755
sincero	4996754
mueva	4996753
naturalmente	4996752
medica	4996751
volveras	4996750
union	4996749
piedras	4996748
partida	4996747
japon	4996746
comunicacion	4996745
citas	4996744
via	4996743
vuestras	4996742
manzana	4996741
calla	4996740
sed	4996739
veran	4996738
escondido	4996737
emociones	4996736
dormitorio	4996735
vuelven	4996734
diamantes	4996733
decente	4996732
katie	4996731
letra	4996730
noble	4996729
traiga	4996728
cuentame	4996727
apurate	4996726
consecuencias	4996725
instante	4996724
investigando	4996723
discusion	4996722
morira	4996721
almacen	4996720
ciertas	4996719
moral	4996718
actual	4996717
arreglado	4996716
espanol	4996715
eva	4996714
pata	4996713
sentada	4996712
planeado	4996711
recursos	4996710
disparado	4996709
ronda	4996708
gane	4996707
jay	4996706
poca	4996705
ascensor	4996704
oliver	4996703
dick	4996702
descubrio	4996701
jesse	4996700
bruce	4996699
pediste	4996698
pasaria	4996697
esperare	4996696
encontrarla	4996695
sabiamos	4996694
informes	4996693
trabajamos	4996692
entrando	4996691
chiste	4996690
cinturon	4996689
monsieur	4996688
rusia	4996687
desconocido	4996686
magnifico	4996685
ceremonia	4996684
demasiada	4996683
requiere	4996682
boston	4996681
cogido	4996680
frase	4996679
entienden	4996678
hueso	4996677
llamarte	4996676
visitas	4996675
chef	4996674
trabajan	4996673
indios	4996672
faltan	4996671
bandera	4996670
ooh	4996669
sabor	4996668
sacerdote	4996667
cartera	4996666
minimo	4996665
atreves	4996664
traidor	4996663
plaza	4996662
resulto	4996661
doug	4996660
comisaria	4996659
lewis	4996658
deposito	4996657
tarjetas	4996656
forense	4996655
temperatura	4996654
conseguimos	4996653
campos	4996652
vacia	4996651
sistemas	4996650
escribiendo	4996649
abandonado	4996648
dejaria	4996647
supo	4996646
tomara	4996645
colegas	4996644
leyenda	4996643
paraiso	4996642
limpieza	4996641
jeremy	4996640
unidades	4996639
lenguaje	4996638
mereces	4996637
funcione	4996636
pasen	4996635
quedarnos	4996634
judio	4996633
cole	4996632
big	4996631
matara	4996630
encontrara	4996629
caida	4996628
aparecer	4996627
pasas	4996626
periodista	4996625
involucrado	4996624
ejercicio	4996623
helicoptero	4996622
pelotas	4996621
empecemos	4996620
whoa	4996619
despertar	4996618
pulso	4996617
sinceramente	4996616
enojada	4996615
enfadada	4996614
actuando	4996613
rebecca	4996612
levantar	4996611
escritor	4996610
familiares	4996609
kenny	4996608
pajaros	4996607
alas	4996606
vayanse	4996605
ensayo	4996604
cientifico	4996603
apuestas	4996602
actividad	4996601
escape	4996600
invitacion	4996599
costumbre	4996598
lentamente	4996597
pinta	4996596
marcus	4996595
pasaron	4996594
miercoles	4996593
divertida	4996592
barato	4996591
russell	4996590
querras	4996589
trabajadores	4996588
arroz	4996587
ruso	4996586
entregar	4996585
comprobar	4996584
negativo	4996583
gatos	4996582
solitario	4996581
gimnasio	4996580
grupos	4996579
incluyendo	4996578
quince	4996577
conocerlo	4996576
gilipollas	4996575
circulo	4996574
vayase	4996573
garaje	4996572
decimos	4996571
bendiga	4996570
necesite	4996569
apetece	4996568
primeras	4996567
imperio	4996566
man	4996565
sexuales	4996564
madres	4996563
miller	4996562
palo	4996561
cientificos	4996560
ninera	4996559
secretaria	4996558
salto	4996557
espaldas	4996556
danos	4996555
nate	4996554
almas	4996553
intentamos	4996552
deba	4996551
tomaste	4996550
lealtad	4996549
quedes	4996548
barra	4996547
antecedentes	4996546
intereses	4996545
razonable	4996544
resistencia	4996543
pensarlo	4996542
llamaron	4996541
movimientos	4996540
caray	4996539
valle	4996538
davis	4996537
importar	4996536
naci	4996535
guion	4996534
oidos	4996533
probado	4996532
atractivo	4996531
frankie	4996530
construccion	4996529
recibo	4996528
repito	4996527
contando	4996526
carol	4996525
perfil	4996524
maquinas	4996523
rumbo	4996522
gorda	4996521
desnudo	4996520
pistas	4996519
catherine	4996518
habrias	4996517
sonar	4996516
imagina	4996515
perdedor	4996514
dejemos	4996513
tension	4996512
grano	4996511
wayne	4996510
convertirse	4996509
pagare	4996508
publicidad	4996507
cabana	4996506
recibe	4996505
muro	4996504
camina	4996503
cubierto	4996502
religion	4996501
conocio	4996500
sobrino	4996499
albert	4996498
dejarla	4996497
lois	4996496
derek	4996495
traes	4996494
conte	4996493
tocando	4996492
generacion	4996491
acepta	4996490
reir	4996489
asesinada	4996488
sensible	4996487
fingir	4996486
vende	4996485
arreglarlo	4996484
brad	4996483
tuvieras	4996482
rueda	4996481
prostituta	4996480
sorprendido	4996479
luce	4996478
aguantar	4996477
profundamente	4996476
criaturas	4996475
presenta	4996474
carreras	4996473
mayo	4996472
tocado	4996471
blake	4996470
pudimos	4996469
limites	4996468
gafas	4996467
aniversario	4996466
nervios	4996465
prima	4996464
disculpame	4996463
naves	4996462
trozo	4996461
ataques	4996460
buscado	4996459
borde	4996458
moneda	4996457
gritos	4996456
piedad	4996455
pudieron	4996454
estupidez	4996453
sorprendente	4996452
ayudare	4996451
dispositivo	4996450
tratas	4996449
viejas	4996448
buscaba	4996447
miami	4996446
shawn	4996445
producto	4996444
actriz	4996443
cojones	4996442
empiezo	4996441
vecindario	4996440
elecciones	4996439
verdaderamente	4996438
preparando	4996437
ratas	4996436
personalidad	4996435
sucia	4996434
randy	4996433
mostrare	4996432
vince	4996431
demanda	4996430
creado	4996429
oficialmente	4996428
juventud	4996427
internacional	4996426
temas	4996425
expresion	4996424
izquierdo	4996423
beth	4996422
llevarla	4996421
leon	4996420
principios	4996419
ian	4996418
encerrado	4996417
barcos	4996416
sentarme	4996415
mencionar	4996414
sophie	4996413
masa	4996412
toby	4996411
sienten	4996410
ciudadanos	4996409
harvey	4996408
cantando	4996407
senoritas	4996406
hannah	4996405
militares	4996404
hayamos	4996403
secretario	4996402
miserable	4996401
desafortunadamente	4996400
opinas	4996399
seguia	4996398
contestar	4996397
margaret	4996396
comprender	4996395
americana	4996394
edward	4996393
heroina	4996392
espana	4996391
pedirte	4996390
clima	4996389
elena	4996388
abrazo	4996387
encontraras	4996386
stephen	4996385
desnuda	4996384
viajes	4996383
capital	4996382
buscarlo	4996381
casey	4996380
almorzar	4996379
menciono	4996378
preocupacion	4996377
puesta	4996376
siglos	4996375
envie	4996374
arruinar	4996373
equipaje	4996372
escandalo	4996371
tirado	4996370
guitarra	4996369
egoista	4996368
jessica	4996367
poli	4996366
positivo	4996365
rubia	4996364
cigarrillos	4996363
alegre	4996362
conejo	4996361
mascara	4996360
caridad	4996359
conseguire	4996358
frecuencia	4996357
hierro	4996356
alternativa	4996355
trasera	4996354
coraje	4996353
temporal	4996352
ann	4996351
peligrosa	4996350
empleado	4996349
florida	4996348
serias	4996347
is	4996346
hacian	4996345
x	4996344
inocentes	4996343
existencia	4996342
profesora	4996341
presentacion	4996340
serian	4996339
experimento	4996338
vinimos	4996337
rayo	4996336
caracter	4996335
mataria	4996334
nuclear	4996333
emocion	4996332
hablame	4996331
camarada	4996330
grabacion	4996329
expediente	4996328
jersey	4996327
putas	4996326
italiano	4996325
patrulla	4996324
volveria	4996323
dragon	4996322
coleccion	4996321
produccion	4996320
evitarlo	4996319
lujo	4996318
payaso	4996317
quedese	4996316
llamarlo	4996315
viniera	4996314
grant	4996313
extranas	4996312
todd	4996311
acero	4996310
sentirse	4996309
despejado	4996308
bromas	4996307
caos	4996306
haberla	4996305
olivia	4996304
corona	4996303
lou	4996302
cantante	4996301
coartada	4996300
joseph	4996299
convencido	4996298
cerebral	4996297
prohibido	4996296
influencia	4996295
breve	4996294
tunel	4996293
ellen	4996292
cementerio	4996291
llevame	4996290
nancy	4996289
mete	4996288
condenado	4996287
salieron	4996286
suceda	4996285
street	4996284
pierdes	4996283
industria	4996282
tarta	4996281
mandar	4996280
vendido	4996279
capitulo	4996278
sepan	4996277
fantasia	4996276
marshall	4996275
gerente	4996274
abrio	4996273
enhorabuena	4996272
volviste	4996271
descubri	4996270
soltero	4996269
beisbol	4996268
cambiando	4996267
bodas	4996266
gastos	4996265
disculparme	4996264
animo	4996263
cima	4996262
camiseta	4996261
diselo	4996260
tragedia	4996259
mantente	4996258
adolescente	4996257
tomalo	4996256
empiece	4996255
guay	4996254
llegada	4996253
ponerle	4996252
absurdo	4996251
maten	4996250
impacto	4996249
significado	4996248
fatal	4996247
diseno	4996246
ethan	4996245
entren	4996244
oscar	4996243
nubes	4996242
preguntale	4996241
obras	4996240
ayudado	4996239
confesion	4996238
subtitulos	4996237
michelle	4996236
brandon	4996235
maletas	4996234
plantas	4996233
devolver	4996232
alcanzar	4996231
armada	4996230
sufrimiento	4996229
adulto	4996228
funcionara	4996227
peticion	4996226
esperanzas	4996225
caramba	4996224
prestado	4996223
yeah	4996222
monstruos	4996221
apropiado	4996220
dijimos	4996219
bromeas	4996218
electricidad	4996217
ciudades	4996216
considerado	4996215
tranquilos	4996214
vendran	4996213
politico	4996212
mueren	4996211
mickey	4996210
musical	4996209
autoridades	4996208
planeando	4996207
robot	4996206
secuestro	4996205
billetes	4996204
tendriamos	4996203
sabras	4996202
cincuenta	4996201
siguio	4996200
objetos	4996199
ganamos	4996198
west	4996197
martha	4996196
matan	4996195
billete	4996194
colina	4996193
caminos	4996192
tradicion	4996191
tomes	4996190
teddy	4996189
reto	4996188
robaron	4996187
oxigeno	4996186
once	4996185
oyo	4996184
habrian	4996183
keith	4996182
we	4996181
vampiro	4996180
procedimiento	4996179
terroristas	4996178
sabiendo	4996177
estupidos	4996176
pozo	4996175
mantenga	4996174
peleas	4996173
explotar	4996172
terrorista	4996171
steven	4996170
ocultar	4996169
liga	4996168
sano	4996167
destruccion	4996166
porno	4996165
salta	4996164
aguas	4996163
circo	4996162
tuyos	4996161
sue	4996160
jess	4996159
oscura	4996158
diera	4996157
permitido	4996156
caroline	4996155
naranja	4996154
inmunidad	4996153
terror	4996152
alianza	4996151
bailando	4996150
patatas	4996149
decide	4996148
jacob	4996147
risa	4996146
callejon	4996145
hoja	4996144
traicion	4996143
prometiste	4996142
referia	4996141
hojas	4996140
daremos	4996139
jugadores	4996138
darse	4996137
propuesta	4996136
estrategia	4996135
unicos	4996134
cadaveres	4996133
enviare	4996132
funcionan	4996131
aldea	4996130
reves	4996129
gus	4996128
tanque	4996127
cumplido	4996126
voces	4996125
encargare	4996124
as	4996123
ponerlo	4996122
paises	4996121
figura	4996120
terminos	4996119
pedro	4996118
comision	4996117
pasaporte	4996116
importaba	4996115
ataco	4996114
bebidas	4996113
vendiendo	4996112
seguire	4996111
cubrir	4996110
francamente	4996109
mm	4996108
porqueria	4996107
imagine	4996106
notado	4996105
maquillaje	4996104
holly	4996103
sacrificio	4996102
azules	4996101
jesucristo	4996100
antonio	4996099
abiertos	4996098
victor	4996097
considerando	4996096
pastor	4996095
reuniones	4996094
conocerla	4996093
mantequilla	4996092
suele	4996091
heroes	4996090
baje	4996089
telefonos	4996088
damelo	4996087
queridos	4996086
testimonio	4996085
owen	4996084
liz	4996083
rutina	4996082
infancia	4996081
golpeado	4996080
agradecido	4996079
tenerte	4996078
piensalo	4996077
falla	4996076
peleando	4996075
fea	4996074
ho	4996073
miralo	4996072
fisico	4996071
costado	4996070
lanzamiento	4996069
bateria	4996068
finales	4996067
ruth	4996066
virginia	4996065
franceses	4996064
docena	4996063
rosas	4996062
residencia	4996061
sueldo	4996060
mediodia	4996059
lanzar	4996058
conociste	4996057
continuacion	4996056
contare	4996055
vestidos	4996054
hallar	4996053
odias	4996052
bolsas	4996051
sigamos	4996050
web	4996049
medias	4996048
rompe	4996047
policial	4996046
fascinante	4996045
rocas	4996044
fase	4996043
barba	4996042
plastico	4996041
productos	4996040
auxilio	4996039
risas	4996038
decian	4996037
sentencia	4996036
gustar	4996035
texto	4996034
guantes	4996033
diana	4996032
apostar	4996031
recepcion	4996030
lana	4996029
superar	4996028
multitud	4996027
reconozco	4996026
reverendo	4996025
dolar	4996024
destruido	4996023
representa	4996022
disfruta	4996021
spencer	4996020
traeme	4996019
llegaremos	4996018
enganar	4996017
reporte	4996016
ideal	4996015
amarillo	4996014
incomodo	4996013
septiembre	4996012
fabuloso	4996011
hacerla	4996010
oportunidades	4996009
sufrido	4996008
walker	4996007
mago	4996006
angela	4996005
estariamos	4996004
rob	4996003
materia	4996002
apaga	4996001
trucos	4996000
empezaron	4995999
normales	4995998
interrumpir	4995997
cometer	4995996
bello	4995995
orejas	4995994
solar	4995993
pecados	4995992
ali	4995991
prepara	4995990
hacias	4995989
lane	4995988
moverse	4995987
funcion	4995986
probarlo	4995985
olvidate	4995984
famosa	4995983
sospechosos	4995982
logrado	4995981
rota	4995980
sentarte	4995979
matematicas	4995978
encontrarme	4995977
descansa	4995976
baila	4995975
usarlo	4995974
herramientas	4995973
detenerlo	4995972
equivocas	4995971
miente	4995970
harold	4995969
tubo	4995968
socios	4995967
averiguarlo	4995966
canon	4995965
gravedad	4995964
extremo	4995963
fijate	4995962
ken	4995961
lectura	4995960
williams	4995959
ensalada	4995958
regresare	4995957
jugo	4995956
mintio	4995955
letras	4995954
fracaso	4995953
abril	4995952
pico	4995951
usas	4995950
willie	4995949
asesina	4995948
detectives	4995947
all	4995946
am	4995945
ofrecer	4995944
potencial	4995943
comoda	4995942
hicieras	4995941
sacarlo	4995940
demasiadas	4995939
listas	4995938
tigre	4995937
camarero	4995936
locales	4995935
doctores	4995934
fotografias	4995933
desaparece	4995932
informado	4995931
estacionamiento	4995930
perdidos	4995929
viuda	4995928
jonathan	4995927
jennifer	4995926
progreso	4995925
creyo	4995924
infantil	4995923
junio	4995922
cabina	4995921
vampiros	4995920
tecnicamente	4995919
resuelto	4995918
gibbs	4995917
dimos	4995916
ala	4995915
novela	4995914
demasiados	4995913
conduciendo	4995912
merezco	4995911
encontremos	4995910
extremadamente	4995909
academia	4995908
patetico	4995907
sagrado	4995906
festival	4995905
confundido	4995904
reyes	4995903
advertencia	4995902
h	4995901
formar	4995900
tecnica	4995899
monedas	4995898
tiendas	4995897
encargado	4995896
natalie	4995895
prometio	4995894
monte	4995893
gris	4995892
testamento	4995891
arruinado	4995890
lanza	4995889
lidiar	4995888
dennis	4995887
vendedor	4995886
vigilando	4995885
pasajeros	4995884
hill	4995883
cerdos	4995882
extraordinario	4995881
jodida	4995880
historial	4995879
inconsciente	4995878
malcolm	4995877
detuvo	4995876
amantes	4995875
bonitas	4995874
causar	4995873
discos	4995872
elliot	4995871
esclavos	4995870
drama	4995869
ensenare	4995868
mostrarte	4995867
corbata	4995866
paren	4995865
aceptado	4995864
papas	4995863
fuga	4995862
gustara	4995861
white	4995860
entenderlo	4995859
consejos	4995858
autentico	4995857
deporte	4995856
casco	4995855
venid	4995854
carrie	4995853
civiles	4995852
berlin	4995851
quedaba	4995850
entere	4995849
fianza	4995848
seco	4995847
guerrero	4995846
artistas	4995845
soltera	4995844
indio	4995843
daran	4995842
stanley	4995841
romance	4995840
llores	4995839
actores	4995838
re	4995837
ofrece	4995836
robando	4995835
velas	4995834
conducta	4995833
salgas	4995832
onda	4995831
viera	4995830
obligado	4995829
disparen	4995828
alfombra	4995827
ana	4995826
pescar	4995825
agenda	4995824
necesitare	4995823
contarle	4995822
realizar	4995821
mezcla	4995820
condicional	4995819
cueva	4995818
llevaremos	4995817
asegurar	4995816
recuerden	4995815
preciso	4995814
pongan	4995813
permitame	4995812
matthew	4995811
parejas	4995810
pierdo	4995809
usamos	4995808
sabremos	4995807
federales	4995806
colgar	4995805
heridos	4995804
salvajes	4995803
identificar	4995802
tratan	4995801
pedimos	4995800
hermosas	4995799
matarla	4995798
brujas	4995797
proximos	4995796
champan	4995795
atractiva	4995794
horario	4995793
lata	4995792
increiblemente	4995791
tipico	4995790
suyos	4995789
shane	4995788
comprendes	4995787
retiro	4995786
alicia	4995785
niveles	4995784
profunda	4995783
juguetes	4995782
pavo	4995781
francis	4995780
arreglo	4995779
prometida	4995778
giro	4995777
enterado	4995776
hechizo	4995775
origen	4995774
lleguemos	4995773
petroleo	4995772
go	4995771
refuerzos	4995770
suba	4995769
importan	4995768
escala	4995767
fiel	4995766
sonando	4995765
eliminar	4995764
llamen	4995763
fantastica	4995762
importe	4995761
reconocimiento	4995760
respiracion	4995759
cazar	4995758
sintio	4995757
simbolo	4995756
necesites	4995755
dispuesta	4995754
poderosa	4995753
embajador	4995752
ashley	4995751
debilidad	4995750
fan	4995749
molestar	4995748
salia	4995747
francesa	4995746
cartel	4995745
pandilla	4995744
aproximadamente	4995743
politicos	4995742
participar	4995741
consigues	4995740
escapado	4995739
asientos	4995738
zoe	4995737
saque	4995736
besar	4995735
regresado	4995734
travis	4995733
practicar	4995732
desperte	4995731
malvado	4995730
intenciones	4995729
huella	4995728
ayudas	4995727
costo	4995726
enviaron	4995725
muertes	4995724
segui	4995723
esconder	4995722
altos	4995721
agrada	4995720
sentados	4995719
armado	4995718
octubre	4995717
junior	4995716
convencer	4995715
sociales	4995714
estres	4995713
bajas	4995712
poblacion	4995711
lincoln	4995710
duque	4995709
perdoneme	4995708
ayudenme	4995707
ponlo	4995706
considerar	4995705
rollo	4995704
cuartel	4995703
plazo	4995702
convertir	4995701
recibiendo	4995700
agarra	4995699
postre	4995698
gallina	4995697
conocida	4995696
comentarios	4995695
servira	4995694
emocional	4995693
sombras	4995692
christine	4995691
marihuana	4995690
louise	4995689
considera	4995688
tatuaje	4995687
dosis	4995686
traigan	4995685
pensabas	4995684
pudieramos	4995683
sentirme	4995682
centavo	4995681
capa	4995680
votar	4995679
estadounidense	4995678
so	4995677
hacernos	4995676
congreso	4995675
rango	4995674
v	4995673
graduacion	4995672
neil	4995671
cuyo	4995670
columna	4995669
riesgos	4995668
estudiando	4995667
horribles	4995666
for	4995665
corredor	4995664
holmes	4995663
sacarte	4995662
copias	4995661
ofrecio	4995660
toco	4995659
colin	4995658
bebido	4995657
defender	4995656
taller	4995655
sector	4995654
tomate	4995653
audrey	4995652
diane	4995651
house	4995650
your	4995649
lavar	4995648
condena	4995647
zapato	4995646
hablarme	4995645
liam	4995644
quinn	4995643
celulas	4995642
olvidaste	4995641
pierdas	4995640
normas	4995639
clasico	4995638
comes	4995637
psiquiatra	4995636
cortado	4995635
consiga	4995634
decirmelo	4995633
jaula	4995632
largas	4995631
atender	4995630
baby	4995629
be	4995628
mason	4995627
aumento	4995626
dejaremos	4995625
almirante	4995624
molestia	4995623
potencia	4995622
empieces	4995621
cambie	4995620
cayendo	4995619
kitty	4995618
connor	4995617
preguntes	4995616
dormida	4995615
atrapados	4995614
canto	4995613
odiaba	4995612
cargar	4995611
periodo	4995610
cafeteria	4995609
alejado	4995608
interesada	4995607
querrias	4995606
bancos	4995605
entramos	4995604
receta	4995603
harris	4995602
actos	4995601
habran	4995600
beneficios	4995599
celosa	4995598
causado	4995597
oirme	4995596
maiz	4995595
lleven	4995594
honesta	4995593
encontrarte	4995592
seguira	4995591
anciano	4995590
seth	4995589
santos	4995588
penny	4995587
compasion	4995586
what	4995585
juzgado	4995584
rifle	4995583
invito	4995582
espiritus	4995581
em	4995580
medidas	4995579
janet	4995578
paginas	4995577
sammy	4995576
ponemos	4995575
francos	4995574
miraba	4995573
emocionado	4995572
juguete	4995571
casino	4995570
patas	4995569
quisieras	4995568
pesca	4995567
motel	4995566
indica	4995565
tracy	4995564
vietnam	4995563
mias	4995562
estupenda	4995561
karl	4995560
quimica	4995559
wendy	4995558
disfraz	4995557
raymond	4995556
fruta	4995555
mentiste	4995554
unido	4995553
instinto	4995552
cesar	4995551
cocaina	4995550
bendicion	4995549
fraude	4995548
trabaje	4995547
esperad	4995546
logan	4995545
robaste	4995544
fama	4995543
allison	4995542
estructura	4995541
bienes	4995540
oirlo	4995539
muebles	4995538
tomaron	4995537
reconocer	4995536
huyendo	4995535
idioma	4995534
ayudaria	4995533
desarrollo	4995532
descripcion	4995531
signos	4995530
vuela	4995529
hombros	4995528
beneficio	4995527
venimos	4995526
tiroteo	4995525
trajes	4995524
reconoce	4995523
magico	4995522
hubieramos	4995521
pares	4995520
furgoneta	4995519
llenar	4995518
prefieres	4995517
presupuesto	4995516
plano	4995515
gabriel	4995514
tercero	4995513
actua	4995512
ordeno	4995511
profesion	4995510
higado	4995509
elige	4995508
olvidare	4995507
muelle	4995506
kong	4995505
infeliz	4995504
trono	4995503
joan	4995502
desayunar	4995501
crecido	4995500
bajando	4995499
anthony	4995498
escoger	4995497
cuarenta	4995496
aburrida	4995495
complejo	4995494
dirigir	4995493
contarte	4995492
von	4995491
riley	4995490
fines	4995489
sra	4995488
cuente	4995487
ganando	4995486
horno	4995485
abandono	4995484
botellas	4995483
presa	4995482
craneo	4995481
encuentren	4995480
conseguirlo	4995479
desesperado	4995478
separados	4995477
arco	4995476
mantenerlo	4995475
comen	4995474
generoso	4995473
pedire	4995472
autopsia	4995471
vomitar	4995470
evan	4995469
sonrie	4995468
subiendo	4995467
empiezas	4995466
cambian	4995465
deudas	4995464
pechos	4995463
brindis	4995462
bla	4995461
green	4995460
vela	4995459
nieto	4995458
agosto	4995457
enterrado	4995456
buscare	4995455
enormes	4995454
jose	4995453
batman	4995452
meti	4995451
ford	4995450
supieras	4995449
necesidades	4995448
decidimos	4995447
exposicion	4995446
lauren	4995445
mentido	4995444
celos	4995443
ensenarte	4995442
logro	4995441
dirias	4995440
muestrame	4995439
supiste	4995438
decias	4995437
villa	4995436
vodka	4995435
norman	4995434
ocupados	4995433
lleguen	4995432
harta	4995431
alimentos	4995430
constantemente	4995429
acostumbrado	4995428
ciudadano	4995427
preparate	4995426
acento	4995425
vendio	4995424
marchar	4995423
queja	4995422
kent	4995421
tratamos	4995420
jenna	4995419
actualmente	4995418
earl	4995417
kurt	4995416
mel	4995415
ingeniero	4995414
pulmones	4995413
violento	4995412
ocurriendo	4995411
edificios	4995410
propietario	4995409
tareas	4995408
alguacil	4995407
engano	4995406
mona	4995405
terribles	4995404
intentalo	4995403
comio	4995402
escuadron	4995401
chinos	4995400
etapa	4995399
leonard	4995398
prefiere	4995397
examenes	4995396
sucedera	4995395
rehenes	4995394
conozca	4995393
logica	4995392
britanico	4995391
golpea	4995390
black	4995389
ciertos	4995388
moleste	4995387
adecuada	4995386
acusacion	4995385
moscu	4995384
directa	4995383
copas	4995382
imaginas	4995381
sospecha	4995380
nene	4995379
bomberos	4995378
soporto	4995377
maya	4995376
contaste	4995375
cogio	4995374
combinacion	4995373
abogada	4995372
hong	4995371
region	4995370
invisible	4995369
jugada	4995368
niega	4995367
haciendolo	4995366
mentes	4995365
pintar	4995364
enfermedades	4995363
retraso	4995362
calientes	4995361
ubicacion	4995360
pagando	4995359
estable	4995358
profesionales	4995357
dibujo	4995356
oreja	4995355
enganado	4995354
pato	4995353
saliste	4995352
productor	4995351
trajeron	4995350
radiacion	4995349
warren	4995348
grita	4995347
barney	4995346
diego	4995345
ll	4995344
macho	4995343
use	4995342
canada	4995341
manzanas	4995340
quedense	4995339
relacionado	4995338
craig	4995337
cenizas	4995336
dejaba	4995335
cervezas	4995334
tortura	4995333
posesion	4995332
remedio	4995331
articulos	4995330
contarme	4995329
borracha	4995328
menti	4995327
harper	4995326
rumor	4995325
fresca	4995324
deportes	4995323
contactos	4995322
cirujano	4995321
sangrando	4995320
explicarlo	4995319
ralph	4995318
autorizacion	4995317
harian	4995316
representante	4995315
deberes	4995314
enfermos	4995313
ventas	4995312
sintomas	4995311
juzgar	4995310
japoneses	4995309
gastar	4995308
economia	4995307
buscarte	4995306
azar	4995305
bastardos	4995304
mitchell	4995303
verdes	4995302
empiezan	4995301
personajes	4995300
saludable	4995299
bart	4995298
geniales	4995297
transmision	4995296
asesinar	4995295
negociar	4995294
conectado	4995293
feria	4995292
love	4995291
moviendo	4995290
buscarla	4995289
eligio	4995288
menores	4995287
prestamo	4995286
apagar	4995285
necesitaremos	4995284
esperame	4995283
logramos	4995282
documento	4995281
vendras	4995280
volvieron	4995279
nelson	4995278
estatal	4995277
jefes	4995276
mafia	4995275
pasaste	4995274
prioridad	4995273
alivio	4995272
julian	4995271
malditas	4995270
similar	4995269
gatillo	4995268
comando	4995267
alumnos	4995266
graciosa	4995265
soledad	4995264
trauma	4995263
besos	4995262
entendiste	4995261
solicitud	4995260
concepto	4995259
bandas	4995258
adrian	4995257
confias	4995256
eventos	4995255
advierto	4995254
escucharme	4995253
habitual	4995252
tranquilizate	4995251
pasear	4995250
apariencia	4995249
noviembre	4995248
nora	4995247
meterme	4995246
shh	4995245
aerea	4995244
dignidad	4995243
conjunto	4995242
alfa	4995241
electrica	4995240
aaron	4995239
case	4995238
aprende	4995237
selva	4995236
eli	4995235
reciente	4995234
corran	4995233
cazador	4995232
brenda	4995231
llevaria	4995230
demuestra	4995229
cuanta	4995228
liberar	4995227
juramento	4995226
marte	4995225
riendo	4995224
vigila	4995223
excepcion	4995222
firmado	4995221
raras	4995220
acabara	4995219
soportarlo	4995218
quemar	4995217
marzo	4995216
estuviese	4995215
jugado	4995214
eternidad	4995213
bebo	4995212
poesia	4995211
grasa	4995210
molestes	4995209
afecta	4995208
grito	4995207
contratar	4995206
cuarta	4995205
mancha	4995204
asumir	4995203
autor	4995202
haceis	4995201
estelar	4995200
narices	4995199
tristeza	4995198
rezar	4995197
rusa	4995196
seguiremos	4995195
aves	4995194
continue	4995193
rita	4995192
id	4995191
quemado	4995190
pides	4995189
homicidios	4995188
jovencita	4995187
preocupados	4995186
tragos	4995185
chaval	4995184
ocupare	4995183
stone	4995182
pases	4995181
miguel	4995180
sintiendo	4995179
altas	4995178
mataran	4995177
usaba	4995176
comprende	4995175
quedando	4995174
inusual	4995173
generalmente	4995172
raton	4995171
permiten	4995170
intercambio	4995169
mitch	4995168
gota	4995167
duros	4995166
estarian	4995165
elementos	4995164
empresas	4995163
watson	4995162
satisfecho	4995161
directora	4995160
shock	4995159
ee	4995158
graves	4995157
dieta	4995156
creciendo	4995155
toro	4995154
tomaremos	4995153
maxima	4995152
parto	4995151
young	4995150
equivoque	4995149
constante	4995148
can	4995147
pegado	4995146
ingleses	4995145
ensenado	4995144
otono	4995143
meterte	4995142
asociacion	4995141
medicamentos	4995140
quedaras	4995139
padrino	4995138
motores	4995137
bo	4995136
verdaderos	4995135
leslie	4995134
mostro	4995133
medalla	4995132
metodo	4995131
graham	4995130
contiene	4995129
jen	4995128
casarnos	4995127
escolar	4995126
sobrina	4995125
estadounidenses	4995124
rabia	4995123
unirse	4995122
ellie	4995121
infeccion	4995120
sigueme	4995119
presentimiento	4995118
jodan	4995117
enfrentar	4995116
hoyo	4995115
fuentes	4995114
quinto	4995113
sandy	4995112
salve	4995111
juegas	4995110
administracion	4995109
camiones	4995108
sufriendo	4995107
temia	4995106
autopista	4995105
desfile	4995104
dolores	4995103
encender	4995102
ropas	4995101
pierre	4995100
escuchad	4995099
doloroso	4995098
piensen	4995097
informar	4995096
brillantes	4995095
rancho	4995094
callado	4995093
adolescentes	4995092
esclavo	4995091
jugamos	4995090
suelto	4995089
nicole	4995088
diciembre	4995087
amenazas	4995086
collins	4995085
sigas	4995084
japones	4995083
llora	4995082
gusano	4995081
aclarar	4995080
temor	4995079
candidato	4995078
protegerte	4995077
perspectiva	4995076
digno	4995075
misterioso	4995074
escenas	4995073
hamburguesa	4995072
furioso	4995071
pesada	4995070
esperabas	4995069
salario	4995068
traducido	4995067
estarlo	4995066
suma	4995065
jin	4995064
tenis	4995063
megan	4995062
veria	4995061
llenos	4995060
pierda	4995059
poema	4995058
tiburon	4995057
polla	4995056
vosotras	4995055
escuelas	4995054
vencido	4995053
parientes	4995052
traerme	4995051
raices	4995050
estatua	4995049
barbara	4995048
civilizacion	4995047
superman	4995046
revistas	4995045
rie	4995044
decepcionado	4995043
cuerdas	4995042
ronnie	4995041
walt	4995040
cuidando	4995039
creido	4995038
pavos	4995037
cuero	4995036
preguntarme	4995035
cabra	4995034
permanente	4995033
atmosfera	4995032
formacion	4995031
cambiara	4995030
utiliza	4995029
republica	4995028
recibimos	4995027
agujeros	4995026
comedor	4995025
ª	4995024
cajon	4995023
mientes	4995022
amada	4995021
quema	4995020
inteligentes	4995019
embajada	4995018
nube	4995017
valioso	4995016
compraste	4995015
debbie	4995014
meterse	4995013
valores	4995012
jodidamente	4995011
grosero	4995010
pondremos	4995009
leal	4995008
llevarse	4995007
r	4995006
dana	4995005
admito	4995004
fans	4995003
ejecucion	4995002
correctamente	4995001
boleto	4995000
espiritual	4994999
actividades	4994998
maletin	4994997
na	4994996
merecia	4994995
perfume	4994994
desorden	4994993
esconde	4994992
controla	4994991
protocolo	4994990
aguja	4994989
comenzado	4994988
observando	4994987
dejarle	4994986
contactar	4994985
heather	4994984
sientense	4994983
duncan	4994982
colonia	4994981
stuart	4994980
equivoco	4994979
plena	4994978
ocasiones	4994977
satelite	4994976
vencer	4994975
sabio	4994974
aparato	4994973
conspiracion	4994972
cometio	4994971
objetivos	4994970
programas	4994969
huelga	4994968
carla	4994967
vic	4994966
ministerio	4994965
escribo	4994964
conclusion	4994963
creacion	4994962
atrapada	4994961
boy	4994960
encuentres	4994959
miran	4994958
tirando	4994957
crece	4994956
rodilla	4994955
dibujos	4994954
hall	4994953
evidente	4994952
horror	4994951
gina	4994950
jules	4994949
mundos	4994948
regresen	4994947
cuentos	4994946
muchisimas	4994945
pa	4994944
wade	4994943
sirven	4994942
saldremos	4994941
tirador	4994940
probabilidades	4994939
modales	4994938
ilusion	4994937
escuches	4994936
terminaste	4994935
detiene	4994934
echarle	4994933
matas	4994932
permitire	4994931
vestida	4994930
raros	4994929
bonnie	4994928
prometes	4994927
jill	4994926
perdemos	4994925
israel	4994924
margen	4994923
increibles	4994922
conflicto	4994921
enciende	4994920
llegues	4994919
muestran	4994918
global	4994917
ocurrira	4994916
mostrarle	4994915
ensenarle	4994914
daisy	4994913
construido	4994912
posibles	4994911
organizar	4994910
ias	4994909
toalla	4994908
cometi	4994907
grabar	4994906
lideres	4994905
cintas	4994904
uu	4994903
lobos	4994902
jueces	4994901
lleves	4994900
seriamente	4994899
marica	4994898
eterna	4994897
ganaste	4994896
hadas	4994895
murphy	4994894
repugnante	4994893
ausencia	4994892
internos	4994891
salvaste	4994890
pendiente	4994889
emocionada	4994888
pervertido	4994887
arana	4994886
sandwich	4994885
gesto	4994884
crane	4994883
duermo	4994882
encontraran	4994881
sabiduria	4994880
patada	4994879
falsas	4994878
perdieron	4994877
capullo	4994876
times	4994875
novios	4994874
desaparicion	4994873
diosa	4994872
debiles	4994871
oculta	4994870
magica	4994869
recuerdan	4994868
cogi	4994867
respiro	4994866
quietos	4994865
baron	4994864
subio	4994863
sugiere	4994862
locas	4994861
pat	4994860
reunir	4994859
comence	4994858
fortaleza	4994857
escapa	4994856
vidrio	4994855
agarrar	4994854
comentario	4994853
dejaras	4994852
telefonica	4994851
lapiz	4994850
preocuparme	4994849
avergonzado	4994848
fallo	4994847
pension	4994846
sufrio	4994845
avenida	4994844
galaxia	4994843
terminara	4994842
deshacerse	4994841
pluma	4994840
intentes	4994839
preocupo	4994838
quieta	4994837
comercio	4994836
confusion	4994835
island	4994834
nocturno	4994833
cuya	4994832
quisiste	4994831
embarazo	4994830
coro	4994829
temer	4994828
seca	4994827
halloween	4994826
siguientes	4994825
martillo	4994824
quitado	4994823
minas	4994822
franklin	4994821
april	4994820
vanessa	4994819
siesta	4994818
terriblemente	4994817
deseando	4994816
alimentar	4994815
paige	4994814
mentirosa	4994813
mandado	4994812
tara	4994811
manual	4994810
equivoca	4994809
philip	4994808
habras	4994807
modelos	4994806
profesores	4994805
vacas	4994804
volveran	4994803
llamarla	4994802
sincera	4994801
amables	4994800
this	4994799
encaja	4994798
confirmar	4994797
seda	4994796
seguida	4994795
facultad	4994794
bang	4994793
ancianos	4994792
duelo	4994791
ave	4994790
ned	4994789
creerme	4994788
manhattan	4994787
mantengan	4994786
entendemos	4994785
balon	4994784
establecer	4994783
star	4994782
microfono	4994781
impresionado	4994780
independiente	4994779
chance	4994778
bolsillos	4994777
australia	4994776
sello	4994775
pagas	4994774
christopher	4994773
lea	4994772
soliamos	4994771
imaginaba	4994770
asegurarse	4994769
pudieran	4994768
franco	4994767
oculto	4994766
intentan	4994765
quito	4994764
booth	4994763
pague	4994762
llevate	4994761
olas	4994760
phoebe	4994759
distintas	4994758
debera	4994757
sindicato	4994756
justa	4994755
cuartos	4994754
long	4994753
oler	4994752
confesar	4994751
sos	4994750
hagalo	4994749
luis	4994748
curtis	4994747
iris	4994746
diamante	4994745
clay	4994744
retrato	4994743
coca	4994742
orgullosos	4994741
vivio	4994740
cancelar	4994739
mirado	4994738
estuvieran	4994737
vital	4994736
disfrutando	4994735
cojo	4994734
bonitos	4994733
ganancias	4994732
consuelo	4994731
tejido	4994730
semejante	4994729
detenga	4994728
busque	4994727
sydney	4994726
comenzamos	4994725
principales	4994724
falsos	4994723
sufre	4994722
ie	4994721
acercate	4994720
chip	4994719
duke	4994718
chase	4994717
ataud	4994716
album	4994715
pam	4994714
pasare	4994713
enero	4994712
rojos	4994711
corea	4994710
rehabilitacion	4994709
gemelos	4994708
explosivos	4994707
buscarme	4994706
audicion	4994705
ola	4994704
afortunadamente	4994703
basado	4994702
comedia	4994701
diran	4994700
observa	4994699
kennedy	4994698
niebla	4994697
pagara	4994696
benny	4994695
emergencias	4994694
caiga	4994693
nicky	4994692
lawrence	4994691
blancas	4994690
encendido	4994689
connie	4994688
comunicaciones	4994687
artes	4994686
mochila	4994685
repetir	4994684
prometeme	4994683
metes	4994682
tabla	4994681
lavado	4994680
trenes	4994679
promesas	4994678
planetas	4994677
privacidad	4994676
dinos	4994675
reconoces	4994674
drew	4994673
aterrizar	4994672
rodeado	4994671
goma	4994670
condesa	4994669
joy	4994668
rojas	4994667
monos	4994666
vaquero	4994665
robe	4994664
preocupas	4994663
teme	4994662
quedaron	4994661
invitar	4994660
cobrar	4994659
saluda	4994658
tenerla	4994657
trampas	4994656
camarera	4994655
tales	4994654
llamaria	4994653
brooklyn	4994652
fenomeno	4994651
tanques	4994650
preso	4994649
desaparecida	4994648
causo	4994647
daras	4994646
contentos	4994645
dificultades	4994644
salva	4994643
levantado	4994642
inicio	4994641
bailarina	4994640
malentendido	4994639
entras	4994638
excusas	4994637
panuelo	4994636
almohada	4994635
vigilar	4994634
campeonato	4994633
fallado	4994632
investigaciones	4994631
denise	4994630
susto	4994629
complice	4994628
munecas	4994627
perrito	4994626
vinieras	4994625
saludar	4994624
opera	4994623
tokio	4994622
aguarda	4994621
maestros	4994620
responda	4994619
objecion	4994618
preguntaste	4994617
certificado	4994616
bajen	4994615
novato	4994614
licor	4994613
persiguiendo	4994612
quinta	4994611
caen	4994610
creame	4994609
idolo	4994608
culpo	4994607
oracion	4994606
radar	4994605
comi	4994604
acerques	4994603
neal	4994602
durar	4994601
bigote	4994600
tumor	4994599
sobra	4994598
levante	4994597
brooke	4994596
dentista	4994595
gene	4994594
pop	4994593
tomemos	4994592
nido	4994591
gays	4994590
extranjeros	4994589
quejas	4994588
colgado	4994587
boletos	4994586
cercana	4994585
preguntan	4994584
pida	4994583
freddie	4994582
with	4994581
elefante	4994580
globo	4994579
entran	4994578
pablo	4994577
cameron	4994576
turner	4994575
allen	4994574
necesariamente	4994573
hermosos	4994572
anderson	4994571
hemorragia	4994570
lentes	4994569
vagina	4994568
lampara	4994567
fueramos	4994566
presentado	4994565
correos	4994564
muriera	4994563
sentirlo	4994562
preparense	4994561
banera	4994560
editor	4994559
curar	4994558
recuperacion	4994557
plataforma	4994556
little	4994555
sacarme	4994554
moderna	4994553
hambriento	4994552
pondria	4994551
cai	4994550
one	4994549
enviando	4994548
ensena	4994547
eeuu	4994546
test	4994545
enamorados	4994544
sacando	4994543
competir	4994542
acababa	4994541
tabaco	4994540
sabre	4994539
andrea	4994538
atacado	4994537
bondad	4994536
escucharlo	4994535
matarnos	4994534
escudo	4994533
danza	4994532
donald	4994531
p	4994530
despierte	4994529
saldre	4994528
direcciones	4994527
resistir	4994526
asesinados	4994525
comprare	4994524
hueles	4994523
patria	4994522
merecen	4994521
bruno	4994520
comenzaron	4994519
acostado	4994518
poeta	4994517
volante	4994516
rastrear	4994515
ayudarlos	4994514
impulso	4994513
manejarlo	4994512
llevarnos	4994511
odian	4994510
ganan	4994509
may	4994508
sentiria	4994507
calcetines	4994506
guerreros	4994505
pesadillas	4994504
discutiendo	4994503
probando	4994502
paro	4994501
descubrimiento	4994500
encontraba	4994499
rastros	4994498
dejadme	4994497
comprando	4994496
torres	4994495
trevor	4994494
cal	4994493
sid	4994492
ponia	4994491
angulo	4994490
activo	4994489
cortes	4994488
injusto	4994487
hunter	4994486
agallas	4994485
negras	4994484
huyo	4994483
pego	4994482
inversion	4994481
necesitara	4994480
despedirme	4994479
largos	4994478
cleveland	4994477
christian	4994476
famosos	4994475
distintos	4994474
incapaz	4994473
nacer	4994472
amamos	4994471
lance	4994470
tecnico	4994469
arriesgado	4994468
distinta	4994467
seattle	4994466
planos	4994465
interesantes	4994464
girar	4994463
debate	4994462
blair	4994461
nazis	4994460
determinar	4994459
cables	4994458
hechas	4994457
registrado	4994456
tuyas	4994455
olvidas	4994454
tocas	4994453
fritas	4994452
mueres	4994451
cordero	4994450
samantha	4994449
celebracion	4994448
verlas	4994447
eve	4994446
conviene	4994445
sacare	4994444
liberacion	4994443
galeria	4994442
diente	4994441
vergonzoso	4994440
psicopata	4994439
peligrosos	4994438
lecciones	4994437
apagado	4994436
masaje	4994435
organizado	4994434
humilde	4994433
sierra	4994432
interrogatorio	4994431
clan	4994430
jan	4994429
g	4994428
bingo	4994427
signo	4994426
visual	4994425
urgencias	4994424
significaba	4994423
madison	4994422
mansion	4994421
apetito	4994420
cubo	4994419
armados	4994418
noel	4994417
equilibrio	4994416
islas	4994415
herencia	4994414
rory	4994413
pesa	4994412
corten	4994411
brasil	4994410
beca	4994409
traen	4994408
deseaba	4994407
conozcas	4994406
aterrizaje	4994405
crean	4994404
lex	4994403
sentirte	4994402
suicido	4994401
ritual	4994400
revisa	4994399
dawson	4994398
sacaron	4994397
loteria	4994396
telegrama	4994395
campus	4994394
avisar	4994393
propiedades	4994392
confuso	4994391
verse	4994390
finn	4994389
ayudeme	4994388
fingiendo	4994387
chistes	4994386
abuso	4994385
ajedrez	4994384
molestando	4994383
sacas	4994382
sabran	4994381
mensajero	4994380
inferior	4994379
responsables	4994378
coordenadas	4994377
mario	4994376
asistencia	4994375
guerras	4994374
katherine	4994373
adams	4994372
rompi	4994371
reed	4994370
ordenado	4994369
comenzando	4994368
delicado	4994367
escondiendo	4994366
sorprendio	4994365
volumen	4994364
venden	4994363
metete	4994362
enfermeria	4994361
mascota	4994360
consejero	4994359
cortesia	4994358
matricula	4994357
papeleo	4994356
menu	4994355
disparando	4994354
ciega	4994353
judy	4994352
quedaria	4994351
medicinas	4994350
observar	4994349
ida	4994348
democracia	4994347
aceptarlo	4994346
preocupen	4994345
punado	4994344
up	4994343
guy	4994342
metodos	4994341
disposicion	4994340
melissa	4994339
miseria	4994338
aprendiendo	4994337
atreve	4994336
pisos	4994335
lesbiana	4994334
carmen	4994333
explicare	4994332
culpar	4994331
hal	4994330
incluye	4994329
dispararle	4994328
ofender	4994327
cuadros	4994326
avance	4994325
profundidad	4994324
hilo	4994323
llegare	4994322
blue	4994321
escucheme	4994320
lograrlo	4994319
certeza	4994318
llevaste	4994317
necesitabas	4994316
misiles	4994315
botones	4994314
burke	4994313
conocias	4994312
miranda	4994311
afueras	4994310
anillos	4994309
maricon	4994308
desesperada	4994307
cocinero	4994306
subido	4994305
critica	4994304
manta	4994303
brillo	4994302
rosie	4994301
contratado	4994300
incendios	4994299
moderno	4994298
timbre	4994297
excitante	4994296
mates	4994295
supervivencia	4994294
cretino	4994293
dejaran	4994292
multiples	4994291
diarios	4994290
asumo	4994289
choque	4994288
contenido	4994287
stark	4994286
aja	4994285
entienda	4994284
troy	4994283
lloyd	4994282
jabon	4994281
apartate	4994280
hablara	4994279
shaw	4994278
guardian	4994277
superiores	4994276
consulta	4994275
edicion	4994274
organos	4994273
protege	4994272
creci	4994271
toneladas	4994270
raya	4994269
filosofia	4994268
entraste	4994267
hacerles	4994266
ascenso	4994265
gigantes	4994264
ayuntamiento	4994263
situaciones	4994262
judicial	4994261
mercancia	4994260
regresara	4994259
interno	4994258
criada	4994257
aereo	4994256
carbon	4994255
meg	4994254
duermes	4994253
j	4994252
banos	4994251
localizar	4994250
entraron	4994249
trabajador	4994248
submarino	4994247
acido	4994246
obtuvo	4994245
rebeldes	4994244
depresion	4994243
claudia	4994242
medicacion	4994241
espectacular	4994240
pensaria	4994239
afortunada	4994238
secuestrado	4994237
egipto	4994236
concentracion	4994235
bahia	4994234
sordo	4994233
aliados	4994232
interna	4994231
observacion	4994230
orina	4994229
brigada	4994228
creias	4994227
bosques	4994226
pacifico	4994225
cindy	4994224
liquido	4994223
companias	4994222
musculos	4994221
barro	4994220
atado	4994219
ohh	4994218
comprometido	4994217
mcgee	4994216
simpson	4994215
acabaron	4994214
britanicos	4994213
acceder	4994212
empuja	4994211
freddy	4994210
becky	4994209
computadoras	4994208
zach	4994207
voluntario	4994206
factura	4994205
osos	4994204
debamos	4994203
eche	4994202
criado	4994201
harvard	4994200
desean	4994199
kirk	4994198
desconocida	4994197
sentar	4994196
perdonar	4994195
dispuestos	4994194
daphne	4994193
tapa	4994192
cuentan	4994191
detenerme	4994190
ligero	4994189
servido	4994188
pm	4994187
vano	4994186
supuestamente	4994185
aguila	4994184
quitarme	4994183
suplico	4994182
pila	4994181
euros	4994180
expertos	4994179
sana	4994178
simples	4994177
apunta	4994176
asegurare	4994175
presentes	4994174
traera	4994173
tejado	4994172
ruby	4994171
cubre	4994170
valentin	4994169
oriente	4994168
ansioso	4994167
bailey	4994166
chan	4994165
separado	4994164
invasion	4994163
confirmado	4994162
faciles	4994161
amber	4994160
pierden	4994159
isabel	4994158
presidenta	4994157
coincide	4994156
faltaba	4994155
sip	4994154
sacamos	4994153
detengase	4994152
pega	4994151
permiteme	4994150
maneja	4994149
suiza	4994148
conversaciones	4994147
permanece	4994146
multa	4994145
comunista	4994144
diremos	4994143
morris	4994142
jazz	4994141
cargado	4994140
erica	4994139
anadir	4994138
asistir	4994137
pildoras	4994136
uds	4994135
jodas	4994134
veredicto	4994133
olvidarlo	4994132
divertirse	4994131
volviera	4994130
produce	4994129
cuentes	4994128
grabado	4994127
preocupaciones	4994126
talla	4994125
pillado	4994124
simpatico	4994123
anciana	4994122
astuto	4994121
georgia	4994120
secuencia	4994119
fuegos	4994118
particulas	4994117
esfuerzos	4994116
naomi	4994115
escribiste	4994114
enganando	4994113
utilizando	4994112
riqueza	4994111
cristiano	4994110
harrison	4994109
especialista	4994108
mick	4994107
torneo	4994106
afecto	4994105
marcho	4994104
reunirse	4994103
justamente	4994102
suban	4994101
recorrido	4994100
nucleo	4994099
damon	4994098
hamburguesas	4994097
zack	4994096
sheila	4994095
demos	4994094
dejad	4994093
arrogante	4994092
dejarnos	4994091
levantarse	4994090
periodistas	4994089
rama	4994088
echare	4994087
oficio	4994086
ligera	4994085
jessie	4994084
piratas	4994083
extraterrestres	4994082
creiste	4994081
obligacion	4994080
sentidos	4994079
molestado	4994078
traficante	4994077
arreglare	4994076
agresion	4994075
despertado	4994074
mencionado	4994073
llenas	4994072
dejanos	4994071
terminemos	4994070
ii	4994069
retrasado	4994068
kit	4994067
castle	4994066
alison	4994065
protegiendo	4994064
conseguiremos	4994063
matamos	4994062
billetera	4994061
avanzar	4994060
retrocede	4994059
timido	4994058
corresponde	4994057
wallace	4994056
roba	4994055
sillas	4994054
salvarte	4994053
alexander	4994052
baker	4994051
hacha	4994050
mantenerte	4994049
suite	4994048
sharon	4994047
atravesar	4994046
destrozado	4994045
marinero	4994044
quedaremos	4994043
sucios	4994042
etiqueta	4994041
maldad	4994040
gatito	4994039
favoritos	4994038
huespedes	4994037
pariente	4994036
volvia	4994035
oficinas	4994034
paula	4994033
retirado	4994032
febrero	4994031
pillo	4994030
khan	4994029
polo	4994028
coja	4994027
aprendiste	4994026
doyle	4994025
furia	4994024
admiro	4994023
dorado	4994022
irene	4994021
muertas	4994020
busquen	4994019
pasteles	4994018
solucionar	4994017
romantica	4994016
acuerda	4994015
liberado	4994014
divirtiendo	4994013
jodidos	4994012
ciencias	4994011
thompson	4994010
elemento	4994009
manchas	4994008
bajos	4994007
escuchan	4994006
bus	4994005
cosecha	4994004
palmer	4994003
espias	4994002
fox	4994001
beverly	4994000
ridicula	4993999
saliera	4993998
costillas	4993997
morire	4993996
niego	4993995
teresa	4993994
pinturas	4993993
cabrones	4993992
complicada	4993991
vapor	4993990
marron	4993989
get	4993988
naciones	4993987
hablen	4993986
desperto	4993985
encantaba	4993984
muevan	4993983
conocidos	4993982
insectos	4993981
marcharse	4993980
cruzado	4993979
asegurarnos	4993978
adicto	4993977
chofer	4993976
orilla	4993975
sorpresas	4993974
burro	4993973
quienquiera	4993972
quirofano	4993971
pendejo	4993970
limpiando	4993969
serena	4993968
oirte	4993967
inspiracion	4993966
posiciones	4993965
terminaron	4993964
conveniente	4993963
polis	4993962
aah	4993961
supuse	4993960
cheques	4993959
misa	4993958
ficcion	4993957
sensores	4993956
entrenar	4993955
despedir	4993954
tiros	4993953
pidieron	4993952
ai	4993951
honorable	4993950
tortuga	4993949
identificado	4993948
falda	4993947
concentrate	4993946
sabanas	4993945
lindsay	4993944
generaciones	4993943
hueco	4993942
inocencia	4993941
docenas	4993940
inglesa	4993939
phillip	4993938
renta	4993937
mantenerse	4993936
fundacion	4993935
postal	4993934
contrasena	4993933
terapeuta	4993932
houston	4993931
metiendo	4993930
descubre	4993929
estadio	4993928
bell	4993927
sebastian	4993926
viajando	4993925
reparar	4993924
cadenas	4993923
conversar	4993922
pis	4993921
bud	4993920
imbeciles	4993919
derrota	4993918
confidencial	4993917
nikki	4993916
cerrados	4993915
baloncesto	4993914
lograste	4993913
recoge	4993912
individuo	4993911
habriamos	4993910
hazte	4993909
andas	4993908
acercarse	4993907
controlado	4993906
dispare	4993905
are	4993904
calmese	4993903
sonidos	4993902
metiste	4993901
diferencias	4993900
bernard	4993899
cicatriz	4993898
dorothy	4993897
conocerle	4993896
mientas	4993895
pasame	4993894
boyd	4993893
hockey	4993892
duenos	4993891
juegan	4993890
amenazo	4993889
disciplina	4993888
manny	4993887
privilegio	4993886
reservado	4993885
recibiste	4993884
respondio	4993883
ocupo	4993882
pirata	4993881
romeo	4993880
estaciones	4993879
stella	4993878
existir	4993877
chimenea	4993876
cunado	4993875
debias	4993874
mecanico	4993873
adelantado	4993872
referencia	4993871
vagabundo	4993870
haciamos	4993869
cerro	4993868
sacarle	4993867
dulzura	4993866
antiguas	4993865
construyo	4993864
crecio	4993863
estupidas	4993862
delgado	4993861
perry	4993860
cuide	4993859
rocky	4993858
sonado	4993857
callese	4993856
borrachos	4993855
moriras	4993854
aumentar	4993853
borrar	4993852
sonreir	4993851
imaginado	4993850
alemana	4993849
pilotos	4993848
logico	4993847
retirarse	4993846
comience	4993845
semillas	4993844
perdedores	4993843
encantara	4993842
rehen	4993841
experimentos	4993840
irak	4993839
tranquilidad	4993838
opina	4993837
pudiese	4993836
convertirme	4993835
funcionado	4993834
gorra	4993833
vicepresidente	4993832
gwen	4993831
mueras	4993830
milagros	4993829
tradicional	4993828
granero	4993827
cobertura	4993826
tendrian	4993825
douglas	4993824
barata	4993823
suelen	4993822
piden	4993821
linterna	4993820
comidas	4993819
lydia	4993818
ejecutivo	4993817
reducir	4993816
reconocido	4993815
claridad	4993814
enfermeras	4993813
esperabamos	4993812
heredero	4993811
torpe	4993810
impedir	4993809
femenina	4993808
accidentes	4993807
protegido	4993806
talvez	4993805
cuba	4993804
revisando	4993803
fisicamente	4993802
top	4993801
pueblos	4993800
traerlo	4993799
capturado	4993798
argumento	4993797
norma	4993796
gripe	4993795
precios	4993794
know	4993793
arnold	4993792
pegar	4993791
drake	4993790
pasaje	4993789
peggy	4993788
portero	4993787
desee	4993786
devolvere	4993785
pensare	4993784
iniciar	4993783
pelos	4993782
ego	4993781
cazadores	4993780
aprovechar	4993779
logre	4993778
inevitable	4993777
vestuario	4993776
dormi	4993775
perimetro	4993774
vasos	4993773
cesped	4993772
cumple	4993771
afganistan	4993770
presentarte	4993769
tomarlo	4993768
aquellas	4993767
jodete	4993766
costara	4993765
fisher	4993764
like	4993763
zorro	4993762
mantenido	4993761
transferencia	4993760
tucker	4993759
pensaron	4993758
qu	4993757
cobra	4993756
esperaremos	4993755
intenso	4993754
encontrarse	4993753
sullivan	4993752
sencilla	4993751
escritura	4993750
amiguito	4993749
quite	4993748
ovejas	4993747
aprobacion	4993746
denuncia	4993745
prostitutas	4993744
preguntare	4993743
jovencito	4993742
dada	4993741
matarlos	4993740
pusimos	4993739
lastimado	4993738
mantuvo	4993737
yang	4993736
sagrada	4993735
joel	4993734
rana	4993733
have	4993732
patty	4993731
videos	4993730
molestarte	4993729
escondite	4993728
instrumento	4993727
garantizo	4993726
mirarme	4993725
enano	4993724
espantoso	4993723
oyeron	4993722
demostrado	4993721
obsesionado	4993720
puno	4993719
casamos	4993718
pistolas	4993717
necesitaras	4993716
alfred	4993715
sepamos	4993714
aventuras	4993713
recuperado	4993712
vendre	4993711
agradecida	4993710
sandra	4993709
curva	4993708
serpientes	4993707
traicionado	4993706
ponernos	4993705
carson	4993704
mikey	4993703
colocar	4993702
camaradas	4993701
encontrarnos	4993700
quitarle	4993699
criar	4993698
acompano	4993697
acusaciones	4993696
shirley	4993695
tristes	4993694
pierce	4993693
lenta	4993692
usarla	4993691
votacion	4993690
mantenerme	4993689
entremos	4993688
tremendo	4993687
principalmente	4993686
exacta	4993685
algodon	4993684
ordenar	4993683
monk	4993682
utilizado	4993681
brilla	4993680
elaine	4993679
evidencias	4993678
escondidas	4993677
filmar	4993676
lastimar	4993675
nego	4993674
ofrezco	4993673
centimetros	4993672
ataca	4993671
considero	4993670
cogere	4993669
vias	4993668
respetar	4993667
broadway	4993666
hospitales	4993665
recibira	4993664
premios	4993663
descanse	4993662
manada	4993661
atacaron	4993660
ardiendo	4993659
alimento	4993658
bodega	4993657
retirar	4993656
limon	4993655
esperes	4993654
manejo	4993653
manejando	4993652
out	4993651
sugerencia	4993650
lindos	4993649
callar	4993648
robbie	4993647
cigarro	4993646
suministros	4993645
competicion	4993644
tratare	4993643
preocupaba	4993642
retirada	4993641
srta	4993640
especies	4993639
posee	4993638
salvacion	4993637
rubio	4993636
li	4993635
hanna	4993634
evidentemente	4993633
asusto	4993632
arrestar	4993631
vendrias	4993630
sone	4993629
delitos	4993628
garantia	4993627
jeffrey	4993626
fusion	4993625
creeis	4993624
barnes	4993623
pendientes	4993622
vago	4993621
salvador	4993620
griego	4993619
novedad	4993618
autentica	4993617
circuito	4993616
sueltalo	4993615
enterprise	4993614
caramelos	4993613
cortinas	4993612
escuchamos	4993611
apoyar	4993610
valientes	4993609
aplauso	4993608
torta	4993607
acerco	4993606
inyeccion	4993605
bloqueo	4993604
bishop	4993603
especialidad	4993602
construyendo	4993601
helena	4993600
maravillas	4993599
stefan	4993598
entusiasmo	4993597
portatil	4993596
roll	4993595
leerlo	4993594
bastantes	4993593
fotografo	4993592
extranar	4993591
arruino	4993590
mosca	4993589
conservar	4993588
honrado	4993587
comprobado	4993586
orbita	4993585
eterno	4993584
tuvieramos	4993583
echas	4993582
lees	4993581
serios	4993580
tocaba	4993579
herir	4993578
ingresos	4993577
huelo	4993576
entregado	4993575
occidental	4993574
sexto	4993573
tierno	4993572
suicida	4993571
guardaespaldas	4993570
raj	4993569
escocia	4993568
codigos	4993567
menuda	4993566
buddy	4993565
jamon	4993564
mananas	4993563
musico	4993562
investigador	4993561
beach	4993560
debimos	4993559
bush	4993558
ries	4993557
liras	4993556
responsabilidades	4993555
vehiculos	4993554
shakespeare	4993553
galleta	4993552
cruzando	4993551
atrevas	4993550
literatura	4993549
negar	4993548
vulnerable	4993547
murray	4993546
sonny	4993545
revision	4993544
kathy	4993543
bicho	4993542
evans	4993541
saludo	4993540
meredith	4993539
rebelde	4993538
vecina	4993537
ansiedad	4993536
noah	4993535
agotado	4993534
dallas	4993533
alienigena	4993532
acostarse	4993531
deliciosa	4993530
ofrecido	4993529
canalla	4993528
llamaban	4993527
intentaste	4993526
perderte	4993525
usaste	4993524
jungla	4993523
coco	4993522
isaac	4993521
preferido	4993520
caramelo	4993519
aparecen	4993518
promedio	4993517
detesto	4993516
vientre	4993515
tela	4993514
pacto	4993513
poirot	4993512
implica	4993511
bienestar	4993510
debas	4993509
cerradura	4993508
haley	4993507
ahh	4993506
cientifica	4993505
compramos	4993504
aceptas	4993503
buck	4993502
inicial	4993501
eventualmente	4993500
critico	4993499
nazi	4993498
crucero	4993497
entrevistas	4993496
encantar	4993495
formula	4993494
superado	4993493
extraordinaria	4993492
culpables	4993491
cruce	4993490
expresar	4993489
legalmente	4993488
portal	4993487
encontraria	4993486
marcos	4993485
ginebra	4993484
camas	4993483
caca	4993482
detencion	4993481
necesaria	4993480
sosten	4993479
maurice	4993478
aterrador	4993477
sonaba	4993476
llamaremos	4993475
mantenimiento	4993474
sospechas	4993473
mr	4993472
declarar	4993471
alcanza	4993470
interesan	4993469
empezaste	4993468
mediante	4993467
vaqueros	4993466
sida	4993465
gps	4993464
adora	4993463
pongase	4993462
proximas	4993461
fumando	4993460
tomarme	4993459
presta	4993458
denny	4993457
mantienen	4993456
politicas	4993455
mudo	4993454
ofrecerle	4993453
llamara	4993452
esencia	4993451
caleb	4993450
kansas	4993449
tess	4993448
diviertete	4993447
jon	4993446
echaron	4993445
misteriosa	4993444
arregla	4993443
austin	4993442
respirando	4993441
levanto	4993440
min	4993439
colinas	4993438
parecian	4993437
oscuras	4993436
aires	4993435
alec	4993434
comunes	4993433
empezaremos	4993432
divina	4993431
comprendido	4993430
averigua	4993429
griffin	4993428
vacias	4993427
legales	4993426
cometa	4993425
renuncia	4993424
alienigenas	4993423
lester	4993422
nevera	4993421
tire	4993420
sientan	4993419
flecha	4993418
but	4993417
queden	4993416
pretende	4993415
agradecer	4993414
stevie	4993413
lindas	4993412
boom	4993411
esencial	4993410
pagarle	4993409
pertenecen	4993408
escoria	4993407
instalaciones	4993406
lamentablemente	4993405
anuncios	4993404
morgue	4993403
supermercado	4993402
bajado	4993401
moriran	4993400
vicky	4993399
not	4993398
grey	4993397
reunido	4993396
samuel	4993395
richie	4993394
castigado	4993393
valerie	4993392
abiertas	4993391
valen	4993390
mulder	4993389
kang	4993388
crecimiento	4993387
ardiente	4993386
protector	4993385
imaginate	4993384
usualmente	4993383
mesas	4993382
fracasado	4993381
alturas	4993380
elvis	4993379
sindrome	4993378
arranca	4993377
basada	4993376
rincon	4993375
granjero	4993374
benjamin	4993373
distraccion	4993372
putos	4993371
materiales	4993370
salvarme	4993369
previsto	4993368
femenino	4993367
marilyn	4993366
bandeja	4993365
portada	4993364
record	4993363
ingenieria	4993362
acostarme	4993361
set	4993360
acordamos	4993359
homosexual	4993358
montones	4993357
flash	4993356
brutal	4993355
senado	4993354
clyde	4993353
decides	4993352
ocupa	4993351
hans	4993350
abejas	4993349
educado	4993348
cuidadoso	4993347
orleans	4993346
veis	4993345
ilegales	4993344
lenny	4993343
sentiras	4993342
revelar	4993341
woo	4993340
bretana	4993339
er	4993338
vivas	4993337
llegaran	4993336
rudy	4993335
naturales	4993334
adverti	4993333
saquen	4993332
ebrio	4993331
poderosos	4993330
sonriendo	4993329
comisionado	4993328
cohete	4993327
gentil	4993326
romano	4993325
milord	4993324
dejarlos	4993323
atascado	4993322
admitirlo	4993321
sobrevivio	4993320
vendo	4993319
rompiste	4993318
rudo	4993317
grayson	4993316
tardara	4993315
drogado	4993314
invita	4993313
marcado	4993312
producir	4993311
enlace	4993310
compartimos	4993309
flujo	4993308
durara	4993307
disculpo	4993306
pasaremos	4993305
hammond	4993304
marcar	4993303
singh	4993302
partidos	4993301
asilo	4993300
invitada	4993299
ari	4993298
misericordia	4993297
equivocados	4993296
duena	4993295
enviaste	4993294
significan	4993293
deprimido	4993292
sentimental	4993291
persecucion	4993290
tenes	4993289
was	4993288
sono	4993287
anteriores	4993286
bobo	4993285
suyas	4993284
duras	4993283
niles	4993282
traerte	4993281
scotty	4993280
magnifica	4993279
convirtiendo	4993278
altar	4993277
melanie	4993276
especifico	4993275
italianos	4993274
dwight	4993273
delincuente	4993272
violet	4993271
acompane	4993270
film	4993269
obispo	4993268
elegi	4993267
plumas	4993266
salchichas	4993265
particularmente	4993264
testificar	4993263
dormia	4993262
bases	4993261
tomaba	4993260
declaraciones	4993259
entiendas	4993258
robots	4993257
escudos	4993256
maletero	4993255
detengan	4993254
cierren	4993253
robos	4993252
tobillo	4993251
perfeccion	4993250
lios	4993249
recto	4993248
sorprendida	4993247
artificiales	4993246
habitantes	4993245
permita	4993244
mueven	4993243
mande	4993242
angie	4993241
farmacia	4993240
supervisor	4993239
quitarte	4993238
ninita	4993237
there	4993236
unicas	4993235
repite	4993234
pasarme	4993233
esconderse	4993232
reese	4993231
queriendo	4993230
comencemos	4993229
armadura	4993228
porter	4993227
insiste	4993226
sasha	4993225
sacarla	4993224
expulsado	4993223
sobrio	4993222
encontrarle	4993221
quedaste	4993220
envidia	4993219
bata	4993218
llameme	4993217
proyectos	4993216
kay	4993215
debieron	4993214
sentarnos	4993213
winston	4993212
vestibulo	4993211
chad	4993210
guardado	4993209
rex	4993208
propongo	4993207
experiencias	4993206
decada	4993205
time	4993204
estimado	4993203
wyatt	4993202
mirala	4993201
pantano	4993200
acerque	4993199
sun	4993198
vulgar	4993197
invento	4993196
hugo	4993195
monica	4993194
completar	4993193
cliff	4993192
enterrar	4993191
filadelfia	4993190
cambiaron	4993189
llevaban	4993188
escrita	4993187
tardar	4993186
atraccion	4993185
cuadra	4993184
campbell	4993183
refrigerador	4993182
chaleco	4993181
caes	4993180
dejelo	4993179
subasta	4993178
cuna	4993177
homero	4993176
divino	4993175
soltar	4993174
zonas	4993173
rompiendo	4993172
atrae	4993171
malvada	4993170
hermandad	4993169
triple	4993168
cardiaco	4993167
echando	4993166
pareciera	4993165
est	4993164
hablaron	4993163
tomarte	4993162
explique	4993161
mademoiselle	4993160
domingos	4993159
reagan	4993158
dedicado	4993157
visitantes	4993156
fiona	4993155
entres	4993154
creando	4993153
siganme	4993152
obligo	4993151
viaja	4993150
electronico	4993149
cepillo	4993148
fiscalia	4993147
bate	4993146
obsesion	4993145
explorar	4993144
llevarle	4993143
dee	4993142
calendario	4993141
levantarme	4993140
cogelo	4993139
salchicha	4993138
cabe	4993137
activa	4993136
unir	4993135
operar	4993134
by	4993133
glenn	4993132
ballet	4993131
tiburones	4993130
regresamos	4993129
infarto	4993128
indican	4993127
traseros	4993126
estafa	4993125
hunt	4993124
gusanos	4993123
autorizado	4993122
bauer	4993121
sirvo	4993120
cuidadosamente	4993119
gustaban	4993118
dejate	4993117
cobardes	4993116
cool	4993115
evolucion	4993114
abri	4993113
charlar	4993112
just	4993111
estate	4993110
describir	4993109
cuchillos	4993108
dimension	4993107
vestir	4993106
jodiendo	4993105
wes	4993104
acercando	4993103
destinado	4993102
hembra	4993101
cercanos	4993100
venas	4993099
pobreza	4993098
pausa	4993097
besame	4993096
q	4993095
tinta	4993094
felix	4993093
orquesta	4993092
laser	4993091
pensara	4993090
categoria	4993089
stewart	4993088
tomaria	4993087
velada	4993086
ayudarles	4993085
dandole	4993084
lejano	4993083
pongamos	4993082
diagnostico	4993081
burt	4993080
pintor	4993079
amarilla	4993078
legado	4993077
road	4993076
cardenal	4993075
solian	4993074
disculpenme	4993073
sobrevivido	4993072
zapatillas	4993071
normalidad	4993070
ciclo	4993069
christina	4993068
fragil	4993067
arizona	4993066
agradecerte	4993065
postura	4993064
llamados	4993063
desnudos	4993062
oimos	4993061
delta	4993060
gastado	4993059
mandy	4993058
descuento	4993057
bendito	4993056
dejale	4993055
cristianos	4993054
bici	4993053
lola	4993052
entrego	4993051
pruebe	4993050
usare	4993049
intentaron	4993048
escribes	4993047
bay	4993046
significar	4993045
preocupan	4993044
ayudes	4993043
hubieses	4993042
agradecimiento	4993041
convencion	4993040
marge	4993039
arreglos	4993038
trates	4993037
caera	4993036
terminan	4993035
extrane	4993034
ahorrar	4993033
conocieron	4993032
hermanito	4993031
inventado	4993030
moore	4993029
volvimos	4993028
arriesgar	4993027
ensenarme	4993026
mojado	4993025
escopeta	4993024
sentiste	4993023
reynolds	4993022
confundida	4993021
ayudan	4993020
marines	4993019
matty	4993018
volo	4993017
habito	4993016
ocuparme	4993015
aparecido	4993014
especificamente	4993013
propina	4993012
cambiarme	4993011
debeis	4993010
conseguiras	4993009
muchachas	4993008
bloque	4993007
marino	4993006
aparezca	4993005
dijeras	4993004
solias	4993003
ruidos	4993002
disfruten	4993001
parad	4993000
creera	4992999
revise	4992998
instrumentos	4992997
acepte	4992996
rival	4992995
evaluacion	4992994
divertirnos	4992993
turistas	4992992
caravana	4992991
servidor	4992990
regular	4992989
necesitabamos	4992988
woody	4992987
sheldon	4992986
entretenimiento	4992985
ondas	4992984
peloton	4992983
concreto	4992982
navaja	4992981
extras	4992980
ruptura	4992979
formal	4992978
romanos	4992977
lemon	4992976
nucleares	4992975
altamente	4992974
pagamos	4992973
corrio	4992972
note	4992971
aprendio	4992970
tarda	4992969
muneco	4992968
frasier	4992967
sospecho	4992966
artie	4992965
violo	4992964
mercedes	4992963
integridad	4992962
hurra	4992961
debian	4992960
fallar	4992959
claus	4992958
val	4992957
tiras	4992956
silver	4992955
canones	4992954
lunar	4992953
marc	4992952
visiones	4992951
fijo	4992950
ambicion	4992949
cortos	4992948
restaurantes	4992947
valga	4992946
ejercicios	4992945
hariamos	4992944
cam	4992943
escriba	4992942
dedica	4992941
perdono	4992940
luchador	4992939
primaria	4992938
delantera	4992937
arrestaron	4992936
judia	4992935
temes	4992934
cuidare	4992933
matarle	4992932
rodar	4992931
subete	4992930
suenas	4992929
explicarte	4992928
mutuamente	4992927
mejora	4992926
concierne	4992925
asesinaron	4992924
k	4992923
marea	4992922
senos	4992921
remoto	4992920
disfrute	4992919
nolan	4992918
extraterrestre	4992917
champagne	4992916
brandy	4992915
tuviese	4992914
comparado	4992913
hermanita	4992912
habernos	4992911
irlandes	4992910
boris	4992909
bellas	4992908
palos	4992907
rechazado	4992906
forman	4992905
grabando	4992904
calibre	4992903
decida	4992902
orinar	4992901
capturar	4992900
electrico	4992899
erin	4992898
quemo	4992897
agarro	4992896
barras	4992895
reggie	4992894
atraer	4992893
reservas	4992892
mear	4992891
desear	4992890
edgar	4992889
nietos	4992888
regimiento	4992887
olviden	4992886
frito	4992885
comprometida	4992884
oraciones	4992883
reid	4992882
monroe	4992881
dexter	4992880
protesta	4992879
randall	4992878
lesiones	4992877
conociera	4992876
andaba	4992875
apertura	4992874
tragico	4992873
golpeando	4992872
dados	4992871
persigue	4992870
ignorar	4992869
racista	4992868
circulos	4992867
f	4992866
foster	4992865
desesperacion	4992864
bond	4992863
dawn	4992862
accidentalmente	4992861
enojar	4992860
estallar	4992859
esperma	4992858
limpias	4992857
permitio	4992856
bromeo	4992855
espadas	4992854
placas	4992853
pensabamos	4992852
opiniones	4992851
practicando	4992850
desgraciadamente	4992849
ocultando	4992848
boxeo	4992847
captura	4992846
raiz	4992845
joyce	4992844
arabe	4992843
facturas	4992842
mito	4992841
sujetos	4992840
litros	4992839
chandler	4992838
cuelga	4992837
gratitud	4992836
firmes	4992835
nieta	4992834
aguanto	4992833
molestaria	4992832
marcharme	4992831
municiones	4992830
meto	4992829
voluntarios	4992828
desaparecieron	4992827
consentimiento	4992826
alboroto	4992825
hicieran	4992824
solitaria	4992823
quimicos	4992822
interesados	4992821
rodney	4992820
aplausos	4992819
sobredosis	4992818
piper	4992817
sudor	4992816
anunciar	4992815
acoso	4992814
acostarte	4992813
andan	4992812
usaron	4992811
andre	4992810
dominio	4992809
tribal	4992808
claras	4992807
rencor	4992806
comienzan	4992805
beckett	4992804
llevaras	4992803
cerradas	4992802
similares	4992801
basico	4992800
ohio	4992799
naciste	4992798
estrado	4992797
automovil	4992796
publicas	4992795
bennett	4992794
exceso	4992793
jonas	4992792
oyendo	4992791
une	4992790
contrabando	4992789
rusty	4992788
barril	4992787
flynn	4992786
areas	4992785
cd	4992784
cayeron	4992783
farsa	4992782
descubrimos	4992781
lizzie	4992780
destruyo	4992779
demostracion	4992778
picante	4992777
frutas	4992776
flotando	4992775
cargando	4992774
fu	4992773
llevaran	4992772
suene	4992771
matalo	4992770
dixon	4992769
favores	4992768
insisto	4992767
chiflado	4992766
cometiendo	4992765
vendi	4992764
ballena	4992763
inutiles	4992762
buzon	4992761
entrenado	4992760
vivira	4992759
habre	4992758
insoportable	4992757
escucharte	4992756
regreses	4992755
dona	4992754
lena	4992753
convincente	4992752
cooperacion	4992751
carnicero	4992750
uses	4992749
eliminado	4992748
revolver	4992747
huye	4992746
automatico	4992745
toallas	4992744
oscuros	4992743
anual	4992742
ocupar	4992741
hada	4992740
comerciales	4992739
patadas	4992738
regresemos	4992737
convertira	4992736
fallecio	4992735
separacion	4992734
existia	4992733
cathy	4992732
ruinas	4992731
hastings	4992730
sonia	4992729
volverse	4992728
obtiene	4992727
tanner	4992726
involucrada	4992725
hope	4992724
rompecabezas	4992723
instintos	4992722
asustaste	4992721
seguidores	4992720
independencia	4992719
empiecen	4992718
inesperado	4992717
satisfaccion	4992716
yoga	4992715
primos	4992714
permites	4992713
terminal	4992712
delincuentes	4992711
generales	4992710
aparcamiento	4992709
rinon	4992708
aborto	4992707
verga	4992706
moscas	4992705
suicidarse	4992704
sirvio	4992703
denme	4992702
decadas	4992701
espeluznante	4992700
venian	4992699
estandar	4992698
tecnicas	4992697
mo	4992696
perseguir	4992695
protegerme	4992694
provocar	4992693
oyen	4992692
hoteles	4992691
convertirte	4992690
bichos	4992689
ponme	4992688
varon	4992687
musicos	4992686
penas	4992685
doler	4992684
conectar	4992683
escucharon	4992682
campanas	4992681
plaga	4992680
lanzo	4992679
sostener	4992678
converti	4992677
homicida	4992676
trozos	4992675
exploto	4992674
resumen	4992673
barrera	4992672
brennan	4992671
patear	4992670
debiamos	4992669
planea	4992668
indicado	4992667
atraparon	4992666
conexiones	4992665
archer	4992664
generador	4992663
bares	4992662
saldras	4992661
solido	4992660
abro	4992659
demente	4992658
firmo	4992657
teorias	4992656
cuernos	4992655
reportero	4992654
avergonzada	4992653
guardo	4992652
culto	4992651
spike	4992650
callense	4992649
paquetes	4992648
supremo	4992647
contaba	4992646
gil	4992645
hills	4992644
mejorando	4992643
tour	4992642
triunfo	4992641
tuvieran	4992640
lavanderia	4992639
movido	4992638
leiste	4992637
damela	4992636
omar	4992635
manga	4992634
agradeceria	4992633
madrugada	4992632
resiste	4992631
ensenando	4992630
sacame	4992629
asia	4992628
absoluta	4992627
conseguira	4992626
amabilidad	4992625
llueve	4992624
alias	4992623
marvin	4992622
beba	4992621
prepare	4992620
delicada	4992619
sorprenderia	4992618
panales	4992617
asquerosa	4992616
suponer	4992615
cody	4992614
spock	4992613
recomiendo	4992612
cerebros	4992611
decidiste	4992610
atento	4992609
empujar	4992608
cambias	4992607
muros	4992606
provisiones	4992605
adulta	4992604
pearl	4992603
apos	4992602
facebook	4992601
fijado	4992600
contratos	4992599
acostumbrada	4992598
mierdas	4992597
agradecerle	4992596
correccion	4992595
trofeo	4992594
tomada	4992593
ruina	4992592
decidieron	4992591
terremoto	4992590
honestidad	4992589
marta	4992588
gray	4992587
estuvieramos	4992586
practicas	4992585
contenedor	4992584
notar	4992583
jefferson	4992582
cambiaste	4992581
comere	4992580
rapidos	4992579
colgando	4992578
preparen	4992577
jugaba	4992576
arturo	4992575
adopcion	4992574
alcanzado	4992573
entendio	4992572
ensene	4992571
disenado	4992570
zoologico	4992569
seleccion	4992568
echarme	4992567
asustar	4992566
vistas	4992565
moriria	4992564
prestar	4992563
apuro	4992562
huesped	4992561
matame	4992560
moriremos	4992559
sacalo	4992558
uniformes	4992557
minima	4992556
granada	4992555
mantengo	4992554
congelado	4992553
garcia	4992552
necesitaria	4992551
detroit	4992550
stephanie	4992549
parecera	4992548
vivian	4992547
they	4992546
querran	4992545
vinculo	4992544
june	4992543
lava	4992542
guante	4992541
stevens	4992540
inestable	4992539
batallas	4992538
iniciativa	4992537
cambiarlo	4992536
corrupcion	4992535
celebrando	4992534
baul	4992533
llegaria	4992532
an	4992531
presos	4992530
campesinos	4992529
contarselo	4992528
catalina	4992527
ensename	4992526
dragones	4992525
sirva	4992524
matones	4992523
paisaje	4992522
llover	4992521
mantendre	4992520
positiva	4992519
picnic	4992518
tijeras	4992517
sirena	4992516
follar	4992515
baston	4992514
avanzada	4992513
ordena	4992512
funciones	4992511
ahorros	4992510
declarado	4992509
leyo	4992508
billones	4992507
venda	4992506
caceria	4992505
verduras	4992504
llegaba	4992503
fuma	4992502
encubierto	4992501
hamilton	4992500
intelectual	4992499
canales	4992498
verificar	4992497
comunistas	4992496
lucky	4992495
nocturna	4992494
nicholas	4992493
fraternidad	4992492
conrad	4992491
patrones	4992490
incluido	4992489
colorado	4992488
gallo	4992487
aumenta	4992486
causando	4992485
crack	4992484
gol	4992483
recordarlo	4992482
acompanarme	4992481
perfectos	4992480
toquen	4992479
jet	4992478
mariposa	4992477
filas	4992476
ocurren	4992475
crecen	4992474
acondicionado	4992473
balcon	4992472
navegar	4992471
cueste	4992470
consiguen	4992469
deb	4992468
paloma	4992467
combatir	4992466
mostrado	4992465
dormiste	4992464
chau	4992463
mostrando	4992462
temblando	4992461
fractura	4992460
reza	4992459
pub	4992458
hallamos	4992457
rindo	4992456
acompana	4992455
einstein	4992454
estudiado	4992453
humanas	4992452
conseguirte	4992451
ferrocarril	4992450
orfanato	4992449
afectado	4992448
creador	4992447
publicar	4992446
brick	4992445
avery	4992444
cachorro	4992443
milla	4992442
buffy	4992441
santuario	4992440
rotos	4992439
unidas	4992438
abuelos	4992437
ponerla	4992436
polonia	4992435
impide	4992434
detenganse	4992433
otto	4992432
terrorismo	4992431
trece	4992430
cavar	4992429
usada	4992428
soga	4992427
margarita	4992426
lesion	4992425
perderia	4992424
melodia	4992423
todopoderoso	4992422
lamentable	4992421
examinar	4992420
bruto	4992419
calvin	4992418
masacre	4992417
hector	4992416
recta	4992415
garras	4992414
cunada	4992413
importara	4992412
neumaticos	4992411
enrique	4992410
danado	4992409
cansados	4992408
irlanda	4992407
acabemos	4992406
creeria	4992405
excepcional	4992404
pleno	4992403
casaste	4992402
recientes	4992401
factor	4992400
ernie	4992399
opuesto	4992398
emboscada	4992397
capilla	4992396
chicle	4992395
gordos	4992394
calculos	4992393
enviamos	4992392
lake	4992391
talentos	4992390
novias	4992389
finch	4992388
inventar	4992387
champana	4992386
avisame	4992385
rechazar	4992384
britanica	4992383
down	4992382
pareceria	4992381
sospechosa	4992380
artificial	4992379
devuelve	4992378
durmio	4992377
hablabas	4992376
sirviente	4992375
clasica	4992374
llamarle	4992373
televisor	4992372
chantaje	4992371
encendida	4992370
confiado	4992369
desperdicio	4992368
mariscal	4992367
apodo	4992366
explicarle	4992365
ricardo	4992364
regina	4992363
pasajero	4992362
peluca	4992361
salvarlo	4992360
detendra	4992359
comprobarlo	4992358
monje	4992357
leones	4992356
hogares	4992355
conocimientos	4992354
enamore	4992353
atico	4992352
futura	4992351
llevalo	4992350
apunto	4992349
tumbas	4992348
disponibles	4992347
vientos	4992346
sesenta	4992345
intimidad	4992344
abandona	4992343
donovan	4992342
courtney	4992341
ayudaste	4992340
cifras	4992339
destruye	4992338
hacerlos	4992337
disparaste	4992336
instalacion	4992335
controles	4992334
hablabamos	4992333
cortas	4992332
zumo	4992331
sinverguenza	4992330
convencio	4992329
expectativas	4992328
furiosa	4992327
expedicion	4992326
surgio	4992325
atacando	4992324
sentira	4992323
inmortal	4992322
esperandote	4992321
acordado	4992320
envuelto	4992319
escondida	4992318
derrotar	4992317
comico	4992316
insistio	4992315
sugiriendo	4992314
entorno	4992313
afortunados	4992312
causas	4992311
descarga	4992310
cambiamos	4992309
dirijo	4992308
perderas	4992307
stacy	4992306
deseado	4992305
explico	4992304
separar	4992303
erik	4992302
mascotas	4992301
now	4992300
constitucion	4992299
peste	4992298
joya	4992297
camilla	4992296
salvarla	4992295
jorge	4992294
hudson	4992293
encontrada	4992292
residentes	4992291
morfina	4992290
tocan	4992289
alquilar	4992288
estabais	4992287
inspeccion	4992286
negativa	4992285
soporte	4992284
quedaran	4992283
sexualmente	4992282
avanzando	4992281
creencias	4992280
armar	4992279
dirigen	4992278
cagar	4992277
anton	4992276
avanzado	4992275
incorrecto	4992274
madura	4992273
herramienta	4992272
day	4992271
cago	4992270
imperial	4992269
congresista	4992268
roberts	4992267
salidas	4992266
michel	4992265
finanzas	4992264
institucion	4992263
pertenecia	4992262
sesos	4992261
violin	4992260
suavemente	4992259
logra	4992258
lynn	4992257
unicamente	4992256
ponle	4992255
aparta	4992254
respetable	4992253
jung	4992252
pedirme	4992251
velo	4992250
bajate	4992249
plomo	4992248
costar	4992247
dinamita	4992246
comiste	4992245
queen	4992244
descubrieron	4992243
conejos	4992242
brody	4992241
lazos	4992240
bestias	4992239
got	4992238
duerma	4992237
tatuajes	4992236
rescatar	4992235
parlamento	4992234
permitira	4992233
carlo	4992232
won	4992231
corri	4992230
federacion	4992229
karma	4992228
religiosa	4992227
registrar	4992226
schmidt	4992225
hee	4992224
pretendia	4992223
east	4992222
reflejo	4992221
escribire	4992220
masculino	4992219
artilleria	4992218
post	4992217
pito	4992216
data	4992215
continente	4992214
nueces	4992213
wells	4992212
south	4992211
gallinas	4992210
cosquillas	4992209
gavin	4992208
soda	4992207
theo	4992206
lazo	4992205
creyendo	4992204
miento	4992203
cuidados	4992202
digital	4992201
entierro	4992200
botes	4992199
empezare	4992198
cambiaria	4992197
she	4992196
esplendido	4992195
banquete	4992194
perdere	4992193
corren	4992192
participacion	4992191
maton	4992190
lote	4992189
promocion	4992188
cassie	4992187
dirigido	4992186
despidieron	4992185
archie	4992184
resfriado	4992183
mortales	4992182
amelia	4992181
whoo	4992180
monja	4992179
virtud	4992178
oriental	4992177
perdidas	4992176
claude	4992175
moveos	4992174
ram	4992173
reciben	4992172
agresivo	4992171
contador	4992170
klaus	4992169
analizar	4992168
dvd	4992167
elegiste	4992166
caballeria	4992165
presentarme	4992164
invite	4992163
definicion	4992162
ellis	4992161
preparacion	4992160
viena	4992159
kira	4992158
delgada	4992157
preciosas	4992156
arrancar	4992155
estreno	4992154
saint	4992153
queramos	4992152
oxford	4992151
maravillosos	4992150
fumo	4992149
informante	4992148
millonario	4992147
tocino	4992146
cortina	4992145
semestre	4992144
bromeaba	4992143
incomoda	4992142
intervencion	4992141
carajos	4992140
comprueba	4992139
jacques	4992138
psicologia	4992137
palomitas	4992136
fugitivo	4992135
perderemos	4992134
recuerdes	4992133
necesitaban	4992132
terminando	4992131
cat	4992130
clavo	4992129
avanza	4992128
excelentes	4992127
chelsea	4992126
botin	4992125
roman	4992124
gancho	4992123
jr	4992122
arquitecto	4992121
valia	4992120
celula	4992119
ilusiones	4992118
bandidos	4992117
boveda	4992116
at	4992115
llevarlos	4992114
localizacion	4992113
cheryl	4992112
convierta	4992111
cocinando	4992110
establecido	4992109
hugh	4992108
habiendo	4992107
here	4992106
willy	4992105
agnes	4992104
cosita	4992103
revisado	4992102
ofreciendo	4992101
panel	4992100
world	4992099
documental	4992098
grecia	4992097
arde	4992096
tronco	4992095
frenos	4992094
estupideces	4992093
tuneles	4992092
aspectos	4992091
dj	4992090
goa	4992089
termines	4992088
abraham	4992087
mantenerla	4992086
ratones	4992085
napoleon	4992084
alumno	4992083
fletcher	4992082
vigilante	4992081
encerrada	4992080
perdonado	4992079
mecanismo	4992078
valiosa	4992077
limpios	4992076
arruinaste	4992075
mayordomo	4992074
conserje	4992073
chen	4992072
refresco	4992071
entendera	4992070
deportivo	4992069
consecuencia	4992068
industrial	4992067
misiones	4992066
apuntando	4992065
gotas	4992064
tomarse	4992063
manteniendo	4992062
pretendo	4992061
obliga	4992060
embarazoso	4992059
atacan	4992058
mordio	4992057
deberiais	4992056
paja	4992055
ivan	4992054
eco	4992053
sustancia	4992052
asegurado	4992051
colocado	4992050
declaro	4992049
genetica	4992048
rodando	4992047
fenomenal	4992046
dr	4992045
detenerlos	4992044
unirte	4992043
brisa	4992042
ganara	4992041
pensaban	4992040
ra	4992039
costumbres	4992038
religioso	4992037
sucias	4992036
payasos	4992035
chi	4992034
utilizo	4992033
sabrias	4992032
muestre	4992031
insignificante	4992030
maravillosas	4992029
asombrosa	4992028
paranoico	4992027
movernos	4992026
encargarme	4992025
confirma	4992024
perlas	4992023
crio	4992022
disfraces	4992021
financiero	4992020
cerrando	4992019
antepasados	4992018
odiar	4992017
saldria	4992016
atraparlo	4992015
herr	4992014
enfoque	4992013
diciendome	4992012
subo	4992011
bernie	4992010
queres	4992009
perderlo	4992008
violenta	4992007
honestos	4992006
dificultad	4992005
sylvia	4992004
calzoncillos	4992003
silencioso	4992002
grites	4992001
aprieta	4992000
cicatrices	4991999
comas	4991998
perdera	4991997
pipa	4991996
cuestiones	4991995
conquistar	4991994
brady	4991993
originales	4991992
relajarte	4991991
apoya	4991990
destruida	4991989
ofrecerte	4991988
sombreros	4991987
pondras	4991986
timmy	4991985
gimnasia	4991984
etica	4991983
preparare	4991982
girl	4991981
cargada	4991980
encontrarlos	4991979
fanny	4991978
municion	4991977
software	4991976
explicaciones	4991975
rechazo	4991974
polvora	4991973
experimentar	4991972
if	4991971
cruza	4991970
llamalo	4991969
abandonada	4991968
probabilidad	4991967
dirigida	4991966
cualidades	4991965
marchado	4991964
latas	4991963
italiana	4991962
punetazo	4991961
gilbert	4991960
pulgar	4991959
explicarme	4991958
provecho	4991957
vitales	4991956
danielle	4991955
carruaje	4991954
kane	4991953
tactica	4991952
casare	4991951
helados	4991950
involucrados	4991949
monta	4991948
pertenezco	4991947
disparan	4991946
who	4991945
protesto	4991944
quitaron	4991943
difunto	4991942
realista	4991941
ocupate	4991940
conocernos	4991939
asesor	4991938
representacion	4991937
trataron	4991936
nikita	4991935
enfrentarse	4991934
recordaba	4991933
desarrollar	4991932
descuida	4991931
profeta	4991930
promete	4991929
escolta	4991928
devuelto	4991927
actuas	4991926
empezaba	4991925
tablero	4991924
urgencia	4991923
relojes	4991922
basurero	4991921
comunicado	4991920
asustando	4991919
juguemos	4991918
desconocidos	4991917
confie	4991916
letal	4991915
doncella	4991914
admirador	4991913
manicomio	4991912
acusa	4991911
ignorante	4991910
exhibicion	4991909
bert	4991908
hormigas	4991907
septimo	4991906
valla	4991905
comprarme	4991904
consiguieron	4991903
pidas	4991902
blues	4991901
decepcion	4991900
fronteras	4991899
vivi	4991898
wong	4991897
planear	4991896
discutimos	4991895
saltando	4991894
burns	4991893
establo	4991892
admite	4991891
retrocedan	4991890
antoine	4991889
sobrevivientes	4991888
fantasias	4991887
cynthia	4991886
freno	4991885
envian	4991884
ensayos	4991883
celebrarlo	4991882
invertir	4991881
comprador	4991880
alterado	4991879
good	4991878
cristiana	4991877
avisado	4991876
juntar	4991875
caigo	4991874
creian	4991873
kung	4991872
lloviendo	4991871
kid	4991870
generosa	4991869
carolina	4991868
carbono	4991867
evelyn	4991866
trayendo	4991865
comprension	4991864
permitanme	4991863
tequila	4991862
gemelas	4991861
presentarles	4991860
nobles	4991859
infiel	4991858
miramos	4991857
obtuve	4991856
codo	4991855
comodos	4991854
moverte	4991853
coges	4991852
retroceder	4991851
quemaduras	4991850
filme	4991849
hierbas	4991848
metida	4991847
venecia	4991846
oz	4991845
respeta	4991844
fino	4991843
emocionalmente	4991842
ligeramente	4991841
atiende	4991840
prudente	4991839
traelo	4991838
coloca	4991837
perras	4991836
catolica	4991835
envien	4991834
limusina	4991833
extasis	4991832
dolio	4991831
alrededores	4991830
z	4991829
joshua	4991828
forenses	4991827
escogido	4991826
robada	4991825
deshacerme	4991824
valentia	4991823
parcial	4991822
incumbencia	4991821
guardas	4991820
frasco	4991819
proviene	4991818
separarnos	4991817
aleluya	4991816
barbacoa	4991815
excursion	4991814
perdonen	4991813
abrelo	4991812
buda	4991811
donante	4991810
mostrador	4991809
dudar	4991808
walsh	4991807
mini	4991806
cangrejo	4991805
arreglaremos	4991804
corporal	4991803
favoritas	4991802
convento	4991801
baxter	4991800
golpearon	4991799
cintura	4991798
cargamento	4991797
demandas	4991796
chang	4991795
reparto	4991794
surf	4991793
violar	4991792
dorada	4991791
precision	4991790
phoenix	4991789
bando	4991788
perteneces	4991787
convierten	4991786
calido	4991785
acompanante	4991784
suministro	4991783
lin	4991782
juegues	4991781
conclusiones	4991780
recibes	4991779
dicha	4991778
fort	4991777
camisas	4991776
bates	4991775
administrador	4991774
wall	4991773
camille	4991772
tanya	4991771
rodea	4991770
mudarse	4991769
conducia	4991768
vagon	4991767
cera	4991766
louie	4991765
inodoro	4991764
guarde	4991763
obedecer	4991762
dispares	4991761
atrapo	4991760
kenneth	4991759
barriga	4991758
desesperadamente	4991757
peinado	4991756
cogiendo	4991755
sidney	4991754
resultar	4991753
interpretar	4991752
frases	4991751
interruptor	4991750
let	4991749
sensacional	4991748
mandare	4991747
ironico	4991746
domicilio	4991745
chatarra	4991744
entendia	4991743
rogers	4991742
sesiones	4991741
amenazando	4991740
polly	4991739
judith	4991738
carreteras	4991737
brett	4991736
pegarle	4991735
insulto	4991734
alaska	4991733
reduce	4991732
turnos	4991731
anfitrion	4991730
montado	4991729
madrid	4991728
interpretacion	4991727
renuncio	4991726
mirarte	4991725
levanten	4991724
acusada	4991723
desarrollado	4991722
aislamiento	4991721
pascua	4991720
bum	4991719
jared	4991718
regresaste	4991717
santidad	4991716
discrecion	4991715
volved	4991714
laurie	4991713
posada	4991712
keller	4991711
pulmon	4991710
misil	4991709
filete	4991708
precaucion	4991707
fechas	4991706
respecta	4991705
medicamento	4991704
conferencias	4991703
taberna	4991702
forzado	4991701
posterior	4991700
aceptare	4991699
escoge	4991698
impresionar	4991697
casero	4991696
cyrus	4991695
apropiada	4991694
disfruto	4991693
catorce	4991692
ingenioso	4991691
potter	4991690
ward	4991689
denle	4991688
ganadores	4991687
mide	4991686
seguiran	4991685
agachate	4991684
franz	4991683
fabulosa	4991682
suelte	4991681
abriendo	4991680
huracan	4991679
sentamos	4991678
tardare	4991677
tramando	4991676
cancelado	4991675
enfades	4991674
sento	4991673
iros	4991672
bolos	4991671
ji	4991670
peleamos	4991669
conteste	4991668
abras	4991667
american	4991666
traerla	4991665
provoca	4991664
apretado	4991663
mantendra	4991662
dante	4991661
pala	4991660
confirmacion	4991659
acoste	4991658
ganarse	4991657
look	4991656
conectados	4991655
globos	4991654
conocian	4991653
rich	4991652
decis	4991651
comparacion	4991650
satur	4991649
pagaron	4991648
coinciden	4991647
paces	4991646
ando	4991645
peligrosas	4991644
despegar	4991643
busquemos	4991642
ramas	4991641
parate	4991640
monitor	4991639
acercarme	4991638
or	4991637
sherlock	4991636
ciegas	4991635
exagerando	4991634
eternamente	4991633
fija	4991632
decano	4991631
anteojos	4991630
halcon	4991629
francotirador	4991628
mostrarme	4991627
suprema	4991626
sueltala	4991625
lesbianas	4991624
hondo	4991623
agujas	4991622
bradley	4991621
recordare	4991620
quimico	4991619
dibujar	4991618
hacienda	4991617
confeso	4991616
asado	4991615
espuma	4991614
lloras	4991613
summer	4991612
privados	4991611
empacar	4991610
publicos	4991609
amos	4991608
ninja	4991607
rupias	4991606
hablaban	4991605
country	4991604
conste	4991603
colchon	4991602
afirma	4991601
billar	4991600
comprarte	4991599
roland	4991598
sirvientes	4991597
moverme	4991596
condenados	4991595
hostil	4991594
fuhrer	4991593
paraguas	4991592
estropeado	4991591
oveja	4991590
levantarte	4991589
referencias	4991588
denver	4991587
cuadras	4991586
desprecio	4991585
estancia	4991584
aroma	4991583
pasemos	4991582
susie	4991581
realizado	4991580
deprimente	4991579
obstaculo	4991578
cona	4991577
copiado	4991576
sadie	4991575
nasa	4991574
ventajas	4991573
reciba	4991572
cobre	4991571
cristales	4991570
duermas	4991569
bufete	4991568
creeras	4991567
bloqueado	4991566
descansando	4991565
cortando	4991564
gases	4991563
devuelveme	4991562
cuarentena	4991561
optimista	4991560
mascaras	4991559
candidatos	4991558
hablarlo	4991557
fanatico	4991556
viajado	4991555
burton	4991554
ballenas	4991553
recorrer	4991552
ginger	4991551
protegerla	4991550
traiciono	4991549
casamiento	4991548
interferir	4991547
sacrificios	4991546
juvenil	4991545
ow	4991544
lori	4991543
hazle	4991542
genero	4991541
impaciente	4991540
suspendido	4991539
exitoso	4991538
calvo	4991537
pica	4991536
eduardo	4991535
investigadores	4991534
trabajadora	4991533
tecnicos	4991532
llegaras	4991531
wally	4991530
ocupacion	4991529
glen	4991528
semilla	4991527
felicito	4991526
palanca	4991525
merecido	4991524
langosta	4991523
libra	4991522
tentacion	4991521
curado	4991520
iniciales	4991519
traidores	4991518
ash	4991517
metieron	4991516
enfrenta	4991515
ejecutar	4991514
mostrarles	4991513
conocerlos	4991512
cuaderno	4991511
mejilla	4991510
marcel	4991509
pedo	4991508
separamos	4991507
terraza	4991506
robinson	4991505
significaria	4991504
timida	4991503
sacaremos	4991502
entregas	4991501
atrevido	4991500
pollos	4991499
paradero	4991498
masiva	4991497
jerusalen	4991496
mudar	4991495
milan	4991494
ponganse	4991493
estrictamente	4991492
olvidemos	4991491
molestias	4991490
derribar	4991489
latin	4991488
villano	4991487
dental	4991486
practico	4991485
discursos	4991484
seguid	4991483
morimos	4991482
amorosa	4991481
preston	4991480
universitario	4991479
cocinera	4991478
aplicacion	4991477
deberas	4991476
yate	4991475
redes	4991474
seguimiento	4991473
wesley	4991472
doris	4991471
precisa	4991470
aprobado	4991469
formulario	4991468
previamente	4991467
perdonarme	4991466
rios	4991465
informo	4991464
consideracion	4991463
cory	4991462
superficial	4991461
sillon	4991460
universal	4991459
arrepiento	4991458
scully	4991457
bragas	4991456
elijo	4991455
acercan	4991454
abuelita	4991453
arroyo	4991452
disculpan	4991451
pimienta	4991450
seriamos	4991449
defensor	4991448
callada	4991447
digitales	4991446
terrestre	4991445
olla	4991444
cuchara	4991443
condones	4991442
pastilla	4991441
gates	4991440
escoces	4991439
trajimos	4991438
patricia	4991437
mexicano	4991436
ajo	4991435
poemas	4991434
sincronizacion	4991433
ofendido	4991432
cooperar	4991431
mejorado	4991430
astronauta	4991429
sueter	4991428
marion	4991427
abren	4991426
acabando	4991425
inmediata	4991424
creativo	4991423
hipocrita	4991422
golpee	4991421
tammy	4991420
escritores	4991419
acostaste	4991418
hostia	4991417
gabinete	4991416
nadia	4991415
burbuja	4991414
pesos	4991413
porfavor	4991412
pusiera	4991411
cadera	4991410
liderazgo	4991409
motocicleta	4991408
sovietica	4991407
relleno	4991406
regimen	4991405
ava	4991404
meten	4991403
infinito	4991402
mudarme	4991401
perpetua	4991400
ancho	4991399
mentales	4991398
resolverlo	4991397
quitas	4991396
contamos	4991395
grand	4991394
efectivamente	4991393
kilo	4991392
henri	4991391
sermon	4991390
libera	4991389
autobuses	4991388
ring	4991387
daban	4991386
cogerlo	4991385
comunicarse	4991384
jardinero	4991383
evacuacion	4991382
sacrificar	4991381
concejal	4991380
dramatico	4991379
us	4991378
superarlo	4991377
gerald	4991376
chao	4991375
roosevelt	4991374
obreros	4991373
temen	4991372
traia	4991371
poquer	4991370
robados	4991369
ensenaron	4991368
gabe	4991367
esther	4991366
vistete	4991365
arruinando	4991364
duermen	4991363
tenso	4991362
lacey	4991361
facilidad	4991360
asuste	4991359
experimentado	4991358
parados	4991357
experta	4991356
olvidaba	4991355
palma	4991354
culos	4991353
unirme	4991352
mirarlo	4991351
unida	4991350
hulk	4991349
suecia	4991348
recogiendo	4991347
pierdete	4991346
dirigia	4991345
besarte	4991344
dinosaurios	4991343
asustados	4991342
atlanta	4991341
matthews	4991340
firmas	4991339
pieles	4991338
quemando	4991337
despido	4991336
atrapa	4991335
esclava	4991334
colapso	4991333
basa	4991332
asegurese	4991331
adoran	4991330
abres	4991329
rejas	4991328
apretar	4991327
relevante	4991326
maridos	4991325
merito	4991324
comprarle	4991323
punk	4991322
violador	4991321
sutil	4991320
luchado	4991319
condon	4991318
trigo	4991317
resaca	4991316
ofreci	4991315
ancestros	4991314
hallado	4991313
cross	4991312
artefacto	4991311
garantizar	4991310
torno	4991309
batallon	4991308
cuerno	4991307
estudia	4991306
tutor	4991305
cultural	4991304
price	4991303
girando	4991302
besado	4991301
eminencia	4991300
peg	4991299
mola	4991298
confiable	4991297
ramera	4991296
deten	4991295
detenerte	4991294
brooks	4991293
unio	4991292
recomendacion	4991291
natal	4991290
je	4991289
ame	4991288
tae	4991287
cristina	4991286
camello	4991285
escondio	4991284
baltimore	4991283
tranquilamente	4991282
gasolinera	4991281
taco	4991280
padrastro	4991279
chester	4991278
ivy	4991277
penal	4991276
fax	4991275
transito	4991274
survivor	4991273
carros	4991272
cebolla	4991271
ugh	4991270
sopla	4991269
consiste	4991268
dejenlo	4991267
siguieron	4991266
venus	4991265
arabes	4991264
grabaciones	4991263
tremenda	4991262
bandido	4991261
evitando	4991260
pildora	4991259
abrimos	4991258
desaparecidos	4991257
notable	4991256
right	4991255
satanas	4991254
naval	4991253
sacan	4991252
jinete	4991251
abeja	4991250
lecho	4991249
ciegos	4991248
proceder	4991247
agradables	4991246
feas	4991245
bailarin	4991244
pijama	4991243
mantenernos	4991242
baba	4991241
eleanor	4991240
cumplio	4991239
usaremos	4991238
reconocio	4991237
jenkins	4991236
luther	4991235
aislado	4991234
mencione	4991233
angustia	4991232
invitarte	4991231
preparo	4991230
mandibula	4991229
exclusiva	4991228
eliges	4991227
suzanne	4991226
culpabilidad	4991225
tardado	4991224
amabas	4991223
cortaron	4991222
cantidades	4991221
grandeza	4991220
aconsejo	4991219
mocoso	4991218
demora	4991217
carteles	4991216
coman	4991215
joda	4991214
residente	4991213
menta	4991212
cartero	4991211
reemplazar	4991210
amenazado	4991209
sujeta	4991208
relajarse	4991207
supongamos	4991206
blusa	4991205
viviente	4991204
nadando	4991203
pagarlo	4991202
mapas	4991201
inmigracion	4991200
pagos	4991199
stu	4991198
investigado	4991197
nevada	4991196
respetos	4991195
autografo	4991194
mueves	4991193
aficionado	4991192
calabaza	4991191
cogiste	4991190
pagarme	4991189
fran	4991188
harina	4991187
lorenzo	4991186
ofensiva	4991185
amarte	4991184
simone	4991183
activos	4991182
localizado	4991181
atentamente	4991180
cria	4991179
asignado	4991178
misterios	4991177
guarderia	4991176
asustes	4991175
vuelan	4991174
pesimo	4991173
agregar	4991172
programado	4991171
rompieron	4991170
desaparezca	4991169
pentagono	4991168
dominar	4991167
peyton	4991166
exige	4991165
laurel	4991164
ponla	4991163
despreciable	4991162
defectos	4991161
sumamente	4991160
echamos	4991159
fundamental	4991158
corra	4991157
ausente	4991156
armonia	4991155
musulmanes	4991154
escaner	4991153
toc	4991152
cargas	4991151
nace	4991150
tomates	4991149
filmando	4991148
burla	4991147
prevenir	4991146
arreglando	4991145
violada	4991144
clubes	4991143
nudo	4991142
hipoteca	4991141
sendero	4991140
dales	4991139
pretendes	4991138
tribunales	4991137
alimenta	4991136
presentare	4991135
apurense	4991134
nerviosos	4991133
cambies	4991132
francois	4991131
tenerlos	4991130
suero	4991129
wu	4991128
evita	4991127
dedicas	4991126
continuara	4991125
mantienes	4991124
conozcan	4991123
veronica	4991122
jeep	4991121
camisetas	4991120
olvidamos	4991119
retorno	4991118
late	4991117
casate	4991116
intruso	4991115
confiaba	4991114
hallaron	4991113
millie	4991112
veros	4991111
apreciar	4991110
acelera	4991109
enfrentamos	4991108
aceptamos	4991107
pondran	4991106
traficantes	4991105
dc	4991104
entrenando	4991103
novedades	4991102
pretender	4991101
cachorros	4991100
nat	4991099
creamos	4991098
gregory	4991097
sofia	4991096
pajarito	4991095
japonesa	4991094
choi	4991093
hood	4991092
galaxias	4991091
chulo	4991090
descubra	4991089
distante	4991088
invente	4991087
decido	4991086
regresando	4991085
jurisdiccion	4991084
topo	4991083
sherman	4991082
deshazte	4991081
documentacion	4991080
taxista	4991079
chispa	4991078
river	4991077
masas	4991076
clarke	4991075
historico	4991074
engana	4991073
suaves	4991072
pagaras	4991071
bailes	4991070
solida	4991069
calmado	4991068
disculparte	4991067
crucial	4991066
ganadora	4991065
atardecer	4991064
gibson	4991063
vuelos	4991062
arregle	4991061
corrupto	4991060
humillacion	4991059
escondes	4991058
manuel	4991057
semen	4991056
salid	4991055
nacionales	4991054
explicaria	4991053
humillante	4991052
cancha	4991051
ardilla	4991050
escuchaba	4991049
aparecera	4991048
gorila	4991047
shelly	4991046
ensenaste	4991045
suelteme	4991044
racha	4991043
avisare	4991042
bombero	4991041
enterar	4991040
pulgadas	4991039
expuesto	4991038
how	4991037
informa	4991036
ayuden	4991035
tubos	4991034
estudie	4991033
buzz	4991032
traten	4991031
claros	4991030
vengarse	4991029
lanzado	4991028
nomas	4991027
shannon	4991026
facial	4991025
powell	4991024
roberto	4991023
cortada	4991022
limonada	4991021
huido	4991020
rebelion	4991019
trabajare	4991018
habitos	4991017
bendita	4991016
besa	4991015
comete	4991014
entregue	4991013
fina	4991012
obligaciones	4991011
quiebra	4991010
simpatica	4991009
sede	4991008
irias	4991007
inapropiado	4991006
regresas	4991005
refugiados	4991004
rostros	4991003
sospechar	4991002
kat	4991001
hercules	4991000
paramos	4990999
grandiosa	4990998
lila	4990997
tacos	4990996
when	4990995
defecto	4990994
fallecido	4990993
satisfacer	4990992
noto	4990991
rodaje	4990990
consiguiendo	4990989
adiccion	4990988
violentos	4990987
explosivo	4990986
contesto	4990985
hongos	4990984
extiende	4990983
prometer	4990982
calmense	4990981
agradecemos	4990980
tormentas	4990979
elefantes	4990978
directores	4990977
tesoros	4990976
natasha	4990975
salmon	4990974
movio	4990973
residuos	4990972
doscientos	4990971
extrema	4990970
agarrate	4990969
griegos	4990968
preciosos	4990967
creencia	4990966
soo	4990965
definitiva	4990964
edith	4990963
fragmentos	4990962
cemento	4990961
financiera	4990960
madam	4990959
see	4990958
callie	4990957
jun	4990956
cigarros	4990955
hayes	4990954
acontecimientos	4990953
distribucion	4990952
juliette	4990951
complicaciones	4990950
asegura	4990949
hart	4990948
mienten	4990947
angelo	4990946
expedientes	4990945
encargate	4990944
representar	4990943
pasarlo	4990942
liv	4990941
labor	4990940
delhi	4990939
tiraste	4990938
horizonte	4990937
legitimo	4990936
haced	4990935
describe	4990934
subi	4990933
veterinario	4990932
barb	4990931
cuentanos	4990930
rezo	4990929
tribus	4990928
libremente	4990927
desafortunado	4990926
yu	4990925
reno	4990924
sushi	4990923
escapando	4990922
helada	4990921
square	4990920
luchamos	4990919
lastimarte	4990918
pamela	4990917
cubiertos	4990916
mani	4990915
briggs	4990914
cazando	4990913
seguirme	4990912
individuos	4990911
yale	4990910
volado	4990909
anita	4990908
ingredientes	4990907
herman	4990906
pornografia	4990905
thor	4990904
dele	4990903
genes	4990902
ochenta	4990901
mandaron	4990900
cantaba	4990899
declara	4990898
salvavidas	4990897
baterias	4990896
vacuna	4990895
brien	4990894
sugerir	4990893
deseamos	4990892
recogio	4990891
cierro	4990890
rezando	4990889
continuamente	4990888
gemela	4990887
productores	4990886
sinceridad	4990885
ally	4990884
orientacion	4990883
percy	4990882
caminata	4990881
ingenuo	4990880
provoco	4990879
funcionamiento	4990878
envenenado	4990877
ncis	4990876
ofertas	4990875
provocado	4990874
quitame	4990873
sensual	4990872
aceptable	4990871
creerte	4990870
tasa	4990869
oponente	4990868
arteria	4990867
abigail	4990866
back	4990865
mantenlo	4990864
divertirme	4990863
preocuparnos	4990862
buque	4990861
repentino	4990860
decirse	4990859
frijoles	4990858
comparar	4990857
roban	4990856
esteroides	4990855
exteriores	4990854
plasma	4990853
dondequiera	4990852
concentrarme	4990851
saldran	4990850
seminario	4990849
recupere	4990848
sirvienta	4990847
reportes	4990846
negociaciones	4990845
guardando	4990844
granjeros	4990843
tratos	4990842
fideos	4990841
despegue	4990840
mudamos	4990839
vieras	4990838
raja	4990837
stalin	4990836
charley	4990835
yes	4990834
capsula	4990833
ironia	4990832
cana	4990831
conduzco	4990830
cajero	4990829
profundas	4990828
estanque	4990827
determinado	4990826
empujo	4990825
iluminacion	4990824
plana	4990823
rol	4990822
criticas	4990821
privadas	4990820
paracaidas	4990819
haberlos	4990818
casera	4990817
valer	4990816
aparecieron	4990815
gail	4990814
montaje	4990813
poste	4990812
mirandome	4990811
napoles	4990810
aleja	4990809
fichas	4990808
terminen	4990807
detuvieron	4990806
respaldo	4990805
soplon	4990804
ofrecen	4990803
preguntamos	4990802
lilly	4990801
humedo	4990800
fijamente	4990799
secundario	4990798
intervenir	4990797
neill	4990796
planeas	4990795
tregua	4990794
ocuparse	4990793
concuerda	4990792
consumo	4990791
tos	4990790
cubriendo	4990789
atun	4990788
afrontar	4990787
conoceis	4990786
espiando	4990785
usen	4990784
preguntaron	4990783
suposicion	4990782
invitarme	4990781
pantalon	4990780
hubiesen	4990779
springfield	4990778
correa	4990777
wang	4990776
convirtieron	4990775
matanza	4990774
vega	4990773
seguiria	4990772
novelas	4990771
damien	4990770
celulares	4990769
ensayar	4990768
figuras	4990767
feroz	4990766
contener	4990765
celestial	4990764
bombardeo	4990763
traslado	4990762
corporacion	4990761
devuelva	4990760
suenan	4990759
miedos	4990758
apartamentos	4990757
alejense	4990756
defenderse	4990755
conmocion	4990754
marques	4990753
dejalos	4990752
radical	4990751
mula	4990750
formidable	4990749
pasaportes	4990748
profecia	4990747
tate	4990746
rien	4990745
internacionales	4990744
funcionaba	4990743
escogio	4990742
cap	4990741
sigame	4990740
derrotado	4990739
sabrina	4990738
vivire	4990737
digales	4990736
atajo	4990735
harriet	4990734
generosidad	4990733
reune	4990732
explicado	4990731
inconveniente	4990730
dobles	4990729
valio	4990728
want	4990727
marineros	4990726
obstante	4990725
asegurarte	4990724
inventario	4990723
echarte	4990722
garrett	4990721
serviria	4990720
chile	4990719
biologia	4990718
aparicion	4990717
nana	4990716
pintado	4990715
martini	4990714
hot	4990713
reconstruir	4990712
averiguado	4990711
moviendose	4990710
hospitalidad	4990709
henderson	4990708
divierte	4990707
destruyendo	4990706
presionar	4990705
darren	4990704
adrenalina	4990703
eugene	4990702
pelean	4990701
muerde	4990700
besarme	4990699
ingreso	4990698
tias	4990697
maduro	4990696
contexto	4990695
conciertos	4990694
lionel	4990693
pobrecito	4990692
alucinante	4990691
laberinto	4990690
caderas	4990689
ganaron	4990688
oposicion	4990687
eficiente	4990686
burbujas	4990685
insecto	4990684
exijo	4990683
off	4990682
venderlo	4990681
warp	4990680
echemos	4990679
creiamos	4990678
apagalo	4990677
ordenadores	4990676
janice	4990675
deberan	4990674
leve	4990673
olvidelo	4990672
adoptar	4990671
reunirnos	4990670
jade	4990669
habil	4990668
cha	4990667
faro	4990666
life	4990665
fanaticos	4990664
interrogar	4990663
cohen	4990662
menciona	4990661
conforme	4990660
cuervo	4990659
pagaste	4990658
darselo	4990657
caia	4990656
deshacerte	4990655
pelirroja	4990654
contrate	4990653
reactor	4990652
puros	4990651
despejen	4990650
redada	4990649
sophia	4990648
atleta	4990647
arca	4990646
trent	4990645
sonda	4990644
discutirlo	4990643
sugirio	4990642
llevala	4990641
cantan	4990640
enganarme	4990639
buscaremos	4990638
halle	4990637
tocarme	4990636
acera	4990635
abe	4990634
revisen	4990633
apestoso	4990632
tocarlo	4990631
alojamiento	4990630
finge	4990629
art	4990628
suceden	4990627
variedad	4990626
narcoticos	4990625
conac	4990624
du	4990623
importo	4990622
isabelle	4990621
sloan	4990620
clinton	4990619
crezca	4990618
respondido	4990617
propaganda	4990616
atraco	4990615
dirigiendo	4990614
vendes	4990613
lastimo	4990612
golfo	4990611
atentos	4990610
musculo	4990609
soborno	4990608
setenta	4990607
navegacion	4990606
arruine	4990605
reconoci	4990604
amablemente	4990603
pesados	4990602
esclavitud	4990601
ninez	4990600
cohetes	4990599
existido	4990598
regresaremos	4990597
coctel	4990596
duquesa	4990595
populares	4990594
traerle	4990593
turco	4990592
vacios	4990591
home	4990590
deshacer	4990589
extension	4990588
empuje	4990587
granos	4990586
azotea	4990585
obstaculos	4990584
alejada	4990583
retira	4990582
aliado	4990581
avatar	4990580
impuesto	4990579
anochecer	4990578
convencerme	4990577
mantenemos	4990576
frutos	4990575
hughes	4990574
roz	4990573
empleada	4990572
desgraciados	4990571
repentinamente	4990570
relajese	4990569
lecturas	4990568
diganme	4990567
ciervo	4990566
lema	4990565
cebo	4990564
reducido	4990563
caros	4990562
tope	4990561
centros	4990560
alejarme	4990559
porcentaje	4990558
mandan	4990557
tontas	4990556
belle	4990555
nombrado	4990554
adan	4990553
salvando	4990552
extranjera	4990551
pediria	4990550
presentarle	4990549
trataste	4990548
forzar	4990547
jura	4990546
camarote	4990545
obama	4990544
reunirme	4990543
publicado	4990542
creyeron	4990541
mozo	4990540
monty	4990539
visitante	4990538
lodo	4990537
barbie	4990536
bonos	4990535
catolico	4990534
jasper	4990533
terminare	4990532
giovanni	4990531
argentina	4990530
apuntar	4990529
insensible	4990528
podrido	4990527
dong	4990526
suciedad	4990525
muda	4990524
gritaba	4990523
marcharte	4990522
reunimos	4990521
disfrutado	4990520
prefieren	4990519
consigas	4990518
beck	4990517
violado	4990516
pegamento	4990515
demostrarlo	4990514
intensa	4990513
protegerlo	4990512
alabado	4990511
paseando	4990510
intentandolo	4990509
sencillamente	4990508
milo	4990507
yerno	4990506
perderme	4990505
nuca	4990504
hombrecito	4990503
irrelevante	4990502
seguiras	4990501
presiona	4990500
presionando	4990499
luca	4990498
prepararme	4990497
mimi	4990496
agradecidos	4990495
acudir	4990494
kramer	4990493
contable	4990492
presentarse	4990491
holt	4990490
limpiado	4990489
intentaremos	4990488
condujo	4990487
sensibilidad	4990486
phillips	4990485
subterraneo	4990484
injusticia	4990483
tendreis	4990482
au	4990481
capas	4990480
dejarias	4990479
laboral	4990478
enterarse	4990477
high	4990476
guarida	4990475
adelanto	4990474
punos	4990473
agarre	4990472
tango	4990471
deprimida	4990470
anonimo	4990469
spa	4990468
donacion	4990467
atrapan	4990466
corres	4990465
apresurate	4990464
detenerla	4990463
suponiendo	4990462
golpeaste	4990461
encarga	4990460
tarado	4990459
darcy	4990458
recurso	4990457
paras	4990456
apuros	4990455
sueltenme	4990454
cuestan	4990453
peligros	4990452
sostiene	4990451
devon	4990450
comprometidos	4990449
locuras	4990448
veteranos	4990447
exilio	4990446
pruebalo	4990445
portland	4990444
ahogo	4990443
cuidarte	4990442
north	4990441
descifrar	4990440
divertirte	4990439
night	4990438
estadisticas	4990437
infanteria	4990436
supieran	4990435
okey	4990434
donnie	4990433
hambrientos	4990432
encerrados	4990431
newton	4990430
peterson	4990429
bryan	4990428
enviaremos	4990427
mermelada	4990426
dom	4990425
alcoholico	4990424
ereccion	4990423
luto	4990422
volcan	4990421
alejarse	4990420
ganarme	4990419
escalar	4990418
lucho	4990417
medula	4990416
potente	4990415
modesto	4990414
traigas	4990413
dese	4990412
jupiter	4990411
aceptan	4990410
crystal	4990409
molestarme	4990408
ling	4990407
banks	4990406
daga	4990405
paguen	4990404
stop	4990403
contestame	4990402
procedimientos	4990401
tripas	4990400
gemma	4990399
atrapamos	4990398
cuido	4990397
disparale	4990396
diciendole	4990395
esconderte	4990394
recogido	4990393
clarence	4990392
panda	4990391
jardines	4990390
escuchenme	4990389
ficha	4990388
asamblea	4990387
borda	4990386
oportuno	4990385
tiffany	4990384
alf	4990383
detengas	4990382
blog	4990381
correctas	4990380
pagarte	4990379
maniobra	4990378
fibra	4990377
consideran	4990376
voluntariamente	4990375
deliberadamente	4990374
haganlo	4990373
ejecutado	4990372
relacionados	4990371
reunidos	4990370
tiren	4990369
adicional	4990368
comiencen	4990367
gustos	4990366
old	4990365
comprarlo	4990364
retire	4990363
cruzo	4990362
sustituto	4990361
gobernar	4990360
doblar	4990359
pasados	4990358
ensenan	4990357
acompanar	4990356
encajar	4990355
aprendiz	4990354
acusados	4990353
purpura	4990352
ronald	4990351
elija	4990350
ensenarles	4990349
ingenieros	4990348
whitney	4990347
daniels	4990346
envidio	4990345
libreria	4990344
tipica	4990343
inauguracion	4990342
evacuar	4990341
pasaran	4990340
palido	4990339
blando	4990338
echen	4990337
place	4990336
inaceptable	4990335
cubiertas	4990334
demandar	4990333
desacuerdo	4990332
esqueleto	4990331
indiana	4990330
trayectoria	4990329
kilometro	4990328
brillar	4990327
peleado	4990326
dirigimos	4990325
francine	4990324
concedido	4990323
rotas	4990322
enviados	4990321
gold	4990320
mueran	4990319
marine	4990318
suspira	4990317
importas	4990316
dewey	4990315
ocupe	4990314
contarnos	4990313
terminas	4990312
deshacernos	4990311
pagaria	4990310
despidio	4990309
rinones	4990308
obligados	4990307
entrara	4990306
ayudaras	4990305
justos	4990304
aprendes	4990303
clive	4990302
borrado	4990301
moviles	4990300
mostaza	4990299
arbustos	4990298
unete	4990297
corria	4990296
imaginarme	4990295
ames	4990294
nativos	4990293
corrientes	4990292
danar	4990291
elsa	4990290
cocodrilo	4990289
ocurriera	4990288
necesarios	4990287
sucediera	4990286
adjunto	4990285
hagais	4990284
simpatia	4990283
apocalipsis	4990282
et	4990281
ventilacion	4990280
molino	4990279
terminada	4990278
comenzara	4990277
discreto	4990276
suspension	4990275
besando	4990274
nauseas	4990273
ayudanos	4990272
tendencia	4990271
asumiendo	4990270
signifique	4990269
ceder	4990268
javier	4990267
patetica	4990266
ferrari	4990265
porche	4990264
patos	4990263
rendirse	4990262
fitz	4990261
desperdiciar	4990260
acogida	4990259
cesta	4990258
aw	4990257
internado	4990256
burdel	4990255
pillar	4990254
disparare	4990253
compensar	4990252
che	4990251
orgasmo	4990250
moria	4990249
hyun	4990248
desnudas	4990247
contabilidad	4990246
desaparecen	4990245
timon	4990244
octavo	4990243
pulsera	4990242
fruto	4990241
distinguir	4990240
enmienda	4990239
supera	4990238
warner	4990237
il	4990236
lateral	4990235
pasadas	4990234
vomito	4990233
weaver	4990232
vendemos	4990231
trio	4990230
benson	4990229
suegra	4990228
virginidad	4990227
alberto	4990226
brent	4990225
variar	4990224
construyeron	4990223
curiosa	4990222
amigable	4990221
pope	4990220
rompa	4990219
aparatos	4990218
huelen	4990217
reclamar	4990216
moon	4990215
contarles	4990214
digna	4990213
humedad	4990212
separadas	4990211
destrozar	4990210
hayley	4990209
pescador	4990208
condenada	4990207
mack	4990206
comparte	4990205
despedirte	4990204
marciales	4990203
antiguedad	4990202
bebi	4990201
enteras	4990200
brazalete	4990199
ansiosa	4990198
necesitais	4990197
organo	4990196
bridget	4990195
email	4990194
dormire	4990193
marchate	4990192
parrilla	4990191
pabellon	4990190
sosteniendo	4990189
campesino	4990188
way	4990187
cambiare	4990186
operativo	4990185
lunatico	4990184
desees	4990183
olvidarte	4990182
tyson	4990181
descuidado	4990180
lucir	4990179
volverme	4990178
well	4990177
quitarse	4990176
yoon	4990175
morder	4990174
enterrada	4990173
gramos	4990172
empezara	4990171
bebio	4990170
entranas	4990169
dinozzo	4990168
abrirlo	4990167
compran	4990166
hormonas	4990165
regresan	4990164
rapidez	4990163
pakistan	4990162
deriva	4990161
letrero	4990160
proposicion	4990159
jae	4990158
devuelvo	4990157
nombrar	4990156
antidoto	4990155
psicologo	4990154
bofetada	4990153
transmitir	4990152
brindemos	4990151
llanto	4990150
utiles	4990149
cereales	4990148
rupert	4990147
llevatelo	4990146
negociacion	4990145
tessa	4990144
mares	4990143
escribia	4990142
tablas	4990141
crawford	4990140
tambor	4990139
dificilmente	4990138
recorde	4990137
inminente	4990136
controlarlo	4990135
vendiste	4990134
impresionada	4990133
becca	4990132
escritora	4990131
calmarte	4990130
canadiense	4990129
nigel	4990128
afectar	4990127
tragar	4990126
cumbre	4990125
tapadera	4990124
pidele	4990123
acusar	4990122
corteza	4990121
esperaria	4990120
perfectas	4990119
toni	4990118
irresponsable	4990117
reaccionar	4990116
abismo	4990115
esperaban	4990114
corazonada	4990113
trueno	4990112
enterarme	4990111
crueldad	4990110
felipe	4990109
inofensivo	4990108
joon	4990107
descubrirlo	4990106
separa	4990105
sacerdotes	4990104
disculparse	4990103
protagonista	4990102
persiguen	4990101
escaparon	4990100
saques	4990099
cerramos	4990098
intuicion	4990097
protegida	4990096
manager	4990095
lavabo	4990094
espectro	4990093
cortare	4990092
pudrete	4990091
permitirme	4990090
marissa	4990089
santiago	4990088
morales	4990087
remolque	4990086
sutton	4990085
supervivientes	4990084
palomas	4990083
capitana	4990082
empresario	4990081
navidades	4990080
videojuegos	4990079
moises	4990078
alba	4990077
moe	4990076
veian	4990075
calefaccion	4990074
comerciante	4990073
encargue	4990072
medir	4990071
corredores	4990070
calabozo	4990069
allanamiento	4990068
recordado	4990067
bocado	4990066
correspondencia	4990065
atar	4990064
gala	4990063
ayudaron	4990062
montgomery	4990061
point	4990060
trama	4990059
ladrillo	4990058
revelacion	4990057
mccoy	4990056
hambrienta	4990055
valley	4990054
celdas	4990053
ambicioso	4990052
joyeria	4990051
cuyos	4990050
tomarnos	4990049
carnaval	4990048
sirviendo	4990047
respondeme	4990046
apartado	4990045
elevador	4990044
wheeler	4990043
organismo	4990042
wolf	4990041
mills	4990040
sentias	4990039
malvados	4990038
veloz	4990037
siguiera	4990036
ignorancia	4990035
enojo	4990034
debiera	4990033
fumas	4990032
rodeada	4990031
flechas	4990030
brecha	4990029
seguras	4990028
buscandote	4990027
espaciales	4990026
acelerar	4990025
devolverle	4990024
alucinaciones	4990023
traemos	4990022
onu	4990021
vicki	4990020
ladrona	4990019
about	4990018
dominic	4990017
tenedor	4990016
mallory	4990015
amuleto	4990014
taquilla	4990013
viajero	4990012
echan	4990011
prostitucion	4990010
abrire	4990009
michigan	4990008
llevemos	4990007
reemplazo	4990006
puestas	4990005
vinos	4990004
limitado	4990003
maxwell	4990002
flaco	4990001
russ	4990000
conecta	4989999
leyendas	4989998
transmisor	4989997
mecanica	4989996
helicopteros	4989995
espanola	4989994
mojada	4989993
anonima	4989992
utilidad	4989991
secuestrador	4989990
simbolos	4989989
andrews	4989988
ladrillos	4989987
frankenstein	4989986
aliviar	4989985
solteros	4989984
parecias	4989983
darias	4989982
acuestate	4989981
song	4989980
queens	4989979
homosexuales	4989978
psiquiatrico	4989977
quitare	4989976
culpes	4989975
ollie	4989974
bota	4989973
dani	4989972
recordarte	4989971
drogadicto	4989970
ocultas	4989969
enganaste	4989968
finca	4989967
tropa	4989966
glorioso	4989965
pobrecita	4989964
dadas	4989963
duelen	4989962
calmar	4989961
donny	4989960
acelerador	4989959
permitiria	4989958
ta	4989957
banana	4989956
fi	4989955
inversiones	4989954
prestas	4989953
fabricas	4989952
mencionaste	4989951
detector	4989950
resolucion	4989949
edwards	4989948
obligada	4989947
montando	4989946
comeremos	4989945
subimos	4989944
secuestrada	4989943
secuestradores	4989942
voluntaria	4989941
monumento	4989940
yace	4989939
leere	4989938
desesperados	4989937
calzones	4989936
cuidarme	4989935
provincia	4989934
marcador	4989933
levantes	4989932
conque	4989931
julieta	4989930
asustan	4989929
matrimonios	4989928
metere	4989927
artistico	4989926
dirigio	4989925
grandote	4989924
comia	4989923
explota	4989922
salas	4989921
bufanda	4989920
barca	4989919
gorro	4989918
comamos	4989917
zombi	4989916
gardner	4989915
economica	4989914
visitarme	4989913
google	4989912
felizmente	4989911
utilizan	4989910
nocion	4989909
shelby	4989908
mentalmente	4989907
tolerar	4989906
cobertizo	4989905
rahul	4989904
boligrafo	4989903
industrias	4989902
electronica	4989901
gonna	4989900
nudos	4989899
norteamericano	4989898
churchill	4989897
agencias	4989896
gerry	4989895
jornada	4989894
perla	4989893
demosle	4989892
from	4989891
secundarios	4989890
aidan	4989889
frias	4989888
surge	4989887
sabados	4989886
saliva	4989885
intentos	4989884
kai	4989883
picado	4989882
atrevo	4989881
tirada	4989880
eches	4989879
clayton	4989878
racional	4989877
alexis	4989876
obtenido	4989875
jedi	4989874
servirle	4989873
callas	4989872
rodeados	4989871
vendas	4989870
bono	4989869
fernando	4989868
seguidos	4989867
yi	4989866
tortugas	4989865
cenas	4989864
pro	4989863
sueltos	4989862
dure	4989861
detectar	4989860
hallo	4989859
dispararme	4989858
estafador	4989857
planeo	4989856
air	4989855
honores	4989854
canciller	4989853
canasta	4989852
insignia	4989851
equivocadas	4989850
descubriste	4989849
compuesto	4989848
ike	4989847
noroeste	4989846
atrape	4989845
georgie	4989844
klingon	4989843
salvara	4989842
supimos	4989841
tesis	4989840
desaparecidas	4989839
miradas	4989838
joanna	4989837
pensaras	4989836
alo	4989835
apestas	4989834
explorador	4989833
florencia	4989832
infectado	4989831
pensandolo	4989830
anormal	4989829
operadora	4989828
cabreado	4989827
calme	4989826
yardas	4989825
testiculos	4989824
subire	4989823
universidades	4989822
escondidos	4989821
microondas	4989820
rodeo	4989819
partio	4989818
buscarle	4989817
pezones	4989816
ramon	4989815
happy	4989814
take	4989813
representan	4989812
diganos	4989811
elevado	4989810
comprobando	4989809
pagaran	4989808
tomala	4989807
canse	4989806
espionaje	4989805
lloro	4989804
tacticas	4989803
presidencial	4989802
espejos	4989801
antorcha	4989800
admirable	4989799
boxeador	4989798
entenderas	4989797
inventando	4989796
colaboracion	4989795
dolly	4989794
faltar	4989793
tazon	4989792
ideales	4989791
repuesto	4989790
cho	4989789
ofrecieron	4989788
nixon	4989787
usaria	4989786
volverte	4989785
formado	4989784
ingresar	4989783
ayudaba	4989782
mentiria	4989781
funcionario	4989780
voyager	4989779
invertido	4989778
nash	4989777
continuan	4989776
ostras	4989775
ariel	4989774
produjo	4989773
pure	4989772
aranas	4989771
averguenza	4989770
florence	4989769
satisfecha	4989768
avisa	4989767
enteraste	4989766
darryl	4989765
admitelo	4989764
biologico	4989763
proteja	4989762
rabino	4989761
arriesgarme	4989760
castigar	4989759
frederick	4989758
laboratorios	4989757
agotada	4989756
alejese	4989755
preguntele	4989754
divertidas	4989753
apague	4989752
funcionaria	4989751
enojes	4989750
zoo	4989749
transicion	4989748
traicionar	4989747
financieros	4989746
memorias	4989745
creerias	4989744
quejarte	4989743
lucia	4989742
creeran	4989741
actualidad	4989740
activar	4989739
individual	4989738
rasguno	4989737
recibieron	4989736
bajamos	4989735
arrastrado	4989734
vendedores	4989733
convencida	4989732
infernal	4989731
presiones	4989730
continuen	4989729
trish	4989728
mumbai	4989727
exista	4989726
solicito	4989725
huerfanos	4989724
estrello	4989723
arrojo	4989722
intimo	4989721
corregir	4989720
cuevas	4989719
celia	4989718
rafael	4989717
falle	4989716
pellejo	4989715
ejercitos	4989714
improbable	4989713
philippe	4989712
rondas	4989711
sente	4989710
calculo	4989709
dobla	4989708
aburrimiento	4989707
peluche	4989706
musicales	4989705
pertenencias	4989704
epidemia	4989703
empleos	4989702
jarra	4989701
catastrofe	4989700
prohibida	4989699
incidentes	4989698
lograron	4989697
morse	4989696
gire	4989695
confieso	4989694
sudando	4989693
imitacion	4989692
buenisimo	4989691
dividir	4989690
pensaran	4989689
mae	4989688
relajado	4989687
visitando	4989686
satan	4989685
cante	4989684
milady	4989683
estribor	4989682
congelador	4989681
alambre	4989680
carnet	4989679
odiaria	4989678
iii	4989677
mude	4989676
convertiste	4989675
dirian	4989674
olia	4989673
cambiarte	4989672
luchas	4989671
acabare	4989670
mareado	4989669
retrete	4989668
biologica	4989667
dea	4989666
ganaremos	4989665
antena	4989664
enamoro	4989663
alejarte	4989662
larguemonos	4989661
amplio	4989660
entrare	4989659
callarte	4989658
corro	4989657
yenes	4989656
cuadrado	4989655
jonah	4989654
bese	4989653
procesar	4989652
respire	4989651
devocion	4989650
chismes	4989649
mango	4989648
crudo	4989647
homenaje	4989646
exitosa	4989645
rindas	4989644
maligno	4989643
polaco	4989642
vil	4989641
decoracion	4989640
repetirlo	4989639
echale	4989638
transformacion	4989637
secretas	4989636
rifles	4989635
coser	4989634
entenderia	4989633
subes	4989632
descansen	4989631
chistoso	4989630
futuros	4989629
uvas	4989628
tacones	4989627
conquista	4989626
gusten	4989625
expulsar	4989624
intentemos	4989623
ganancia	4989622
zombis	4989621
audio	4989620
encargara	4989619
cruzada	4989618
regresaron	4989617
zoey	4989616
atentado	4989615
otis	4989614
defendiendo	4989613
cass	4989612
gelatina	4989611
batido	4989610
sanders	4989609
activado	4989608
secuestrar	4989607
cases	4989606
pasillos	4989605
temporalmente	4989604
cejas	4989603
rastreo	4989602
ty	4989601
estrecho	4989600
cook	4989599
cantas	4989598
visible	4989597
fuertemente	4989596
comenzaremos	4989595
luisa	4989594
moreno	4989593
sacarlos	4989592
dormimos	4989591
pasarte	4989590
casara	4989589
banca	4989588
robarle	4989587
temperamento	4989586
elegida	4989585
dieciseis	4989584
baratos	4989583
tacto	4989582
disputa	4989581
detenerse	4989580
online	4989579
taxis	4989578
disturbios	4989577
divorciado	4989576
manguera	4989575
mordido	4989574
dejemoslo	4989573
valvula	4989572
casual	4989571
atraveso	4989570
vaughn	4989569
hassan	4989568
tenerme	4989567
prestarme	4989566
supervision	4989565
ejemplar	4989564
campeones	4989563
negado	4989562
ingenio	4989561
zeus	4989560
saltado	4989559
coronas	4989558
acompanare	4989557
bree	4989556
pedia	4989555
morena	4989554
amistoso	4989553
proveedor	4989552
bin	4989551
aprecia	4989550
actuado	4989549
bailas	4989548
ss	4989547
prestamos	4989546
cenamos	4989545
espanoles	4989544
dejenos	4989543
probe	4989542
melinda	4989541
repita	4989540
circulacion	4989539
devolvio	4989538
plantado	4989537
celebridad	4989536
contestado	4989535
homer	4989534
saul	4989533
titular	4989532
caracteristicas	4989531
quejarse	4989530
abdomen	4989529
igualdad	4989528
ordene	4989527
recuperarlo	4989526
parecemos	4989525
redonda	4989524
definitivo	4989523
hm	4989522
bebia	4989521
abrira	4989520
usual	4989519
quisieran	4989518
predecir	4989517
compartido	4989516
honrar	4989515
expreso	4989514
sugieres	4989513
casita	4989512
atlantico	4989511
abandone	4989510
tocarla	4989509
medallas	4989508
aceptara	4989507
reunio	4989506
confies	4989505
nah	4989504
samurai	4989503
recortes	4989502
mantendremos	4989501
brindar	4989500
uld	4989499
abrirla	4989498
menciones	4989497
marche	4989496
merlin	4989495
llevabas	4989494
redencion	4989493
manchester	4989492
gasto	4989491
bromear	4989490
recordo	4989489
utero	4989488
bancarrota	4989487
banquero	4989486
conocerme	4989485
rivales	4989484
tostadas	4989483
aficionados	4989482
w	4989481
determinacion	4989480
aplica	4989479
percepcion	4989478
bajare	4989477
tazas	4989476
alejandro	4989475
luthor	4989474
arrojar	4989473
arreglamos	4989472
tramposo	4989471
vigilado	4989470
abrazame	4989469
bailamos	4989468
noventa	4989467
acta	4989466
recogere	4989465
balance	4989464
mejillas	4989463
escaparse	4989462
imprudente	4989461
miserables	4989460
municipal	4989459
maureen	4989458
kara	4989457
shepherd	4989456
recordarle	4989455
thesubfactory	4989454
economico	4989453
fieles	4989452
respetado	4989451
perdamos	4989450
cuota	4989449
alquilado	4989448
tocamos	4989447
entenderias	4989446
lloraba	4989445
cumpliendo	4989444
calentar	4989443
palm	4989442
cumpla	4989441
sofisticado	4989440
trastorno	4989439
ponche	4989438
adicta	4989437
bon	4989436
atada	4989435
eliminacion	4989434
cora	4989433
vainilla	4989432
him	4989431
conduces	4989430
holanda	4989429
manipular	4989428
ayudamos	4989427
dato	4989426
severo	4989425
adoraba	4989424
empeorar	4989423
pum	4989422
monjas	4989421
oral	4989420
muevo	4989419
reirse	4989418
wright	4989417
edna	4989416
ajuste	4989415
agradece	4989414
monasterio	4989413
conseguirme	4989412
boo	4989411
conociendo	4989410
heidi	4989409
gallagher	4989408
rush	4989407
remota	4989406
telefonicas	4989405
apasionado	4989404
plantar	4989403
vestirme	4989402
atravesando	4989401
revela	4989400
tambores	4989399
panqueques	4989398
manifestacion	4989397
obtienes	4989396
contarlo	4989395
comprensible	4989394
movida	4989393
quemada	4989392
holden	4989391
suegro	4989390
hardy	4989389
vayamonos	4989388
audaz	4989387
guardianes	4989386
desagradables	4989385
marianne	4989384
rutas	4989383
usados	4989382
leales	4989381
guapas	4989380
podriais	4989379
teal	4989378
complace	4989377
aplastar	4989376
preocuparia	4989375
ofendas	4989374
hale	4989373
probemos	4989372
patata	4989371
pasajes	4989370
willis	4989369
clavos	4989368
concentrado	4989367
calida	4989366
privilegios	4989365
anzuelo	4989364
espina	4989363
aspirina	4989362
quisieramos	4989361
asustarme	4989360
tercio	4989359
exponer	4989358
cifra	4989357
juliet	4989356
atomica	4989355
arrestada	4989354
vales	4989353
defensas	4989352
porcion	4989351
detenernos	4989350
ensenas	4989349
frustrante	4989348
interese	4989347
acercandose	4989346
floyd	4989345
candy	4989344
trey	4989343
elegantes	4989342
agrado	4989341
hipotesis	4989340
crearon	4989339
hoguera	4989338
indice	4989337
divertidos	4989336
rompo	4989335
abrieron	4989334
quisieron	4989333
brendan	4989332
encargaremos	4989331
elite	4989330
sandwiches	4989329
desmayo	4989328
turcos	4989327
metafora	4989326
beatles	4989325
mudado	4989324
dialogo	4989323
billie	4989322
pijamas	4989321
vegetales	4989320
iglesias	4989319
viola	4989318
halla	4989317
jugue	4989316
enviarle	4989315
mara	4989314
escritos	4989313
visito	4989312
enviada	4989311
norteamericanos	4989310
ahogado	4989309
po	4989308
escalofrios	4989307
actuo	4989306
beethoven	4989305
cordon	4989304
encontrados	4989303
vaticano	4989302
tornado	4989301
apariencias	4989300
timothy	4989299
gen	4989298
carpa	4989297
triangulo	4989296
alferez	4989295
marchando	4989294
arranque	4989293
aria	4989292
preferirias	4989291
rebano	4989290
devolverlo	4989289
colby	4989288
titulos	4989287
mindy	4989286
corras	4989285
asustarte	4989284
subtitulo	4989283
dedico	4989282
telefonico	4989281
descargar	4989280
wanda	4989279
strike	4989278
entusiasmado	4989277
labial	4989276
culturas	4989275
arsenal	4989274
madrastra	4989273
mckay	4989272
jeanne	4989271
enviarme	4989270
murcielago	4989269
mataras	4989268
novatos	4989267
callen	4989266
extraccion	4989265
rompen	4989264
barbilla	4989263
observador	4989262
monjes	4989261
sawyer	4989260
betsy	4989259
fallas	4989258
crie	4989257
pensemos	4989256
morirse	4989255
planeamos	4989254
dalton	4989253
pony	4989252
armstrong	4989251
eligieron	4989250
pandillas	4989249
antiguedades	4989248
hilos	4989247
tradiciones	4989246
karate	4989245
dieciocho	4989244
aprobar	4989243
seguidas	4989242
arreglara	4989241
indias	4989240
respondiendo	4989239
pizca	4989238
turista	4989237
salirse	4989236
extraer	4989235
bromea	4989234
habremos	4989233
resonancia	4989232
paulie	4989231
bridge	4989230
tires	4989229
kev	4989228
filmacion	4989227
arrogancia	4989226
producido	4989225
necesitado	4989224
aceptaria	4989223
cambien	4989222
disenador	4989221
creditos	4989220
frescos	4989219
resuelve	4989218
lanzando	4989217
bancaria	4989216
suelten	4989215
pocion	4989214
sensato	4989213
apunalado	4989212
implicado	4989211
debra	4989210
peculiar	4989209
genetico	4989208
frontal	4989207
vendia	4989206
recado	4989205
convicto	4989204
marchas	4989203
afeitar	4989202
beben	4989201
separe	4989200
bloquear	4989199
impulsos	4989198
mediana	4989197
dactilares	4989196
explosiones	4989195
acampar	4989194
tractor	4989193
animado	4989192
escoba	4989191
enviara	4989190
zar	4989189
parecida	4989188
invitaste	4989187
carrito	4989186
motos	4989185
discutido	4989184
kentucky	4989183
protegernos	4989182
mantenerlos	4989181
prisionera	4989180
inmenso	4989179
rastreando	4989178
mocion	4989177
aburridos	4989176
recordara	4989175
senalar	4989174
palida	4989173
perseguido	4989172
precauciones	4989171
escombros	4989170
cabras	4989169
veterano	4989168
diputado	4989167
tito	4989166
fritz	4989165
alimentacion	4989164
solucionarlo	4989163
apelacion	4989162
necesarias	4989161
piramide	4989160
diligencia	4989159
byron	4989158
mercurio	4989157
banderas	4989156
sueco	4989155
caiste	4989154
desgraciada	4989153
bailo	4989152
viviras	4989151
ramo	4989150
consigamos	4989149
muelles	4989148
acusando	4989147
condolencias	4989146
hawai	4989145
detuve	4989144
permito	4989143
olvidando	4989142
cagado	4989141
propuso	4989140
molestas	4989139
extincion	4989138
mirare	4989137
lang	4989136
exploracion	4989135
presiento	4989134
detenidos	4989133
amargo	4989132
haven	4989131
macleod	4989130
carlton	4989129
ajustar	4989128
huerfano	4989127
intenten	4989126
tendido	4989125
simmons	4989124
peli	4989123
travieso	4989122
tomarla	4989121
usaban	4989120
propietarios	4989119
sobras	4989118
vencida	4989117
encerrar	4989116
permanezca	4989115
bebamos	4989114
tarzan	4989113
atacada	4989112
pilas	4989111
aprenderas	4989110
comporta	4989109
grua	4989108
amplia	4989107
previo	4989106
alergico	4989105
agonia	4989104
veinticinco	4989103
quites	4989102
alterada	4989101
define	4989100
priya	4989099
cierran	4989098
arquitectura	4989097
abrid	4989096
iriamos	4989095
tensa	4989094
tuberia	4989093
gu	4989092
horarios	4989091
afirmativo	4989090
mariposas	4989089
micro	4989088
responden	4989087
mayormente	4989086
vibora	4989085
verdaderas	4989084
creek	4989083
bocadillos	4989082
representantes	4989081
forzada	4989080
antibioticos	4989079
exagerado	4989078
preparativos	4989077
encendedor	4989076
venias	4989075
distraido	4989074
sexta	4989073
idiomas	4989072
revolucionario	4989071
herbert	4989070
grieta	4989069
columbia	4989068
exploradores	4989067
calentamiento	4989066
regazo	4989065
predicador	4989064
rendimiento	4989063
acabada	4989062
bunny	4989061
curry	4989060
edie	4989059
sobrevive	4989058
ganso	4989057
prototipo	4989056
noruega	4989055
acantilado	4989054
dimensiones	4989053
cinturones	4989052
secos	4989051
frost	4989050
entraba	4989049
advirtio	4989048
basica	4989047
digamelo	4989046
mantas	4989045
creyera	4989044
confusa	4989043
acosto	4989042
necesiten	4989041
solicitar	4989040
acabaria	4989039
carreta	4989038
argumentos	4989037
criticos	4989036
composicion	4989035
interferencia	4989034
bender	4989033
pasto	4989032
more	4989031
mantenia	4989030
illinois	4989029
judas	4989028
maricas	4989027
agradas	4989026
lima	4989025
reportaje	4989024
brujeria	4989023
tac	4989022
pensais	4989021
cumpli	4989020
renee	4989019
rap	4989018
side	4989017
sacarnos	4989016
recogerlo	4989015
psicologico	4989014
patrullas	4989013
bones	4989012
acercarte	4989011
maraton	4989010
intentara	4989009
autoestima	4989008
conducto	4989007
levantese	4989006
levantas	4989005
morada	4989004
oia	4989003
conducido	4989002
poker	4989001
monsenor	4989000
sumo	4988999
kg	4988998
placeres	4988997
quiten	4988996
gemelo	4988995
discusiones	4988994
stargate	4988993
inspirado	4988992
rastreador	4988991
cancela	4988990
ilegalmente	4988989
malik	4988988
acercamos	4988987
asustas	4988986
ricas	4988985
rechaza	4988984
anotar	4988983
sanos	4988982
destrozada	4988981
fibras	4988980
asociado	4988979
mutuo	4988978
hiciese	4988977
permanezcan	4988976
informarle	4988975
recupera	4988974
golpearme	4988973
mentor	4988972
disfrazado	4988971
ocurriria	4988970
masculina	4988969
ordinario	4988968
esfera	4988967
gretchen	4988966
asociados	4988965
esponja	4988964
buscaban	4988963
seguian	4988962
vistes	4988961
especifica	4988960
pegarme	4988959
sufren	4988958
crios	4988957
neutral	4988956
francesca	4988955
pratt	4988954
conductores	4988953
circular	4988952
fisicos	4988951
bennet	4988950
psiquico	4988949
sorprendentemente	4988948
sacara	4988947
ingenua	4988946
familiarizado	4988945
motivacion	4988944
charlas	4988943
sirenas	4988942
allan	4988941
pauline	4988940
alcanzo	4988939
anota	4988938
registrada	4988937
diplomatico	4988936
ternera	4988935
line	4988934
intimos	4988933
rompimos	4988932
inmigrantes	4988931
seguiste	4988930
pesas	4988929
cuidara	4988928
julius	4988927
royal	4988926
legitima	4988925
pongame	4988924
destruirlo	4988923
pasaras	4988922
katrina	4988921
recupero	4988920
mexicanos	4988919
ahorrado	4988918
excita	4988917
espacios	4988916
cuadrados	4988915
exigente	4988914
comportarse	4988913
perdonare	4988912
jurar	4988911
trapo	4988910
ferry	4988909
socia	4988908
proponer	4988907
sovieticos	4988906
mezclar	4988905
besaste	4988904
profundidades	4988903
alegres	4988902
opino	4988901
entraremos	4988900
geoffrey	4988899
sung	4988898
veias	4988897
advertido	4988896
mozart	4988895
sangrado	4988894
never	4988893
pasatiempo	4988892
enfrentarme	4988891
trance	4988890
disparas	4988889
dinamarca	4988888
esconderme	4988887
vitaminas	4988886
salte	4988885
casillero	4988884
masajes	4988883
empeorando	4988882
construida	4988881
eje	4988880
intercambiar	4988879
milton	4988878
puentes	4988877
atrasado	4988876
destruira	4988875
delia	4988874
amare	4988873
cafes	4988872
umm	4988871
superintendente	4988870
creimos	4988869
deciros	4988868
bianca	4988867
molestan	4988866
metan	4988865
alcaide	4988864
codicia	4988863
vestirse	4988862
comienzas	4988861
rompere	4988860
ayudaremos	4988859
levantada	4988858
carnada	4988857
echaba	4988856
casaras	4988855
crueles	4988854
say	4988853
osito	4988852
encargarse	4988851
salvarnos	4988850
temblar	4988849
viviremos	4988848
profundos	4988847
altitud	4988846
scarlett	4988845
recurrir	4988844
encuentros	4988843
tardis	4988842
confirmo	4988841
americanas	4988840
harley	4988839
springs	4988838
interesaba	4988837
shelley	4988836
funeraria	4988835
patan	4988834
arbitro	4988833
judias	4988832
panza	4988831
arrestos	4988830
comparten	4988829
apartense	4988828
presidencia	4988827
vieran	4988826
sookie	4988825
luchan	4988824
ba	4988823
nº	4988822
armando	4988821
transportar	4988820
derrame	4988819
empate	4988818
querais	4988817
jed	4988816
bah	4988815
quedaban	4988814
actuales	4988813
coged	4988812
shin	4988811
pizarra	4988810
obsesionada	4988809
lyle	4988808
intensidad	4988807
terminarlo	4988806
sorda	4988805
lt	4988804
escondi	4988803
viviamos	4988802
hyde	4988801
trajera	4988800
mateo	4988799
guardaba	4988798
genios	4988797
gideon	4988796
duran	4988795
mantengase	4988794
greene	4988793
reparaciones	4988792
sentaos	4988791
josie	4988790
vip	4988789
controlando	4988788
abrela	4988787
honra	4988786
esconden	4988785
trabajaste	4988784
fiar	4988783
tinto	4988782
adictos	4988781
encantados	4988780
reuniremos	4988779
bronce	4988778
investiga	4988777
mentirosos	4988776
madeline	4988775
impecable	4988774
ande	4988773
recuerdame	4988772
contactado	4988771
cary	4988770
frescas	4988769
permitirnos	4988768
abrazar	4988767
conmovedor	4988766
absurda	4988765
busques	4988764
sugar	4988763
ganare	4988762
madeleine	4988761
irlandeses	4988760
chupar	4988759
chet	4988758
fueses	4988757
reparacion	4988756
stanton	4988755
volverias	4988754
puntual	4988753
juegue	4988752
defensiva	4988751
dieran	4988750
dense	4988749
hawkins	4988748
relacionada	4988747
recetas	4988746
hacerlas	4988745
austria	4988744
buscador	4988743
escotilla	4988742
catedral	4988741
vernon	4988740
publicamente	4988739
compromisos	4988738
ataquen	4988737
ponerlos	4988736
juicios	4988735
desvio	4988734
leonardo	4988733
necesitemos	4988732
dilema	4988731
hidrogeno	4988730
funcionarios	4988729
radiante	4988728
salvarle	4988727
acostar	4988726
gritas	4988725
portate	4988724
praga	4988723
destruidos	4988722
mon	4988721
sanguinea	4988720
pino	4988719
beta	4988718
librarse	4988717
completado	4988716
descubren	4988715
atlantic	4988714
recibiras	4988713
detonador	4988712
buscarlos	4988711
bocadillo	4988710
considerable	4988709
trompeta	4988708
machos	4988707
arrepentiras	4988706
paranoia	4988705
creible	4988704
recuperarse	4988703
espectadores	4988702
sirves	4988701
considere	4988700
decepcionada	4988699
interrupcion	4988698
traeremos	4988697
himno	4988696
agricultura	4988695
divertimos	4988694
state	4988693
llore	4988692
volador	4988691
propone	4988690
muestro	4988689
circuitos	4988688
foco	4988687
muerete	4988686
repartir	4988685
tengais	4988684
decencia	4988683
abel	4988682
silenciosa	4988681
gustarle	4988680
compraron	4988679
contestas	4988678
sangrar	4988677
adivino	4988676
dude	4988675
instructor	4988674
prepararse	4988673
cabellos	4988672
yoo	4988671
barriles	4988670
detectado	4988669
abandonaste	4988668
dinosaurio	4988667
subtitulado	4988666
abiertamente	4988665
ganaba	4988664
acompanado	4988663
her	4988662
clare	4988661
flora	4988660
butler	4988659
movemos	4988658
circunstancia	4988657
granadas	4988656
justificar	4988655
chin	4988654
reventar	4988653
cereza	4988652
bam	4988651
confunde	4988650
expansion	4988649
woods	4988648
actuan	4988647
consultorio	4988646
silas	4988645
aguante	4988644
guapos	4988643
creciente	4988642
respondo	4988641
educada	4988640
gravemente	4988639
alarmas	4988638
higienico	4988637
perderse	4988636
frios	4988635
creanme	4988634
republicanos	4988633
ezra	4988632
mudanza	4988631
programacion	4988630
intacto	4988629
asistentes	4988628
vivan	4988627
viajeros	4988626
aumentando	4988625
manuscrito	4988624
reposo	4988623
estrecha	4988622
tened	4988621
fluido	4988620
limitada	4988619
agresiva	4988618
sobrevivira	4988617
lujuria	4988616
editorial	4988615
cosmos	4988614
gracie	4988613
peniques	4988612
pintando	4988611
darwin	4988610
pedirles	4988609
estropear	4988608
aprieto	4988607
concha	4988606
dora	4988605
atrapen	4988604
comunitario	4988603
respondes	4988602
christy	4988601
astronautas	4988600
conserva	4988599
lorraine	4988598
consultar	4988597
secuestraron	4988596
fenomenos	4988595
acuerdate	4988594
multas	4988593
cruzados	4988592
mississippi	4988591
arruines	4988590
cm	4988589
chupa	4988588
barrett	4988587
jure	4988586
logros	4988585
colgo	4988584
recogi	4988583
barbaro	4988582
sensibles	4988581
amnesia	4988580
consciencia	4988579
paramedicos	4988578
rodean	4988577
relajarme	4988576
talentoso	4988575
pureza	4988574
conseguirle	4988573
maine	4988572
transferido	4988571
sellado	4988570
robamos	4988569
disenos	4988568
stacey	4988567
originalmente	4988566
lograremos	4988565
ocultos	4988564
anestesia	4988563
estante	4988562
compartirlo	4988561
light	4988560
hammer	4988559
enfadar	4988558
conectada	4988557
histerica	4988556
choca	4988555
dog	4988554
agotador	4988553
hyung	4988552
terminaremos	4988551
neumatico	4988550
naranjas	4988549
donar	4988548
flauta	4988547
mezclado	4988546
grosera	4988545
calificaciones	4988544
nico	4988543
jasmine	4988542
insistir	4988541
horca	4988540
bufalo	4988539
jerome	4988538
probare	4988537
escucharla	4988536
culpas	4988535
cereal	4988534
compensacion	4988533
significativo	4988532
encontrando	4988531
hamlet	4988530
aprendizaje	4988529
realeza	4988528
mudarte	4988527
humeda	4988526
worf	4988525
sanguineo	4988524
explicas	4988523
vagabundos	4988522
negacion	4988521
controlan	4988520
connecticut	4988519
alejar	4988518
jarod	4988517
lindsey	4988516
olvidarme	4988515
addison	4988514
armadas	4988513
paco	4988512
sang	4988511
revelado	4988510
maddie	4988509
guardan	4988508
peluqueria	4988507
esteis	4988506
invitas	4988505
cerraron	4988504
jude	4988503
castigada	4988502
preocupar	4988501
cuadrante	4988500
mireme	4988499
atraido	4988498
disgustado	4988497
escuchara	4988496
truman	4988495
comerme	4988494
oklahoma	4988493
enemiga	4988492
sueltes	4988491
rompes	4988490
celebramos	4988489
longitud	4988488
cometas	4988487
mandaste	4988486
apple	4988485
pizzas	4988484
ace	4988483
republicano	4988482
adoptado	4988481
marquesa	4988480
invitaron	4988479
sobreviviente	4988478
jacuzzi	4988477
villanos	4988476
tigres	4988475
adecuadamente	4988474
buscabas	4988473
prince	4988472
rituales	4988471
pararlo	4988470
mantuve	4988469
falsificacion	4988468
mudarnos	4988467
olvidan	4988466
arresten	4988465
omega	4988464
pasarle	4988463
quitese	4988462
cancelo	4988461
contestador	4988460
ino	4988459
adorables	4988458
preservar	4988457
curvas	4988456
contribucion	4988455
comodidad	4988454
griega	4988453
ming	4988452
obtuviste	4988451
chelines	4988450
pedidos	4988449
extremos	4988448
credibilidad	4988447
entendimiento	4988446
conflictos	4988445
willow	4988444
telescopio	4988443
convenci	4988442
dolorosa	4988441
nochebuena	4988440
theresa	4988439
miralos	4988438
prepararte	4988437
ganarte	4988436
continuemos	4988435
esperandome	4988434
hundio	4988433
uy	4988432
latido	4988431
admitio	4988430
aproxima	4988429
labio	4988428
muestrale	4988427
armamento	4988426
jai	4988425
marcial	4988424
averigue	4988423
rossi	4988422
empujando	4988421
pegue	4988420
sapo	4988419
continuamos	4988418
balistica	4988417
reporteros	4988416
mendigo	4988415
prioridades	4988414
convencional	4988413
rod	4988412
hi	4988411
parecidos	4988410
duermete	4988409
srita	4988408
csi	4988407
anomalia	4988406
giles	4988405
preliminar	4988404
enterrados	4988403
recoja	4988402
caviar	4988401
espiar	4988400
stanford	4988399
ingrid	4988398
planeaba	4988397
solicitado	4988396
perderla	4988395
tomese	4988394
preparatoria	4988393
caminas	4988392
muslos	4988391
mataremos	4988390
gatita	4988389
col	4988388
doctorado	4988387
pasaban	4988386
acuesta	4988385
colera	4988384
exitos	4988383
sinceros	4988382
colonias	4988381
negativos	4988380
esperara	4988379
tailandia	4988378
lina	4988377
comprobe	4988376
enserio	4988375
fluye	4988374
unen	4988373
acompanarnos	4988372
sultan	4988371
excitado	4988370
fresas	4988369
grabo	4988368
trineo	4988367
bajes	4988366
suben	4988365
vito	4988364
construimos	4988363
abrazos	4988362
zanahorias	4988361
evitado	4988360
diviertanse	4988359
recuperara	4988358
manteca	4988357
represento	4988356
higgins	4988355
vance	4988354
comerte	4988353
parques	4988352
choco	4988351
bikini	4988350
satelites	4988349
expulsada	4988348
carolyn	4988347
identifico	4988346
cassidy	4988345
lenguas	4988344
shows	4988343
mutantes	4988342
harbor	4988341
desafios	4988340
movia	4988339
juana	4988338
gerard	4988337
hablarles	4988336
nerd	4988335
butch	4988334
bloques	4988333
libreta	4988332
florrick	4988331
consejera	4988330
alejados	4988329
tiraron	4988328
sherry	4988327
porsche	4988326
operador	4988325
chocar	4988324
lars	4988323
caminaba	4988322
remordimiento	4988321
formularios	4988320
vispera	4988319
corrido	4988318
recuperando	4988317
estima	4988316
trabajaban	4988315
retirarme	4988314
significo	4988313
apago	4988312
fragmento	4988311
recipiente	4988310
ensenanza	4988309
axl	4988308
desaparecera	4988307
comprendi	4988306
etiquetas	4988305
echaste	4988304
casaria	4988303
progresos	4988302
acordar	4988301
traeria	4988300
poliza	4988299
flint	4988298
dramatica	4988297
acerquense	4988296
perdonas	4988295
automaticamente	4988294
etcetera	4988293
titulares	4988292
incluir	4988291
tic	4988290
latigo	4988289
ethel	4988288
ayudaran	4988287
encerro	4988286
clavado	4988285
deciden	4988284
grifo	4988283
atraviesa	4988282
vice	4988281
richards	4988280
hundido	4988279
electronicos	4988278
retener	4988277
europea	4988276
visitado	4988275
cogieron	4988274
saquenlo	4988273
greta	4988272
recordando	4988271
miraste	4988270
juzgando	4988269
miriam	4988268
dispositivos	4988267
jaque	4988266
frustrado	4988265
ofensivo	4988264
delfines	4988263
erupcion	4988262
resurreccion	4988261
tobillos	4988260
entretenido	4988259
animate	4988258
enamorarse	4988257
despedirse	4988256
emperatriz	4988255
compadre	4988254
abu	4988253
vinnie	4988252
pinzas	4988251
acuestas	4988250
rayas	4988249
joo	4988248
tuberias	4988247
hirio	4988246
gobiernos	4988245
alien	4988244
ahogando	4988243
pagaremos	4988242
sentire	4988241
hicieramos	4988240
vivienda	4988239
terco	4988238
observado	4988237
aprovecha	4988236
aplicar	4988235
mutante	4988234
modulo	4988233
agudo	4988232
carinoso	4988231
reacciones	4988230
dormidos	4988229
enviarlo	4988228
gastando	4988227
andromeda	4988226
felicity	4988225
sentaba	4988224
conscientes	4988223
propinas	4988222
knox	4988221
magos	4988220
ernest	4988219
alpha	4988218
mori	4988217
borg	4988216
dependiendo	4988215
isabella	4988214
aceptada	4988213
julien	4988212
permanentemente	4988211
permitirse	4988210
quitaste	4988209
llamemos	4988208
opio	4988207
mandando	4988206
convencerlo	4988205
tiende	4988204
soporta	4988203
tributo	4988202
papito	4988201
secta	4988200
cupula	4988199
invitaciones	4988198
anular	4988197
lamentamos	4988196
rellenar	4988195
coop	4988194
vagos	4988193
bryce	4988192
ri	4988191
madrina	4988190
hagame	4988189
tarifa	4988188
ritchie	4988187
popa	4988186
siniestro	4988185
reglamento	4988184
aposentos	4988183
controlada	4988182
tonelada	4988181
ziva	4988180
platano	4988179
enganas	4988178
morrison	4988177
despiertas	4988176
contestes	4988175
rene	4988174
apaguen	4988173
contaminacion	4988172
matematica	4988171
extranamente	4988170
disney	4988169
modus	4988168
destinados	4988167
regularmente	4988166
tocaste	4988165
cenicienta	4988164
quitan	4988163
vena	4988162
penique	4988161
libby	4988160
alergica	4988159
steele	4988158
decenas	4988157
faith	4988156
protocolos	4988155
sentare	4988154
fabricante	4988153
votantes	4988152
filtro	4988151
marcy	4988150
pierdan	4988149
llamaras	4988148
alterar	4988147
acontecimiento	4988146
pitido	4988145
sudar	4988144
viajan	4988143
cadillac	4988142
pecadores	4988141
alergia	4988140
vendrian	4988139
insistes	4988138
burlando	4988137
jang	4988136
peludo	4988135
fosa	4988134
bea	4988133
vanidad	4988132
magnus	4988131
humillado	4988130
contarmelo	4988129
dieras	4988128
ventanilla	4988127
cayera	4988126
sergei	4988125
admision	4988124
conduzca	4988123
tiran	4988122
jubilacion	4988121
capucha	4988120
webster	4988119
paddy	4988118
molestarlo	4988117
entregare	4988116
men	4988115
relampago	4988114
sinclair	4988113
jaime	4988112
caitlin	4988111
seul	4988110
dedicada	4988109
abrigos	4988108
barrios	4988107
aprenda	4988106
ranas	4988105
rias	4988104
romana	4988103
nell	4988102
richmond	4988101
arriesgarse	4988100
besamos	4988099
modernos	4988098
toros	4988097
invencible	4988096
olvidara	4988095
hum	4988094
twitter	4988093
ignora	4988092
ocupara	4988091
requieren	4988090
lawson	4988089
notaste	4988088
luchadores	4988087
paolo	4988086
agitado	4988085
espantosa	4988084
depositos	4988083
farol	4988082
amoroso	4988081
milicia	4988080
arder	4988079
insultos	4988078
occidente	4988077
rendir	4988076
estacionado	4988075
solicita	4988074
escogi	4988073
oswald	4988072
buster	4988071
maquinaria	4988070
bistec	4988069
eileen	4988068
avances	4988067
sabroso	4988066
tienden	4988065
stewie	4988064
arruina	4988063
avena	4988062
masterchef	4988061
abordar	4988060
cerre	4988059
colada	4988058
fastidio	4988057
traela	4988056
diccionario	4988055
defiende	4988054
haciendome	4988053
interrogado	4988052
cursi	4988051
despertarte	4988050
arranco	4988049
bendiciones	4988048
sudamerica	4988047
recojo	4988046
preguntandome	4988045
entrad	4988044
said	4988043
alabama	4988042
sugieren	4988041
natacion	4988040
langley	4988039
orlando	4988038
calienta	4988037
daros	4988036
estofado	4988035
scout	4988034
carpintero	4988033
costas	4988032
sacala	4988031
acosador	4988030
gustaron	4988029
gamma	4988028
gasta	4988027
lancha	4988026
graduado	4988025
mirarla	4988024
preferida	4988023
consigueme	4988022
diecisiete	4988021
fry	4988020
atropellado	4988019
vengar	4988018
nacen	4988017
duchas	4988016
cuentamelo	4988015
convoy	4988014
robarme	4988013
nuera	4988012
quinientos	4988011
equivalente	4988010
magistrado	4988009
compradores	4988008
cuentale	4988007
celeste	4988006
confiamos	4988005
news	4988004
podes	4988003
adivinen	4988002
complacer	4988001
nostalgia	4988000
cuenteme	4987999
desarmado	4987998
salvame	4987997
renunciado	4987996
chocolates	4987995
criados	4987994
recordad	4987993
permitas	4987992
clasicos	4987991
experimentando	4987990
creativa	4987989
fabricar	4987988
estricto	4987987
roble	4987986
querrian	4987985
casan	4987984
poderosas	4987983
pagaba	4987982
tocarte	4987981
diaria	4987980
masivo	4987979
sujetador	4987978
dolera	4987977
comportate	4987976
falls	4987975
eficaz	4987974
sacos	4987973
recreo	4987972
enanos	4987971
hablaras	4987970
detenemos	4987969
coral	4987968
maternidad	4987967
arroja	4987966
anticuado	4987965
cabos	4987964
apostaria	4987963
atlantis	4987962
hoffman	4987961
reich	4987960
oprah	4987959
trasladado	4987958
delantero	4987957
zanahoria	4987956
recibos	4987955
entrante	4987954
fundador	4987953
sastre	4987952
irritante	4987951
ecuacion	4987950
edmund	4987949
descenso	4987948
proteinas	4987947
yuri	4987946
guardare	4987945
reinas	4987944
presto	4987943
ruega	4987942
canguro	4987941
mabel	4987940
prejuicios	4987939
callejero	4987938
dwayne	4987937
ligas	4987936
cierras	4987935
chequeo	4987934
comieron	4987933
balsa	4987932
memphis	4987931
hablaria	4987930
think	4987929
enviarte	4987928
mostrara	4987927
acabaras	4987926
mcdonald	4987925
matriz	4987924
newman	4987923
tomaras	4987922
holandes	4987921
compositor	4987920
legion	4987919
cuestionar	4987918
aprisa	4987917
logras	4987916
desmayado	4987915
musulman	4987914
insinuando	4987913
aereas	4987912
quebrado	4987911
arrestados	4987910
brujula	4987909
why	4987908
carton	4987907
ejecutivos	4987906
paulo	4987905
producen	4987904
castor	4987903
nicki	4987902
averiguaremos	4987901
insolente	4987900
completos	4987899
elegimos	4987898
lanzas	4987897
limpie	4987896
leelo	4987895
norteamerica	4987894
wagner	4987893
darian	4987892
rodeos	4987891
casaron	4987890
virgil	4987889
cenando	4987888
carniceria	4987887
camine	4987886
ligar	4987885
ozzy	4987884
puntuacion	4987883
revisamos	4987882
reforma	4987881
grite	4987880
almacenes	4987879
macgyver	4987878
inmune	4987877
tell	4987876
separaron	4987875
habermelo	4987874
continuo	4987873
murdoch	4987872
centimetro	4987871
verdugo	4987870
atreveria	4987869
sangriento	4987868
dracula	4987867
ganaras	4987866
adicionales	4987865
mantengas	4987864
bundy	4987863
choza	4987862
semental	4987861
pianista	4987860
vestirte	4987859
cucarachas	4987858
asma	4987857
co	4987856
pese	4987855
cobro	4987854
blanche	4987853
punteria	4987852
oirla	4987851
gin	4987850
mantenganse	4987849
firmemente	4987848
pidiera	4987847
arruinada	4987846
catalogo	4987845
mostre	4987844
nop	4987843
pesadas	4987842
county	4987841
denunciar	4987840
fidelidad	4987839
esquinas	4987838
trabajes	4987837
reconstruccion	4987836
comportas	4987835
atletas	4987834
resistente	4987833
ruidoso	4987832
lidiando	4987831
turquia	4987830
locutor	4987829
paraba	4987828
rima	4987827
people	4987826
congelada	4987825
conociamos	4987824
dillon	4987823
ajustado	4987822
ventilador	4987821
jamal	4987820
diarrea	4987819
cartman	4987818
mandato	4987817
usara	4987816
tolerancia	4987815
bronx	4987814
incumbe	4987813
cavando	4987812
karan	4987811
apestan	4987810
aplastado	4987809
quedaos	4987808
jode	4987807
comerse	4987806
instalado	4987805
encubierta	4987804
sellos	4987803
inmensa	4987802
brote	4987801
cambridge	4987800
interpol	4987799
castro	4987798
lucen	4987797
veiamos	4987796
organizaciones	4987795
bribon	4987794
magicos	4987793
delantal	4987792
duende	4987791
bourbon	4987790
bronceado	4987789
negligencia	4987788
nalgas	4987787
mamada	4987786
ensenara	4987785
intacta	4987784
bloom	4987783
llevais	4987782
empujon	4987781
folleto	4987780
operandi	4987779
mineral	4987778
golden	4987777
demostro	4987776
bitacora	4987775
establecimiento	4987774
pinky	4987773
merced	4987772
fascista	4987771
mexicana	4987770
preste	4987769
pisar	4987768
pilar	4987767
barcelona	4987766
habituales	4987765
loro	4987764
daselo	4987763
missy	4987762
turk	4987761
marchaos	4987760
sexualidad	4987759
narrador	4987758
nuez	4987757
bye	4987756
tinieblas	4987755
quentin	4987754
dakota	4987753
herb	4987752
inquieto	4987751
probamos	4987750
pisa	4987749
tirarlo	4987748
haciendose	4987747
sing	4987746
over	4987745
lectores	4987744
arriesgando	4987743
olga	4987742
despertarme	4987741
habertelo	4987740
virgenes	4987739
proa	4987738
complicadas	4987737
pasarla	4987736
relato	4987735
compartiendo	4987734
toronto	4987733
companeras	4987732
leia	4987731
escondete	4987730
inversores	4987729
arrastrar	4987728
recepcionista	4987727
entrenados	4987726
fijar	4987725
vivieron	4987724
dutch	4987723
moretones	4987722
metalico	4987721
catolicos	4987720
motin	4987719
creyente	4987718
carly	4987717
despiadado	4987716
escalones	4987715
venderla	4987714
legendario	4987713
whiskey	4987712
sintiera	4987711
merecemos	4987710
dominante	4987709
diabetes	4987708
acerquen	4987707
aurora	4987706
vistiendo	4987705
alfombras	4987704
stripper	4987703
pegale	4987702
amores	4987701
hawaii	4987700
malone	4987699
renuncie	4987698
transbordador	4987697
escapaste	4987696
cebollas	4987695
apoyado	4987694
recuperarla	4987693
grady	4987692
acabaremos	4987691
pedos	4987690
bicicletas	4987689
cumplo	4987688
carpeta	4987687
arre	4987686
fijese	4987685
universitaria	4987684
emocionados	4987683
trudy	4987682
estricta	4987681
cometiste	4987680
proyeccion	4987679
episodios	4987678
liberal	4987677
cerebrales	4987676
coincidencias	4987675
mandas	4987674
alce	4987673
decimo	4987672
matarse	4987671
hip	4987670
fluidos	4987669
cassandra	4987668
revelo	4987667
sorprender	4987666
oui	4987665
bailemos	4987664
penes	4987663
accidental	4987662
arterial	4987661
quedemos	4987660
enigma	4987659
eun	4987658
drogada	4987657
cricket	4987656
acabados	4987655
maniobras	4987654
acabaste	4987653
indicios	4987652
impotente	4987651
jody	4987650
aiden	4987649
fresa	4987648
decidida	4987647
estresado	4987646
directiva	4987645
contratista	4987644
aluminio	4987643
prometedor	4987642
cascos	4987641
pinto	4987640
elegidos	4987639
vara	4987638
sterling	4987637
lavadora	4987636
enviaran	4987635
niegas	4987634
muevase	4987633
lorelai	4987632
arrestarlo	4987631
utah	4987630
silbato	4987629
senas	4987628
apunalo	4987627
heterosexual	4987626
consulado	4987625
convertire	4987624
ganarle	4987623
pregunten	4987622
camarones	4987621
sheridan	4987620
honorarios	4987619
aperitivo	4987618
repasar	4987617
estocolmo	4987616
phyllis	4987615
diamond	4987614
acostumbrados	4987613
celebridades	4987612
dormitorios	4987611
vereis	4987610
pos	4987609
admiradores	4987608
departamentos	4987607
imaginarlo	4987606
llevenselo	4987605
destruyeron	4987604
marsella	4987603
cofre	4987602
esqui	4987601
perdonara	4987600
canela	4987599
instruccion	4987598
sobrenatural	4987597
parche	4987596
reservada	4987595
historica	4987594
destructor	4987593
sudafrica	4987592
bebas	4987591
restaurar	4987590
confian	4987589
mineros	4987588
pelearon	4987587
reportar	4987586
saquemos	4987585
abandonaron	4987584
cobb	4987583
nervio	4987582
reacciona	4987581
confidencialidad	4987580
conviertes	4987579
kelso	4987578
latidos	4987577
portado	4987576
anonimos	4987575
presten	4987574
atascada	4987573
independientes	4987572
confiesa	4987571
fritos	4987570
vistos	4987569
torpedos	4987568
experimental	4987567
africano	4987566
liu	4987565
visa	4987564
emision	4987563
construi	4987562
skip	4987561
iv	4987560
puerco	4987559
encargarte	4987558
despiertes	4987557
comparto	4987556
acosando	4987555
renacimiento	4987554
cruces	4987553
conseguiria	4987552
innecesario	4987551
mentirle	4987550
calorias	4987549
ternura	4987548
pensarias	4987547
tratamientos	4987546
relativamente	4987545
devolverme	4987544
religiosos	4987543
gaby	4987542
sake	4987541
flexible	4987540
cyril	4987539
receptor	4987538
discoteca	4987537
reflexionar	4987536
reunen	4987535
receso	4987534
yard	4987533
iowa	4987532
pescadores	4987531
descartar	4987530
lu	4987529
resulte	4987528
playas	4987527
trabajaremos	4987526
chambers	4987525
traga	4987524
olvidaron	4987523
jeannie	4987522
contaron	4987521
iman	4987520
bmw	4987519
alternativas	4987518
podrida	4987517
llamala	4987516
bull	4987515
parasito	4987514
apropiadamente	4987513
hembras	4987512
brujo	4987511
medicas	4987510
llamarlos	4987509
obvia	4987508
atraparemos	4987507
curas	4987506
enloquecio	4987505
cultivo	4987504
cagada	4987503
kitt	4987502
heil	4987501
refleja	4987500
nobleza	4987499
sangrienta	4987498
gitanos	4987497
ejercer	4987496
pittsburgh	4987495
restaurant	4987494
ayudantes	4987493
avisarle	4987492
bastara	4987491
corregido	4987490
impostor	4987489
crias	4987488
clasificado	4987487
apunten	4987486
revivir	4987485
inclusive	4987484
salvamos	4987483
acercas	4987482
hangar	4987481
cogen	4987480
operando	4987479
gaste	4987478
panal	4987477
pegame	4987476
atomos	4987475
pip	4987474
faraon	4987473
plancha	4987472
arrepentimiento	4987471
dev	4987470
elise	4987469
cultivar	4987468
martir	4987467
tomad	4987466
daily	4987465
comunicarme	4987464
adele	4987463
kirby	4987462
visitarte	4987461
apareces	4987460
escrituras	4987459
organizando	4987458
seymour	4987457
cortan	4987456
kgb	4987455
tierna	4987454
imaginando	4987453
reportera	4987452
molesten	4987451
feos	4987450
inscripcion	4987449
ocuparemos	4987448
seo	4987447
salian	4987446
meternos	4987445
where	4987444
vocacion	4987443
talones	4987442
parroquia	4987441
policiales	4987440
lona	4987439
jueza	4987438
caminamos	4987437
esmoquin	4987436
morton	4987435
brock	4987434
acabes	4987433
granjas	4987432
transportador	4987431
saltos	4987430
admiracion	4987429
dependen	4987428
casaremos	4987427
capricho	4987426
hindu	4987425
extranare	4987424
odie	4987423
rollos	4987422
seno	4987421
quitando	4987420
perritos	4987419
rompan	4987418
recuento	4987417
virtual	4987416
fracturas	4987415
abordo	4987414
sonrisas	4987413
instalar	4987412
bledo	4987411
bocas	4987410
estresante	4987409
asiatico	4987408
jugaremos	4987407
vicio	4987406
tratara	4987405
estacionar	4987404
pistolero	4987403
costilla	4987402
jeans	4987401
master	4987400
falto	4987399
atrapaste	4987398
europeo	4987397
fachada	4987396
escultura	4987395
potenciales	4987394
equivocan	4987393
jamaica	4987392
dividido	4987391
sugerencias	4987390
mordida	4987389
zumbido	4987388
sonries	4987387
depender	4987386
fuller	4987385
invadir	4987384
tomaran	4987383
sunny	4987382
sentirias	4987381
mei	4987380
negarlo	4987379
flojo	4987378
perdiera	4987377
hayais	4987376
artefactos	4987375
umbral	4987374
drive	4987373
irresistible	4987372
tragica	4987371
investigue	4987370
perezoso	4987369
inicia	4987368
quemados	4987367
vals	4987366
apurado	4987365
peon	4987364
audiciones	4987363
quemaron	4987362
chispas	4987361
devolverte	4987360
sospechaba	4987359
indicada	4987358
boletin	4987357
atenas	4987356
glee	4987355
generar	4987354
individuales	4987353
infiltrado	4987352
revisare	4987351
conocieras	4987350
avergonzarse	4987349
jaleo	4987348
realizo	4987347
usarlos	4987346
lavando	4987345
gales	4987344
maravillosamente	4987343
hanson	4987342
evaluar	4987341
confesado	4987340
meterlo	4987339
conoceras	4987338
contrataron	4987337
xx	4987336
music	4987335
inquieta	4987334
georges	4987333
puja	4987332
aspiradora	4987331
coloco	4987330
transformar	4987329
dedicacion	4987328
ratito	4987327
obedece	4987326
prue	4987325
rosario	4987324
construye	4987323
parabrisas	4987322
his	4987321
ofensa	4987320
interrogatorios	4987319
massachusetts	4987318
corral	4987317
iraq	4987316
estatus	4987315
llevenlo	4987314
alegrara	4987313
inspira	4987312
patterson	4987311
viajo	4987310
cause	4987309
perkins	4987308
molestaba	4987307
paternidad	4987306
ciao	4987305
cerraduras	4987304
britney	4987303
dadme	4987302
convertiria	4987301
coach	4987300
jj	4987299
organizo	4987298
hableme	4987297
bagdad	4987296
katy	4987295
paran	4987294
trabajen	4987293
humphrey	4987292
plegarias	4987291
criterio	4987290
surgido	4987289
molestarla	4987288
vinieran	4987287
smart	4987286
enojados	4987285
buey	4987284
envejecer	4987283
aro	4987282
calcular	4987281
suburbios	4987280
yeso	4987279
retorcido	4987278
morado	4987277
vagando	4987276
estudiantil	4987275
garage	4987274
nicolas	4987273
incorrecta	4987272
lagarto	4987271
permisos	4987270
microfonos	4987269
rompera	4987268
karaoke	4987267
protegere	4987266
bacterias	4987265
ferguson	4987264
infantiles	4987263
nocturnos	4987262
obligar	4987261
sovietico	4987260
lillian	4987259
involucra	4987258
cocinas	4987257
aduana	4987256
eddy	4987255
trabajaron	4987254
orson	4987253
apuntes	4987252
emocionales	4987251
atadas	4987250
equivocaste	4987249
agresor	4987248
marketing	4987247
caerse	4987246
regresaras	4987245
cisne	4987244
slater	4987243
sintoma	4987242
barton	4987241
gestapo	4987240
telon	4987239
marrones	4987238
averiguare	4987237
youtube	4987236
poseer	4987235
boys	4987234
tasha	4987233
textos	4987232
elegancia	4987231
cuyas	4987230
defenderme	4987229
conejito	4987228
basicas	4987227
tokyo	4987226
distinguido	4987225
lavarme	4987224
quitamos	4987223
reconocerlo	4987222
repentina	4987221
domestica	4987220
capataz	4987219
winter	4987218
zorras	4987217
corey	4987216
porta	4987215
europeos	4987214
gustarme	4987213
skinner	4987212
arrepentido	4987211
jarron	4987210
estructuras	4987209
almohadas	4987208
matarian	4987207
paralizado	4987206
vegetal	4987205
fuesen	4987204
estatuas	4987203
esencialmente	4987202
gritan	4987201
deliciosos	4987200
ganaria	4987199
bailarinas	4987198
esquiar	4987197
advertirte	4987196
alumna	4987195
crowley	4987194
escalofriante	4987193
arrastro	4987192
precedentes	4987191
dad	4987190
personalidades	4987189
cierres	4987188
aterrorizado	4987187
maniaco	4987186
escriben	4987185
repartidor	4987184
hetero	4987183
momia	4987182
celebra	4987181
coreano	4987180
acuso	4987179
regional	4987178
correctos	4987177
football	4987176
septima	4987175
bajan	4987174
seguirlo	4987173
traducidos	4987172
pulgas	4987171
prohibicion	4987170
presumir	4987169
gino	4987168
abundancia	4987167
nacieron	4987166
dejamelo	4987165
rindete	4987164
pegas	4987163
tocara	4987162
hai	4987161
cucaracha	4987160
malley	4987159
fisicas	4987158
porro	4987157
tortilla	4987156
noveno	4987155
madonna	4987154
tennessee	4987153
mismisimo	4987152
locamente	4987151
fugitivos	4987150
trasplante	4987149
gladys	4987148
milimetros	4987147
recibiran	4987146
pulpo	4987145
anti	4987144
iron	4987143
francesas	4987142
planean	4987141
grueso	4987140
preguntarselo	4987139
fantasticos	4987138
respondas	4987137
picard	4987136
colleen	4987135
lamenta	4987134
auxiliar	4987133
vulnerables	4987132
mascar	4987131
bolsos	4987130
componentes	4987129
protegera	4987128
preguntame	4987127
exclusivo	4987126
panaderia	4987125
torturado	4987124
aprueba	4987123
imaginarte	4987122
infame	4987121
lastimes	4987120
espectaculos	4987119
vudu	4987118
burlas	4987117
equivocacion	4987116
arriesgarnos	4987115
tacano	4987114
filo	4987113
lloran	4987112
recaudacion	4987111
exactos	4987110
ministros	4987109
volvieras	4987108
demostrare	4987107
kristen	4987106
triunfar	4987105
detienen	4987104
amistades	4987103
ocuparte	4987102
vacante	4987101
senadora	4987100
detendre	4987099
rosemary	4987098
cantantes	4987097
mejore	4987096
tostada	4987095
uni	4987094
disculpes	4987093
violaciones	4987092
atropello	4987091
irracional	4987090
charco	4987089
entendiendo	4987088
metidos	4987087
lara	4987086
babylon	4987085
hechicero	4987084
advertirle	4987083
morty	4987082
traed	4987081
non	4987080
cuidarse	4987079
danada	4987078
sustancias	4987077
alejes	4987076
despiertos	4987075
vibraciones	4987074
palestina	4987073
hayden	4987072
michele	4987071
pike	4987070
enfrentarte	4987069
rapidas	4987068
reflejos	4987067
fiable	4987066
introducir	4987065
bombay	4987064
balde	4987063
viktor	4987062
aceptaron	4987061
sirvete	4987060
hubiesemos	4987059
rendido	4987058
leah	4987057
empeno	4987056
solucionado	4987055
tintoreria	4987054
cogemos	4987053
ocupadas	4987052
sucesos	4987051
sereis	4987050
desmond	4987049
maddy	4987048
ebria	4987047
corred	4987046
atacados	4987045
molestarle	4987044
cirujanos	4987043
baseball	4987042
per	4987041
severa	4987040
cimientos	4987039
estaca	4987038
existio	4987037
kerry	4987036
disfrutas	4987035
yankees	4987034
oceanos	4987033
fine	4987032
farsante	4987031
artistica	4987030
apartese	4987029
equipamiento	4987028
despejar	4987027
clint	4987026
despertaste	4987025
metales	4987024
hirviendo	4987023
cuelgue	4987022
bacon	4987021
engane	4987020
presentan	4987019
entregarme	4987018
niza	4987017
reduccion	4987016
trek	4987015
considerada	4987014
agarren	4987013
peleo	4987012
cortaste	4987011
albergue	4987010
matrimonial	4987009
hicisteis	4987008
golpeada	4987007
seais	4987006
aumentado	4987005
estufa	4987004
entusiasta	4987003
nazca	4987002
encendidas	4987001
lluvias	4987000
leroy	4986999
admitido	4986998
lynette	4986997
arjun	4986996
polar	4986995
valentine	4986994
abrirse	4986993
protegerse	4986992
alonso	4986991
necesitaran	4986990
marioneta	4986989
ocurria	4986988
contencion	4986987
quitense	4986986
inquilinos	4986985
clienta	4986984
fogata	4986983
aviacion	4986982
olfato	4986981
tropical	4986980
manejado	4986979
asignacion	4986978
asegurense	4986977
consigan	4986976
randolph	4986975
enfermero	4986974
magdalena	4986973
patinar	4986972
reunire	4986971
fleming	4986970
creada	4986969
potencialmente	4986968
obrero	4986967
cortarle	4986966
importado	4986965
hagase	4986964
creerle	4986963
acompanarte	4986962
chivo	4986961
echara	4986960
atuendo	4986959
prosperidad	4986958
comera	4986957
zombie	4986956
aprenden	4986955
comerciantes	4986954
town	4986953
implacable	4986952
jugaste	4986951
sobria	4986950
camerino	4986949
entendieron	4986948
describio	4986947
sabelotodo	4986946
obstruccion	4986945
laguna	4986944
xander	4986943
tartas	4986942
cualidad	4986941
guiar	4986940
gotica	4986939
patriota	4986938
ding	4986937
contara	4986936
levantando	4986935
fregadero	4986934
sedante	4986933
alcantarilla	4986932
cuidadosa	4986931
escuchadme	4986930
forastero	4986929
pecador	4986928
entrevistar	4986927
inmortalidad	4986926
quitale	4986925
aliviado	4986924
ampliar	4986923
uva	4986922
litro	4986921
quisimos	4986920
tejidos	4986919
prestada	4986918
comimos	4986917
lambert	4986916
conservador	4986915
paradas	4986914
intrusos	4986913
espectros	4986912
muslo	4986911
sacrificado	4986910
manning	4986909
ranger	4986908
submarinos	4986907
trimestre	4986906
rinde	4986905
grises	4986904
leas	4986903
respetan	4986902
congelados	4986901
futuras	4986900
klein	4986899
apareciste	4986898
apollo	4986897
menoyos	4986896
cocinado	4986895
emmett	4986894
pina	4986893
blaine	4986892
marjorie	4986891
eliot	4986890
planificacion	4986889
limpiarlo	4986888
enamorarme	4986887
sorbo	4986886
marsh	4986885
savannah	4986884
lennox	4986883
puntas	4986882
bailarines	4986881
soleado	4986880
grabadora	4986879
alvin	4986878
permanecen	4986877
besas	4986876
lopez	4986875
decidas	4986874
sacramento	4986873
estabilidad	4986872
apostando	4986871
averiguo	4986870
colaborar	4986869
abandones	4986868
bocina	4986867
venis	4986866
boyle	4986865
robadas	4986864
desastres	4986863
fallaste	4986862
cuidas	4986861
morirme	4986860
crichton	4986859
acuerdos	4986858
manifiesto	4986857
analista	4986856
pertenecer	4986855
hopkins	4986854
frustracion	4986853
lockhart	4986852
diploma	4986851
end	4986850
viviera	4986849
colectivo	4986848
barnaby	4986847
jarabe	4986846
aguda	4986845
animacion	4986844
sobornos	4986843
roxy	4986842
temperaturas	4986841
bird	4986840
obligaron	4986839
acertado	4986838
hunde	4986837
ofrecemos	4986836
prepararnos	4986835
constantes	4986834
atroz	4986833
emitir	4986832
terminaria	4986831
telefonicos	4986830
formando	4986829
vendieron	4986828
escupir	4986827
gong	4986826
primitivo	4986825
agarrado	4986824
universitarios	4986823
subieron	4986822
amarillas	4986821
basicos	4986820
concede	4986819
recordatorio	4986818
procede	4986817
sentara	4986816
inyecciones	4986815
rotacion	4986814
sa	4986813
lastime	4986812
rasgos	4986811
salvatore	4986810
estimulante	4986809
talentosa	4986808
dejaban	4986807
previa	4986806
sanchez	4986805
transaccion	4986804
sheppard	4986803
asquerosos	4986802
express	4986801
village	4986800
dodge	4986799
cartuchos	4986798
gloriosa	4986797
hobby	4986796
permanecera	4986795
mediocre	4986794
identidades	4986793
hundir	4986792
altavoz	4986791
camelot	4986790
bromees	4986789
broche	4986788
mentirme	4986787
golpeas	4986786
grunon	4986785
rubias	4986784
lavarte	4986783
belgica	4986782
sully	4986781
veni	4986780
angus	4986779
compleja	4986778
turismo	4986777
teri	4986776
victorias	4986775
dex	4986774
nsa	4986773
rampa	4986772
informal	4986771
suspiro	4986770
chun	4986769
algas	4986768
mosquitos	4986767
tte	4986766
toxico	4986765
freud	4986764
cogeremos	4986763
ajustes	4986762
raramente	4986761
liza	4986760
maryland	4986759
lisbon	4986758
remordimientos	4986757
cuidadosos	4986756
carroza	4986755
seducir	4986754
destrozo	4986753
margot	4986752
apolo	4986751
avise	4986750
realiza	4986749
riquezas	4986748
subconsciente	4986747
dudes	4986746
magicas	4986745
simulacion	4986744
brindo	4986743
ensayando	4986742
preparadas	4986741
fusil	4986740
impresiones	4986739
inmobiliario	4986738
revancha	4986737
dinastia	4986736
servilleta	4986735
gestos	4986734
acaben	4986733
solto	4986732
sangra	4986731
existiera	4986730
cylon	4986729
convencerla	4986728
trofeos	4986727
murcielagos	4986726
jennings	4986725
compruebe	4986724
der	4986723
national	4986722
contartelo	4986721
paralelo	4986720
animar	4986719
arrastra	4986718
acostumbrarme	4986717
levantense	4986716
multiple	4986715
inseguro	4986714
chapman	4986713
afecte	4986712
caidos	4986711
debilidades	4986710
perdonad	4986709
dejela	4986708
abortar	4986707
haberles	4986706
cansancio	4986705
horace	4986704
superheroe	4986703
regalado	4986702
castano	4986701
diganle	4986700
cambiemos	4986699
yates	4986698
imaginario	4986697
curriculum	4986696
periodismo	4986695
controlate	4986694
butters	4986693
marmol	4986692
enloquecer	4986691
panorama	4986690
cataratas	4986689
baratas	4986688
consistente	4986687
servidores	4986686
jinetes	4986685
consume	4986684
varsovia	4986683
arcilla	4986682
complices	4986681
cuidese	4986680
estallo	4986679
niegan	4986678
cangrejos	4986677
did	4986676
prestigio	4986675
indiferente	4986674
portador	4986673
adaptarse	4986672
cherry	4986671
recompensas	4986670
bloqueando	4986669
discutiremos	4986668
chips	4986667
marinos	4986666
terrenos	4986665
dejarse	4986664
elimina	4986663
dirigirse	4986662
tirarme	4986661
sky	4986660
make	4986659
improvisar	4986658
bailan	4986657
porquerias	4986656
encienda	4986655
swat	4986654
envenenamiento	4986653
apagon	4986652
saturno	4986651
aperitivos	4986650
larguense	4986649
pronunciar	4986648
meditacion	4986647
atacante	4986646
justifica	4986645
shore	4986644
lagos	4986643
citacion	4986642
establece	4986641
impredecible	4986640
traicionaste	4986639
com	4986638
visitarnos	4986637
parasitos	4986636
aprendimos	4986635
influencias	4986634
diaz	4986633
fallando	4986632
olvidaras	4986631
cercanas	4986630
aguafiestas	4986629
reuniendo	4986628
caldo	4986627
infinita	4986626
acogedor	4986625
resentimiento	4986624
rondando	4986623
jensen	4986622
supieron	4986621
reia	4986620
ramsey	4986619
costaria	4986618
hoover	4986617
tiger	4986616
manejas	4986615
sloane	4986614
sergio	4986613
indicio	4986612
izzy	4986611
jeong	4986610
vigile	4986609
enganan	4986608
trabajabas	4986607
obtengo	4986606
dubois	4986605
interminable	4986604
odiado	4986603
vertical	4986602
talbot	4986601
hodgins	4986600
deeks	4986599
norris	4986598
protestar	4986597
lunas	4986596
sufro	4986595
encantos	4986594
merezca	4986593
hijita	4986592
agarralo	4986591
garantizado	4986590
pozos	4986589
ticket	4986588
encarcelado	4986587
encaje	4986586
christie	4986585
pegaste	4986584
cruzamos	4986583
rocco	4986582
cubro	4986581
vs	4986580
clemencia	4986579
acercarnos	4986578
chiquilla	4986577
temple	4986576
mai	4986575
ancla	4986574
respondi	4986573
compraremos	4986572
tratados	4986571
dead	4986570
babor	4986569
coleman	4986568
johan	4986567
hippie	4986566
rangers	4986565
amsterdam	4986564
garantiza	4986563
costera	4986562
len	4986561
marshal	4986560
bad	4986559
zanja	4986558
ingrediente	4986557
arreglaste	4986556
adquirir	4986555
ejecutiva	4986554
ocasionalmente	4986553
spray	4986552
consideras	4986551
decepcionante	4986550
contrata	4986549
razas	4986548
wood	4986547
vengadores	4986546
rompas	4986545
gabi	4986544
amistosa	4986543
librado	4986542
enganchado	4986541
caine	4986540
averiguaste	4986539
popularidad	4986538
posesiones	4986537
luigi	4986536
geoff	4986535
transferir	4986534
cubos	4986533
incompetente	4986532
robas	4986531
sauna	4986530
caribe	4986529
librarme	4986528
dejeis	4986527
mu	4986526
syd	4986525
leela	4986524
recogerme	4986523
coqueteando	4986522
pedira	4986521
garden	4986520
inferiores	4986519
abbott	4986518
destripador	4986517
demencia	4986516
mera	4986515
cleopatra	4986514
doo	4986513
genitales	4986512
electricos	4986511
maura	4986510
reverencia	4986509
baronesa	4986508
elijah	4986507
molestos	4986506
scotland	4986505
informada	4986504
convence	4986503
manden	4986502
sucederia	4986501
observen	4986500
tibia	4986499
echaremos	4986498
inquilino	4986497
impresiona	4986496
eclipse	4986495
pretexto	4986494
picasso	4986493
devuelvan	4986492
davey	4986491
pipi	4986490
daos	4986489
introduccion	4986488
griffith	4986487
provocando	4986486
cerillas	4986485
spence	4986484
garantias	4986483
yegua	4986482
golpean	4986481
albondigas	4986480
neumonia	4986479
cleo	4986478
noreste	4986477
marcharnos	4986476
dolido	4986475
iniciado	4986474
mediados	4986473
contienen	4986472
tardo	4986471
razonar	4986470
recinto	4986469
ahmed	4986468
programada	4986467
magnetica	4986466
espiral	4986465
moralidad	4986464
desafiar	4986463
apreton	4986462
divertir	4986461
mesias	4986460
aventon	4986459
aterrizo	4986458
cojan	4986457
conocidas	4986456
refrescos	4986455
hilton	4986454
reconfortante	4986453
ginny	4986452
entiendan	4986451
pepper	4986450
perdicion	4986449
cargador	4986448
enteros	4986447
ansiosos	4986446
egipcios	4986445
compraria	4986444
miranos	4986443
gama	4986442
ping	4986441
estupendamente	4986440
propones	4986439
famosas	4986438
pillas	4986437
series	4986436
gandhi	4986435
cursos	4986434
heno	4986433
kirsten	4986432
empapado	4986431
qua	4986430
cecilia	4986429
grafico	4986428
cox	4986427
emilio	4986426
ca	4986425
psicologica	4986424
nadine	4986423
pacifica	4986422
shhh	4986421
transparente	4986420
concentrarse	4986419
inesperada	4986418
sobretodo	4986417
rodrigo	4986416
caldera	4986415
benton	4986414
kathleen	4986413
enormemente	4986412
competidores	4986411
temores	4986410
acompanas	4986409
convertirlo	4986408
hacker	4986407
acuesto	4986406
flanco	4986405
brittany	4986404
bruselas	4986403
democratas	4986402
encargar	4986401
complot	4986400
embarque	4986399
imposibles	4986398
cogela	4986397
faz	4986396
verdades	4986395
zane	4986394
tai	4986393
malinterpretes	4986392
comentar	4986391
violando	4986390
recuerdalo	4986389
colision	4986388
boone	4986387
salada	4986386
cafeina	4986385
intestino	4986384
mangas	4986383
inundacion	4986382
pulgada	4986381
vegetariano	4986380
alfredo	4986379
eligen	4986378
foreman	4986377
fowler	4986376
aula	4986375
humildad	4986374
cambiarse	4986373
aburridas	4986372
excesivo	4986371
redaccion	4986370
playboy	4986369
columnas	4986368
tenerle	4986367
automatica	4986366
weston	4986365
suplente	4986364
ardillas	4986363
mayonesa	4986362
mapache	4986361
sanar	4986360
delfin	4986359
prometieron	4986358
despejada	4986357
stein	4986356
explicartelo	4986355
vigilantes	4986354
avenue	4986353
cazas	4986352
agradecerles	4986351
devuelves	4986350
manipulacion	4986349
zeke	4986348
alemanas	4986347
transformo	4986346
xavier	4986345
ctu	4986344
mundiales	4986343
magnetico	4986342
diriges	4986341
perverso	4986340
echarlo	4986339
sordos	4986338
amarillos	4986337
especialistas	4986336
aguantando	4986335
caluroso	4986334
nova	4986333
donaciones	4986332
piramides	4986331
despensa	4986330
nobel	4986329
senuelo	4986328
pegada	4986327
maricones	4986326
hechizos	4986325
munecos	4986324
colas	4986323
desconectado	4986322
jeeves	4986321
funerales	4986320
tratemos	4986319
encendio	4986318
disgustada	4986317
costos	4986316
anfitriona	4986315
arrancado	4986314
culparme	4986313
plastica	4986312
melvin	4986311
shiva	4986310
llamarse	4986309
been	4986308
cantina	4986307
peleen	4986306
kendall	4986305
poseido	4986304
gustarte	4986303
insultar	4986302
terciopelo	4986301
socialista	4986300
prisiones	4986299
sufra	4986298
cairo	4986297
carver	4986296
mamas	4986295
tragado	4986294
invitamos	4986293
rover	4986292
moverlo	4986291
plenamente	4986290
vinagre	4986289
dixie	4986288
minnesota	4986287
continuaremos	4986286
moss	4986285
problematico	4986284
frena	4986283
secas	4986282
neville	4986281
huida	4986280
destinada	4986279
valdra	4986278
sujetate	4986277
democrata	4986276
center	4986275
muscular	4986274
ametralladora	4986273
marley	4986272
metemos	4986271
reproduccion	4986270
resultara	4986269
graciosos	4986268
bollos	4986267
prohibe	4986266
actuaba	4986265
comenzare	4986264
inquietante	4986263
deacon	4986262
medallon	4986261
alzheimer	4986260
haciendole	4986259
our	4986258
hirieron	4986257
chow	4986256
amarme	4986255
lucifer	4986254
temprana	4986253
enemigas	4986252
exhausto	4986251
doe	4986250
angulos	4986249
coordinacion	4986248
piojos	4986247
acompanara	4986246
enloqueciendo	4986245
esmeralda	4986244
preocupeis	4986243
destruya	4986242
llenando	4986241
bertie	4986240
embarazadas	4986239
probo	4986238
libero	4986237
subida	4986236
brillando	4986235
hillary	4986234
molestara	4986233
interrumpido	4986232
pidan	4986231
perdones	4986230
abdominales	4986229
vayais	4986228
convencerte	4986227
disenada	4986226
yanqui	4986225
tomelo	4986224
afectada	4986223
filosofo	4986222
enfrentamiento	4986221
cuelgues	4986220
lamparas	4986219
islam	4986218
invisibles	4986217
extorsion	4986216
invencion	4986215
presentamos	4986214
nomina	4986213
abusar	4986212
hetty	4986211
juerga	4986210
colombia	4986209
genera	4986208
guisantes	4986207
polacos	4986206
louisa	4986205
terminaras	4986204
callados	4986203
tocare	4986202
porcelana	4986201
trapos	4986200
vinci	4986199
aterrorizada	4986198
bulto	4986197
denuncio	4986196
rendicion	4986195
podais	4986194
salvarse	4986193
cash	4986192
lechuga	4986191
floja	4986190
escondernos	4986189
asesinaste	4986188
beatrice	4986187
incluida	4986186
obtenga	4986185
liberen	4986184
reservar	4986183
causan	4986182
entrenadora	4986181
consideraba	4986180
siberia	4986179
ganga	4986178
marchen	4986177
vladimir	4986176
tranquilicese	4986175
volamos	4986174
despierten	4986173
diviertas	4986172
analizando	4986171
oigas	4986170
champu	4986169
herrero	4986168
engreido	4986167
avancen	4986166
mentalidad	4986165
riendose	4986164
directos	4986163
aceptaste	4986162
tiramos	4986161
avergonzarte	4986160
bentley	4986159
preparamos	4986158
conseguia	4986157
barbero	4986156
regalar	4986155
violaron	4986154
amenazar	4986153
unirnos	4986152
preferia	4986151
titanic	4986150
llantas	4986149
gitano	4986148
dais	4986147
godzilla	4986146
principes	4986145
propuesto	4986144
ocurrieron	4986143
huyeron	4986142
pocilga	4986141
demostrarle	4986140
frecuencias	4986139
cuiden	4986138
ninito	4986137
mercados	4986136
aburre	4986135
averguenzo	4986134
comprensivo	4986133
hilda	4986132
decidira	4986131
apostado	4986130
distancias	4986129
asumi	4986128
acres	4986127
comediante	4986126
torcido	4986125
violeta	4986124
sicilia	4986123
indefenso	4986122
linaje	4986121
wisconsin	4986120
escogiste	4986119
sueltas	4986118
margaritas	4986117
cruda	4986116
bi	4986115
sucesor	4986114
astuta	4986113
verles	4986112
compren	4986111
rogar	4986110
fish	4986109
comunismo	4986108
concentrarte	4986107
oppa	4986106
patrimonio	4986105
reconoceria	4986104
mordisco	4986103
ernesto	4986102
vendere	4986101
pietro	4986100
ofende	4986099
munich	4986098
masters	4986097
cadete	4986096
encuesta	4986095
sonriente	4986094
sabios	4986093
bloquea	4986092
cojas	4986091
aceptes	4986090
simulacro	4986089
intima	4986088
gordito	4986087
mercenarios	4986086
enviame	4986085
round	4986084
desarrollando	4986083
transforma	4986082
meteorito	4986081
arrastrando	4986080
cuidarla	4986079
latino	4986078
soplo	4986077
luc	4986076
patines	4986075
cordura	4986074
detecto	4986073
comunion	4986072
ryder	4986071
enfrentado	4986070
impresionantes	4986069
gratuita	4986068
cansando	4986067
pronostico	4986066
pedirlo	4986065
negociando	4986064
informare	4986063
aceptalo	4986062
borra	4986061
suceso	4986060
ambiciones	4986059
ultra	4986058
supiese	4986057
poetas	4986056
moribundo	4986055
corruptos	4986054
soluciones	4986053
tristemente	4986052
pinguino	4986051
lil	4986050
arrestarme	4986049
recogerte	4986048
postales	4986047
animadora	4986046
lejana	4986045
yanquis	4986044
comenzaste	4986043
anders	4986042
sabotaje	4986041
obligues	4986040
comeria	4986039
best	4986038
intentaria	4986037
cumplida	4986036
locke	4986035
formo	4986034
contagioso	4986033
merodeando	4986032
luche	4986031
inmoral	4986030
atraen	4986029
tornillo	4986028
harlem	4986027
subas	4986026
cabalgar	4986025
frecuentemente	4986024
adivinado	4986023
animados	4986022
prado	4986021
serial	4986020
marx	4986019
dote	4986018
ny	4986017
hicks	4986016
bendecido	4986015
sarten	4986014
atrajo	4986013
traernos	4986012
investigamos	4986011
rechazada	4986010
apreciamos	4986009
conduccion	4986008
electricas	4986007
freeman	4986006
intriga	4986005
rufus	4986004
sufria	4986003
gestion	4986002
interesaria	4986001
babe	4986000
lagrima	4985999
confortable	4985998
recaudar	4985997
ocultarlo	4985996
detenida	4985995
olvidarse	4985994
acostando	4985993
aparente	4985992
prem	4985991
pescando	4985990
encargamos	4985989
cuidaba	4985988
externa	4985987
zen	4985986
cazadora	4985985
origenes	4985984
calculado	4985983
yvonne	4985982
accesorios	4985981
coleccionista	4985980
coste	4985979
lucille	4985978
extender	4985977
mandamos	4985976
costoso	4985975
plateado	4985974
terrence	4985973
subtitle	4985972
acercamiento	4985971
respondan	4985970
escuchare	4985969
cortamos	4985968
enfrentando	4985967
fang	4985966
costura	4985965
recital	4985964
enfado	4985963
marian	4985962
amarga	4985961
feto	4985960
empire	4985959
cain	4985958
lograra	4985957
captar	4985956
vivamos	4985955
zero	4985954
corremos	4985953
igor	4985952
bienvenidas	4985951
vocabulario	4985950
would	4985949
festin	4985948
logran	4985947
patinaje	4985946
buffalo	4985945
cuchilla	4985944
brevemente	4985943
explote	4985942
protegen	4985941
llevarselo	4985940
presentaron	4985939
llenado	4985938
suizo	4985937
hazmelo	4985936
lente	4985935
constance	4985934
descubran	4985933
erais	4985932
slim	4985931
moran	4985930
intestinos	4985929
buscandolo	4985928
virtudes	4985927
enoja	4985926
descarado	4985925
perdedora	4985924
hijito	4985923
reformatorio	4985922
esplendida	4985921
soja	4985920
acostumbrarse	4985919
llamaran	4985918
mienta	4985917
bass	4985916
pequenito	4985915
pagues	4985914
suspender	4985913
edison	4985912
imprimir	4985911
sarcasmo	4985910
arbusto	4985909
bombon	4985908
spanish	4985907
tranvia	4985906
antro	4985905
encuestas	4985904
especias	4985903
mamita	4985902
propositos	4985901
consul	4985900
chiquita	4985899
ensenale	4985898
salvarlos	4985897
restriccion	4985896
acertijo	4985895
ascender	4985894
suicidas	4985893
firmare	4985892
navideno	4985891
esteban	4985890
psiquiatria	4985889
princeton	4985888
pesima	4985887
artico	4985886
ignorando	4985885
esteril	4985884
colmo	4985883
buscaste	4985882
ancestral	4985881
serte	4985880
llevada	4985879
carroll	4985878
lector	4985877
anade	4985876
financiar	4985875
funda	4985874
serge	4985873
metia	4985872
teta	4985871
dormira	4985870
domina	4985869
romperse	4985868
tentador	4985867
tomadas	4985866
asfixia	4985865
ocultado	4985864
fio	4985863
pepe	4985862
depredador	4985861
digaselo	4985860
laptop	4985859
orgia	4985858
fascistas	4985857
bellos	4985856
lamentar	4985855
cuervos	4985854
sediento	4985853
bbc	4985852
cerdito	4985851
ada	4985850
dandome	4985849
cinico	4985848
dirija	4985847
cagando	4985846
estirar	4985845
presentando	4985844
traerlos	4985843
creatividad	4985842
sobresaliente	4985841
kiki	4985840
esposos	4985839
entregarle	4985838
olive	4985837
away	4985836
transmite	4985835
manchado	4985834
electoral	4985833
escritas	4985832
pinche	4985831
criticar	4985830
golpearte	4985829
castigados	4985828
rabo	4985827
proceda	4985826
peticiones	4985825
clic	4985824
implantes	4985823
pille	4985822
leen	4985821
admites	4985820
vd	4985819
testarudo	4985818
sudes	4985817
totalidad	4985816
gonzalo	4985815
interrumpo	4985814
them	4985813
presionado	4985812
relajante	4985811
cupones	4985810
mariquita	4985809
accionistas	4985808
leopardo	4985807
denegada	4985806
tranquilas	4985805
atiendo	4985804
estambul	4985803
chiquillo	4985802
prenda	4985801
sucedia	4985800
camison	4985799
volare	4985798
precipicio	4985797
atrapare	4985796
sweet	4985795
apagarlo	4985794
tendencias	4985793
plantacion	4985792
atravesado	4985791
mirale	4985790
escolares	4985789
transformado	4985788
civilizado	4985787
singapur	4985786
nicola	4985785
rae	4985784
exclusivamente	4985783
psiquica	4985782
apoyan	4985781
orar	4985780
afectando	4985779
alucinando	4985778
adivine	4985777
imitar	4985776
harlan	4985775
preparan	4985774
arrojado	4985773
disenar	4985772
retrasar	4985771
interiores	4985770
mencionarlo	4985769
librar	4985768
revuelta	4985767
sientete	4985766
peters	4985765
impactante	4985764
proyectar	4985763
acusan	4985762
versos	4985761
mafioso	4985760
zombies	4985759
internas	4985758
lulu	4985757
salvaron	4985756
uranio	4985755
brillan	4985754
ayudadme	4985753
mencion	4985752
tradicionales	4985751
two	4985750
vih	4985749
portavoz	4985748
llamabas	4985747
mccarthy	4985746
dell	4985745
cate	4985744
united	4985743
acorde	4985742
grabada	4985741
paralisis	4985740
animadoras	4985739
consideralo	4985738
claudio	4985737
imaginese	4985736
escapan	4985735
rosado	4985734
pienselo	4985733
desague	4985732
forzados	4985731
paseos	4985730
trataremos	4985729
barbaros	4985728
cava	4985727
delegacion	4985726
obsequio	4985725
pasad	4985724
depredadores	4985723
toxicos	4985722
vota	4985721
radios	4985720
quimicas	4985719
becker	4985718
refrescante	4985717
fitzgerald	4985716
marlene	4985715
bajala	4985714
reliquia	4985713
aleje	4985712
duck	4985711
jax	4985710
cortarte	4985709
gabrielle	4985708
condescendiente	4985707
directorio	4985706
pulmonar	4985705
vargas	4985704
cuidarlo	4985703
apuntas	4985702
copiar	4985701
callaos	4985700
contenia	4985699
striptease	4985698
versiones	4985697
entregarte	4985696
irian	4985695
subamos	4985694
too	4985693
bess	4985692
pegues	4985691
romero	4985690
dinamica	4985689
faldas	4985688
forzo	4985687
escondia	4985686
descubrimientos	4985685
decidme	4985684
page	4985683
derribado	4985682
mareada	4985681
digalo	4985680
pinguinos	4985679
atrapenlo	4985678
extranaba	4985677
desapareciera	4985676
automoviles	4985675
aldeanos	4985674
firmada	4985673
efectiva	4985672
mejoras	4985671
alimentan	4985670
retardado	4985669
comics	4985668
rhonda	4985667
gilmore	4985666
jaguar	4985665
escalon	4985664
blah	4985663
obligarme	4985662
gordas	4985661
ayudaros	4985660
bajemos	4985659
ocular	4985658
krishna	4985657
exquisito	4985656
descendientes	4985655
had	4985654
devuelvas	4985653
puras	4985652
aguarde	4985651
etapas	4985650
fargo	4985649
encantadores	4985648
leland	4985647
equivocamos	4985646
escribieron	4985645
knight	4985644
realizando	4985643
pararme	4985642
hollis	4985641
bromista	4985640
supon	4985639
ofrenda	4985638
tomografia	4985637
donuts	4985636
tratarme	4985635
conducen	4985634
skye	4985633
dimitri	4985632
margie	4985631
escribirlo	4985630
excitacion	4985629
llevabamos	4985628
arreglas	4985627
winnie	4985626
invernadero	4985625
hipo	4985624
pintas	4985623
emisora	4985622
explicarselo	4985621
presentara	4985620
comportarte	4985619
emerson	4985618
deshecho	4985617
aprendas	4985616
traviesa	4985615
barman	4985614
pequenin	4985613
dardos	4985612
meterle	4985611
anuario	4985610
troya	4985609
resolveremos	4985608
mountain	4985607
prestes	4985606
demandante	4985605
borrador	4985604
chavales	4985603
mentirte	4985602
academico	4985601
uf	4985600
ocupando	4985599
racial	4985598
ahorrando	4985597
merecer	4985596
prometerme	4985595
supones	4985594
succion	4985593
charlatan	4985592
semaforo	4985591
follando	4985590
cascada	4985589
brutalmente	4985588
vengarme	4985587
filetes	4985586
cheyenne	4985585
vuele	4985584
recuperamos	4985583
caminan	4985582
stiles	4985581
abriste	4985580
lorna	4985579
visitarla	4985578
prestando	4985577
formalidad	4985576
torrente	4985575
ketchup	4985574
metropolis	4985573
convertimos	4985572
claves	4985571
franqueza	4985570
riker	4985569
adornos	4985568
sacaba	4985567
mantengamos	4985566
suicidarme	4985565
kel	4985564
extravagante	4985563
expuestos	4985562
progresando	4985561
odiabas	4985560
hoyos	4985559
yakuza	4985558
vaciar	4985557
quejarme	4985556
retrasados	4985555
drones	4985554
marisa	4985553
aceptacion	4985552
hueca	4985551
buitres	4985550
redondo	4985549
organiza	4985548
contenedores	4985547
participantes	4985546
bajame	4985545
empujado	4985544
bowl	4985543
dispararte	4985542
luciano	4985541
conocera	4985540
colgada	4985539
dyson	4985538
frecuente	4985537
liberada	4985536
hawk	4985535
protegidos	4985534
caeran	4985533
cultivos	4985532
acercaba	4985531
penetrar	4985530
bethany	4985529
emmy	4985528
memorial	4985527
soltado	4985526
injusta	4985525
recordaras	4985524
tactico	4985523
atreven	4985522
clon	4985521
podreis	4985520
empeora	4985519
reuna	4985518
lleveme	4985517
existo	4985516
divide	4985515
hablarnos	4985514
roberta	4985513
vermont	4985512
accedio	4985511
caigan	4985510
trescientos	4985509
aparcado	4985508
contribuir	4985507
distribuidor	4985506
ip	4985505
allie	4985504
athena	4985503
dolia	4985502
tomatelo	4985501
casualmente	4985500
verso	4985499
invasores	4985498
debere	4985497
husmeando	4985496
carinosa	4985495
lasana	4985494
kyung	4985493
folletos	4985492
atados	4985491
pasalo	4985490
esquema	4985489
untranslated	4985488
estatura	4985487
ehh	4985486
dejarles	4985485
cuides	4985484
meyer	4985483
bisturi	4985482
arrancare	4985481
strauss	4985480
riendas	4985479
fabio	4985478
informatica	4985477
envenenada	4985476
asume	4985475
asesinadas	4985474
leerla	4985473
resistirse	4985472
duela	4985471
madurar	4985470
teclado	4985469
controlo	4985468
cuantica	4985467
viajamos	4985466
cece	4985465
galan	4985464
organico	4985463
limosna	4985462
octava	4985461
pasarse	4985460
actualizacion	4985459
parrafo	4985458
inspectora	4985457
instituciones	4985456
civilizaciones	4985455
trayecto	4985454
armarios	4985453
panama	4985452
cumplidos	4985451
st	4985450
dickie	4985449
enteramos	4985448
yogur	4985447
eleva	4985446
retos	4985445
eliminados	4985444
encerraron	4985443
vente	4985442
faltas	4985441
realistas	4985440
recogida	4985439
comprenderlo	4985438
jugare	4985437
mesera	4985436
dejarian	4985435
arnie	4985434
give	4985433
caracoles	4985432
grove	4985431
sonya	4985430
divorciada	4985429
perdonadme	4985428
preparese	4985427
estiercol	4985426
sabores	4985425
starbuck	4985424
asteroide	4985423
girls	4985422
molde	4985421
cliche	4985420
were	4985419
guardalo	4985418
factores	4985417
power	4985416
buceo	4985415
moya	4985414
animos	4985413
graba	4985412
comprenden	4985411
werner	4985410
quedatelo	4985409
hazel	4985408
reinado	4985407
vaga	4985406
pose	4985405
herirte	4985404
pegando	4985403
mostraba	4985402
rice	4985401
apto	4985400
etico	4985399
escuchemos	4985398
wendell	4985397
some	4985396
ahogar	4985395
confirmarlo	4985394
buscate	4985393
laden	4985392
vomitando	4985391
biopsia	4985390
hobbs	4985389
panecillos	4985388
religiosas	4985387
reservacion	4985386
mandarme	4985385
reg	4985384
comestibles	4985383
insultado	4985382
allah	4985381
bajito	4985380
aparcar	4985379
centimo	4985378
pontelo	4985377
lizzy	4985376
separada	4985375
competente	4985374
resplandor	4985373
barreras	4985372
arabia	4985371
cortarme	4985370
territorios	4985369
bangkok	4985368
kris	4985367
lapices	4985366
clubs	4985365
nacida	4985364
run	4985363
martinez	4985362
varones	4985361
presentaciones	4985360
pooja	4985359
paranoica	4985358
medieval	4985357
tardaremos	4985356
espinas	4985355
abandonados	4985354
remotamente	4985353
adecuadas	4985352
preliminares	4985351
poseo	4985350
joanne	4985349
conviccion	4985348
mc	4985347
divisiones	4985346
olvidese	4985345
relacionadas	4985344
vejez	4985343
disfrutarlo	4985342
uhh	4985341
fertilidad	4985340
delegado	4985339
pi	4985338
apareciendo	4985337
adolf	4985336
kms	4985335
ke	4985334
shea	4985333
examinado	4985332
detuvimos	4985331
compitiendo	4985330
reunirte	4985329
emociona	4985328
permitirlo	4985327
frenar	4985326
sensei	4985325
iniciando	4985324
hongo	4985323
tortitas	4985322
proporcionar	4985321
tiradores	4985320
wilfred	4985319
acompaname	4985318
estareis	4985317
raul	4985316
cocino	4985315
petra	4985314
preguntarles	4985313
lisiado	4985312
carril	4985311
brutalidad	4985310
jurados	4985309
tarro	4985308
valgo	4985307
plazca	4985306
males	4985305
adulterio	4985304
obediencia	4985303
montreal	4985302
quicio	4985301
acabaran	4985300
trincheras	4985299
escupe	4985298
estuvieses	4985297
querre	4985296
pacey	4985295
owens	4985294
olimpiadas	4985293
descubro	4985292
jarvis	4985291
decker	4985290
higiene	4985289
hipnosis	4985288
mareo	4985287
tang	4985286
sincronizado	4985285
snow	4985284
aprobo	4985283
brothers	4985282
remo	4985281
tremendamente	4985280
politicamente	4985279
devoto	4985278
cajones	4985277
missouri	4985276
sagrados	4985275
burlarse	4985274
enamora	4985273
contramaestre	4985272
decisivo	4985271
estandares	4985270
london	4985269
panuelos	4985268
calificado	4985267
principiante	4985266
prender	4985265
reclutas	4985264
patente	4985263
verias	4985262
winchester	4985261
palmas	4985260
pulgares	4985259
explicame	4985258
contrataste	4985257
haciendote	4985256
remover	4985255
larguese	4985254
duracion	4985253
portugal	4985252
sobrevivieron	4985251
conozcamos	4985250
candado	4985249
chiflada	4985248
besito	4985247
lanzador	4985246
camellos	4985245
aburro	4985244
colonos	4985243
visitarlo	4985242
jengibre	4985241
amateur	4985240
acuario	4985239
anatomia	4985238
auggie	4985237
enfrentan	4985236
pongalo	4985235
hostiles	4985234
matadero	4985233
decentes	4985232
peru	4985231
definir	4985230
superviviente	4985229
colt	4985228
ahorra	4985227
recogerla	4985226
pervertidos	4985225
pesame	4985224
arden	4985223
ordinaria	4985222
entendeis	4985221
recordarme	4985220
libere	4985219
anhelo	4985218
creciste	4985217
quererte	4985216
honrada	4985215
descendiente	4985214
cocineros	4985213
arruinarlo	4985212
eden	4985211
demuestran	4985210
osa	4985209
crecimos	4985208
culparte	4985207
excepciones	4985206
finalizar	4985205
derramar	4985204
giras	4985203
afectara	4985202
cansa	4985201
hedor	4985200
vejiga	4985199
ami	4985198
contaria	4985197
solitarios	4985196
picar	4985195
raciones	4985194
bordes	4985193
gentes	4985192
golpearlo	4985191
publicacion	4985190
llene	4985189
tardaste	4985188
siervo	4985187
libertades	4985186
satisfechos	4985185
sable	4985184
regulares	4985183
congregacion	4985182
lastimando	4985181
obligatorio	4985180
º	4985179
usuario	4985178
jethro	4985177
golosinas	4985176
comprarla	4985175
anuncia	4985174
conversando	4985173
consumir	4985172
records	4985171
irina	4985170
astrid	4985169
perdonarte	4985168
recados	4985167
teatral	4985166
solares	4985165
mildred	4985164
cocodrilos	4985163
drogadictos	4985162
envias	4985161
reilly	4985160
organica	4985159
conseguirla	4985158
seguirte	4985157
golpeaba	4985156
calmarse	4985155
tumbado	4985154
ruleta	4985153
nan	4985152
lograras	4985151
dot	4985150
bajaron	4985149
invitarla	4985148
prohibo	4985147
colmillos	4985146
norton	4985145
team	4985144
tirare	4985143
abstinencia	4985142
caeria	4985141
juzgados	4985140
decreto	4985139
imperdonable	4985138
imprenta	4985137
entrenadores	4985136
lastimada	4985135
anotado	4985134
mostraron	4985133
protestas	4985132
noticiero	4985131
escribimos	4985130
delicadeza	4985129
karin	4985128
penitencia	4985127
dorados	4985126
cuenten	4985125
intelectuales	4985124
ombligo	4985123
comprenda	4985122
reclutamiento	4985121
secretamente	4985120
escribirle	4985119
mezquino	4985118
prometemelo	4985117
cito	4985116
elisabeth	4985115
credenciales	4985114
buho	4985113
representando	4985112
gritado	4985111
naciera	4985110
odiamos	4985109
llamarias	4985108
stern	4985107
demuestre	4985106
malditamente	4985105
salarios	4985104
aliens	4985103
escorpion	4985102
repleto	4985101
descubierta	4985100
servia	4985099
buffet	4985098
apartar	4985097
fosforo	4985096
grissom	4985095
bachillerato	4985094
librarte	4985093
patea	4985092
pitt	4985091
capturados	4985090
coyote	4985089
sentemonos	4985088
cocteles	4985087
acerquese	4985086
afilado	4985085
irlandesa	4985084
carece	4985083
adversario	4985082
desechos	4985081
bryant	4985080
horatio	4985079
relaja	4985078
aparecia	4985077
hoo	4985076
lastimaste	4985075
veniamos	4985074
pongamonos	4985073
tuvok	4985072
destacamento	4985071
despertara	4985070
fiscales	4985069
presentas	4985068
tesla	4985067
mackenzie	4985066
acercar	4985065
arrugas	4985064
concentrarnos	4985063
macarrones	4985062
desventaja	4985061
llevados	4985060
partimos	4985059
disfrutalo	4985058
suicidado	4985057
contraria	4985056
mania	4985055
afirmacion	4985054
germenes	4985053
chili	4985052
ouch	4985051
zurdo	4985050
corporaciones	4985049
entregando	4985048
unira	4985047
entusiasmada	4985046
recomendo	4985045
dedicar	4985044
desapareciste	4985043
bloqueada	4985042
tiron	4985041
taladro	4985040
mustang	4985039
tirano	4985038
bu	4985037
heights	4985036
huerto	4985035
hablais	4985034
posponer	4985033
traidora	4985032
perturbado	4985031
epocas	4985030
autenticos	4985029
gabby	4985028
hannibal	4985027
almacenamiento	4985026
ahorro	4985025
soberano	4985024
mao	4985023
vencio	4985022
campeona	4985021
sonrio	4985020
nacidos	4985019
envuelta	4985018
ki	4985017
hazla	4985016
bombarderos	4985015
fundido	4985014
ejemplos	4985013
novak	4985012
escarabajo	4985011
tiralo	4985010
race	4985009
flote	4985008
protegerlos	4985007
call	4985006
quebro	4985005
soplar	4985004
bendice	4985003
enfrento	4985002
afeitado	4985001
anal	4985000
identico	4984999
grunidos	4984998
restantes	4984997
escasez	4984996
everett	4984995
diviertes	4984994
ilumina	4984993
apreciaria	4984992
abatido	4984991
fumado	4984990
aspirante	4984989
margo	4984988
semanal	4984987
marruecos	4984986
beneficencia	4984985
colmena	4984984
mezquita	4984983
considerarlo	4984982
gatitos	4984981
viviria	4984980
torso	4984979
manicura	4984978
kimberly	4984977
saddam	4984976
detienes	4984975
informados	4984974
pegan	4984973
separan	4984972
indicaciones	4984971
presas	4984970
perdia	4984969
avisarme	4984968
hansen	4984967
microscopio	4984966
restricciones	4984965
zelanda	4984964
drag	4984963
comienzos	4984962
zhang	4984961
auxilios	4984960
janie	4984959
teniais	4984958
retirense	4984957
muralla	4984956
abandonando	4984955
viruela	4984954
actue	4984953
horrores	4984952
extendido	4984951
berry	4984950
delicia	4984949
milenio	4984948
indicar	4984947
enfadados	4984946
estatales	4984945
infelices	4984944
independientemente	4984943
transmitiendo	4984942
vencidos	4984941
could	4984940
identificarlo	4984939
externo	4984938
suspenso	4984937
denegado	4984936
hut	4984935
queme	4984934
cometen	4984933
clifford	4984932
moleculas	4984931
transplante	4984930
fundadores	4984929
obtendra	4984928
talon	4984927
enfada	4984926
irving	4984925
mercy	4984924
reclamo	4984923
sahib	4984922
cobran	4984921
destreza	4984920
going	4984919
peluquero	4984918
irregular	4984917
eua	4984916
prime	4984915
reirte	4984914
empujen	4984913
chiquito	4984912
vestia	4984911
presenciar	4984910
bebere	4984909
quejo	4984908
pararse	4984907
caminado	4984906
bong	4984905
darius	4984904
jodio	4984903
enfermas	4984902
satisfactorio	4984901
copiloto	4984900
darsela	4984899
retenido	4984898
plegaria	4984897
entregara	4984896
quemadura	4984895
salem	4984894
robbins	4984893
beau	4984892
feng	4984891
arandanos	4984890
trataban	4984889
centrado	4984888
reporto	4984887
presione	4984886
fallos	4984885
shanghai	4984884
tetera	4984883
calentando	4984882
franca	4984881
nieves	4984880
consideramos	4984879
advertir	4984878
desactivar	4984877
irrumpir	4984876
pennsylvania	4984875
loretta	4984874
sabana	4984873
kathryn	4984872
latina	4984871
conduje	4984870
racismo	4984869
eliza	4984868
interprete	4984867
exactas	4984866
ko	4984865
mucama	4984864
causada	4984863
seguirle	4984862
devolvera	4984861
francotiradores	4984860
iniciacion	4984859
cookie	4984858
casarias	4984857
comunicar	4984856
sofisticada	4984855
alza	4984854
interrumpiendo	4984853
pepinillos	4984852
decorado	4984851
foro	4984850
peine	4984849
charleston	4984848
limpiare	4984847
interrogarlo	4984846
detenerle	4984845
amazonas	4984844
fez	4984843
kappa	4984842
duramente	4984841
merci	4984840
dunn	4984839
madurez	4984838
terrestres	4984837
perez	4984836
vertedero	4984835
shepard	4984834
lentos	4984833
barrido	4984832
abrazarte	4984831
celo	4984830
retaguardia	4984829
ganes	4984828
grietas	4984827
mars	4984826
bufon	4984825
retrasada	4984824
alexandra	4984823
heroico	4984822
ajusta	4984821
edwin	4984820
summers	4984819
cogerme	4984818
ballard	4984817
reconocen	4984816
capullos	4984815
uhm	4984814
judd	4984813
inventaron	4984812
escaparme	4984811
baldwin	4984810
queman	4984809
fracasar	4984808
mosquito	4984807
filmes	4984806
atrasados	4984805
granuja	4984804
reality	4984803
curacion	4984802
finalistas	4984801
detenlo	4984800
pearson	4984799
powers	4984798
lean	4984797
amara	4984796
presidentes	4984795
vegetariana	4984794
caigas	4984793
susurrando	4984792
estudiaba	4984791
conducire	4984790
daryl	4984789
cuidaremos	4984788
heavy	4984787
sensor	4984786
grial	4984785
desierta	4984784
beban	4984783
infectados	4984782
thea	4984781
seguidme	4984780
festejar	4984779
ceremonias	4984778
observe	4984777
escribas	4984776
limpiador	4984775
viviendas	4984774
persistente	4984773
langostas	4984772
cantare	4984771
ensueno	4984770
descomposicion	4984769
aprendera	4984768
anticipo	4984767
cubreme	4984766
compatible	4984765
parara	4984764
genuino	4984763
theodore	4984762
molestarse	4984761
encuentrame	4984760
apuntan	4984759
minnie	4984758
usarlas	4984757
rembrandt	4984756
alcoholica	4984755
idiotez	4984754
expuesta	4984753
maleducado	4984752
servida	4984751
diarias	4984750
procura	4984749
aguilas	4984748
bajara	4984747
permitia	4984746
jacobs	4984745
suspiros	4984744
rito	4984743
cacahuetes	4984742
reinos	4984741
rolling	4984740
servimos	4984739
disparamos	4984738
pegaba	4984737
gillian	4984736
incision	4984735
lapida	4984734
bajalo	4984733
defuncion	4984732
defendido	4984731
condenar	4984730
crecieron	4984729
marlowe	4984728
utilice	4984727
torpedo	4984726
modificar	4984725
portugues	4984724
chisme	4984723
last	4984722
ziggy	4984721
aceptando	4984720
magnitud	4984719
dre	4984718
transportes	4984717
rocio	4984716
banqueros	4984715
preocupante	4984714
egoistas	4984713
joderme	4984712
traigame	4984711
gi	4984710
gaseosa	4984709
alejo	4984708
bank	4984707
trabajara	4984706
buscara	4984705
felicia	4984704
enteran	4984703
ovni	4984702
hormiga	4984701
sire	4984700
honda	4984699
rhodes	4984698
vidente	4984697
confundir	4984696
energias	4984695
cantado	4984694
melon	4984693
solicitudes	4984692
enfermar	4984691
bambu	4984690
capitalismo	4984689
pinchazo	4984688
ponian	4984687
ahhh	4984686
prometimos	4984685
herpes	4984684
aigoo	4984683
fa	4984682
asno	4984681
venenosa	4984680
opone	4984679
homo	4984678
remate	4984677
intermediario	4984676
fuisteis	4984675
indemnizacion	4984674
interrogando	4984673
navegando	4984672
divorciados	4984671
adriana	4984670
mero	4984669
bebiste	4984668
disculpate	4984667
compres	4984666
lujoso	4984665
egipcio	4984664
veriamos	4984663
serle	4984662
mouse	4984661
suzy	4984660
rosen	4984659
cruzan	4984658
rand	4984657
comino	4984656
nata	4984655
interrogacion	4984654
tao	4984653
marchamos	4984652
involucrarme	4984651
janine	4984650
vestimenta	4984649
quimioterapia	4984648
columbo	4984647
proxeneta	4984646
obtienen	4984645
urgentemente	4984644
geneticamente	4984643
norteamericana	4984642
marcada	4984641
controlador	4984640
entretener	4984639
ahorcado	4984638
boulevard	4984637
parsons	4984636
miligramos	4984635
matematico	4984634
mussolini	4984633
miraban	4984632
apenado	4984631
aquiles	4984630
tardan	4984629
calavera	4984628
jueguen	4984627
deportiva	4984626
mutua	4984625
encajan	4984624
huyes	4984623
collier	4984622
holograma	4984621
sanidad	4984620
saunders	4984619
miremos	4984618
suspendida	4984617
bronca	4984616
preguntarse	4984615
encuentralo	4984614
agarraron	4984613
manto	4984612
halagado	4984611
justine	4984610
cachondo	4984609
diplomatica	4984608
decima	4984607
rivers	4984606
mulas	4984605
consultor	4984604
guardamos	4984603
death	4984602
tomame	4984601
respondere	4984600
escenarios	4984599
botiquin	4984598
ojeada	4984597
establecio	4984596
plantada	4984595
geografia	4984594
actrices	4984593
comprara	4984592
basados	4984591
andie	4984590
much	4984589
destruire	4984588
protectora	4984587
moho	4984586
winters	4984585
huerfana	4984584
preciado	4984583
gale	4984582
guido	4984581
deberemos	4984580
cianuro	4984579
sonrian	4984578
mazo	4984577
avaricia	4984576
donas	4984575
brighton	4984574
lavo	4984573
ametralladoras	4984572
gruesa	4984571
metimos	4984570
describirlo	4984569
usemos	4984568
carguen	4984567
faltado	4984566
hilary	4984565
urbana	4984564
opinan	4984563
mostraste	4984562
muchachito	4984561
ceniza	4984560
enganaron	4984559
occidentales	4984558
cuidense	4984557
mitologia	4984556
marchan	4984555
avisos	4984554
pronuncia	4984553
pilla	4984552
foso	4984551
estrategias	4984550
closet	4984549
galletitas	4984548
profetas	4984547
wei	4984546
solteras	4984545
profesionalmente	4984544
dinah	4984543
horroroso	4984542
venado	4984541
guardarlo	4984540
vello	4984539
descubrira	4984538
linus	4984537
land	4984536
inspiro	4984535
decidan	4984534
atrapalo	4984533
caiman	4984532
gustes	4984531
darlo	4984530
retroceda	4984529
masticar	4984528
abusos	4984527
mitzvah	4984526
sequia	4984525
anunciado	4984524
grimm	4984523
jugadas	4984522
excavacion	4984521
gitana	4984520
mataba	4984519
tirania	4984518
pradera	4984517
thorne	4984516
sorprenderte	4984515
imaginen	4984514
llorado	4984513
lavate	4984512
chiflados	4984511
elevar	4984510
ducky	4984509
lyon	4984508
charlando	4984507
reacciono	4984506
enterro	4984505
separarse	4984504
sardinas	4984503
ajay	4984502
jeremiah	4984501
harmon	4984500
asaltar	4984499
lucien	4984498
sandalias	4984497
arriesga	4984496
aclara	4984495
guillermo	4984494
casadas	4984493
computador	4984492
pegajoso	4984491
cumplen	4984490
bette	4984489
destornillador	4984488
amorcito	4984487
abi	4984486
apunte	4984485
escandaloso	4984484
gigi	4984483
autorizada	4984482
galones	4984481
poseen	4984480
timo	4984479
entendere	4984478
suzie	4984477
hogan	4984476
lamer	4984475
consejeros	4984474
cordones	4984473
danes	4984472
quitara	4984471
servirte	4984470
slade	4984469
entrepierna	4984468
religiones	4984467
complejos	4984466
nupcial	4984465
desempleo	4984464
hello	4984463
sustituir	4984462
deborah	4984461
fijas	4984460
devlin	4984459
bombilla	4984458
delirando	4984457
sacudir	4984456
colectiva	4984455
tardaran	4984454
puramente	4984453
descortes	4984452
insulina	4984451
valido	4984450
formalmente	4984449
hubert	4984448
mentia	4984447
tiembla	4984446
ridge	4984445
saquenme	4984444
provisional	4984443
enorgullece	4984442
escondiste	4984441
whitey	4984440
apasionada	4984439
calmarme	4984438
volaron	4984437
tirarte	4984436
murdock	4984435
inventa	4984434
ignorantes	4984433
cascara	4984432
nellie	4984431
convulsiones	4984430
entregarlo	4984429
howie	4984428
abdominal	4984427
hop	4984426
angelito	4984425
reside	4984424
senala	4984423
recibia	4984422
radiografias	4984421
cogerla	4984420
hibrido	4984419
saturacion	4984418
braun	4984417
tree	4984416
ascendido	4984415
combatientes	4984414
lucharon	4984413
mejico	4984412
fosforos	4984411
crujiente	4984410
luzco	4984409
insomnio	4984408
mugre	4984407
separense	4984406
discretamente	4984405
planee	4984404
replica	4984403
colgante	4984402
creados	4984401
vence	4984400
discutas	4984399
emil	4984398
respondiste	4984397
comunicarnos	4984396
raquel	4984395
informaron	4984394
itinerario	4984393
implante	4984392
gaius	4984391
rural	4984390
honey	4984389
holland	4984388
lobulo	4984387
psicotico	4984386
raylan	4984385
llenan	4984384
actuaciones	4984383
olerlo	4984382
cenado	4984381
romanticas	4984380
adhesiva	4984379
oxidado	4984378
dejadlo	4984377
numerosos	4984376
limitaciones	4984375
matala	4984374
supersticion	4984373
estudias	4984372
cantamos	4984371
sentenciado	4984370
predecible	4984369
liverpool	4984368
informando	4984367
chat	4984366
borgia	4984365
cacahuete	4984364
conteo	4984363
rosquillas	4984362
secciones	4984361
alimentarse	4984360
ofreces	4984359
senorito	4984358
cometieron	4984357
disgusto	4984356
gustav	4984355
traducir	4984354
whitman	4984353
tamara	4984352
llevanos	4984351
postres	4984350
anulacion	4984349
davies	4984348
jeringa	4984347
pequenita	4984346
relaciona	4984345
hala	4984344
destrozando	4984343
tocaron	4984342
discipulos	4984341
rendirme	4984340
olvidaremos	4984339
singular	4984338
mencionas	4984337
blindado	4984336
ataduras	4984335
walden	4984334
opuestos	4984333
expresa	4984332
fay	4984331
tori	4984330
duendes	4984329
vanguardia	4984328
carita	4984327
muestranos	4984326
forrest	4984325
durado	4984324
siobhan	4984323
votado	4984322
poblado	4984321
boba	4984320
latir	4984319
anima	4984318
organismos	4984317
aclarado	4984316
filipinas	4984315
desempeno	4984314
analgesicos	4984313
pensilvania	4984312
desarrolla	4984311
jalea	4984310
enterara	4984309
guru	4984308
africanos	4984307
memo	4984306
israeli	4984305
ocupan	4984304
extranamos	4984303
comerlo	4984302
jaulas	4984301
abed	4984300
adecuados	4984299
enfermizo	4984298
setas	4984297
radicales	4984296
gilipolleces	4984295
financiacion	4984294
kensi	4984293
harte	4984292
esconderlo	4984291
liderar	4984290
only	4984289
tejas	4984288
inmobiliaria	4984287
tuberculosis	4984286
bancarias	4984285
decidirlo	4984284
alcoholicos	4984283
identificaciones	4984282
musa	4984281
carguero	4984280
hablale	4984279
evangelio	4984278
diabolico	4984277
indefensa	4984276
diverti	4984275
identicos	4984274
arzobispo	4984273
soltadme	4984272
repeticion	4984271
caldwell	4984270
teoricos	4984269
registra	4984268
tormento	4984267
probaste	4984266
emails	4984265
despidan	4984264
ruiz	4984263
bollo	4984262
urna	4984261
valida	4984260
echame	4984259
haberselo	4984258
echaran	4984257
organizada	4984256
hectareas	4984255
codos	4984254
lynch	4984253
dones	4984252
berkeley	4984251
necio	4984250
capitanes	4984249
nebraska	4984248
aprovechando	4984247
estribos	4984246
liberados	4984245
inspirador	4984244
western	4984243
annette	4984242
manejaba	4984241
comprometer	4984240
sombrio	4984239
combates	4984238
intentelo	4984237
norm	4984236
despertarse	4984235
tratarse	4984234
controlarme	4984233
proporciona	4984232
enloquecido	4984231
yen	4984230
misteriosas	4984229
devuelvemelo	4984228
laurent	4984227
hamburgo	4984226
infectada	4984225
giuseppe	4984224
rugby	4984223
calmada	4984222
autores	4984221
bajad	4984220
radiografia	4984219
simio	4984218
impresiono	4984217
nashville	4984216
regresaran	4984215
casemos	4984214
heredera	4984213
misericordioso	4984212
coloque	4984211
expulsion	4984210
ordenaron	4984209
ases	4984208
tostado	4984207
habitualmente	4984206
alfie	4984205
conductos	4984204
erotico	4984203
solomon	4984202
compatriotas	4984201
calcetin	4984200
retiren	4984199
valdria	4984198
femeninas	4984197
estresada	4984196
anadido	4984195
cubra	4984194
medusa	4984193
discreta	4984192
racion	4984191
aros	4984190
cantera	4984189
acordarme	4984188
aislada	4984187
precedente	4984186
lucrecia	4984185
habana	4984184
vengarte	4984183
preguntara	4984182
entregamos	4984181
despedi	4984180
silvia	4984179
dharma	4984178
vuelen	4984177
extraordinarias	4984176
abandonen	4984175
chances	4984174
anya	4984173
extranado	4984172
fabricacion	4984171
islandia	4984170
programar	4984169
pasarela	4984168
gigantesco	4984167
quejando	4984166
admirar	4984165
meterla	4984164
waters	4984163
guarden	4984162
chanel	4984161
modesta	4984160
conway	4984159
asegurada	4984158
imaginarse	4984157
emite	4984156
fuere	4984155
convertiras	4984154
crosby	4984153
comprate	4984152
bunker	4984151
drenaje	4984150
juras	4984149
despidete	4984148
minerales	4984147
unes	4984146
suponga	4984145
destruyen	4984144
pantera	4984143
arruinara	4984142
conlleva	4984141
comenzaba	4984140
cortadas	4984139
vikram	4984138
ensenanzas	4984137
taj	4984136
flotante	4984135
arreglarme	4984134
dobbs	4984133
atendiendo	4984132
candidata	4984131
parking	4984130
compara	4984129
formen	4984128
iluminado	4984127
completas	4984126
establos	4984125
especulacion	4984124
jabali	4984123
accedido	4984122
encargada	4984121
evie	4984120
cuerdo	4984119
determinada	4984118
ovnis	4984117
dominado	4984116
veranos	4984115
diciendote	4984114
swing	4984113
rodriguez	4984112
desapareciendo	4984111
hervir	4984110
golpeare	4984109
penales	4984108
cronica	4984107
prescott	4984106
enloquece	4984105
gemidos	4984104
ofrecerles	4984103
incluyen	4984102
roth	4984101
crecera	4984100
involucrar	4984099
dino	4984098
auriculares	4984097
despertando	4984096
masajista	4984095
haskell	4984094
montada	4984093
deportivos	4984092
disparame	4984091
odioso	4984090
alegrate	4984089
siria	4984088
cafetera	4984087
echate	4984086
bubba	4984085
divierten	4984084
sacude	4984083
yoko	4984082
aprendo	4984081
garra	4984080
seguis	4984079
comadreja	4984078
convenciste	4984077
aislados	4984076
convocado	4984075
webber	4984074
pascal	4984073
webb	4984072
bananas	4984071
trabajemos	4984070
venderle	4984069
kayla	4984068
bro	4984067
gorilas	4984066
maneje	4984065
oregon	4984064
donantes	4984063
fontanero	4984062
bellezas	4984061
recluta	4984060
monto	4984059
reunieron	4984058
garrison	4984057
pegarte	4984056
persiguio	4984055
ramos	4984054
aliviada	4984053
regiones	4984052
valiosos	4984051
complacido	4984050
litera	4984049
clausula	4984048
llevatela	4984047
vivientes	4984046
morning	4984045
aubrey	4984044
leucemia	4984043
designado	4984042
desviar	4984041
jovencitas	4984040
pertenecio	4984039
mmmm	4984038
numerosas	4984037
enviaria	4984036
batir	4984035
memorable	4984034
durmiente	4984033
shaun	4984032
fatiga	4984031
inmortales	4984030
molecular	4984029
inventor	4984028
stig	4984027
chu	4984026
pararte	4984025
vendida	4984024
hungria	4984023
borrachera	4984022
balanza	4984021
marple	4984020
miniatura	4984019
mujeriego	4984018
atomo	4984017
granger	4984016
lamentas	4984015
parcialmente	4984014
asaltos	4984013
daly	4984012
despertador	4984011
alquilo	4984010
bautizo	4984009
intentemoslo	4984008
warwick	4984007
hmmm	4984006
apareciera	4984005
delato	4984004
saludables	4984003
rindes	4984002
patrocinador	4984001
azafata	4984000
cabezota	4983999
perseguia	4983998
jerez	4983997
tirala	4983996
ayudarias	4983995
newport	4983994
contaras	4983993
eficiencia	4983992
capturaron	4983991
wolfe	4983990
averiguemos	4983989
rigido	4983988
dijese	4983987
deliciosas	4983986
persianas	4983985
saga	4983984
truenos	4983983
fastidiado	4983982
bateador	4983981
tripp	4983980
biografia	4983979
ne	4983978
clientela	4983977
concursantes	4983976
ambiental	4983975
banquillo	4983974
enterrarlo	4983973
sacaria	4983972
trip	4983971
camuflaje	4983970
instancia	4983969
presenten	4983968
ambulante	4983967
controle	4983966
arreglalo	4983965
chequear	4983964
salomon	4983963
enfrentas	4983962
refuerzo	4983961
esplendor	4983960
epa	4983959
arenas	4983958
cuidad	4983957
capacidades	4983956
interponga	4983955
compraba	4983954
orillas	4983953
marnie	4983952
pasabamos	4983951
mudaron	4983950
cristianismo	4983949
censura	4983948
arrepientes	4983947
razonamiento	4983946
llevale	4983945
subditos	4983944
asiatica	4983943
particulares	4983942
despliegue	4983941
odiarme	4983940
copenhague	4983939
desertor	4983938
deshonra	4983937
presentador	4983936
bombones	4983935
creyentes	4983934
buckley	4983933
cogerte	4983932
distracciones	4983931
despedidos	4983930
hs	4983929
myers	4983928
venderia	4983927
coquetear	4983926
testimonios	4983925
alimenticia	4983924
agradan	4983923
enteramente	4983922
sadico	4983921
torturar	4983920
cogimos	4983919
della	4983918
fiera	4983917
recordamos	4983916
existian	4983915
aneurisma	4983914
renovar	4983913
cabaret	4983912
concluir	4983911
compruebalo	4983910
elliott	4983909
graduo	4983908
solicitando	4983907
andrei	4983906
mantenme	4983905
cerda	4983904
comandos	4983903
wars	4983902
horriblemente	4983901
trinidad	4983900
contundente	4983899
vijay	4983898
dunham	4983897
buscarnos	4983896
dormiras	4983895
aspirar	4983894
terremotos	4983893
observaciones	4983892
soul	4983891
mayday	4983890
incapaces	4983889
domestico	4983888
lux	4983887
lexi	4983886
positivos	4983885
dance	4983884
cactus	4983883
lisboa	4983882
acusarme	4983881
gambas	4983880
ignoro	4983879
plomero	4983878
salado	4983877
picos	4983876
fraccion	4983875
tapas	4983874
retirarte	4983873
embrujada	4983872
cubrire	4983871
josef	4983870
muestreme	4983869
lenin	4983868
hippies	4983867
rusas	4983866
juntamos	4983865
escapatoria	4983864
raven	4983863
apruebo	4983862
dash	4983861
servire	4983860
manipulado	4983859
prendas	4983858
tonos	4983857
aterrizado	4983856
trivial	4983855
modernas	4983854
intoxicacion	4983853
hostilidad	4983852
machete	4983851
sindicatos	4983850
obtuvimos	4983849
utilizamos	4983848
trasladar	4983847
inclina	4983846
aproveche	4983845
recuperare	4983844
sagradas	4983843
hoyt	4983842
hodges	4983841
cenicero	4983840
actuamos	4983839
educar	4983838
diminuto	4983837
liado	4983836
picada	4983835
deshizo	4983834
bernadette	4983833
descender	4983832
bacteria	4983831
solidaridad	4983830
resuelva	4983829
nativo	4983828
pupilas	4983827
usadas	4983826
recrear	4983825
gel	4983824
garibaldi	4983823
escondo	4983822
bigotes	4983821
quimio	4983820
monique	4983819
ciudadana	4983818
dictador	4983817
revisarlo	4983816
distincion	4983815
fije	4983814
llevese	4983813
sudeste	4983812
audiencias	4983811
capitolio	4983810
acercado	4983809
jubilado	4983808
osea	4983807
confidente	4983806
apoyando	4983805
buchanan	4983804
cecil	4983803
prematuro	4983802
canoa	4983801
fantasticas	4983800
jugabamos	4983799
houdini	4983798
componente	4983797
atraida	4983796
astilla	4983795
razonables	4983794
acostaba	4983793
fischer	4983792
aura	4983791
malaria	4983790
domo	4983789
comunidades	4983788
fastidiar	4983787
buscaron	4983786
exagerar	4983785
trixie	4983784
quitatelo	4983783
diviertan	4983782
disculpad	4983781
sobreviva	4983780
centimos	4983779
cuidan	4983778
acostumbra	4983777
mostrarnos	4983776
demo	4983775
andes	4983774
preparaos	4983773
idaho	4983772
tendio	4983771
israelies	4983770
entidad	4983769
lloron	4983768
kip	4983767
mediterraneo	4983766
practicado	4983765
alimentado	4983764
comprobare	4983763
supero	4983762
viable	4983761
rector	4983760
logo	4983759
instantanea	4983758
odies	4983757
heart	4983756
ofrecerme	4983755
locion	4983754
preferimos	4983753
cuarteles	4983752
lem	4983751
rogando	4983750
constructor	4983749
editora	4983748
apendice	4983747
regresaria	4983746
aspirinas	4983745
colon	4983744
calzado	4983743
barrow	4983742
gunnar	4983741
levantan	4983740
retiene	4983739
histeria	4983738
escrupulos	4983737
reimos	4983736
palestinos	4983735
arreglarse	4983734
optimismo	4983733
callarse	4983732
estables	4983731
malta	4983730
jerga	4983729
garth	4983728
rendirte	4983727
llueva	4983726
marcia	4983725
consideraria	4983724
cochran	4983723
hepatitis	4983722
guitarrista	4983721
disculpar	4983720
convictos	4983719
niki	4983718
auschwitz	4983717
novena	4983716
galactica	4983715
riete	4983714
ata	4983713
vagones	4983712
platillo	4983711
apuntado	4983710
cromwell	4983709
preparas	4983708
vivias	4983707
desciende	4983706
sobreviven	4983705
dominique	4983704
alucinacion	4983703
besarla	4983702
proteina	4983701
platino	4983700
preferencia	4983699
moro	4983698
budapest	4983697
divya	4983696
volara	4983695
catering	4983694
royce	4983693
sencillas	4983692
dudley	4983691
represalias	4983690
marks	4983689
ensenaba	4983688
menton	4983687
bazo	4983686
sacate	4983685
condenas	4983684
pepino	4983683
detenganlo	4983682
darrin	4983681
rayna	4983680
liberales	4983679
traductor	4983678
empaca	4983677
argo	4983676
trabajaras	4983675
obligan	4983674
viudas	4983673
cerrojo	4983672
russo	4983671
atraparme	4983670
explotara	4983669
nam	4983668
temporales	4983667
kaylie	4983666
dibujando	4983665
aterradora	4983664
quebrar	4983663
contracciones	4983662
mirenme	4983661
borroso	4983660
menique	4983659
mejorara	4983658
chuletas	4983657
adorar	4983656
destello	4983655
descaro	4983654
oliendo	4983653
cerrare	4983652
defensores	4983651
relajada	4983650
varita	4983649
interpreta	4983648
arrodillate	4983647
liquidos	4983646
traeran	4983645
fotografos	4983644
marfil	4983643
palco	4983642
pediremos	4983641
descrito	4983640
duo	4983639
janey	4983638
encontradas	4983637
provienen	4983636
apelar	4983635
detendremos	4983634
congo	4983633
viajaba	4983632
africana	4983631
desconocidas	4983630
cardiaca	4983629
averiguamos	4983628
discriminacion	4983627
salvados	4983626
servilletas	4983625
rohan	4983624
ocuparnos	4983623
great	4983622
cancelada	4983621
yuki	4983620
dark	4983619
head	4983618
incapacidad	4983617
natalia	4983616
pedacitos	4983615
first	4983614
ewing	4983613
romperia	4983612
fugaz	4983611
furgon	4983610
nodriza	4983609
lao	4983608
walters	4983607
vigilen	4983606
smallville	4983605
arrastre	4983604
largarnos	4983603
inspeccionar	4983602
court	4983601
tocador	4983600
aceitunas	4983599
moriste	4983598
capo	4983597
hydra	4983596
horacio	4983595
tratarlo	4983594
josephine	4983593
contusiones	4983592
semejantes	4983591
casanova	4983590
agricultores	4983589
pantanos	4983588
utilizada	4983587
francesco	4983586
llamarnos	4983585
explicara	4983584
dijeran	4983583
filtracion	4983582
aduanas	4983581
compartimento	4983580
permitan	4983579
levantamos	4983578
sucursal	4983577
then	4983576
pedirselo	4983575
canallas	4983574
johann	4983573
surgir	4983572
coronacion	4983571
sylvester	4983570
excentrico	4983569
sonara	4983568
pertenecemos	4983567
gianni	4983566
buques	4983565
traccion	4983564
admira	4983563
quedaros	4983562
solito	4983561
propuestas	4983560
enfade	4983559
reportado	4983558
pasiones	4983557
buenisima	4983556
atenta	4983555
horn	4983554
cumplire	4983553
unicornio	4983552
guarnicion	4983551
costaba	4983550
matemos	4983549
full	4983548
cure	4983547
jodidas	4983546
expandir	4983545
dax	4983544
disfrutes	4983543
heredado	4983542
katya	4983541
concuerdan	4983540
sugeri	4983539
despedirnos	4983538
amir	4983537
esperaste	4983536
lili	4983535
pacific	4983534
impulsivo	4983533
hui	4983532
voladores	4983531
juraria	4983530
lassie	4983529
lactea	4983528
canadienses	4983527
prodigio	4983526
boss	4983525
levi	4983524
devolvi	4983523
antorchas	4983522
torbellino	4983521
pawnee	4983520
procesado	4983519
comeras	4983518
blood	4983517
anomalias	4983516
very	4983515
fanatica	4983514
respondera	4983513
planto	4983512
veinticuatro	4983511
resultaron	4983510
contusion	4983509
parezcan	4983508
resolvera	4983507
sellar	4983506
vagar	4983505
anjali	4983504
saliamos	4983503
imitador	4983502
salirte	4983501
consiguiera	4983500
mortimer	4983499
sermones	4983498
exactitud	4983497
sex	4983496
premeditado	4983495
ahoga	4983494
michaels	4983493
tex	4983492
guiso	4983491
diesel	4983490
desperdiciando	4983489
amargado	4983488
lanzaron	4983487
colocada	4983486
retorcida	4983485
prueban	4983484
pastelito	4983483
bing	4983482
aeryn	4983481
convencidos	4983480
descuido	4983479
atorado	4983478
echaria	4983477
alegras	4983476
diva	4983475
golpeame	4983474
camareros	4983473
marcando	4983472
jardineria	4983471
tapar	4983470
dentadura	4983469
productora	4983468
imponer	4983467
sonja	4983466
supuesta	4983465
terri	4983464
escapamos	4983463
seriedad	4983462
noe	4983461
detengo	4983460
camionero	4983459
cubren	4983458
ghost	4983457
frigorifico	4983456
abriremos	4983455
mitos	4983454
melody	4983453
mirabas	4983452
draper	4983451
centauri	4983450
contemplar	4983449
deciamos	4983448
brewster	4983447
guinea	4983446
citar	4983445
relevo	4983444
produciendo	4983443
inclinacion	4983442
reclama	4983441
tomarle	4983440
aterrado	4983439
live	4983438
duffy	4983437
job	4983436
abad	4983435
poneos	4983434
unimos	4983433
rastreado	4983432
cremallera	4983431
mcnally	4983430
afectados	4983429
cresta	4983428
vigilan	4983427
explotado	4983426
culpando	4983425
empujes	4983424
parametros	4983423
aislar	4983422
lavarse	4983421
ansias	4983420
suenes	4983419
inmaduro	4983418
centrales	4983417
cirugias	4983416
espinal	4983415
feel	4983414
arrestamos	4983413
monitores	4983412
landry	4983411
sodio	4983410
resultan	4983409
vulcano	4983408
destinos	4983407
planet	4983406
declan	4983405
gradualmente	4983404
debut	4983403
regresaba	4983402
amenazada	4983401
muchisima	4983400
exhausta	4983399
huiste	4983398
nelly	4983397
estilos	4983396
constancia	4983395
preparaba	4983394
pendejos	4983393
burles	4983392
perderan	4983391
titere	4983390
ignorado	4983389
garfio	4983388
caemos	4983387
mein	4983386
argelia	4983385
aerolinea	4983384
notara	4983383
marionetas	4983382
sublime	4983381
alimentando	4983380
propulsion	4983379
corinne	4983378
etc	4983377
pateando	4983376
trepar	4983375
subid	4983374
cambiaremos	4983373
viviran	4983372
salvas	4983371
pagada	4983370
reunira	4983369
asgard	4983368
rindio	4983367
proveedores	4983366
excitada	4983365
patsy	4983364
foyle	4983363
apoyarte	4983362
recomienda	4983361
indiferencia	4983360
tratada	4983359
encargas	4983358
congelando	4983357
nombra	4983356
eureka	4983355
preguntaria	4983354
apartaos	4983353
capellan	4983352
watts	4983351
andres	4983350
valija	4983349
paleta	4983348
rastrearlo	4983347
monstruoso	4983346
enfrentarlo	4983345
amorio	4983344
afectan	4983343
equipado	4983342
juzgues	4983341
edades	4983340
vlad	4983339
wyoming	4983338
intentabas	4983337
intrigante	4983336
duane	4983335
antemano	4983334
callejera	4983333
main	4983332
reemplazado	4983331
dependiente	4983330
inversa	4983329
explotacion	4983328
desconectar	4983327
degenerado	4983326
hinchado	4983325
subirse	4983324
unieron	4983323
sweets	4983322
desmaye	4983321
expiatorio	4983320
enviarla	4983319
sutura	4983318
empresarios	4983317
vitamina	4983316
exotico	4983315
generadores	4983314
bear	4983313
guiones	4983312
considerados	4983311
callahan	4983310
retratos	4983309
oira	4983308
actues	4983307
gun	4983306
cobardia	4983305
levantalo	4983304
invitan	4983303
tortas	4983302
steph	4983301
ambrose	4983300
mutacion	4983299
vibracion	4983298
permitirte	4983297
uci	4983296
firmaste	4983295
zachary	4983294
derrick	4983293
satisface	4983292
acelerado	4983291
amiguita	4983290
fenix	4983289
adquisicion	4983288
atractivos	4983287
contaminado	4983286
jacqueline	4983285
abandonas	4983284
extremidades	4983283
mercer	4983282
yogurt	4983281
ephram	4983280
enamorando	4983279
gustabas	4983278
reproductor	4983277
encantadoras	4983276
aras	4983275
enganos	4983274
toxinas	4983273
citado	4983272
arrepentir	4983271
fae	4983270
museos	4983269
callo	4983268
economicos	4983267
comprendera	4983266
abraza	4983265
sorprenda	4983264
hung	4983263
mensual	4983262
indecente	4983261
preciosidad	4983260
pegados	4983259
resucitar	4983258
bisabuelo	4983257
ies	4983256
swan	4983255
yeon	4983254
relajense	4983253
ducharme	4983252
selfridge	4983251
disparate	4983250
adolescencia	4983249
puertos	4983248
abbey	4983247
nombro	4983246
rin	4983245
retomar	4983244
easy	4983243
apoye	4983242
wellington	4983241
detuviste	4983240
anarquia	4983239
preguntabamos	4983238
fragancia	4983237
ju	4983236
jt	4983235
contacta	4983234
toto	4983233
sensata	4983232
meteria	4983231
suicidios	4983230
cubrio	4983229
resbalo	4983228
capone	4983227
mudas	4983226
harding	4983225
punalada	4983224
elevada	4983223
negarse	4983222
chung	4983221
falte	4983220
lre	4983219
animada	4983218
ball	4983217
caracteristica	4983216
hebreo	4983215
giorgio	4983214
arriesgare	4983213
asegurarle	4983212
cerezas	4983211
turbo	4983210
decorar	4983209
homosexualidad	4983208
carmela	4983207
desordenado	4983206
robaba	4983205
estatica	4983204
angelina	4983203
lenceria	4983202
cuidador	4983201
confirman	4983200
australiano	4983199
hampshire	4983198
xix	4983197
apreciado	4983196
wilkes	4983195
escalada	4983194
aprovecho	4983193
llegaban	4983192
pegaron	4983191
extranjeras	4983190
modestia	4983189
venenoso	4983188
regalito	4983187
mendigos	4983186
porton	4983185
oliva	4983184
cruzaron	4983183
manson	4983182
visten	4983181
arreglada	4983180
lsd	4983179
fidel	4983178
pera	4983177
ka	4983176
elenco	4983175
opongo	4983174
enzo	4983173
disfrutan	4983172
densidad	4983171
karev	4983170
importarle	4983169
drogadicta	4983168
impidio	4983167
faye	4983166
chorradas	4983165
terminaba	4983164
clavar	4983163
solemne	4983162
creere	4983161
probarla	4983160
enterraron	4983159
inmersion	4983158
proveer	4983157
fields	4983156
haceros	4983155
sinfonia	4983154
tuck	4983153
evasion	4983152
reviso	4983151
informatico	4983150
forbes	4983149
tirarse	4983148
pantallas	4983147
lennon	4983146
ridiculos	4983145
delirio	4983144
distraida	4983143
enciendan	4983142
mecha	4983141
chaplin	4983140
magnum	4983139
iceberg	4983138
complica	4983137
separo	4983136
reparado	4983135
invitare	4983134
cositas	4983133
propietaria	4983132
recojan	4983131
huyen	4983130
desempleado	4983129
billon	4983128
componer	4983127
viendote	4983126
vendera	4983125
dimision	4983124
superestrella	4983123
leigh	4983122
salven	4983121
mandamientos	4983120
bat	4983119
vigilada	4983118
bobadas	4983117
camping	4983116
wild	4983115
intravenosa	4983114
cambiate	4983113
disminuye	4983112
traumatismo	4983111
promover	4983110
buscandola	4983109
sobornar	4983108
jaffa	4983107
adquirido	4983106
borro	4983105
mirandote	4983104
impedirlo	4983103
daleks	4983102
fumaba	4983101
apagada	4983100
gangster	4983099
jimi	4983098
reactores	4983097
reconozca	4983096
platanos	4983095
ruda	4983094
descubres	4983093
explorando	4983092
tin	4983091
irritable	4983090
mercancias	4983089
bach	4983088
gritarme	4983087
abandonare	4983086
supervisar	4983085
estrictas	4983084
nilo	4983083
vacunas	4983082
denunciado	4983081
subestimes	4983080
psiquiatrica	4983079
pedofilo	4983078
lilith	4983077
cumplira	4983076
anotacion	4983075
guerrera	4983074
algoritmo	4983073
vader	4983072
silva	4983071
seleccionado	4983070
admiradora	4983069
retirate	4983068
destruirla	4983067
lomo	4983066
apoyarme	4983065
ascensores	4983064
petey	4983063
criando	4983062
field	4983061
encontrariamos	4983060
living	4983059
domino	4983058
hallaste	4983057
senadores	4983056
meteoritos	4983055
willard	4983054
olvidarnos	4983053
ulcera	4983052
observo	4983051
bautismo	4983050
fugado	4983049
play	4983048
grandullon	4983047
preparandose	4983046
distraer	4983045
vigor	4983044
larsen	4983043
evolucionado	4983042
cumplimiento	4983041
cosechas	4983040
abandonan	4983039
contacte	4983038
enganarte	4983037
burrito	4983036
comportan	4983035
poole	4983034
tanaka	4983033
enteraron	4983032
difunta	4983031
utilizarlo	4983030
interseccion	4983029
buscame	4983028
turtle	4983027
construyen	4983026
cortarlo	4983025
cartwright	4983024
bowie	4983023
speed	4983022
escaparte	4983021
ronny	4983020
banarse	4983019
averguenzas	4983018
astucia	4983017
obtendras	4983016
perdonenme	4983015
paneles	4983014
furiosos	4983013
telas	4983012
hamptons	4983011
buckingham	4983010
conviertas	4983009
millonarios	4983008
conjetura	4983007
charly	4983006
bengala	4983005
proporcion	4983004
esposado	4983003
pensaremos	4983002
deslumbrante	4983001
hae	4983000
decepciones	4982999
beka	4982998
cnn	4982997
barker	4982996
impreso	4982995
nenas	4982994
excavar	4982993
sociedades	4982992
barclay	4982991
ancha	4982990
cowboy	4982989
muestres	4982988
barrer	4982987
activada	4982986
comeran	4982985
canten	4982984
sobres	4982983
contribuyentes	4982982
sobrevivimos	4982981
renovacion	4982980
venderme	4982979
benji	4982978
filmado	4982977
cruzadas	4982976
editores	4982975
water	4982974
supere	4982973
multimillonario	4982972
dadle	4982971
pisadas	4982970
castiga	4982969
retirese	4982968
entrometerme	4982967
correccional	4982966
ocupamos	4982965
perrera	4982964
coulson	4982963
confiese	4982962
adaptacion	4982961
cosmo	4982960
reuni	4982959
paremos	4982958
deportista	4982957
avisarte	4982956
explicando	4982955
espirituales	4982954
dejenla	4982953
corporativo	4982952
preocupate	4982951
sensaciones	4982950
enterramos	4982949
andamos	4982948
disgusta	4982947
elvira	4982946
licenciado	4982945
vencedor	4982944
pelvis	4982943
subirme	4982942
supieramos	4982941
defendio	4982940
interrumpa	4982939
juntan	4982938
casinos	4982937
asteroides	4982936
agradecerme	4982935
colesterol	4982934
projimo	4982933
pas	4982932
huck	4982931
belga	4982930
encadenado	4982929
interpretado	4982928
raines	4982927
malgastar	4982926
something	4982925
mercenario	4982924
aguantarlo	4982923
vidrios	4982922
sonador	4982921
nitrogeno	4982920
llevarias	4982919
regale	4982918
ganemos	4982917
punetazos	4982916
sexys	4982915
trataria	4982914
ipod	4982913
augusto	4982912
idioteces	4982911
levantaste	4982910
codicioso	4982909
conceptos	4982908
porristas	4982907
trucha	4982906
alquila	4982905
puntaje	4982904
clasificada	4982903
violentas	4982902
vinculos	4982901
cazado	4982900
ceo	4982899
gueto	4982898
incognito	4982897
tornillos	4982896
divertiste	4982895
gustando	4982894
nocturnas	4982893
abdul	4982892
ahorita	4982891
instantaneamente	4982890
reido	4982889
atractivas	4982888
impresora	4982887
calamar	4982886
alfabeto	4982885
mecanicos	4982884
magnate	4982883
posar	4982882
colegios	4982881
competitivo	4982880
esperarme	4982879
parta	4982878
pija	4982877
august	4982876
penn	4982875
perforacion	4982874
agarramos	4982873
fascinado	4982872
hearst	4982871
oleg	4982870
creaste	4982869
saluden	4982868
gastamos	4982867
descartado	4982866
azufre	4982865
minoria	4982864
fire	4982863
negue	4982862
procurador	4982861
janeway	4982860
candice	4982859
sobrevivi	4982858
maxine	4982857
shield	4982856
magdalenas	4982855
hopper	4982854
axel	4982853
orange	4982852
suroeste	4982851
incremento	4982850
olvidenlo	4982849
salvada	4982848
pajar	4982847
detendran	4982846
darla	4982845
finlandia	4982844
acostada	4982843
aproximacion	4982842
peregrinos	4982841
historietas	4982840
lucharemos	4982839
insegura	4982838
descubriremos	4982837
ogro	4982836
convierto	4982835
sorprendentes	4982834
cometemos	4982833
corbatas	4982832
seal	4982831
foley	4982830
robarte	4982829
didn	4982828
sykes	4982827
clinico	4982826
alejando	4982825
elias	4982824
dirk	4982823
pario	4982822
incluidos	4982821
venezuela	4982820
manifestantes	4982819
shay	4982818
afirman	4982817
bonjour	4982816
nerds	4982815
provocacion	4982814
cutler	4982813
heladera	4982812
usalo	4982811
resentimientos	4982810
myra	4982809
balazo	4982808
luchare	4982807
guapisima	4982806
davidson	4982805
curada	4982804
aprendan	4982803
tofu	4982802
osaka	4982801
basandome	4982800
fallan	4982799
jeque	4982798
need	4982797
indique	4982796
psicopatas	4982795
concejo	4982794
sanatorio	4982793
lobby	4982792
henrik	4982791
cheng	4982790
confirmada	4982789
auditorio	4982788
interaccion	4982787
tirados	4982786
fotografiar	4982785
ocupas	4982784
novata	4982783
pastelitos	4982782
acompaneme	4982781
continental	4982780
dormias	4982779
casta	4982778
hallazgo	4982777
tonya	4982776
sabueso	4982775
revisaste	4982774
aeropuertos	4982773
rodante	4982772
aldo	4982771
dejarlas	4982770
llamenme	4982769
pretendiendo	4982768
clasificacion	4982767
localizador	4982766
prescindir	4982765
mesero	4982764
prestame	4982763
sweeney	4982762
cooperativa	4982761
civilizada	4982760
oraculo	4982759
espectador	4982758
guias	4982757
calificacion	4982756
denuncias	4982755
bullock	4982754
bailaba	4982753
desviado	4982752
guantera	4982751
precisos	4982750
panadero	4982749
recordarles	4982748
bee	4982747
celosos	4982746
campamentos	4982745
cutter	4982744
importarme	4982743
bambi	4982742
cachorrito	4982741
genocidio	4982740
acostamos	4982739
superioridad	4982738
ehm	4982737
chinas	4982736
ga	4982735
tropece	4982734
caracol	4982733
aterrada	4982732
darnell	4982731
decepcionarte	4982730
adorno	4982729
llamabamos	4982728
benefica	4982727
viral	4982726
cumplas	4982725
linternas	4982724
crater	4982723
inclino	4982722
agarrando	4982721
odo	4982720
acudio	4982719
nikolai	4982718
vasto	4982717
mostramos	4982716
amarlo	4982715
suavidad	4982714
romanticos	4982713
pintada	4982712
templos	4982711
dorian	4982710
combina	4982709
lama	4982708
remera	4982707
dougie	4982706
sufrieron	4982705
analizado	4982704
cenaremos	4982703
benito	4982702
bahamas	4982701
llamandome	4982700
vocales	4982699
sifilis	4982698
administrar	4982697
androide	4982696
indefensos	4982695
olores	4982694
calcio	4982693
lavon	4982692
kaos	4982691
invitando	4982690
empatia	4982689
deseame	4982688
simular	4982687
nbc	4982686
perturbador	4982685
nebulosa	4982684
reja	4982683
ponerlas	4982682
carey	4982681
estela	4982680
liebre	4982679
favorable	4982678
titan	4982677
acepten	4982676
reconsiderar	4982675
curo	4982674
meritos	4982673
capitulos	4982672
estadia	4982671
parks	4982670
exageres	4982669
buscalo	4982668
examinando	4982667
buitre	4982666
penelope	4982665
errante	4982664
parare	4982663
serenidad	4982662
lanzadera	4982661
dejennos	4982660
acechando	4982659
subira	4982658
denos	4982657
primitiva	4982656
secadora	4982655
arrestan	4982654
castillos	4982653
alfiler	4982652
ceramica	4982651
pillaron	4982650
agarraste	4982649
cretinos	4982648
yong	4982647
sometido	4982646
indispensable	4982645
servi	4982644
casilla	4982643
metanfetamina	4982642
temible	4982641
perjurio	4982640
opresion	4982639
atacaremos	4982638
verbal	4982637
aprovecharse	4982636
coalicion	4982635
abadia	4982634
palace	4982633
foca	4982632
resolvio	4982631
prendio	4982630
osborne	4982629
conmovido	4982628
nudillos	4982627
huecos	4982626
muriel	4982625
preguntaselo	4982624
secuestros	4982623
asiaticos	4982622
almejas	4982621
budista	4982620
erika	4982619
atraparan	4982618
abundante	4982617
diariamente	4982616
mckinley	4982615
elisa	4982614
flotar	4982613
farmaceutico	4982612
fraser	4982611
humildes	4982610
arreglen	4982609
estupendos	4982608
enfrentarnos	4982607
volantes	4982606
puma	4982605
enveneno	4982604
tenerlas	4982603
objeciones	4982602
cambiarla	4982601
restringida	4982600
nasal	4982599
wilbur	4982598
reforzar	4982597
despide	4982596
grimes	4982595
maniqui	4982594
spider	4982593
egoismo	4982592
repetidamente	4982591
descarada	4982590
repitiendo	4982589
intolerable	4982588
detenidamente	4982587
arruinas	4982586
hussein	4982585
aqu	4982584
freya	4982583
face	4982582
sujetalo	4982581
agradecerselo	4982580
rockefeller	4982579
patriotas	4982578
pasteleria	4982577
bristol	4982576
convencerlos	4982575
restauracion	4982574
buscabamos	4982573
requisitos	4982572
caminen	4982571
habitat	4982570
intermedio	4982569
penoso	4982568
inolvidable	4982567
llamad	4982566
sucesion	4982565
beep	4982564
goldman	4982563
sufrira	4982562
divorciarse	4982561
pubertad	4982560
patrocinadores	4982559
cordelia	4982558
pezon	4982557
manejan	4982556
mister	4982555
aldeas	4982554
sustento	4982553
inn	4982552
hendrix	4982551
mantenla	4982550
alcanzan	4982549
altera	4982548
marlon	4982547
tocame	4982546
pagados	4982545
silvestre	4982544
suertudo	4982543
revolucionaria	4982542
really	4982541
procesos	4982540
simios	4982539
salvare	4982538
conjunta	4982537
asombro	4982536
jodiste	4982535
decepcionar	4982534
storm	4982533
charlene	4982532
roscoe	4982531
dusty	4982530
recordaria	4982529
magnificos	4982528
gradue	4982527
levantara	4982526
bandos	4982525
ringo	4982524
referente	4982523
obtenemos	4982522
strange	4982521
textura	4982520
disculpadme	4982519
dictadura	4982518
transmisiones	4982517
ligado	4982516
ryo	4982515
concentrada	4982514
poppy	4982513
rabioso	4982512
habiais	4982511
temblor	4982510
existes	4982509
comportado	4982508
romperle	4982507
asumio	4982506
oxido	4982505
port	4982504
cambiaran	4982503
deshonesto	4982502
involucrarse	4982501
compas	4982500
please	4982499
latiendo	4982498
krista	4982497
crockett	4982496
envenenar	4982495
vole	4982494
hit	4982493
significativa	4982492
subxpacio	4982491
recibirme	4982490
encubrir	4982489
brusco	4982488
transacciones	4982487
injustamente	4982486
pulseras	4982485
apretada	4982484
centenar	4982483
seung	4982482
louisiana	4982481
agarrarlo	4982480
garfield	4982479
newark	4982478
apache	4982477
capitalista	4982476
demolicion	4982475
emitido	4982474
merrick	4982473
salt	4982472
asaltado	4982471
pergamino	4982470
fango	4982469
atrasada	4982468
portas	4982467
vogel	4982466
derby	4982465
sorprendi	4982464
hades	4982463
contratiempo	4982462
permiti	4982461
inmigrante	4982460
involuntario	4982459
ofreciste	4982458
dudado	4982457
jameson	4982456
malcom	4982455
barlow	4982454
pararon	4982453
congelar	4982452
tirad	4982451
casper	4982450
conocerse	4982449
casting	4982448
asegure	4982447
intelecto	4982446
finas	4982445
saborear	4982444
desesperadas	4982443
mudando	4982442
berger	4982441
ernst	4982440
mirelo	4982439
extremas	4982438
entreguen	4982437
depto	4982436
diecinueve	4982435
heredo	4982434
saltan	4982433
weiss	4982432
hipoteticamente	4982431
intentaban	4982430
mtv	4982429
sobrecarga	4982428
visite	4982427
seguirla	4982426
vicios	4982425
decid	4982424
apaches	4982423
remos	4982422
muestren	4982421
yyo	4982420
parvati	4982419
ordenando	4982418
costando	4982417
oasis	4982416
inmovil	4982415
precisas	4982414
parecerse	4982413
pioneros	4982412
hormigon	4982411
devastador	4982410
crecia	4982409
hotch	4982408
gubernamental	4982407
volverlo	4982406
revueltos	4982405
guiara	4982404
minero	4982403
marches	4982402
swanson	4982401
bright	4982400
kristin	4982399
entenderan	4982398
sellada	4982397
sostenga	4982396
rechace	4982395
purgatorio	4982394
enteren	4982393
pc	4982392
ecuador	4982391
imaginan	4982390
alternativo	4982389
reirme	4982388
aposte	4982387
benedict	4982386
amargura	4982385
barranco	4982384
baterista	4982383
compartimiento	4982382
ridiculas	4982381
ucrania	4982380
explicarles	4982379
sujetar	4982378
reflexion	4982377
scouts	4982376
vincenzo	4982375
films	4982374
valoro	4982373
conquistado	4982372
cosmico	4982371
montes	4982370
rollins	4982369
recomendar	4982368
divierto	4982367
juzga	4982366
enterre	4982365
alfonso	4982364
misteriosos	4982363
limpien	4982362
reptiles	4982361
cochero	4982360
ying	4982359
bizcocho	4982358
competidor	4982357
die	4982356
contestaste	4982355
murph	4982354
pescados	4982353
decidle	4982352
lonnie	4982351
davenport	4982350
confirme	4982349
fabricantes	4982348
esperarte	4982347
envolver	4982346
sub	4982345
ohhh	4982344
desperdiciado	4982343
vagamente	4982342
hocico	4982341
vertebral	4982340
invadido	4982339
ulises	4982338
delegados	4982337
holocausto	4982336
reserve	4982335
cochera	4982334
desconcertante	4982333
maternal	4982332
hipocresia	4982331
bol	4982330
impermeable	4982329
pandilleros	4982328
palas	4982327
dardo	4982326
nineras	4982325
again	4982324
viudo	4982323
multitudes	4982322
sorprendera	4982321
destacado	4982320
amaban	4982319
chevy	4982318
goodman	4982317
serbia	4982316
reparte	4982315
eslabon	4982314
torax	4982313
sorprendes	4982312
torturas	4982311
diplomacia	4982310
mojar	4982309
defenderte	4982308
parcela	4982307
extranaste	4982306
saltas	4982305
ale	4982304
enviaba	4982303
especificos	4982302
agregado	4982301
subia	4982300
agitacion	4982299
registrando	4982298
antojo	4982297
vajilla	4982296
afirmar	4982295
blanda	4982294
salazar	4982293
finos	4982292
pinza	4982291
temporadas	4982290
susceptible	4982289
rigor	4982288
metelo	4982287
placentero	4982286
darling	4982285
segundas	4982284
inflamacion	4982283
flaca	4982282
room	4982281
confesiones	4982280
edo	4982279
elaborado	4982278
pusieras	4982277
jirafa	4982276
agarras	4982275
temerario	4982274
sacaran	4982273
otan	4982272
prior	4982271
rogue	4982270
expulsados	4982269
pasala	4982268
doquier	4982267
boludo	4982266
hablaran	4982265
concebir	4982264
costello	4982263
inquisicion	4982262
lienzo	4982261
keep	4982260
esperaras	4982259
pensiones	4982258
esferas	4982257
berta	4982256
babilonia	4982255
pretenden	4982254
mail	4982253
peck	4982252
caminare	4982251
arruinaron	4982250
encierro	4982249
curarte	4982248
desgracias	4982247
aseguren	4982246
sonora	4982245
atrevida	4982244
rebote	4982243
aya	4982242
diametro	4982241
burlan	4982240
cuotas	4982239
snake	4982238
atascados	4982237
traumatico	4982236
imparcial	4982235
mocos	4982234
pudin	4982233
pesan	4982232
ahjussi	4982231
mujerzuela	4982230
remonta	4982229
espagueti	4982228
sabotear	4982227
dirijanse	4982226
necesitarias	4982225
pestanas	4982224
ganen	4982223
pulg	4982222
golpealo	4982221
gertrude	4982220
belinda	4982219
bocazas	4982218
cubanos	4982217
hero	4982216
jojo	4982215
cumples	4982214
salones	4982213
confrontacion	4982212
inicialmente	4982211
espantapajaros	4982210
surfear	4982209
andreas	4982208
cabreada	4982207
cuelguen	4982206
empezaria	4982205
jefatura	4982204
derrumbo	4982203
consumido	4982202
voila	4982201
cesto	4982200
indefinidamente	4982199
stefano	4982198
despedidas	4982197
confundio	4982196
woman	4982195
dina	4982194
enganes	4982193
estudiamos	4982192
impertinente	4982191
primas	4982190
consola	4982189
visibles	4982188
peros	4982187
mirenlo	4982186
virtualmente	4982185
necesitados	4982184
fracasos	4982183
obediente	4982182
marinas	4982181
paganos	4982180
spiderman	4982179
lejanos	4982178
caballito	4982177
vocal	4982176
irreal	4982175
fallamos	4982174
desliza	4982173
philadelphia	4982172
sinceras	4982171
rincones	4982170
trabajabamos	4982169
leona	4982168
espontanea	4982167
detallado	4982166
juntando	4982165
senda	4982164
valium	4982163
cubano	4982162
sudadera	4982161
mattie	4982160
finjas	4982159
pintalabios	4982158
alcaldesa	4982157
apestosa	4982156
contaminada	4982155
dirigiendose	4982154
largamos	4982153
particula	4982152
arkansas	4982151
divertiremos	4982150
controlarte	4982149
enamoraste	4982148
funcional	4982147
informan	4982146
parando	4982145
metano	4982144
lastimen	4982143
ichi	4982142
prende	4982141
vote	4982140
majo	4982139
viagra	4982138
desafortunada	4982137
estira	4982136
bastidores	4982135
sunset	4982134
sven	4982133
significara	4982132
confien	4982131
diversidad	4982130
pollas	4982129
ofenda	4982128
tempestad	4982127
valgame	4982126
cotton	4982125
arrecife	4982124
cantinero	4982123
liquidar	4982122
saltamos	4982121
suposiciones	4982120
vendedora	4982119
eligiendo	4982118
correre	4982117
liberarme	4982116
mandarle	4982115
participo	4982114
colonial	4982113
melocoton	4982112
abusado	4982111
contratamos	4982110
alain	4982109
scooter	4982108
larson	4982107
femeninos	4982106
visuales	4982105
car	4982104
funebre	4982103
travesuras	4982102
irrumpio	4982101
leeds	4982100
fundamentales	4982099
hiere	4982098
propuse	4982097
potasio	4982096
cague	4982095
incertidumbre	4982094
incentivo	4982093
demandado	4982092
mintieron	4982091
hareis	4982090
apretados	4982089
dpto	4982088
psicosis	4982087
estimada	4982086
desacato	4982085
absorber	4982084
channing	4982083
four	4982082
destruyan	4982081
mosqueteros	4982080
acostumbras	4982079
disparada	4982078
ayudenos	4982077
elijan	4982076
exorcismo	4982075
hazana	4982074
sacanos	4982073
quejan	4982072
darby	4982071
percibo	4982070
espaguetis	4982069
solemos	4982068
cubrira	4982067
radha	4982066
sugerido	4982065
asombra	4982064
aprendere	4982063
continuas	4982062
vin	4982061
mensajeros	4982060
soprano	4982059
pong	4982058
prohibio	4982057
profe	4982056
beneficia	4982055
bombardear	4982054
psiquiatras	4982053
avanzados	4982052
devolveremos	4982051
cuelgan	4982050
causara	4982049
cesare	4982048
cupido	4982047
heinrich	4982046
pandora	4982045
curarse	4982044
obstinado	4982043
sustituta	4982042
techos	4982041
genesis	4982040
hostias	4982039
sentian	4982038
transfusion	4982037
opinar	4982036
inventaste	4982035
bermudas	4982034
amarla	4982033
viv	4982032
hiro	4982031
arpia	4982030
retorica	4982029
gratuito	4982028
greer	4982027
concentrar	4982026
celebre	4982025
arterias	4982024
conservadores	4982023
deletrear	4982022
meade	4982021
modas	4982020
descontento	4982019
silenciosamente	4982018
encubrimiento	4982017
rechazaron	4982016
tranquilizante	4982015
perforar	4982014
fertil	4982013
nichols	4982012
comprobacion	4982011
travesia	4982010
jockey	4982009
exigir	4982008
admiraba	4982007
tripa	4982006
liberarte	4982005
darlene	4982004
concluido	4982003
break	4982002
erronea	4982001
wing	4982000
conner	4981999
tiza	4981998
decidire	4981997
reclutar	4981996
crianza	4981995
fallaron	4981994
apoyamos	4981993
rumorea	4981992
queridas	4981991
johanna	4981990
samir	4981989
ataudes	4981988
traiganlo	4981987
thatcher	4981986
olsen	4981985
disculpenos	4981984
mantendria	4981983
micky	4981982
jugoso	4981981
mariana	4981980
ambulancias	4981979
ori	4981978
kowalski	4981977
parroco	4981976
radiador	4981975
arrestarte	4981974
encontraban	4981973
empezaran	4981972
activista	4981971
gigantesca	4981970
garza	4981969
zoom	4981968
essex	4981967
pol	4981966
larkin	4981965
entregaron	4981964
racistas	4981963
recibas	4981962
kabir	4981961
fat	4981960
conjuro	4981959
sherwood	4981958
iluminar	4981957
esquizofrenia	4981956
emparedado	4981955
finley	4981954
preocupamos	4981953
inspectores	4981952
princesas	4981951
haberlas	4981950
sarcastico	4981949
simms	4981948
valiosas	4981947
agarran	4981946
discipulo	4981945
baek	4981944
incienso	4981943
ludwig	4981942
compasivo	4981941
diversas	4981940
insignificantes	4981939
ceguera	4981938
genialidad	4981937
permitiendo	4981936
buscados	4981935
intensamente	4981934
reencarnacion	4981933
senalo	4981932
elemental	4981931
pedacito	4981930
marcados	4981929
better	4981928
vuelvete	4981927
putita	4981926
mortalidad	4981925
caffrey	4981924
querriamos	4981923
decadencia	4981922
gras	4981921
protestante	4981920
pelirrojo	4981919
renuncias	4981918
pinocho	4981917
scooby	4981916
permanecio	4981915
convencerle	4981914
subirte	4981913
amenazan	4981912
alianzas	4981911
sorprenderme	4981910
modificado	4981909
duerman	4981908
satelital	4981907
metiera	4981906
mcnamara	4981905
paramedico	4981904
suelos	4981903
pareceis	4981902
infantes	4981901
pintores	4981900
payson	4981899
sybil	4981898
operativos	4981897
guionista	4981896
largarme	4981895
stokes	4981894
malibu	4981893
abria	4981892
identica	4981891
calcuta	4981890
dabas	4981889
marius	4981888
concepcion	4981887
disminuir	4981886
olvidaria	4981885
intensivos	4981884
discutamos	4981883
ole	4981882
clones	4981881
aprobada	4981880
terca	4981879
lanzan	4981878
usaras	4981877
buscad	4981876
caga	4981875
emborracharme	4981874
combinar	4981873
fijense	4981872
pusieran	4981871
observadores	4981870
centrarnos	4981869
carceles	4981868
sonria	4981867
negaron	4981866
vicario	4981865
ferreteria	4981864
bessie	4981863
exquisita	4981862
extraordinarios	4981861
destruiste	4981860
metropolitana	4981859
ciervos	4981858
registradora	4981857
cargados	4981856
ordenada	4981855
recomendado	4981854
arreglaron	4981853
agatha	4981852
enfriar	4981851
renos	4981850
piscinas	4981849
cocos	4981848
negarme	4981847
asustaba	4981846
proporciones	4981845
bacalao	4981844
obsesivo	4981843
golpees	4981842
especimen	4981841
malestar	4981840
pin	4981839
ocultarse	4981838
repararlo	4981837
thornton	4981836
enana	4981835
bartlett	4981834
vandalismo	4981833
viendolo	4981832
perfiles	4981831
capturo	4981830
prostata	4981829
escapada	4981828
matenlo	4981827
rahl	4981826
indudablemente	4981825
griff	4981824
dartelo	4981823
inexplicable	4981822
ardientes	4981821
talk	4981820
rafaga	4981819
fingio	4981818
cripta	4981817
brass	4981816
prefecto	4981815
excesiva	4981814
publicista	4981813
antano	4981812
nevando	4981811
usaran	4981810
situado	4981809
incontables	4981808
desodorante	4981807
refugios	4981806
touchdown	4981805
ignorarlo	4981804
mantuvieron	4981803
guiado	4981802
banjo	4981801
interpone	4981800
cedric	4981799
hundiendo	4981798
fosiles	4981797
cometes	4981796
isis	4981795
aventurero	4981794
recibire	4981793
despiertate	4981792
recogera	4981791
anonimato	4981790
videojuego	4981789
explosiva	4981788
milagroso	4981787
giran	4981786
extraoficialmente	4981785
paladar	4981784
rj	4981783
comunica	4981782
giros	4981781
acostumbro	4981780
largaos	4981779
polvos	4981778
wo	4981777
morgana	4981776
insistiendo	4981775
alergias	4981774
savage	4981773
quincy	4981772
concesion	4981771
altercado	4981770
clasificados	4981769
burocracia	4981768
vikingos	4981767
xiao	4981766
trina	4981765
fulana	4981764
navidena	4981763
avergonzarme	4981762
quark	4981761
pesaba	4981760
violentamente	4981759
xi	4981758
adelantar	4981757
bombardero	4981756
mostraremos	4981755
arreglarte	4981754
soportado	4981753
asesine	4981752
soportas	4981751
bev	4981750
mandame	4981749
manifestaciones	4981748
mafiosos	4981747
cuidamos	4981746
escoja	4981745
guie	4981744
chaquetas	4981743
atacaran	4981742
coagulo	4981741
lancelot	4981740
destruidas	4981739
asesoramiento	4981738
superalo	4981737
impida	4981736
envejecido	4981735
reunete	4981734
oid	4981733
desapercibido	4981732
cabecera	4981731
hartley	4981730
monada	4981729
marque	4981728
alardear	4981727
notario	4981726
britta	4981725
intimidar	4981724
recuestate	4981723
cancelarlo	4981722
predijo	4981721
educados	4981720
ubicar	4981719
mad	4981718
serviran	4981717
revolucionarios	4981716
calentador	4981715
socialmente	4981714
martinis	4981713
intimas	4981712
largarse	4981711
hackear	4981710
permitieron	4981709
liberty	4981708
asfalto	4981707
secar	4981706
expresiones	4981705
guillotina	4981704
davy	4981703
estrangulada	4981702
insinuas	4981701
orquideas	4981700
tolerare	4981699
dottie	4981698
estragos	4981697
obsceno	4981696
click	4981695
urbano	4981694
pateo	4981693
tostadora	4981692
apurese	4981691
pudiesemos	4981690
buscaran	4981689
defendernos	4981688
denton	4981687
permitimos	4981686
apurarnos	4981685
didi	4981684
stand	4981683
clinicas	4981682
anticipacion	4981681
detonacion	4981680
stones	4981679
basandose	4981678
estropeo	4981677
quitarnos	4981676
yuan	4981675
inesperadamente	4981674
descuide	4981673
hard	4981672
apoderarse	4981671
entregaste	4981670
sinatra	4981669
grabe	4981668
bombardeos	4981667
disponer	4981666
extendio	4981665
penetracion	4981664
escucharlos	4981663
kiss	4981662
atraparlos	4981661
esqueletos	4981660
fuesemos	4981659
deban	4981658
rouge	4981657
llevarlas	4981656
rip	4981655
petalos	4981654
blancanieves	4981653
graciosas	4981652
revertir	4981651
especificaciones	4981650
comprensiva	4981649
gore	4981648
muhammad	4981647
tunica	4981646
investigarlo	4981645
cerrad	4981644
aparentar	4981643
lastimaria	4981642
heces	4981641
bayas	4981640
subiste	4981639
tiraba	4981638
strippers	4981637
brille	4981636
intentaran	4981635
zarpar	4981634
ampollas	4981633
expresado	4981632
concursos	4981631
hiroshima	4981630
exterminar	4981629
asada	4981628
conveniencia	4981627
dustin	4981626
verifica	4981625
canario	4981624
poe	4981623
petersburgo	4981622
cambiaba	4981621
alejarnos	4981620
bailado	4981619
identificada	4981618
energetica	4981617
trastornado	4981616
atracciones	4981615
aviseme	4981614
lba	4981613
acuatico	4981612
prisas	4981611
connell	4981610
hematoma	4981609
derramo	4981608
construcciones	4981607
dispone	4981606
aprovechado	4981605
disparara	4981604
oakland	4981603
reconciliacion	4981602
financieras	4981601
freir	4981600
intencionalmente	4981599
unan	4981598
moco	4981597
asaltaron	4981596
sufri	4981595
yan	4981594
cuidaria	4981593
ahogarse	4981592
elegiria	4981591
corporativa	4981590
cocido	4981589
poster	4981588
marchese	4981587
comic	4981586
chorro	4981585
convicciones	4981584
rescatado	4981583
inflacion	4981582
agitada	4981581
retiraron	4981580
maguire	4981579
nba	4981578
cuadrilla	4981577
integral	4981576
electricista	4981575
sueles	4981574
eiffel	4981573
hell	4981572
teoricamente	4981571
epinefrina	4981570
aprendemos	4981569
prenada	4981568
hurley	4981567
ceno	4981566
descubriendo	4981565
dublin	4981564
temido	4981563
mejoro	4981562
esperenme	4981561
tod	4981560
alivia	4981559
seductor	4981558
sms	4981557
exigencias	4981556
biologicos	4981555
shaolin	4981554
manipulando	4981553
interferencias	4981552
curiosamente	4981551
halo	4981550
armand	4981549
felicitarte	4981548
aguarden	4981547
alcanzarlo	4981546
derrite	4981545
lgual	4981544
agitar	4981543
prediccion	4981542
mann	4981541
descubriera	4981540
paranormal	4981539
heath	4981538
portaaviones	4981537
sidra	4981536
asesinas	4981535
group	4981534
burgess	4981533
prepararlo	4981532
licencias	4981531
palillos	4981530
elton	4981529
gringo	4981528
taquicardia	4981527
diminuta	4981526
barbaridad	4981525
everest	4981524
epico	4981523
cincinnati	4981522
anden	4981521
violadores	4981520
opuesta	4981519
llegados	4981518
polaca	4981517
ingeniosa	4981516
bleep	4981515
incrementar	4981514
graficos	4981513
licores	4981512
hathaway	4981511
problemita	4981510
banarme	4981509
neelix	4981508
quererme	4981507
alcantarillas	4981506
valora	4981505
cobrando	4981504
frita	4981503
tonight	4981502
insinua	4981501
fundamento	4981500
sonaste	4981499
acecho	4981498
presumido	4981497
vous	4981496
destrozados	4981495
fotografica	4981494
lost	4981493
recorriendo	4981492
avalancha	4981491
viniese	4981490
estalla	4981489
delirios	4981488
incendiar	4981487
gob	4981486
gratificante	4981485
cabales	4981484
contraste	4981483
game	4981482
escribiera	4981481
quererlo	4981480
arriesgas	4981479
corresponsal	4981478
acompanantes	4981477
arruinados	4981476
revisemos	4981475
mari	4981474
durant	4981473
company	4981472
birmingham	4981471
asquerosas	4981470
custer	4981469
agresivos	4981468
reuben	4981467
invalido	4981466
rohit	4981465
moralmente	4981464
estudiaste	4981463
beatriz	4981462
nuno	4981461
hyuk	4981460
glamour	4981459
subdirector	4981458
driscoll	4981457
huyas	4981456
lan	4981455
ensenamos	4981454
rivera	4981453
refinado	4981452
carlson	4981451
revelan	4981450
almendras	4981449
luka	4981448
dane	4981447
candace	4981446
richardson	4981445
acordo	4981444
mirara	4981443
fastidia	4981442
darth	4981441
faltaban	4981440
antonia	4981439
contestare	4981438
notificacion	4981437
esquivar	4981436
agradaba	4981435
quedarias	4981434
ambiciosa	4981433
cubranse	4981432
excremento	4981431
celebraremos	4981430
caverna	4981429
chimpance	4981428
robarlo	4981427
farmaceutica	4981426
cambiaras	4981425
desvan	4981424
conducira	4981423
aportar	4981422
santificado	4981421
troncos	4981420
deducir	4981419
especificas	4981418
poniendose	4981417
thing	4981416
espontaneo	4981415
borrosa	4981414
confiando	4981413
magda	4981412
tardanza	4981411
abriera	4981410
colgados	4981409
descafeinado	4981408
secuestrados	4981407
frankfurt	4981406
precipitado	4981405
observan	4981404
mort	4981403
intrusion	4981402
movere	4981401
dickens	4981400
bancario	4981399
empatados	4981398
calva	4981397
tentado	4981396
forasteros	4981395
hermosura	4981394
mamiferos	4981393
ice	4981392
concreta	4981391
cogerle	4981390
lip	4981389
cornell	4981388
fabricado	4981387
dubai	4981386
magic	4981385
emplear	4981384
tucson	4981383
hermann	4981382
cojamos	4981381
box	4981380
permitirle	4981379
gallos	4981378
ironicamente	4981377
sacudida	4981376
hurtadillas	4981375
chakotay	4981374
pateticos	4981373
enfria	4981372
epica	4981371
especia	4981370
vancouver	4981369
centinela	4981368
mackey	4981367
travesura	4981366
indicador	4981365
senior	4981364
bhai	4981363
cavidad	4981362
cadetes	4981361
humildemente	4981360
tropezo	4981359
aprendieron	4981358
tecnologias	4981357
dejais	4981356
helio	4981355
dignos	4981354
expulsaron	4981353
reciban	4981352
sharp	4981351
cobras	4981350
voladora	4981349
roles	4981348
hinchazon	4981347
molestare	4981346
impedido	4981345
sufrimos	4981344
obteniendo	4981343
pesimista	4981342
atacamos	4981341
sylvie	4981340
acuerdan	4981339
fiasco	4981338
mrs	4981337
ginecologo	4981336
negativas	4981335
bradford	4981334
realizacion	4981333
winslow	4981332
elfos	4981331
atreva	4981330
devuelta	4981329
maw	4981328
dotado	4981327
sostengo	4981326
hartos	4981325
fleischman	4981324
comportando	4981323
digais	4981322
consumiendo	4981321
repulsivo	4981320
escaneo	4981319
jugaban	4981318
cc	4981317
caparazon	4981316
tomados	4981315
bulldog	4981314
cuddy	4981313
fundo	4981312
wilder	4981311
beaumont	4981310
complicados	4981309
asesores	4981308
empeorado	4981307
consumidor	4981306
conservas	4981305
sgto	4981304
ilse	4981303
ecuaciones	4981302
ching	4981301
involucrarte	4981300
aguantara	4981299
mill	4981298
zeta	4981297
cubran	4981296
diversiones	4981295
jala	4981294
orador	4981293
franky	4981292
suicidarte	4981291
especializado	4981290
narcisista	4981289
cds	4981288
defectuoso	4981287
rabbit	4981286
influir	4981285
seguias	4981284
innumerables	4981283
polen	4981282
mistico	4981281
criaron	4981280
detonar	4981279
entregarse	4981278
pondrias	4981277
ois	4981276
guarra	4981275
llevalos	4981274
alineacion	4981273
localizarlo	4981272
cirujana	4981271
caseros	4981270
ceros	4981269
estetica	4981268
elfo	4981267
principiantes	4981266
movamonos	4981265
acompanarla	4981264
despidiendo	4981263
colocando	4981262
yul	4981261
conversion	4981260
lastimas	4981259
ique	4981258
conchas	4981257
reeves	4981256
muchedumbre	4981255
alertas	4981254
carlisle	4981253
tickets	4981252
connors	4981251
entrometido	4981250
desastroso	4981249
dividimos	4981248
operado	4981247
muriese	4981246
largarte	4981245
luchaba	4981244
gobierna	4981243
lino	4981242
declare	4981241
haznos	4981240
manantial	4981239
capsulas	4981238
hooper	4981237
limones	4981236
agarrenlo	4981235
remy	4981234
vigilare	4981233
autodestruccion	4981232
entraria	4981231
wilcox	4981230
gallinero	4981229
sisko	4981228
facultades	4981227
escandalos	4981226
toxina	4981225
voten	4981224
crepusculo	4981223
ramona	4981222
neuronas	4981221
divorcios	4981220
recuperaremos	4981219
superan	4981218
embustero	4981217
mendoza	4981216
corregidos	4981215
sucesivamente	4981214
aceleracion	4981213
desaparezcan	4981212
ruidosa	4981211
proyectil	4981210
kalinda	4981209
buscandome	4981208
estallido	4981207
agradezcas	4981206
aguantas	4981205
inclinado	4981204
forge	4981203
asombrado	4981202
ferris	4981201
ripley	4981200
migas	4981199
entregues	4981198
susurro	4981197
bertha	4981196
ruisenor	4981195
boomer	4981194
coincidir	4981193
veto	4981192
merecias	4981191
pyo	4981190
meditar	4981189
metera	4981188
interceptar	4981187
brendon	4981186
dentales	4981185
tramo	4981184
privilegiada	4981183
mercaderia	4981182
faltando	4981181
hollow	4981180
geometria	4981179
secuencias	4981178
emmet	4981177
educativo	4981176
informaciones	4981175
granito	4981174
fascinacion	4981173
honrados	4981172
dibuja	4981171
asique	4981170
apagadas	4981169
candidatura	4981168
loft	4981167
juzgue	4981166
aclare	4981165
patranas	4981164
probarme	4981163
combinado	4981162
sostenlo	4981161
marcie	4981160
controlas	4981159
quejandose	4981158
steiner	4981157
interrumpas	4981156
desvanece	4981155
respetas	4981154
condominio	4981153
refieren	4981152
convirtiera	4981151
enmascarado	4981150
amenazaron	4981149
repitelo	4981148
agachense	4981147
grillo	4981146
renal	4981145
sociopata	4981144
certificados	4981143
atrocidades	4981142
meyers	4981141
cantemos	4981140
family	4981139
ocultan	4981138
entristece	4981137
jaqueca	4981136
conor	4981135
bucky	4981134
enfrie	4981133
conseguiran	4981132
conoceros	4981131
gotham	4981130
ham	4981129
embrague	4981128
gremio	4981127
llevense	4981126
motivado	4981125
erich	4981124
zurich	4981123
renunciaste	4981122
infidelidad	4981121
arruinaria	4981120
cartucho	4981119
salieras	4981118
acelerando	4981117
mandos	4981116
reliquias	4981115
digitos	4981114
artritis	4981113
elogio	4981112
sim	4981111
barricada	4981110
intereso	4981109
revuelto	4981108
planeada	4981107
kingsley	4981106
telefonear	4981105
diversos	4981104
delicados	4981103
reconocera	4981102
arreglan	4981101
sospechan	4981100
lamentaras	4981099
firmeza	4981098
resistio	4981097
conquistador	4981096
explotando	4981095
lapicera	4981094
salias	4981093
apretando	4981092
porrista	4981091
punal	4981090
confundiendo	4981089
llamativo	4981088
aburres	4981087
cosmica	4981086
odiarte	4981085
festivo	4981084
traeras	4981083
firmando	4981082
chinatown	4981081
mcqueen	4981080
arreglarla	4981079
matarias	4981078
defiendes	4981077
protestantes	4981076
vicente	4981075
johnnie	4981074
soportaba	4981073
aseo	4981072
limita	4981071
cantara	4981070
peleaste	4981069
pizzeria	4981068
industriales	4981067
remedios	4981066
florecer	4981065
chupando	4981064
bajarme	4981063
formalidades	4981062
mezclas	4981061
sereno	4981060
worth	4981059
pillan	4981058
superheroes	4981057
clandestino	4981056
cullen	4981055
reteniendo	4981054
prentiss	4981053
mudaste	4981052
recreacion	4981051
atendido	4981050
comodidades	4981049
kali	4981048
tumbate	4981047
escaparate	4981046
around	4981045
federico	4981044
despedimos	4981043
rentable	4981042
discute	4981041
pagarles	4981040
estelle	4981039
dandote	4981038
discuten	4981037
poetico	4981036
castigarme	4981035
ensenarnos	4981034
registrados	4981033
severamente	4981032
relativo	4981031
saldar	4981030
ye	4981029
controlamos	4981028
escapara	4981027
divorciar	4981026
garret	4981025
apunalar	4981024
ritz	4981023
gogh	4981022
rehacer	4981021
god	4981020
yin	4981019
recitar	4981018
tibio	4981017
confiaria	4981016
layla	4981015
namaste	4981014
nathalie	4981013
ab	4981012
frecuentes	4981011
maddox	4981010
saludarte	4981009
ideologia	4981008
pink	4981007
agita	4981006
selma	4981005
explotan	4981004
doctrina	4981003
escojo	4981002
echarnos	4981001
limpiarte	4981000
histerico	4980999
ikerslot	4980998
three	4980997
aha	4980996
retrasa	4980995
terrorifico	4980994
incompetencia	4980993
conocere	4980992
funcionen	4980991
sorprendidos	4980990
indigente	4980989
lograre	4980988
camarografo	4980987
destruimos	4980986
mandarte	4980985
olivier	4980984
relevancia	4980983
entraras	4980982
wen	4980981
encontraramos	4980980
escote	4980979
investigadora	4980978
resentido	4980977
inquietud	4980976
esperandolo	4980975
denso	4980974
adler	4980973
amaste	4980972
luchadora	4980971
observaba	4980970
ajeno	4980969
inundaciones	4980968
britanicas	4980967
olvidada	4980966
fregar	4980965
cerraste	4980964
partidas	4980963
carnes	4980962
flexiones	4980961
nutrientes	4980960
gobernante	4980959
pegajosa	4980958
provincias	4980957
monet	4980956
indigenas	4980955
maestria	4980954
ilustre	4980953
flo	4980952
lancaster	4980951
ninjas	4980950
sarpullido	4980949
fascismo	4980948
quarterback	4980947
sentis	4980946
franquicia	4980945
rivalidad	4980944
continentes	4980943
talisman	4980942
omaha	4980941
empapada	4980940
matilda	4980939
distrae	4980938
emotivo	4980937
joyero	4980936
skipper	4980935
favorece	4980934
ar	4980933
potro	4980932
gentileza	4980931
optimus	4980930
abuelito	4980929
dique	4980928
almuerzos	4980927
elderman	4980926
fideicomiso	4980925
mujercita	4980924
rach	4980923
listillo	4980922
hampton	4980921
ejecutados	4980920
raoul	4980919
participado	4980918
palitos	4980917
partiendo	4980916
pretty	4980915
pisas	4980914
ofensas	4980913
ac	4980912
jillian	4980911
party	4980910
camaron	4980909
comuna	4980908
oscurezca	4980907
meando	4980906
gritarle	4980905
pit	4980904
rechazaste	4980903
demelo	4980902
guardes	4980901
cortados	4980900
thorpe	4980899
correra	4980898
marchare	4980897
tutora	4980896
olimpico	4980895
leila	4980894
arriesgaria	4980893
sharma	4980892
vertigo	4980891
aplicaciones	4980890
ponlos	4980889
universos	4980888
exhala	4980887
valvulas	4980886
disene	4980885
mandarlo	4980884
pastores	4980883
sirvase	4980882
gomez	4980881
grabamos	4980880
ria	4980879
inspirada	4980878
cometimos	4980877
alcanzara	4980876
cochecito	4980875
jeb	4980874
echarse	4980873
yankee	4980872
guardate	4980871
captain	4980870
formaron	4980869
craneal	4980868
nothing	4980867
esenciales	4980866
cansas	4980865
indigno	4980864
frida	4980863
joss	4980862
abrirme	4980861
perdonaria	4980860
sueca	4980859
representaba	4980858
conectadas	4980857
micah	4980856
entenderme	4980855
autografos	4980854
revoir	4980853
detuviera	4980852
buscaria	4980851
descargas	4980850
devuelvelo	4980849
acusaron	4980848
cerilla	4980847
tijuana	4980846
estanteria	4980845
concedo	4980844
mocosa	4980843
temporizador	4980842
pique	4980841
infraccion	4980840
curiosos	4980839
kristina	4980838
mea	4980837
ciclos	4980836
jugadora	4980835
vendimos	4980834
ajustados	4980833
vicioso	4980832
admiten	4980831
holgazan	4980830
filippo	4980829
bajaba	4980828
nado	4980827
suboficial	4980826
emocionantes	4980825
solemnemente	4980824
llendo	4980823
dioxido	4980822
largado	4980821
residuo	4980820
amnistia	4980819
levantamiento	4980818
duplicado	4980817
estrangulado	4980816
marin	4980815
santana	4980814
poseida	4980813
bebimos	4980812
fulano	4980811
valentina	4980810
entregan	4980809
moody	4980808
still	4980807
cruise	4980806
linden	4980805
ofenderte	4980804
constructores	4980803
aprecian	4980802
compartes	4980801
abrumado	4980800
perspectivas	4980799
equivocarse	4980798
glasgow	4980797
amazing	4980796
sintieron	4980795
malloy	4980794
voltios	4980793
follado	4980792
fda	4980791
sudan	4980790
neptuno	4980789
ladra	4980788
centrate	4980787
identicas	4980786
velocidades	4980785
mantuviera	4980784
busto	4980783
sirvan	4980782
confesarte	4980781
literal	4980780
entraran	4980779
law	4980778
llevarsela	4980777
naina	4980776
shep	4980775
rubi	4980774
amados	4980773
calabazas	4980772
silbido	4980771
infalible	4980770
descubriras	4980769
obtuvieron	4980768
willoughby	4980767
donner	4980766
aguanten	4980765
hemisferio	4980764
portando	4980763
cese	4980762
puas	4980761
romperlo	4980760
halagada	4980759
tendieron	4980758
denis	4980757
blasfemia	4980756
cacharro	4980755
matalos	4980754
deteniendo	4980753
descubiertos	4980752
tacon	4980751
bajaremos	4980750
introdujo	4980749
godfrey	4980748
gramo	4980747
pretendiente	4980746
equivocarme	4980745
trailer	4980744
coran	4980743
ragnar	4980742
cacao	4980741
contados	4980740
patti	4980739
porra	4980738
guitarras	4980737
arriesgo	4980736
inversor	4980735
skywalker	4980734
fragiles	4980733
llamais	4980732
facilitar	4980731
plagas	4980730
servirme	4980729
obligue	4980728
estimulo	4980727
samson	4980726
sentiran	4980725
complicacion	4980724
meghan	4980723
infecciones	4980722
daddy	4980721
aranazos	4980720
mccall	4980719
pelado	4980718
gunther	4980717
misionero	4980716
eisenhower	4980715
estafadores	4980714
finges	4980713
canso	4980712
testosterona	4980711
singer	4980710
romperte	4980709
doradas	4980708
surgen	4980707
misteriosamente	4980706
bellisima	4980705
ultrasonido	4980704
dejase	4980703
derramamiento	4980702
pacificamente	4980701
urgentes	4980700
desembarco	4980699
recortar	4980698
paisajes	4980697
guardabosques	4980696
normandia	4980695
loto	4980694
atacara	4980693
generosos	4980692
pagarla	4980691
autorizo	4980690
trinchera	4980689
nublado	4980688
ever	4980687
retiramos	4980686
pasea	4980685
hailey	4980684
brand	4980683
poligrafo	4980682
contrabandista	4980681
hindues	4980680
vestidor	4980679
diplomaticos	4980678
hinchada	4980677
muestrate	4980676
elle	4980675
jock	4980674
cuellos	4980673
heller	4980672
usarse	4980671
pruebo	4980670
sembrar	4980669
confort	4980668
farrell	4980667
incondicional	4980666
latinos	4980665
bowman	4980664
free	4980663
relajar	4980662
maldecir	4980661
tau	4980660
relucir	4980659
monarca	4980658
patentes	4980657
tuvieses	4980656
hacedlo	4980655
xxi	4980654
collares	4980653
causarle	4980652
limbo	4980651
alegrias	4980650
cargue	4980649
forzando	4980648
palermo	4980647
antidepresivos	4980646
langston	4980645
regente	4980644
derramado	4980643
bash	4980642
abriran	4980641
enchufe	4980640
spears	4980639
asumimos	4980638
patrona	4980637
lastimarme	4980636
remar	4980635
investigo	4980634
columpio	4980633
sucedieron	4980632
apruebe	4980631
vendaje	4980630
sabrian	4980629
tumores	4980628
sureste	4980627
lubricante	4980626
derrocar	4980625
metralla	4980624
mamon	4980623
elijas	4980622
preguntarlo	4980621
traicione	4980620
electrones	4980619
schultz	4980618
obrera	4980617
aseguraremos	4980616
olimpicos	4980615
faros	4980614
superara	4980613
cruceros	4980612
presentese	4980611
thank	4980610
rezare	4980609
dividida	4980608
than	4980607
crawley	4980606
adorado	4980605
nt	4980604
wanna	4980603
izzie	4980602
instalo	4980601
chantajeando	4980600
melones	4980599
desafiante	4980598
chefs	4980597
solidos	4980596
burlarte	4980595
fumadores	4980594
rafe	4980593
halaga	4980592
recomendaciones	4980591
cubrirlo	4980590
elogios	4980589
identifica	4980588
maniatico	4980587
incursion	4980586
regala	4980585
naufragio	4980584
aturdido	4980583
mezclan	4980582
porte	4980581
alcoba	4980580
pudra	4980579
recolectar	4980578
toxicologico	4980577
curara	4980576
weber	4980575
cubrete	4980574
despertarlo	4980573
nooo	4980572
despiden	4980571
agil	4980570
olaf	4980569
burger	4980568
alteracion	4980567
cerrara	4980566
antimateria	4980565
corriste	4980564
cebra	4980563
guardarropa	4980562
doblado	4980561
formaba	4980560
cascabel	4980559
hablad	4980558
campesina	4980557
oporto	4980556
hitchcock	4980555
mocosos	4980554
pen	4980553
pekin	4980552
parecidas	4980551
promotor	4980550
probaremos	4980549
punaladas	4980548
lamar	4980547
brownies	4980546
mangos	4980545
bufalos	4980544
japonesas	4980543
resultaba	4980542
desafia	4980541
usuarios	4980540
violaste	4980539
nathaniel	4980538
quitarmelo	4980537
borron	4980536
bren	4980535
swift	4980534
baraja	4980533
respetuoso	4980532
gastan	4980531
olvidados	4980530
milwaukee	4980529
tasas	4980528
humillarme	4980527
perjudicial	4980526
amando	4980525
marcharon	4980524
manu	4980523
compatibles	4980522
popo	4980521
tocaria	4980520
crash	4980519
aparenta	4980518
preocupando	4980517
dibujado	4980516
conmovedora	4980515
regresiva	4980514
eagle	4980513
crezcan	4980512
bolton	4980511
esgrima	4980510
electo	4980509
emisario	4980508
espesa	4980507
persuadir	4980506
determina	4980505
explicate	4980504
bucear	4980503
macy	4980502
regionales	4980501
cancele	4980500
juanita	4980499
curly	4980498
raju	4980497
aaah	4980496
rece	4980495
discutieron	4980494
fausto	4980493
insultante	4980492
enganaba	4980491
debidamente	4980490
sociable	4980489
dejandome	4980488
muestrales	4980487
ups	4980486
poned	4980485
viese	4980484
protectores	4980483
conceder	4980482
chalecos	4980481
antelacion	4980480
revoluciones	4980479
pisado	4980478
halagador	4980477
tobias	4980476
miau	4980475
rotura	4980474
admirado	4980473
lncluso	4980472
norfolk	4980471
indignante	4980470
difundir	4980469
cancelaron	4980468
carmine	4980467
tyr	4980466
ato	4980465
confidenciales	4980464
imaginamos	4980463
oyentes	4980462
calmantes	4980461
rain	4980460
chusma	4980459
protejan	4980458
viajas	4980457
dalek	4980456
jurada	4980455
emile	4980454
tanga	4980453
navid	4980452
bernardo	4980451
conmueve	4980450
viceversa	4980449
lanzamos	4980448
bean	4980447
masculinos	4980446
asistido	4980445
descubriran	4980444
interfiriendo	4980443
prueben	4980442
detectores	4980441
crazy	4980440
pelearse	4980439
quagmire	4980438
exotica	4980437
corrida	4980436
becas	4980435
juzgo	4980434
despacito	4980433
mind	4980432
visado	4980431
procesion	4980430
recordaran	4980429
friki	4980428
milly	4980427
clem	4980426
annabelle	4980425
carisma	4980424
esceptico	4980423
jets	4980422
acueste	4980421
calambre	4980420
interesar	4980419
entregada	4980418
prudencia	4980417
ambar	4980416
respirador	4980415
indonesia	4980414
prescripcion	4980413
extraordinariamente	4980412
danados	4980411
indigentes	4980410
subiremos	4980409
estantes	4980408
brasileno	4980407
devolucion	4980406
influyente	4980405
subtitles	4980404
anicos	4980403
investigan	4980402
resolviendo	4980401
jugaron	4980400
sellados	4980399
markham	4980398
maris	4980397
dirigira	4980396
esperate	4980395
ahorrate	4980394
igualar	4980393
colateral	4980392
ora	4980391
cogeme	4980390
demostrando	4980389
ness	4980388
emisiones	4980387
aclararlo	4980386
corporales	4980385
cobrado	4980384
recamara	4980383
disputas	4980382
estirado	4980381
democratico	4980380
orquidea	4980379
pandillero	4980378
fastidies	4980377
visitaba	4980376
grover	4980375
reformas	4980374
computacion	4980373
acosar	4980372
suplicar	4980371
aficion	4980370
munch	4980369
kenzi	4980368
congela	4980367
find	4980366
obligatoria	4980365
mantened	4980364
orion	4980363
renegado	4980362
caseta	4980361
casquillos	4980360
interfiera	4980359
aumentan	4980358
pisando	4980357
tranquilizantes	4980356
entrenada	4980355
blade	4980354
sioux	4980353
administrativo	4980352
insisten	4980351
adoptada	4980350
castellano	4980349
cachemira	4980348
abrumador	4980347
waldorf	4980346
aguardiente	4980345
link	4980344
levantarlo	4980343
rendirnos	4980342
ro	4980341
stars	4980340
siguiendome	4980339
averia	4980338
hemingway	4980337
encontrarias	4980336
ravi	4980335
embajadora	4980334
cabalgando	4980333
captado	4980332
irrita	4980331
distingue	4980330
notarlo	4980329
segmento	4980328
maja	4980327
hacerselo	4980326
patton	4980325
vallas	4980324
abominacion	4980323
adi	4980322
insolencia	4980321
ryu	4980320
informarme	4980319
definido	4980318
cachonda	4980317
azotes	4980316
hattie	4980315
semanales	4980314
configuracion	4980313
cosmeticos	4980312
poseia	4980311
disenados	4980310
prohibir	4980309
problematica	4980308
paradoja	4980307
feeny	4980306
pasase	4980305
must	4980304
prestados	4980303
priscilla	4980302
cableado	4980301
peones	4980300
blackie	4980299
asistio	4980298
gnomo	4980297
brazaletes	4980296
consta	4980295
brenner	4980294
mit	4980293
mount	4980292
travers	4980291
colette	4980290
rufian	4980289
vibra	4980288
reporta	4980287
procesando	4980286
papelera	4980285
sinverguenzas	4980284
niko	4980283
hablador	4980282
troll	4980281
tranquiliza	4980280
ensaladas	4980279
horizontal	4980278
brandt	4980277
topanga	4980276
tiemblan	4980275
percibir	4980274
moira	4980273
eliminada	4980272
myrtle	4980271
sobrevivire	4980270
conecte	4980269
estereo	4980268
viviste	4980267
yorkshire	4980266
tapon	4980265
campanilla	4980264
cientificas	4980263
rescato	4980262
salieran	4980261
prejuicio	4980260
acostumbrando	4980259
gozo	4980258
compartida	4980257
manojo	4980256
castigando	4980255
laila	4980254
continuare	4980253
falsificar	4980252
engordar	4980251
mayas	4980250
guino	4980249
averguences	4980248
negando	4980247
patriotismo	4980246
cloaca	4980245
ladrando	4980244
senil	4980243
equivocaron	4980242
modificaciones	4980241
inc	4980240
comparada	4980239
calambres	4980238
escucharan	4980237
proximidad	4980236
absuelto	4980235
apreto	4980234
barricadas	4980233
tenebroso	4980232
french	4980231
discretos	4980230
escriban	4980229
positivamente	4980228
vengador	4980227
alquile	4980226
castidad	4980225
terminaran	4980224
avanzan	4980223
convertirnos	4980222
fijamos	4980221
jekyll	4980220
retirados	4980219
mean	4980218
renunciare	4980217
lowell	4980216
delincuencia	4980215
predicar	4980214
soho	4980213
temblores	4980212
arrepentira	4980211
detesta	4980210
aang	4980209
volvian	4980208
despertamos	4980207
caidas	4980206
peligrosamente	4980205
bautista	4980204
separando	4980203
college	4980202
socrates	4980201
aparezcan	4980200
armo	4980199
whit	4980198
wonder	4980197
hagen	4980196
desapareces	4980195
pretencioso	4980194
vinculado	4980193
roxanne	4980192
asustarla	4980191
muelas	4980190
seduccion	4980189
indirecta	4980188
entrena	4980187
dudoso	4980186
dempsey	4980185
maldigo	4980184
fascinantes	4980183
ocupaba	4980182
mariscos	4980181
verian	4980180
lew	4980179
saltamontes	4980178
carpenter	4980177
provee	4980176
deseen	4980175
cy	4980174
variables	4980173
vaginas	4980172
anoto	4980171
pine	4980170
afilada	4980169
superficiales	4980168
enciendo	4980167
duraria	4980166
disneylandia	4980165
amish	4980164
alpes	4980163
asesinando	4980162
cucharas	4980161
abertura	4980160
samba	4980159
partire	4980158
pelee	4980157
destiny	4980156
cuadrada	4980155
burros	4980154
akallabeth	4980153
hari	4980152
guineas	4980151
caricias	4980150
empacando	4980149
asociada	4980148
delatar	4980147
prefiera	4980146
socialismo	4980145
cortejo	4980144
ad	4980143
alcanzando	4980142
recuperarte	4980141
krusty	4980140
erudito	4980139
soplando	4980138
aferrarse	4980137
reversa	4980136
optica	4980135
testaruda	4980134
caprichos	4980133
alcanzare	4980132
acostumbraras	4980131
desenterrar	4980130
lacayo	4980129
comento	4980128
aterriza	4980127
pilares	4980126
examine	4980125
oirlos	4980124
ensuciar	4980123
belgrado	4980122
indicacion	4980121
melancolia	4980120
plateada	4980119
poni	4980118
lave	4980117
postes	4980116
celebran	4980115
marciano	4980114
anticipado	4980113
aa	4980112
recibirlo	4980111
muriendose	4980110
contrabandistas	4980109
comprometerse	4980108
nachos	4980107
realizada	4980106
feminista	4980105
any	4980104
lavadero	4980103
fusibles	4980102
olvideis	4980101
lyla	4980100
susana	4980099
compton	4980098
robby	4980097
luminoso	4980096
paradise	4980095
deficit	4980094
ruben	4980093
necesitarlo	4980092
sacarse	4980091
atienda	4980090
lidera	4980089
conectando	4980088
estupendas	4980087
descendencia	4980086
demonos	4980085
disfrazada	4980084
impaciencia	4980083
planeaste	4980082
rascacielos	4980081
aj	4980080
impedira	4980079
hallaremos	4980078
vendidos	4980077
put	4980076
muchisimos	4980075
encontrarlas	4980074
sintieras	4980073
jfk	4980072
destruiria	4980071
liviano	4980070
errado	4980069
rendimos	4980068
astutos	4980067
avisaron	4980066
alegremente	4980065
ensenes	4980064
infraestructura	4980063
discapacidad	4980062
cines	4980061
momentito	4980060
lugarenos	4980059
ebay	4980058
delaney	4980057
pecera	4980056
myka	4980055
colosal	4980054
verificacion	4980053
divierta	4980052
lavanda	4980051
inhumano	4980050
sabriamos	4980049
destroza	4980048
tiny	4980047
curro	4980046
equivocaba	4980045
funk	4980044
levantare	4980043
providencia	4980042
observatorio	4980041
sacrifico	4980040
sabrosa	4980039
enfadas	4980038
buscarlas	4980037
comandantes	4980036
gansos	4980035
desayunado	4980034
quesos	4980033
marcianos	4980032
procesamiento	4980031
repollo	4980030
representado	4980029
mueble	4980028
contratistas	4980027
traele	4980026
densa	4980025
ocasional	4980024
cupon	4980023
paraste	4980022
wilhelm	4980021
reddington	4980020
apagala	4980019
estrategica	4980018
conazo	4980017
palizas	4980016
demostrarte	4980015
carnegie	4980014
navio	4980013
trizas	4980012
heredar	4980011
kyoto	4980010
prometas	4980009
respete	4980008
cajita	4980007
volvo	4980006
espereme	4980005
shankar	4980004
inofensiva	4980003
trasbordador	4980002
materna	4980001
cunningham	4980000
instrumental	4979999
mareos	4979998
ordenanza	4979997
pensad	4979996
ritos	4979995
hardison	4979994
vigilarlo	4979993
contratando	4979992
creces	4979991
roben	4979990
marcello	4979989
aspen	4979988
enrico	4979987
frentes	4979986
mayer	4979985
convenciones	4979984
protesis	4979983
through	4979982
chorlito	4979981
desconfianza	4979980
cano	4979979
pateado	4979978
masturbacion	4979977
repartiendo	4979976
dominacion	4979975
proyector	4979974
dethklok	4979973
estrellado	4979972
carretilla	4979971
historiador	4979970
veer	4979969
digerir	4979968
bradshaw	4979967
loki	4979966
platon	4979965
agota	4979964
pagaban	4979963
help	4979962
infieles	4979961
fingia	4979960
volaremos	4979959
coherente	4979958
qui	4979957
moretti	4979956
odiaban	4979955
burrows	4979954
pediatra	4979953
neural	4979952
jodes	4979951
pinchado	4979950
veintidos	4979949
uss	4979948
lunares	4979947
beijing	4979946
fascina	4979945
atrapadas	4979944
cuestionando	4979943
before	4979942
implicada	4979941
destruirlos	4979940
tel	4979939
comprarse	4979938
empresarial	4979937
wilde	4979936
derribo	4979935
horton	4979934
preguntaran	4979933
amame	4979932
equivale	4979931
traseras	4979930
plutonio	4979929
rudolph	4979928
ejecuciones	4979927
amiguitos	4979926
rinoceronte	4979925
advertencias	4979924
sunshine	4979923
rambo	4979922
milagrosa	4979921
previos	4979920
traduce	4979919
mistica	4979918
alegato	4979917
vinny	4979916
turistico	4979915
huela	4979914
consumidores	4979913
referias	4979912
moros	4979911
erotica	4979910
dispararan	4979909
devastado	4979908
muevelo	4979907
frascos	4979906
lucie	4979905
mareas	4979904
ocean	4979903
extranaria	4979902
zac	4979901
after	4979900
penicilina	4979899
monarquia	4979898
rizado	4979897
controversia	4979896
lamb	4979895
todoterreno	4979894
esforzado	4979893
atasco	4979892
ade	4979891
always	4979890
abramos	4979889
tripulantes	4979888
aseguradora	4979887
bali	4979886
toledo	4979885
volaba	4979884
comprendio	4979883
alegraria	4979882
levantaba	4979881
bosnia	4979880
preguntandose	4979879
henrietta	4979878
browning	4979877
burnett	4979876
mastil	4979875
salirme	4979874
apriete	4979873
cipri	4979872
oleada	4979871
apagan	4979870
liberarse	4979869
letales	4979868
embrujado	4979867
neela	4979866
rublos	4979865
considerare	4979864
absolucion	4979863
orgasmos	4979862
dormirme	4979861
andante	4979860
historicos	4979859
cuco	4979858
cop	4979857
bret	4979856
llegase	4979855
sanson	4979854
llamale	4979853
heh	4979852
tampa	4979851
llanta	4979850
carnal	4979849
apoyare	4979848
nombramiento	4979847
seguidor	4979846
convertiran	4979845
loquero	4979844
perspicaz	4979843
pionero	4979842
distribuir	4979841
mohammed	4979840
raina	4979839
safari	4979838
permanecido	4979837
tirarla	4979836
anticuada	4979835
contagiosa	4979834
consiguiente	4979833
tecnologico	4979832
anote	4979831
aceptaran	4979830
resistirme	4979829
complejidad	4979828
propulsores	4979827
andabas	4979826
madden	4979825
soltarlo	4979824
comedias	4979823
melbourne	4979822
escalas	4979821
haiti	4979820
pulsar	4979819
frustrada	4979818
baylor	4979817
improvisacion	4979816
complicidad	4979815
sari	4979814
celebremos	4979813
corcho	4979812
ultimatum	4979811
cineasta	4979810
culata	4979809
trabajaria	4979808
producida	4979807
ofrezca	4979806
rinden	4979805
ubicado	4979804
agrega	4979803
donnelly	4979802
irrespetuoso	4979801
resultaria	4979800
abc	4979799
marguerite	4979798
verificarlo	4979797
parrish	4979796
batear	4979795
derrumbe	4979794
tania	4979793
laurence	4979792
status	4979791
encargarnos	4979790
wa	4979789
breves	4979788
cilindro	4979787
cannabis	4979786
craneos	4979785
tememos	4979784
nacionalidad	4979783
talibanes	4979782
sentiamos	4979781
money	4979780
dimitir	4979779
lloriquear	4979778
inspirar	4979777
causaria	4979776
envejeciendo	4979775
acompanada	4979774
juzgarme	4979773
coopera	4979772
represion	4979771
imparable	4979770
foa	4979769
dover	4979768
atlas	4979767
lidia	4979766
echarla	4979765
alarmante	4979764
vitores	4979763
titanes	4979762
tajada	4979761
maestras	4979760
liberaron	4979759
colecta	4979758
formamos	4979757
mechero	4979756
viga	4979755
travesti	4979754
gastas	4979753
clerigo	4979752
pagano	4979751
miraron	4979750
bypass	4979749
protejo	4979748
entendimos	4979747
inglesas	4979746
olvidarla	4979745
robertson	4979744
fury	4979743
conseguirnos	4979742
divorciaron	4979741
abandonarme	4979740
rochelle	4979739
prestan	4979738
tardas	4979737
defiendo	4979736
monumentos	4979735
cher	4979734
necesitariamos	4979733
sanjana	4979732
hungaro	4979731
elka	4979730
discapacitados	4979729
exagerada	4979728
devolviste	4979727
inusuales	4979726
proteges	4979725
demorar	4979724
patrullando	4979723
reportando	4979722
alitas	4979721
subterranea	4979720
nacimos	4979719
unanime	4979718
rapidito	4979717
emborracharse	4979716
eslogan	4979715
atraparte	4979714
descanses	4979713
coreanos	4979712
pararemos	4979711
inconvenientes	4979710
glass	4979709
mantuviste	4979708
instantes	4979707
ciudadania	4979706
keaton	4979705
ortografia	4979704
presagio	4979703
pre	4979702
alejas	4979701
naipes	4979700
dirigi	4979699
sandia	4979698
ventura	4979697
permitiran	4979696
armeria	4979695
cetro	4979694
estuche	4979693
fitch	4979692
escuadrones	4979691
beat	4979690
lame	4979689
intimidante	4979688
ain	4979687
cabellera	4979686
lafayette	4979685
sparky	4979684
accesible	4979683
adivinas	4979682
informantes	4979681
manuales	4979680
cajera	4979679
callejeros	4979678
eliminarlo	4979677
unni	4979676
situa	4979675
sufres	4979674
cosette	4979673
ciro	4979672
apagaron	4979671
titus	4979670
sueldos	4979669
demandando	4979668
intencional	4979667
lockwood	4979666
cuarteto	4979665
citando	4979664
infinitamente	4979663
abandonarlo	4979662
procedan	4979661
osama	4979660
capacitado	4979659
expectativa	4979658
sumas	4979657
enamorar	4979656
tardando	4979655
goldberg	4979654
ladrar	4979653
pudieses	4979652
shorty	4979651
acordaba	4979650
soltaron	4979649
culito	4979648
franja	4979647
bastaba	4979646
sobrinos	4979645
imponente	4979644
kimmy	4979643
crown	4979642
jobs	4979641
violinista	4979640
carteras	4979639
manejamos	4979638
sujetando	4979637
erm	4979636
difamacion	4979635
barrotes	4979634
vaina	4979633
aspirantes	4979632
apetezca	4979631
sres	4979630
acompanan	4979629
anduvo	4979628
bohannon	4979627
aceptarla	4979626
parpados	4979625
humillada	4979624
delilah	4979623
teman	4979622
peninsula	4979621
senalando	4979620
school	4979619
codificado	4979618
hawks	4979617
zelda	4979616
visibilidad	4979615
envios	4979614
despida	4979613
renunciando	4979612
arquero	4979611
sparks	4979610
uau	4979609
rapto	4979608
peluda	4979607
disfrutaba	4979606
church	4979605
ramirez	4979604
mora	4979603
fusible	4979602
envies	4979601
agustin	4979600
enamorarte	4979599
abono	4979598
encerrarme	4979597
trenzas	4979596
sacaras	4979595
cojin	4979594
cautela	4979593
patearte	4979592
apasionante	4979591
indulgente	4979590
kumar	4979589
tratarla	4979588
valles	4979587
absorbe	4979586
yun	4979585
ilimitado	4979584
apostarlo	4979583
operan	4979582
aguantado	4979581
oirle	4979580
alejamiento	4979579
kan	4979578
mets	4979577
tsunami	4979576
bronson	4979575
crezcas	4979574
deep	4979573
disfrutaste	4979572
fair	4979571
pateare	4979570
migrana	4979569
dedican	4979568
rodeando	4979567
weir	4979566
recorte	4979565
adoracion	4979564
peregrino	4979563
prosiga	4979562
volverian	4979561
aburriendo	4979560
seok	4979559
asignaron	4979558
irma	4979557
doreen	4979556
despiadada	4979555
cuneta	4979554
erroneo	4979553
gareth	4979552
volveriamos	4979551
calder	4979550
lanzada	4979549
cepa	4979548
seh	4979547
adopto	4979546
bloody	4979545
dedicaba	4979544
banado	4979543
acude	4979542
descuidada	4979541
ml	4979540
bobos	4979539
boxear	4979538
plantea	4979537
saludando	4979536
directas	4979535
herederos	4979534
true	4979533
major	4979532
gastes	4979531
besan	4979530
impotencia	4979529
comiences	4979528
volcanes	4979527
windsor	4979526
miki	4979525
kapoor	4979524
frambuesa	4979523
titanio	4979522
rogo	4979521
fluir	4979520
escupelo	4979519
dron	4979518
astronomia	4979517
chic	4979516
hornos	4979515
aerosol	4979514
mojadas	4979513
cesarea	4979512
destacar	4979511
conectamos	4979510
encierren	4979509
cumplimos	4979508
concuerdo	4979507
formato	4979506
comprendemos	4979505
invadiendo	4979504
jolly	4979503
acostumbraba	4979502
destruiran	4979501
metiendose	4979500
genuina	4979499
martine	4979498
jimbo	4979497
grabados	4979496
coles	4979495
banador	4979494
devolviendo	4979493
hackers	4979492
dispararles	4979491
espectaculares	4979490
vasta	4979489
ecografia	4979488
logrando	4979487
quemarlo	4979486
tensiones	4979485
apagando	4979484
potable	4979483
madurado	4979482
dormiremos	4979481
bruta	4979480
envuelve	4979479
jerarquia	4979478
llamandote	4979477
preferible	4979476
quitaran	4979475
idealista	4979474
gang	4979473
preventiva	4979472
verificado	4979471
institutriz	4979470
sorteo	4979469
tablon	4979468
derrotados	4979467
utilizaba	4979466
aclaremos	4979465
antibalas	4979464
odette	4979463
pelucas	4979462
pancho	4979461
gastaste	4979460
bug	4979459
trufas	4979458
apostamos	4979457
deshice	4979456
dejadle	4979455
apures	4979454
imaginaria	4979453
comunicador	4979452
liberarlo	4979451
enviadas	4979450
sentadas	4979449
relajarnos	4979448
bancarios	4979447
enamoramos	4979446
utilizaron	4979445
indestructible	4979444
gossip	4979443
solterona	4979442
cavernas	4979441
biff	4979440
termitas	4979439
serbios	4979438
derretido	4979437
susurros	4979436
disfrutamos	4979435
recuperaras	4979434
embarcar	4979433
tardaria	4979432
oooh	4979431
fugitiva	4979430
psicologa	4979429
interrumpimos	4979428
arsenico	4979427
batida	4979426
consuela	4979425
interminables	4979424
aplican	4979423
fisk	4979422
disminuido	4979421
recompensado	4979420
shan	4979419
porciones	4979418
escoges	4979417
locomotora	4979416
delicadas	4979415
concebido	4979414
rechazas	4979413
rue	4979412
yay	4979411
goo	4979410
respondia	4979409
encerrarlo	4979408
despertaras	4979407
oirnos	4979406
gradas	4979405
condecorado	4979404
comparando	4979403
sureno	4979402
rasgo	4979401
starr	4979400
vibrador	4979399
tariq	4979398
proctor	4979397
retrospectiva	4979396
meera	4979395
esperandonos	4979394
dra	4979393
terrance	4979392
welles	4979391
sanguijuelas	4979390
rudos	4979389
audacia	4979388
arcos	4979387
colado	4979386
ridley	4979385
comodoro	4979384
reproducir	4979383
empleador	4979382
felicitar	4979381
abandonamos	4979380
impune	4979379
staten	4979378
manualmente	4979377
bajarlo	4979376
perfumes	4979375
relatos	4979374
coreografia	4979373
recomendaria	4979372
waffles	4979371
alvarez	4979370
estropearlo	4979369
moses	4979368
simultaneamente	4979367
scofield	4979366
encantaban	4979365
zorros	4979364
aorta	4979363
relax	4979362
march	4979361
sita	4979360
trajeras	4979359
starbucks	4979358
abrirte	4979357
graduarme	4979356
halcones	4979355
levantaron	4979354
oigamos	4979353
canyon	4979352
voltea	4979351
inevitablemente	4979350
cbi	4979349
antartida	4979348
progresar	4979347
empeoro	4979346
doncellas	4979345
trabajito	4979344
hester	4979343
cagaste	4979342
lazaro	4979341
diese	4979340
solicite	4979339
rellena	4979338
colchones	4979337
infante	4979336
calmara	4979335
branch	4979334
avanzamos	4979333
interpretando	4979332
senalado	4979331
distritos	4979330
plazas	4979329
zo	4979328
reclutado	4979327
shen	4979326
traenos	4979325
residencial	4979324
chuleta	4979323
panecillo	4979322
escondiendose	4979321
receptores	4979320
contratada	4979319
fanfarron	4979318
decirnoslo	4979317
vietnamita	4979316
arrojaron	4979315
incomodos	4979314
ton	4979313
activacion	4979312
imitando	4979311
maduros	4979310
rechazando	4979309
aterra	4979308
alcoholismo	4979307
andate	4979306
tapado	4979305
tech	4979304
concursante	4979303
helice	4979302
moviendote	4979301
alistair	4979300
quemaste	4979299
strip	4979298
capuchino	4979297
desearias	4979296
debatir	4979295
estad	4979294
sandro	4979293
usher	4979292
preocupara	4979291
enciendelo	4979290
obvias	4979289
confundi	4979288
vu	4979287
adoptivo	4979286
movais	4979285
recordais	4979284
madriguera	4979283
ramsay	4979282
traiciona	4979281
llamalos	4979280
esforzarse	4979279
marsha	4979278
economicas	4979277
concesiones	4979276
lejia	4979275
simbolico	4979274
frodo	4979273
descargando	4979272
coyotes	4979271
revisaron	4979270
pinos	4979269
cold	4979268
benefactor	4979267
sacalos	4979266
simpaticos	4979265
chick	4979264
tipa	4979263
orificio	4979262
camp	4979261
cuentenos	4979260
oyeme	4979259
recuperarme	4979258
odin	4979257
adelanta	4979256
gritare	4979255
stafford	4979254
vater	4979253
tiroteos	4979252
admita	4979251
albumes	4979250
eyes	4979249
quejar	4979248
pedal	4979247
concluyente	4979246
insuficiencia	4979245
estropea	4979244
venderemos	4979243
civilizados	4979242
torturando	4979241
underwood	4979240
mellizos	4979239
gaza	4979238
saldrias	4979237
escucharia	4979236
sketch	4979235
fugas	4979234
hechicera	4979233
nicholson	4979232
haberos	4979231
detallada	4979230
prohibidos	4979229
tercios	4979228
arreste	4979227
gozar	4979226
tejer	4979225
arrow	4979224
sentimentales	4979223
verja	4979222
obligarte	4979221
reian	4979220
adoptivos	4979219
inventos	4979218
respondieron	4979217
billings	4979216
sospechamos	4979215
chicles	4979214
oak	4979213
prohibidas	4979212
gill	4979211
budin	4979210
bajor	4979209
riggs	4979208
limpiamos	4979207
progresado	4979206
juveniles	4979205
ponlas	4979204
condenaron	4979203
hap	4979202
picantes	4979201
jakob	4979200
marla	4979199
elsie	4979198
giovanna	4979197
pano	4979196
idolos	4979195
confundidos	4979194
monopolio	4979193
exigen	4979192
bondadoso	4979191
rieron	4979190
pritchard	4979189
evito	4979188
cabronazo	4979187
escapen	4979186
kaiser	4979185
rosalie	4979184
compensare	4979183
juntarnos	4979182
reembolso	4979181
compartirla	4979180
ignoralo	4979179
insistente	4979178
tijera	4979177
hernan	4979176
variedades	4979175
posteriores	4979174
aseguran	4979173
hauser	4979172
primordial	4979171
desagradecido	4979170
encubiertos	4979169
enfasis	4979168
dogs	4979167
hurto	4979166
enoje	4979165
cornudo	4979164
escondas	4979163
dudando	4979162
provocan	4979161
peleare	4979160
apariciones	4979159
sato	4979158
volvieran	4979157
larvas	4979156
sostenia	4979155
aplaudir	4979154
lupin	4979153
helene	4979152
pastos	4979151
ganaran	4979150
acariciar	4979149
anteayer	4979148
peaje	4979147
glaciar	4979146
exageracion	4979145
conjeturas	4979144
escoceses	4979143
rastreamos	4979142
pidiendole	4979141
naruto	4979140
empenado	4979139
disfrazados	4979138
plural	4979137
canerias	4979136
cargadas	4979135
clip	4979134
bajada	4979133
caligrafia	4979132
manitas	4979131
obtendre	4979130
construiremos	4979129
agrade	4979128
grandulon	4979127
inframundo	4979126
palabrotas	4979125
gaviotas	4979124
patologia	4979123
enganados	4979122
entenderte	4979121
gerencia	4979120
nicotina	4979119
recargar	4979118
buy	4979117
grandiosos	4979116
municipio	4979115
descansado	4979114
teatros	4979113
viboras	4979112
reducida	4979111
llevelo	4979110
flanders	4979109
nemo	4979108
goteo	4979107
mirarle	4979106
escucharas	4979105
hambruna	4979104
carbohidratos	4979103
obligando	4979102
fortunas	4979101
fabulosos	4979100
disturbio	4979099
traerles	4979098
subirlo	4979097
resista	4979096
debates	4979095
deteccion	4979094
justificado	4979093
cerrarlo	4979092
lukas	4979091
atendio	4979090
liberara	4979089
algebra	4979088
circunstancial	4979087
despiertan	4979086
rosquilla	4979085
discografica	4979084
shorts	4979083
enganarnos	4979082
valentino	4979081
avecina	4979080
persa	4979079
trasto	4979078
muerden	4979077
librarnos	4979076
leyera	4979075
sectores	4979074
hernia	4979073
dependera	4979072
centinelas	4979071
tomense	4979070
discapacitado	4979069
ignicion	4979068
invitarlo	4979067
aisha	4979066
oruga	4979065
klingons	4979064
cubrirme	4979063
venderlos	4979062
resucitado	4979061
garland	4979060
rochester	4979059
husmear	4979058
heaven	4979057
refugiado	4979056
escasos	4979055
insensato	4979054
lutz	4979053
insultes	4979052
justificacion	4979051
kaplan	4979050
abanico	4979049
temi	4979048
trataran	4979047
kelsey	4979046
atf	4979045
apodos	4979044
lassiter	4979043
motors	4979042
instantaneo	4979041
plus	4979040
gonorrea	4979039
bocetos	4979038
rescatarme	4979037
dalia	4979036
rapero	4979035
abandonara	4979034
romperme	4979033
ellison	4979032
nerviosas	4979031
sorry	4979030
sostenerlo	4979029
cometelo	4979028
adorada	4979027
damian	4979026
encierra	4979025
escogieron	4979024
fortalecer	4979023
lechero	4979022
boli	4979021
vasco	4979020
beberemos	4979019
recuperes	4979018
brutales	4979017
suda	4979016
amanezca	4979015
johannes	4979014
moray	4979013
intimidacion	4979012
huang	4979011
bautizado	4979010
liberando	4979009
salten	4979008
sayid	4979007
extradicion	4979006
musgo	4979005
kylie	4979004
envueltos	4979003
asegurando	4979002
agradecertelo	4979001
involucro	4979000
acordeon	4978999
destrui	4978998
cardassianos	4978997
recorre	4978996
blackjack	4978995
merienda	4978994
galileo	4978993
panthers	4978992
ruthie	4978991
creativos	4978990
herede	4978989
manolo	4978988
oponentes	4978987
uniformados	4978986
dispararia	4978985
sulu	4978984
cantor	4978983
acostumbrate	4978982
aspira	4978981
selina	4978980
solicitamos	4978979
altero	4978978
arrancarle	4978977
agresividad	4978976
aretes	4978975
legendaria	4978974
diferenciar	4978973
restante	4978972
siniestra	4978971
juramos	4978970
jumbo	4978969
macbeth	4978968
yoda	4978967
disenadora	4978966
made	4978965
hornear	4978964
apurada	4978963
estatuto	4978962
shaggy	4978961
veterinaria	4978960
jem	4978959
despertaba	4978958
agotados	4978957
amistosos	4978956
clarissa	4978955
fugo	4978954
every	4978953
sentaremos	4978952
orientales	4978951
nadador	4978950
esperarlo	4978949
cloro	4978948
refran	4978947
knock	4978946
aerolineas	4978945
arrastrandose	4978944
academica	4978943
sudoeste	4978942
vaginal	4978941
reabrir	4978940
aleatorio	4978939
empezad	4978938
bajarse	4978937
bluebell	4978936
mandaba	4978935
epilepsia	4978934
suplemento	4978933
soportaria	4978932
implicados	4978931
revuelo	4978930
transcripcion	4978929
quejado	4978928
sunbae	4978927
calmante	4978926
wee	4978925
mojo	4978924
sobriedad	4978923
lexington	4978922
diestro	4978921
hubble	4978920
relaje	4978919
hazanas	4978918
viveres	4978917
voltaje	4978916
sameer	4978915
avispas	4978914
sacale	4978913
vomite	4978912
sabiais	4978911
causaron	4978910
masterson	4978909
anulado	4978908
dejese	4978907
novelista	4978906
presentaste	4978905
ru	4978904
conciente	4978903
sordido	4978902
consultado	4978901
momo	4978900
apareamiento	4978899
aposto	4978898
supuso	4978897
nirvana	4978896
calmarnos	4978895
fertilizante	4978894
ingresado	4978893
horrendo	4978892
adoras	4978891
compostura	4978890
cotidiana	4978889
hipodromo	4978888
debieras	4978887
niegues	4978886
evite	4978885
sintonia	4978884
fijacion	4978883
rebanada	4978882
keen	4978881
desactivado	4978880
anecdota	4978879
traigamos	4978878
russel	4978877
superiora	4978876
ibm	4978875
resumiendo	4978874
controlados	4978873
portar	4978872
ansia	4978871
dependia	4978870
escapes	4978869
horoscopo	4978868
mouth	4978867
graduarse	4978866
retirando	4978865
camboya	4978864
evadir	4978863
encenderlo	4978862
rizos	4978861
esculturas	4978860
besarnos	4978859
coeficiente	4978858
prendido	4978857
cuentales	4978856
acordes	4978855
delirante	4978854
afeitarme	4978853
retiran	4978852
traiganme	4978851
primitivos	4978850
respetuosamente	4978849
vikingo	4978848
tragedias	4978847
stock	4978846
investigare	4978845
kern	4978844
wan	4978843
bailen	4978842
recordemos	4978841
rhode	4978840
aereos	4978839
leary	4978838
aparezco	4978837
golpeen	4978836
pistoleros	4978835
consultas	4978834
finjo	4978833
gramatica	4978832
aliada	4978831
quo	4978830
fumador	4978829
yugoslavia	4978828
albany	4978827
atacarnos	4978826
lexie	4978825
kono	4978824
cage	4978823
bipolar	4978822
afilados	4978821
merecian	4978820
agricola	4978819
versalles	4978818
francoise	4978817
pio	4978816
shogun	4978815
rumania	4978814
pidiendome	4978813
limpiaba	4978812
ebrios	4978811
desolado	4978810
escaso	4978809
protegio	4978808
ocaso	4978807
proverbio	4978806
peppino	4978805
camden	4978804
vicepresidenta	4978803
wiley	4978802
contratan	4978801
name	4978800
trampolin	4978799
delaware	4978798
shell	4978797
albuquerque	4978796
presuntuoso	4978795
shadow	4978794
georgetown	4978793
ordenaste	4978792
colorido	4978791
tj	4978790
platillos	4978789
rowan	4978788
borden	4978787
into	4978786
reptil	4978785
clavicula	4978784
roderick	4978783
ae	4978782
agradezca	4978781
jd	4978780
dorsal	4978779
ajena	4978778
besarse	4978777
estrechar	4978776
perversa	4978775
aplasta	4978774
quirurgico	4978773
ghetto	4978772
enviarlos	4978771
recibida	4978770
devastada	4978769
convenza	4978768
lavare	4978767
provenza	4978766
hallada	4978765
mode	4978764
korra	4978763
averiguen	4978762
dodd	4978761
matador	4978760
impensable	4978759
quitarlo	4978758
yolanda	4978757
traumas	4978756
repugnantes	4978755
hamster	4978754
kendra	4978753
riesgoso	4978752
castigarte	4978751
liquidacion	4978750
juraste	4978749
plazos	4978748
quedemonos	4978747
tropezar	4978746
compartiremos	4978745
mantel	4978744
story	4978743
constituye	4978742
lamentos	4978741
dream	4978740
desafiando	4978739
aloha	4978738
proporcionado	4978737
paparazzi	4978736
negociador	4978735
ambito	4978734
rinda	4978733
fingi	4978732
centeno	4978731
ancianas	4978730
comportarme	4978729
globulos	4978728
centenares	4978727
deseabas	4978726
afirmo	4978725
forrester	4978724
ejecuta	4978723
arrastrarme	4978722
quemamos	4978721
adama	4978720
perseguidos	4978719
incompleto	4978718
lenador	4978717
esmalte	4978716
insulta	4978715
teclas	4978714
inapropiada	4978713
confiada	4978712
malvaviscos	4978711
aspiraciones	4978710
socialistas	4978709
retrasando	4978708
cappie	4978707
recobrar	4978706
stevenson	4978705
rendire	4978704
desilusion	4978703
andado	4978702
anfetaminas	4978701
estimacion	4978700
pruebes	4978699
aziz	4978698
cuadernos	4978697
limpiate	4978696
brinda	4978695
gritaban	4978694
emborracho	4978693
arrestando	4978692
prometidos	4978691
leanne	4978690
patrullar	4978689
expande	4978688
pele	4978687
autopsias	4978686
castigos	4978685
cientificamente	4978684
dent	4978683
secret	4978682
profecias	4978681
nominado	4978680
albedrio	4978679
presentada	4978678
escaneres	4978677
variacion	4978676
astillero	4978675
nominacion	4978674
atormentado	4978673
belfast	4978672
transportado	4978671
bizcochos	4978670
incrustar	4978669
ocupese	4978668
llegarias	4978667
cortara	4978666
clancy	4978665
repuestos	4978664
escurridizo	4978663
jeffries	4978662
pedestal	4978661
nectar	4978660
rogamos	4978659
quietas	4978658
primicia	4978657
bizarro	4978656
comica	4978655
oops	4978654
destruirnos	4978653
recordaste	4978652
evitara	4978651
acusarlo	4978650
recemos	4978649
biberon	4978648
mataban	4978647
griten	4978646
tortolitos	4978645
silbar	4978644
circulando	4978643
vuelas	4978642
desapareceran	4978641
noona	4978640
eliminando	4978639
imploro	4978638
coreana	4978637
martires	4978636
aston	4978635
aprietas	4978634
organizados	4978633
timidos	4978632
temeroso	4978631
arriesgamos	4978630
trastos	4978629
rencores	4978628
periodos	4978627
dudarlo	4978626
goldie	4978625
honolulu	4978624
axe	4978623
pensarian	4978622
limitar	4978621
proyectiles	4978620
himmler	4978619
bip	4978618
frederic	4978617
heroismo	4978616
rainbow	4978615
rolls	4978614
ostra	4978613
medium	4978612
harrington	4978611
ingrato	4978610
insultando	4978609
cogia	4978608
cubrimos	4978607
porvenir	4978606
mother	4978605
bache	4978604
numerito	4978603
artagnan	4978602
filmo	4978601
custodio	4978600
soles	4978599
afeminado	4978598
pasha	4978597
comenzaran	4978596
giacomo	4978595
faciales	4978594
pillamos	4978593
prospero	4978592
cavanaugh	4978591
gema	4978590
curt	4978589
considerablemente	4978588
cubiculo	4978587
vison	4978586
activando	4978585
votan	4978584
esperaran	4978583
atracar	4978582
protegerle	4978581
vomitos	4978580
atrevio	4978579
anuales	4978578
descansare	4978577
cruzas	4978576
bolera	4978575
gaviota	4978574
diluvio	4978573
tinte	4978572
almacenar	4978571
fabrican	4978570
estuviesen	4978569
kwon	4978568
aplastada	4978567
tong	4978566
expresarse	4978565
saltaste	4978564
lastimarlo	4978563
saigon	4978562
escapas	4978561
identificaron	4978560
rejilla	4978559
pidamos	4978558
humos	4978557
otorgado	4978556
avanzadas	4978555
condenadamente	4978554
sanitario	4978553
votaron	4978552
corbett	4978551
anochezca	4978550
productivo	4978549
anticristo	4978548
panfletos	4978547
asistenta	4978546
atletismo	4978545
pideme	4978544
giulia	4978543
registraron	4978542
rommie	4978541
robusto	4978540
gibbons	4978539
padece	4978538
llovia	4978537
terricolas	4978536
payne	4978535
lavas	4978534
compensa	4978533
avestruz	4978532
astronomos	4978531
paralo	4978530
compadezco	4978529
susurra	4978528
zhao	4978527
cirie	4978526
abrazando	4978525
sentaria	4978524
sirvieron	4978523
demuestralo	4978522
meteoro	4978521
afro	4978520
inhalador	4978519
cuentaselo	4978518
inventamos	4978517
putada	4978516
devolverla	4978515
tolero	4978514
ardor	4978513
describen	4978512
desearte	4978511
convocar	4978510
lucinda	4978509
distantes	4978508
sencillos	4978507
lowe	4978506
peleaban	4978505
cazan	4978504
olvidaran	4978503
congeladas	4978502
durazno	4978501
inservible	4978500
recesion	4978499
hazmerreir	4978498
om	4978497
edimburgo	4978496
combustion	4978495
primario	4978494
subelo	4978493
musulmana	4978492
chaman	4978491
registrarse	4978490
apoderado	4978489
contradiccion	4978488
correas	4978487
pops	4978486
confinamiento	4978485
channel	4978484
reventado	4978483
resistas	4978482
golpiza	4978481
culpan	4978480
jodi	4978479
deterioro	4978478
sabine	4978477
dialisis	4978476
oiran	4978475
aplazamiento	4978474
falcon	4978473
hallazgos	4978472
saldo	4978471
france	4978470
escocesa	4978469
kessler	4978468
partidarios	4978467
enfocado	4978466
agricultor	4978465
descendiendo	4978464
cylons	4978463
estrangular	4978462
ku	4978461
telarana	4978460
firmen	4978459
coqueteo	4978458
pareciendo	4978457
gate	4978456
popeye	4978455
enredado	4978454
desilusionado	4978453
compuesta	4978452
rourke	4978451
mcbride	4978450
ceja	4978449
ovulos	4978448
prevencion	4978447
elmer	4978446
basadas	4978445
ensenaremos	4978444
ursula	4978443
convertible	4978442
curarme	4978441
descubrire	4978440
salim	4978439
jeanette	4978438
eter	4978437
complejas	4978436
penthouse	4978435
caerme	4978434
obligaste	4978433
salina	4978432
paxton	4978431
sentirnos	4978430
entretanto	4978429
teyla	4978428
pincel	4978427
preciada	4978426
indulto	4978425
perdonamos	4978424
today	4978423
repisa	4978422
informarles	4978421
delenn	4978420
rizzo	4978419
carmichael	4978418
gear	4978417
percibe	4978416
comodamente	4978415
corderos	4978414
automovilistico	4978413
comentado	4978412
leopold	4978411
colgaran	4978410
repercusiones	4978409
incierto	4978408
paralizada	4978407
chamberlain	4978406
oiras	4978405
relacionarse	4978404
deduccion	4978403
jugara	4978402
arroje	4978401
bedford	4978400
chopin	4978399
kill	4978398
agarrala	4978397
vencerlo	4978396
lister	4978395
bastar	4978394
torcida	4978393
war	4978392
aletas	4978391
gone	4978390
tiendo	4978389
cabezon	4978388
asaltante	4978387
democratica	4978386
manipulador	4978385
chachara	4978384
chalado	4978383
enamoran	4978382
hu	4978381
farrow	4978380
goles	4978379
ciruela	4978378
meteras	4978377
rezamos	4978376
brocoli	4978375
recoges	4978374
sumar	4978373
resultando	4978372
cateter	4978371
delgadas	4978370
escribira	4978369
bucle	4978368
resplandeciente	4978367
invitarle	4978366
prestarle	4978365
mormones	4978364
jodie	4978363
champinones	4978362
apodero	4978361
ren	4978360
jordania	4978359
suertes	4978358
bisexual	4978357
asustarlo	4978356
graduados	4978355
invitarnos	4978354
volviese	4978353
culturales	4978352
dijisteis	4978351
focas	4978350
avisaste	4978349
sen	4978348
cabelludo	4978347
efectivos	4978346
acostarnos	4978345
mckenzie	4978344
mamadas	4978343
expensas	4978342
asombrosos	4978341
analogia	4978340
matriculas	4978339
maduras	4978338
rian	4978337
risotto	4978336
mirandolo	4978335
vergonzosa	4978334
exitosos	4978333
upper	4978332
lot	4978331
carcelero	4978330
vegetacion	4978329
teo	4978328
eludir	4978327
agradaria	4978326
hold	4978325
cilindros	4978324
moverla	4978323
corrieron	4978322
ignoras	4978321
jonny	4978320
gustavo	4978319
tomaban	4978318
vietnamitas	4978317
apoyas	4978316
qaeda	4978315
neron	4978314
fallido	4978313
five	4978312
estadistica	4978311
abominable	4978310
termometro	4978309
libia	4978308
loomis	4978307
holandesa	4978306
insultarme	4978305
hipocritas	4978304
despertare	4978303
atacaste	4978302
probara	4978301
declararon	4978300
suman	4978299
luisiana	4978298
empezaras	4978297
importarte	4978296
pearce	4978295
lloraste	4978294
andale	4978293
plasticos	4978292
disenadores	4978291
muela	4978290
trompetas	4978289
salude	4978288
active	4978287
chucho	4978286
ines	4978285
gimiendo	4978284
clemente	4978283
chal	4978282
movi	4978281
retenerlo	4978280
suzuki	4978279
rasgunos	4978278
silenciador	4978277
spring	4978276
sor	4978275
spaghetti	4978274
acierto	4978273
resueltos	4978272
criadas	4978271
pertenecian	4978270
sacad	4978269
hendricks	4978268
farnsworth	4978267
concluye	4978266
arriesgue	4978265
puzzle	4978264
permitiremos	4978263
llanuras	4978262
greenwich	4978261
probada	4978260
perturbada	4978259
caeras	4978258
heri	4978257
thelma	4978256
erase	4978255
muletas	4978254
zapatero	4978253
maligna	4978252
tampones	4978251
patel	4978250
rema	4978249
atrapemos	4978248
joanie	4978247
comprobamos	4978246
dramas	4978245
echaras	4978244
cabanas	4978243
ponganlo	4978242
lucio	4978241
envoltorio	4978240
amaras	4978239
recogieron	4978238
mitsuko	4978237
perjudicar	4978236
pleito	4978235
canibales	4978234
afrontarlo	4978233
mesita	4978232
planearon	4978231
licoreria	4978230
mandara	4978229
alimentaria	4978228
incomparable	4978227
psicologicos	4978226
memorizar	4978225
boliche	4978224
greendale	4978223
maleza	4978222
comprarlos	4978221
schneider	4978220
reclamacion	4978219
thunder	4978218
kimono	4978217
tap	4978216
sabiamente	4978215
hibridos	4978214
rolex	4978213
encajo	4978212
brandi	4978211
capturamos	4978210
patricio	4978209
reservaciones	4978208
lastre	4978207
florece	4978206
conviertan	4978205
ahumado	4978204
renacer	4978203
tocaban	4978202
impenetrable	4978201
restablecer	4978200
calcula	4978199
deshonrado	4978198
meado	4978197
chivato	4978196
otorga	4978195
participa	4978194
janis	4978193
lise	4978192
evolucionar	4978191
murallas	4978190
comparta	4978189
anguila	4978188
motocicletas	4978187
dooley	4978186
mossad	4978185
interesara	4978184
dasela	4978183
altavoces	4978182
restringido	4978181
braddock	4978180
siguelo	4978179
kiev	4978178
indignacion	4978177
repertorio	4978176
calculadora	4978175
arqueologos	4978174
arriesgada	4978173
biologicas	4978172
arpa	4978171
cambiarle	4978170
tru	4978169
entiendelo	4978168
infinitas	4978167
seguirnos	4978166
llamarian	4978165
embarcadero	4978164
pilotar	4978163
esparragos	4978162
schiller	4978161
unire	4978160
estafar	4978159
tropicales	4978158
elimino	4978157
lagartos	4978156
walton	4978155
smitty	4978154
heterosexuales	4978153
dureza	4978152
berg	4978151
introducido	4978150
farmer	4978149
cantos	4978148
osado	4978147
shang	4978146
continuidad	4978145
sound	4978144
trazar	4978143
descubramos	4978142
distintivo	4978141
wickham	4978140
matenlos	4978139
corramos	4978138
adaptado	4978137
amarrado	4978136
ela	4978135
divorciando	4978134
tests	4978133
aptitud	4978132
velma	4978131
ejemplares	4978130
pelar	4978129
clarice	4978128
meticuloso	4978127
quilates	4978126
caterina	4978125
mojados	4978124
cuestionario	4978123
transmitido	4978122
fluyendo	4978121
pubico	4978120
holandeses	4978119
sumergido	4978118
cordial	4978117
carr	4978116
vasija	4978115
maldiciones	4978114
lujos	4978113
gastarlo	4978112
detecta	4978111
dedicarme	4978110
darrell	4978109
dialogos	4978108
jugabas	4978107
devuelven	4978106
voltear	4978105
giulio	4978104
insistido	4978103
desatame	4978102
agotamiento	4978101
monedero	4978100
bartowski	4978099
cargarlo	4978098
desarmar	4978097
adelaide	4978096
inseguridad	4978095
planchar	4978094
huya	4978093
cisnes	4978092
convertirla	4978091
suponemos	4978090
giselle	4978089
banar	4978088
pepsi	4978087
tiraria	4978086
considerarse	4978085
callarme	4978084
intimidado	4978083
desembarcar	4978082
sientase	4978081
gluten	4978080
papilla	4978079
parachoques	4978078
caliz	4978077
knicks	4978076
telegramas	4978075
intervalo	4978074
mega	4978073
brotes	4978072
drogados	4978071
arrepentirse	4978070
contraer	4978069
decidiendo	4978068
facciones	4978067
generosamente	4978066
laborales	4978065
eficacia	4978064
actualizar	4978063
primogenito	4978062
open	4978061
cooperando	4978060
hutch	4978059
conductora	4978058
contestan	4978057
tak	4978056
rezado	4978055
detendria	4978054
pavel	4978053
heck	4978052
nicaragua	4978051
dib	4978050
versus	4978049
aprenderan	4978048
abrete	4978047
moras	4978046
hablanos	4978045
chocado	4978044
abrirle	4978043
alquitran	4978042
verifique	4978041
fingido	4978040
ateo	4978039
cbs	4978038
mezclada	4978037
pack	4978036
wilkins	4978035
someterse	4978034
hallarlo	4978033
consentido	4978032
despertarla	4978031
teller	4978030
queriais	4978029
vieramos	4978028
mahoma	4978027
asimilar	4978026
osadia	4978025
retirarnos	4978024
asumido	4978023
seguirlos	4978022
importacion	4978021
apresurado	4978020
spartacus	4978019
sien	4978018
impulsa	4978017
asedio	4978016
persuasion	4978015
enciclopedia	4978014
sobreviviste	4978013
ventricular	4978012
notre	4978011
necesitando	4978010
taggart	4978009
tratabas	4978008
permanentes	4978007
utilizas	4978006
presentarnos	4978005
colaboradores	4978004
monologo	4978003
cannon	4978002
quirurgica	4978001
elmo	4978000
sostienen	4977999
domesticos	4977998
asentamiento	4977997
aviador	4977996
marcadores	4977995
mural	4977994
diabolica	4977993
musculoso	4977992
pulir	4977991
sepais	4977990
colocaron	4977989
basil	4977988
alocado	4977987
despediste	4977986
despedirlo	4977985
cojonudo	4977984
nato	4977983
identificamos	4977982
mansfield	4977981
autorizados	4977980
valeria	4977979
barkley	4977978
fosil	4977977
quemadas	4977976
culpe	4977975
causaste	4977974
forzaron	4977973
colocamos	4977972
balazos	4977971
rarito	4977970
arreglarmelas	4977969
jennie	4977968
sospeche	4977967
coronado	4977966
cortez	4977965
apesto	4977964
fases	4977963
farley	4977962
basquetbol	4977961
trebol	4977960
fume	4977959
herbie	4977958
pegare	4977957
fei	4977956
dela	4977955
camionetas	4977954
trick	4977953
incompleta	4977952
revelaciones	4977951
coney	4977950
mantendras	4977949
primarias	4977948
jong	4977947
enganada	4977946
arlene	4977945
florista	4977944
testifico	4977943
caere	4977942
deena	4977941
noruego	4977940
imprescindible	4977939
pilates	4977938
producciones	4977937
dulcemente	4977936
cornelius	4977935
cumplia	4977934
oremos	4977933
vern	4977932
destruirte	4977931
robaria	4977930
grafica	4977929
llevarian	4977928
azote	4977927
vulcanos	4977926
pasajera	4977925
diminutos	4977924
sacudio	4977923
costosa	4977922
malisimo	4977921
cede	4977920
avergonzando	4977919
derrumba	4977918
talle	4977917
tirate	4977916
reunanse	4977915
callejones	4977914
incomprensible	4977913
jocelyn	4977912
dirigirme	4977911
kelvin	4977910
embarcacion	4977909
cualificado	4977908
doblando	4977907
goteando	4977906
tallo	4977905
redujo	4977904
nim	4977903
desarrollan	4977902
even	4977901
resolvamos	4977900
notaba	4977899
hipopotamo	4977898
tully	4977897
odiosa	4977896
recogen	4977895
cummings	4977894
morirte	4977893
desobedecer	4977892
caben	4977891
debilita	4977890
defraudado	4977889
almorzando	4977888
liquida	4977887
demandare	4977886
clanes	4977885
ligeros	4977884
equivoques	4977883
caian	4977882
mercader	4977881
asombrosas	4977880
especular	4977879
soltarme	4977878
melodias	4977877
malignos	4977876
controlaba	4977875
registramos	4977874
ready	4977873
firmarlo	4977872
juarez	4977871
pimientos	4977870
transcurso	4977869
montura	4977868
riverside	4977867
probarte	4977866
desprecia	4977865
fallon	4977864
engordado	4977863
latigazos	4977862
destruirme	4977861
entrevistado	4977860
dejalas	4977859
lleveselo	4977858
peras	4977857
integracion	4977856
involucre	4977855
conoceria	4977854
animarte	4977853
vigas	4977852
ignoraba	4977851
pascuas	4977850
mediano	4977849
esparcir	4977848
olido	4977847
innecesaria	4977846
kincaid	4977845
conservacion	4977844
chupitos	4977843
escarabajos	4977842
organicos	4977841
retirare	4977840
inconcebible	4977839
calleigh	4977838
comendador	4977837
dei	4977836
identificados	4977835
cuenco	4977834
caravanas	4977833
excesivamente	4977832
franks	4977831
seven	4977830
donut	4977829
entusiasma	4977828
malhumorado	4977827
ashton	4977826
lirios	4977825
jessi	4977824
pasadena	4977823
cambiada	4977822
twist	4977821
pool	4977820
torpes	4977819
things	4977818
fracasados	4977817
estrategico	4977816
siervos	4977815
franny	4977814
caminemos	4977813
inundado	4977812
calmo	4977811
inseparables	4977810
gubernamentales	4977809
georgina	4977808
materias	4977807
mentimos	4977806
inimaginable	4977805
cuidaras	4977804
robara	4977803
cisco	4977802
devolverselo	4977801
involucres	4977800
mestizo	4977799
averigues	4977798
murmurando	4977797
golpeamos	4977796
tramites	4977795
enid	4977794
contestando	4977793
encajaba	4977792
aloja	4977791
meteremos	4977790
shalom	4977789
miraria	4977788
publicaciones	4977787
legislacion	4977786
volviendose	4977785
adoptiva	4977784
pulsa	4977783
lancen	4977782
alertar	4977781
divirtiendose	4977780
apetecia	4977779
contaremos	4977778
estimular	4977777
impone	4977776
expliques	4977775
emprender	4977774
insinuaciones	4977773
acorralado	4977772
llamelo	4977771
stephens	4977770
partira	4977769
conservado	4977768
separen	4977767
separarme	4977766
guapisimo	4977765
insaciable	4977764
torturaron	4977763
mordedura	4977762
hermes	4977761
llevemoslo	4977760
toxica	4977759
rally	4977758
literario	4977757
enfrentara	4977756
oculares	4977755
copos	4977754
reunan	4977753
extensa	4977752
atroces	4977751
chalet	4977750
rafa	4977749
beirut	4977748
ciruelas	4977747
carotida	4977746
cauteloso	4977745
formada	4977744
radiologia	4977743
malhotra	4977742
requerido	4977741
latimer	4977740
eufemismo	4977739
lunaticos	4977738
apunalaron	4977737
cumplan	4977736
devota	4977735
kruger	4977734
publicarlo	4977733
necesitada	4977732
registren	4977731
picadura	4977730
raptado	4977729
ritmos	4977728
encrucijada	4977727
caricatura	4977726
intocable	4977725
julianne	4977724
carrusel	4977723
gobernadora	4977722
colgaron	4977721
encontrarian	4977720
damasco	4977719
confundas	4977718
gunn	4977717
conoceremos	4977716
pegaso	4977715
tarifas	4977714
sostenido	4977713
casillas	4977712
lacrosse	4977711
surgieron	4977710
vilma	4977709
escribiria	4977708
met	4977707
honorables	4977706
activistas	4977705
camila	4977704
revisaremos	4977703
cantes	4977702
planificar	4977701
ibais	4977700
bartlet	4977699
esposito	4977698
pe	4977697
derramada	4977696
pate	4977695
hardware	4977694
anarquista	4977693
hueon	4977692
bonaparte	4977691
realice	4977690
superaremos	4977689
repasando	4977688
suela	4977687
constelacion	4977686
hadley	4977685
mapaches	4977684
procedente	4977683
arriesgarte	4977682
victorioso	4977681
tardaron	4977680
leave	4977679
postor	4977678
sissy	4977677
conservatorio	4977676
significas	4977675
averiado	4977674
encierran	4977673
patrullero	4977672
soltando	4977671
vigilalo	4977670
establecida	4977669
yves	4977668
ayudalo	4977667
janeiro	4977666
proximamente	4977665
pay	4977664
traelos	4977663
intromision	4977662
pileta	4977661
moriarty	4977660
hindi	4977659
tyrone	4977658
continuaba	4977657
fastidiando	4977656
compuestos	4977655
llamanos	4977654
documentales	4977653
deshace	4977652
diafragma	4977651
amargada	4977650
llavero	4977649
ganchos	4977648
enseneme	4977647
ahorco	4977646
atacarme	4977645
guio	4977644
espinacas	4977643
cochino	4977642
meteorologico	4977641
sedantes	4977640
listado	4977639
iljimae	4977638
tolerante	4977637
pastelero	4977636
advertirles	4977635
artillero	4977634
psicologicamente	4977633
aceptaba	4977632
interfiere	4977631
carole	4977630
terminarla	4977629
pican	4977628
detestable	4977627
gamberro	4977626
herirme	4977625
malasia	4977624
austen	4977623
heladas	4977622
pantuflas	4977621
philly	4977620
ofrecimiento	4977619
lastimarla	4977618
vengare	4977617
gustamos	4977616
dispersense	4977615
impresionados	4977614
detergente	4977613
pollito	4977612
rimmer	4977611
follon	4977610
acudido	4977609
santiamen	4977608
monaco	4977607
inhala	4977606
bateo	4977605
lucro	4977604
compulsivo	4977603
remitente	4977602
gorrion	4977601
titeres	4977600
picadillo	4977599
devolvieron	4977598
hiperespacio	4977597
suecos	4977596
televisores	4977595
barberia	4977594
oskar	4977593
estaciona	4977592
milk	4977591
prestamista	4977590
resume	4977589
migajas	4977588
creedme	4977587
baches	4977586
burgues	4977585
johns	4977584
medicinal	4977583
proyecciones	4977582
dinamico	4977581
regan	4977580
factible	4977579
asignada	4977578
aerodromo	4977577
aleta	4977576
deletrea	4977575
empenos	4977574
focos	4977573
pelotudo	4977572
estimulacion	4977571
dedicarse	4977570
dependencia	4977569
springer	4977568
subestimado	4977567
capto	4977566
uniran	4977565
mellie	4977564
llanura	4977563
nigeria	4977562
desechable	4977561
saltare	4977560
kings	4977559
flack	4977558
inadecuado	4977557
kiera	4977556
andi	4977555
emblema	4977554
preparaste	4977553
jehova	4977552
intrigado	4977551
sancho	4977550
camioneros	4977549
ignacio	4977548
adrede	4977547
regalaron	4977546
cid	4977545
climatico	4977544
buzo	4977543
rei	4977542
tino	4977541
clarkson	4977540
galante	4977539
velatorio	4977538
australianos	4977537
ayudemos	4977536
navarro	4977535
acostumbrarte	4977534
penitenciaria	4977533
interesas	4977532
futbolista	4977531
cao	4977530
banarte	4977529
deambulando	4977528
sure	4977527
esconda	4977526
arnes	4977525
leera	4977524
decidete	4977523
sosa	4977522
dialecto	4977521
acosado	4977520
cu	4977519
patrice	4977518
alexei	4977517
vendremos	4977516
vortice	4977515
llevarles	4977514
boceto	4977513
belen	4977512
dicta	4977511
ocultarme	4977510
ojitos	4977509
interestatal	4977508
louvre	4977507
embajadores	4977506
cuidarnos	4977505
sirveme	4977504
palmada	4977503
reduciendo	4977502
ayuno	4977501
talyn	4977500
quedartelo	4977499
respiratorio	4977498
atletico	4977497
silueta	4977496
constantine	4977495
anormales	4977494
gregor	4977493
crowe	4977492
transformarse	4977491
proponiendo	4977490
desnudez	4977489
tok	4977488
repetire	4977487
shi	4977486
macarthur	4977485
reciclaje	4977484
done	4977483
descapotable	4977482
nulo	4977481
consenso	4977480
quedais	4977479
peabody	4977478
confunden	4977477
bordado	4977476
malla	4977475
birkoff	4977474
arrepienta	4977473
afliccion	4977472
asustarnos	4977471
sesamo	4977470
burlado	4977469
fielding	4977468
higgs	4977467
encargando	4977466
tratarte	4977465
abusando	4977464
dodgers	4977463
tenlo	4977462
chop	4977461
suplicando	4977460
literaria	4977459
solidas	4977458
acantilados	4977457
corrupta	4977456
feroces	4977455
desfiles	4977454
mezclando	4977453
quemarse	4977452
arrasar	4977451
sonreia	4977450
enfriando	4977449
gaga	4977448
respetamos	4977447
deportistas	4977446
guillaume	4977445
consideres	4977444
diabetico	4977443
amenazarme	4977442
mckenna	4977441
meca	4977440
elixir	4977439
convivir	4977438
pasadizo	4977437
separarlos	4977436
uganda	4977435
metabolismo	4977434
controlarla	4977433
cuantico	4977432
posees	4977431
shinji	4977430
moby	4977429
tobin	4977428
rajiv	4977427
arregles	4977426
inicie	4977425
conversamos	4977424
giren	4977423
jazmin	4977422
hallan	4977421
extracto	4977420
cuadrilatero	4977419
solucionaremos	4977418
arlo	4977417
hilarante	4977416
avergonzar	4977415
cojines	4977414
ultravioleta	4977413
tamanos	4977412
distorsion	4977411
minera	4977410
carburador	4977409
enfocar	4977408
camaleon	4977407
jp	4977406
crowder	4977405
cristobal	4977404
descompuesto	4977403
compensarte	4977402
verificando	4977401
reconocida	4977400
juntarse	4977399
suizos	4977398
kar	4977397
ireis	4977396
barcaza	4977395
devil	4977394
maple	4977393
persuasivo	4977392
aseguramos	4977391
odisea	4977390
marisol	4977389
chapa	4977388
avisen	4977387
casablanca	4977386
combatiendo	4977385
coartadas	4977384
ganarlo	4977383
lacteos	4977382
envialo	4977381
verbo	4977380
repleta	4977379
cocinare	4977378
afloja	4977377
acertijos	4977376
jerri	4977375
lightman	4977374
conquistas	4977373
economicamente	4977372
aplasto	4977371
guardacostas	4977370
mundialmente	4977369
exagera	4977368
terminala	4977367
muller	4977366
cortesana	4977365
raso	4977364
creelo	4977363
escroto	4977362
malherido	4977361
murmullo	4977360
gaines	4977359
bolivia	4977358
cruzaremos	4977357
annika	4977356
podridos	4977355
extremistas	4977354
cisterna	4977353
polares	4977352
mandaremos	4977351
fastidiarme	4977350
faja	4977349
mathias	4977348
acompanarlo	4977347
pasional	4977346
estrangulador	4977345
suspende	4977344
filtros	4977343
rina	4977342
crucen	4977341
interrupciones	4977340
galerias	4977339
nidos	4977338
ze	4977337
decorados	4977336
imita	4977335
fergus	4977334
fulton	4977333
sedujo	4977332
picaro	4977331
vendan	4977330
comunicame	4977329
respiras	4977328
eliminamos	4977327
estorbo	4977326
dementes	4977325
guason	4977324
rompiera	4977323
deseable	4977322
ayudale	4977321
hernandez	4977320
mandarin	4977319
quejes	4977318
bergman	4977317
insuficiente	4977316
carinito	4977315
helga	4977314
jez	4977313
convencionales	4977312
disimular	4977311
peleemos	4977310
pasate	4977309
quisiese	4977308
richter	4977307
shu	4977306
autopistas	4977305
six	4977304
cabecita	4977303
solista	4977302
encuentrala	4977301
bora	4977300
centrarse	4977299
inmundo	4977298
taiwan	4977297
comprendas	4977296
aprecias	4977295
combinaciones	4977294
predicciones	4977293
sedan	4977292
arcoiris	4977291
psiquicos	4977290
manuela	4977289
arrebatado	4977288
limpian	4977287
esforzarte	4977286
hiroshi	4977285
watkins	4977284
britt	4977283
herald	4977282
firmaron	4977281
grotesco	4977280
jenn	4977279
faltaria	4977278
golpeados	4977277
describiria	4977276
salvos	4977275
friccion	4977274
dandy	4977273
pasarnos	4977272
christa	4977271
realizan	4977270
terrenal	4977269
guerrilla	4977268
quemen	4977267
devolvemos	4977266
acuda	4977265
ministra	4977264
elocuente	4977263
mika	4977262
empujaste	4977261
movieron	4977260
checa	4977259
fong	4977258
conoceran	4977257
paterna	4977256
contribuciones	4977255
batidos	4977254
celine	4977253
desperdicies	4977252
montas	4977251
cannes	4977250
bebedor	4977249
cogera	4977248
pagame	4977247
agh	4977246
surfista	4977245
parciales	4977244
academicos	4977243
firmamos	4977242
interrumpio	4977241
defensivas	4977240
guatemala	4977239
warrick	4977238
irritado	4977237
shirin	4977236
sacada	4977235
resta	4977234
mine	4977233
nativa	4977232
ermitano	4977231
patito	4977230
niagara	4977229
armonica	4977228
conyugal	4977227
nero	4977226
manchada	4977225
avispa	4977224
hereje	4977223
perderlos	4977222
limitados	4977221
presumo	4977220
bey	4977219
sobrenaturales	4977218
bel	4977217
viper	4977216
egipcia	4977215
camareras	4977214
pulitzer	4977213
levantaos	4977212
starling	4977211
vigilo	4977210
manejare	4977209
sugeriria	4977208
protegia	4977207
verdura	4977206
imperativo	4977205
negociable	4977204
desviacion	4977203
desatar	4977202
venderte	4977201
atendere	4977200
visteis	4977199
escucharnos	4977198
apunalada	4977197
toga	4977196
pecas	4977195
waterloo	4977194
ladera	4977193
secuaces	4977192
quijote	4977191
domiciliario	4977190
sospechosas	4977189
sands	4977188
motociclistas	4977187
afligido	4977186
vomitado	4977185
recogiste	4977184
gregg	4977183
lavaplatos	4977182
abortos	4977181
escondemos	4977180
parecieron	4977179
patologo	4977178
lenore	4977177
velero	4977176
horripilante	4977175
calderas	4977174
rashid	4977173
palmeras	4977172
tirantes	4977171
dae	4977170
leemos	4977169
prematura	4977168
poniendome	4977167
kosher	4977166
escobar	4977165
caucho	4977164
aprovechan	4977163
tatuado	4977162
desmayar	4977161
mccann	4977160
brownie	4977159
ratos	4977158
traicionaria	4977157
apio	4977156
identifique	4977155
similitudes	4977154
llevaoslo	4977153
perseguimos	4977152
ofrecia	4977151
justas	4977150
prosperar	4977149
romanticismo	4977148
presionas	4977147
pintadas	4977146
consideren	4977145
argumentar	4977144
toxicologia	4977143
ciegamente	4977142
auricular	4977141
pierrot	4977140
arce	4977139
dietrich	4977138
testifique	4977137
disculparnos	4977136
cortaba	4977135
satisfactoria	4977134
irwin	4977133
obtendremos	4977132
forro	4977131
bajaste	4977130
agitando	4977129
chequera	4977128
constitucional	4977127
candelabro	4977126
limosina	4977125
temiendo	4977124
egan	4977123
cosechar	4977122
beses	4977121
suprimir	4977120
venida	4977119
trastornos	4977118
electromagnetico	4977117
ascension	4977116
escultor	4977115
hermanastro	4977114
automaticas	4977113
holling	4977112
metallica	4977111
cubria	4977110
ocupen	4977109
blunt	4977108
calidez	4977107
benefico	4977106
movera	4977105
caerte	4977104
alentador	4977103
matutino	4977102
glandulas	4977101
esfuerza	4977100
ue	4977099
renato	4977098
roce	4977097
informen	4977096
sufrimientos	4977095
atrapara	4977094
termica	4977093
colaborador	4977092
salpicaduras	4977091
reeleccion	4977090
deportivas	4977089
bajarte	4977088
quebrada	4977087
ejecutando	4977086
volvais	4977085
dalo	4977084
secador	4977083
remolino	4977082
tender	4977081
gorman	4977080
odessa	4977079
omnibus	4977078
cuatrocientos	4977077
orgullosamente	4977076
invade	4977075
mirandola	4977074
raqueta	4977073
guardaste	4977072
filma	4977071
externas	4977070
huey	4977069
comian	4977068
alejan	4977067
icono	4977066
juice	4977065
cerebrito	4977064
ortiz	4977063
obstinada	4977062
clavada	4977061
luchen	4977060
cortaria	4977059
entreno	4977058
mg	4977057
divertia	4977056
estampida	4977055
quemarropa	4977054
cometidos	4977053
treta	4977052
tomarlas	4977051
derroto	4977050
agarrense	4977049
decidiera	4977048
cuestiona	4977047
fisura	4977046
fairfax	4977045
inconscientes	4977044
casquillo	4977043
declarando	4977042
ronca	4977041
oyente	4977040
debieramos	4977039
fresno	4977038
confundes	4977037
estruendo	4977036
distraerme	4977035
seleccionar	4977034
gayle	4977033
morian	4977032
permitiera	4977031
cocine	4977030
comuniqueme	4977029
trompa	4977028
alphonse	4977027
cocktail	4977026
quitaria	4977025
conservadora	4977024
turbulencia	4977023
recoleccion	4977022
perdieras	4977021
work	4977020
escribiras	4977019
acomodar	4977018
cj	4977017
waldo	4977016
practicamos	4977015
irani	4977014
barracas	4977013
convirtiendose	4977012
ampolla	4977011
vivis	4977010
barbas	4977009
renault	4977008
divertidisimo	4977007
cortocircuito	4977006
escucharemos	4977005
shah	4977004
fetiche	4977003
hematomas	4977002
dormirte	4977001
comodas	4977000
inclinate	4976999
conspirando	4976998
coordinar	4976997
silicona	4976996
encendere	4976995
llevaros	4976994
alcaldia	4976993
anotaciones	4976992
lagartija	4976991
supuestos	4976990
yamamoto	4976989
cee	4976988
seque	4976987
crucemos	4976986
chimeneas	4976985
confiables	4976984
reservados	4976983
sand	4976982
telepatia	4976981
mechon	4976980
samuels	4976979
dandoles	4976978
ignoran	4976977
vulgares	4976976
matrix	4976975
xvi	4976974
stress	4976973
colaterales	4976972
registran	4976971
hojalata	4976970
zed	4976969
genevieve	4976968
kemp	4976967
reclusos	4976966
rufianes	4976965
talco	4976964
westen	4976963
pondrian	4976962
apresurarnos	4976961
llovio	4976960
manifiesta	4976959
maqueta	4976958
interfaz	4976957
despeja	4976956
reluciente	4976955
adolfo	4976954
adrien	4976953
mako	4976952
scanlon	4976951
iraqui	4976950
extensiones	4976949
moderacion	4976948
estropees	4976947
lau	4976946
metalica	4976945
chimpances	4976944
pelearemos	4976943
hablaramos	4976942
dedicamos	4976941
rebajas	4976940
misty	4976939
imitaciones	4976938
positivas	4976937
recogerlos	4976936
cronometro	4976935
cheung	4976934
inadmisible	4976933
hierve	4976932
lejanas	4976931
rocket	4976930
urss	4976929
ponerles	4976928
fosas	4976927
muerda	4976926
debilucho	4976925
decidirse	4976924
contemplando	4976923
mandamiento	4976922
bieber	4976921
dijistes	4976920
domesticas	4976919
aterrice	4976918
sofisticados	4976917
chavez	4976916
recaida	4976915
denunciarlo	4976914
compartio	4976913
pasquale	4976912
folla	4976911
autora	4976910
rescatarte	4976909
implicaciones	4976908
variaciones	4976907
encubriendo	4976906
ayudandome	4976905
perdernos	4976904
imprudencia	4976903
hagale	4976902
enciendes	4976901
nasales	4976900
ensenamelo	4976899
animarme	4976898
vomita	4976897
plantilla	4976896
seductora	4976895
boogie	4976894
enviarnos	4976893
kenia	4976892
grabadas	4976891
raf	4976890
subiera	4976889
nostradamus	4976888
alquien	4976887
prominente	4976886
tuvisteis	4976885
sanjay	4976884
acababan	4976883
coincido	4976882
individualmente	4976881
avisas	4976880
solitarias	4976879
nudista	4976878
gupta	4976877
medidor	4976876
duval	4976875
jing	4976874
epstein	4976873
sintetica	4976872
vector	4976871
rodo	4976870
averigualo	4976869
mamma	4976868
renata	4976867
maritimo	4976866
diagnosticado	4976865
emery	4976864
quejaba	4976863
extenso	4976862
rudolf	4976861
luciendo	4976860
ente	4976859
resistentes	4976858
consiguete	4976857
crucigrama	4976856
rugido	4976855
turca	4976854
ordenare	4976853
argh	4976852
competitiva	4976851
fotografa	4976850
compinche	4976849
bosco	4976848
bernstein	4976847
ch	4976846
fusiles	4976845
kobe	4976844
turba	4976843
monster	4976842
joao	4976841
maui	4976840
bolitas	4976839
destruiremos	4976838
petrolera	4976837
soluciona	4976836
polos	4976835
siendolo	4976834
kovac	4976833
parlante	4976832
fuman	4976831
innecesariamente	4976830
impresionarme	4976829
escalando	4976828
cerco	4976827
cobrare	4976826
wooster	4976825
mandela	4976824
abbie	4976823
labores	4976822
llevenme	4976821
limpiamente	4976820
frotar	4976819
mudare	4976818
gasa	4976817
hundirse	4976816
arandano	4976815
disparad	4976814
desarrollaron	4976813
drogo	4976812
grilletes	4976811
pediatria	4976810
mirarlos	4976809
horizontes	4976808
pelees	4976807
visionario	4976806
emilia	4976805
ew	4976804
trace	4976803
violetas	4976802
sandoval	4976801
bri	4976800
muramos	4976799
trasladaron	4976798
mantendran	4976797
recogeremos	4976796
adivinarlo	4976795
libano	4976794
manila	4976793
tardaras	4976792
funcionaron	4976791
klara	4976790
asa	4976789
reginald	4976788
caracteres	4976787
lograria	4976786
mochilas	4976785
because	4976784
sheffield	4976783
externos	4976782
alyssa	4976781
mordiendo	4976780
clooney	4976779
kenji	4976778
guardada	4976777
ayudarse	4976776
dedicados	4976775
bastaria	4976774
friends	4976773
sintiendome	4976772
bailare	4976771
huimos	4976770
plataformas	4976769
legiones	4976768
frazier	4976767
gravitacional	4976766
agradecera	4976765
rani	4976764
curando	4976763
compromete	4976762
anything	4976761
mirandonos	4976760
destructivo	4976759
rehusa	4976758
impacientes	4976757
oponerse	4976756
disfrutad	4976755
comunicarte	4976754
bicarbonato	4976753
suegros	4976752
lakers	4976751
casen	4976750
usos	4976749
orinando	4976748
cortarse	4976747
burdeos	4976746
rallo	4976745
escuadra	4976744
falles	4976743
kimmie	4976742
informativo	4976741
tocada	4976740
compresion	4976739
view	4976738
enjambre	4976737
embriaguez	4976736
animando	4976735
anime	4976734
dahlia	4976733
phelps	4976732
observamos	4976731
maltratado	4976730
wichita	4976729
participante	4976728
proveniente	4976727
presiono	4976726
resolvere	4976725
blanquito	4976724
oval	4976723
asegurarlo	4976722
saltes	4976721
asustarse	4976720
votamos	4976719
entusiasmados	4976718
asustaron	4976717
puntillas	4976716
acecha	4976715
ski	4976714
damelas	4976713
milagrosamente	4976712
climax	4976711
arrepiente	4976710
malvadas	4976709
esperaron	4976708
fundada	4976707
misha	4976706
escupio	4976705
aquelarre	4976704
desplazamiento	4976703
arrogantes	4976702
macdonald	4976701
venceremos	4976700
atraparla	4976699
acorazado	4976698
subsidio	4976697
asciende	4976696
lim	4976695
stay	4976694
uther	4976693
heriste	4976692
wilhelmina	4976691
nemesis	4976690
botar	4976689
pasivo	4976688
ingle	4976687
autenticidad	4976686
saltador	4976685
pobrecilla	4976684
colgarlo	4976683
selena	4976682
fijaos	4976681
ampliamente	4976680
secado	4976679
saquear	4976678
gt	4976677
indulgencia	4976676
intersect	4976675
editar	4976674
llevase	4976673
creadores	4976672
anubis	4976671
negaba	4976670
cogeria	4976669
humedos	4976668
elevacion	4976667
cerremos	4976666
lucrativo	4976665
dividiremos	4976664
albanil	4976663
previas	4976662
acumulado	4976661
deshare	4976660
mimado	4976659
afirmaciones	4976658
fundamentalmente	4976657
pasamelo	4976656
estilista	4976655
errol	4976654
dependiera	4976653
disminuyendo	4976652
tranquilizarte	4976651
basandonos	4976650
mardi	4976649
cardenales	4976648
ruxin	4976647
castanas	4976646
supersticiones	4976645
seamus	4976644
soon	4976643
esperarse	4976642
fraile	4976641
elaborar	4976640
neutrones	4976639
suicidar	4976638
intactos	4976637
arado	4976636
entendiera	4976635
clandestina	4976634
fitzpatrick	4976633
categorias	4976632
lastimara	4976631
takeda	4976630
gustarian	4976629
prefieras	4976628
arreglemos	4976627
shyam	4976626
mace	4976625
mazel	4976624
crusher	4976623
iraquies	4976622
divididos	4976621
archibald	4976620
abreme	4976619
meadows	4976618
fallecida	4976617
dejenlos	4976616
biblico	4976615
ferrocarriles	4976614
confirmaron	4976613
escuchate	4976612
cajuela	4976611
defienda	4976610
sampson	4976609
corneta	4976608
hawking	4976607
envejece	4976606
encienden	4976605
caber	4976604
eee	4976603
ibrahim	4976602
acertar	4976601
barandilla	4976600
decapitado	4976599
indigestion	4976598
conservarlo	4976597
enredo	4976596
sevilla	4976595
acumulando	4976594
pj	4976593
valorar	4976592
ocio	4976591
conan	4976590
force	4976589
colocas	4976588
comunico	4976587
semejanza	4976586
rudi	4976585
confines	4976584
lyman	4976583
manejaste	4976582
aterroriza	4976581
rechazan	4976580
persigues	4976579
corrimos	4976578
crucificado	4976577
sintetico	4976576
buzos	4976575
caricaturas	4976574
hera	4976573
yendose	4976572
enojas	4976571
bandejas	4976570
encias	4976569
esperadme	4976568
jacky	4976567
venderlas	4976566
chrissy	4976565
alcanzaron	4976564
unanse	4976563
cubrirte	4976562
mortero	4976561
abrumadora	4976560
oslo	4976559
cabalga	4976558
block	4976557
intervenido	4976556
filosofos	4976555
entrenamientos	4976554
disparaba	4976553
tahiti	4976552
wait	4976551
busquedas	4976550
cahill	4976549
recogimos	4976548
woodrow	4976547
indico	4976546
presumiendo	4976545
prevista	4976544
largues	4976543
cortala	4976542
perversion	4976541
alteres	4976540
angelica	4976539
jagger	4976538
skate	4976537
manipulo	4976536
comprenderas	4976535
aconseja	4976534
desinfectante	4976533
desertores	4976532
comprometerme	4976531
desdichado	4976530
rehuso	4976529
paseme	4976528
forajidos	4976527
preferiblemente	4976526
arrastrarte	4976525
queenie	4976524
holloway	4976523
bertram	4976522
femur	4976521
sexista	4976520
basan	4976519
exterminador	4976518
decepcionas	4976517
cogiera	4976516
horrorosa	4976515
sahara	4976514
tristan	4976513
shakira	4976512
llevarmelo	4976511
debida	4976510
anakin	4976509
sindical	4976508
parkinson	4976507
interactuar	4976506
pickles	4976505
maltrato	4976504
cedio	4976503
wolfgang	4976502
mastica	4976501
picas	4976500
rompemos	4976499
rutinario	4976498
malicia	4976497
retro	4976496
townsend	4976495
vinedo	4976494
topado	4976493
desconcertado	4976492
estereotipo	4976491
neha	4976490
fundamentos	4976489
provenia	4976488
sook	4976487
ballesta	4976486
cuestas	4976485
shangai	4976484
volvernos	4976483
golpeara	4976482
recibiria	4976481
tracey	4976480
sujetense	4976479
atraidos	4976478
grasas	4976477
conocieran	4976476
shelton	4976475
celebraciones	4976474
origino	4976473
melocotones	4976472
duplicar	4976471
caimos	4976470
francie	4976469
entrene	4976468
vulnerabilidad	4976467
escaparas	4976466
enron	4976465
remington	4976464
binoculares	4976463
publicitario	4976462
res	4976461
dejabas	4976460
dolan	4976459
magnificas	4976458
rareza	4976457
mormon	4976456
donado	4976455
presenciado	4976454
vittorio	4976453
pidale	4976452
fall	4976451
encendi	4976450
orando	4976449
sedienta	4976448
alcanzaremos	4976447
aqua	4976446
aeronave	4976445
perdonan	4976444
meet	4976443
asegurara	4976442
meteran	4976441
hablandome	4976440
jewel	4976439
cautiverio	4976438
uniera	4976437
cierrala	4976436
arquitectos	4976435
realidades	4976434
sigilosamente	4976433
atomico	4976432
colton	4976431
practicos	4976430
podio	4976429
corresponden	4976428
averiguando	4976427
prometerte	4976426
kingston	4976425
luches	4976424
comprometio	4976423
despedire	4976422
dejaros	4976421
impulsiva	4976420
alzar	4976419
empujaron	4976418
umbilical	4976417
interrumpe	4976416
desconozco	4976415
sharona	4976414
toki	4976413
aviv	4976412
fracasa	4976411
estelares	4976410
apenada	4976409
interrogo	4976408
gabardina	4976407
incurable	4976406
expone	4976405
atkins	4976404
entrevistando	4976403
excepcionales	4976402
descalzo	4976401
acordaste	4976400
atacas	4976399
aumente	4976398
resolvi	4976397
imaginense	4976396
arruinarme	4976395
dormirse	4976394
resolvemos	4976393
pancreas	4976392
sobran	4976391
salvaria	4976390
rezos	4976389
ruidosos	4976388
preguntarnos	4976387
conmocionado	4976386
softball	4976385
califica	4976384
leyeron	4976383
basketball	4976382
subespacial	4976381
faraday	4976380
partiremos	4976379
autenticas	4976378
tocadiscos	4976377
encendiendo	4976376
abrazarme	4976375
llevandose	4976374
imaginaste	4976373
decepciona	4976372
apostador	4976371
gemas	4976370
medina	4976369
fobia	4976368
recordarmelo	4976367
detonadores	4976366
actuaste	4976365
electro	4976364
tumbada	4976363
gentuza	4976362
rastrea	4976361
negligente	4976360
birdie	4976359
singularidad	4976358
desorientado	4976357
terra	4976356
international	4976355
lamborghini	4976354
marlo	4976353
tomarias	4976352
comiera	4976351
atormenta	4976350
gotta	4976349
thad	4976348
relampagos	4976347
steel	4976346
mallas	4976345
ortodoxo	4976344
oyera	4976343
tentaciones	4976342
dejadnos	4976341
dormian	4976340
dum	4976339
cdc	4976338
sanguijuela	4976337
defendi	4976336
barraca	4976335
arruinan	4976334
sha	4976333
abracadabra	4976332
abandonaria	4976331
engranajes	4976330
amigables	4976329
lakhs	4976328
recuperaste	4976327
hebilla	4976326
quemare	4976325
intercambiamos	4976324
alubias	4976323
alden	4976322
carretas	4976321
pinata	4976320
iphone	4976319
superando	4976318
republicana	4976317
parecerte	4976316
comestible	4976315
saltaron	4976314
pinte	4976313
lung	4976312
venenos	4976311
dibuje	4976310
divinidad	4976309
enviale	4976308
maru	4976307
graffiti	4976306
descubras	4976305
ayudala	4976304
venenosas	4976303
conformo	4976302
separaremos	4976301
comandancia	4976300
supernova	4976299
pueblito	4976298
conseguirlos	4976297
isn	4976296
secuela	4976295
cumpliste	4976294
fusilamiento	4976293
hubieron	4976292
espadachin	4976291
repasemos	4976290
neutralizar	4976289
annabel	4976288
grandiosas	4976287
costes	4976286
subastas	4976285
estrictos	4976284
centrada	4976283
curarlo	4976282
faltara	4976281
revento	4976280
nottingham	4976279
tejados	4976278
sena	4976277
extendiendo	4976276
actuen	4976275
habladurias	4976274
pitando	4976273
barnett	4976272
rizzoli	4976271
lujosa	4976270
diagrama	4976269
conectan	4976268
estudian	4976267
chantajear	4976266
ollas	4976265
correcciones	4976264
ganster	4976263
andaban	4976262
mantengalo	4976261
adversidad	4976260
studio	4976259
sequito	4976258
brillaba	4976257
clitoris	4976256
filtrado	4976255
angustiada	4976254
resbaladizo	4976253
mencionaron	4976252
colegiala	4976251
amparo	4976250
idol	4976249
euforia	4976248
guantanamo	4976247
tramposos	4976246
perdonanos	4976245
dono	4976244
sutiles	4976243
quemara	4976242
respetables	4976241
oil	4976240
estafado	4976239
jens	4976238
talia	4976237
riviera	4976236
conos	4976235
respaldar	4976234
someter	4976233
respetaba	4976232
dispuestas	4976231
monstruosa	4976230
obedezco	4976229
invitadas	4976228
ahogarme	4976227
gourmet	4976226
poneros	4976225
willa	4976224
khalid	4976223
asher	4976222
grata	4976221
apestar	4976220
hablandole	4976219
lealo	4976218
cerrarla	4976217
intolerancia	4976216
traicionando	4976215
absurdas	4976214
articulaciones	4976213
metanfetaminas	4976212
hostal	4976211
contempla	4976210
escasa	4976209
leerle	4976208
besandose	4976207
improvisado	4976206
chateau	4976205
esporas	4976204
tricia	4976203
masivas	4976202
capturada	4976201
kraang	4976200
mentire	4976199
inventada	4976198
resbale	4976197
cabrona	4976196
uniste	4976195
mudaremos	4976194
muad	4976193
lapso	4976192
encerrarte	4976191
enfadarme	4976190
ataron	4976189
munequita	4976188
alabanzas	4976187
regulaciones	4976186
innovacion	4976185
moreau	4976184
arqueologia	4976183
disfuncion	4976182
farmacos	4976181
vigilia	4976180
grillos	4976179
completada	4976178
cagas	4976177
admirando	4976176
purcell	4976175
hear	4976174
llegaramos	4976173
apropiados	4976172
cerraremos	4976171
bobbie	4976170
pescuezo	4976169
enamoras	4976168
geisha	4976167
traba	4976166
comunitaria	4976165
quedandose	4976164
samaritano	4976163
resisten	4976162
pepinillo	4976161
impedimento	4976160
esmeraldas	4976159
delicias	4976158
mandes	4976157
resumir	4976156
pajaritos	4976155
obligas	4976154
aggie	4976153
acusas	4976152
mikhail	4976151
malcriado	4976150
tabu	4976149
baboso	4976148
peralta	4976147
motiva	4976146
prometedora	4976145
centra	4976144
colocan	4976143
quedase	4976142
almeja	4976141
gobernantes	4976140
pollock	4976139
traian	4976138
brasilena	4976137
restaurado	4976136
intentaras	4976135
anticuerpos	4976134
demostrara	4976133
pluton	4976132
respiratoria	4976131
estuviesemos	4976130
moose	4976129
vitalidad	4976128
salvate	4976127
interceptado	4976126
eppes	4976125
elevados	4976124
fenton	4976123
escribirte	4976122
alexa	4976121
prometemos	4976120
adelantate	4976119
convenientemente	4976118
existan	4976117
representas	4976116
gia	4976115
rutherford	4976114
concretamente	4976113
describiendo	4976112
pinchar	4976111
relativa	4976110
tapones	4976109
muchachita	4976108
mcguire	4976107
quitaba	4976106
mikael	4976105
huy	4976104
keiko	4976103
escribirme	4976102
mezclarse	4976101
pulse	4976100
precisamos	4976099
bendecir	4976098
imprevisto	4976097
deleite	4976096
objetiva	4976095
rebeca	4976094
apuntaba	4976093
deprime	4976092
sombrilla	4976091
pu	4976090
escapaba	4976089
subs	4976088
akira	4976087
beige	4976086
polilla	4976085
megatron	4976084
guthrie	4976083
adivinando	4976082
lon	4976081
sobrenombre	4976080
distinguida	4976079
mccain	4976078
donnell	4976077
incontrolable	4976076
forest	4976075
agarrarme	4976074
glaseado	4976073
antenas	4976072
parches	4976071
copita	4976070
concubina	4976069
causadas	4976068
retrovisor	4976067
paisano	4976066
familiarizada	4976065
yacia	4976064
taburete	4976063
nice	4976062
contraccion	4976061
alega	4976060
tonica	4976059
finalizado	4976058
sobreviviremos	4976057
vogue	4976056
goebbels	4976055
talleres	4976054
colgue	4976053
gladiadores	4976052
moi	4976051
escucharle	4976050
sasuke	4976049
piensenlo	4976048
involucradas	4976047
enfurece	4976046
disfrutemos	4976045
relajas	4976044
panteras	4976043
espasmos	4976042
consultarlo	4976041
descansas	4976040
subtitulada	4976039
admisiones	4976038
rebekah	4976037
examino	4976036
alegar	4976035
acertada	4976034
incomodidad	4976033
contras	4976032
alejen	4976031
repaso	4976030
sedado	4976029
columbus	4976028
lucius	4976027
congelacion	4976026
cris	4976025
depravado	4976024
band	4976023
ofrendas	4976022
auge	4976021
ficticia	4976020
romances	4976019
misioneros	4976018
dejele	4976017
levantarnos	4976016
degradacion	4976015
rodear	4976014
prenupcial	4976013
hatch	4976012
elanna	4976011
forestal	4976010
ajustada	4976009
bucal	4976008
sh	4976007
sostienes	4976006
regar	4976005
matematicos	4976004
invitaria	4976003
panes	4976002
desnudista	4976001
caruso	4976000
punjab	4975999
bibliotecario	4975998
perezosa	4975997
desvanecio	4975996
publicitaria	4975995
emitiendo	4975994
toracica	4975993
simboliza	4975992
lucious	4975991
organizador	4975990
aprecie	4975989
amplificador	4975988
grupal	4975987
enferman	4975986
cloroformo	4975985
suavizar	4975984
inoportuno	4975983
sueltelo	4975982
tifus	4975981
rev	4975980
seguirias	4975979
bow	4975978
almorzamos	4975977
xiii	4975976
pooh	4975975
avergonzados	4975974
fallecimiento	4975973
nochevieja	4975972
supervisora	4975971
akbar	4975970
reemplazarlo	4975969
estampillas	4975968
secretarias	4975967
hallie	4975966
millar	4975965
compuerta	4975964
arrugado	4975963
pegasus	4975962
cubriremos	4975961
qin	4975960
descargado	4975959
absorbido	4975958
dunbar	4975957
terminalo	4975956
perilla	4975955
enderezar	4975954
key	4975953
thought	4975952
mandados	4975951
capri	4975950
bertrand	4975949
severas	4975948
apestaba	4975947
preparad	4975946
okinawa	4975945
muerdo	4975944
investiguen	4975943
indigena	4975942
salaam	4975941
santas	4975940
cogeran	4975939
daneses	4975938
decididos	4975937
body	4975936
degradante	4975935
alcanzamos	4975934
anula	4975933
apacible	4975932
yerba	4975931
reaccionan	4975930
hicistes	4975929
ansio	4975928
confederacion	4975927
estomacal	4975926
carnero	4975925
sentaste	4975924
quitarles	4975923
katrine	4975922
anemia	4975921
desmayaste	4975920
topless	4975919
arrestaran	4975918
chucky	4975917
milhouse	4975916
ugo	4975915
rutledge	4975914
conocerlas	4975913
toser	4975912
leningrado	4975911
pasatiempos	4975910
coliseo	4975909
brother	4975908
basuras	4975907
portales	4975906
quedarmelo	4975905
mobiliario	4975904
marshals	4975903
camilo	4975902
destrozaron	4975901
angustiado	4975900
diantres	4975899
descarta	4975898
inmunologico	4975897
gilipollez	4975896
visitamos	4975895
welch	4975894
variable	4975893
nietzsche	4975892
intensas	4975891
escondere	4975890
ahmad	4975889
reanimacion	4975888
embolia	4975887
cubrirse	4975886
evasivas	4975885
serbio	4975884
accedi	4975883
kato	4975882
vascular	4975881
chillando	4975880
vendian	4975879
pintoresco	4975878
babu	4975877
colecciona	4975876
anastasia	4975875
conejita	4975874
escarlata	4975873
kahn	4975872
tocarle	4975871
comporto	4975870
arrastrada	4975869
excavando	4975868
liberare	4975867
compartire	4975866
electromagnetica	4975865
maynard	4975864
swann	4975863
quitarselo	4975862
visitan	4975861
sentirla	4975860
cogedle	4975859
conservo	4975858
agradecere	4975857
scottie	4975856
deke	4975855
desiertos	4975854
emitio	4975853
transporta	4975852
gentilmente	4975851
bowen	4975850
glucosa	4975849
extienden	4975848
conspiraciones	4975847
atentados	4975846
rosada	4975845
crucifijo	4975844
durmieron	4975843
helando	4975842
torero	4975841
templeton	4975840
veamoslo	4975839
estuvisteis	4975838
organizamos	4975837
meramente	4975836
ramen	4975835
latitud	4975834
perplejo	4975833
qi	4975832
asiente	4975831
huyamos	4975830
explicamelo	4975829
obsesionados	4975828
babs	4975827
firmara	4975826
tulipanes	4975825
clava	4975824
hechizado	4975823
kaufman	4975822
servidumbre	4975821
retrasos	4975820
pavimento	4975819
alterando	4975818
sanguineos	4975817
zola	4975816
corpus	4975815
chacal	4975814
tenedores	4975813
largue	4975812
bowling	4975811
transportando	4975810
improviso	4975809
chocante	4975808
madge	4975807
sueltan	4975806
cape	4975805
space	4975804
alardeando	4975803
adoramos	4975802
holiday	4975801
lamentarlo	4975800
devuelvemela	4975799
cerrajero	4975798
sinagoga	4975797
single	4975796
conroy	4975795
gant	4975794
bisabuela	4975793
permitiste	4975792
dictado	4975791
bueyes	4975790
lingotes	4975789
decime	4975788
perseguian	4975787
tentativa	4975786
pratap	4975785
maxie	4975784
branson	4975783
esclerosis	4975782
brando	4975781
garantizada	4975780
exoticos	4975779
entierren	4975778
despidieran	4975777
snob	4975776
desempacar	4975775
potentes	4975774
excluido	4975773
corvette	4975772
tieso	4975771
desistir	4975770
profundizar	4975769
atrevi	4975768
licenciatura	4975767
preguntartelo	4975766
espartaco	4975765
pretendientes	4975764
burlar	4975763
acuestes	4975762
complicar	4975761
enmendar	4975760
concertar	4975759
dion	4975758
johnston	4975757
descripciones	4975756
aprobaria	4975755
cortarla	4975754
moririan	4975753
hospicio	4975752
acercaos	4975751
peleador	4975750
huia	4975749
disculpado	4975748
concedio	4975747
acampada	4975746
rellenos	4975745
celestiales	4975744
caseras	4975743
banner	4975742
compremos	4975741
escribelo	4975740
ocultarte	4975739
dejada	4975738
diagnosticaron	4975737
walk	4975736
prudence	4975735
dvds	4975734
silvestres	4975733
rameras	4975732
chelin	4975731
hijoputa	4975730
placentera	4975729
apresurense	4975728
represente	4975727
prometen	4975726
ovarios	4975725
bellamy	4975724
airlines	4975723
donaghy	4975722
oponen	4975721
lumbar	4975720
defenderlo	4975719
humillar	4975718
menus	4975717
marko	4975716
ejem	4975715
ruin	4975714
afeitarse	4975713
vigilaba	4975712
organice	4975711
catastrofico	4975710
repetido	4975709
detectan	4975708
embarazado	4975707
maxim	4975706
montamos	4975705
exoticas	4975704
skype	4975703
moviendonos	4975702
invocar	4975701
analiza	4975700
knope	4975699
pompeyo	4975698
ros	4975697
interesadas	4975696
soportan	4975695
miraremos	4975694
hachis	4975693
parir	4975692
compresiones	4975691
ortega	4975690
mecanismos	4975689
accesorio	4975688
doblemente	4975687
yvette	4975686
tank	4975685
abrumada	4975684
presentable	4975683
abs	4975682
acompanes	4975681
campeonatos	4975680
traerias	4975679
try	4975678
europeas	4975677
croft	4975676
radial	4975675
convenio	4975674
genova	4975673
rhea	4975672
everything	4975671
peguen	4975670
rayado	4975669
toyota	4975668
tapete	4975667
parpadeo	4975666
sostuvo	4975665
cuidala	4975664
mcgarrett	4975663
myung	4975662
snyder	4975661
comprame	4975660
revienta	4975659
desconoce	4975658
presunto	4975657
matrimoniales	4975656
partieron	4975655
defectuosa	4975654
calmados	4975653
contactare	4975652
cloacas	4975651
destructores	4975650
optimistas	4975649
practican	4975648
asesinan	4975647
sarampion	4975646
choques	4975645
manuscritos	4975644
insistia	4975643
acogedora	4975642
frannie	4975641
parish	4975640
porto	4975639
avi	4975638
darmelo	4975637
mogo	4975636
quisquilloso	4975635
teorico	4975634
deduzco	4975633
criaste	4975632
dichoso	4975631
trinity	4975630
llevartelo	4975629
coordinador	4975628
revele	4975627
fijaste	4975626
esperandole	4975625
aspero	4975624
recuperada	4975623
despertaron	4975622
puncion	4975621
alocada	4975620
difunde	4975619
atrevimiento	4975618
utopia	4975617
crow	4975616
avisaremos	4975615
bulgaria	4975614
levantad	4975613
joroba	4975612
nacera	4975611
refinada	4975610
maleducada	4975609
desliz	4975608
should	4975607
baratijas	4975606
repites	4975605
praderas	4975604
autobots	4975603
marchaba	4975602
apropiadas	4975601
corse	4975600
alquilamos	4975599
globe	4975598
acercara	4975597
arrancarte	4975596
precinto	4975595
telegrafo	4975594
actitudes	4975593
lucrezia	4975592
cogida	4975591
traicionero	4975590
javi	4975589
localizarla	4975588
inversionistas	4975587
sensatez	4975586
sospechado	4975585
atendera	4975584
intervalos	4975583
preguntaban	4975582
asista	4975581
portan	4975580
paternal	4975579
crucigramas	4975578
bendecidos	4975577
sonamos	4975576
acreedores	4975575
falsificaciones	4975574
cancelacion	4975573
predecesor	4975572
chipre	4975571
estructural	4975570
balboa	4975569
innovador	4975568
estropee	4975567
sledge	4975566
chicken	4975565
anunciando	4975564
divulgar	4975563
neblina	4975562
bannister	4975561
quedarian	4975560
relajacion	4975559
sox	4975558
manchar	4975557
humedas	4975556
supersticioso	4975555
largar	4975554
rastras	4975553
injerto	4975552
celebrado	4975551
delgados	4975550
intervino	4975549
creyeras	4975548
metaforas	4975547
discutio	4975546
those	4975545
ong	4975544
canas	4975543
estafas	4975542
intentabamos	4975541
placenta	4975540
hwa	4975539
beaver	4975538
menopausia	4975537
lourdes	4975536
arruinaras	4975535
sustancial	4975534
laceraciones	4975533
telenovela	4975532
exiliado	4975531
mantuvimos	4975530
culparlo	4975529
turbio	4975528
altman	4975527
utilizados	4975526
hiedra	4975525
rygel	4975524
genoma	4975523
bendecida	4975522
callos	4975521
egocentrico	4975520
prever	4975519
cabot	4975518
voleibol	4975517
aparto	4975516
adversarios	4975515
retroceso	4975514
decidiremos	4975513
lupa	4975512
nitrato	4975511
ileso	4975510
precede	4975509
perforado	4975508
hawkeye	4975507
creara	4975506
estadisticamente	4975505
albania	4975504
crocker	4975503
navegante	4975502
curandero	4975501
arrancaron	4975500
dirty	4975499
guays	4975498
uniendo	4975497
asumes	4975496
asiste	4975495
bibliotecaria	4975494
perturbar	4975493
tejon	4975492
dibujante	4975491
aveces	4975490
dirigian	4975489
vaciado	4975488
extraido	4975487
moreton	4975486
contratarte	4975485
hancock	4975484
sudado	4975483
llenaron	4975482
confiara	4975481
lograba	4975480
enfadara	4975479
dal	4975478
insubordinacion	4975477
smash	4975476
tentaculos	4975475
complete	4975474
celebro	4975473
brutus	4975472
colocados	4975471
llegariamos	4975470
fabian	4975469
florero	4975468
delphine	4975467
gargantas	4975466
ci	4975465
esforzando	4975464
burguesa	4975463
tarados	4975462
advierte	4975461
arrebato	4975460
marcan	4975459
neurologico	4975458
raphael	4975457
autoriza	4975456
marwan	4975455
dominical	4975454
colmillo	4975453
hombria	4975452
escondieron	4975451
frau	4975450
ayudennos	4975449
escuchalo	4975448
watch	4975447
lotte	4975446
cloud	4975445
equipados	4975444
pus	4975443
ds	4975442
consecutivos	4975441
recae	4975440
reunamos	4975439
informara	4975438
musashi	4975437
desmoronando	4975436
ratoncito	4975435
moveremos	4975434
documentado	4975433
keane	4975432
alegramos	4975431
aterrizamos	4975430
tiernos	4975429
notificado	4975428
kabul	4975427
filmamos	4975426
intolerante	4975425
rienda	4975424
sabbath	4975423
robles	4975422
dirigidos	4975421
consumen	4975420
merrill	4975419
funcionaban	4975418
grabaste	4975417
docil	4975416
pao	4975415
notan	4975414
latex	4975413
asta	4975412
casando	4975411
asesora	4975410
cegado	4975409
pereza	4975408
duff	4975407
recogemos	4975406
caimanes	4975405
stalingrado	4975404
recipientes	4975403
evitas	4975402
fielmente	4975401
emilie	4975400
gruber	4975399
arqueros	4975398
sacrilegio	4975397
enamoradas	4975396
lahey	4975395
suponen	4975394
contadores	4975393
alegrar	4975392
paseaba	4975391
thakur	4975390
anibal	4975389
chismosa	4975388
pintan	4975387
desnudate	4975386
rotundamente	4975385
desterrado	4975384
aranazo	4975383
existente	4975382
golfa	4975381
tropezado	4975380
heroica	4975379
informarte	4975378
hemorroides	4975377
quitatela	4975376
pinball	4975375
gritaste	4975374
laterales	4975373
isa	4975372
cuelgo	4975371
manija	4975370
follarte	4975369
maude	4975368
puck	4975367
mudara	4975366
tenaz	4975365
aprietos	4975364
huracanes	4975363
corky	4975362
guacamole	4975361
lupus	4975360
escalpelo	4975359
cucharada	4975358
mencionan	4975357
eu	4975356
calamares	4975355
escudero	4975354
despega	4975353
introduce	4975352
asesinarlo	4975351
coros	4975350
coming	4975349
schwartz	4975348
colgare	4975347
alexandre	4975346
compone	4975345
afectaria	4975344
tramposa	4975343
inverti	4975342
fugarse	4975341
benditos	4975340
boxeadores	4975339
abusador	4975338
especializada	4975337
mitin	4975336
paulette	4975335
keating	4975334
traviesos	4975333
milos	4975332
desato	4975331
huerta	4975330
stabler	4975329
vagabunda	4975328
creerian	4975327
mezclados	4975326
mandaria	4975325
divorciamos	4975324
sudoroso	4975323
publicaron	4975322
declarada	4975321
cargamos	4975320
disponemos	4975319
valientemente	4975318
neon	4975317
cecile	4975316
jalar	4975315
solucionara	4975314
ocultaba	4975313
desconsiderado	4975312
especulaciones	4975311
quitaremos	4975310
cornisa	4975309
vendiera	4975308
ferengi	4975307
interruptores	4975306
echada	4975305
averiguas	4975304
surrealista	4975303
grabaron	4975302
nombraron	4975301
premonicion	4975300
station	4975299
leblanc	4975298
jugos	4975297
laceracion	4975296
meadow	4975295
captas	4975294
bingum	4975293
nu	4975292
marcapasos	4975291
saludarlo	4975290
agradar	4975289
esquemas	4975288
recibiremos	4975287
inviernos	4975286
robotica	4975285
gordita	4975284
leches	4975283
romulanos	4975282
protagonistas	4975281
mauricio	4975280
abusivo	4975279
garry	4975278
sacerdotisa	4975277
resistiendo	4975276
bloqueados	4975275
trisha	4975274
incluia	4975273
avaro	4975272
compensarlo	4975271
left	4975270
heinz	4975269
montecito	4975268
calurosa	4975267
quitamelo	4975266
beecher	4975265
trade	4975264
peludos	4975263
proporciono	4975262
abstracto	4975261
requisito	4975260
emplea	4975259
protegeremos	4975258
soltare	4975257
dedique	4975256
mostrarlo	4975255
planetario	4975254
forme	4975253
publique	4975252
movilidad	4975251
alamo	4975250
combinan	4975249
canicas	4975248
galope	4975247
expandiendo	4975246
comunican	4975245
comunicare	4975244
respires	4975243
lacrimogeno	4975242
amenazante	4975241
desmayarme	4975240
amenazaba	4975239
escribeme	4975238
arreglarselas	4975237
arrastran	4975236
diciendoles	4975235
debilitado	4975234
judiciales	4975233
liberan	4975232
mahoney	4975231
congelo	4975230
avisarles	4975229
saludas	4975228
arrojando	4975227
interrogarla	4975226
devastacion	4975225
riego	4975224
brigitte	4975223
presentados	4975222
days	4975221
arrepentirme	4975220
tatiana	4975219
abandonarla	4975218
metela	4975217
galon	4975216
regalaste	4975215
paleto	4975214
invaluable	4975213
virilidad	4975212
botox	4975211
dunas	4975210
tulsa	4975209
piero	4975208
mak	4975207
dichas	4975206
contenidos	4975205
calmes	4975204
orinal	4975203
durmiera	4975202
ocultaste	4975201
tower	4975200
navajas	4975199
sorprenderias	4975198
rommel	4975197
fastidioso	4975196
halagos	4975195
duradera	4975194
apellidos	4975193
risitas	4975192
shekhar	4975191
guardados	4975190
givens	4975189
acumulacion	4975188
jodieron	4975187
financieramente	4975186
hobson	4975185
reparando	4975184
representamos	4975183
divorciarme	4975182
meditando	4975181
recogelo	4975180
salome	4975179
calamidad	4975178
regalando	4975177
poros	4975176
pagarian	4975175
valencia	4975174
lomax	4975173
desayunando	4975172
hbo	4975171
vecinas	4975170
karim	4975169
follen	4975168
parese	4975167
jacobo	4975166
range	4975165
bourne	4975164
tendiste	4975163
atenciones	4975162
comportamientos	4975161
carrington	4975160
pedirtelo	4975159
corrian	4975158
intermitente	4975157
voight	4975156
herejia	4975155
desecho	4975154
susurrar	4975153
hankmed	4975152
conceda	4975151
diputados	4975150
cantaban	4975149
bao	4975148
mejoran	4975147
provoques	4975146
erupciones	4975145
gucci	4975144
preguntaras	4975143
versiculo	4975142
tubbs	4975141
reconociste	4975140
these	4975139
monito	4975138
exclusivos	4975137
manutencion	4975136
inflexible	4975135
resuelven	4975134
fuck	4975133
disolver	4975132
renuncies	4975131
hornblower	4975130
golpearla	4975129
hook	4975128
informador	4975127
traiciones	4975126
pelis	4975125
hamaca	4975124
entrometida	4975123
vestuarios	4975122
palacios	4975121
chantajista	4975120
arkady	4975119
superpoderes	4975118
interesarle	4975117
sinonimo	4975116
acompanen	4975115
alguaciles	4975114
responderme	4975113
marvel	4975112
westminster	4975111
arrugada	4975110
levadura	4975109
acabarlo	4975108
sanderson	4975107
punetero	4975106
retencion	4975105
evitamos	4975104
respeten	4975103
silenciosos	4975102
posteriormente	4975101
altibajos	4975100
leerme	4975099
friedrich	4975098
aproximandose	4975097
roswell	4975096
microbios	4975095
amenazaste	4975094
caesar	4975093
comunmente	4975092
participando	4975091
arriesgaste	4975090
inestabilidad	4975089
anexo	4975088
ralphie	4975087
gonzalez	4975086
usb	4975085
martina	4975084
ipad	4975083
corroborar	4975082
presentaros	4975081
entregarla	4975080
aprobe	4975079
silo	4975078
apestosos	4975077
delatado	4975076
confinado	4975075
quahog	4975074
mcmanus	4975073
intensiva	4975072
vengativo	4975071
presupuestos	4975070
hobbes	4975069
fauna	4975068
maybe	4975067
navega	4975066
clarinete	4975065
hayward	4975064
enterradas	4975063
brodie	4975062
bengalas	4975061
romperas	4975060
ange	4975059
gaston	4975058
sears	4975057
malgastando	4975056
augusta	4975055
care	4975054
apelaciones	4975053
batista	4975052
pibe	4975051
confiscado	4975050
acostare	4975049
roxie	4975048
nacieras	4975047
intensos	4975046
vendados	4975045
mutilado	4975044
fumes	4975043
mazmorra	4975042
credo	4975041
aplicado	4975040
asigno	4975039
meningitis	4975038
recibamos	4975037
aye	4975036
sadako	4975035
blanchard	4975034
sage	4975033
accede	4975032
descabellado	4975031
enganoso	4975030
paletas	4975029
arpon	4975028
capitales	4975027
moribunda	4975026
conectarse	4975025
mostrarse	4975024
palito	4975023
transferencias	4975022
exportacion	4975021
insultas	4975020
cyborg	4975019
avon	4975018
believe	4975017
cerraba	4975016
sincronizados	4975015
zumbando	4975014
descansan	4975013
milner	4975012
mayuscula	4975011
desordenada	4975010
incesto	4975009
invadio	4975008
fazio	4975007
niegue	4975006
rigsby	4975005
estabilizar	4975004
hawkes	4975003
larissa	4975002
canino	4975001
liberame	4975000
jorobado	4974999
situada	4974998
vigilados	4974997
aplastando	4974996
edmond	4974995
nfl	4974994
opuso	4974993
dejales	4974992
tedioso	4974991
continuado	4974990
ojai	4974989
folk	4974988
olvidemoslo	4974987
markus	4974986
acortar	4974985
desnudistas	4974984
derriba	4974983
decisiva	4974982
midsomer	4974981
fantozzi	4974980
intendente	4974979
mensuales	4974978
bingley	4974977
barack	4974976
chihuahua	4974975
timidez	4974974
leerlos	4974973
octavio	4974972
tolera	4974971
mezquina	4974970
dai	4974969
existimos	4974968
ejecutada	4974967
apendicitis	4974966
entierra	4974965
pelusa	4974964
extranarte	4974963
adquirio	4974962
estancado	4974961
gage	4974960
asesinarme	4974959
huyan	4974958
besaba	4974957
acercaron	4974956
sentencias	4974955
killian	4974954
marchara	4974953
libranos	4974952
contratados	4974951
ofendida	4974950
berman	4974949
compartia	4974948
padrinos	4974947
italianas	4974946
aristocrata	4974945
lunatica	4974944
conocieramos	4974943
tirarle	4974942
comisiones	4974941
traquea	4974940
aristoteles	4974939
demostrarles	4974938
asusten	4974937
corrompido	4974936
procesador	4974935
mongolia	4974934
apogeo	4974933
eunice	4974932
brutos	4974931
tusseries	4974930
almeida	4974929
bazar	4974928
aplaudan	4974927
perdonarlo	4974926
rutinas	4974925
tribuna	4974924
utilizarla	4974923
standard	4974922
cuchillas	4974921
deficiencia	4974920
senderos	4974919
contesten	4974918
distinguidos	4974917
vanidoso	4974916
mejicano	4974915
contestadora	4974914
llenara	4974913
hartman	4974912
hijastra	4974911
tobogan	4974910
consistentes	4974909
cardiff	4974908
zhaan	4974907
parodia	4974906
atraia	4974905
ferdinand	4974904
hickey	4974903
acidez	4974902
obedecen	4974901
sims	4974900
condados	4974899
viole	4974898
evaluaciones	4974897
adapta	4974896
pastas	4974895
arqueologo	4974894
esperais	4974893
conejillo	4974892
haganse	4974891
atrapala	4974890
tutela	4974889
reiniciar	4974888
avisenme	4974887
jovencitos	4974886
scarlet	4974885
estomagos	4974884
adaptar	4974883
kwan	4974882
molecula	4974881
hand	4974880
desintoxicacion	4974879
herradura	4974878
inmensamente	4974877
tenor	4974876
quiteme	4974875
cuidalo	4974874
pak	4974873
minneapolis	4974872
buford	4974871
declaran	4974870
cifrado	4974869
lego	4974868
salvamento	4974867
ostia	4974866
portafolio	4974865
falsamente	4974864
subita	4974863
kuwait	4974862
salinger	4974861
eye	4974860
capturarlo	4974859
abuelas	4974858
retenida	4974857
colarse	4974856
asumire	4974855
funky	4974854
atacantes	4974853
pedian	4974852
ahjumma	4974851
moja	4974850
arlington	4974849
nazir	4974848
loren	4974847
trump	4974846
impactado	4974845
miron	4974844
scrabble	4974843
asignar	4974842
morro	4974841
jeanie	4974840
orbitas	4974839
extraoficial	4974838
jia	4974837
regularidad	4974836
contraataque	4974835
joffrey	4974834
votemos	4974833
borgona	4974832
torna	4974831
valijas	4974830
desgaste	4974829
hemorragias	4974828
trocito	4974827
palillo	4974826
enrollado	4974825
resfrio	4974824
perseverancia	4974823
imaginarios	4974822
ternero	4974821
skaar	4974820
implicacion	4974819
reconocemos	4974818
antepasado	4974817
saudita	4974816
detectando	4974815
capta	4974814
guiando	4974813
conmovio	4974812
impulsado	4974811
tragicamente	4974810
earp	4974809
coleccionistas	4974808
construire	4974807
bocota	4974806
fly	4974805
rigida	4974804
confusas	4974803
limpiaste	4974802
peleaba	4974801
volatil	4974800
tobey	4974799
consistia	4974798
topher	4974797
redactor	4974796
harmony	4974795
influyentes	4974794
rechazarlo	4974793
ciclista	4974792
competencias	4974791
esquimal	4974790
poetica	4974789
luzca	4974788
resistirte	4974787
hawthorne	4974786
twain	4974785
journal	4974784
bonus	4974783
bombillas	4974782
contratarme	4974781
protones	4974780
torturarme	4974779
brisco	4974778
aporta	4974777
miedoso	4974776
cajeros	4974775
notaron	4974774
estableciendo	4974773
traicionarme	4974772
hipotermia	4974771
comicos	4974770
tailandesa	4974769
comprueben	4974768
lavavajillas	4974767
tranquilice	4974766
rubies	4974765
represa	4974764
touche	4974763
ejerce	4974762
dormilon	4974761
gaulle	4974760
desearle	4974759
oxidada	4974758
pagale	4974757
falsificador	4974756
constantinopla	4974755
therese	4974754
tecla	4974753
lavinia	4974752
monticulo	4974751
calmaos	4974750
bly	4974749
caotico	4974748
dirigete	4974747
ahogada	4974746
concentra	4974745
acostumbres	4974744
estrangulo	4974743
sufras	4974742
buick	4974741
estatutos	4974740
limitadas	4974739
dudosa	4974738
disculpanos	4974737
gee	4974736
torchwood	4974735
prolongar	4974734
captando	4974733
vibrante	4974732
penetra	4974731
agarres	4974730
tradicionalmente	4974729
devereaux	4974728
telefoneado	4974727
conteniendo	4974726
tapate	4974725
neurocirujano	4974724
terence	4974723
inestables	4974722
llamarles	4974721
faccion	4974720
sofocante	4974719
jana	4974718
xviii	4974717
brice	4974716
distribuidores	4974715
pasarias	4974714
flamenco	4974713
cuestionable	4974712
alineados	4974711
duce	4974710
simetria	4974709
sacudiendo	4974708
hacedor	4974707
sicario	4974706
hunda	4974705
cinica	4974704
harker	4974703
arrastraron	4974702
destellos	4974701
aptitudes	4974700
llenen	4974699
incendiado	4974698
zapatilla	4974697
amaria	4974696
alcatraz	4974695
wolverine	4974694
mendigar	4974693
concentrense	4974692
estimados	4974691
carrete	4974690
empujas	4974689
piensatelo	4974688
mambo	4974687
another	4974686
limpiarla	4974685
copian	4974684
magicamente	4974683
catre	4974682
enfadarse	4974681
chorizo	4974680
atorada	4974679
intrepido	4974678
planchas	4974677
ulrich	4974676
marchaste	4974675
espejismo	4974674
derrama	4974673
traigalo	4974672
noticieros	4974671
razonablemente	4974670
dividirnos	4974669
gustaste	4974668
plymouth	4974667
sanas	4974666
alegrarte	4974665
castigara	4974664
nutricion	4974663
logia	4974662
bolo	4974661
echad	4974660
lodge	4974659
torturo	4974658
madagascar	4974657
colapsar	4974656
muchachote	4974655
entregate	4974654
continuaron	4974653
bolcheviques	4974652
monoxido	4974651
rasca	4974650
dolida	4974649
sao	4974648
aceptaras	4974647
merengue	4974646
comprimido	4974645
agoto	4974644
tad	4974643
cnel	4974642
ahogamiento	4974641
infecto	4974640
jugosa	4974639
tuercas	4974638
pronunciado	4974637
responderle	4974636
esquizofrenico	4974635
respiraba	4974634
enfoca	4974633
astillas	4974632
antrax	4974631
separemos	4974630
incrementa	4974629
susanna	4974628
ce	4974627
examina	4974626
dejandolo	4974625
sensuales	4974624
surena	4974623
bitcoin	4974622
anadio	4974621
vitrina	4974620
indeciso	4974619
haganme	4974618
cargan	4974617
despedirla	4974616
vergas	4974615
soso	4974614
intestinal	4974613
levantarla	4974612
varonil	4974611
excepcionalmente	4974610
elije	4974609
aceptarias	4974608
acompanaba	4974607
yugular	4974606
aburren	4974605
skyler	4974604
droides	4974603
apresures	4974602
bristow	4974601
bultos	4974600
mandona	4974599
strong	4974598
encendidos	4974597
desempleados	4974596
construiste	4974595
auxiliares	4974594
concesionario	4974593
encontrase	4974592
terrateniente	4974591
seducirme	4974590
payasadas	4974589
terminales	4974588
atropellar	4974587
condeno	4974586
tecnologica	4974585
cepillos	4974584
zas	4974583
respetada	4974582
machacar	4974581
robes	4974580
apoyate	4974579
talentosos	4974578
dolorido	4974577
pintaba	4974576
quedatela	4974575
alfileres	4974574
tramas	4974573
pr	4974572
roedores	4974571
discuto	4974570
glory	4974569
insisti	4974568
historiadores	4974567
aversion	4974566
tailandes	4974565
sobrepasa	4974564
eloise	4974563
lanzaste	4974562
testiculo	4974561
spot	4974560
llovera	4974559
vizconde	4974558
facilita	4974557
tose	4974556
mudanzas	4974555
rebotar	4974554
regeneracion	4974553
agradeceras	4974552
llenarlo	4974551
avistamientos	4974550
acordais	4974549
contactarlo	4974548
ahorrarte	4974547
minbari	4974546
magnesio	4974545
recordaremos	4974544
bajista	4974543
triunfado	4974542
masturbarse	4974541
tee	4974540
pendleton	4974539
cebada	4974538
refiriendo	4974537
ozono	4974536
casemonos	4974535
reflejan	4974534
terminator	4974533
optico	4974532
dictar	4974531
robyn	4974530
dwyer	4974529
jubilo	4974528
equilibrar	4974527
invirtio	4974526
enojarme	4974525
somniferos	4974524
titulado	4974523
tunez	4974522
bashir	4974521
ampliacion	4974520
pendejadas	4974519
atraviesan	4974518
cementerios	4974517
entregaria	4974516
logicamente	4974515
lamentara	4974514
exodo	4974513
minimizar	4974512
mueller	4974511
tam	4974510
puntualidad	4974509
kosovo	4974508
lastimaron	4974507
impiden	4974506
manadas	4974505
arenque	4974504
aumentara	4974503
desata	4974502
chakra	4974501
gorras	4974500
anfitriones	4974499
expresarlo	4974498
protestando	4974497
copiando	4974496
armani	4974495
concentrados	4974494
bannerman	4974493
apostoles	4974492
conseguirias	4974491
deslizarse	4974490
acuerde	4974489
volkswagen	4974488
fun	4974487
mandibulas	4974486
coito	4974485
confirmando	4974484
grandisimo	4974483
estimula	4974482
regalarle	4974481
exigiendo	4974480
analistas	4974479
mantenlos	4974478
circula	4974477
tranquilizador	4974476
carpinteria	4974475
reuniran	4974474
prepares	4974473
jugarlo	4974472
rechazados	4974471
centrarme	4974470
fifi	4974469
comerla	4974468
llamenos	4974467
afectadas	4974466
madrugar	4974465
pirateria	4974464
transferida	4974463
trague	4974462
abogacia	4974461
fabulosas	4974460
cubres	4974459
beneficioso	4974458
matinal	4974457
telefoneo	4974456
traficar	4974455
asar	4974454
balada	4974453
ropero	4974452
devorado	4974451
bungalow	4974450
cometo	4974449
sunday	4974448
saludamos	4974447
desamparados	4974446
presentaremos	4974445
experimenta	4974444
decoro	4974443
goliat	4974442
far	4974441
audi	4974440
vestidas	4974439
desleal	4974438
pulga	4974437
ofenden	4974436
memorandum	4974435
dopamina	4974434
relacionar	4974433
escupiendo	4974432
decorador	4974431
volaste	4974430
controladas	4974429
woodward	4974428
financiamiento	4974427
dichos	4974426
eunuco	4974425
apareci	4974424
lannister	4974423
pasabas	4974422
vereda	4974421
trazado	4974420
incendiario	4974419
dojo	4974418
precavido	4974417
robarnos	4974416
invierte	4974415
sy	4974414
calumnia	4974413
siguieran	4974412
agotando	4974411
pacifista	4974410
seguiamos	4974409
healy	4974408
roedor	4974407
localizamos	4974406
vacantes	4974405
huelgas	4974404
lavan	4974403
potts	4974402
criticando	4974401
sangrientos	4974400
coloquen	4974399
programados	4974398
other	4974397
llantos	4974396
destructiva	4974395
paracaidistas	4974394
liberarla	4974393
narcotraficante	4974392
probarse	4974391
atrapas	4974390
incompetentes	4974389
qing	4974388
fetal	4974387
enfurecio	4974386
sacarles	4974385
chaz	4974384
bajese	4974383
viril	4974382
gruesas	4974381
charlamos	4974380
inflamable	4974379
ambientales	4974378
convertia	4974377
viendonos	4974376
astor	4974375
dickinson	4974374
drastico	4974373
auditoria	4974372
scylla	4974371
cubana	4974370
aristocratas	4974369
culparla	4974368
confusos	4974367
comerlos	4974366
salvaremos	4974365
guiare	4974364
landon	4974363
exageras	4974362
pediras	4974361
fraudes	4974360
vencerme	4974359
protegeria	4974358
miralas	4974357
hazlos	4974356
ofrecere	4974355
decadente	4974354
alumnas	4974353
pomada	4974352
abandonarte	4974351
establecerse	4974350
xbox	4974349
devuelvame	4974348
prendida	4974347
pasandolo	4974346
corleone	4974345
mathilde	4974344
cubeta	4974343
bayoneta	4974342
autorizar	4974341
fronteriza	4974340
deshaga	4974339
influenciar	4974338
halago	4974337
ascendente	4974336
calidos	4974335
alcanzarlos	4974334
checoslovaquia	4974333
encargados	4974332
logremos	4974331
dirigentes	4974330
erradicar	4974329
acne	4974328
costaron	4974327
estandarte	4974326
cubri	4974325
horse	4974324
elegire	4974323
sparrow	4974322
perderiamos	4974321
alcanzarla	4974320
valet	4974319
punetera	4974318
protegemos	4974317
cocinaba	4974316
premisa	4974315
aimee	4974314
wonka	4974313
fijos	4974312
proseguir	4974311
engreida	4974310
silbando	4974309
cerrarse	4974308
descompuso	4974307
moraleja	4974306
ayudarlas	4974305
emborracharnos	4974304
amorosos	4974303
herejes	4974302
apagados	4974301
inofensivos	4974300
moririas	4974299
obesidad	4974298
ensayamos	4974297
luchaste	4974296
extienda	4974295
takashi	4974294
coaccion	4974293
guiarnos	4974292
rockwell	4974291
retiras	4974290
considerate	4974289
sta	4974288
tc	4974287
excalibur	4974286
gladiador	4974285
ligando	4974284
leimos	4974283
enojarse	4974282
hye	4974281
pidieras	4974280
relevado	4974279
pertinente	4974278
hallaras	4974277
deliberado	4974276
pepperoni	4974275
frota	4974274
atrocidad	4974273
diminutas	4974272
joaquin	4974271
entregaremos	4974270
peregrinacion	4974269
planteado	4974268
panfleto	4974267
acustica	4974266
esfuerzate	4974265
hewitt	4974264
sirvanse	4974263
sorprendiste	4974262
interesarte	4974261
encuentrenlo	4974260
optimo	4974259
tallado	4974258
pretzels	4974257
tosca	4974256
deanna	4974255
consentir	4974254
rezaba	4974253
faena	4974252
kieran	4974251
deis	4974250
esforzarme	4974249
ciclope	4974248
intencionadamente	4974247
palabreria	4974246
morsa	4974245
veta	4974244
skull	4974243
disparador	4974242
juntado	4974241
tempo	4974240
comprada	4974239
pros	4974238
removido	4974237
olvidala	4974236
arrancando	4974235
katia	4974234
ultraje	4974233
gentiles	4974232
rebaja	4974231
kendrick	4974230
envejecimiento	4974229
recuperaron	4974228
ofelia	4974227
escamas	4974226
atila	4974225
anwar	4974224
mercury	4974223
destaca	4974222
pasandola	4974221
aplastados	4974220
flan	4974219
tifon	4974218
represalia	4974217
deforme	4974216
sentaros	4974215
explicarse	4974214
perrita	4974213
perezosos	4974212
legitimos	4974211
lorne	4974210
filtrar	4974209
interpreto	4974208
impactos	4974207
malteada	4974206
kimber	4974205
damelos	4974204
prepararemos	4974203
aterrizando	4974202
forrado	4974201
atributos	4974200
disenadas	4974199
mts	4974198
voice	4974197
friend	4974196
constantino	4974195
campanario	4974194
perturba	4974193
hamid	4974192
tonico	4974191
devora	4974190
babosa	4974189
oli	4974188
conducirlo	4974187
modificacion	4974186
desmontar	4974185
negaste	4974184
encarar	4974183
portera	4974182
yacen	4974181
espeso	4974180
aniquilacion	4974179
uat	4974178
aficionada	4974177
fingen	4974176
cortalo	4974175
partos	4974174
lecter	4974173
seinfeld	4974172
garabatos	4974171
cunda	4974170
orfeo	4974169
trueque	4974168
cazo	4974167
joden	4974166
enganamos	4974165
decidirme	4974164
deshidratacion	4974163
temerle	4974162
desvanecido	4974161
averio	4974160
letrina	4974159
indicadores	4974158
garrity	4974157
aflojar	4974156
lisbeth	4974155
eficientes	4974154
calificada	4974153
connelly	4974152
desobediencia	4974151
linc	4974150
velar	4974149
lula	4974148
inicios	4974147
enganchar	4974146
desquiciado	4974145
arms	4974144
pongamoslo	4974143
echarles	4974142
jonesy	4974141
prada	4974140
utensilios	4974139
descifrarlo	4974138
acerto	4974137
presentaba	4974136
beberlo	4974135
regis	4974134
autocontrol	4974133
chupado	4974132
tesorero	4974131
observas	4974130
exagere	4974129
metase	4974128
picazon	4974127
cabecilla	4974126
sanciones	4974125
subordinados	4974124
mintiera	4974123
encarnacion	4974122
mandaran	4974121
llevenla	4974120
shrek	4974119
detengamos	4974118
cruzaste	4974117
desatado	4974116
hewes	4974115
manzanilla	4974114
reescribir	4974113
viendola	4974112
siguieras	4974111
rodamos	4974110
soplete	4974109
part	4974108
comerciar	4974107
limpies	4974106
repetidas	4974105
ninitas	4974104
chorros	4974103
cienaga	4974102
arresta	4974101
seiya	4974100
embrujadas	4974099
violan	4974098
explicarmelo	4974097
sailor	4974096
garrote	4974095
apartarme	4974094
siembra	4974093
contactarme	4974092
despiadados	4974091
limpiarse	4974090
envase	4974089
arreglaras	4974088
expendedora	4974087
fiat	4974086
redactar	4974085
kellogg	4974084
rabano	4974083
anhela	4974082
pecar	4974081
enfadarte	4974080
sobrepasado	4974079
quepa	4974078
burritos	4974077
canibal	4974076
squash	4974075
localiza	4974074
formales	4974073
ensayado	4974072
jimmie	4974071
encubiertas	4974070
juralo	4974069
confiscar	4974068
gita	4974067
ag	4974066
tendida	4974065
asaltantes	4974064
arrestare	4974063
bae	4974062
hatfield	4974061
apartada	4974060
nightingale	4974059
howe	4974058
chillar	4974057
referirse	4974056
arn	4974055
nik	4974054
parpadea	4974053
trocitos	4974052
child	4974051
levine	4974050
isobel	4974049
metanse	4974048
construirlo	4974047
pulido	4974046
klan	4974045
actualizado	4974044
creed	4974043
villancicos	4974042
apartarse	4974041
partisanos	4974040
smithers	4974039
enamoramiento	4974038
solita	4974037
bubbles	4974036
viendome	4974035
gobernado	4974034
anarquistas	4974033
raptor	4974032
lexus	4974031
rosita	4974030
kremlin	4974029
convertiremos	4974028
tendero	4974027
sauce	4974026
onza	4974025
ediciones	4974024
hipotecas	4974023
refrigeracion	4974022
sirope	4974021
chas	4974020
logistica	4974019
depara	4974018
redadas	4974017
anson	4974016
vegetarianos	4974015
esfumado	4974014
perfeccionar	4974013
invadieron	4974012
ahorratelo	4974011
minorias	4974010
adrianna	4974009
descifrado	4974008
alijo	4974007
sacudido	4974006
acordarte	4974005
yee	4974004
sobreviviras	4974003
historiales	4974002
silba	4974001
surfistas	4974000
feromonas	4973999
devin	4973998
bocon	4973997
vietcong	4973996
romperla	4973995
crusoe	4973994
superamos	4973993
dix	4973992
recibiera	4973991
baptiste	4973990
migranas	4973989
mahal	4973988
emborrache	4973987
copio	4973986
esperandola	4973985
leves	4973984
preferencias	4973983
renombre	4973982
jam	4973981
chiana	4973980
whitaker	4973979
torturada	4973978
fracturado	4973977
meo	4973976
michaela	4973975
salvadora	4973974
abastecimiento	4973973
indicando	4973972
khanna	4973971
lilas	4973970
lanzamientos	4973969
fiji	4973968
resistido	4973967
termo	4973966
aditya	4973965
atraso	4973964
tuviesemos	4973963
pardo	4973962
traumatica	4973961
noriko	4973960
next	4973959
desarmados	4973958
anonimas	4973957
etiopia	4973956
desgarrado	4973955
concentrese	4973954
rumano	4973953
press	4973952
evitan	4973951
beale	4973950
culpado	4973949
titula	4973948
visitare	4973947
bligh	4973946
pruebame	4973945
prusia	4973944
comanches	4973943
burbank	4973942
woodstock	4973941
murieran	4973940
chocan	4973939
cantarla	4973938
sepultura	4973937
dandose	4973936
franela	4973935
marisco	4973934
tapiz	4973933
difusion	4973932
sacarlas	4973931
lesionado	4973930
venice	4973929
conocerles	4973928
fern	4973927
petit	4973926
ajenos	4973925
fluya	4973924
despego	4973923
livia	4973922
disparates	4973921
utilizaste	4973920
basto	4973919
ganarnos	4973918
twilight	4973917
rhys	4973916
yeti	4973915
sueltela	4973914
bellisimo	4973913
socializar	4973912
biggs	4973911
olvidense	4973910
hormigueo	4973909
vivirla	4973908
varicela	4973907
reece	4973906
limpialo	4973905
ensenaria	4973904
desmorona	4973903
lira	4973902
bocaza	4973901
defienden	4973900
atrevia	4973899
bruscamente	4973898
destruyes	4973897
buscadores	4973896
bofetadas	4973895
diablillo	4973894
desperdicios	4973893
usabamos	4973892
caneria	4973891
ucla	4973890
luchemos	4973889
usarme	4973888
usabas	4973887
brook	4973886
arcangel	4973885
promocionar	4973884
agarrarte	4973883
olimpo	4973882
depositar	4973881
recluto	4973880
pararla	4973879
arreglate	4973878
caucasico	4973877
huntington	4973876
horda	4973875
igualito	4973874
mongoles	4973873
whitehall	4973872
prefirio	4973871
petrov	4973870
recluso	4973869
keeler	4973868
denzel	4973867
shack	4973866
dodo	4973865
himalaya	4973864
excrementos	4973863
llevad	4973862
middleton	4973861
tornados	4973860
sedientos	4973859
pecadora	4973858
marcadas	4973857
hubbard	4973856
persia	4973855
yonqui	4973854
demoler	4973853
evacuen	4973852
asignados	4973851
piadoso	4973850
saberse	4973849
sueltenlo	4973848
apareceran	4973847
aplastare	4973846
santisima	4973845
besarlo	4973844
birmania	4973843
honradez	4973842
detenciones	4973841
infrarrojos	4973840
tea	4973839
esperarias	4973838
disminucion	4973837
explican	4973836
clasicas	4973835
ensangrentado	4973834
averiguaciones	4973833
devolveria	4973832
flirteando	4973831
anduve	4973830
adivinaste	4973829
relatividad	4973828
verona	4973827
lentas	4973826
sakura	4973825
florecen	4973824
lloramos	4973823
decepcionados	4973822
volviendome	4973821
tortillas	4973820
clair	4973819
pediran	4973818
preguntales	4973817
refineria	4973816
presley	4973815
zoquete	4973814
tallarines	4973813
alejarlo	4973812
devolveran	4973811
llorona	4973810
repetia	4973809
iluminada	4973808
recibirnos	4973807
declararse	4973806
reforzado	4973805
lombriz	4973804
luminosa	4973803
mido	4973802
empeorara	4973801
estirada	4973800
sonambulo	4973799
consultarme	4973798
acordaras	4973797
veloces	4973796
campestre	4973795
aguantan	4973794
mostraria	4973793
punjabi	4973792
castores	4973791
saqueme	4973790
presentate	4973789
limpiaron	4973788
reposar	4973787
melancolico	4973786
dominios	4973785
anchos	4973784
oscureciendo	4973783
row	4973782
peach	4973781
pervertida	4973780
ogden	4973779
infiltrarse	4973778
blandos	4973777
preescolar	4973776
ofendio	4973775
kissinger	4973774
fotografico	4973773
sabuesos	4973772
tipicos	4973771
balsamo	4973770
chequea	4973769
estallado	4973768
ensangrentada	4973767
millicent	4973766
matarlas	4973765
mousse	4973764
aniquilar	4973763
chinches	4973762
conserve	4973761
triunfa	4973760
indescriptible	4973759
grasiento	4973758
traicionaron	4973757
sentaron	4973756
lund	4973755
radioactivo	4973754
acordaron	4973753
whistler	4973752
maia	4973751
obtenerlo	4973750
comporte	4973749
moviste	4973748
convendria	4973747
ilama	4973746
apruebas	4973745
esfuerzas	4973744
gangsters	4973743
emparedados	4973742
portazo	4973741
acostumbre	4973740
amanece	4973739
argentino	4973738
grunendo	4973737
arreglaria	4973736
mausoleo	4973735
estacas	4973734
negare	4973733
gilles	4973732
recarga	4973731
estimo	4973730
especializa	4973729
fundado	4973728
demando	4973727
dispararemos	4973726
remolacha	4973725
estrellarse	4973724
suspendieron	4973723
mejorarlo	4973722
moo	4973721
negara	4973720
petardos	4973719
tipicamente	4973718
mer	4973717
descuentos	4973716
casaros	4973715
calentarse	4973714
movamos	4973713
seema	4973712
lotus	4973711
bioquimica	4973710
borrados	4973709
cinematografica	4973708
chocamos	4973707
geordi	4973706
divinos	4973705
turbante	4973704
gimnasta	4973703
severos	4973702
geneticos	4973701
colo	4973700
limpiarme	4973699
tocala	4973698
grunona	4973697
ribera	4973696
extraviado	4973695
partitura	4973694
marcharemos	4973693
bet	4973692
marcelo	4973691
subterraneos	4973690
sombria	4973689
presionarte	4973688
ordenamos	4973687
molinos	4973686
gofres	4973685
hua	4973684
permitirselo	4973683
tiara	4973682
albergar	4973681
humanitario	4973680
calentito	4973679
jar	4973678
jiang	4973677
reprogramar	4973676
preside	4973675
sapos	4973674
examinarlo	4973673
renovado	4973672
lennie	4973671
volteate	4973670
envoltura	4973669
reservo	4973668
nevar	4973667
judo	4973666
despecho	4973665
conocisteis	4973664
alejandria	4973663
localizarte	4973662
convenga	4973661
licuadora	4973660
robare	4973659
costurera	4973658
escandalosa	4973657
tocaremos	4973656
molestarlos	4973655
meseta	4973654
deslizo	4973653
arrastrarse	4973652
pal	4973651
tomandome	4973650
junten	4973649
infectar	4973648
acapulco	4973647
enemistad	4973646
booker	4973645
calmen	4973644
sientanse	4973643
vigilarla	4973642
etienne	4973641
trasplantes	4973640
anecdotas	4973639
derretir	4973638
devolveras	4973637
geminis	4973636
incomodas	4973635
grava	4973634
decididamente	4973633
preguntenle	4973632
cantaremos	4973631
temian	4973630
dejelos	4973629
simplicidad	4973628
fundicion	4973627
minado	4973626
dirigire	4973625
engancho	4973624
disparaban	4973623
chardonnay	4973622
pudding	4973621
entretenida	4973620
aprenderlo	4973619
finja	4973618
entregados	4973617
demorado	4973616
suplementos	4973615
sientelo	4973614
entoces	4973613
llevenos	4973612
rosewood	4973611
abriria	4973610
ensenanos	4973609
cheney	4973608
redding	4973607
dolorosos	4973606
gilda	4973605
lastiman	4973604
prepago	4973603
sospechara	4973602
hartmann	4973601
dotes	4973600
baltar	4973599
solsticio	4973598
ocupantes	4973597
servirles	4973596
pagadas	4973595
ranura	4973594
calais	4973593
subvencion	4973592
corazoncito	4973591
morteros	4973590
marv	4973589
excusado	4973588
vapores	4973587
groenlandia	4973586
akiko	4973585
vigiles	4973584
hwang	4973583
alejara	4973582
pobrecillo	4973581
cowboys	4973580
abandonadas	4973579
influenciado	4973578
hungaros	4973577
bebete	4973576
aproximada	4973575
trajeran	4973574
rastreadores	4973573
rhoda	4973572
prometerle	4973571
volvias	4973570
descansos	4973569
cove	4973568
marlow	4973567
deteneos	4973566
atenea	4973565
adore	4973564
cronico	4973563
refrescar	4973562
salami	4973561
descalza	4973560
traedme	4973559
entendernos	4973558
instagram	4973557
alquimia	4973556
lagunas	4973555
midge	4973554
causados	4973553
creadas	4973552
pensador	4973551
malinterpretado	4973550
explicarnos	4973549
importaban	4973548
oda	4973547
psicotica	4973546
simbionte	4973545
despediran	4973544
cupcakes	4973543
convertida	4973542
espanto	4973541
prismaticos	4973540
providence	4973539
carlyle	4973538
carecen	4973537
orsini	4973536
respiren	4973535
dispongo	4973534
labrador	4973533
soltad	4973532
apasionadamente	4973531
libreto	4973530
enterrando	4973529
cinismo	4973528
realizados	4973527
programador	4973526
cerveceria	4973525
pedirmelo	4973524
migracion	4973523
manipuladora	4973522
instalando	4973521
acumular	4973520
invitara	4973519
recibirla	4973518
sorprendieron	4973517
firmados	4973516
mantenian	4973515
coleccionar	4973514
sorprendas	4973513
dang	4973512
cosido	4973511
basquet	4973510
decoraciones	4973509
inclinada	4973508
byers	4973507
reiko	4973506
apiade	4973505
criamos	4973504
cuidarlos	4973503
saqueo	4973502
apartarte	4973501
chul	4973500
saludarla	4973499
masones	4973498
mads	4973497
tano	4973496
wesen	4973495
callan	4973494
aterrorizados	4973493
demuestras	4973492
venirte	4973491
alcanzas	4973490
soya	4973489
esguince	4973488
higos	4973487
tentar	4973486
revelador	4973485
felicitacion	4973484
hormonal	4973483
prevision	4973482
universitarias	4973481
taliban	4973480
drummond	4973479
desagradecida	4973478
creaciones	4973477
cabinas	4973476
gigolo	4973475
despidos	4973474
kaitlin	4973473
adivinanzas	4973472
corderito	4973471
balneario	4973470
boutique	4973469
doolittle	4973468
acaricia	4973467
cedo	4973466
fortune	4973465
deseada	4973464
innecesarios	4973463
discovery	4973462
arrendamiento	4973461
encargaria	4973460
relevantes	4973459
ahsoka	4973458
parezcas	4973457
controlarse	4973456
carlitos	4973455
mordidas	4973454
agarrare	4973453
stockton	4973452
frenesi	4973451
axilas	4973450
trabajadoras	4973449
resbala	4973448
concentremonos	4973447
hijastro	4973446
lynne	4973445
reproducirse	4973444
apagas	4973443
activas	4973442
encontrais	4973441
fajo	4973440
imprime	4973439
cotilleos	4973438
farmaceuticas	4973437
monumental	4973436
derribaron	4973435
sabatico	4973434
enlaces	4973433
probaron	4973432
evacuado	4973431
malentendidos	4973430
pacificos	4973429
monitoreando	4973428
precoz	4973427
construidos	4973426
liso	4973425
himnos	4973424
membrana	4973423
rolf	4973422
reverso	4973421
operadores	4973420
pasantia	4973419
haru	4973418
azulejos	4973417
confesionario	4973416
contrarrestar	4973415
dispararnos	4973414
vicodin	4973413
sobreviviria	4973412
practicaba	4973411
retenerme	4973410
doing	4973409
depresivo	4973408
lucido	4973407
rentar	4973406
brindamos	4973405
comprobo	4973404
dekker	4973403
imanes	4973402
mirense	4973401
grabarlo	4973400
negarte	4973399
hartford	4973398
llano	4973397
replicantes	4973396
comunicando	4973395
killer	4973394
laszlo	4973393
continuad	4973392
spielberg	4973391
trans	4973390
trenton	4973389
latente	4973388
piromano	4973387
bombardeado	4973386
underground	4973385
transexual	4973384
sutter	4973383
mandarla	4973382
banal	4973381
damisela	4973380
humeante	4973379
siena	4973378
admitiendo	4973377
empujan	4973376
fundar	4973375
joderte	4973374
mejicanos	4973373
cortador	4973372
mun	4973371
porros	4973370
lanzallamas	4973369
acostandose	4973368
gregson	4973367
felpudo	4973366
maloliente	4973365
traemelo	4973364
sinsentido	4973363
juntaron	4973362
permaneceran	4973361
thierry	4973360
malabares	4973359
notables	4973358
cherokee	4973357
semi	4973356
sincro	4973355
bebelo	4973354
fernanda	4973353
platicar	4973352
beautiful	4973351
fayed	4973350
move	4973349
alexx	4973348
poniendote	4973347
erizo	4973346
diriamos	4973345
concretas	4973344
perejil	4973343
lindy	4973342
dispareis	4973341
acababamos	4973340
aleacion	4973339
defendere	4973338
lanzarse	4973337
belgas	4973336
levantala	4973335
ceremonial	4973334
amarras	4973333
alone	4973332
clero	4973331
bobbi	4973330
comprometerte	4973329
historicamente	4973328
episode	4973327
infelicidad	4973326
gruesos	4973325
gemido	4973324
diapositivas	4973323
insista	4973322
liderando	4973321
brant	4973320
taelons	4973319
tranquilizar	4973318
virrey	4973317
discutible	4973316
degradado	4973315
desangro	4973314
remotos	4973313
prodigo	4973312
ganada	4973311
olson	4973310
atlantida	4973309
dejadla	4973308
denunciare	4973307
comunique	4973306
frisbee	4973305
rimas	4973304
liberamos	4973303
trabajaran	4973302
roe	4973301
autonomia	4973300
portatiles	4973299
koichi	4973298
apreciaba	4973297
ate	4973296
deslizamiento	4973295
abbas	4973294
leerte	4973293
lam	4973292
estalle	4973291
invitarlos	4973290
importamos	4973289
tientes	4973288
nucky	4973287
ensenales	4973286
aristocracia	4973285
claudette	4973284
ronon	4973283
desercion	4973282
hurgando	4973281
cuidaran	4973280
contrasenas	4973279
vendajes	4973278
preparandome	4973277
brigadier	4973276
desertar	4973275
virtuoso	4973274
desafiado	4973273
publicada	4973272
agredio	4973271
atomicas	4973270
onzas	4973269
insistencia	4973268
vigia	4973267
persigo	4973266
alonzo	4973265
crematorio	4973264
interponerse	4973263
negocia	4973262
enterarte	4973261
antropologia	4973260
buddha	4973259
cautivo	4973258
coje	4973257
preguntaremos	4973256
angular	4973255
addie	4973254
jansen	4973253
portadas	4973252
agonizando	4973251
jer	4973250
apagues	4973249
cambiarnos	4973248
secundarias	4973247
keyes	4973246
encargaran	4973245
silvio	4973244
jag	4973243
train	4973242
sondeo	4973241
mimo	4973240
quantico	4973239
vacilando	4973238
dunne	4973237
interino	4973236
raleigh	4973235
babeando	4973234
noelle	4973233
cambiante	4973232
bowers	4973231
callara	4973230
comprometo	4973229
salvaras	4973228
asuma	4973227
anticonceptivos	4973226
eastwood	4973225
macao	4973224
convulsion	4973223
canning	4973222
conejitos	4973221
esclavas	4973220
voss	4973219
parloteo	4973218
dandonos	4973217
toscana	4973216
savoy	4973215
gretel	4973214
reduzca	4973213
molestaste	4973212
furtivo	4973211
gamberros	4973210
rectitud	4973209
mensajera	4973208
reclutando	4973207
maud	4973206
escorpiones	4973205
sarajevo	4973204
repetimos	4973203
cedido	4973202
asisti	4973201
raciales	4973200
sonrien	4973199
acosa	4973198
criterios	4973197
desplomo	4973196
nomadas	4973195
volviamos	4973194
borrada	4973193
tamabin	4973192
expliquese	4973191
ofrecera	4973190
negrata	4973189
cautiva	4973188
confiaste	4973187
consolador	4973186
mesada	4973185
apego	4973184
encarcelamiento	4973183
karsten	4973182
patee	4973181
triturador	4973180
cansan	4973179
melena	4973178
estimulantes	4973177
declaramos	4973176
ingenuidad	4973175
deportado	4973174
lavaste	4973173
informativa	4973172
pesque	4973171
fotocopiadora	4973170
remediar	4973169
seiscientos	4973168
camaro	4973167
tov	4973166
barber	4973165
fingire	4973164
hour	4973163
cedar	4973162
infusion	4973161
drogarse	4973160
siegel	4973159
desvia	4973158
kryten	4973157
incapacitado	4973156
vistio	4973155
consumia	4973154
pandey	4973153
quemas	4973152
confundo	4973151
rezas	4973150
pimiento	4973149
lanzare	4973148
patineta	4973147
corpino	4973146
bridgette	4973145
gibraltar	4973144
comprendia	4973143
shana	4973142
recibidos	4973141
obligarlo	4973140
vickers	4973139
sondas	4973138
book	4973137
triangular	4973136
difuntos	4973135
goya	4973134
im	4973133
carcajadas	4973132
aliadas	4973131
mejoria	4973130
gotea	4973129
resort	4973128
requiera	4973127
quitartelo	4973126
burlo	4973125
quid	4973124
comed	4973123
tenientes	4973122
semaforos	4973121
guiada	4973120
movian	4973119
operativa	4973118
matanzas	4973117
word	4973116
hightower	4973115
contagio	4973114
califa	4973113
separemonos	4973112
encargaba	4973111
hodge	4973110
australiana	4973109
tamesis	4973108
desmayarse	4973107
astronomo	4973106
conecto	4973105
devotos	4973104
saquenlos	4973103
atajos	4973102
desfiladero	4973101
apartes	4973100
adoptaron	4973099
actuara	4973098
distraiga	4973097
reportaron	4973096
describa	4973095
mantis	4973094
exterminio	4973093
revelando	4973092
nacemos	4973091
recordarla	4973090
derrotarlo	4973089
habita	4973088
veintitres	4973087
dandi	4973086
notificar	4973085
impredecibles	4973084
caminaremos	4973083
extranaremos	4973082
blindados	4973081
mathieu	4973080
guardatelo	4973079
dinoslo	4973078
paramo	4973077
yugo	4973076
dougal	4973075
tallas	4973074
sufriste	4973073
puntadas	4973072
franck	4973071
transcripciones	4973070
patearle	4973069
mccartney	4973068
tendiendo	4973067
tribune	4973066
rebota	4973065
ofreceria	4973064
army	4973063
digestion	4973062
zeppelin	4973061
dag	4973060
premeditacion	4973059
transfirio	4973058
hansel	4973057
necesitarla	4973056
remen	4973055
mccormick	4973054
escribirla	4973053
arrojen	4973052
vickie	4973051
smokey	4973050
hincha	4973049
joker	4973048
paralitico	4973047
apoyaba	4973046
zarpa	4973045
signe	4973044
clandestinidad	4973043
participe	4973042
addy	4973041
persas	4973040
fichado	4973039
start	4973038
insolito	4973037
costear	4973036
carpas	4973035
guardala	4973034
diciendolo	4973033
posters	4973032
trust	4973031
crews	4973030
allende	4973029
consorcio	4973028
ecosistema	4973027
sheryl	4973026
lian	4973025
tyra	4973024
without	4973023
vick	4973022
barriendo	4973021
prepararle	4973020
cortaremos	4973019
jugaria	4973018
bolsita	4973017
mcgill	4973016
primitivas	4973015
intrigas	4973014
stubbs	4973013
negamos	4973012
mobile	4973011
carniceros	4973010
permitidme	4973009
establezca	4973008
integrado	4973007
ligeras	4973006
beacon	4973005
derribarlo	4973004
jaclyn	4973003
merle	4973002
participan	4973001
registradas	4973000
mclaren	4972999
dormiria	4972998
edema	4972997
ingenuos	4972996
narn	4972995
perpetrador	4972994
tugurio	4972993
massey	4972992
defiance	4972991
contenida	4972990
ahorre	4972989
turistica	4972988
rededor	4972987
desplegar	4972986
fatales	4972985
mandale	4972984
olimpia	4972983
desarrollada	4972982
repelente	4972981
mall	4972980
postraumatico	4972979
interrogaron	4972978
maquinista	4972977
bojack	4972976
latte	4972975
arduo	4972974
own	4972973
cerraran	4972972
acercare	4972971
ahorrare	4972970
urnas	4972969
escanear	4972968
yemen	4972967
partidario	4972966
gordinflon	4972965
faber	4972964
produzca	4972963
goku	4972962
mintiendome	4972961
encriptado	4972960
leprosos	4972959
ricitos	4972958
infamia	4972957
tranqui	4972956
monkey	4972955
traicionas	4972954
cacerola	4972953
guionistas	4972952
compraras	4972951
baird	4972950
ponias	4972949
reportese	4972948
resguardo	4972947
rastree	4972946
aporte	4972945
estrechos	4972944
arrepentida	4972943
catalizador	4972942
agradeces	4972941
bela	4972940
hallara	4972939
tomorrow	4972938
discutire	4972937
reencuentro	4972936
vendidas	4972935
ovulo	4972934
corporativos	4972933
turin	4972932
escogiendo	4972931
mimada	4972930
conspiradores	4972929
construidas	4972928
groot	4972927
tenernos	4972926
emborracha	4972925
wah	4972924
abrazado	4972923
femoral	4972922
supieses	4972921
transmiten	4972920
emotiva	4972919
recurrente	4972918
saltaba	4972917
inaugural	4972916
psicologos	4972915
aferra	4972914
alimentados	4972913
cenemos	4972912
ascendieron	4972911
tutores	4972910
productiva	4972909
truchas	4972908
calana	4972907
caprica	4972906
desfilar	4972905
regulador	4972904
impulsar	4972903
fealdad	4972902
compiten	4972901
incorregible	4972900
tardamos	4972899
desalojo	4972898
dichosa	4972897
rai	4972896
vencerlos	4972895
bloqueadas	4972894
stackhouse	4972893
excursiones	4972892
tripulante	4972891
notaria	4972890
hinchados	4972889
telaranas	4972888
conduzcan	4972887
kyoko	4972886
toqueis	4972885
descaradamente	4972884
emborracharte	4972883
aseguraba	4972882
gruta	4972881
cavernicola	4972880
encinta	4972879
oportunista	4972878
implicar	4972877
despiertame	4972876
enterada	4972875
dejandote	4972874
wentworth	4972873
anchoas	4972872
identificarla	4972871
majestuoso	4972870
aguijon	4972869
transfirieron	4972868
tabletas	4972867
mirese	4972866
laverne	4972865
nominados	4972864
progresista	4972863
barbra	4972862
drago	4972861
clifton	4972860
apoyara	4972859
contada	4972858
peludas	4972857
gerda	4972856
presumiblemente	4972855
honorario	4972854
correspondido	4972853
same	4972852
small	4972851
apoyen	4972850
torniquete	4972849
petrolero	4972848
rubin	4972847
realismo	4972846
patriotico	4972845
contaban	4972844
suplica	4972843
hardman	4972842
servicial	4972841
informaticos	4972840
consideraban	4972839
hundira	4972838
nisha	4972837
cancelare	4972836
carinos	4972835
cari	4972834
recogia	4972833
ganarles	4972832
usala	4972831
lolita	4972830
groseria	4972829
dupont	4972828
saboteador	4972827
alina	4972826
deficiente	4972825
costados	4972824
tocalo	4972823
conformarse	4972822
negrito	4972821
mystic	4972820
herodes	4972819
empujarlo	4972818
salpicadura	4972817
alojado	4972816
especimenes	4972815
burguesia	4972814
preferidos	4972813
dci	4972812
despreocupado	4972811
galletita	4972810
machista	4972809
sandeces	4972808
seguirian	4972807
goran	4972806
morboso	4972805
reflejar	4972804
monitorear	4972803
desaparecia	4972802
tenue	4972801
sri	4972800
eternos	4972799
lights	4972798
trav	4972797
neurologo	4972796
patinando	4972795
tre	4972794
emiten	4972793
malcriada	4972792
patch	4972791
lamentes	4972790
bombear	4972789
inyectado	4972788
smiley	4972787
veintiuno	4972786
combatiente	4972785
alfil	4972784
doblo	4972783
caprichosa	4972782
persiguieron	4972781
lorelei	4972780
visor	4972779
encontrasteis	4972778
soberania	4972777
together	4972776
advirtieron	4972775
prospera	4972774
penetrante	4972773
confesarme	4972772
everybody	4972771
molestamos	4972770
jadeando	4972769
bibliotecas	4972768
magnolia	4972767
automaticos	4972766
administrativa	4972765
rifa	4972764
magog	4972763
delinda	4972762
pise	4972761
sat	4972760
sarge	4972759
esfuerces	4972758
discutian	4972757
desangrado	4972756
paramount	4972755
calmas	4972754
galapagos	4972753
sumision	4972752
traficando	4972751
apoplejia	4972750
inyectar	4972749
door	4972748
encargan	4972747
inquebrantable	4972746
quiosco	4972745
empacado	4972744
debs	4972743
subiran	4972742
sintiendose	4972741
bayonetas	4972740
obedezca	4972739
estanterias	4972738
improvisando	4972737
encantamiento	4972736
causton	4972735
intimamente	4972734
cortaran	4972733
electric	4972732
aconsejado	4972731
cecily	4972730
hacermelo	4972729
encerre	4972728
turn	4972727
requeria	4972726
ran	4972725
suspendio	4972724
ajenas	4972723
caminante	4972722
oren	4972721
israelitas	4972720
stef	4972719
sonadores	4972718
sayonara	4972717
obsoleto	4972716
suturas	4972715
irrefutable	4972714
callum	4972713
goodwin	4972712
persegui	4972711
piggy	4972710
sundance	4972709
indagar	4972708
preocupadas	4972707
antiguamente	4972706
boa	4972705
honestas	4972704
fisiologia	4972703
admitire	4972702
comernos	4972701
alana	4972700
montalbano	4972699
besara	4972698
evidentes	4972697
jericho	4972696
cierralo	4972695
locacion	4972694
afligida	4972693
coleando	4972692
masacrados	4972691
dreyfus	4972690
encriptacion	4972689
tiranos	4972688
tableta	4972687
montaba	4972686
pagarnos	4972685
geraldine	4972684
membresia	4972683
juzgada	4972682
baze	4972681
puf	4972680
exposiciones	4972679
nanny	4972678
enterraste	4972677
rikki	4972676
impresionarte	4972675
pintados	4972674
charmaine	4972673
hole	4972672
retina	4972671
reprimir	4972670
curarla	4972669
bulls	4972668
downton	4972667
cronicas	4972666
salvajemente	4972665
desagrada	4972664
rebeldia	4972663
supermercados	4972662
irrelevantes	4972661
carlotta	4972660
existira	4972659
drill	4972658
llenamos	4972657
scranton	4972656
hana	4972655
their	4972654
carmesi	4972653
jubilados	4972652
inmundicia	4972651
revelara	4972650
tiemblo	4972649
nance	4972648
embrollo	4972647
mamacita	4972646
tumbar	4972645
resentida	4972644
sexos	4972643
fibrilacion	4972642
aconsejar	4972641
cubicos	4972640
alterados	4972639
ahorcar	4972638
continuando	4972637
came	4972636
abner	4972635
minusculo	4972634
massimo	4972633
contestarme	4972632
sofie	4972631
toallitas	4972630
doggett	4972629
viajaremos	4972628
desinteresado	4972627
quiebre	4972626
follarme	4972625
lanka	4972624
kenya	4972623
temblaba	4972622
pulsos	4972621
podridas	4972620
orificios	4972619
xanax	4972618
pociones	4972617
eugenia	4972616
frialdad	4972615
suscripcion	4972614
insurgentes	4972613
moribundos	4972612
quererla	4972611
avistamiento	4972610
malgastado	4972609
raph	4972608
pirado	4972607
marcharos	4972606
pesticidas	4972605
acumula	4972604
trask	4972603
adelantando	4972602
montarlo	4972601
downey	4972600
nassau	4972599
pajita	4972598
aww	4972597
xvii	4972596
groseros	4972595
pesetas	4972594
decepcione	4972593
capturan	4972592
objetar	4972591
ferrara	4972590
portarte	4972589
mili	4972588
rancio	4972587
fotografiado	4972586
prolongado	4972585
standing	4972584
arrepentimientos	4972583
fuerais	4972582
frescura	4972581
conspirar	4972580
mcgregor	4972579
afeccion	4972578
mota	4972577
astro	4972576
apena	4972575
gabriella	4972574
delicadamente	4972573
renoir	4972572
asustarlos	4972571
olimpica	4972570
otelo	4972569
jud	4972568
tontito	4972567
voladoras	4972566
desmaya	4972565
davina	4972564
valeroso	4972563
angelitos	4972562
magnetismo	4972561
reclamando	4972560
cutre	4972559
esfumo	4972558
downing	4972557
pee	4972556
mercaderes	4972555
audifonos	4972554
prefectura	4972553
propaga	4972552
macizo	4972551
atrayendo	4972550
bettie	4972549
lepra	4972548
cheese	4972547
entraban	4972546
tragarse	4972545
empleadas	4972544
imperios	4972543
violines	4972542
soames	4972541
violarme	4972540
apareceria	4972539
jordi	4972538
casandose	4972537
bonificacion	4972536
apagamos	4972535
recibidor	4972534
documentar	4972533
liberador	4972532
reanudar	4972531
palomar	4972530
matutina	4972529
decidamos	4972528
grunido	4972527
retracto	4972526
gustaran	4972525
directivos	4972524
cos	4972523
remodelacion	4972522
seleccionados	4972521
elaborada	4972520
heat	4972519
agridulce	4972518
soto	4972517
neuronal	4972516
hobbit	4972515
papal	4972514
acampando	4972513
flautista	4972512
revuelve	4972511
batas	4972510
inmaculada	4972509
estribillo	4972508
enganchada	4972507
simulador	4972506
contradicciones	4972505
monstruosidad	4972504
atontado	4972503
ritter	4972502
emerge	4972501
insinuo	4972500
dirigible	4972499
pomposo	4972498
fracase	4972497
arrestarla	4972496
incriminar	4972495
indiscrecion	4972494
transformando	4972493
remediarlo	4972492
nakamura	4972491
anchas	4972490
dirijase	4972489
jaquecas	4972488
salvemos	4972487
advirtiendo	4972486
bone	4972485
jarras	4972484
buscais	4972483
tuttle	4972482
platica	4972481
comites	4972480
fiables	4972479
muffin	4972478
lanie	4972477
relacionan	4972476
doscientas	4972475
pichon	4972474
expuso	4972473
espontaneamente	4972472
traicionada	4972471
shun	4972470
nisiquiera	4972469
desconfiado	4972468
savia	4972467
pines	4972466
kilogramos	4972465
afiladas	4972464
sexi	4972463
cardiacos	4972462
hawaiana	4972461
cascaras	4972460
hito	4972459
decepcionare	4972458
flojos	4972457
mantenerle	4972456
pacotilla	4972455
nepal	4972454
keats	4972453
haciendonos	4972452
mead	4972451
martillos	4972450
rikers	4972449
estrenar	4972448
vinick	4972447
recolectando	4972446
putnam	4972445
taft	4972444
cosiendo	4972443
enojara	4972442
rendira	4972441
candente	4972440
tahoe	4972439
complacerte	4972438
mostrarselo	4972437
reclaman	4972436
exigimos	4972435
harald	4972434
avalon	4972433
gould	4972432
devorar	4972431
apostare	4972430
dependo	4972429
insistas	4972428
bergen	4972427
blaze	4972426
danadas	4972425
codiciosos	4972424
inmunes	4972423
cazavampiros	4972422
xiv	4972421
coqueta	4972420
neurosis	4972419
recojas	4972418
esforce	4972417
comenta	4972416
patillas	4972415
propiamente	4972414
beneficiarse	4972413
acordarse	4972412
magazine	4972411
contrataria	4972410
arrancada	4972409
colombianos	4972408
griegas	4972407
tirara	4972406
zhou	4972405
estornudo	4972404
motosierra	4972403
libanes	4972402
mcdeere	4972401
calumnias	4972400
english	4972399
afrontemoslo	4972398
rompia	4972397
empeore	4972396
rindiendo	4972395
dispersion	4972394
fm	4972393
extintor	4972392
desdichada	4972391
navales	4972390
resorte	4972389
horrenda	4972388
noten	4972387
pelaje	4972386
saludan	4972385
ancestrales	4972384
arruga	4972383
seudonimo	4972382
sobreviviendo	4972381
morley	4972380
convencieron	4972379
budistas	4972378
incendia	4972377
toquemos	4972376
peatones	4972375
paulson	4972374
zafiro	4972373
wrong	4972372
caries	4972371
baliza	4972370
gachas	4972369
despistado	4972368
wick	4972367
sunil	4972366
remotas	4972365
leproso	4972364
melodrama	4972363
determinados	4972362
evolucionando	4972361
amoniaco	4972360
aseguraos	4972359
capitalistas	4972358
desapariciones	4972357
season	4972356
chocando	4972355
fervor	4972354
liston	4972353
idear	4972352
ponertelo	4972351
microchip	4972350
plantaciones	4972349
glock	4972348
cuenca	4972347
hasan	4972346
dolorosas	4972345
ancestro	4972344
necesitarian	4972343
activen	4972342
alejamos	4972341
morderme	4972340
acrobacias	4972339
consolar	4972338
expresamente	4972337
pauly	4972336
burocratas	4972335
margenes	4972334
comiamos	4972333
santino	4972332
cane	4972331
wife	4972330
ensenaras	4972329
insinuar	4972328
short	4972327
apostaste	4972326
compa	4972325
theta	4972324
veintisiete	4972323
bit	4972322
cord	4972321
exitosamente	4972320
radicalmente	4972319
bugs	4972318
productividad	4972317
ackerman	4972316
pillaste	4972315
kahlan	4972314
presentarlo	4972313
carlito	4972312
activados	4972311
salieramos	4972310
iniciada	4972309
norah	4972308
market	4972307
naturalidad	4972306
peleandose	4972305
prepararon	4972304
girado	4972303
jessup	4972302
balcanes	4972301
zee	4972300
haren	4972299
hymie	4972298
dirigidas	4972297
calificar	4972296
incluya	4972295
ficticio	4972294
hospeda	4972293
connolly	4972292
prestarte	4972291
entendible	4972290
oscurece	4972289
temperamental	4972288
mulligan	4972287
proyecta	4972286
dudaba	4972285
karla	4972284
fabricando	4972283
intercepcion	4972282
confunda	4972281
presume	4972280
lanzarme	4972279
residual	4972278
ligada	4972277
graciosisimo	4972276
sodoma	4972275
montan	4972274
volaran	4972273
lyndsey	4972272
divorcie	4972271
macabro	4972270
aderezo	4972269
atarme	4972268
scrooge	4972267
llamamiento	4972266
segurisimo	4972265
registre	4972264
adoraban	4972263
enfurecido	4972262
moratones	4972261
arda	4972260
deacuerdo	4972259
inquietos	4972258
gertie	4972257
chatsworth	4972256
noir	4972255
mortalmente	4972254
reaccionando	4972253
conseguirlas	4972252
mags	4972251
discordia	4972250
besare	4972249
sugiera	4972248
proponerle	4972247
defraudar	4972246
embarazosa	4972245
subjefa	4972244
supremacia	4972243
seriales	4972242
mutaciones	4972241
fiambre	4972240
enviemos	4972239
alimentarlo	4972238
blackwell	4972237
gandalf	4972236
comprarnos	4972235
bribones	4972234
explicaba	4972233
cas	4972232
cascarrabias	4972231
hologramas	4972230
glandula	4972229
excesos	4972228
reirnos	4972227
impresa	4972226
encontrabamos	4972225
creativas	4972224
diem	4972223
peluquera	4972222
controlarlos	4972221
antebrazo	4972220
posteridad	4972219
shui	4972218
invencibles	4972217
excluir	4972216
analizamos	4972215
endo	4972214
botanico	4972213
elm	4972212
benigno	4972211
reformado	4972210
lidocaina	4972209
mozzie	4972208
tajo	4972207
encarguese	4972206
decidirte	4972205
clonacion	4972204
afeitarte	4972203
lamiendo	4972202
espiritualidad	4972201
problematicos	4972200
trastornada	4972199
alegrado	4972198
pechuga	4972197
conectarme	4972196
chupito	4972195
reiran	4972194
heathcliff	4972193
reprimenda	4972192
bajarle	4972191
realizara	4972190
promovido	4972189
colecciono	4972188
holliday	4972187
dejaramos	4972186
mantra	4972185
abarca	4972184
reponer	4972183
lanzara	4972182
acusarte	4972181
apoyarlo	4972180
perdonados	4972179
juzgarlo	4972178
dependemos	4972177
teologia	4972176
machote	4972175
vertido	4972174
wilma	4972173
mordiscos	4972172
participaron	4972171
simbad	4972170
incluyendome	4972169
ubica	4972168
exigio	4972167
dmitri	4972166
reemplaza	4972165
cassius	4972164
chocho	4972163
lluvioso	4972162
suburbio	4972161
aceptaremos	4972160
jolie	4972159
katarina	4972158
internamente	4972157
meryl	4972156
pepinos	4972155
antoja	4972154
litio	4972153
portadores	4972152
silvana	4972151
hepatica	4972150
estrangulacion	4972149
arne	4972148
agresores	4972147
goza	4972146
whole	4972145
agradara	4972144
ignoramos	4972143
fijan	4972142
contratacion	4972141
gnomos	4972140
hahn	4972139
navegador	4972138
mineria	4972137
malicioso	4972136
armaduras	4972135
trombon	4972134
rarezas	4972133
augustus	4972132
repitan	4972131
hess	4972130
parti	4972129
presencio	4972128
atropina	4972127
xv	4972126
pastelillos	4972125
milenios	4972124
indy	4972123
poseidon	4972122
llevadlo	4972121
vealo	4972120
sustitutos	4972119
empaquetar	4972118
aplaudiendo	4972117
encargues	4972116
arrepentirte	4972115
pruebelo	4972114
reclamos	4972113
indirectamente	4972112
cortafuegos	4972111
canalizar	4972110
dobson	4972109
merlyn	4972108
paranoicos	4972107
jueguito	4972106
claxon	4972105
clasificar	4972104
adicion	4972103
alcanzarme	4972102
celebrara	4972101
woodhouse	4972100
muerdago	4972099
parten	4972098
aceptadas	4972097
hubierais	4972096
empezaban	4972095
leguas	4972094
braxton	4972093
insignias	4972092
checo	4972091
bits	4972090
rescatarlo	4972089
camines	4972088
inca	4972087
chorrada	4972086
fraternidades	4972085
ene	4972084
diganles	4972083
contestaba	4972082
topper	4972081
edge	4972080
early	4972079
princesita	4972078
buscala	4972077
sustituido	4972076
fortalezas	4972075
embrion	4972074
interrumpida	4972073
antipatico	4972072
volemos	4972071
moloch	4972070
solte	4972069
pretensiones	4972068
desequilibrio	4972067
mimos	4972066
esternon	4972065
olly	4972064
zodiaco	4972063
ausentes	4972062
rumba	4972061
ivamos	4972060
parentesco	4972059
vasectomia	4972058
barracon	4972057
flexibilidad	4972056
adalind	4972055
activamente	4972054
barre	4972053
manco	4972052
dieter	4972051
alegando	4972050
demoniaca	4972049
fumamos	4972048
etiquetado	4972047
desert	4972046
suplique	4972045
atarlo	4972044
atraviese	4972043
conquisto	4972042
adultas	4972041
lugarteniente	4972040
tolliver	4972039
representaciones	4972038
kass	4972037
enjuague	4972036
deepak	4972035
malinterprete	4972034
liang	4972033
ipor	4972032
apure	4972031
acosadora	4972030
odiarlo	4972029
compuertas	4972028
business	4972027
engranaje	4972026
lmposible	4972025
territorial	4972024
suzette	4972023
imaginarmelo	4972022
descontrolado	4972021
paralelos	4972020
pedirias	4972019
ratonera	4972018
policiaca	4972017
zoya	4972016
fia	4972015
hipnotizado	4972014
pacientemente	4972013
dennos	4972012
tocaras	4972011
dem	4972010
desaparezcas	4972009
viejita	4972008
rescatarla	4972007
barracones	4972006
equilibrado	4972005
volcanica	4972004
metaforicamente	4972003
ordenan	4972002
entrenamos	4972001
consistencia	4972000
macintosh	4971999
imprevisible	4971998
desapareceria	4971997
anguilas	4971996
aplastante	4971995
potencias	4971994
innato	4971993
filtra	4971992
sople	4971991
challenger	4971990
inesperados	4971989
lol	4971988
shauna	4971987
inyecto	4971986
depositado	4971985
contingencia	4971984
ganges	4971983
destinadas	4971982
efectuar	4971981
hormona	4971980
chiquillos	4971979
sensorial	4971978
compasiva	4971977
devuelvele	4971976
matandome	4971975
acuestan	4971974
dominan	4971973
volco	4971972
skylar	4971971
azotado	4971970
lottie	4971969
soberbia	4971968
empunadura	4971967
pillen	4971966
claustrofobia	4971965
ciera	4971964
juliana	4971963
requerir	4971962
callare	4971961
ocupes	4971960
beicon	4971959
perseguirme	4971958
galilea	4971957
kyra	4971956
derrotas	4971955
presionan	4971954
tentadora	4971953
cruciales	4971952
bobina	4971951
barret	4971950
romi	4971949
pinkie	4971948
sforza	4971947
prados	4971946
fabula	4971945
tardia	4971944
hotchner	4971943
escaneando	4971942
suk	4971941
freedom	4971940
ajustando	4971939
contactarte	4971938
pond	4971937
guinness	4971936
beast	4971935
colillas	4971934
bombeando	4971933
perderias	4971932
requerira	4971931
forcejeo	4971930
liberarnos	4971929
kes	4971928
coincida	4971927
ducharte	4971926
soportare	4971925
munna	4971924
bring	4971923
cod	4971922
continuaran	4971921
proclama	4971920
quedeis	4971919
aplazar	4971918
bastan	4971917
garner	4971916
televidentes	4971915
revelada	4971914
encontrareis	4971913
cogerlos	4971912
propano	4971911
lestrade	4971910
grantham	4971909
mediacion	4971908
burocrata	4971907
expulso	4971906
maldecido	4971905
antwon	4971904
avisando	4971903
encontrad	4971902
rutinaria	4971901
pride	4971900
tudor	4971899
echarlos	4971898
aron	4971897
hablase	4971896
germain	4971895
juridico	4971894
detengalo	4971893
maniobrar	4971892
fallare	4971891
fernandez	4971890
ahorramos	4971889
bucarest	4971888
regulacion	4971887
invasor	4971886
arrojan	4971885
tigresa	4971884
olvidemonos	4971883
siciliano	4971882
virtuosa	4971881
persiste	4971880
picaduras	4971879
boya	4971878
pretendemos	4971877
dabamos	4971876
muestramelo	4971875
boina	4971874
ocultarnos	4971873
pretendas	4971872
templarios	4971871
ilogico	4971870
censo	4971869
aproximan	4971868
guardame	4971867
deshonor	4971866
valorado	4971865
escalofrio	4971864
serenata	4971863
zara	4971862
cojeando	4971861
autismo	4971860
mantuvieras	4971859
trolls	4971858
transforman	4971857
repiten	4971856
braverman	4971855
estereotipos	4971854
hombrecillo	4971853
metamos	4971852
ayudandote	4971851
analizarlo	4971850
hableis	4971849
retribucion	4971848
guardara	4971847
teheran	4971846
gatsby	4971845
usarte	4971844
evasiva	4971843
tag	4971842
pongale	4971841
convoco	4971840
comportes	4971839
apurar	4971838
atraes	4971837
vesti	4971836
prestare	4971835
coincidimos	4971834
parrillada	4971833
rs	4971832
reconozcan	4971831
causarte	4971830
medievales	4971829
supondria	4971828
dentistas	4971827
croacia	4971826
reaccionado	4971825
foxtrot	4971824
torpeza	4971823
miyagi	4971822
regalan	4971821
llevatelos	4971820
disculpare	4971819
concentres	4971818
reformar	4971817
coopere	4971816
senalan	4971815
exploradora	4971814
caricia	4971813
estrias	4971812
plomeria	4971811
varados	4971810
nadan	4971809
fallecidos	4971808
inclinarse	4971807
esnob	4971806
batea	4971805
karina	4971804
generando	4971803
aprete	4971802
luciernagas	4971801
salino	4971800
madsen	4971799
juno	4971798
contestara	4971797
guarro	4971796
embotellada	4971795
wikileaks	4971794
cromo	4971793
superaste	4971792
tangible	4971791
ladillas	4971790
iranies	4971789
portafolios	4971788
quitalo	4971787
sinbad	4971786
cogedlo	4971785
expres	4971784
verne	4971783
ilimitada	4971782
diseccion	4971781
sufriran	4971780
yodo	4971779
inscrito	4971778
faser	4971777
flancos	4971776
being	4971775
demela	4971774
apagare	4971773
asistiendo	4971772
atticus	4971771
procedencia	4971770
sarcastica	4971769
estabilizado	4971768
colgaba	4971767
antisocial	4971766
buscandole	4971765
remi	4971764
evil	4971763
saliente	4971762
inconscientemente	4971761
opuestas	4971760
years	4971759
anuncian	4971758
ryland	4971757
mirarse	4971756
hackeado	4971755
autobiografia	4971754
traidos	4971753
whiteside	4971752
girate	4971751
colocarlo	4971750
takahashi	4971749
sostuve	4971748
fray	4971747
ea	4971746
brujos	4971745
llevela	4971744
secuestrando	4971743
abrasiones	4971742
ewan	4971741
limpiaremos	4971740
entusiastas	4971739
adulador	4971738
enfermeros	4971737
yoshida	4971736
correria	4971735
prestaste	4971734
duraran	4971733
atravesamos	4971732
abbs	4971731
caminatas	4971730
inventas	4971729
caballeroso	4971728
lark	4971727
defenderla	4971726
aserradero	4971725
apreciada	4971724
sweater	4971723
echalo	4971722
salis	4971721
enfrentaremos	4971720
entidades	4971719
meterlos	4971718
rozo	4971717
caperucita	4971716
volverla	4971715
viajaron	4971714
retrocediendo	4971713
bragueta	4971712
velvet	4971711
deseaste	4971710
helsing	4971709
enterrarla	4971708
mezclo	4971707
derritiendo	4971706
agria	4971705
colgarme	4971704
injusticias	4971703
garito	4971702
forjado	4971701
corrigan	4971700
llegarian	4971699
dear	4971698
puff	4971697
agradecen	4971696
aplicada	4971695
civico	4971694
presuncion	4971693
arriesgan	4971692
acuestese	4971691
pararle	4971690
hormiguero	4971689
riggins	4971688
valoracion	4971687
involucran	4971686
mohamed	4971685
protejas	4971684
morrow	4971683
cardassia	4971682
ruedo	4971681
bunuelos	4971680
rosenberg	4971679
reportan	4971678
consumado	4971677
aurelio	4971676
moderado	4971675
golpearia	4971674
distraerte	4971673
esquimales	4971672
emm	4971671
psi	4971670
pertenezca	4971669
comprobaremos	4971668
prometame	4971667
carpetas	4971666
piercing	4971665
maldijo	4971664
fortalece	4971663
mirais	4971662
castrado	4971661
hackett	4971660
cucu	4971659
trituradora	4971658
renacuajo	4971657
geneticas	4971656
mirarnos	4971655
cavendish	4971654
pedofilos	4971653
biceps	4971652
guardarla	4971651
eutanasia	4971650
wills	4971649
feldman	4971648
periscopio	4971647
sacrificarse	4971646
asoma	4971645
habiles	4971644
prestaba	4971643
contaminar	4971642
tensas	4971641
smythe	4971640
extranan	4971639
tensos	4971638
enough	4971637
enganen	4971636
acierta	4971635
ejecutor	4971634
callaras	4971633
robarles	4971632
mavis	4971631
abrace	4971630
oscurecer	4971629
shapiro	4971628
esquivando	4971627
apophis	4971626
compartamos	4971625
verter	4971624
venderan	4971623
apuntarme	4971622
volvieramos	4971621
frijol	4971620
invernal	4971619
aconsejaria	4971618
yarda	4971617
llevensela	4971616
colcha	4971615
marchense	4971614
flirtear	4971613
dov	4971612
atrapenlos	4971611
polillas	4971610
accionista	4971609
dolorosamente	4971608
nascar	4971607
regaliz	4971606
ito	4971605
falsedad	4971604
actualizaciones	4971603
expresando	4971602
rindan	4971601
dificulta	4971600
supervisando	4971599
renegados	4971598
milena	4971597
burgueses	4971596
besala	4971595
triada	4971594
privacion	4971593
noo	4971592
conmocionada	4971591
bomboncito	4971590
pasadlo	4971589
alambres	4971588
estropeada	4971587
yusuf	4971586
metieras	4971585
pistols	4971584
levy	4971583
examinen	4971582
entrenan	4971581
aquaman	4971580
justice	4971579
wind	4971578
nic	4971577
imaginatelo	4971576
iy	4971575
desnudarse	4971574
utileria	4971573
psicologicas	4971572
molestarnos	4971571
obscena	4971570
averiguaron	4971569
momias	4971568
rosco	4971567
resina	4971566
terricola	4971565
faisan	4971564
oaks	4971563
derechas	4971562
desangrando	4971561
reparador	4971560
poneis	4971559
extendida	4971558
chadwick	4971557
pryce	4971556
protegidas	4971555
budismo	4971554
subitamente	4971553
compositores	4971552
caminantes	4971551
papitas	4971550
chez	4971549
ambientes	4971548
temeraria	4971547
jihad	4971546
does	4971545
transilvania	4971544
tibet	4971543
aumentaron	4971542
existiria	4971541
empujarme	4971540
enganosa	4971539
demoro	4971538
quitaos	4971537
tocarlos	4971536
revueltas	4971535
sufriera	4971534
medici	4971533
premier	4971532
rambaldi	4971531
horquilla	4971530
realizaron	4971529
malia	4971528
convincentes	4971527
brewer	4971526
habreis	4971525
vandalos	4971524
guita	4971523
oprimidos	4971522
snoop	4971521
conjuntos	4971520
giraba	4971519
propenso	4971518
tung	4971517
enzimas	4971516
invaden	4971515
amabamos	4971514
desafortunados	4971513
nitroglicerina	4971512
sujete	4971511
derivado	4971510
rafagas	4971509
acre	4971508
besaron	4971507
infiltracion	4971506
habib	4971505
preguntarias	4971504
requerida	4971503
cardiologo	4971502
recaudador	4971501
vocero	4971500
calvos	4971499
arete	4971498
jolene	4971497
tomarlos	4971496
tor	4971495
bebed	4971494
intemperie	4971493
sharpe	4971492
forajido	4971491
moviera	4971490
dancing	4971489
bandada	4971488
bruma	4971487
mordieron	4971486
rao	4971485
chapuzon	4971484
atraera	4971483
retienen	4971482
entenderla	4971481
matilde	4971480
durga	4971479
riff	4971478
liquidado	4971477
maquis	4971476
finalidad	4971475
cobramos	4971474
lactosa	4971473
plausible	4971472
analice	4971471
purga	4971470
congele	4971469
masticando	4971468
ilegitimo	4971467
deportacion	4971466
generado	4971465
polemica	4971464
sernos	4971463
gime	4971462
mongol	4971461
toracico	4971460
empaque	4971459
recogiera	4971458
entendes	4971457
logres	4971456
retirara	4971455
asustamos	4971454
pedicura	4971453
eligiera	4971452
estafando	4971451
magneticos	4971450
gao	4971449
holder	4971448
inscripciones	4971447
viles	4971446
descansemos	4971445
apasiona	4971444
flanagan	4971443
ambiciosos	4971442
brianna	4971441
afirmando	4971440
esperarla	4971439
volveis	4971438
financiado	4971437
alcanzame	4971436
corcoran	4971435
fondue	4971434
southampton	4971433
entertainment	4971432
burdeles	4971431
conquistadores	4971430
tron	4971429
cineastas	4971428
somalia	4971427
festividades	4971426
twister	4971425
desconecta	4971424
laird	4971423
tratabamos	4971422
nenita	4971421
interrogarle	4971420
remember	4971419
pulmonia	4971418
estornudar	4971417
arrastras	4971416
golpearle	4971415
repitas	4971414
autostop	4971413
apurados	4971412
alentar	4971411
suv	4971410
marchita	4971409
tocabas	4971408
tonteando	4971407
mima	4971406
cristiandad	4971405
narrativa	4971404
hurgar	4971403
mediador	4971402
hadar	4971401
birgitte	4971400
bastilla	4971399
contraatacar	4971398
traspasar	4971397
produjeron	4971396
obligarla	4971395
contemos	4971394
sacacorchos	4971393
encarcelados	4971392
compuso	4971391
doesn	4971390
comparti	4971389
souffle	4971388
midiendo	4971387
prioritario	4971386
infiernos	4971385
din	4971384
falco	4971383
comparable	4971382
determino	4971381
sujetas	4971380
surja	4971379
luchara	4971378
averguence	4971377
shampoo	4971376
sutileza	4971375
anticipar	4971374
espesor	4971373
nylon	4971372
soltarte	4971371
trillones	4971370
gloucester	4971369
hardin	4971368
normandos	4971367
instalarse	4971366
aritmetica	4971365
ocuparia	4971364
entierran	4971363
sigilo	4971362
trazas	4971361
despeje	4971360
alimente	4971359
disparenle	4971358
excentrica	4971357
resultas	4971356
pasarian	4971355
armisticio	4971354
espiritualmente	4971353
mascarilla	4971352
nessa	4971351
shake	4971350
pupila	4971349
spice	4971348
remando	4971347
afinidad	4971346
father	4971345
tuerto	4971344
consiente	4971343
perseguira	4971342
secuestraste	4971341
caprichoso	4971340
demoniaco	4971339
inaudito	4971338
polizon	4971337
disfrutare	4971336
obtendran	4971335
espantar	4971334
entrantes	4971333
bohemia	4971332
bajon	4971331
pelt	4971330
suelas	4971329
diciendonos	4971328
confiare	4971327
escaparnos	4971326
sufriras	4971325
flagrante	4971324
parpadear	4971323
chocala	4971322
astral	4971321
preservativo	4971320
centrarte	4971319
sujetala	4971318
cargare	4971317
arch	4971316
fijarse	4971315
psicoanalista	4971314
williamson	4971313
enganarlo	4971312
friedman	4971311
autodefensa	4971310
biblias	4971309
justiciero	4971308
lugubre	4971307
rocosas	4971306
penetro	4971305
aztecas	4971304
camaraderia	4971303
resena	4971302
cosacos	4971301
borrando	4971300
supermodelo	4971299
quint	4971298
low	4971297
enamores	4971296
enfrentare	4971295
intensivo	4971294
incondicionalmente	4971293
innegable	4971292
rastrillo	4971291
metadona	4971290
iones	4971289
encarcelar	4971288
cctv	4971287
matrona	4971286
dietas	4971285
prolongada	4971284
asistira	4971283
bastones	4971282
morel	4971281
matale	4971280
traguito	4971279
pelant	4971278
mamie	4971277
bana	4971276
limo	4971275
decirla	4971274
simran	4971273
reconocia	4971272
posa	4971271
lores	4971270
doliendo	4971269
escasas	4971268
griselda	4971267
visualmente	4971266
yamato	4971265
generan	4971264
quemalo	4971263
cazuela	4971262
donahue	4971261
concluyentes	4971260
atrapando	4971259
resuelta	4971258
puercos	4971257
miradme	4971256
armenia	4971255
dirigirnos	4971254
chaney	4971253
lograran	4971252
moteles	4971251
investigaremos	4971250
aprovecharme	4971249
agachado	4971248
krueger	4971247
atrevete	4971246
elastica	4971245
nosostros	4971244
alessandro	4971243
sobrevivo	4971242
calvario	4971241
soph	4971240
apurarte	4971239
sotanos	4971238
raghu	4971237
descartes	4971236
repara	4971235
enfermiza	4971234
interrogarme	4971233
cogeras	4971232
snowboard	4971231
gomas	4971230
humanitaria	4971229
tigger	4971228
rodado	4971227
margaux	4971226
admiran	4971225
alarde	4971224
emir	4971223
sabina	4971222
sanador	4971221
cor	4971220
pudiesen	4971219
relicario	4971218
comadrona	4971217
gardens	4971216
motociclista	4971215
duradero	4971214
interesarme	4971213
inducido	4971212
apoyarse	4971211
jabbar	4971210
irreversible	4971209
contables	4971208
combo	4971207
siquiatra	4971206
hazles	4971205
braga	4971204
ero	4971203
brava	4971202
patanes	4971201
medicamente	4971200
mariquitas	4971199
intercambiando	4971198
nando	4971197
adaptando	4971196
proporcionara	4971195
inactivo	4971194
alegaciones	4971193
siegfried	4971192
manies	4971191
desprevenido	4971190
reverenda	4971189
marga	4971188
molido	4971187
rosetta	4971186
pelearnos	4971185
retornar	4971184
flexibles	4971183
shambo	4971182
operaron	4971181
besarle	4971180
inepto	4971179
chupas	4971178
manivela	4971177
ingrese	4971176
cuestionado	4971175
desgarro	4971174
disculpais	4971173
atracado	4971172
asignaciones	4971171
irregularidades	4971170
abordaje	4971169
ketamina	4971168
pajarita	4971167
vestimos	4971166
hermanastra	4971165
recuperemos	4971164
localidad	4971163
posando	4971162
maleantes	4971161
sport	4971160
devolviera	4971159
mayfield	4971158
fingiste	4971157
ingresa	4971156
ositos	4971155
rat	4971154
sobreviviran	4971153
ecos	4971152
berenjena	4971151
microsoft	4971150
baleado	4971149
larva	4971148
cabrea	4971147
mier	4971146
desprecias	4971145
agradecermelo	4971144
caracas	4971143
rescatados	4971142
reconsidere	4971141
humanoide	4971140
incas	4971139
gm	4971138
degenerados	4971137
mirela	4971136
danvers	4971135
limusinas	4971134
reinar	4971133
navidenas	4971132
british	4971131
detectamos	4971130
tilly	4971129
resistirlo	4971128
cortadora	4971127
guardiana	4971126
mercante	4971125
inflable	4971124
fraternal	4971123
alquileres	4971122
provino	4971121
investigaba	4971120
castigue	4971119
dove	4971118
empenar	4971117
lirio	4971116
juzguen	4971115
pianos	4971114
creciera	4971113
cherie	4971112
saxon	4971111
celibato	4971110
cuclillas	4971109
sock	4971108
superficies	4971107
forever	4971106
callaghan	4971105
mccluskey	4971104
lear	4971103
aparca	4971102
cardassiano	4971101
descansaremos	4971100
nieva	4971099
hospitalizado	4971098
roddy	4971097
harapos	4971096
alejandose	4971095
afan	4971094
vertebra	4971093
discuta	4971092
bulevar	4971091
convoca	4971090
catacumbas	4971089
byrne	4971088
holgazanes	4971087
apodera	4971086
professor	4971085
encontrarles	4971084
stick	4971083
indispuesto	4971082
styles	4971081
pelearme	4971080
panceta	4971079
gervase	4971078
rezan	4971077
rebel	4971076
comillas	4971075
reo	4971074
sai	4971073
ciguena	4971072
stoker	4971071
carismatico	4971070
venci	4971069
sistematicamente	4971068
saltarse	4971067
bingham	4971066
meada	4971065
parentesis	4971064
respiran	4971063
ahuyentar	4971062
java	4971061
averiguaras	4971060
vigilamos	4971059
correspondia	4971058
fregona	4971057
crabtree	4971056
wexler	4971055
birkhoff	4971054
ignore	4971053
masivos	4971052
alargar	4971051
falsifico	4971050
siii	4971049
longo	4971048
sabreis	4971047
cuestiono	4971046
votando	4971045
traspaso	4971044
hitman	4971043
boligrafos	4971042
abrochate	4971041
reemplace	4971040
fingimos	4971039
planeabas	4971038
zimmerman	4971037
purificacion	4971036
escritorios	4971035
pulsaciones	4971034
shop	4971033
saladas	4971032
altere	4971031
dec	4971030
amour	4971029
bolonia	4971028
municipalidad	4971027
morderte	4971026
explicale	4971025
divorciarte	4971024
unguento	4971023
liviana	4971022
torneos	4971021
sarcofago	4971020
denuevo	4971019
silenciar	4971018
melville	4971017
pd	4971016
watergate	4971015
aburria	4971014
orbital	4971013
zod	4971012
private	4971011
validez	4971010
laton	4971009
arrepientas	4971008
acabarse	4971007
ruge	4971006
cascaron	4971005
acertaste	4971004
plantear	4971003
cagues	4971002
curriculo	4971001
led	4971000
excitantes	4970999
apunale	4970998
sobrepeso	4970997
rentas	4970996
cornelia	4970995
coagulacion	4970994
bebieron	4970993
inmuebles	4970992
rog	4970991
fotocopias	4970990
acabais	4970989
anunciaron	4970988
jadeo	4970987
persiga	4970986
perdidamente	4970985
opcional	4970984
cortejar	4970983
servirlo	4970982
descubriria	4970981
poppins	4970980
eminente	4970979
erroneamente	4970978
mathis	4970977
decepciono	4970976
mijo	4970975
robarla	4970974
mirabamos	4970973
reconsiderarlo	4970972
letreros	4970971
extravagantes	4970970
domine	4970969
evacuados	4970968
hallare	4970967
yourself	4970966
kenobi	4970965
lange	4970964
primates	4970963
abba	4970962
pasiva	4970961
despreciables	4970960
emperadores	4970959
apresurarse	4970958
disfuncional	4970957
hablariamos	4970956
tecnicismo	4970955
violadas	4970954
grabador	4970953
felice	4970952
christmas	4970951
mirenla	4970950
levantaria	4970949
diagnosticar	4970948
ardera	4970947
fusilado	4970946
highland	4970945
whale	4970944
convencera	4970943
reprimido	4970942
inesperadas	4970941
sacha	4970940
desastrosa	4970939
shiv	4970938
hispano	4970937
gloriosos	4970936
pinot	4970935
indiscutible	4970934
valjean	4970933
resistira	4970932
asegurados	4970931
precisar	4970930
mostraban	4970929
newcastle	4970928
sentando	4970927
exprimir	4970926
lupe	4970925
adelgazar	4970924
maury	4970923
winifred	4970922
subestimar	4970921
ocurriese	4970920
incalculable	4970919
habitable	4970918
albright	4970917
colapsado	4970916
probarle	4970915
iggy	4970914
flacucho	4970913
pasamela	4970912
aguantare	4970911
enterrare	4970910
sobrevalorado	4970909
aplicando	4970908
fuji	4970907
told	4970906
storybrooke	4970905
chupate	4970904
subsuelo	4970903
escarbar	4970902
lynda	4970901
thai	4970900
rendi	4970899
reira	4970898
prostibulo	4970897
nabo	4970896
prentice	4970895
convencere	4970894
jugaras	4970893
azotar	4970892
derrotada	4970891
pasante	4970890
bakersfield	4970889
alucinar	4970888
soldadito	4970887
inalcanzable	4970886
localizada	4970885
preparame	4970884
ganarias	4970883
minimos	4970882
pinas	4970881
marginado	4970880
acordara	4970879
alimentas	4970878
permitian	4970877
fallara	4970876
cuentalo	4970875
sirenita	4970874
avisarnos	4970873
mataros	4970872
escrutinio	4970871
cachorritos	4970870
soplones	4970869
rowena	4970868
else	4970867
equipada	4970866
barbudo	4970865
subanse	4970864
gacela	4970863
abrams	4970862
provocaron	4970861
dejados	4970860
freak	4970859
augurio	4970858
kota	4970857
cielito	4970856
energico	4970855
roncando	4970854
kepner	4970853
chupe	4970852
inflexion	4970851
conformidad	4970850
revisalo	4970849
aleatorios	4970848
danesa	4970847
deseara	4970846
pakistani	4970845
reunida	4970844
movidas	4970843
speedy	4970842
fogueo	4970841
truth	4970840
manejarla	4970839
audaces	4970838
nitro	4970837
budd	4970836
repugna	4970835
ciudadela	4970834
parecerme	4970833
suspendidos	4970832
tratandose	4970831
revises	4970830
hands	4970829
papaito	4970828
krissi	4970827
pitillo	4970826
bikinis	4970825
pilotear	4970824
wharton	4970823
desfibrilador	4970822
divertiamos	4970821
koko	4970820
eyre	4970819
municipales	4970818
llorare	4970817
existentes	4970816
torturados	4970815
exorcista	4970814
rupaul	4970813
despides	4970812
margherita	4970811
confesarlo	4970810
brea	4970809
twin	4970808
piadosa	4970807
ste	4970806
danino	4970805
pick	4970804
aparador	4970803
gatas	4970802
puaj	4970801
juzgan	4970800
miden	4970799
soportando	4970798
quiste	4970797
culparia	4970796
deshidratado	4970795
nike	4970794
moza	4970793
kafka	4970792
matase	4970791
arrancarme	4970790
traicionan	4970789
bai	4970788
fleur	4970787
conmemorar	4970786
bismarck	4970785
monsanto	4970784
mangueras	4970783
oculte	4970782
preservacion	4970781
encerramos	4970780
horowitz	4970779
contienda	4970778
topamos	4970777
brunch	4970776
respetados	4970775
ferias	4970774
hacertelo	4970773
militantes	4970772
tosiendo	4970771
novecientos	4970770
intencionado	4970769
preservativos	4970768
arrestarlos	4970767
placebo	4970766
faulkner	4970765
triunfos	4970764
janus	4970763
curan	4970762
adjunta	4970761
monten	4970760
livingston	4970759
confesora	4970758
portia	4970757
vee	4970756
oy	4970755
atemorizante	4970754
vejestorio	4970753
mitzi	4970752
kind	4970751
arritmia	4970750
chasis	4970749
buhos	4970748
resolverse	4970747
archivar	4970746
hicieses	4970745
encerraste	4970744
derrumbarse	4970743
cruelmente	4970742
hallemos	4970741
stack	4970740
compinches	4970739
servirnos	4970738
quitemos	4970737
riguroso	4970736
jacks	4970735
geiger	4970734
pruebatelo	4970733
tien	4970732
expliqueme	4970731
disfrutaria	4970730
preparara	4970729
annabeth	4970728
salvanos	4970727
confundirme	4970726
lentejuelas	4970725
obsesiva	4970724
perjudicado	4970723
equilibrada	4970722
judi	4970721
ordinarios	4970720
regocijo	4970719
demorando	4970718
surenos	4970717
fundas	4970716
helsinki	4970715
mordaza	4970714
gobiernan	4970713
reclamado	4970712
defiant	4970711
precious	4970710
invoco	4970709
getting	4970708
frenetico	4970707
resaltar	4970706
baal	4970705
milimetro	4970704
discotecas	4970703
prepararla	4970702
catarro	4970701
cenare	4970700
contribuido	4970699
constructora	4970698
amenaces	4970697
crujido	4970696
agarrarse	4970695
lleo	4970694
prostituto	4970693
faldero	4970692
lis	4970691
fiduciario	4970690
keenan	4970689
identifiquese	4970688
ph	4970687
producira	4970686
interestelar	4970685
esconderla	4970684
vesicula	4970683
exigentes	4970682
flotan	4970681
lloriqueando	4970680
acercandonos	4970679
ubicada	4970678
midway	4970677
espabila	4970676
agarrarla	4970675
inicien	4970674
castigan	4970673
napalm	4970672
conduzcas	4970671
insufrible	4970670
tiberio	4970669
procesarlo	4970668
confirmados	4970667
osas	4970666
saliese	4970665
ahn	4970664
dalila	4970663
armenios	4970662
lentejas	4970661
mme	4970660
rastrearla	4970659
piotr	4970658
lombrices	4970657
turing	4970656
desolada	4970655
desharemos	4970654
lanzados	4970653
vecindad	4970652
bellevue	4970651
lai	4970650
coliflor	4970649
huron	4970648
contenerme	4970647
ramiro	4970646
dresden	4970645
canibalismo	4970644
ayudarian	4970643
yamada	4970642
pontela	4970641
apegado	4970640
racionales	4970639
police	4970638
violarla	4970637
privilegiado	4970636
calidas	4970635
kaye	4970634
obten	4970633
inexplicables	4970632
marcacion	4970631
minh	4970630
ejerciendo	4970629
acompanenos	4970628
borrarlo	4970627
apasionados	4970626
productions	4970625
suspense	4970624
abrazarla	4970623
iva	4970622
verificamos	4970621
limpiadora	4970620
acuse	4970619
pararia	4970618
birch	4970617
transparencia	4970616
hamish	4970615
radiactivo	4970614
abordando	4970613
sobrevives	4970612
ahorrara	4970611
pasma	4970610
genghis	4970609
androides	4970608
criquet	4970607
llevenlos	4970606
grill	4970605
plenitud	4970604
veronika	4970603
contrajo	4970602
galu	4970601
marmota	4970600
encerraran	4970599
izquierdas	4970598
artesano	4970597
lanzarte	4970596
revestimiento	4970595
separatistas	4970594
incrementado	4970593
amenazados	4970592
vibrar	4970591
preguntabas	4970590
canastas	4970589
quehaceres	4970588
frenado	4970587
comparecer	4970586
corday	4970585
indigna	4970584
herrmann	4970583
escorpio	4970582
morelli	4970581
estrellar	4970580
preguntandote	4970579
liberarlos	4970578
renny	4970577
perjudica	4970576
confucio	4970575
mass	4970574
rebotando	4970573
byrd	4970572
doblada	4970571
cojer	4970570
ponermelo	4970569
divertios	4970568
abrazas	4970567
mila	4970566
contagiado	4970565
unase	4970564
levantados	4970563
pujar	4970562
falcone	4970561
caldero	4970560
deplorable	4970559
romanas	4970558
strickland	4970557
rieles	4970556
martino	4970555
tip	4970554
publican	4970553
granizo	4970552
crujientes	4970551
gustase	4970550
apeteceria	4970549
cansadas	4970548
acuden	4970547
repasado	4970546
orale	4970545
justificada	4970544
acabalo	4970543
ge	4970542
rupturas	4970541
desarrollarse	4970540
tematica	4970539
iniciaron	4970538
prometiendo	4970537
pideselo	4970536
polio	4970535
consulte	4970534
amador	4970533
pesquero	4970532
escabullirse	4970531
might	4970530
borre	4970529
burlandose	4970528
valiera	4970527
estupidamente	4970526
tocarse	4970525
paracaidismo	4970524
hachas	4970523
raptada	4970522
propulsor	4970521
notablemente	4970520
noviazgo	4970519
presentadora	4970518
plagado	4970517
westchester	4970516
cosquilleo	4970515
tractores	4970514
uou	4970513
puntuales	4970512
sanitaria	4970511
gilroy	4970510
penner	4970509
energetico	4970508
desviando	4970507
encerradas	4970506
seaver	4970505
aferrate	4970504
garrow	4970503
trepando	4970502
atiendan	4970501
benoit	4970500
provision	4970499
condimento	4970498
ilustraciones	4970497
granujas	4970496
administra	4970495
apunala	4970494
sylar	4970493
mamifero	4970492
fatima	4970491
clandestinos	4970490
vivien	4970489
thayer	4970488
recuperas	4970487
calhoun	4970486
comiendose	4970485
alfabetico	4970484
mercadillo	4970483
perdonarle	4970482
bis	4970481
aceites	4970480
relajados	4970479
vishal	4970478
intimida	4970477
bilal	4970476
geologia	4970475
signor	4970474
disenando	4970473
apagarla	4970472
zbz	4970471
casaramos	4970470
chiquitin	4970469
escribiremos	4970468
defensivo	4970467
marika	4970466
roque	4970465
humanamente	4970464
esclusa	4970463
callad	4970462
suenen	4970461
encarguen	4970460
familiarizados	4970459
battle	4970458
kimball	4970457
devastadora	4970456
indices	4970455
league	4970454
warden	4970453
elegira	4970452
colecciones	4970451
nerviosismo	4970450
desapercibidos	4970449
saw	4970448
destierro	4970447
llamase	4970446
armenio	4970445
desayunos	4970444
apurarse	4970443
setsuko	4970442
dalai	4970441
cualificada	4970440
procrear	4970439
complexion	4970438
ascendiendo	4970437
graficas	4970436
braden	4970435
anticipada	4970434
marti	4970433
ldiota	4970432
amenace	4970431
juzgarte	4970430
contentas	4970429
deirdre	4970428
shue	4970427
pesco	4970426
casaba	4970425
till	4970424
desconfiar	4970423
canterbury	4970422
cestas	4970421
cumulo	4970420
bombo	4970419
aparezcas	4970418
hariais	4970417
ardid	4970416
defensora	4970415
rise	4970414
vinieramos	4970413
retuvo	4970412
regalas	4970411
artesania	4970410
entregame	4970409
neurotico	4970408
confirmara	4970407
vash	4970406
seducido	4970405
hildy	4970404
epifania	4970403
despegando	4970402
imperfecto	4970401
nostalgico	4970400
exceptuando	4970399
sociologia	4970398
saquenla	4970397
charming	4970396
kinney	4970395
perderle	4970394
resisto	4970393
partridge	4970392
kids	4970391
bailaremos	4970390
minucioso	4970389
dink	4970388
daniela	4970387
tipicas	4970386
comprarlas	4970385
asombrada	4970384
bodegas	4970383
tomabas	4970382
tocaran	4970381
arruinarte	4970380
votara	4970379
aª	4970378
mosaico	4970377
mma	4970376
emerger	4970375
presuntamente	4970374
lastimare	4970373
superaras	4970372
baza	4970371
espantosas	4970370
insertar	4970369
lanzarlo	4970368
electrodos	4970367
limpiara	4970366
veda	4970365
impetuoso	4970364
somnifero	4970363
demon	4970362
conscientemente	4970361
fomentar	4970360
engendro	4970359
inducir	4970358
porky	4970357
rosca	4970356
kolya	4970355
marginados	4970354
lala	4970353
ibiza	4970352
ecologico	4970351
corrine	4970350
cornwall	4970349
valhalla	4970348
myron	4970347
dock	4970346
schubert	4970345
pace	4970344
embriones	4970343
ducharse	4970342
geller	4970341
atando	4970340
enzima	4970339
contribuyente	4970338
hepburn	4970337
gable	4970336
peleara	4970335
buckner	4970334
confesando	4970333
percusion	4970332
verrugas	4970331
soltamos	4970330
heraldo	4970329
pericia	4970328
saldrian	4970327
half	4970326
subase	4970325
desaparezco	4970324
pende	4970323
masha	4970322
dahl	4970321
posea	4970320
archivado	4970319
pensas	4970318
tenacidad	4970317
forjar	4970316
dejemonos	4970315
loma	4970314
leif	4970313
audifono	4970312
confesor	4970311
nikola	4970310
dugan	4970309
defiendete	4970308
ridiculamente	4970307
entendamos	4970306
ofendi	4970305
sieg	4970304
sports	4970303
regresion	4970302
keegan	4970301
flequillo	4970300
horrorizado	4970299
beneficiario	4970298
enloquecen	4970297
decepticons	4970296
disuelto	4970295
crixus	4970294
decana	4970293
lanzala	4970292
sugerirle	4970291
descendio	4970290
pomo	4970289
cuidada	4970288
domar	4970287
golpeaban	4970286
fane	4970285
penetrado	4970284
comportaba	4970283
sacuda	4970282
gangrena	4970281
chita	4970280
plante	4970279
irritacion	4970278
hize	4970277
tonino	4970276
wol	4970275
pudiendo	4970274
enmedio	4970273
presidenciales	4970272
eliminarlos	4970271
vinilo	4970270
lanchas	4970269
necesitarte	4970268
hiena	4970267
exaltado	4970266
desperdicia	4970265
goose	4970264
pezunas	4970263
madama	4970262
sanguinario	4970261
equipajes	4970260
acostumbrar	4970259
aislante	4970258
excavadora	4970257
encajas	4970256
sella	4970255
salvan	4970254
secando	4970253
posgrado	4970252
pararnos	4970251
ouija	4970250
howell	4970249
athos	4970248
gabriela	4970247
agilidad	4970246
confiesas	4970245
practicante	4970244
graduada	4970243
revisan	4970242
faseres	4970241
vendamos	4970240
lobulos	4970239
escopetas	4970238
metralleta	4970237
unicornios	4970236
portugueses	4970235
subordinado	4970234
demoras	4970233
mireis	4970232
literas	4970231
dede	4970230
garvey	4970229
merry	4970228
quitenme	4970227
masculinidad	4970226
hipotetico	4970225
dispersa	4970224
alces	4970223
notaran	4970222
doom	4970221
arreglaba	4970220
eta	4970219
aprenderemos	4970218
brigadas	4970217
milt	4970216
porteria	4970215
comezon	4970214
arruinamos	4970213
administradores	4970212
campina	4970211
osiris	4970210
lavarlo	4970209
portarse	4970208
arkham	4970207
zulu	4970206
fredo	4970205
chantajearme	4970204
hyungnim	4970203
comentarista	4970202
codis	4970201
bloqueen	4970200
existiendo	4970199
calculando	4970198
prematuramente	4970197
contandole	4970196
inspiradora	4970195
rigby	4970194
percha	4970193
instale	4970192
mamut	4970191
grato	4970190
perdonada	4970189
vierte	4970188
descuidados	4970187
vestire	4970186
esparce	4970185
solucionare	4970184
finnegan	4970183
entablar	4970182
prometelo	4970181
anclas	4970180
impresos	4970179
transformador	4970178
madero	4970177
experimentales	4970176
corbin	4970175
burn	4970174
iniciamos	4970173
complaciente	4970172
residencias	4970171
chulos	4970170
actas	4970169
subidon	4970168
pedales	4970167
estrechamente	4970166
copo	4970165
averiguemoslo	4970164
tory	4970163
proveera	4970162
diferencial	4970161
parkman	4970160
ensenaros	4970159
refrescarme	4970158
cocinan	4970157
rafferty	4970156
cancelamos	4970155
visitarle	4970154
concedere	4970153
asuka	4970152
elevo	4970151
packard	4970150
respalda	4970149
despreciado	4970148
chula	4970147
dramaticamente	4970146
tranquilicense	4970145
serrano	4970144
whittaker	4970143
dig	4970142
equivocando	4970141
perturbacion	4970140
rodolfo	4970139
tonic	4970138
cercanias	4970137
enteraria	4970136
acondicionador	4970135
calentado	4970134
bastarda	4970133
nalgadas	4970132
fer	4970131
pompeya	4970130
thunderbird	4970129
propagacion	4970128
perdonaras	4970127
retires	4970126
viii	4970125
aspera	4970124
lui	4970123
revocar	4970122
ignorarme	4970121
molestandome	4970120
quebec	4970119
agresiones	4970118
acudi	4970117
favorables	4970116
ganesh	4970115
bom	4970114
cremas	4970113
pomulos	4970112
provocara	4970111
agudos	4970110
repartimos	4970109
comarca	4970108
irregulares	4970107
maxime	4970106
trampilla	4970105
obsesiona	4970104
asustaria	4970103
entregaran	4970102
tillman	4970101
bajoranos	4970100
nde	4970099
insinuacion	4970098
hat	4970097
haines	4970096
aproximado	4970095
ets	4970094
benjy	4970093
asociaciones	4970092
zedd	4970091
sepultado	4970090
florines	4970089
escogeria	4970088
pavor	4970087
murieras	4970086
acercaste	4970085
explotaron	4970084
casio	4970083
clinicos	4970082
cene	4970081
seeley	4970080
saludado	4970079
gastaron	4970078
espanta	4970077
cosmicos	4970076
globales	4970075
grazie	4970074
idos	4970073
scotch	4970072
brasas	4970071
comprometi	4970070
karp	4970069
pruebala	4970068
esofago	4970067
heteros	4970066
enganche	4970065
peluquin	4970064
denles	4970063
combustibles	4970062
chai	4970061
pincho	4970060
soleada	4970059
inaccesible	4970058
cortemos	4970057
inercia	4970056
salsas	4970055
revertido	4970054
minuscula	4970053
cassette	4970052
escuchandome	4970051
pudrirse	4970050
colocacion	4970049
espheni	4970048
ocurran	4970047
perdonarla	4970046
lituania	4970045
tomabamos	4970044
inusualmente	4970043
snoopy	4970042
philips	4970041
zorrita	4970040
lglesia	4970039
pongala	4970038
muestrenme	4970037
pacino	4970036
earth	4970035
capota	4970034
terrorifica	4970033
dedicarte	4970032
narracion	4970031
hrs	4970030
project	4970029
balanceo	4970028
extrae	4970027
campera	4970026
agredir	4970025
realizarse	4970024
factorial	4970023
romney	4970022
mirador	4970021
resuelvo	4970020
convertirlos	4970019
mutilacion	4970018
slam	4970017
pitufo	4970016
administradora	4970015
guardaria	4970014
estonia	4970013
compare	4970012
abriendose	4970011
veintiocho	4970010
compatibilidad	4970009
martirio	4970008
proletariado	4970007
entregarnos	4970006
kelley	4970005
arrojada	4970004
abrochense	4970003
seduce	4970002
winger	4970001
responderte	4970000
plancton	4969999
dni	4969998
fabrico	4969997
inspire	4969996
boulder	4969995
enfrentaba	4969994
mecedora	4969993
eastman	4969992
zhu	4969991
prestadas	4969990
cercania	4969989
rv	4969988
recibimiento	4969987
derrumbado	4969986
similitud	4969985
ensenarselo	4969984
yonkers	4969983
leerlas	4969982
metamorfosis	4969981
encadenados	4969980
playoffs	4969979
concluyo	4969978
reprimida	4969977
macedonia	4969976
lameculos	4969975
blythe	4969974
apuestos	4969973
antinatural	4969972
millares	4969971
acordare	4969970
demostrarme	4969969
springsteen	4969968
moveros	4969967
mayusculas	4969966
sis	4969965
calcule	4969964
fluctuaciones	4969963
aconsejable	4969962
arruinare	4969961
deal	4969960
gendarmes	4969959
camada	4969958
visitarlos	4969957
congresistas	4969956
corista	4969955
naciente	4969954
pestillo	4969953
lagartijas	4969952
entregaba	4969951
esparcido	4969950
banando	4969949
clarisimo	4969948
char	4969947
glaciares	4969946
mandalo	4969945
aseguremonos	4969944
collin	4969943
selby	4969942
limpiadores	4969941
durham	4969940
estafo	4969939
euro	4969938
carrona	4969937
millonaria	4969936
rurales	4969935
mixta	4969934
submarina	4969933
tampon	4969932
shania	4969931
fijada	4969930
doreau	4969929
excuseme	4969928
historicas	4969927
demorara	4969926
vigilad	4969925
galactico	4969924
predicho	4969923
aplaude	4969922
calaveras	4969921
organizaron	4969920
patrocinio	4969919
eliminaron	4969918
desplegado	4969917
clouseau	4969916
acuerdes	4969915
tomemonos	4969914
oiremos	4969913
afganos	4969912
alacena	4969911
intercomunicador	4969910
estariais	4969909
cautivos	4969908
gustave	4969907
ejercitar	4969906
tintineo	4969905
establecieron	4969904
adelantarme	4969903
burle	4969902
agrego	4969901
remision	4969900
pedante	4969899
sistolica	4969898
furor	4969897
repetira	4969896
aburrir	4969895
corcel	4969894
apreciacion	4969893
inmunda	4969892
pegatina	4969891
hollin	4969890
rectas	4969889
suspirando	4969888
fracasada	4969887
atropellada	4969886
cylones	4969885
messer	4969884
declive	4969883
organizare	4969882
enema	4969881
modista	4969880
ftl	4969879
bunty	4969878
pongais	4969877
transmisores	4969876
drenar	4969875
colilla	4969874
docente	4969873
escupido	4969872
dirigente	4969871
inventan	4969870
keisha	4969869
ridgeway	4969868
crudos	4969867
grulla	4969866
med	4969865
redondas	4969864
irrumpieron	4969863
cervical	4969862
ramones	4969861
malgastes	4969860
preguntate	4969859
objetividad	4969858
retenerte	4969857
mole	4969856
judea	4969855
bath	4969854
disfrutara	4969853
incorporado	4969852
duelos	4969851
penosa	4969850
tone	4969849
acompanarle	4969848
anadimos	4969847
azteca	4969846
obligara	4969845
lundy	4969844
inscribi	4969843
comodin	4969842
espasmo	4969841
formular	4969840
hablaros	4969839
frederik	4969838
chronicle	4969837
concerniente	4969836
deok	4969835
thorn	4969834
tata	4969833
omiso	4969832
dariamos	4969831
tick	4969830
leeme	4969829
winthrop	4969828
convivencia	4969827
zarigueya	4969826
hab	4969825
saxofon	4969824
blanc	4969823
azafatas	4969822
castiel	4969821
esparciendo	4969820
resucito	4969819
envenenando	4969818
festividad	4969817
alimentarlos	4969816
shanti	4969815
forzarlo	4969814
dueto	4969813
desalojar	4969812
viajara	4969811
gaetano	4969810
encarinado	4969809
venderse	4969808
somo	4969807
expulsa	4969806
rellenas	4969805
carmel	4969804
establecidos	4969803
lavaba	4969802
aseguraron	4969801
katz	4969800
chambelan	4969799
alejaste	4969798
invirtiendo	4969797
consumio	4969796
hechiceros	4969795
fighting	4969794
tuerca	4969793
reconstruido	4969792
tratarlos	4969791
fatalidad	4969790
pier	4969789
bane	4969788
pegara	4969787
polk	4969786
close	4969785
traida	4969784
fias	4969783
racionamiento	4969782
nope	4969781
isaiah	4969780
militante	4969779
llevarmela	4969778
hervido	4969777
bronco	4969776
seminarios	4969775
contratare	4969774
nabos	4969773
astrologia	4969772
condenan	4969771
trecho	4969770
bodie	4969769
chocaron	4969768
comprale	4969767
rainer	4969766
orville	4969765
exitosas	4969764
highway	4969763
napa	4969762
visitaron	4969761
mccord	4969760
indiscreto	4969759
sirviera	4969758
negatividad	4969757
sogas	4969756
ev	4969755
monogamia	4969754
planificado	4969753
residuales	4969752
vita	4969751
cagan	4969750
crunch	4969749
alimentarte	4969748
archiduque	4969747
excavaciones	4969746
molestaron	4969745
nacimientos	4969744
huevon	4969743
ezequiel	4969742
ingrata	4969741
causante	4969740
cultivando	4969739
golfista	4969738
sum	4969737
chechenia	4969736
ocuparan	4969735
uniras	4969734
mamar	4969733
sonata	4969732
frieda	4969731
conciliar	4969730
tarot	4969729
dedicare	4969728
trufa	4969727
brahms	4969726
encargaras	4969725
divirtieron	4969724
rowe	4969723
horst	4969722
guiarte	4969721
sueltate	4969720
revisas	4969719
emisoras	4969718
provoque	4969717
pipas	4969716
triviales	4969715
odiara	4969714
subirla	4969713
paria	4969712
costanza	4969711
educadamente	4969710
luchaban	4969709
advertirme	4969708
maceta	4969707
deshacemos	4969706
ved	4969705
punzante	4969704
manipula	4969703
dna	4969702
magneticas	4969701
orgias	4969700
nikhil	4969699
sami	4969698
destrozaste	4969697
lanzaba	4969696
deidad	4969695
llenaba	4969694
picando	4969693
resolviste	4969692
lyndon	4969691
ehhh	4969690
correspondiente	4969689
dispersos	4969688
angelique	4969687
exhaustiva	4969686
levantenlo	4969685
arrancan	4969684
aseguraste	4969683
contratarlo	4969682
desordenes	4969681
falsificado	4969680
noooo	4969679
abusa	4969678
palestino	4969677
apostol	4969676
boleta	4969675
venture	4969674
mooney	4969673
dormiamos	4969672
tyrell	4969671
eichmann	4969670
giuliano	4969669
ders	4969668
hundimos	4969667
dartela	4969666
pudor	4969665
trabajais	4969664
mozos	4969663
timador	4969662
chingada	4969661
besen	4969660
animador	4969659
bridges	4969658
malvavisco	4969657
danubio	4969656
estratega	4969655
concentrando	4969654
glenda	4969653
castilla	4969652
rindieron	4969651
faceta	4969650
merodeador	4969649
beto	4969648
identificarse	4969647
hablarias	4969646
gaveta	4969645
batidora	4969644
under	4969643
asegurarles	4969642
amputacion	4969641
sangran	4969640
contradice	4969639
extinguido	4969638
emprendedor	4969637
exponiendo	4969636
testificara	4969635
sash	4969634
encargaste	4969633
yema	4969632
pudriendose	4969631
deshiciste	4969630
algoritmos	4969629
reconocerte	4969628
planeaban	4969627
vacilar	4969626
candelabros	4969625
ahorrarle	4969624
perseguirlo	4969623
punks	4969622
gonzales	4969621
atwood	4969620
estaciono	4969619
evening	4969618
festejo	4969617
flamante	4969616
alejarla	4969615
imperiales	4969614
perdigones	4969613
devolverles	4969612
divan	4969611
regresarias	4969610
contigua	4969609
perfeccionado	4969608
amorosas	4969607
doleria	4969606
estrechas	4969605
posponerlo	4969604
grogan	4969603
satanico	4969602
decidiran	4969601
reciclar	4969600
rangos	4969599
hundimiento	4969598
repetirse	4969597
donaldson	4969596
pote	4969595
gallito	4969594
averiguara	4969593
juran	4969592
encadenada	4969591
ahogue	4969590
cogele	4969589
obsesiones	4969588
rodajas	4969587
grosor	4969586
bra	4969585
diagnosticos	4969584
sostente	4969583
urbanizacion	4969582
enciendas	4969581
irreconocible	4969580
metian	4969579
controlen	4969578
pincha	4969577
traumatizado	4969576
tragando	4969575
emisor	4969574
receto	4969573
volvereis	4969572
genealogico	4969571
sustitucion	4969570
divirtamonos	4969569
baldosas	4969568
pararlos	4969567
simulaciones	4969566
especialidades	4969565
concedida	4969564
sustituye	4969563
ives	4969562
apu	4969561
estirpe	4969560
bigfoot	4969559
poniamos	4969558
respiramos	4969557
mareando	4969556
surtido	4969555
tez	4969554
vengado	4969553
distraje	4969552
lacy	4969551
oakley	4969550
sobresale	4969549
alquimista	4969548
miley	4969547
musculares	4969546
confiados	4969545
neto	4969544
infracciones	4969543
incentivos	4969542
medido	4969541
demandan	4969540
mentas	4969539
digestivo	4969538
cerezo	4969537
mediocres	4969536
habitado	4969535
sony	4969534
informaremos	4969533
amarnos	4969532
terapeutico	4969531
infrarrojo	4969530
shot	4969529
sacrifica	4969528
paracaidista	4969527
gettysburg	4969526
geronimo	4969525
telescopios	4969524
incesante	4969523
disuelve	4969522
operacional	4969521
mecanicas	4969520
manor	4969519
compruebelo	4969518
estimulos	4969517
cobijo	4969516
esponjas	4969515
albahaca	4969514
arranquen	4969513
ferroviario	4969512
burroughs	4969511
vigilas	4969510
cata	4969509
abrala	4969508
dibujas	4969507
riquisimo	4969506
oportuna	4969505
cochise	4969504
cala	4969503
concilio	4969502
enamoraron	4969501
dedicarle	4969500
dieramos	4969499
estudiarlo	4969498
derritio	4969497
cantaste	4969496
axila	4969495
alcancen	4969494
aturdida	4969493
llenare	4969492
rachael	4969491
farmaceuticos	4969490
evitarme	4969489
lj	4969488
desempenar	4969487
myself	4969486
vencera	4969485
stephane	4969484
enfriamiento	4969483
buscarse	4969482
dudaria	4969481
resistes	4969480
sark	4969479
groves	4969478
cats	4969477
formulas	4969476
marek	4969475
arrestenlo	4969474
hiriendo	4969473
cobain	4969472
verbena	4969471
mortis	4969470
procesada	4969469
reportarlo	4969468
apartados	4969467
dipper	4969466
abarrotado	4969465
ahogaron	4969464
compruebo	4969463
afroamericano	4969462
ronco	4969461
reclusion	4969460
solucione	4969459
quietud	4969458
saquelo	4969457
vibrando	4969456
calabozos	4969455
glover	4969454
carriles	4969453
espeluznantes	4969452
torturarte	4969451
enfrentamientos	4969450
cliches	4969449
elimine	4969448
tribales	4969447
ting	4969446
antivicio	4969445
plummer	4969444
blackberry	4969443
smoking	4969442
detectaron	4969441
obedezcan	4969440
merecio	4969439
kensington	4969438
sugestion	4969437
felicitarlo	4969436
aki	4969435
platt	4969434
baines	4969433
tridimensional	4969432
zeb	4969431
construya	4969430
pegamos	4969429
servian	4969428
desvergonzada	4969427
procure	4969426
makoto	4969425
proceden	4969424
bestial	4969423
relacione	4969422
profugo	4969421
venirse	4969420
freezer	4969419
modificada	4969418
croquetas	4969417
sucedan	4969416
torci	4969415
deseoso	4969414
consiguelo	4969413
confrontar	4969412
acompanamiento	4969411
desmayos	4969410
monaguillo	4969409
confese	4969408
cerditos	4969407
amin	4969406
cave	4969405
caitlyn	4969404
tocabamos	4969403
tontear	4969402
percibi	4969401
sostenerla	4969400
paraliza	4969399
repeticiones	4969398
fraulein	4969397
declarara	4969396
decile	4969395
ares	4969394
eagles	4969393
mercadeo	4969392
gotico	4969391
sep	4969390
petroleros	4969389
termostato	4969388
comelo	4969387
piscis	4969386
eldridge	4969385
tontita	4969384
traerlas	4969383
dividio	4969382
chilton	4969381
mejillones	4969380
suffolk	4969379
selectiva	4969378
telemetria	4969377
casilleros	4969376
historieta	4969375
atenderlo	4969374
patrulleros	4969373
duraznos	4969372
compartian	4969371
guerrilleros	4969370
arvejas	4969369
acelere	4969368
cardio	4969367
salves	4969366
ende	4969365
avioneta	4969364
escobas	4969363
sirio	4969362
sierras	4969361
bloqueos	4969360
destruyas	4969359
inexistente	4969358
clarividente	4969357
dependientes	4969356
piya	4969355
playstation	4969354
descansara	4969353
bajarla	4969352
cuidaste	4969351
zak	4969350
terceros	4969349
tenazas	4969348
triunfal	4969347
mides	4969346
salchichon	4969345
entenderian	4969344
hah	4969343
linfoma	4969342
masoquista	4969341
age	4969340
orino	4969339
aprovechas	4969338
enganaria	4969337
prorroga	4969336
montecarlo	4969335
acrobata	4969334
perrin	4969333
desechar	4969332
kermit	4969331
paseis	4969330
existencias	4969329
interrogamos	4969328
atropella	4969327
corp	4969326
hallas	4969325
volumenes	4969324
escayola	4969323
sentaras	4969322
notamos	4969321
sumario	4969320
farhad	4969319
esparta	4969318
inversionista	4969317
escarcha	4969316
huxley	4969315
entrometerse	4969314
adulacion	4969313
lloren	4969312
enterate	4969311
khalil	4969310
emi	4969309
atracador	4969308
quitarla	4969307
rousseau	4969306
equitacion	4969305
estubo	4969304
preparemos	4969303
floreciendo	4969302
reggae	4969301
geum	4969300
movilizacion	4969299
ventiladores	4969298
anales	4969297
dil	4969296
quedabamos	4969295
squad	4969294
combinados	4969293
hereditario	4969292
solano	4969291
secuestra	4969290
aeroplano	4969289
loba	4969288
grammy	4969287
dineral	4969286
canina	4969285
diosas	4969284
interesarse	4969283
canses	4969282
contaros	4969281
aspiracion	4969280
lasse	4969279
jab	4969278
ascendio	4969277
anadiendo	4969276
humillo	4969275
panqueque	4969274
seward	4969273
apura	4969272
reemplazarme	4969271
reinhardt	4969270
contestarle	4969269
volaria	4969268
atravesarlo	4969267
envenenados	4969266
soberbio	4969265
cicely	4969264
criminologia	4969263
agradeci	4969262
halley	4969261
tolerarlo	4969260
colabora	4969259
southfork	4969258
concentras	4969257
pegadas	4969256
vinedos	4969255
heathrow	4969254
radares	4969253
recostarme	4969252
irs	4969251
circus	4969250
octavia	4969249
kobayashi	4969248
afortunadas	4969247
vertebras	4969246
conviertete	4969245
cosaco	4969244
aleatoria	4969243
besaria	4969242
infinitos	4969241
hundidos	4969240
robarse	4969239
laca	4969238
aladino	4969237
imaginaciones	4969236
enfrentaron	4969235
alojar	4969234
hagamelo	4969233
polvoriento	4969232
erguido	4969231
matheson	4969230
ardio	4969229
magma	4969228
beyonce	4969227
progresion	4969226
gerhardt	4969225
desearas	4969224
procurar	4969223
craven	4969222
zev	4969221
treboles	4969220
andara	4969219
cercas	4969218
severide	4969217
agotadas	4969216
rectos	4969215
finjamos	4969214
visperas	4969213
suraj	4969212
alimentaba	4969211
metetelo	4969210
incluidas	4969209
interpuso	4969208
someone	4969207
indianapolis	4969206
masculinas	4969205
caniche	4969204
definida	4969203
wakefield	4969202
artesanos	4969201
contemporaneo	4969200
privilegiados	4969199
cargaron	4969198
narcotraficantes	4969197
mitades	4969196
neurotica	4969195
stonehenge	4969194
hoynes	4969193
walking	4969192
empanadas	4969191
sangraba	4969190
fluyen	4969189
karel	4969188
while	4969187
clinicamente	4969186
mcnulty	4969185
artilugio	4969184
delanteras	4969183
enorgullezco	4969182
extremista	4969181
beh	4969180
agravado	4969179
compartiamos	4969178
detectada	4969177
lechuza	4969176
rebobina	4969175
fusco	4969174
discutiamos	4969173
cambiarlos	4969172
expandirse	4969171
deshaces	4969170
carinosos	4969169
faltarle	4969168
supervisores	4969167
parmesano	4969166
danando	4969165
circle	4969164
condenen	4969163
causaba	4969162
surgiendo	4969161
posadero	4969160
georg	4969159
vease	4969158
irv	4969157
ester	4969156
espantosos	4969155
enfriado	4969154
basureros	4969153
beneficiar	4969152
construyes	4969151
mare	4969150
savi	4969149
reaccione	4969148
correremos	4969147
quebrados	4969146
pectorales	4969145
amateurs	4969144
cazamos	4969143
goethe	4969142
toy	4969141
bluth	4969140
sobrepasar	4969139
yorker	4969138
osgood	4969137
ducados	4969136
autista	4969135
foods	4969134
multiplicado	4969133
troi	4969132
prestigioso	4969131
pellizco	4969130
oreo	4969129
desafiarme	4969128
arroyos	4969127
melaza	4969126
bogart	4969125
deseais	4969124
fascinada	4969123
risco	4969122
mateme	4969121
alejaos	4969120
resuelvan	4969119
arrastrados	4969118
erecciones	4969117
baton	4969116
sorprenden	4969115
children	4969114
perfect	4969113
pitos	4969112
miraras	4969111
presionarme	4969110
pinchazos	4969109
canoso	4969108
obituario	4969107
ligue	4969106
chupo	4969105
mart	4969104
trataras	4969103
asfixiando	4969102
sapiens	4969101
desacreditar	4969100
usanza	4969099
reconocieron	4969098
metidas	4969097
desalmado	4969096
yep	4969095
many	4969094
kamikaze	4969093
tallar	4969092
simulando	4969091
ahorcamiento	4969090
sangria	4969089
yah	4969088
alejadas	4969087
resolvimos	4969086
ronquidos	4969085
impulsores	4969084
arruinen	4969083
abhi	4969082
colocarse	4969081
guinevere	4969080
danzas	4969079
temerosa	4969078
detenganlos	4969077
isi	4969076
valoras	4969075
sacados	4969074
yumi	4969073
liar	4969072
subiria	4969071
amigdalas	4969070
reparo	4969069
mendez	4969068
corporation	4969067
jardineros	4969066
fotones	4969065
haddie	4969064
porteros	4969063
negarle	4969062
dactilar	4969061
proponerte	4969060
salvaran	4969059
sentimentalismo	4969058
ideado	4969057
enfermando	4969056
albino	4969055
imagines	4969054
finalista	4969053
quemaba	4969052
aguantaba	4969051
requeriria	4969050
articulacion	4969049
cantimplora	4969048
maverick	4969047
defendia	4969046
balancea	4969045
comparados	4969044
lucharan	4969043
expediciones	4969042
gritamos	4969041
incriminado	4969040
drone	4969039
hipertension	4969038
isles	4969037
admitas	4969036
halliwell	4969035
enfrentaran	4969034
votare	4969033
enfocarnos	4969032
intactas	4969031
rooney	4969030
tejiendo	4969029
insulte	4969028
calmarlo	4969027
cultiva	4969026
escondiendome	4969025
recuperarlos	4969024
langostinos	4969023
bife	4969022
atletica	4969021
shivani	4969020
concretar	4969019
tiradas	4969018
arriesgues	4969017
demostraciones	4969016
vitro	4969015
chelo	4969014
palpitaciones	4969013
pretzel	4969012
crecida	4969011
asegures	4969010
recorri	4969009
subjefe	4969008
ninero	4969007
mame	4969006
arnaud	4969005
lnspector	4969004
putilla	4969003
interfieras	4969002
secate	4969001
agha	4969000
escondites	4968999
lone	4968998
riachuelo	4968997
natalidad	4968996
lowry	4968995
taxistas	4968994
cambiarias	4968993
petardo	4968992
follas	4968991
edipo	4968990
hanover	4968989
impar	4968988
defraudare	4968987
reemplazando	4968986
peleabamos	4968985
cadfael	4968984
estudioso	4968983
quedarselo	4968982
comedores	4968981
mathew	4968980
habitan	4968979
rayburn	4968978
kayak	4968977
skynet	4968976
disparados	4968975
wanted	4968974
elevarse	4968973
credencial	4968972
varado	4968971
delata	4968970
pajas	4968969
comparamos	4968968
clovis	4968967
psst	4968966
inferioridad	4968965
caballerosidad	4968964
bolt	4968963
henna	4968962
empollon	4968961
hallen	4968960
fijarme	4968959
dayton	4968958
adopta	4968957
uruguay	4968956
ansiosamente	4968955
permanecemos	4968954
accesos	4968953
danforth	4968952
cobrador	4968951
despertad	4968950
asomo	4968949
dibujaste	4968948
agachese	4968947
noticiario	4968946
aguantate	4968945
feligreses	4968944
atoro	4968943
quemaremos	4968942
consideraste	4968941
wilshire	4968940
ponis	4968939
reproduce	4968938
utilicen	4968937
quimera	4968936
korsak	4968935
ayesha	4968934
mustafa	4968933
animara	4968932
hub	4968931
empujoncito	4968930
usarias	4968929
chucherias	4968928
greenberg	4968927
ahorrame	4968926
abriras	4968925
drasticamente	4968924
escepticismo	4968923
introduzca	4968922
plebeyo	4968921
reducen	4968920
furtivos	4968919
polluelos	4968918
elin	4968917
pisan	4968916
demandantes	4968915
pizarron	4968914
recuperandose	4968913
fiero	4968912
gross	4968911
playera	4968910
perseguida	4968909
arrasado	4968908
acoplamiento	4968907
piton	4968906
sonrientes	4968905
rome	4968904
inundar	4968903
saltara	4968902
psicoanalisis	4968901
chequeando	4968900
hibernacion	4968899
sinfonica	4968898
labia	4968897
selladas	4968896
minuciosamente	4968895
prohibieron	4968894
fracturada	4968893
laroche	4968892
cady	4968891
esfinge	4968890
graduar	4968889
mezcladas	4968888
sepulcro	4968887
tamil	4968886
lyons	4968885
sandrine	4968884
revisiones	4968883
aguantarme	4968882
cocida	4968881
ms	4968880
persecuciones	4968879
rollitos	4968878
cinematografico	4968877
provocada	4968876
despojado	4968875
vishnu	4968874
bp	4968873
vulcana	4968872
barbados	4968871
carina	4968870
antonieta	4968869
arcas	4968868
creermelo	4968867
henriette	4968866
logotipo	4968865
nagasaki	4968864
encargaron	4968863
humpty	4968862
inmadura	4968861
imaginable	4968860
ejecuto	4968859
ahab	4968858
ric	4968857
soberana	4968856
aseguras	4968855
cartilla	4968854
atenuantes	4968853
predicando	4968852
gardiner	4968851
neoyorquinos	4968850
implosion	4968849
neptune	4968848
inhalar	4968847
incitar	4968846
cagarla	4968845
examinarla	4968844
svetlana	4968843
sobrecargado	4968842
mequetrefe	4968841
vocalista	4968840
claveles	4968839
pana	4968838
enlatada	4968837
sufran	4968836
necesitaste	4968835
aprendices	4968834
amargas	4968833
excitan	4968832
arreglartelas	4968831
poncho	4968830
noqueado	4968829
dejemelo	4968828
volcar	4968827
tirame	4968826
gillespie	4968825
partituras	4968824
mcneil	4968823
inspecciones	4968822
arenques	4968821
localizo	4968820
cargarte	4968819
negociamos	4968818
jarro	4968817
tosh	4968816
expuestas	4968815
individualidad	4968814
andersen	4968813
textil	4968812
colacion	4968811
contratas	4968810
diacono	4968809
demores	4968808
anselmo	4968807
viejito	4968806
biblica	4968805
contratiempos	4968804
guiados	4968803
barcas	4968802
quitarmela	4968801
trabado	4968800
joseon	4968799
excluye	4968798
arrestarle	4968797
chandra	4968796
spam	4968795
ronin	4968794
anoro	4968793
daley	4968792
calendarios	4968791
apta	4968790
fletch	4968789
redondos	4968788
saturday	4968787
odien	4968786
frivolo	4968785
patios	4968784
diminutivo	4968783
tomartelo	4968782
recomende	4968781
wilkinson	4968780
alquilada	4968779
colibri	4968778
exclusion	4968777
gasas	4968776
divinas	4968775
wainwright	4968774
condenacion	4968773
impidiendo	4968772
cloruro	4968771
carruajes	4968770
ridiculez	4968769
oprime	4968768
tardio	4968767
alejaba	4968766
caliza	4968765
adquisiciones	4968764
save	4968763
ricachon	4968762
office	4968761
brusca	4968760
melodramatico	4968759
interrumpirte	4968758
concentre	4968757
llegais	4968756
biologo	4968755
relajes	4968754
edredon	4968753
touch	4968752
proeza	4968751
rave	4968750
trabada	4968749
castigarlo	4968748
cosby	4968747
desanimado	4968746
pautas	4968745
deletreo	4968744
apostadores	4968743
reproche	4968742
provocarme	4968741
floristeria	4968740
bros	4968739
reconocidos	4968738
dicky	4968737
wai	4968736
vial	4968735
minibar	4968734
advertiste	4968733
cargarse	4968732
paquistani	4968731
alcanzarte	4968730
flower	4968729
morenas	4968728
abrirlos	4968727
vivieras	4968726
gopal	4968725
desamparado	4968724
incumplimiento	4968723
golosina	4968722
sync	4968721
lucidez	4968720
hieren	4968719
robaran	4968718
sacerdocio	4968717
timonel	4968716
campistas	4968715
contorno	4968714
procedentes	4968713
zapata	4968712
desmantelar	4968711
stephan	4968710
selvas	4968709
hampa	4968708
guisado	4968707
caeremos	4968706
sobrevivencia	4968705
cojera	4968704
invisibilidad	4968703
superas	4968702
frivola	4968701
invalida	4968700
terapeutas	4968699
simula	4968698
vaquera	4968697
trascendental	4968696
cuelgas	4968695
verruga	4968694
paletos	4968693
emory	4968692
cooperas	4968691
entrenaron	4968690
vinculados	4968689
whitmore	4968688
sobrios	4968687
rindanse	4968686
consideraciones	4968685
mohan	4968684
barrymore	4968683
parlantes	4968682
pippa	4968681
cleaver	4968680
imperfecciones	4968679
pudriendo	4968678
sepulturero	4968677
demostraron	4968676
significativamente	4968675
evaluando	4968674
heladeria	4968673
estropeando	4968672
aclarara	4968671
rogarle	4968670
chopra	4968669
wouldn	4968668
dolencia	4968667
visitaste	4968666
babcock	4968665
financia	4968664
ladridos	4968663
dillinger	4968662
tennyson	4968661
perdais	4968660
serviste	4968659
psique	4968658
ashby	4968657
atraigo	4968656
kebab	4968655
dawkins	4968654
votaran	4968653
lions	4968652
experimente	4968651
aferrarme	4968650
modelar	4968649
flamingo	4968648
aparearse	4968647
hordas	4968646
restaurada	4968645
encargos	4968644
sacrificados	4968643
exhibir	4968642
hartando	4968641
indiscreta	4968640
aceptarme	4968639
aferrarte	4968638
pasamontanas	4968637
asador	4968636
druida	4968635
llagas	4968634
atreides	4968633
hallaran	4968632
culta	4968631
presumida	4968630
estallara	4968629
ponerselo	4968628
enterarnos	4968627
volcado	4968626
gentry	4968625
alistarse	4968624
soldador	4968623
consorte	4968622
tatarabuelo	4968621
gap	4968620
criadero	4968619
bernice	4968618
vasquez	4968617
carroceria	4968616
dividen	4968615
olympia	4968614
saltemos	4968613
gordy	4968612
colador	4968611
mantenerlas	4968610
sollozando	4968609
atan	4968608
avancemos	4968607
recogernos	4968606
fast	4968605
interpretada	4968604
traste	4968603
contrincante	4968602
alberga	4968601
apunalaste	4968600
exhaustos	4968599
britania	4968598
reiremos	4968597
adictivo	4968596
acostandote	4968595
hallados	4968594
cabida	4968593
inhibidor	4968592
bombardearon	4968591
localice	4968590
sachin	4968589
patogeno	4968588
kee	4968587
cantaros	4968586
hallarla	4968585
michiko	4968584
codorniz	4968583
giramos	4968582
invitame	4968581
infinidad	4968580
mallard	4968579
corridas	4968578
atarte	4968577
suicide	4968576
triunfante	4968575
consideradas	4968574
aventurera	4968573
tomenlo	4968572
warhol	4968571
transferidos	4968570
cortale	4968569
muerdas	4968568
calada	4968567
groserias	4968566
sencillez	4968565
retrase	4968564
bolita	4968563
lefty	4968562
divagando	4968561
jeronimo	4968560
vengais	4968559
perteneciente	4968558
zip	4968557
deshaciendo	4968556
instala	4968555
interpretaciones	4968554
escupo	4968553
lotes	4968552
quedariamos	4968551
esquiva	4968550
explicaselo	4968549
plantando	4968548
darselas	4968547
quemandose	4968546
landis	4968545
caerle	4968544
burkhardt	4968543
deambular	4968542
capi	4968541
angelus	4968540
aullando	4968539
tendones	4968538
superare	4968537
munni	4968536
enojarte	4968535
gratificacion	4968534
sabandija	4968533
creyeran	4968532
waller	4968531
hobart	4968530
dramaticos	4968529
estudiare	4968528
botanica	4968527
saten	4968526
jacksonville	4968525
subyacente	4968524
fenner	4968523
corromper	4968522
tomie	4968521
convences	4968520
comediantes	4968519
feretro	4968518
erratico	4968517
insecticida	4968516
judson	4968515
chupan	4968514
oppenheimer	4968513
asentado	4968512
nominada	4968511
tally	4968510
pegaria	4968509
simpsons	4968508
electores	4968507
eugenio	4968506
arrojare	4968505
vie	4968504
zheng	4968503
previsible	4968502
drop	4968501
crisp	4968500
sacaban	4968499
interesaban	4968498
leni	4968497
aprovecharlo	4968496
protagonizada	4968495
esconderia	4968494
enviaras	4968493
friday	4968492
quizo	4968491
dade	4968490
descompresion	4968489
preferidas	4968488
jafar	4968487
guardadas	4968486
tropiezo	4968485
listen	4968484
carpediem	4968483
cavado	4968482
compartan	4968481
asiaticas	4968480
etnica	4968479
rubios	4968478
templado	4968477
obligaba	4968476
crais	4968475
indispuesta	4968474
mitico	4968473
aprovecharte	4968472
descalificado	4968471
jubilarse	4968470
crearia	4968469
despachos	4968468
sorprendo	4968467
entrevisto	4968466
abdullah	4968465
acida	4968464
feministas	4968463
soportes	4968462
fichero	4968461
matices	4968460
epidural	4968459
sensualidad	4968458
obvios	4968457
villas	4968456
asustadas	4968455
nordeste	4968454
nasser	4968453
descontaminacion	4968452
stringer	4968451
portense	4968450
degustacion	4968449
bemol	4968448
flip	4968447
kajal	4968446
pollitos	4968445
moldes	4968444
exmujer	4968443
atienden	4968442
flipando	4968441
americas	4968440
arcadia	4968439
indicaba	4968438
borneo	4968437
anunciarlo	4968436
antibiotico	4968435
escojan	4968434
demostraste	4968433
holm	4968432
almacenado	4968431
atracos	4968430
tatum	4968429
cath	4968428
siameses	4968427
levemente	4968426
act	4968425
rocks	4968424
lolly	4968423
derrumbar	4968422
nadadores	4968421
criminalistica	4968420
artisticas	4968419
renunciaria	4968418
rige	4968417
reclamaciones	4968416
pasmado	4968415
condimentos	4968414
recita	4968413
respiratorias	4968412
suministrar	4968411
mueca	4968410
fung	4968409
reflejado	4968408
pruebate	4968407
tobillera	4968406
batuta	4968405
tuba	4968404
plaquetas	4968403
bonner	4968402
adquiere	4968401
vaselina	4968400
controladora	4968399
disolucion	4968398
solange	4968397
mahmoud	4968396
incansable	4968395
arios	4968394
colegial	4968393
inmensas	4968392
organizan	4968391
estigma	4968390
comunicarle	4968389
kellerman	4968388
mangosta	4968387
pardon	4968386
embarazos	4968385
eaton	4968384
bosch	4968383
pasariamos	4968382
entones	4968381
trafica	4968380
baso	4968379
lremos	4968378
cobija	4968377
lances	4968376
mag	4968375
avisale	4968374
inhalacion	4968373
chapel	4968372
movedizas	4968371
revisor	4968370
halsey	4968369
limosnas	4968368
laringe	4968367
alabanza	4968366
complacida	4968365
apresurese	4968364
viajen	4968363
molina	4968362
cantaras	4968361
follame	4968360
brillara	4968359
interrumpi	4968358
colombiano	4968357
sumner	4968356
enfrentaste	4968355
orbitando	4968354
und	4968353
chrissie	4968352
indole	4968351
souvenir	4968350
cultos	4968349
conociese	4968348
convertidos	4968347
flandes	4968346
fracasaron	4968345
paranormales	4968344
llovido	4968343
indeseables	4968342
dirijas	4968341
peinar	4968340
retenerla	4968339
semifinales	4968338
canapes	4968337
rhade	4968336
lamont	4968335
moler	4968334
levantemos	4968333
calderilla	4968332
guardarme	4968331
cappuccino	4968330
influye	4968329
arrasando	4968328
torcer	4968327
recuperan	4968326
recompensar	4968325
presentaria	4968324
almacenaje	4968323
vencedores	4968322
manchadas	4968321
pegatinas	4968320
ejecuten	4968319
calmarla	4968318
patologico	4968317
cuidadora	4968316
premiado	4968315
tendriais	4968314
purple	4968313
oleaje	4968312
prozac	4968311
robaremos	4968310
abrazamos	4968309
huyera	4968308
sujetadores	4968307
burlarme	4968306
opie	4968305
barniz	4968304
rompamos	4968303
mordi	4968302
curita	4968301
aprovechaste	4968300
tomalas	4968299
discografico	4968298
katrin	4968297
quick	4968296
forja	4968295
zander	4968294
goering	4968293
derrames	4968292
palomo	4968291
br	4968290
viajecito	4968289
codazo	4968288
guys	4968287
ltd	4968286
subestime	4968285
actuaron	4968284
constelaciones	4968283
feriado	4968282
varia	4968281
jeringuilla	4968280
haciais	4968279
faltante	4968278
cargaba	4968277
jugaran	4968276
chato	4968275
transfiriendo	4968274
dilatacion	4968273
fabrizio	4968272
venderles	4968271
ignores	4968270
hunden	4968269
chevrolet	4968268
oire	4968267
actuemos	4968266
armadillo	4968265
sellers	4968264
merecedor	4968263
urticaria	4968262
guardarte	4968261
hail	4968260
goldstein	4968259
sopas	4968258
darselos	4968257
informamos	4968256
circulen	4968255
correte	4968254
aterrizaremos	4968253
fontaneria	4968252
concentramos	4968251
bugsy	4968250
piazza	4968249
weekly	4968248
estrangulamiento	4968247
impropio	4968246
expresarme	4968245
acariciando	4968244
saudi	4968243
alarmarse	4968242
cuspide	4968241
aliste	4968240
rcp	4968239
flowers	4968238
piers	4968237
mcclaren	4968236
hospitalario	4968235
bravos	4968234
eduard	4968233
monetario	4968232
helmut	4968231
consigna	4968230
akash	4968229
terapias	4968228
contandome	4968227
pictures	4968226
furtivamente	4968225
whitley	4968224
monzon	4968223
saheb	4968222
llenalo	4968221
mediocridad	4968220
cobrara	4968219
marroqui	4968218
amaro	4968217
gar	4968216
alegatos	4968215
apagad	4968214
soren	4968213
carabina	4968212
silbidos	4968211
reciclado	4968210
engordando	4968209
mudes	4968208
rider	4968207
beaufort	4968206
traumatizada	4968205
filial	4968204
escondiendote	4968203
reboto	4968202
conosco	4968201
entendian	4968200
aventureros	4968199
seon	4968198
annalise	4968197
alabar	4968196
pelham	4968195
frac	4968194
copperfield	4968193
finney	4968192
stroh	4968191
mudan	4968190
mahi	4968189
ninitos	4968188
banquetes	4968187
obtengan	4968186
cleary	4968185
juzgara	4968184
anestesico	4968183
gaia	4968182
salvia	4968181
mirarlas	4968180
demostraremos	4968179
hablenos	4968178
effie	4968177
perforo	4968176
predice	4968175
kei	4968174
chiang	4968173
atizador	4968172
germaine	4968171
specter	4968170
fieras	4968169
reconocerme	4968168
mullen	4968167
editado	4968166
tontamente	4968165
transportados	4968164
luxemburgo	4968163
emmanuel	4968162
correran	4968161
urge	4968160
hickok	4968159
turbulencias	4968158
alcantarillado	4968157
farm	4968156
brillantemente	4968155
sancion	4968154
cumbres	4968153
erickson	4968152
respondame	4968151
kojak	4968150
caradura	4968149
lilian	4968148
murmullos	4968147
enviarles	4968146
bondadosa	4968145
formados	4968144
odiando	4968143
saori	4968142
comprados	4968141
probaria	4968140
anotando	4968139
fontaine	4968138
tanda	4968137
matorrales	4968136
miraran	4968135
comente	4968134
bosquejo	4968133
malversacion	4968132
bebetelo	4968131
insurreccion	4968130
waiting	4968129
skitters	4968128
arrecifes	4968127
instructora	4968126
tancredi	4968125
afroamericanos	4968124
apunalamiento	4968123
dramaturgo	4968122
arquimedes	4968121
preocuparas	4968120
proporcionan	4968119
frye	4968118
embalaje	4968117
holy	4968116
marchemos	4968115
cubrieron	4968114
embudo	4968113
abundantes	4968112
paralelas	4968111
incrustado	4968110
porras	4968109
nintendo	4968108
blogs	4968107
requerimiento	4968106
rem	4968105
read	4968104
ejecute	4968103
producia	4968102
angola	4968101
grifos	4968100
petrovich	4968099
sanju	4968098
burlaba	4968097
responderia	4968096
vhs	4968095
nefasto	4968094
dunphy	4968093
flashes	4968092
alambrada	4968091
kristy	4968090
encabezado	4968089
transmita	4968088
burlaban	4968087
rom	4968086
mantengame	4968085
ocurrencia	4968084
inside	4968083
saracen	4968082
calza	4968081
schroeder	4968080
metraje	4968079
tirita	4968078
usuales	4968077
gemir	4968076
tumulto	4968075
equivocarte	4968074
resucitacion	4968073
revelare	4968072
vidal	4968071
facturacion	4968070
refresca	4968069
pluto	4968068
ziegfeld	4968067
prevenido	4968066
penseis	4968065
maldiciendo	4968064
presentense	4968063
corps	4968062
entregarselo	4968061
hazzard	4968060
jugueton	4968059
chrysler	4968058
conciudadanos	4968057
esparcidos	4968056
minotauro	4968055
joderse	4968054
fulcrum	4968053
irena	4968052
sabrosos	4968051
amplios	4968050
aceptables	4968049
carlin	4968048
tapando	4968047
inga	4968046
shao	4968045
indeseable	4968044
incinerador	4968043
mansiones	4968042
desesperanza	4968041
pollard	4968040
errar	4968039
nona	4968038
paola	4968037
guerrillas	4968036
arrojaste	4968035
relacionarme	4968034
escucharlas	4968033
realizadas	4968032
dirt	4968031
beberia	4968030
cargarme	4968029
selecto	4968028
escuchaban	4968027
lince	4968026
mensajeria	4968025
alcanzaba	4968024
gajes	4968023
emociono	4968022
galaxy	4968021
confederados	4968020
sodomia	4968019
dial	4968018
resolveria	4968017
benevolencia	4968016
pesebre	4968015
agostino	4968014
ndt	4968013
chopper	4968012
liceo	4968011
shiro	4968010
pasale	4968009
localizarle	4968008
graduarte	4968007
festivales	4968006
ahorras	4968005
flight	4968004
afectuoso	4968003
pareciese	4968002
resuena	4968001
lutero	4968000
reservamos	4967999
invites	4967998
bj	4967997
instalada	4967996
predestinado	4967995
gunderson	4967994
frobisher	4967993
devolverlos	4967992
century	4967991
desvanecen	4967990
patrocinado	4967989
geek	4967988
acordas	4967987
visas	4967986
bobada	4967985
ocuparas	4967984
aburrirme	4967983
jb	4967982
dolorida	4967981
arme	4967980
bartholomew	4967979
beryl	4967978
estancada	4967977
primarios	4967976
wikipedia	4967975
juramentos	4967974
considerelo	4967973
explicaremos	4967972
neurocirugia	4967971
rebajar	4967970
bicis	4967969
revelaron	4967968
sabiendas	4967967
quijada	4967966
mojigata	4967965
albondiga	4967964
despegado	4967963
explosivas	4967962
giratoria	4967961
islamico	4967960
reacio	4967959
clement	4967958
recogerlas	4967957
desaparecere	4967956
aisladas	4967955
viajante	4967954
altisimo	4967953
strikes	4967952
childs	4967951
prosa	4967950
atestiguar	4967949
cargadores	4967948
redoble	4967947
sanitarios	4967946
escepticos	4967945
cazatalentos	4967944
gorros	4967943
pomelo	4967942
trapecio	4967941
formaciones	4967940
hidraulica	4967939
combinada	4967938
cade	4967937
obstetricia	4967936
pudre	4967935
alejaras	4967934
prohiben	4967933
kt	4967932
inseguridades	4967931
corner	4967930
consagrado	4967929
desacuerdos	4967928
rodeaba	4967927
dominus	4967926
disquera	4967925
temias	4967924
mocasines	4967923
encerrare	4967922
judaismo	4967921
mientan	4967920
clientas	4967919
portaba	4967918
accediendo	4967917
hienas	4967916
prometeo	4967915
stavros	4967914
aprovechamos	4967913
cargarla	4967912
hanks	4967911
mcpherson	4967910
agacha	4967909
stillson	4967908
despreciar	4967907
transfiere	4967906
concebida	4967905
chichon	4967904
descargo	4967903
mojando	4967902
sutherland	4967901
dorso	4967900
reportajes	4967899
ortodoxa	4967898
preferirian	4967897
jeter	4967896
palmera	4967895
rellenado	4967894
aprovechen	4967893
preguntemos	4967892
supernatural	4967891
roer	4967890
lavada	4967889
llevemosla	4967888
manchuria	4967887
minimas	4967886
confirmen	4967885
aberdeen	4967884
frikis	4967883
asombrosamente	4967882
sembrado	4967881
obsequios	4967880
herirla	4967879
acupuntura	4967878
barrie	4967877
ubicaciones	4967876
bloquean	4967875
found	4967874
obedeces	4967873
usurero	4967872
atreverias	4967871
filantropo	4967870
respiraciones	4967869
animadores	4967868
paralela	4967867
hablandote	4967866
ak	4967865
chiles	4967864
opero	4967863
expulsen	4967862
chou	4967861
aprobaron	4967860
despedira	4967859
titulada	4967858
sister	4967857
broyles	4967856
excuse	4967855
canguros	4967854
tomarian	4967853
tranquilizarme	4967852
shizuko	4967851
preferi	4967850
inquisidor	4967849
pfeiffer	4967848
volaban	4967847
mifflin	4967846
enloqueci	4967845
devolversela	4967844
saito	4967843
proyectando	4967842
refutar	4967841
nola	4967840
escuchala	4967839
malisima	4967838
sarin	4967837
afeitada	4967836
seto	4967835
guardaremos	4967834
ludo	4967833
gorka	4967832
arreglarnos	4967831
esperarle	4967830
entreteniendo	4967829
turkey	4967828
sumergirse	4967827
heroicos	4967826
comenzaria	4967825
juridica	4967824
looking	4967823
flechazo	4967822
distrayendo	4967821
calado	4967820
saboteado	4967819
drasticas	4967818
excedido	4967817
arman	4967816
cuadradas	4967815
alteraciones	4967814
escoltar	4967813
aparecian	4967812
skupin	4967811
halifax	4967810
ask	4967809
obtendria	4967808
alterna	4967807
clips	4967806
escotillas	4967805
sting	4967804
mariano	4967803
colgaste	4967802
sobrellevar	4967801
salvese	4967800
animas	4967799
skippy	4967798
asaltada	4967797
metiendote	4967796
desayuna	4967795
contenga	4967794
radica	4967793
boxer	4967792
engancha	4967791
protegeran	4967790
apoyarnos	4967789
evolucionaron	4967788
viendose	4967787
mach	4967786
llamadme	4967785
reportense	4967784
maderas	4967783
inger	4967782
harkonnen	4967781
alegrarme	4967780
cochinos	4967779
organicas	4967778
circunstanciales	4967777
ulceras	4967776
escapare	4967775
profesiones	4967774
haynes	4967773
exeter	4967772
conectarlo	4967771
impertinencia	4967770
catalogos	4967769
doblan	4967768
atacaria	4967767
espiritismo	4967766
indochina	4967765
finito	4967764
rosalee	4967763
estetoscopio	4967762
londo	4967761
frecuenta	4967760
bastado	4967759
presionarlo	4967758
patitas	4967757
rustico	4967756
miserias	4967755
creceran	4967754
presentaran	4967753
arrastraste	4967752
belmont	4967751
homicidas	4967750
lapidas	4967749
reconoceran	4967748
acidos	4967747
operarme	4967746
cuela	4967745
wish	4967744
golondrina	4967743
mariel	4967742
reorganizar	4967741
navy	4967740
gannon	4967739
juzgas	4967738
babosas	4967737
preocupare	4967736
recuperen	4967735
apagones	4967734
subteniente	4967733
depravacion	4967732
extenderse	4967731
saroyan	4967730
grazia	4967729
nexo	4967728
ng	4967727
criarlo	4967726
buscaras	4967725
blondie	4967724
suki	4967723
llevartela	4967722
teen	4967721
konrad	4967720
utilizara	4967719
obispos	4967718
agricolas	4967717
recen	4967716
encogido	4967715
goes	4967714
special	4967713
dinares	4967712
agonizante	4967711
jeffersonian	4967710
intercambiado	4967709
desequilibrado	4967708
corriera	4967707
asadas	4967706
cali	4967705
wolff	4967704
ilumine	4967703
curvatura	4967702
dolce	4967701
kush	4967700
jabalies	4967699
termales	4967698
subsidios	4967697
idas	4967696
irritada	4967695
acostaria	4967694
jerico	4967693
bolchevique	4967692
ensucia	4967691
alisto	4967690
alimenticio	4967689
aprobara	4967688
testifica	4967687
kriptonita	4967686
roper	4967685
desplaza	4967684
mccabe	4967683
rafi	4967682
reses	4967681
merlot	4967680
disciplinaria	4967679
ciempies	4967678
eruditos	4967677
enfrentes	4967676
danilo	4967675
empujones	4967674
cinto	4967673
incorporar	4967672
seg	4967671
libramos	4967670
hutton	4967669
establecimos	4967668
escogen	4967667
traman	4967666
forzoso	4967665
redentor	4967664
gaspar	4967663
sibley	4967662
llevenselos	4967661
detectados	4967660
jeta	4967659
lal	4967658
chasquido	4967657
mahjong	4967656
piratear	4967655
sargentos	4967654
frenchy	4967653
kidd	4967652
posta	4967651
tapada	4967650
demi	4967649
regatear	4967648
prius	4967647
dirijan	4967646
ride	4967645
experimentacion	4967644
bienaventurados	4967643
clanton	4967642
graban	4967641
chekov	4967640
experimentados	4967639
cagon	4967638
casaran	4967637
estampado	4967636
optima	4967635
sangrientas	4967634
enferme	4967633
masao	4967632
furgonetas	4967631
pidiendote	4967630
infiltrados	4967629
monterrey	4967628
ostentoso	4967627
indignado	4967626
atravesaron	4967625
virgo	4967624
correteando	4967623
coraza	4967622
aclaro	4967621
derivados	4967620
margene	4967619
sofisticadas	4967618
mejoraria	4967617
abrelos	4967616
ensuciarse	4967615
interrogue	4967614
inundada	4967613
determinara	4967612
miko	4967611
desvanecerse	4967610
afrenta	4967609
banshee	4967608
acompanarlos	4967607
exagero	4967606
patriarca	4967605
liberas	4967604
protegi	4967603
somebody	4967602
saltarnos	4967601
ansiaba	4967600
yasmin	4967599
porthos	4967598
bray	4967597
apueste	4967596
respiratorios	4967595
interrogados	4967594
susannah	4967593
grange	4967592
traedlo	4967591
conmovida	4967590
yogi	4967589
double	4967588
katja	4967587
quemes	4967586
utilizare	4967585
lesley	4967584
terrenales	4967583
mgm	4967582
maitland	4967581
intercambios	4967580
programo	4967579
bram	4967578
kinsey	4967577
lavaron	4967576
dirigieron	4967575
garak	4967574
ransom	4967573
corresponda	4967572
pliegues	4967571
formarse	4967570
jota	4967569
elevadas	4967568
emborrachar	4967567
devore	4967566
gerentes	4967565
mosquetero	4967564
acoger	4967563
augustine	4967562
sortija	4967561
drogarme	4967560
conyuge	4967559
taelon	4967558
concentro	4967557
autocompasion	4967556
leyeras	4967555
electrocutado	4967554
ranvir	4967553
poblaciones	4967552
defectuosos	4967551
descendido	4967550
bene	4967549
shiloh	4967548
secarse	4967547
excede	4967546
pises	4967545
maza	4967544
disfrazarse	4967543
envolvio	4967542
turbinas	4967541
variante	4967540
graduaste	4967539
vanderbilt	4967538
drogaron	4967537
ayudase	4967536
totales	4967535
trote	4967534
triplicado	4967533
evacuando	4967532
rosadas	4967531
guey	4967530
praxis	4967529
lla	4967528
jeringas	4967527
sorprendeme	4967526
cabrear	4967525
procesados	4967524
win	4967523
auf	4967522
sigmund	4967521
desgarrador	4967520
alondra	4967519
cartilago	4967518
ravens	4967517
wesson	4967516
desconectada	4967515
dorota	4967514
imperialismo	4967513
arrojados	4967512
respetuosa	4967511
bears	4967510
oxicodona	4967509
digger	4967508
sachs	4967507
registrarme	4967506
intentad	4967505
atari	4967504
asustara	4967503
josiah	4967502
anotaste	4967501
bocados	4967500
machine	4967499
dominada	4967498
dowd	4967497
geologo	4967496
sigma	4967495
infectadas	4967494
autosuficiente	4967493
apoyada	4967492
agos	4967491
reproches	4967490
manipulada	4967489
muleta	4967488
quemarla	4967487
existieron	4967486
kasper	4967485
irrigacion	4967484
susy	4967483
luciana	4967482
guauu	4967481
figurado	4967480
colapsando	4967479
entreviste	4967478
cubitos	4967477
afrodita	4967476
adinerado	4967475
levantaremos	4967474
apresurar	4967473
binario	4967472
despreocupada	4967471
lower	4967470
enfrentarlos	4967469
instalamos	4967468
fracturo	4967467
visitara	4967466
lechera	4967465
wise	4967464
perpetuo	4967463
abralo	4967462
rompecorazones	4967461
atormentada	4967460
munson	4967459
dominando	4967458
perjuicios	4967457
destileria	4967456
estacione	4967455
radioactiva	4967454
multiplicar	4967453
hoshi	4967452
bachchan	4967451
inadaptados	4967450
taeko	4967449
pringado	4967448
empapados	4967447
desden	4967446
cateo	4967445
probables	4967444
mays	4967443
cotilleo	4967442
tesoreria	4967441
bed	4967440
niro	4967439
retardados	4967438
josefina	4967437
seguirles	4967436
orwell	4967435
tolerado	4967434
encontreis	4967433
volga	4967432
pensadores	4967431
asfixiado	4967430
predica	4967429
sostenla	4967428
companerismo	4967427
oiria	4967426
mile	4967425
arrodillarse	4967424
melancolica	4967423
comunicamos	4967422
figuraba	4967421
apreciara	4967420
anonimamente	4967419
unamos	4967418
duggan	4967417
cesado	4967416
jackman	4967415
bautizar	4967414
chappelle	4967413
lauderdale	4967412
maeby	4967411
novillos	4967410
migo	4967409
oirlas	4967408
montague	4967407
parma	4967406
detestas	4967405
baratija	4967404
venderas	4967403
quiropractico	4967402
preguntemosle	4967401
reuno	4967400
cantarle	4967399
aprueban	4967398
acorazada	4967397
taquillas	4967396
poses	4967395
charlatanes	4967394
blakely	4967393
concertado	4967392
cogerse	4967391
foo	4967390
temiamos	4967389
beowulf	4967388
circuncision	4967387
reducidos	4967386
solapa	4967385
jodanse	4967384
saltarme	4967383
billonario	4967382
deflector	4967381
expresan	4967380
lobotomia	4967379
transplantes	4967378
llevadme	4967377
incluyo	4967376
sons	4967375
firman	4967374
recibirlos	4967373
preciados	4967372
escenico	4967371
teorica	4967370
objetivamente	4967369
ensenandole	4967368
rabanos	4967367
procesa	4967366
tripode	4967365
sacrificando	4967364
veais	4967363
korea	4967362
fastidie	4967361
condenadas	4967360
wynn	4967359
uhura	4967358
ocasionales	4967357
nazaret	4967356
acentos	4967355
stratton	4967354
intoxicado	4967353
reiamos	4967352
kitchen	4967351
borraron	4967350
bilis	4967349
avisara	4967348
dormiran	4967347
respetarlo	4967346
irreparable	4967345
ochocientos	4967344
remolcador	4967343
epicentro	4967342
ensuciado	4967341
pita	4967340
ovacion	4967339
anuncie	4967338
nula	4967337
electrodomesticos	4967336
debilitar	4967335
necios	4967334
tiraremos	4967333
llenarse	4967332
asperger	4967331
solly	4967330
definen	4967329
arar	4967328
afrodisiaco	4967327
darfur	4967326
temerosos	4967325
condujiste	4967324
traias	4967323
ochos	4967322
perdura	4967321
recibidas	4967320
xu	4967319
pitagoras	4967318
concederle	4967317
matter	4967316
ozu	4967315
disciplinado	4967314
crearemos	4967313
reglamentos	4967312
amapola	4967311
leidos	4967310
identificarlos	4967309
rescatamos	4967308
concederme	4967307
rotundo	4967306
abrazarlo	4967305
bigelow	4967304
dicte	4967303
vinieses	4967302
desarrollados	4967301
gregorio	4967300
henley	4967299
mollie	4967298
comanche	4967297
shopping	4967296
saxo	4967295
sueteres	4967294
nader	4967293
dumbo	4967292
pintaste	4967291
coagulos	4967290
santini	4967289
criticado	4967288
stitch	4967287
libido	4967286
velorio	4967285
tamsin	4967284
mecenas	4967283
maga	4967282
ocuparon	4967281
fairchild	4967280
mismisima	4967279
hakeem	4967278
provo	4967277
moz	4967276
hereda	4967275
acelero	4967274
comicas	4967273
hagala	4967272
atmosferica	4967271
girasol	4967270
preparemonos	4967269
reviento	4967268
nugent	4967267
contemporanea	4967266
broken	4967265
dejariamos	4967264
reducira	4967263
filmada	4967262
notorio	4967261
chffffff	4967260
instalaron	4967259
tendon	4967258
grinch	4967257
pelele	4967256
inmobiliarios	4967255
spector	4967254
lloraria	4967253
dichosos	4967252
brota	4967251
bailaban	4967250
faltaste	4967249
understand	4967248
boquilla	4967247
promociones	4967246
espanolas	4967245
aterradores	4967244
citaciones	4967243
junte	4967242
desapercibida	4967241
yeong	4967240
acudan	4967239
caotica	4967238
sometidos	4967237
escondanse	4967236
traicionera	4967235
estudiantiles	4967234
follaste	4967233
soltarla	4967232
cheddar	4967231
retenidos	4967230
perdices	4967229
crew	4967228
exploradoras	4967227
terrier	4967226
beckham	4967225
quinientas	4967224
asumen	4967223
atropellaron	4967222
extranara	4967221
improvisada	4967220
fraganti	4967219
quedandome	4967218
topos	4967217
parry	4967216
nelle	4967215
arrepintio	4967214
vina	4967213
rascar	4967212
katana	4967211
tweed	4967210
sueltale	4967209
palomita	4967208
magneto	4967207
vytas	4967206
existieran	4967205
espinaca	4967204
cucharadas	4967203
asentamientos	4967202
optar	4967201
danni	4967200
analitica	4967199
hoyuelos	4967198
terminacion	4967197
cromosomas	4967196
aficiones	4967195
daytona	4967194
crenshaw	4967193
atrevera	4967192
southern	4967191
pinkerton	4967190
asemeja	4967189
invicto	4967188
provisto	4967187
romperemos	4967186
eben	4967185
johannesburgo	4967184
bakshi	4967183
opal	4967182
seduciendo	4967181
fruncido	4967180
agarrese	4967179
dedalo	4967178
ripeado	4967177
reservando	4967176
campanillas	4967175
trasladarse	4967174
spirit	4967173
compulsion	4967172
resistan	4967171
romperan	4967170
reflexiones	4967169
enfermado	4967168
photoshop	4967167
victoriana	4967166
abbot	4967165
embarcado	4967164
regresarlo	4967163
dorn	4967162
oficinista	4967161
tocarnos	4967160
educativa	4967159
emancipacion	4967158
paperas	4967157
fairbanks	4967156
infestado	4967155
confirmamos	4967154
voltaire	4967153
laxante	4967152
reddy	4967151
necesitaron	4967150
spud	4967149
incubadora	4967148
torcio	4967147
saqueadores	4967146
omnipotente	4967145
ganariamos	4967144
kimura	4967143
marginal	4967142
acogio	4967141
abridor	4967140
elly	4967139
sirvele	4967138
menea	4967137
derramando	4967136
orbe	4967135
luthorcorp	4967134
sulfuro	4967133
siguiendote	4967132
silabas	4967131
vigente	4967130
fies	4967129
grune	4967128
ivo	4967127
sostenes	4967126
divirtio	4967125
impostora	4967124
corrado	4967123
encontrabas	4967122
doll	4967121
mazmorras	4967120
toulouse	4967119
abilene	4967118
vieiras	4967117
delores	4967116
caracteristico	4967115
pescamos	4967114
pediros	4967113
empresariales	4967112
elder	4967111
orcos	4967110
sorbete	4967109
utilices	4967108
jeroglificos	4967107
felino	4967106
bradbury	4967105
pajero	4967104
ballantine	4967103
seasons	4967102
sii	4967101
raperos	4967100
dunder	4967099
atraiga	4967098
claque	4967097
analgesico	4967096
enjaulado	4967095
alternativos	4967094
quack	4967093
dow	4967092
tribulaciones	4967091
molotov	4967090
fideo	4967089
varas	4967088
sapna	4967087
filtrando	4967086
abernathy	4967085
tours	4967084
desesperante	4967083
retretes	4967082
referido	4967081
acerte	4967080
mejoren	4967079
precipites	4967078
africanas	4967077
sedada	4967076
debatiendo	4967075
medusas	4967074
castigare	4967073
cebras	4967072
siestas	4967071
druidas	4967070
digamoslo	4967069
ciclon	4967068
mostraran	4967067
coffee	4967066
mosby	4967065
inyecta	4967064
funerario	4967063
almirantazgo	4967062
envenenaron	4967061
espantado	4967060
desicion	4967059
imaginemos	4967058
lupo	4967057
bendigo	4967056
perversos	4967055
compacto	4967054
propicio	4967053
caddy	4967052
bromean	4967051
babear	4967050
consolarme	4967049
instruido	4967048
inmensidad	4967047
floral	4967046
afgano	4967045
cojalo	4967044
establecen	4967043
tosco	4967042
desperdicie	4967041
lahore	4967040
bran	4967039
tachar	4967038
ingeniosos	4967037
inalambrica	4967036
destacados	4967035
negociado	4967034
duden	4967033
callejeras	4967032
deeds	4967031
madhu	4967030
katharina	4967029
tenderle	4967028
gacy	4967027
sil	4967026
conductas	4967025
rastrero	4967024
lebron	4967023
zuko	4967022
kyu	4967021
sl	4967020
hanuman	4967019
adivinad	4967018
dany	4967017
nadas	4967016
inadecuada	4967015
zhen	4967014
durmamos	4967013
aterricemos	4967012
utilizaban	4967011
asesinaran	4967010
celestine	4967009
ahogados	4967008
ajustarse	4967007
fellini	4967006
parcelas	4967005
singleton	4967004
pararan	4967003
enviarian	4967002
uff	4967001
apagarse	4967000
food	4966999
colombo	4966998
panteon	4966997
capricornio	4966996
preocupandome	4966995
einar	4966994
ahijado	4966993
arrepentire	4966992
rox	4966991
posturas	4966990
suites	4966989
agachada	4966988
zatoichi	4966987
pim	4966986
replicar	4966985
krieger	4966984
loros	4966983
hummer	4966982
rebelarse	4966981
unanimidad	4966980
perfeccionista	4966979
alter	4966978
aprietes	4966977
fmi	4966976
tibbs	4966975
diestra	4966974
willi	4966973
radley	4966972
librara	4966971
gondola	4966970
sobresalir	4966969
dupree	4966968
angelical	4966967
limpiemos	4966966
saludarme	4966965
arreglaran	4966964
alimanas	4966963
bombardeando	4966962
sonaban	4966961
bajaria	4966960
reuniste	4966959
abundan	4966958
tiroides	4966957
toole	4966956
experimentamos	4966955
triciclo	4966954
anotare	4966953
bajenlo	4966952
step	4966951
corso	4966950
escondimos	4966949
envejecen	4966948
impostores	4966947
biologicamente	4966946
espatula	4966945
bailaste	4966944
inunda	4966943
calvert	4966942
cazafantasmas	4966941
internada	4966940
elastico	4966939
caritativo	4966938
agobiado	4966937
chuckie	4966936
hambrientas	4966935
desolacion	4966934
course	4966933
operamos	4966932
pateticas	4966931
atacarlo	4966930
zapateria	4966929
arrojas	4966928
arreglados	4966927
repararla	4966926
klinger	4966925
vincula	4966924
intermediarios	4966923
procederemos	4966922
augie	4966921
contaran	4966920
examinamos	4966919
relojeria	4966918
diligencias	4966917
palmadita	4966916
asesoria	4966915
agotar	4966914
cremacion	4966913
reducirlo	4966912
albornoz	4966911
artimanas	4966910
estampilla	4966909
niklaus	4966908
telepatas	4966907
alcoholicas	4966906
watanabe	4966905
apagara	4966904
pela	4966903
anticuados	4966902
lazar	4966901
centrar	4966900
esforzamos	4966899
ataquemos	4966898
entretiene	4966897
volarlo	4966896
bajita	4966895
bombea	4966894
trepa	4966893
castigues	4966892
celosas	4966891
tramite	4966890
carlota	4966889
subnormal	4966888
postiza	4966887
pitcher	4966886
ziegler	4966885
apreciarlo	4966884
harv	4966883
security	4966882
escogimos	4966881
paulina	4966880
hits	4966879
curiosas	4966878
rube	4966877
yemas	4966876
matteo	4966875
escuadrilla	4966874
marquez	4966873
nielsen	4966872
sofisticacion	4966871
elevan	4966870
pancarta	4966869
confesarse	4966868
cogidos	4966867
aceptados	4966866
organizadores	4966865
fremont	4966864
marimacho	4966863
jadeos	4966862
portadora	4966861
setiembre	4966860
damn	4966859
gurney	4966858
topico	4966857
encendieron	4966856
tomalos	4966855
amenazador	4966854
usad	4966853
desguace	4966852
neuro	4966851
conservan	4966850
hippy	4966849
eckhart	4966848
contenerlo	4966847
cardiologia	4966846
pacificadores	4966845
volteretas	4966844
bongo	4966843
rankin	4966842
aceituna	4966841
nomada	4966840
equivocar	4966839
copie	4966838
floreciente	4966837
gorriones	4966836
aparecieras	4966835
trout	4966834
temporario	4966833
marcela	4966832
llevadas	4966831
racine	4966830
carroneros	4966829
acompanenme	4966828
provocas	4966827
desmoronarse	4966826
agobiante	4966825
atiendes	4966824
most	4966823
cooley	4966822
preguntandole	4966821
lev	4966820
aprovecharla	4966819
impetu	4966818
jauria	4966817
borrachas	4966816
pronta	4966815
simbolica	4966814
persiana	4966813
aberracion	4966812
zinc	4966811
significativos	4966810
nostros	4966809
recolector	4966808
holbrook	4966807
tris	4966806
confesare	4966805
sec	4966804
aramis	4966803
capacitada	4966802
sirvientas	4966801
xena	4966800
entregaras	4966799
antecedente	4966798
acercaban	4966797
subterraneas	4966796
publicara	4966795
persistencia	4966794
florecido	4966793
considerara	4966792
wylie	4966791
desencadenar	4966790
reunia	4966789
investigara	4966788
seong	4966787
cruzaba	4966786
electronicas	4966785
tiraban	4966784
mica	4966783
ahorraria	4966782
paralizante	4966781
planearlo	4966780
repitio	4966779
permitidos	4966778
dislocado	4966777
talonario	4966776
desprecian	4966775
preferentemente	4966774
avisamos	4966773
sujetarlo	4966772
gertrud	4966771
devoluciones	4966770
memorizado	4966769
liberaremos	4966768
espermatozoides	4966767
perseguirte	4966766
gisborne	4966765
contemplen	4966764
pokemon	4966763
traiganla	4966762
reconocelo	4966761
worry	4966760
beneficiara	4966759
subdito	4966758
inquietantes	4966757
victory	4966756
llamativa	4966755
sobornado	4966754
becerro	4966753
funny	4966752
entrenas	4966751
botines	4966750
dotada	4966749
jie	4966748
saqueado	4966747
gifford	4966746
apagaste	4966745
horne	4966744
sras	4966743
kirkland	4966742
sucubo	4966741
lineal	4966740
manteles	4966739
nro	4966738
asignatura	4966737
atraparnos	4966736
gul	4966735
diplomaticas	4966734
rendiremos	4966733
piquete	4966732
aplaudo	4966731
gringos	4966730
frey	4966729
seen	4966728
innecesarias	4966727
razor	4966726
tambalea	4966725
permitida	4966724
compararlo	4966723
barullo	4966722
silicio	4966721
jadzia	4966720
fisuras	4966719
pintora	4966718
infortunio	4966717
alegran	4966716
cocidos	4966715
rebanadas	4966714
rajjo	4966713
adaptarme	4966712
vestirnos	4966711
habilidoso	4966710
vecindarios	4966709
dorrit	4966708
albatros	4966707
bronceador	4966706
petulante	4966705
tumbarme	4966704
alley	4966703
rodgers	4966702
vigilaremos	4966701
inge	4966700
reconoceras	4966699
porcentajes	4966698
llevaos	4966697
lenguado	4966696
reconocerias	4966695
procedamos	4966694
progresivo	4966693
controversial	4966692
adivinanza	4966691
sobrevivan	4966690
moldear	4966689
doblas	4966688
egos	4966687
etanol	4966686
ahogarte	4966685
vigilarte	4966684
palmadas	4966683
somerset	4966682
descubrieran	4966681
desarrollamos	4966680
saldriamos	4966679
contrae	4966678
recordarnos	4966677
barksdale	4966676
ems	4966675
visualizar	4966674
cantabas	4966673
randi	4966672
det	4966671
baranda	4966670
elegia	4966669
pow	4966668
patinador	4966667
galia	4966666
reclusa	4966665
tablones	4966664
blindaje	4966663
legalidad	4966662
dawes	4966661
fantasear	4966660
hawaiano	4966659
pira	4966658
controladores	4966657
rodearon	4966656
traci	4966655
dagas	4966654
atropelle	4966653
billeteras	4966652
electrocardiograma	4966651
bannon	4966650
tarros	4966649
clandestinas	4966648
permanencia	4966647
melrose	4966646
rebajado	4966645
bloqueador	4966644
fluidez	4966643
huecas	4966642
gently	4966641
secretito	4966640
distraigas	4966639
ventanillas	4966638
ruanda	4966637
condenarlo	4966636
quemarme	4966635
acostara	4966634
masacres	4966633
tonio	4966632
inconciente	4966631
yokohama	4966630
rochefort	4966629
picaporte	4966628
escabullo	4966627
cancun	4966626
ordenas	4966625
disenteria	4966624
vigilara	4966623
pax	4966622
carpinteros	4966621
desenlace	4966620
poliester	4966619
reconforta	4966618
defendera	4966617
masacrar	4966616
filmaron	4966615
dossier	4966614
dumbledore	4966613
mugriento	4966612
avergonzaria	4966611
niels	4966610
resalta	4966609
colar	4966608
nami	4966607
costosos	4966606
estano	4966605
salmo	4966604
bolin	4966603
volker	4966602
vengativa	4966601
nociones	4966600
implicaria	4966599
reportandose	4966598
ludlow	4966597
comunicados	4966596
buses	4966595
vencieron	4966594
senna	4966593
foot	4966592
amalia	4966591
atenderme	4966590
defendiste	4966589
quedandote	4966588
jingle	4966587
verbalmente	4966586
amaron	4966585
recambio	4966584
medicion	4966583
campanita	4966582
consecutivas	4966581
tomais	4966580
energeticas	4966579
responderas	4966578
depues	4966577
lisiados	4966576
geraldo	4966575
envieme	4966574
kubrick	4966573
ofendes	4966572
jerusalem	4966571
ajetreado	4966570
moveran	4966569
bebian	4966568
prestara	4966567
inclinar	4966566
partera	4966565
perspicacia	4966564
costuras	4966563
pliegue	4966562
samar	4966561
soleil	4966560
charcos	4966559
olvidame	4966558
iguala	4966557
telepata	4966556
culebra	4966555
hutchinson	4966554
desigual	4966553
kisha	4966552
peinados	4966551
calientan	4966550
redundante	4966549
lucida	4966548
elwood	4966547
complicando	4966546
lamentaba	4966545
orgullosas	4966544
ensenen	4966543
hostilidades	4966542
lorena	4966541
leach	4966540
uniremos	4966539
alimentamos	4966538
sugeriste	4966537
able	4966536
aterrizaron	4966535
otorgar	4966534
colapsa	4966533
visir	4966532
perito	4966531
conducimos	4966530
operarlo	4966529
tiernas	4966528
running	4966527
estrellita	4966526
mandarlos	4966525
mote	4966524
homie	4966523
delko	4966522
pajarillo	4966521
covington	4966520
pass	4966519
enojaste	4966518
koenig	4966517
manon	4966516
ebola	4966515
medicinales	4966514
parense	4966513
interviene	4966512
conmemorativo	4966511
proponen	4966510
rechazamos	4966509
ofreciera	4966508
leung	4966507
shaft	4966506
pegarse	4966505
desfigurado	4966504
aliviara	4966503
fundir	4966502
enterrarlos	4966501
cumpleanero	4966500
agarraba	4966499
vengamos	4966498
agresivamente	4966497
admitira	4966496
planetaria	4966495
recompensados	4966494
inalambrico	4966493
enfrentandose	4966492
destrozadas	4966491
aida	4966490
absurdos	4966489
acogido	4966488
alistarme	4966487
ummm	4966486
conseguirles	4966485
distribuye	4966484
front	4966483
limpiaparabrisas	4966482
sigiloso	4966481
edvard	4966480
revolviendo	4966479
dumont	4966478
esme	4966477
vomitaste	4966476
catastrofes	4966475
desapareci	4966474
sanando	4966473
bastion	4966472
coogan	4966471
keene	4966470
explorado	4966469
perseguiran	4966468
giants	4966467
excitados	4966466
multinacional	4966465
cheers	4966464
dilatadas	4966463
invertida	4966462
llevandolo	4966461
jinx	4966460
christophe	4966459
enfocada	4966458
contesteme	4966457
cagadas	4966456
loxley	4966455
cascadas	4966454
seguiriamos	4966453
acusaran	4966452
pistacho	4966451
escarmiento	4966450
invitaba	4966449
northwestern	4966448
visitaremos	4966447
funcionaran	4966446
sospecharia	4966445
bliss	4966444
almendra	4966443
brasilenos	4966442
middle	4966441
tuviesen	4966440
ladrido	4966439
ez	4966438
acosarme	4966437
epi	4966436
existencial	4966435
cordy	4966434
bobinas	4966433
retenga	4966432
simbolismo	4966431
amais	4966430
depilacion	4966429
comprobemos	4966428
comprendan	4966427
rigidez	4966426
leicester	4966425
takeshi	4966424
hilera	4966423
foss	4966422
menstruacion	4966421
buscada	4966420
callaros	4966419
ono	4966418
movilizar	4966417
halloran	4966416
rebosante	4966415
creerse	4966414
esforzo	4966413
demosles	4966412
fuerces	4966411
performance	4966410
chupame	4966409
aver	4966408
mediciones	4966407
acamparemos	4966406
poniendole	4966405
vincular	4966404
harkness	4966403
almorce	4966402
plebeyos	4966401
hackeo	4966400
vinculada	4966399
deseaban	4966398
problemilla	4966397
editoriales	4966396
palmo	4966395
preocupaste	4966394
intubacion	4966393
erick	4966392
concedera	4966391
defendemos	4966390
olvidadas	4966389
desnudarme	4966388
deluca	4966387
catarella	4966386
llamandolo	4966385
preguntarmelo	4966384
comparecencia	4966383
cumpliera	4966382
calificados	4966381
ironica	4966380
feeling	4966379
omision	4966378
gallant	4966377
whitfield	4966376
olivo	4966375
materno	4966374
venerable	4966373
galos	4966372
configurar	4966371
contabas	4966370
repartido	4966369
considerarias	4966368
purdy	4966367
desencadeno	4966366
cancelen	4966365
culpen	4966364
implementar	4966363
liposuccion	4966362
actuare	4966361
wake	4966360
lawton	4966359
eternas	4966358
ardia	4966357
inverso	4966356
kryptonita	4966355
rasgar	4966354
provincial	4966353
samaritan	4966352
quejandote	4966351
filarmonica	4966350
utilizaremos	4966349
reemplazara	4966348
oncologia	4966347
paisanos	4966346
kun	4966345
jaison	4966344
instintivamente	4966343
clementine	4966342
kerrigan	4966341
soportara	4966340
llorara	4966339
desplazado	4966338
juanito	4966337
fatigado	4966336
persiguiendome	4966335
paraguay	4966334
mudos	4966333
electrolitos	4966332
suspirar	4966331
condujeron	4966330
distrajo	4966329
interpretaba	4966328
compartieron	4966327
consolacion	4966326
boto	4966325
gradual	4966324
palancas	4966323
evers	4966322
maxi	4966321
tandy	4966320
lacayos	4966319
consultora	4966318
arrakis	4966317
pappu	4966316
cortante	4966315
jano	4966314
admisible	4966313
gestionar	4966312
sometida	4966311
manjar	4966310
subsecretario	4966309
cubras	4966308
glamoroso	4966307
estratagema	4966306
fonda	4966305
bebera	4966304
solicitan	4966303
quitaras	4966302
triton	4966301
midori	4966300
kia	4966299
aitu	4966298
simplificar	4966297
violonchelo	4966296
mater	4966295
cargaste	4966294
refrigerio	4966293
rebanos	4966292
megafono	4966291
formaban	4966290
marcella	4966289
dorsey	4966288
toot	4966287
devuelvela	4966286
chocaste	4966285
broderick	4966284
refirio	4966283
arribo	4966282
farr	4966281
llegabas	4966280
permanecia	4966279
carterista	4966278
cayendose	4966277
negaria	4966276
mayflower	4966275
cantad	4966274
provocaste	4966273
considerables	4966272
deshago	4966271
neutrales	4966270
provenientes	4966269
dulles	4966268
distorsionada	4966267
prosigue	4966266
mcgovern	4966265
traeis	4966264
sonrias	4966263
transmitio	4966262
zarpo	4966261
quitenle	4966260
chief	4966259
agredido	4966258
ayudita	4966257
sarta	4966256
kree	4966255
glades	4966254
pregunteselo	4966253
pagarias	4966252
contarlos	4966251
postmortem	4966250
adhesivo	4966249
parlotear	4966248
reemplazarla	4966247
sentabamos	4966246
sarita	4966245
colgamos	4966244
pronunciacion	4966243
flaherty	4966242
dejarselo	4966241
alerones	4966240
antisemita	4966239
consiguieras	4966238
debilitando	4966237
ladies	4966236
requirio	4966235
electorales	4966234
corpulento	4966233
trompas	4966232
interrogada	4966231
cuatros	4966230
moderados	4966229
bajense	4966228
petroleras	4966227
rarisimo	4966226
maliciosa	4966225
infernales	4966224
cartier	4966223
mandarnos	4966222
escaparates	4966221
diagramas	4966220
dooku	4966219
descalzos	4966218
plagio	4966217
mechas	4966216
sapphire	4966215
shayne	4966214
sonabas	4966213
enganandome	4966212
order	4966211
reflexiona	4966210
subeme	4966209
enterrador	4966208
frenando	4966207
echele	4966206
droide	4966205
silk	4966204
compararse	4966203
graceland	4966202
aborigenes	4966201
camarotes	4966200
lilah	4966199
eficaces	4966198
aulas	4966197
aplique	4966196
atonito	4966195
reconociendo	4966194
nietzscheanos	4966193
apoyarla	4966192
engorda	4966191
contribuye	4966190
concordancia	4966189
osborn	4966188
aguantarte	4966187
apuntaste	4966186
galera	4966185
tocarlas	4966184
farrah	4966183
insatisfecho	4966182
cautivado	4966181
imaginabas	4966180
ergo	4966179
redactado	4966178
habas	4966177
garbo	4966176
sto	4966175
deuce	4966174
colgarte	4966173
ariane	4966172
elkins	4966171
suarez	4966170
ojiva	4966169
rena	4966168
sleep	4966167
exclusividad	4966166
pesando	4966165
ventisca	4966164
acompanaran	4966163
ite	4966162
prometa	4966161
compite	4966160
malnacido	4966159
durst	4966158
bennie	4966157
livingstone	4966156
cumplieron	4966155
desarrolle	4966154
probartelo	4966153
ramillete	4966152
distingo	4966151
pua	4966150
latia	4966149
malmo	4966148
cacho	4966147
anada	4966146
acostumbrare	4966145
cracovia	4966144
dispararas	4966143
vidya	4966142
libraras	4966141
competitivos	4966140
detendras	4966139
aterrorizar	4966138
anand	4966137
mondo	4966136
smoke	4966135
novedoso	4966134
oncologo	4966133
analfabeto	4966132
ejecutarlo	4966131
evitaria	4966130
esquiando	4966129
lastimarse	4966128
salgais	4966127
buscandonos	4966126
ter	4966125
irracionales	4966124
shinjuku	4966123
prescindible	4966122
delanteros	4966121
trouble	4966120
recomendable	4966119
patibulo	4966118
katerina	4966117
energica	4966116
postgrado	4966115
llevadle	4966114
hogareno	4966113
rothstein	4966112
prometia	4966111
bb	4966110
vigilala	4966109
maximizar	4966108
subestimas	4966107
certificada	4966106
gramofono	4966105
directivo	4966104
basket	4966103
notaras	4966102
uste	4966101
estudiosos	4966100
tum	4966099
pauta	4966098
percival	4966097
estadios	4966096
artimana	4966095
desbloquear	4966094
argel	4966093
brie	4966092
inexperto	4966091
disparandole	4966090
apartad	4966089
apestando	4966088
exclamacion	4966087
sobrinas	4966086
perdiz	4966085
tirarlos	4966084
vintage	4966083
kant	4966082
stirling	4966081
repletos	4966080
raptaron	4966079
apoyes	4966078
levin	4966077
decentemente	4966076
yupi	4966075
majestuosa	4966074
confidencialmente	4966073
retardada	4966072
hoon	4966071
logren	4966070
cut	4966069
secuelas	4966068
feminismo	4966067
pasador	4966066
apretadas	4966065
ganarla	4966064
complico	4966063
kizzy	4966062
hiv	4966061
edwina	4966060
card	4966059
cantaran	4966058
enviaban	4966057
volteo	4966056
panoramica	4966055
mejoraran	4966054
envenena	4966053
jamison	4966052
planas	4966051
avaricioso	4966050
colaborando	4966049
johansson	4966048
primaveral	4966047
quan	4966046
implican	4966045
comprobad	4966044
nairobi	4966043
aterradoras	4966042
atravese	4966041
arraso	4966040
compatriota	4966039
chacales	4966038
bardo	4966037
trabas	4966036
gustarles	4966035
generos	4966034
pia	4966033
estrategicamente	4966032
pennington	4966031
vistase	4966030
magna	4966029
cambiados	4966028
nandini	4966027
gastados	4966026
fragata	4966025
wren	4966024
aguardando	4966023
enganarla	4966022
meteoros	4966021
catolicismo	4966020
ofrezcan	4966019
prestaron	4966018
duh	4966017
sonreido	4966016
bisagras	4966015
paradigma	4966014
monotono	4966013
rectificar	4966012
capturen	4966011
manzano	4966010
terminados	4966009
directrices	4966008
incinerado	4966007
simulado	4966006
deliberada	4966005
mcginty	4966004
breeland	4966003
stryker	4966002
cristianas	4966001
dyke	4966000
petaca	4965999
uma	4965998
pai	4965997
respondemos	4965996
recompensada	4965995
veamonos	4965994
comunitarios	4965993
propagar	4965992
despliega	4965991
blye	4965990
estacada	4965989
vivaz	4965988
inmensos	4965987
cruzare	4965986
suez	4965985
tartamudeo	4965984
neutralidad	4965983
apartas	4965982
clavando	4965981
evoluciona	4965980
agrio	4965979
coquetea	4965978
fijarte	4965977
pompa	4965976
honradamente	4965975
filosofica	4965974
desobedecido	4965973
ichigo	4965972
guisante	4965971
mariko	4965970
ventriculo	4965969
denominador	4965968
faraones	4965967
eliminadas	4965966
ranchero	4965965
centre	4965964
rogelio	4965963
alejare	4965962
estacionada	4965961
beneficas	4965960
mutilados	4965959
monitoreo	4965958
tweet	4965957
cutis	4965956
obtengamos	4965955
disfrazar	4965954
creais	4965953
agresivas	4965952
detestaba	4965951
anterioridad	4965950
sentiremos	4965949
laureles	4965948
inundo	4965947
tash	4965946
podiais	4965945
rectal	4965944
morireis	4965943
trev	4965942
burr	4965941
computadores	4965940
cartelera	4965939
beneficiado	4965938
embotellamiento	4965937
columpios	4965936
recoged	4965935
lay	4965934
woong	4965933
requerimientos	4965932
abofetear	4965931
mantenida	4965930
laves	4965929
recaudado	4965928
despejad	4965927
comportense	4965926
hooker	4965925
intelectualmente	4965924
culinario	4965923
norteamericanas	4965922
desconecto	4965921
confundieron	4965920
ocultamos	4965919
saab	4965918
humanoides	4965917
fiarme	4965916
jiro	4965915
bilbo	4965914
permanecieron	4965913
garrapata	4965912
tala	4965911
danton	4965910
sten	4965909
enfrentaras	4965908
desayunamos	4965907
secuestran	4965906
arrastraba	4965905
letrinas	4965904
gigantescas	4965903
hula	4965902
preocupemos	4965901
espartanos	4965900
knowles	4965899
jodo	4965898
dollar	4965897
abejorro	4965896
piccadilly	4965895
mordeduras	4965894
halliday	4965893
inculpar	4965892
verifiquen	4965891
chong	4965890
bassam	4965889
mejicana	4965888
almacena	4965887
bethesda	4965886
afable	4965885
second	4965884
detenla	4965883
inquilina	4965882
gio	4965881
filtraciones	4965880
wallander	4965879
matarles	4965878
gilly	4965877
alquilan	4965876
chistosa	4965875
neo	4965874
levantaran	4965873
merodear	4965872
noruegos	4965871
kunta	4965870
irresponsables	4965869
aries	4965868
acabad	4965867
libelula	4965866
building	4965865
trillizos	4965864
encubrirlo	4965863
ninfomana	4965862
entretenerme	4965861
heard	4965860
kardashian	4965859
espacioso	4965858
hermione	4965857
bluetooth	4965856
gritaron	4965855
admitida	4965854
plantados	4965853
incendiaron	4965852
brit	4965851
furtiva	4965850
experimentan	4965849
arrojala	4965848
triangulos	4965847
impedia	4965846
scoob	4965845
concretos	4965844
realizamos	4965843
mordera	4965842
gritandole	4965841
islamica	4965840
cortejando	4965839
llenaste	4965838
pussy	4965837
inventes	4965836
siddharth	4965835
manteneos	4965834
desarme	4965833
janek	4965832
telenovelas	4965831
consideraron	4965830
papaya	4965829
sangro	4965828
quirurgicamente	4965827
mom	4965826
constituyen	4965825
revolveres	4965824
herirlo	4965823
volkoff	4965822
caritativa	4965821
macpherson	4965820
randal	4965819
apice	4965818
genuinamente	4965817
moje	4965816
frustrados	4965815
fabricada	4965814
sumiso	4965813
ilustracion	4965812
mencionaba	4965811
plantaste	4965810
aviar	4965809
ponganle	4965808
vencimos	4965807
parca	4965806
mezcles	4965805
muirfield	4965804
paintball	4965803
penumbra	4965802
rothschild	4965801
coincidia	4965800
alcanzaran	4965799
cediendo	4965798
alegrarse	4965797
culparlos	4965796
competiciones	4965795
espuelas	4965794
catch	4965793
repulsiva	4965792
guzman	4965791
prestaria	4965790
marci	4965789
consideremos	4965788
monti	4965787
hallaba	4965786
pintarlo	4965785
idealismo	4965784
muir	4965783
somete	4965782
involucrando	4965781
informame	4965780
artemis	4965779
tupac	4965778
nominaciones	4965777
avanzo	4965776
streisand	4965775
crucifixion	4965774
gilligan	4965773
vana	4965772
antoinette	4965771
laseres	4965770
empaquen	4965769
jaja	4965768
worthington	4965767
demuestren	4965766
fallecieron	4965765
manualidades	4965764
suicidaria	4965763
ventrilocuo	4965762
chata	4965761
heredara	4965760
letty	4965759
londinense	4965758
sit	4965757
blasfemo	4965756
farmaco	4965755
tragamonedas	4965754
hungara	4965753
acusador	4965752
felicitarle	4965751
temais	4965750
lavabos	4965749
agotaron	4965748
ninato	4965747
organizarlo	4965746
tourette	4965745
observadora	4965744
atendia	4965743
pedirla	4965742
inmaculado	4965741
gussie	4965740
esconderemos	4965739
faltes	4965738
donkey	4965737
educaron	4965736
mentora	4965735
verticales	4965734
gaceta	4965733
obscuridad	4965732
rugir	4965731
corrigeme	4965730
inhibiciones	4965729
dimitido	4965728
complemento	4965727
sacadlo	4965726
permitirmelo	4965725
predadores	4965724
firmamento	4965723
such	4965722
sondeos	4965721
gritarte	4965720
pod	4965719
obligare	4965718
liada	4965717
tropieza	4965716
babette	4965715
probarlos	4965714
chiu	4965713
descubiertas	4965712
tabernas	4965711
hipotetica	4965710
requiero	4965709
agarrame	4965708
hablasteis	4965707
abrazan	4965706
esforzare	4965705
contraido	4965704
hundieron	4965703
pleasant	4965702
princess	4965701
pegaban	4965700
simposio	4965699
baviera	4965698
espiarme	4965697
drogaste	4965696
shik	4965695
voltereta	4965694
enfrentemoslo	4965693
aprobaste	4965692
murder	4965691
pittman	4965690
saskia	4965689
sae	4965688
arrancara	4965687
inigualable	4965686
quedaramos	4965685
conduciria	4965684
demuestro	4965683
diganlo	4965682
acompanando	4965681
oleo	4965680
higo	4965679
fijen	4965678
sobresalientes	4965677
percance	4965676
sables	4965675
bravucon	4965674
looks	4965673
vuelco	4965672
estella	4965671
jabba	4965670
pepitas	4965669
vigilarme	4965668
ivanovich	4965667
enos	4965666
queridisima	4965665
ct	4965664
aborten	4965663
lace	4965662
reconozcas	4965661
exageradamente	4965660
firewall	4965659
perchero	4965658
asano	4965657
muffins	4965656
prestigiosa	4965655
aburri	4965654
componen	4965653
fontana	4965652
colbert	4965651
posesivo	4965650
arriesgarlo	4965649
tejano	4965648
susanne	4965647
chozas	4965646
asquerosamente	4965645
siguela	4965644
neurologia	4965643
cumpliras	4965642
flotas	4965641
mayko	4965640
impactar	4965639
afis	4965638
aniquilado	4965637
alineado	4965636
regalarte	4965635
diplomas	4965634
olerla	4965633
crescent	4965632
beetle	4965631
rajar	4965630
ayudenlo	4965629
descansamos	4965628
amuletos	4965627
wilden	4965626
ozzie	4965625
pintamos	4965624
impuro	4965623
cotidiano	4965622
calzon	4965621
comenzaras	4965620
katara	4965619
vigoroso	4965618
acusare	4965617
convenciendo	4965616
hermetico	4965615
financiando	4965614
admitiria	4965613
implique	4965612
destapar	4965611
pertenecido	4965610
cruzarse	4965609
human	4965608
pausas	4965607
atare	4965606
entendieras	4965605
nissan	4965604
nacionalistas	4965603
eroticas	4965602
alaric	4965601
incluyendote	4965600
pubs	4965599
carmin	4965598
kenshin	4965597
legisladores	4965596
maserati	4965595
avatares	4965594
brevedad	4965593
grapas	4965592
saquenos	4965591
reemplazarte	4965590
disidentes	4965589
firmalo	4965588
cartones	4965587
desactivada	4965586
fornicar	4965585
landers	4965584
centigrados	4965583
enciendela	4965582
obscenidad	4965581
silencios	4965580
pidelo	4965579
vampira	4965578
emplazamiento	4965577
administrado	4965576
resbaladiza	4965575
codificada	4965574
sovieticas	4965573
demandarte	4965572
atwater	4965571
recorrio	4965570
anades	4965569
vegeta	4965568
votaremos	4965567
acumulan	4965566
boxers	4965565
sudo	4965564
estiramiento	4965563
averiguan	4965562
jeremias	4965561
ramita	4965560
bolsitas	4965559
candados	4965558
examinador	4965557
emergente	4965556
palurdo	4965555
dutton	4965554
richelieu	4965553
procurare	4965552
rescatada	4965551
alberca	4965550
extirpar	4965549
hincapie	4965548
evoluciono	4965547
nils	4965546
complacerme	4965545
edouard	4965544
sintesis	4965543
separarte	4965542
henson	4965541
coloso	4965540
siri	4965539
which	4965538
eroticos	4965537
indagando	4965536
prototipos	4965535
cibernetico	4965534
acatar	4965533
supervisa	4965532
sanado	4965531
impresionarla	4965530
armazon	4965529
mejorada	4965528
maritima	4965527
nestor	4965526
narcotrafico	4965525
contratara	4965524
mcleod	4965523
sollozos	4965522
siro	4965521
invenciones	4965520
obscenidades	4965519
masturbarte	4965518
katharine	4965517
aullido	4965516
confidencia	4965515
brebaje	4965514
balones	4965513
meros	4965512
revoloteando	4965511
radcliffe	4965510
fanta	4965509
murmura	4965508
transportan	4965507
omi	4965506
chandu	4965505
roncar	4965504
ichabod	4965503
guiarlos	4965502
progresa	4965501
persigan	4965500
demoraste	4965499
promotores	4965498
macgregor	4965497
atendi	4965496
affair	4965495
shogunato	4965494
gunvald	4965493
bragg	4965492
chupavergas	4965491
juntense	4965490
spanky	4965489
rodeen	4965488
brainiac	4965487
terrores	4965486
colocare	4965485
trotar	4965484
sets	4965483
foxxy	4965482
fichar	4965481
balbuceando	4965480
tzu	4965479
pryor	4965478
raptar	4965477
prudentes	4965476
scorpion	4965475
mana	4965474
viajare	4965473
desalinado	4965472
kiran	4965471
habitante	4965470
mojarse	4965469
umberto	4965468
kandahar	4965467
bend	4965466
avergonzaba	4965465
alaikum	4965464
detenia	4965463
fastidiosa	4965462
blane	4965461
ralston	4965460
comprometimos	4965459
humvee	4965458
queje	4965457
bombeo	4965456
molestaran	4965455
deposicion	4965454
cry	4965453
ilana	4965452
yukiko	4965451
intervenciones	4965450
sonaria	4965449
rinas	4965448
winchell	4965447
franjas	4965446
diurno	4965445
derrotarlos	4965444
backstage	4965443
recorren	4965442
minute	4965441
obedecere	4965440
servil	4965439
besitos	4965438
encantaron	4965437
simpatizantes	4965436
especializados	4965435
compartimentos	4965434
haciendola	4965433
atraparle	4965432
practique	4965431
caspa	4965430
alive	4965429
vainas	4965428
woodsen	4965427
mosley	4965426
reflector	4965425
aviadores	4965424
decirselos	4965423
acusarle	4965422
santi	4965421
mosquete	4965420
veintinueve	4965419
sintamos	4965418
acuatica	4965417
elevadores	4965416
disciplinario	4965415
traicionara	4965414
bullard	4965413
codiciosa	4965412
torturan	4965411
venciste	4965410
asegurandose	4965409
brillantez	4965408
comandar	4965407
bjorn	4965406
significaban	4965405
pretenda	4965404
sartre	4965403
patearon	4965402
carencia	4965401
cordillera	4965400
comprometa	4965399
encierre	4965398
pastrami	4965397
desiree	4965396
rabiosos	4965395
guster	4965394
gator	4965393
amplias	4965392
yak	4965391
abordado	4965390
toallita	4965389
goodbye	4965388
impecables	4965387
autonomo	4965386
fertilizantes	4965385
informarnos	4965384
isaias	4965383
prologo	4965382
enmascarados	4965381
marcaste	4965380
invadida	4965379
horneado	4965378
cv	4965377
gleason	4965376
zafar	4965375
carente	4965374
nazareno	4965373
harrow	4965372
machacado	4965371
pequenitos	4965370
parejo	4965369
reproducen	4965368
gamuza	4965367
rowley	4965366
pegajosos	4965365
lamentarse	4965364
escogidos	4965363
termico	4965362
quisquillosa	4965361
situar	4965360
masturbarme	4965359
severidad	4965358
gritandome	4965357
permaneceremos	4965356
obtengas	4965355
downs	4965354
used	4965353
montaste	4965352
pretendias	4965351
patmore	4965350
couldn	4965349
dispararse	4965348
breaking	4965347
fernand	4965346
capua	4965345
dictadores	4965344
devolvernos	4965343
replicas	4965342
ap	4965341
bidon	4965340
conseguiriamos	4965339
inconfundible	4965338
bajaran	4965337
pararas	4965336
conservarla	4965335
lovecraft	4965334
desearlo	4965333
echaban	4965332
enteraran	4965331
perseguire	4965330
aguacate	4965329
entrase	4965328
candleford	4965327
hortense	4965326
gobernadores	4965325
dispensador	4965324
boz	4965323
ligados	4965322
traza	4965321
lansing	4965320
amita	4965319
enterraremos	4965318
ferviente	4965317
lealtades	4965316
establecidas	4965315
cristalina	4965314
lachlan	4965313
manfred	4965312
implantado	4965311
inteligentemente	4965310
winfield	4965309
vencerte	4965308
clausura	4965307
viajaban	4965306
hurst	4965305
salidos	4965304
marigold	4965303
legitimamente	4965302
valoran	4965301
escaners	4965300
concedeme	4965299
asegurandome	4965298
escaparia	4965297
determinadas	4965296
nor	4965295
reaccionaria	4965294
batiatus	4965293
petri	4965292
atalo	4965291
distintiva	4965290
comprensivos	4965289
cuarzo	4965288
dedicatoria	4965287
actuaremos	4965286
rino	4965285
agnew	4965284
defina	4965283
lesiono	4965282
resbalado	4965281
pececito	4965280
hogueras	4965279
fuselaje	4965278
frenetica	4965277
aguantaria	4965276
inaugurar	4965275
corales	4965274
perforando	4965273
reis	4965272
supersticiosa	4965271
pisotear	4965270
revivirlo	4965269
ajusten	4965268
poltergeist	4965267
espresso	4965266
contactarla	4965265
confesarle	4965264
tazones	4965263
encapuchado	4965262
detalladamente	4965261
cansar	4965260
polizas	4965259
taipei	4965258
reiria	4965257
gro	4965256
ceda	4965255
pesto	4965254
volarte	4965253
beneficiaria	4965252
drogando	4965251
desechables	4965250
metieran	4965249
aguardar	4965248
foie	4965247
tarrant	4965246
ere	4965245
guevara	4965244
flirteo	4965243
checos	4965242
reba	4965241
amit	4965240
peaches	4965239
gutierrez	4965238
av	4965237
festivos	4965236
atacad	4965235
huiria	4965234
yoshioka	4965233
tracto	4965232
estrofa	4965231
mayfair	4965230
atreverse	4965229
ojivas	4965228
transportaba	4965227
banning	4965226
interpretes	4965225
derroche	4965224
frell	4965223
crateres	4965222
acompananos	4965221
esquis	4965220
fijando	4965219
biggie	4965218
interferido	4965217
extrajo	4965216
llegadas	4965215
taub	4965214
nacho	4965213
cabalgata	4965212
lucian	4965211
comprenderia	4965210
leeras	4965209
chapas	4965208
vaciando	4965207
reprobar	4965206
creta	4965205
explicamos	4965204
kale	4965203
permitirles	4965202
larue	4965201
tronos	4965200
kano	4965199
entreguemos	4965198
atacaba	4965197
marciana	4965196
valera	4965195
wilton	4965194
assad	4965193
bagels	4965192
brogan	4965191
everwood	4965190
northern	4965189
impuso	4965188
fecal	4965187
mereceis	4965186
mofeta	4965185
nafta	4965184
ninfa	4965183
comprobaste	4965182
fracasamos	4965181
implicaba	4965180
tallahassee	4965179
valoramos	4965178
mandragora	4965177
pelirrojas	4965176
inodoros	4965175
paine	4965174
ellingham	4965173
nueves	4965172
diocesis	4965171
convencerles	4965170
lntento	4965169
bizco	4965168
ateos	4965167
sanford	4965166
guepardo	4965165
apellida	4965164
transformaron	4965163
ladronzuelo	4965162
intentarias	4965161
vesubio	4965160
desconectados	4965159
acababas	4965158
repetirme	4965157
cromosoma	4965156
estropeaste	4965155
siam	4965154
perseo	4965153
recompensare	4965152
desafian	4965151
diadema	4965150
reinicio	4965149
tie	4965148
radioactividad	4965147
trasladamos	4965146
vulgaridad	4965145
neoyorquino	4965144
rachid	4965143
disneyland	4965142
aseguraria	4965141
rajado	4965140
staff	4965139
etnico	4965138
parranda	4965137
opus	4965136
tientas	4965135
montmartre	4965134
cueros	4965133
cognac	4965132
montare	4965131
caballa	4965130
escondan	4965129
jodernos	4965128
fornicacion	4965127
partamos	4965126
gratuitamente	4965125
leena	4965124
legajo	4965123
cultivado	4965122
dima	4965121
dewitt	4965120
ismael	4965119
lehman	4965118
insensatez	4965117
absorcion	4965116
vail	4965115
gluteos	4965114
katniss	4965113
vii	4965112
sdi	4965111
doors	4965110
arrancaria	4965109
analicen	4965108
serviras	4965107
lamente	4965106
rociar	4965105
estirando	4965104
despertarle	4965103
cautelosos	4965102
tridente	4965101
ofrecernos	4965100
iguana	4965099
pinceles	4965098
elyse	4965097
elegantemente	4965096
miserablemente	4965095
caducado	4965094
saba	4965093
pueblerino	4965092
demostramos	4965091
defiendas	4965090
mexicanas	4965089
colson	4965088
arrodillado	4965087
renacido	4965086
supresion	4965085
afiche	4965084
infecta	4965083
absorto	4965082
disculpennos	4965081
gomorra	4965080
delano	4965079
priest	4965078
pensase	4965077
zebra	4965076
encantadas	4965075
admiras	4965074
lydecker	4965073
ciclistas	4965072
fillmore	4965071
voluntariado	4965070
quedeselo	4965069
peligra	4965068
latif	4965067
eviten	4965066
nalga	4965065
grunir	4965064
piccolo	4965063
correlacion	4965062
mozzarella	4965061
remontan	4965060
esceptica	4965059
dodger	4965058
sellen	4965057
emita	4965056
jonron	4965055
revisaba	4965054
acabase	4965053
mcallister	4965052
kimble	4965051
insensata	4965050
mundano	4965049
tetitas	4965048
llevesela	4965047
emborrachamos	4965046
cancelarla	4965045
liberes	4965044
sobrevolando	4965043
pheebs	4965042
quimby	4965041
sagitario	4965040
farmacias	4965039
arano	4965038
dispuso	4965037
bellows	4965036
dijeramos	4965035
corregirlo	4965034
vichy	4965033
misticos	4965032
baltico	4965031
tian	4965030
trenza	4965029
varilla	4965028
lindbergh	4965027
recomendare	4965026
bent	4965025
haganle	4965024
aprobados	4965023
taro	4965022
signora	4965021
escarbando	4965020
indirectas	4965019
conga	4965018
confiemos	4965017
uniones	4965016
desperdicias	4965015
acordaria	4965014
bisonte	4965013
amplitud	4965012
cancelaste	4965011
pijamada	4965010
agradecimientos	4965009
cooperativo	4965008
guam	4965007
tegan	4965006
quemarte	4965005
redecorar	4965004
culminante	4965003
cully	4965002
pavadas	4965001
segregacion	4965000
mixtas	4964999
verna	4964998
escoltas	4964997
concejales	4964996
llorabas	4964995
batallones	4964994
sacadme	4964993
alarme	4964992
bebita	4964991
tundra	4964990
floreria	4964989
miyamoto	4964988
integro	4964987
rechaces	4964986
cibernetica	4964985
barquero	4964984
adiosito	4964983
insistieron	4964982
votaste	4964981
juraron	4964980
contratarla	4964979
fumaste	4964978
inmovilizado	4964977
apresado	4964976
grunge	4964975
excitas	4964974
preludio	4964973
emana	4964972
kamal	4964971
adonis	4964970
modelaje	4964969
pcp	4964968
damita	4964967
exiliados	4964966
fregando	4964965
poseemos	4964964
llamemoslo	4964963
rhett	4964962
discrepancias	4964961
hawke	4964960
derrotarme	4964959
transportadores	4964958
pole	4964957
obligarle	4964956
reaccionara	4964955
hanley	4964954
aprendiera	4964953
fremen	4964952
durmientes	4964951
deprimentes	4964950
suicidara	4964949
pendulo	4964948
berk	4964947
midland	4964946
quer	4964945
leipzig	4964944
pinchada	4964943
prehistorico	4964942
devueltos	4964941
reach	4964940
mereciera	4964939
descienden	4964938
hakim	4964937
tejos	4964936
electron	4964935
procedemos	4964934
truck	4964933
reconstruyendo	4964932
pestanear	4964931
timberlake	4964930
bordeaux	4964929
cruzara	4964928
bozo	4964927
nine	4964926
hideo	4964925
roza	4964924
antidrogas	4964923
culpaba	4964922
adicciones	4964921
canoas	4964920
erroneas	4964919
cedro	4964918
bovary	4964917
tar	4964916
bjarne	4964915
weller	4964914
rockear	4964913
punetas	4964912
acostumbrara	4964911
desvistete	4964910
kathie	4964909
chandal	4964908
andersson	4964907
inviten	4964906
glamorosa	4964905
derrita	4964904
kraft	4964903
noqueo	4964902
oue	4964901
devorando	4964900
empeoran	4964899
contactamos	4964898
mencionare	4964897
apoyaron	4964896
extractos	4964895
chupamela	4964894
escuchabas	4964893
desempleada	4964892
duty	4964891
ning	4964890
arrastrarlo	4964889
noonan	4964888
ascendencia	4964887
desvergonzado	4964886
clavel	4964885
cochrane	4964884
zoila	4964883
beckman	4964882
frigida	4964881
localizaciones	4964880
capacitacion	4964879
quitarsela	4964878
list	4964877
terrace	4964876
recibirte	4964875
trastienda	4964874
abrigado	4964873
teodoro	4964872
endeudado	4964871
frambuesas	4964870
emmalin	4964869
cce	4964868
entrometerte	4964867
kunal	4964866
gab	4964865
arvin	4964864
drogarte	4964863
encerrarla	4964862
recomendamos	4964861
wheaton	4964860
alquilando	4964859
dotados	4964858
subanlo	4964857
peregrinaje	4964856
describes	4964855
radhika	4964854
tortures	4964853
spade	4964852
cinema	4964851
micros	4964850
sobreviviera	4964849
moscada	4964848
pemberton	4964847
asados	4964846
insististe	4964845
earle	4964844
fundida	4964843
dizzy	4964842
convenia	4964841
adoptamos	4964840
jugueteando	4964839
cupo	4964838
unh	4964837
munoz	4964836
whiskys	4964835
barbacoas	4964834
asigna	4964833
lounge	4964832
eliminan	4964831
morenos	4964830
metele	4964829
endemoniado	4964828
panos	4964827
armin	4964826
chantal	4964825
tragas	4964824
podar	4964823
filosofico	4964822
uniria	4964821
dobladillo	4964820
moines	4964819
indian	4964818
willem	4964817
montaron	4964816
senale	4964815
dior	4964814
fawn	4964813
verity	4964812
adoradores	4964811
mcgrath	4964810
funebres	4964809
obliguen	4964808
saciar	4964807
wirt	4964806
veintiseis	4964805
hache	4964804
trotamundos	4964803
chirrido	4964802
mordere	4964801
curen	4964800
losa	4964799
estabilizador	4964798
matad	4964797
carritos	4964796
campanadas	4964795
interrogarlos	4964794
brincar	4964793
semper	4964792
prestamistas	4964791
voyage	4964790
tolstoi	4964789
legislatura	4964788
alvaro	4964787
laos	4964786
votaria	4964785
ahgassi	4964784
venirme	4964783
doherty	4964782
seals	4964781
temere	4964780
deshaganse	4964779
stace	4964778
provenir	4964777
cancelados	4964776
mostrartelo	4964775
progresiva	4964774
crores	4964773
costal	4964772
hiriente	4964771
crian	4964770
transparentes	4964769
regalare	4964768
conyugales	4964767
ingerir	4964766
desdemona	4964765
genji	4964764
croissant	4964763
sheikh	4964762
robaban	4964761
blu	4964760
dominicana	4964759
cobalto	4964758
noria	4964757
picara	4964756
constructivo	4964755
retar	4964754
quintin	4964753
forget	4964752
sostenida	4964751
aferras	4964750
reconocere	4964749
setecientos	4964748
sonambula	4964747
sona	4964746
sobornarme	4964745
chupete	4964744
pintare	4964743
hindenburg	4964742
rasgado	4964741
subito	4964740
operarse	4964739
agradecio	4964738
terron	4964737
lombard	4964736
cr	4964735
hanukkah	4964734
agradecele	4964733
laven	4964732
haas	4964731
pagarlas	4964730
bambalinas	4964729
bering	4964728
grundy	4964727
abbi	4964726
pacificador	4964725
scarran	4964724
forzadas	4964723
cargues	4964722
paguemos	4964721
diwali	4964720
deposita	4964719
dormidas	4964718
visiten	4964717
pretension	4964716
tiremos	4964715
motivada	4964714
obstruir	4964713
bettina	4964712
harbour	4964711
honduras	4964710
disenaron	4964709
mentirias	4964708
curie	4964707
galveston	4964706
mix	4964705
dukat	4964704
eyaculacion	4964703
impedirme	4964702
cami	4964701
tirandose	4964700
impersonal	4964699
deprimidos	4964698
derechazo	4964697
leone	4964696
lastimados	4964695
agendas	4964694
soltarse	4964693
target	4964692
canamo	4964691
voraz	4964690
dario	4964689
apresure	4964688
mcgarry	4964687
esteriles	4964686
match	4964685
ang	4964684
tebas	4964683
insoportables	4964682
alimentada	4964681
deteriorado	4964680
reemplazos	4964679
geographic	4964678
pintaron	4964677
tostador	4964676
reiras	4964675
trabo	4964674
yellow	4964673
victoriosos	4964672
draco	4964671
traslada	4964670
reportarse	4964669
atamos	4964668
bendijo	4964667
frotando	4964666
sajones	4964665
subidas	4964664
dilaurentis	4964663
trastero	4964662
upton	4964661
subaru	4964660
desenmascarar	4964659
culpepper	4964658
saltaria	4964657
written	4964656
casitas	4964655
cambiarlas	4964654
barritas	4964653
transcurrido	4964652
mont	4964651
wallis	4964650
hang	4964649
midas	4964648
abrazaba	4964647
pregunteme	4964646
babuino	4964645
quedartela	4964644
suministra	4964643
compuse	4964642
reiste	4964641
anestesista	4964640
llaga	4964639
whitechapel	4964638
juniper	4964637
ghb	4964636
thomson	4964635
netflix	4964634
wil	4964633
contenian	4964632
aldrin	4964631
suze	4964630
permitis	4964629
nyu	4964628
maltratada	4964627
alby	4964626
koch	4964625
parecere	4964624
proust	4964623
cobrarle	4964622
sartenes	4964621
enfrio	4964620
gulliver	4964619
arya	4964618
biliar	4964617
permaneced	4964616
identificador	4964615
provocados	4964614
buro	4964613
mitica	4964612
lujosos	4964611
parpadeando	4964610
favela	4964609
younger	4964608
viviane	4964607
adieu	4964606
discuti	4964605
separes	4964604
asesinarla	4964603
tropico	4964602
caoba	4964601
asaltando	4964600
hakan	4964599
aceptemos	4964598
arrestaremos	4964597
sokka	4964596
comias	4964595
capturas	4964594
sonico	4964593
atacarlos	4964592
paella	4964591
tapiceria	4964590
etiquetar	4964589
programe	4964588
emocione	4964587
ascienden	4964586
misero	4964585
sierva	4964584
signore	4964583
jutsu	4964582
sota	4964581
maldades	4964580
grapadora	4964579
acp	4964578
ofendo	4964577
lion	4964576
propusiste	4964575
irrumpiendo	4964574
penalizacion	4964573
tish	4964572
irrumpe	4964571
parecerle	4964570
tacticos	4964569
exprese	4964568
ambiguo	4964567
redmond	4964566
desconcierta	4964565
esparcio	4964564
asistida	4964563
shaz	4964562
subcomite	4964561
dejasteis	4964560
tomandose	4964559
sputnik	4964558
draft	4964557
librerias	4964556
pudran	4964555
embaucador	4964554
arruinarle	4964553
abofeteo	4964552
compresor	4964551
ol	4964550
acompanaras	4964549
guess	4964548
sueltenla	4964547
cordoba	4964546
largamente	4964545
lleveis	4964544
rompelo	4964543
referimos	4964542
cilantro	4964541
programadas	4964540
vivirlo	4964539
valdez	4964538
alistado	4964537
publicamos	4964536
nombrada	4964535
desai	4964534
koji	4964533
cometere	4964532
renard	4964531
srt	4964530
delataste	4964529
repartiremos	4964528
gannicus	4964527
cazarrecompensas	4964526
dundee	4964525
anhelaba	4964524
phlox	4964523
aceptarian	4964522
regadera	4964521
shark	4964520
pueblerinos	4964519
periferia	4964518
nypd	4964517
motown	4964516
joderlo	4964515
oa	4964514
torrance	4964513
albanes	4964512
engendrar	4964511
contribuyo	4964510
sacadle	4964509
hierva	4964508
exhaustivo	4964507
deportados	4964506
apuestan	4964505
psiquiatricos	4964504
ascensos	4964503
quemaran	4964502
proxenetas	4964501
felicita	4964500
hobbies	4964499
dudan	4964498
ahogas	4964497
acostados	4964496
louisville	4964495
decapitacion	4964494
permitiras	4964493
merritt	4964492
manticore	4964491
sulfato	4964490
manifestarse	4964489
latham	4964488
elia	4964487
rickie	4964486
inflado	4964485
society	4964484
baudelaire	4964483
yeh	4964482
dividirlo	4964481
iniciara	4964480
comportarnos	4964479
contarla	4964478
forzarte	4964477
retrasara	4964476
condecoracion	4964475
deshonesta	4964474
cheol	4964473
born	4964472
tran	4964471
iniciativas	4964470
obtenerla	4964469
aprovechare	4964468
multimillonaria	4964467
acelerada	4964466
sunnydale	4964465
towers	4964464
investigues	4964463
apoyaria	4964462
precaria	4964461
fornido	4964460
breen	4964459
reire	4964458
gloton	4964457
comparas	4964456
combatido	4964455
donjuan	4964454
mencionara	4964453
crepes	4964452
gotera	4964451
azafran	4964450
sementales	4964449
desdicha	4964448
derrumbando	4964447
sirvas	4964446
remolques	4964445
acostaron	4964444
motivaciones	4964443
yao	4964442
vo	4964441
breeze	4964440
desprende	4964439
charity	4964438
mackay	4964437
originalidad	4964436
planilla	4964435
adelantarnos	4964434
howdy	4964433
midnight	4964432
oates	4964431
hercule	4964430
escabullirme	4964429
yens	4964428
identifican	4964427
acosada	4964426
olio	4964425
concedes	4964424
turquesa	4964423
obeso	4964422
ahogan	4964421
dibujaba	4964420
habichuelas	4964419
golpecito	4964418
pensativo	4964417
retorcidos	4964416
eses	4964415
salame	4964414
chavala	4964413
mos	4964412
ubicarlo	4964411
finaliza	4964410
ejecutaron	4964409
fallida	4964408
horrorizada	4964407
patearme	4964406
centenario	4964405
acercaria	4964404
reunas	4964403
dao	4964402
echemosle	4964401
terapista	4964400
esperandolos	4964399
provocaria	4964398
knew	4964397
liberaste	4964396
milicias	4964395
empanada	4964394
yosemite	4964393
leviatan	4964392
pierson	4964391
alameda	4964390
mirza	4964389
saltaremos	4964388
analizo	4964387
delacroix	4964386
mordred	4964385
elli	4964384
minutes	4964383
moralista	4964382
escribias	4964381
myspace	4964380
vengarnos	4964379
bebiera	4964378
bajenme	4964377
galt	4964376
berrinche	4964375
ahijada	4964374
cometiera	4964373
interroga	4964372
hurt	4964371
cualesquiera	4964370
cabernet	4964369
brasa	4964368
imaginativo	4964367
recuperaria	4964366
trasladan	4964365
sulfurico	4964364
thom	4964363
shower	4964362
muecas	4964361
motivados	4964360
detenlos	4964359
reverencias	4964358
oficios	4964357
ferozmente	4964356
parloteando	4964355
revisara	4964354
aullar	4964353
tecnologicos	4964352
radek	4964351
colgadas	4964350
expulsan	4964349
goddard	4964348
nige	4964347
filmarlo	4964346
artificialmente	4964345
diagonal	4964344
nog	4964343
remojo	4964342
burgundy	4964341
gustosamente	4964340
negociante	4964339
creadora	4964338
pijo	4964337
renombrado	4964336
caballitos	4964335
medioambiental	4964334
beauty	4964333
trigonometria	4964332
afilar	4964331
acusen	4964330
espn	4964329
trasladados	4964328
tinker	4964327
moveria	4964326
marsden	4964325
petrificado	4964324
armagedon	4964323
mais	4964322
expansiva	4964321
percibido	4964320
joachim	4964319
aparten	4964318
recortado	4964317
interrumpes	4964316
rabieta	4964315
kipling	4964314
pagana	4964313
espinilla	4964312
parisinos	4964311
saquemoslo	4964310
fanfarronear	4964309
salman	4964308
despertaria	4964307
reunamonos	4964306
elocuencia	4964305
abrirnos	4964304
butaca	4964303
vir	4964302
nenaza	4964301
descartamos	4964300
tembloroso	4964299
moritz	4964298
maldiga	4964297
rescatarlos	4964296
legitimidad	4964295
preocupaban	4964294
pet	4964293
ofrecimos	4964292
advertimos	4964291
urinario	4964290
cale	4964289
designada	4964288
recogerle	4964287
matadlo	4964286
conmemoracion	4964285
holgazanear	4964284
circulan	4964283
wiii	4964282
ones	4964281
rapunzel	4964280
impotentes	4964279
korn	4964278
leopardos	4964277
enloquecida	4964276
sanara	4964275
visualizacion	4964274
ocupaciones	4964273
meticulosamente	4964272
encoge	4964271
oramos	4964270
atacarte	4964269
dirigirte	4964268
deslizar	4964267
singham	4964266
enamorara	4964265
refresque	4964264
destruiras	4964263
rescaten	4964262
discrepancia	4964261
incordio	4964260
cabria	4964259
patriotica	4964258
sacudidas	4964257
colita	4964256
perfumado	4964255
ciclismo	4964254
resfriada	4964253
baldes	4964252
cipriano	4964251
anchorage	4964250
hair	4964249
malhumorada	4964248
colocadas	4964247
elspeth	4964246
subiras	4964245
lanzadores	4964244
juzgamos	4964243
hales	4964242
sensacionalista	4964241
darmela	4964240
pasean	4964239
paredon	4964238
hatcher	4964237
smalls	4964236
aaaah	4964235
estuvierais	4964234
comprobaciones	4964233
asocia	4964232
vendernos	4964231
afeita	4964230
formense	4964229
protegeme	4964228
chorreando	4964227
afectos	4964226
hokkaido	4964225
exuberante	4964224
tallos	4964223
acompanados	4964222
pichones	4964221
reclutador	4964220
queroseno	4964219
laborista	4964218
desi	4964217
buscandolos	4964216
semblante	4964215
tremendos	4964214
metastasis	4964213
bagel	4964212
contactaron	4964211
cotilla	4964210
sentirian	4964209
finlandes	4964208
bok	4964207
addams	4964206
perciben	4964205
yum	4964204
pda	4964203
reemplazada	4964202
alisha	4964201
elijamos	4964200
bangladesh	4964199
mckinney	4964198
jacinto	4964197
asha	4964196
elegidas	4964195
descargada	4964194
reiji	4964193
incursiones	4964192
amputar	4964191
silenciosas	4964190
nyborg	4964189
beberas	4964188
costarle	4964187
chiquero	4964186
aterricen	4964185
barone	4964184
luftwaffe	4964183
paseamos	4964182
titiritero	4964181
bruscos	4964180
tnt	4964179
muerdes	4964178
cobrarte	4964177
expiro	4964176
culinaria	4964175
astilleros	4964174
interfieren	4964173
transmitida	4964172
disgustos	4964171
provocativa	4964170
pullman	4964169
tabitha	4964168
tripulaciones	4964167
bombardean	4964166
disparatado	4964165
eleonora	4964164
kimi	4964163
palme	4964162
portsmouth	4964161
enviala	4964160
mortadela	4964159
subirnos	4964158
chubby	4964157
whitehead	4964156
dimensional	4964155
examinarte	4964154
ls	4964153
cincos	4964152
evitemos	4964151
debieran	4964150
tragaperras	4964149
racionalmente	4964148
ilumino	4964147
festiva	4964146
carinosamente	4964145
anule	4964144
reston	4964143
deshacerlo	4964142
amazona	4964141
publicados	4964140
comprometidas	4964139
chapado	4964138
muerdan	4964137
ilya	4964136
filisteos	4964135
tiemblas	4964134
luau	4964133
sumisa	4964132
despistar	4964131
agotadora	4964130
enfrentalo	4964129
afiches	4964128
abruptamente	4964127
oian	4964126
dorset	4964125
motorista	4964124
font	4964123
epps	4964122
permanecere	4964121
coordinado	4964120
obstetra	4964119
sharif	4964118
apatia	4964117
piro	4964116
rigidos	4964115
soplaba	4964114
calum	4964113
williamsburg	4964112
clama	4964111
hispanos	4964110
antojos	4964109
colorear	4964108
zarpamos	4964107
clemens	4964106
ventilar	4964105
token	4964104
valian	4964103
follo	4964102
fai	4964101
llegabamos	4964100
corrias	4964099
abusan	4964098
zumba	4964097
erosion	4964096
levantarle	4964095
grac	4964094
germen	4964093
culminacion	4964092
escuchandote	4964091
pilot	4964090
escuchada	4964089
viviriamos	4964088
gabbar	4964087
nose	4964086
junction	4964085
fluffy	4964084
arlen	4964083
reinhold	4964082
winona	4964081
bartolome	4964080
tentempie	4964079
planchado	4964078
compraran	4964077
jc	4964076
reguladores	4964075
lyra	4964074
fisgoneando	4964073
bajale	4964072
ratero	4964071
janelle	4964070
nucleos	4964069
lenadores	4964068
hanoi	4964067
balancear	4964066
hidraulico	4964065
minsk	4964064
acostumbran	4964063
amore	4964062
hartado	4964061
jase	4964060
plantaron	4964059
centurion	4964058
envueltas	4964057
provocador	4964056
mella	4964055
erwin	4964054
gral	4964053
cesa	4964052
leonora	4964051
boise	4964050
imitadores	4964049
uri	4964048
bebito	4964047
starscream	4964046
horaria	4964045
guiarme	4964044
anyway	4964043
tumbos	4964042
porfa	4964041
pospuesto	4964040
petersen	4964039
banzai	4964038
aligerar	4964037
corazonadas	4964036
complican	4964035
posavasos	4964034
competentes	4964033
golpearlos	4964032
vespa	4964031
everglades	4964030
cubrirnos	4964029
schwarzenegger	4964028
cuadricula	4964027
consumida	4964026
drogaba	4964025
xiang	4964024
magno	4964023
syracuse	4964022
turbina	4964021
toshio	4964020
devolvermelo	4964019
enganarlos	4964018
blusas	4964017
atacaban	4964016
clarisse	4964015
decirlas	4964014
koi	4964013
sonada	4964012
barones	4964011
deshecha	4964010
desgastado	4964009
ayako	4964008
reunian	4964007
bailara	4964006
penitenciario	4964005
paterno	4964004
totem	4964003
inutilmente	4964002
mathews	4964001
rockero	4964000
apurarme	4963999
ojeras	4963998
tripulado	4963997
televisiva	4963996
quemaria	4963995
fregado	4963994
finlay	4963993
colarme	4963992
bocanada	4963991
causes	4963990
cooter	4963989
retoques	4963988
nodo	4963987
desechado	4963986
conectarte	4963985
despidas	4963984
acudiste	4963983
intel	4963982
presidiario	4963981
tutoria	4963980
letrado	4963979
involucraste	4963978
aborta	4963977
persuadirlo	4963976
epileptico	4963975
obscenas	4963974
benz	4963973
noquear	4963972
boggs	4963971
fotografiando	4963970
benevolente	4963969
mariah	4963968
opones	4963967
largan	4963966
colocarla	4963965
dignas	4963964
recomiendas	4963963
indecisos	4963962
souza	4963961
cum	4963960
yancey	4963959
isotopos	4963958
anotalo	4963957
porciento	4963956
mortem	4963955
portico	4963954
nandu	4963953
rim	4963952
perforaciones	4963951
emanuel	4963950
colocarme	4963949
simpatiza	4963948
conciernen	4963947
gradua	4963946
despejados	4963945
mujerzuelas	4963944
forzaste	4963943
nutria	4963942
pil	4963941
kimchi	4963940
ronaldo	4963939
quedabas	4963938
deva	4963937
solucionamos	4963936
divorciarnos	4963935
desactiva	4963934
escaparemos	4963933
brenna	4963932
darrow	4963931
artisticos	4963930
lapd	4963929
hundo	4963928
muffy	4963927
ikea	4963926
quimicamente	4963925
ligereza	4963924
codificacion	4963923
empaquetado	4963922
wolfram	4963921
colocaste	4963920
antisemitismo	4963919
revisarla	4963918
niquel	4963917
manejable	4963916
myles	4963915
alimentarme	4963914
contingente	4963913
unificacion	4963912
prisioneras	4963911
colocarte	4963910
ocultarle	4963909
preventivo	4963908
sotana	4963907
flacas	4963906
mezcle	4963905
salzburgo	4963904
hundirme	4963903
fbl	4963902
muddy	4963901
pueblecito	4963900
regimientos	4963899
manifestar	4963898
cocinaste	4963897
clamidia	4963896
moved	4963895
surcos	4963894
isha	4963893
longevidad	4963892
cesen	4963891
partiria	4963890
orine	4963889
observandote	4963888
estafadora	4963887
vinas	4963886
travestis	4963885
avisan	4963884
comprometiste	4963883
vivieramos	4963882
estricnina	4963881
sumergida	4963880
pitidos	4963879
gennaro	4963878
garete	4963877
battlestar	4963876
telefonia	4963875
croata	4963874
rouen	4963873
destruyera	4963872
emborrachado	4963871
phi	4963870
comerselo	4963869
precipitadas	4963868
afinar	4963867
corredora	4963866
holi	4963865
sutilezas	4963864
medea	4963863
inflamado	4963862
cambialo	4963861
manejaremos	4963860
conners	4963859
costarte	4963858
eliminatorias	4963857
tejanos	4963856
demarco	4963855
pulpito	4963854
reconocerla	4963853
inestimable	4963852
pepita	4963851
miope	4963850
monopoly	4963849
divirtiendonos	4963848
especializacion	4963847
nacionalista	4963846
empacaste	4963845
chupapollas	4963844
encantas	4963843
confiabas	4963842
quinceanera	4963841
significativas	4963840
teorema	4963839
conjuntamente	4963838
falk	4963837
extendia	4963836
desanimes	4963835
erguida	4963834
puntualmente	4963833
bremer	4963832
murderface	4963831
sardina	4963830
registrarlo	4963829
abhay	4963828
ago	4963827
enfadaria	4963826
asignara	4963825
selecciona	4963824
integrar	4963823
farsantes	4963822
seaquest	4963821
saki	4963820
solicitaste	4963819
fight	4963818
tematico	4963817
pelmazo	4963816
trovador	4963815
entrenaba	4963814
dunlop	4963813
inherente	4963812
kath	4963811
usandolo	4963810
encenderla	4963809
plantamos	4963808
murmurar	4963807
perjuicio	4963806
expira	4963805
parnell	4963804
trazo	4963803
atrapame	4963802
elementales	4963801
contacten	4963800
shit	4963799
elba	4963798
contaminados	4963797
schumann	4963796
denomina	4963795
rechazaria	4963794
skills	4963793
hollister	4963792
pagares	4963791
corrector	4963790
durand	4963789
adivinaras	4963788
morados	4963787
confeti	4963786
vidriera	4963785
maquetas	4963784
burlen	4963783
mouch	4963782
herraduras	4963781
thrash	4963780
salvoconducto	4963779
empena	4963778
comprarias	4963777
robson	4963776
mackie	4963775
toldo	4963774
asienta	4963773
momma	4963772
distribuido	4963771
efectividad	4963770
delator	4963769
wehrmacht	4963768
lovely	4963767
multinacionales	4963766
inmerso	4963765
reposteria	4963764
gehrig	4963763
calabacita	4963762
lyn	4963761
tribuno	4963760
sensatos	4963759
tiendes	4963758
neutro	4963757
jacoby	4963756
prospecto	4963755
consentida	4963754
renzo	4963753
galo	4963752
superados	4963751
organizaste	4963750
wifi	4963749
lloraban	4963748
asbesto	4963747
baules	4963746
encontremonos	4963745
seton	4963744
desventajas	4963743
probaba	4963742
coast	4963741
destrozan	4963740
guadalcanal	4963739
toussaint	4963738
pronosticos	4963737
navegado	4963736
rating	4963735
refugiarse	4963734
inscribirse	4963733
indiferentes	4963732
televisivo	4963731
evitarle	4963730
paraban	4963729
belvedere	4963728
evitarla	4963727
reardon	4963726
inflar	4963725
envolverlo	4963724
iluminados	4963723
permitirian	4963722
robusta	4963721
achmed	4963720
disfrutarla	4963719
antartica	4963718
estirados	4963717
mcfarland	4963716
pinches	4963715
investigaron	4963714
mercier	4963713
cordell	4963712
adrienne	4963711
lividez	4963710
quitele	4963709
conocedor	4963708
adinerada	4963707
fianzas	4963706
polaridad	4963705
sorprenderla	4963704
juntemos	4963703
arrastres	4963702
empaco	4963701
admitimos	4963700
dim	4963699
dejandonos	4963698
takayama	4963697
incoherente	4963696
delate	4963695
aptos	4963694
fema	4963693
ignorada	4963692
rescataron	4963691
humillaciones	4963690
sinteticos	4963689
gunner	4963688
osbourne	4963687
dingo	4963686
semantica	4963685
triunfador	4963684
inuyasha	4963683
joplin	4963682
pontiac	4963681
unit	4963680
fogg	4963679
presentarla	4963678
fastidias	4963677
morehouse	4963676
amelie	4963675
sostenible	4963674
rosina	4963673
faa	4963672
tomarselo	4963671
trasladada	4963670
evolutivo	4963669
ejecutan	4963668
stifler	4963667
inspirados	4963666
domador	4963665
envases	4963664
pececitos	4963663
consuma	4963662
euforico	4963661
colombiana	4963660
investiguemos	4963659
libertino	4963658
recopilando	4963657
centremonos	4963656
mentirles	4963655
shizuku	4963654
gamba	4963653
extrayendo	4963652
dynamite	4963651
yahora	4963650
pupilo	4963649
restan	4963648
bufe	4963647
fordham	4963646
bazofia	4963645
recolectores	4963644
desquiciada	4963643
cagamos	4963642
hachi	4963641
leticia	4963640
proposiciones	4963639
cruzarlo	4963638
fanfarroneando	4963637
juda	4963636
screech	4963635
egocentrica	4963634
pegadizo	4963633
rescatarnos	4963632
bloc	4963631
separatista	4963630
tormentos	4963629
chesapeake	4963628
gwendolyn	4963627
ebenezer	4963626
adelantada	4963625
fracciones	4963624
pruitt	4963623
deudores	4963622
tetanos	4963621
scarface	4963620
venenosos	4963619
alia	4963618
rawlings	4963617
exploten	4963616
florian	4963615
ou	4963614
enes	4963613
trying	4963612
perdonaran	4963611
incrementando	4963610
prendieron	4963609
cremoso	4963608
persuasiva	4963607
empujalo	4963606
nagus	4963605
dogma	4963604
gon	4963603
chupada	4963602
arlette	4963601
anotarlo	4963600
perversas	4963599
clash	4963598
sacrificaron	4963597
acelerante	4963596
descabellada	4963595
vivero	4963594
infames	4963593
llorones	4963592
rellene	4963591
claustrofobico	4963590
organizarnos	4963589
lamina	4963588
harcourt	4963587
cubs	4963586
meneo	4963585
kol	4963584
forzarla	4963583
pitbull	4963582
indefensas	4963581
plasticas	4963580
bebedores	4963579
lanzaremos	4963578
balfour	4963577
yuanes	4963576
maniquies	4963575
metiendome	4963574
peculiares	4963573
flotador	4963572
rubor	4963571
transcurre	4963570
tommaso	4963569
estasis	4963568
platonico	4963567
satira	4963566
soltara	4963565
exageremos	4963564
arcade	4963563
intuitivo	4963562
cronograma	4963561
constitucionales	4963560
krypton	4963559
nanna	4963558
inez	4963557
dependencias	4963556
descerebrado	4963555
jarrett	4963554
blindada	4963553
amarrar	4963552
joselito	4963551
atasca	4963550
renunciamos	4963549
disteis	4963548
capote	4963547
aflige	4963546
angels	4963545
sufriria	4963544
telefonista	4963543
spitzer	4963542
retrasarlo	4963541
expiar	4963540
entregarlos	4963539
mcgraw	4963538
movie	4963537
schaeffer	4963536
ignorarla	4963535
deshechos	4963534
pootie	4963533
acosadores	4963532
permaneces	4963531
calentita	4963530
helo	4963529
calculamos	4963528
enfrentemos	4963527
danaria	4963526
costosas	4963525
jayne	4963524
flag	4963523
parroquial	4963522
sack	4963521
gunter	4963520
absorbiendo	4963519
checar	4963518
persuadido	4963517
subirle	4963516
catastrofica	4963515
cargamentos	4963514
polanski	4963513
menudos	4963512
inquietudes	4963511
rumanos	4963510
mehmet	4963509
entendiamos	4963508
peleadores	4963507
saltarte	4963506
estacionados	4963505
riendote	4963504
prepotente	4963503
moteros	4963502
evitarse	4963501
nicho	4963500
mordaz	4963499
beretta	4963498
vanidosa	4963497
provocativo	4963496
demore	4963495
deducido	4963494
navarra	4963493
tami	4963492
castiguen	4963491
sie	4963490
acuerdese	4963489
acuaticos	4963488
chillon	4963487
subte	4963486
venceras	4963485
telecomunicaciones	4963484
oponga	4963483
cantaron	4963482
destrozare	4963481
sacarmelo	4963480
ogros	4963479
hoke	4963478
intimidarme	4963477
guiame	4963476
risita	4963475
economista	4963474
waco	4963473
rosalind	4963472
sofas	4963471
raiders	4963470
probador	4963469
amaneciendo	4963468
destrozaria	4963467
desorientada	4963466
shinichi	4963465
mohawk	4963464
sangrante	4963463
gastaba	4963462
week	4963461
pelirrojos	4963460
cincel	4963459
presentadas	4963458
redil	4963457
wolsey	4963456
mandamas	4963455
mathers	4963454
machu	4963453
hull	4963452
fiarse	4963451
pudierais	4963450
dividiendo	4963449
estudien	4963448
desconfia	4963447
liderado	4963446
trager	4963445
loeb	4963444
cascanueces	4963443
induccion	4963442
seducirla	4963441
driver	4963440
empujaba	4963439
decepcionara	4963438
bromistas	4963437
winnipeg	4963436
llevandome	4963435
mixto	4963434
debacle	4963433
desalentador	4963432
recuerdelo	4963431
territoriales	4963430
eren	4963429
disculpando	4963428
partiran	4963427
dila	4963426
desperdiciarlo	4963425
retrocedamos	4963424
chevere	4963423
maese	4963422
quebre	4963421
disfrutaron	4963420
abolir	4963419
observarlo	4963418
minerva	4963417
mezclamos	4963416
antiterrorista	4963415
ajetreo	4963414
explora	4963413
secuaz	4963412
cuestionas	4963411
suplicio	4963410
baskerville	4963409
unisono	4963408
envenenaste	4963407
traspasado	4963406
wash	4963405
garrapatas	4963404
solis	4963403
mohammad	4963402
yago	4963401
inoxidable	4963400
captan	4963399
unios	4963398
ashok	4963397
revolcon	4963396
blanqueador	4963395
rojizo	4963394
invertimos	4963393
desinteresada	4963392
chillido	4963391
flipar	4963390
vencimiento	4963389
comprarles	4963388
cercado	4963387
encendemos	4963386
lapsus	4963385
macklin	4963384
leonor	4963383
ignoraste	4963382
incorporacion	4963381
diligente	4963380
mischa	4963379
letterman	4963378
albaneses	4963377
forzarme	4963376
runkle	4963375
descendente	4963374
confiaron	4963373
apartheid	4963372
ordenanzas	4963371
bogota	4963370
meena	4963369
linchamiento	4963368
siguiendonos	4963367
privar	4963366
saboteando	4963365
desestimar	4963364
aeronaves	4963363
promocional	4963362
ario	4963361
cuestionables	4963360
representada	4963359
barrita	4963358
impresionas	4963357
jacko	4963356
fantasmal	4963355
invitaremos	4963354
lun	4963353
boicot	4963352
llamarada	4963351
refrescarte	4963350
pappy	4963349
caplan	4963348
galvin	4963347
acalorada	4963346
luv	4963345
gillis	4963344
genital	4963343
fertiles	4963342
olmos	4963341
intimidada	4963340
visceras	4963339
skeeter	4963338
sintiendote	4963337
otorgo	4963336
gafe	4963335
astaire	4963334
caminaron	4963333
concurrido	4963332
cally	4963331
xindi	4963330
rigurosa	4963329
grigori	4963328
ingeniera	4963327
samurais	4963326
explicaste	4963325
pot	4963324
recuperados	4963323
compliques	4963322
errada	4963321
anis	4963320
vigilarlos	4963319
humm	4963318
pareceran	4963317
traigala	4963316
pantorrillas	4963315
cocer	4963314
guian	4963313
fusilar	4963312
rancheros	4963311
kalle	4963310
bloquee	4963309
jedis	4963308
relojero	4963307
pollack	4963306
ruibarbo	4963305
sintonizar	4963304
corrige	4963303
ahm	4963302
maradona	4963301
deditos	4963300
pronuncio	4963299
kasim	4963298
narcisse	4963297
ocultes	4963296
sospechando	4963295
maiden	4963294
llevaselo	4963293
ofensivas	4963292
decaido	4963291
intachable	4963290
descontentos	4963289
verificare	4963288
rimbaud	4963287
deshagase	4963286
avanzaba	4963285
osvaldo	4963284
urano	4963283
distraerlo	4963282
fiddler	4963281
emborrachas	4963280
sanacion	4963279
tienta	4963278
melies	4963277
traicionados	4963276
criminalistico	4963275
desprendimiento	4963274
representara	4963273
agregue	4963272
responderan	4963271
voluntarias	4963270
regordete	4963269
obrar	4963268
malin	4963267
balthazar	4963266
gallardo	4963265
asustarle	4963264
bollywood	4963263
juilliard	4963262
localizando	4963261
modificados	4963260
verma	4963259
mojon	4963258
yoichi	4963257
entregadas	4963256
saludarle	4963255
significados	4963254
hiroko	4963253
mandarina	4963252
empujad	4963251
espirales	4963250
fresh	4963249
imprevistos	4963248
lantern	4963247
fringe	4963246
modestamente	4963245
carnivoro	4963244
llanero	4963243
encajamos	4963242
lanzalo	4963241
eliminara	4963240
ratchet	4963239
mcphee	4963238
pretenciosa	4963237
traemela	4963236
nuremberg	4963235
respetando	4963234
entenderse	4963233
salpicadero	4963232
implicito	4963231
desilusionada	4963230
kanan	4963229
fierro	4963228
pretendi	4963227
barn	4963226
silverman	4963225
cosima	4963224
presionen	4963223
surrey	4963222
holocubierta	4963221
proporcionarle	4963220
troyano	4963219
presentaras	4963218
desestimado	4963217
vencere	4963216
diviertase	4963215
shine	4963214
trescientas	4963213
florecio	4963212
gastada	4963211
escapemos	4963210
instructores	4963209
heavens	4963208
wordy	4963207
microfilm	4963206
degas	4963205
nadamos	4963204
talking	4963203
echols	4963202
moqueta	4963201
rellenando	4963200
prestaciones	4963199
tentada	4963198
factory	4963197
reclutaron	4963196
austriaco	4963195
alejaron	4963194
ahorquen	4963193
claudine	4963192
juju	4963191
maniaca	4963190
instructivo	4963189
recostado	4963188
despediria	4963187
folle	4963186
nai	4963185
abrasador	4963184
women	4963183
feminidad	4963182
interceptamos	4963181
negada	4963180
resuelves	4963179
vestian	4963178
intocables	4963177
borraste	4963176
protegiera	4963175
intervenga	4963174
javert	4963173
desperdiciada	4963172
guinda	4963171
ecologia	4963170
cansaste	4963169
yeo	4963168
perturbadora	4963167
arrebatar	4963166
apresurada	4963165
chantajeado	4963164
morten	4963163
veracidad	4963162
pesimos	4963161
rusk	4963160
cerebritos	4963159
ficheros	4963158
memorando	4963157
poderio	4963156
pelicano	4963155
kepler	4963154
alfalfa	4963153
resbalar	4963152
vandalo	4963151
savino	4963150
inseminacion	4963149
fortuito	4963148
quebrantar	4963147
rosales	4963146
mystery	4963145
chestnut	4963144
capitol	4963143
uniformado	4963142
globalizacion	4963141
resortes	4963140
lavados	4963139
chismoso	4963138
prohiba	4963137
rodeaban	4963136
fotocopia	4963135
croquet	4963134
lucharia	4963133
exigia	4963132
laderas	4963131
trapeador	4963130
lafitte	4963129
marquen	4963128
proveen	4963127
lucrativa	4963126
sacudelo	4963125
vestigios	4963124
banarnos	4963123
dramaticas	4963122
motora	4963121
abandonarnos	4963120
cowley	4963119
naboo	4963118
estampa	4963117
abrelatas	4963116
reflexionado	4963115
antoje	4963114
lamentables	4963113
jemma	4963112
demostre	4963111
renido	4963110
pulpa	4963109
ideo	4963108
tenencia	4963107
conglomerado	4963106
tacho	4963105
calloway	4963104
mudate	4963103
frazada	4963102
parquimetro	4963101
tombstone	4963100
controvertido	4963099
quitatelos	4963098
forsythe	4963097
consolarte	4963096
devolvertelo	4963095
promiscua	4963094
advertidos	4963093
exigencia	4963092
trilogia	4963091
ibuprofeno	4963090
ebriedad	4963089
abatida	4963088
escupidor	4963087
chilla	4963086
composiciones	4963085
demande	4963084
yaciendo	4963083
saltones	4963082
giralo	4963081
jovi	4963080
predije	4963079
cagney	4963078
geeta	4963077
eleven	4963076
rastrearon	4963075
formidables	4963074
pang	4963073
honramos	4963072
arnett	4963071
flagg	4963070
pasais	4963069
importaciones	4963068
pensarmelo	4963067
norbert	4963066
pegandole	4963065
gogol	4963064
aferrado	4963063
cabreo	4963062
activara	4963061
predisposicion	4963060
presionada	4963059
intimar	4963058
intermedia	4963057
matasanos	4963056
cerrojos	4963055
tragicas	4963054
check	4963053
inevitables	4963052
ranch	4963051
insuperable	4963050
jurame	4963049
newt	4963048
ocultacion	4963047
rentado	4963046
mau	4963045
hervida	4963044
portuguesa	4963043
disfrutaras	4963042
yacer	4963041
educo	4963040
anfibio	4963039
explicaron	4963038
mir	4963037
hundida	4963036
uday	4963035
culparan	4963034
kanye	4963033
distraere	4963032
pideles	4963031
yoshi	4963030
dok	4963029
latour	4963028
criminalidad	4963027
decidieras	4963026
llenes	4963025
deserto	4963024
navegamos	4963023
conservare	4963022
pedernal	4963021
saqueando	4963020
distraigo	4963019
demencial	4963018
neutralizado	4963017
tranquilizarse	4963016
electra	4963015
sherif	4963014
genovese	4963013
alienta	4963012
aceveda	4963011
fragilidad	4963010
aval	4963009
filmaciones	4963008
vittoria	4963007
ferocidad	4963006
vigilandome	4963005
kenichi	4963004
pucheros	4963003
agitador	4963002
poso	4963001
convocatoria	4963000
devi	4962999
deduje	4962998
ducks	4962997
cambiarian	4962996
preocuparemos	4962995
combatirlo	4962994
desocupado	4962993
discutan	4962992
nak	4962991
rastrearlos	4962990
ginsberg	4962989
absorben	4962988
armamos	4962987
femme	4962986
toddy	4962985
lohan	4962984
weeks	4962983
desmayada	4962982
microscopico	4962981
champ	4962980
ilsa	4962979
festejando	4962978
mahler	4962977
barnabas	4962976
oscars	4962975
flying	4962974
cuidadores	4962973
trasfondo	4962972
rodillo	4962971
empujarla	4962970
reuniria	4962969
tintura	4962968
agradarle	4962967
curzon	4962966
poesias	4962965
portaste	4962964
reviente	4962963
whelan	4962962
pug	4962961
ysi	4962960
formara	4962959
comprenderan	4962958
rodantes	4962957
molestaban	4962956
ahogaba	4962955
golem	4962954
ocultismo	4962953
lidero	4962952
dejandola	4962951
monopatin	4962950
esperanos	4962949
pagarlos	4962948
monotonia	4962947
defenderemos	4962946
pordiosero	4962945
motivar	4962944
plebe	4962943
paley	4962942
llamarlas	4962941
caligula	4962940
dividendos	4962939
zephyr	4962938
aspirando	4962937
deselo	4962936
kilometraje	4962935
berenjenas	4962934
deshicieron	4962933
chivatazo	4962932
amanecio	4962931
inerte	4962930
wiedersehen	4962929
iluminan	4962928
jenner	4962927
demandarme	4962926
nobody	4962925
torcidos	4962924
recomendada	4962923
goin	4962922
explicito	4962921
azulejo	4962920
implacables	4962919
aruba	4962918
descompone	4962917
enteres	4962916
bellota	4962915
hechiceria	4962914
blandas	4962913
jures	4962912
aplastara	4962911
afectuosa	4962910
aplico	4962909
acreditacion	4962908
trompetista	4962907
rooster	4962906
soltaran	4962905
putin	4962904
boog	4962903
ferg	4962902
psycho	4962901
segmentos	4962900
botwin	4962899
oboe	4962898
doran	4962897
mycroft	4962896
interpondra	4962895
extremidad	4962894
compulsiva	4962893
tug	4962892
empleadores	4962891
curare	4962890
acusara	4962889
arrestaste	4962888
salinas	4962887
sordida	4962886
institutos	4962885
aslam	4962884
knoxville	4962883
galen	4962882
psicoticos	4962881
condor	4962880
doakes	4962879
boquita	4962878
entrenarte	4962877
bombardeada	4962876
marky	4962875
peugeot	4962874
creaba	4962873
ojete	4962872
incomprendido	4962871
ilimitados	4962870
sudada	4962869
abolladura	4962868
desenfrenado	4962867
perdonenos	4962866
dorcas	4962865
kiwi	4962864
asimismo	4962863
vivida	4962862
golpearan	4962861
puntiagudo	4962860
recogeran	4962859
emitida	4962858
llevaramos	4962857
danville	4962856
publicando	4962855
largaron	4962854
desenterrado	4962853
mclean	4962852
subestima	4962851
rompimiento	4962850
senderismo	4962849
metz	4962848
montados	4962847
modulos	4962846
ardo	4962845
minifalda	4962844
alojo	4962843
continues	4962842
custodiado	4962841
corrompe	4962840
comieras	4962839
ficticios	4962838
sentate	4962837
felicitarme	4962836
polemico	4962835
intercambian	4962834
acoge	4962833
sillones	4962832
infelizmente	4962831
tumbo	4962830
anadi	4962829
encerrarlos	4962828
thaddeus	4962827
rumsfeld	4962826
frecuentar	4962825
muestrenos	4962824
tabloides	4962823
cabreados	4962822
arrollado	4962821
estube	4962820
aterrados	4962819
atendida	4962818
parisino	4962817
apilar	4962816
variado	4962815
rastreen	4962814
anadire	4962813
langdon	4962812
aprenderia	4962811
leeria	4962810
asumamos	4962809
pederasta	4962808
tapioca	4962807
ruskin	4962806
burrell	4962805
cataclismo	4962804
partirte	4962803
sentencio	4962802
ashleigh	4962801
chevron	4962800
rainey	4962799
catolicas	4962798
acudieron	4962797
peyote	4962796
butterfly	4962795
asesinen	4962794
destrozara	4962793
stanhope	4962792
exnovio	4962791
septico	4962790
obstruyendo	4962789
contarnoslo	4962788
humilla	4962787
rencoroso	4962786
subjetivo	4962785
sheen	4962784
adoptados	4962783
wheels	4962782
tetsu	4962781
scorpius	4962780
acerqueis	4962779
shields	4962778
narciso	4962777
pertenencia	4962776
halagas	4962775
butterfield	4962774
cardassiana	4962773
oscurecera	4962772
disponibilidad	4962771
acomodado	4962770
metalicos	4962769
coso	4962768
crandall	4962767
ocultaron	4962766
went	4962765
peel	4962764
smithsonian	4962763
flotantes	4962762
suspenda	4962761
detonante	4962760
drogar	4962759
ramu	4962758
rechazarla	4962757
traducciones	4962756
tremendas	4962755
antilope	4962754
jubilarme	4962753
oidas	4962752
invalidos	4962751
dirigiremos	4962750
obtenia	4962749
despegamos	4962748
burra	4962747
apaciguar	4962746
significante	4962745
backgammon	4962744
gaseosas	4962743
anaranjado	4962742
quiche	4962741
imposicion	4962740
spidey	4962739
besandonos	4962738
proponemos	4962737
chae	4962736
frosty	4962735
tomela	4962734
calmemonos	4962733
encendera	4962732
punch	4962731
caminabamos	4962730
zurra	4962729
dimito	4962728
guan	4962727
bulldogs	4962726
rosados	4962725
pintoresca	4962724
ordenados	4962723
rogado	4962722
declarados	4962721
contabamos	4962720
abreviatura	4962719
roark	4962718
afirmaba	4962717
pelearan	4962716
vagan	4962715
festejos	4962714
semola	4962713
refrescarse	4962712
agnese	4962711
farola	4962710
vueles	4962709
centralita	4962708
asesinarte	4962707
dori	4962706
reaccionas	4962705
recordada	4962704
jirafas	4962703
lavandera	4962702
sucederle	4962701
stillman	4962700
transfieran	4962699
greenpeace	4962698
pantomima	4962697
sentemos	4962696
duchar	4962695
liberaran	4962694
bwana	4962693
recordabas	4962692
cumberland	4962691
encefalitis	4962690
pateaste	4962689
tablilla	4962688
desarmada	4962687
cortate	4962686
dentifrico	4962685
spiritus	4962684
tansy	4962683
trois	4962682
soportable	4962681
domesticado	4962680
estatuilla	4962679
geriatrico	4962678
acabariamos	4962677
estarte	4962676
tabique	4962675
malinterpreten	4962674
virar	4962673
ahorraremos	4962672
gentio	4962671
distraerse	4962670
librando	4962669
tuerce	4962668
sectas	4962667
atreviste	4962666
cavidades	4962665
paddington	4962664
anunciara	4962663
madurando	4962662
jabones	4962661
enfatizar	4962660
conversador	4962659
fronterizo	4962658
ville	4962657
pocahontas	4962656
escogere	4962655
guirnalda	4962654
evadiendo	4962653
vagas	4962652
refrigerante	4962651
cepo	4962650
depp	4962649
yuen	4962648
cenara	4962647
precisan	4962646
lavamos	4962645
disfrutenlo	4962644
reganar	4962643
contraproducente	4962642
entierre	4962641
chalmers	4962640
desenterro	4962639
amazon	4962638
ramificaciones	4962637
empeores	4962636
reservare	4962635
bumblebee	4962634
becket	4962633
venideros	4962632
manejes	4962631
wessex	4962630
mogollon	4962629
glendale	4962628
castanos	4962627
entretenerte	4962626
pestes	4962625
indoloro	4962624
marlboro	4962623
fracasan	4962622
detenerles	4962621
retiraos	4962620
confesara	4962619
carcasa	4962618
puntuaciones	4962617
queridisimo	4962616
nix	4962615
rendiste	4962614
jelly	4962613
sleepy	4962612
cabezazo	4962611
predecibles	4962610
prepucio	4962609
impreciso	4962608
atestado	4962607
confiad	4962606
degeneracion	4962605
polucion	4962604
serme	4962603
coccion	4962602
torcidas	4962601
rudeza	4962600
leno	4962599
rapada	4962598
incrimino	4962597
josue	4962596
emigrar	4962595
apuras	4962594
belice	4962593
impedirselo	4962592
recibirle	4962591
tullido	4962590
adelantarse	4962589
benevolo	4962588
catedra	4962587
bullicio	4962586
tribbiani	4962585
bixby	4962584
hospedaje	4962583
akron	4962582
deseados	4962581
operarla	4962580
scavo	4962579
adebisi	4962578
ampliado	4962577
diapositiva	4962576
espontaneidad	4962575
hyeon	4962574
forster	4962573
occipital	4962572
voodoo	4962571
pedirnos	4962570
ebullicion	4962569
elegirias	4962568
aprendamos	4962567
perno	4962566
circule	4962565
liberate	4962564
kal	4962563
riot	4962562
regula	4962561
retuvieron	4962560
pandas	4962559
hoppy	4962558
tirarlas	4962557
distraerlos	4962556
diagnosticada	4962555
harlow	4962554
demolido	4962553
transfiera	4962552
morfeo	4962551
cumplirla	4962550
alva	4962549
aceras	4962548
precipitadamente	4962547
efectivas	4962546
viet	4962545
helipuerto	4962544
involucrarnos	4962543
ban	4962542
gires	4962541
naces	4962540
habriais	4962539
relajo	4962538
indecisa	4962537
shel	4962536
sicarios	4962535
gyu	4962534
reuniera	4962533
atraerlo	4962532
temblorosa	4962531
membranas	4962530
escribano	4962529
behind	4962528
watt	4962527
bub	4962526
venza	4962525
tarantula	4962524
tiovivo	4962523
contestabas	4962522
goteras	4962521
entenderemos	4962520
desobedecio	4962519
dispensario	4962518
portuaria	4962517
derretida	4962516
intensifica	4962515
diya	4962514
devorador	4962513
caqui	4962512
tes	4962511
lido	4962510
frustraciones	4962509
celebraba	4962508
gargaras	4962507
rollie	4962506
coristas	4962505
disponen	4962504
resuelvelo	4962503
cordel	4962502
lares	4962501
llanamente	4962500
echabas	4962499
peldano	4962498
vastas	4962497
maki	4962496
kiyoko	4962495
emborrachaste	4962494
mayoritario	4962493
olivos	4962492
ativan	4962491
fluorescente	4962490
chillidos	4962489
andamio	4962488
timbres	4962487
atropellaste	4962486
ajuar	4962485
superada	4962484
piranas	4962483
pumas	4962482
critican	4962481
sheng	4962480
prominentes	4962479
fell	4962478
estancados	4962477
vigesimo	4962476
autorice	4962475
montoya	4962474
serviremos	4962473
pisada	4962472
selectivo	4962471
vanity	4962470
aprovechemos	4962469
hogarena	4962468
pagarse	4962467
juguetear	4962466
misisipi	4962465
exhibicionista	4962464
guardemos	4962463
belenko	4962462
despeguen	4962461
anclado	4962460
ankara	4962459
dijeses	4962458
pisapapeles	4962457
lidiamos	4962456
acostabas	4962455
merchant	4962454
desahogarse	4962453
vaginales	4962452
esponjoso	4962451
indefinido	4962450
ciccio	4962449
traiganlos	4962448
portes	4962447
grotesca	4962446
construira	4962445
orangutan	4962444
opere	4962443
presunta	4962442
reily	4962441
tendemos	4962440
radiactiva	4962439
sumerge	4962438
actuaria	4962437
sab	4962436
lastimarlos	4962435
examinare	4962434
ganadoras	4962433
paje	4962432
fuistes	4962431
pollita	4962430
ingresada	4962429
alerto	4962428
basaba	4962427
atraque	4962426
atrevidos	4962425
cosillas	4962424
acusamos	4962423
fuzzy	4962422
nishi	4962421
larguen	4962420
urbanas	4962419
decoloracion	4962418
cedera	4962417
fear	4962416
revisada	4962415
acechan	4962414
autoritario	4962413
culpara	4962412
repeler	4962411
exponga	4962410
hacedme	4962409
altruista	4962408
luger	4962407
danara	4962406
matematicamente	4962405
hereditaria	4962404
parejos	4962403
lluviosa	4962402
molesley	4962401
jalen	4962400
programadores	4962399
incorrectamente	4962398
astrologo	4962397
arrastrara	4962396
prontuario	4962395
satelitales	4962394
arcadas	4962393
devolvia	4962392
cubriria	4962391
describirla	4962390
farid	4962389
aplauden	4962388
zpm	4962387
ellsworth	4962386
litigio	4962385
afeito	4962384
ejes	4962383
transforme	4962382
zoidberg	4962381
gayatri	4962380
hombrecitos	4962379
facilisimo	4962378
tragicos	4962377
pontelos	4962376
audicionar	4962375
contestarte	4962374
romulano	4962373
creerla	4962372
bibi	4962371
soltaste	4962370
ferrea	4962369
picapiedra	4962368
desintegracion	4962367
drink	4962366
brain	4962365
previene	4962364
sudario	4962363
expiacion	4962362
rika	4962361
ortodoxos	4962360
hallam	4962359
ilegar	4962358
jemaine	4962357
astra	4962356
sedal	4962355
ensenaselo	4962354
etta	4962353
anu	4962352
alegraba	4962351
camus	4962350
dudaste	4962349
aferran	4962348
nita	4962347
estimaciones	4962346
estacionate	4962345
brillaban	4962344
dominantes	4962343
admiradoras	4962342
ayudandonos	4962341
nilsson	4962340
adornar	4962339
canos	4962338
kaya	4962337
agachaos	4962336
captores	4962335
gavilan	4962334
colorada	4962333
narco	4962332
limitate	4962331
ranking	4962330
erinn	4962329
hefner	4962328
abatidos	4962327
sinai	4962326
palidos	4962325
infanta	4962324
vorlon	4962323
grendel	4962322
folsom	4962321
comunal	4962320
cerraria	4962319
cayeran	4962318
involucras	4962317
traete	4962316
cancelando	4962315
infringir	4962314
invitala	4962313
sallie	4962312
herve	4962311
circulares	4962310
plegable	4962309
shaq	4962308
robandole	4962307
organizadora	4962306
jovial	4962305
comitiva	4962304
empujada	4962303
condecoraciones	4962302
llevandote	4962301
disena	4962300
dijon	4962299
maldice	4962298
crimea	4962297
parris	4962296
encajaria	4962295
saladino	4962294
estrategicos	4962293
conectas	4962292
mendiga	4962291
repare	4962290
escabullirte	4962289
kareem	4962288
alcanzarnos	4962287
colonizacion	4962286
fasers	4962285
aclararme	4962284
arrancas	4962283
adjetivo	4962282
firmaria	4962281
splinter	4962280
tui	4962279
echese	4962278
controlara	4962277
firmarme	4962276
radford	4962275
aditi	4962274
rescata	4962273
muerdeme	4962272
abandonaremos	4962271
estrellada	4962270
integrante	4962269
interrumpirlo	4962268
saratoga	4962267
stinson	4962266
aprietan	4962265
consultores	4962264
checco	4962263
reclusas	4962262
sobro	4962261
poblada	4962260
exonerado	4962259
confederado	4962258
zig	4962257
tormentoso	4962256
jacobson	4962255
ento	4962254
contradecir	4962253
ucraniano	4962252
ely	4962251
silicon	4962250
castilian	4962249
enterrarte	4962248
sade	4962247
malhechores	4962246
vanya	4962245
diabetica	4962244
mesilla	4962243
especulando	4962242
barbarie	4962241
ingresando	4962240
ambulantes	4962239
lattimer	4962238
pentagrama	4962237
soma	4962236
peinando	4962235
comisarios	4962234
decepcionaste	4962233
disparadas	4962232
mejoraron	4962231
abusadores	4962230
alissa	4962229
agrandar	4962228
afrontalo	4962227
agregamos	4962226
caducidad	4962225
year	4962224
tragarme	4962223
publiquen	4962222
bronceada	4962221
grim	4962220
magali	4962219
exponencialmente	4962218
fashion	4962217
norcoreanos	4962216
rotonda	4962215
lanzarla	4962214
reasignado	4962213
momentaneamente	4962212
rummy	4962211
colisiones	4962210
autorizadas	4962209
cochina	4962208
refuerza	4962207
dermot	4962206
promueve	4962205
jilly	4962204
brannigan	4962203
anado	4962202
aguero	4962201
bryn	4962200
reposa	4962199
ducto	4962198
artesanal	4962197
almidon	4962196
ponedle	4962195
insuficientes	4962194
actualizada	4962193
lennier	4962192
rowland	4962191
fiarte	4962190
sonrei	4962189
curarle	4962188
quia	4962187
caraculo	4962186
periquito	4962185
bochorno	4962184
cavaliere	4962183
dejemosle	4962182
calvicie	4962181
schuester	4962180
afectaba	4962179
masturbando	4962178
atisbo	4962177
tragan	4962176
constructiva	4962175
limitan	4962174
comportar	4962173
kenna	4962172
ln	4962171
senpai	4962170
demuestres	4962169
fallen	4962168
explicaras	4962167
acostumbramos	4962166
recopilar	4962165
holger	4962164
bambino	4962163
tiki	4962162
catapulta	4962161
yash	4962160
urraca	4962159
mordecai	4962158
sustituya	4962157
apaleado	4962156
albie	4962155
usc	4962154
metodico	4962153
retroceded	4962152
barracuda	4962151
cordialmente	4962150
lissa	4962149
change	4962148
abortado	4962147
animarla	4962146
santurron	4962145
utilizadas	4962144
aplaste	4962143
supondra	4962142
clavarle	4962141
kanji	4962140
describiste	4962139
nudistas	4962138
marcaron	4962137
cuidarle	4962136
chequeos	4962135
resolvieron	4962134
esfuerzan	4962133
ratings	4962132
digby	4962131
enigmas	4962130
comporten	4962129
deshielo	4962128
inyectaron	4962127
anhelos	4962126
beef	4962125
coronaria	4962124
colocalo	4962123
divirtiendote	4962122
veintitantos	4962121
casete	4962120
convenzo	4962119
thanks	4962118
naftalina	4962117
comprometernos	4962116
compares	4962115
capture	4962114
badger	4962113
animarlo	4962112
bichito	4962111
fotograma	4962110
entenderlos	4962109
mojito	4962108
sant	4962107
aprovecharon	4962106
sucumbir	4962105
verdugos	4962104
cantaria	4962103
sumado	4962102
rechazarme	4962101
ensenada	4962100
kleenex	4962099
sorprenderlos	4962098
obstinacion	4962097
merc	4962096
boyer	4962095
knightley	4962094
suresh	4962093
pertinentes	4962092
aterrizara	4962091
chavo	4962090
involucren	4962089
acosta	4962088
percatado	4962087
mimosa	4962086
joong	4962085
conejillos	4962084
tadashi	4962083
odiarla	4962082
detuvieran	4962081
maniacos	4962080
embarazados	4962079
dejadas	4962078
derribando	4962077
pava	4962076
velos	4962075
terrones	4962074
evasivo	4962073
estudiaron	4962072
arranques	4962071
deshagas	4962070
raspado	4962069
moririamos	4962068
facetas	4962067
disfrutaremos	4962066
mcclane	4962065
calista	4962064
sith	4962063
japp	4962062
videocamara	4962061
resplandece	4962060
grasoso	4962059
descubria	4962058
celador	4962057
evitaba	4962056
matutinas	4962055
antiaereo	4962054
arboleda	4962053
terminarse	4962052
inverosimil	4962051
adopte	4962050
ecologica	4962049
visceral	4962048
ariadne	4962047
corman	4962046
cambiaban	4962045
divinamente	4962044
polaroid	4962043
acosan	4962042
adelgazado	4962041
yann	4962040
georgette	4962039
embajadas	4962038
ontario	4962037
austriacos	4962036
arrebataron	4962035
kaoru	4962034
comentando	4962033
cosgrove	4962032
violette	4962031
duques	4962030
astros	4962029
universales	4962028
empezabamos	4962027
morbosa	4962026
inspiran	4962025
matisse	4962024
bijou	4962023
bochornoso	4962022
escaparan	4962021
aplazado	4962020
esforzarnos	4962019
costarme	4962018
net	4962017
books	4962016
llegueis	4962015
escalade	4962014
evapora	4962013
heredaste	4962012
senuelos	4962011
balzac	4962010
pisoteado	4962009
guardarse	4962008
carnales	4962007
acme	4962006
sienna	4962005
resbaloso	4962004
simons	4962003
nitroso	4962002
bufandas	4962001
lie	4962000
judge	4961999
instalados	4961998
gamble	4961997
viajaste	4961996
sicotico	4961995
acechar	4961994
mccallister	4961993
enojando	4961992
conforman	4961991
pereira	4961990
comprometes	4961989
encuentralos	4961988
rescatando	4961987
molida	4961986
sabrosas	4961985
jaffe	4961984
dancer	4961983
browne	4961982
esperada	4961981
ecologista	4961980
clapton	4961979
incorrectas	4961978
exhibe	4961977
astoria	4961976
describirias	4961975
furcia	4961974
atormentar	4961973
comerlas	4961972
pour	4961971
maloney	4961970
jammer	4961969
anja	4961968
llamandola	4961967
reuniras	4961966
traduzca	4961965
recojamos	4961964
multiplican	4961963
tocados	4961962
waverly	4961961
alojarse	4961960
condominios	4961959
inclinan	4961958
servirla	4961957
elitista	4961956
extranando	4961955
arruinadas	4961954
cates	4961953
irrazonable	4961952
zumos	4961951
derribados	4961950
lograrias	4961949
bladegun	4961948
familiaridad	4961947
impala	4961946
propensos	4961945
volaras	4961944
camerinos	4961943
diabolicos	4961942
malignas	4961941
latinio	4961940
huston	4961939
reconociera	4961938
abusada	4961937
gasolineras	4961936
exquisitos	4961935
geishas	4961934
arrancarlo	4961933
estatico	4961932
circunferencia	4961931
pegate	4961930
cirrosis	4961929
hermosamente	4961928
insensibles	4961927
excluida	4961926
columnista	4961925
metodologia	4961924
realizaba	4961923
castigaron	4961922
minuciosa	4961921
reine	4961920
respetuosos	4961919
velcro	4961918
elegiran	4961917
redford	4961916
ubicados	4961915
cavamos	4961914
engendra	4961913
provechoso	4961912
herzog	4961911
parisina	4961910
avisanos	4961909
secundo	4961908
posguerra	4961907
sospechosamente	4961906
lose	4961905
considerarme	4961904
bistecs	4961903
mott	4961902
influyo	4961901
paseas	4961900
aromas	4961899
recostarte	4961898
cooke	4961897
ulds	4961896
yeguas	4961895
colgarse	4961894
alertado	4961893
nogal	4961892
thriller	4961891
bills	4961890
planificador	4961889
tartaro	4961888
comportandose	4961887
brackett	4961886
expresarte	4961885
regresalo	4961884
hendidura	4961883
duvall	4961882
kelton	4961881
discutes	4961880
henning	4961879
chequeado	4961878
retirarlo	4961877
desahogarme	4961876
bracken	4961875
sujetame	4961874
mammy	4961873
compartas	4961872
dobby	4961871
alzo	4961870
tomy	4961869
sabiondo	4961868
picor	4961867
ahogandose	4961866
asociadas	4961865
eiji	4961864
lar	4961863
viables	4961862
bernini	4961861
happened	4961860
fairview	4961859
prendi	4961858
funde	4961857
salvalo	4961856
invulnerable	4961855
ilustrar	4961854
obtenida	4961853
neutrinos	4961852
alborotador	4961851
interfieran	4961850
representados	4961849
mirones	4961848
estropean	4961847
capeside	4961846
aclarando	4961845
peanut	4961844
manias	4961843
jueguitos	4961842
metropolitano	4961841
desfilando	4961840
aburrirte	4961839
aceptarte	4961838
layton	4961837
lonchera	4961836
omitir	4961835
zarpado	4961834
agregas	4961833
aposta	4961832
facto	4961831
brocha	4961830
laguerta	4961829
oleoducto	4961828
lisiada	4961827
nein	4961826
teeger	4961825
seducirte	4961824
accidentado	4961823
despidiera	4961822
subversivo	4961821
imprimiendo	4961820
revisados	4961819
lasalle	4961818
ayanami	4961817
abusaron	4961816
dejases	4961815
palin	4961814
quero	4961813
toulon	4961812
atrapenla	4961811
aullidos	4961810
ingram	4961809
embarco	4961808
atreveis	4961807
rocoso	4961806
introduciendo	4961805
innovadora	4961804
contaminantes	4961803
lakhan	4961802
alejaria	4961801
bonanza	4961800
alzado	4961799
dietetica	4961798
ofrecerse	4961797
egon	4961796
mahatma	4961795
comprenderme	4961794
romanticamente	4961793
cobraba	4961792
siracusa	4961791
demandarlos	4961790
carromato	4961789
bunch	4961788
nts	4961787
cultivan	4961786
maderos	4961785
barnard	4961784
abandonarlos	4961783
decepcionarlo	4961782
almorzado	4961781
aborrezco	4961780
koala	4961779
palmaditas	4961778
adela	4961777
asumira	4961776
almacenados	4961775
lyme	4961774
abandonaras	4961773
dilbert	4961772
mookie	4961771
revere	4961770
banas	4961769
hurras	4961768
cheyne	4961767
dartmouth	4961766
mestizos	4961765
escaneado	4961764
encenderse	4961763
action	4961762
tacana	4961761
permanezcas	4961760
vira	4961759
apelo	4961758
waffle	4961757
susceptibles	4961756
gritabas	4961755
mirilla	4961754
verbales	4961753
matandose	4961752
teja	4961751
knows	4961750
alicates	4961749
lascivo	4961748
cenaste	4961747
quemarlos	4961746
lf	4961745
amarra	4961744
excite	4961743
collie	4961742
grossman	4961741
lafferty	4961740
desobediente	4961739
ahem	4961738
prestarnos	4961737
consigame	4961736
piercings	4961735
evitandome	4961734
pergaminos	4961733
marston	4961732
decidia	4961731
stoner	4961730
pesticida	4961729
obsesiono	4961728
farkle	4961727
majestic	4961726
consolidated	4961725
obedecerme	4961724
agacharse	4961723
demuestrame	4961722
tauro	4961721
repostar	4961720
chocolatina	4961719
salmones	4961718
borrara	4961717
categoricamente	4961716
treadwell	4961715
sacadas	4961714
wonderful	4961713
entrevistarme	4961712
imprudentes	4961711
crudas	4961710
agudeza	4961709
ishaan	4961708
lill	4961707
incline	4961706
enfocando	4961705
evitaremos	4961704
lr	4961703
extranaras	4961702
tatuada	4961701
hoss	4961700
reparten	4961699
apaguelo	4961698
mcginnis	4961697
dreyer	4961696
vala	4961695
haciendoles	4961694
grasienta	4961693
faroles	4961692
mccloud	4961691
denunciaron	4961690
insano	4961689
puritana	4961688
recitando	4961687
aline	4961686
poor	4961685
saboteo	4961684
planificando	4961683
carpe	4961682
lia	4961681
sorpresita	4961680
denunciarte	4961679
moment	4961678
lazarus	4961677
organizaremos	4961676
cong	4961675
sonrisita	4961674
ladran	4961673
conciso	4961672
desembarcado	4961671
mallorca	4961670
tosa	4961669
relucientes	4961668
molloy	4961667
aguantalo	4961666
iel	4961665
effy	4961664
mezquinos	4961663
estrellamos	4961662
acusaste	4961661
clonar	4961660
temperance	4961659
bassett	4961658
meticulosa	4961657
cachetada	4961656
pernos	4961655
profanar	4961654
palpita	4961653
wales	4961652
diddy	4961651
jhon	4961650
alojada	4961649
estrena	4961648
escuchanos	4961647
prematrimonial	4961646
aprueben	4961645
falsificados	4961644
usarian	4961643
clerigos	4961642
enviarlas	4961641
traicionarte	4961640
errantes	4961639
fenwick	4961638
criminalista	4961637
sacrificarte	4961636
siu	4961635
flotaba	4961634
liddy	4961633
follamos	4961632
spinning	4961631
uncle	4961630
nerys	4961629
chungo	4961628
renunciara	4961627
surgira	4961626
recogidos	4961625
xii	4961624
mentias	4961623
oprimido	4961622
cilla	4961621
pedis	4961620
suri	4961619
declarare	4961618
renfield	4961617
aten	4961616
enojaria	4961615
apostaba	4961614
vai	4961613
marital	4961612
odile	4961611
pantorrilla	4961610
presidio	4961609
estupefacientes	4961608
camuflado	4961607
entrometas	4961606
zeze	4961605
pornografica	4961604
iado	4961603
lore	4961602
libertinaje	4961601
tulipan	4961600
teneros	4961599
cubriste	4961598
rasmus	4961597
compartidos	4961596
delineador	4961595
chaka	4961594
duchado	4961593
revisarte	4961592
declararme	4961591
peri	4961590
desconcertada	4961589
agregarle	4961588
feet	4961587
encarecidamente	4961586
oona	4961585
jugueteria	4961584
carnivoros	4961583
conforma	4961582
yellowstone	4961581
nano	4961580
boat	4961579
inadvertido	4961578
goce	4961577
entregarles	4961576
eton	4961575
manso	4961574
norwood	4961573
coincidio	4961572
larrabee	4961571
confundiste	4961570
celtics	4961569
pestilencia	4961568
puerca	4961567
polluelo	4961566
influido	4961565
exnovia	4961564
creighton	4961563
goliath	4961562
cleve	4961561
gohan	4961560
swami	4961559
aguantamos	4961558
maitre	4961557
toxicidad	4961556
ilustres	4961555
sobornando	4961554
siguenos	4961553
verifico	4961552
cantabamos	4961551
recomenzar	4961550
finalizada	4961549
hollander	4961548
financio	4961547
encarcelada	4961546
orto	4961545
ramone	4961544
alcahuete	4961543
eliminen	4961542
conspirador	4961541
holman	4961540
generosas	4961539
venderselo	4961538
bifurcacion	4961537
rehabilitado	4961536
henrickson	4961535
oloroso	4961534
bronquitis	4961533
brillen	4961532
tratadas	4961531
kamehouse	4961530
carruthers	4961529
duren	4961528
cretina	4961527
regalamos	4961526
speer	4961525
puntiaguda	4961524
oregano	4961523
compadres	4961522
dogg	4961521
riddick	4961520
mentores	4961519
fugaces	4961518
mostraras	4961517
amarse	4961516
ofenderla	4961515
interrumpirme	4961514
pernell	4961513
patrik	4961512
articular	4961511
permanezcamos	4961510
espectrometro	4961509
denham	4961508
terquedad	4961507
hemoglobina	4961506
wasn	4961505
llamariamos	4961504
entretengo	4961503
delira	4961502
enojadas	4961501
ressler	4961500
tomandote	4961499
harm	4961498
inmoralidad	4961497
surfeando	4961496
estropeas	4961495
convenido	4961494
gal	4961493
cato	4961492
inspeccionando	4961491
babi	4961490
quinina	4961489
escribele	4961488
tanger	4961487
button	4961486
leopoldo	4961485
allegra	4961484
armen	4961483
burlaron	4961482
emergio	4961481
lz	4961480
schillinger	4961479
defiendan	4961478
mcclure	4961477
experimentada	4961476
reumatismo	4961475
novatadas	4961474
freidora	4961473
maximiliano	4961472
taser	4961471
fender	4961470
tragaste	4961469
involuntariamente	4961468
sostenerme	4961467
renko	4961466
llenarla	4961465
molinero	4961464
mission	4961463
distraernos	4961462
amberes	4961461
debutante	4961460
coreografo	4961459
roses	4961458
fiebres	4961457
farber	4961456
mayorcito	4961455
espiaba	4961454
dis	4961453
vigilandote	4961452
incluirme	4961451
thi	4961450
andadas	4961449
candidatas	4961448
solvente	4961447
atravesaba	4961446
graff	4961445
arriesgaremos	4961444
grabas	4961443
cotillon	4961442
colector	4961441
benefician	4961440
aram	4961439
condujera	4961438
encierras	4961437
pelearte	4961436
convergencia	4961435
bogg	4961434
confesaste	4961433
cecina	4961432
ytu	4961431
kazuo	4961430
producirse	4961429
demostrartelo	4961428
aconsejarte	4961427
rajesh	4961426
muriendome	4961425
calzas	4961424
maisie	4961423
calzada	4961422
argenteam	4961421
acabarian	4961420
canchas	4961419
minar	4961418
desearles	4961417
stagg	4961416
borradores	4961415
indecencia	4961414
laure	4961413
destroce	4961412
ultron	4961411
norrie	4961410
abate	4961409
caudillo	4961408
vacilacion	4961407
freebo	4961406
versatil	4961405
portarme	4961404
neurologica	4961403
borrosas	4961402
adelantos	4961401
saturado	4961400
inclinaciones	4961399
coltrane	4961398
disimula	4961397
batiendo	4961396
subela	4961395
transformara	4961394
alimenticios	4961393
vomites	4961392
fechorias	4961391
pasarlos	4961390
moradas	4961389
animalito	4961388
desigualdad	4961387
examinaron	4961386
calentarte	4961385
siguele	4961384
langford	4961383
ronson	4961382
maestre	4961381
llevariamos	4961380
yusef	4961379
ivana	4961378
tapo	4961377
rematar	4961376
matenme	4961375
suicidaron	4961374
cantame	4961373
termal	4961372
tanzania	4961371
alinear	4961370
galimatias	4961369
pateen	4961368
incubacion	4961367
librare	4961366
afraid	4961365
virgilio	4961364
alberta	4961363
leonie	4961362
jordy	4961361
bufones	4961360
discutia	4961359
ahorrarnos	4961358
gruas	4961357
crab	4961356
traqueotomia	4961355
antony	4961354
divulgacion	4961353
envidioso	4961352
deli	4961351
contactarse	4961350
jugarreta	4961349
sacrifique	4961348
inventados	4961347
tocad	4961346
admitieron	4961345
atravesara	4961344
alimentarnos	4961343
obligame	4961342
razona	4961341
laredo	4961340
borrare	4961339
disfrutaran	4961338
mongo	4961337
nikos	4961336
descienda	4961335
alvarado	4961334
yendome	4961333
entendias	4961332
oponia	4961331
scorsese	4961330
fame	4961329
redujeron	4961328
protegiste	4961327
contrariamente	4961326
shaka	4961325
split	4961324
construirla	4961323
expulsaran	4961322
tora	4961321
mathilda	4961320
deshacen	4961319
mordiste	4961318
mentirnos	4961317
rumplestiltskin	4961316
figurate	4961315
ras	4961314
implicando	4961313
cocinamos	4961312
escondrijo	4961311
thule	4961310
revolucionarias	4961309
coleccionaba	4961308
comisarias	4961307
quirurgicos	4961306
reading	4961305
weather	4961304
pig	4961303
ensuciarte	4961302
cavo	4961301
renovada	4961300
strand	4961299
tribulacion	4961298
gwyneth	4961297
angustias	4961296
atiendas	4961295
sobrevalorada	4961294
tomoko	4961293
profesionalismo	4961292
convenciera	4961291
zorrillo	4961290
deficiencias	4961289
chevalier	4961288
sacrificada	4961287
anotador	4961286
chanchullos	4961285
kendal	4961284
eleve	4961283
manifestado	4961282
destruirse	4961281
romulana	4961280
zuecos	4961279
macon	4961278
ligaduras	4961277
rianse	4961276
codiciado	4961275
mutual	4961274
zanjas	4961273
nauseabundo	4961272
arrastrandome	4961271
abrazarnos	4961270
felinos	4961269
fusilados	4961268
arrepenti	4961267
rajan	4961266
alcanzaria	4961265
minos	4961264
encabeza	4961263
venerado	4961262
sussex	4961261
cometera	4961260
contemporaneos	4961259
apuntandome	4961258
conjuros	4961257
enfriarse	4961256
saludarlos	4961255
abrazados	4961254
pegajosas	4961253
forsyte	4961252
operarte	4961251
colocate	4961250
lag	4961249
ofenderme	4961248
ceniceros	4961247
zigzag	4961246
duk	4961245
boynton	4961244
filip	4961243
costra	4961242
tali	4961241
soneto	4961240
luck	4961239
almohadon	4961238
disipar	4961237
sasaki	4961236
adolorido	4961235
quitad	4961234
apetecible	4961233
sweety	4961232
hitch	4961231
mails	4961230
gusanito	4961229
estremece	4961228
derretirse	4961227
stuff	4961226
zarina	4961225
calento	4961224
purgar	4961223
entierros	4961222
preocupandose	4961221
chernobyl	4961220
preparaban	4961219
tictac	4961218
cream	4961217
ayudaban	4961216
technicolor	4961215
colgarle	4961214
mantenganlo	4961213
eructar	4961212
maletines	4961211
sicopata	4961210
scar	4961209
encendiste	4961208
peque	4961207
celulitis	4961206
conecten	4961205
desesperes	4961204
dadnos	4961203
saqueos	4961202
parido	4961201
desconocemos	4961200
personificacion	4961199
prerrogativa	4961198
incendiando	4961197
rehusar	4961196
corrigiendo	4961195
alteran	4961194
deslizandose	4961193
deshidratada	4961192
esparcidas	4961191
capacitados	4961190
jurarlo	4961189
engendrado	4961188
indicarme	4961187
cavernicolas	4961186
ime	4961185
fix	4961184
standish	4961183
aseguradas	4961182
mee	4961181
brio	4961180
controlaremos	4961179
agarrada	4961178
gansa	4961177
reeve	4961176
reportare	4961175
lienzos	4961174
impopular	4961173
recibian	4961172
corporativas	4961171
retiradas	4961170
interpretas	4961169
aclararte	4961168
adornado	4961167
aclaracion	4961166
desconecte	4961165
misionera	4961164
intravenoso	4961163
levantadas	4961162
abraces	4961161
pompones	4961160
devo	4961159
magistral	4961158
lnternet	4961157
refinamiento	4961156
landru	4961155
destinatario	4961154
arif	4961153
fisioterapia	4961152
interrogarte	4961151
anka	4961150
esvastica	4961149
contactaremos	4961148
reflectores	4961147
anika	4961146
descargue	4961145
cienciologia	4961144
consecutivo	4961143
nestle	4961142
pasaramos	4961141
tifoidea	4961140
castigas	4961139
buren	4961138
pantaletas	4961137
compartira	4961136
didier	4961135
improvisa	4961134
voluble	4961133
slash	4961132
aterrorizando	4961131
enfocarse	4961130
ordinarias	4961129
gaye	4961128
detono	4961127
rotulador	4961126
cranston	4961125
croissants	4961124
enterase	4961123
op	4961122
atrayente	4961121
indetectable	4961120
terratenientes	4961119
vane	4961118
slick	4961117
presionamos	4961116
wimbledon	4961115
gratuitos	4961114
contactara	4961113
amonio	4961112
imperfecta	4961111
nadaba	4961110
pritchett	4961109
sumando	4961108
nadadora	4961107
hoskins	4961106
omelet	4961105
cumpliran	4961104
existiese	4961103
hurones	4961102
interacciones	4961101
desamparada	4961100
arrancados	4961099
decorando	4961098
fibrosis	4961097
caliento	4961096
lives	4961095
rescates	4961094
creare	4961093
amorios	4961092
estallan	4961091
rounds	4961090
cancelalo	4961089
biotecnologia	4961088
validas	4961087
obligadas	4961086
mancini	4961085
animalitos	4961084
humillarte	4961083
hediondo	4961082
pretextos	4961081
permaneceras	4961080
bellaco	4961079
anticongelante	4961078
ahogara	4961077
avistado	4961076
casuales	4961075
blanqueo	4961074
manejen	4961073
desnudar	4961072
espino	4961071
ashford	4961070
abrieras	4961069
keys	4961068
tricorder	4961067
anticuario	4961066
demetrio	4961065
escupen	4961064
agradeceros	4961063
priva	4961062
network	4961061
arrancaste	4961060
crecemos	4961059
fiestera	4961058
enrollar	4961057
organizarse	4961056
fallaba	4961055
escalado	4961054
mosquetes	4961053
solicitaron	4961052
amanado	4961051
corcega	4961050
arrojarlo	4961049
desaprobacion	4961048
cuac	4961047
suspicaz	4961046
griggs	4961045
vogler	4961044
febril	4961043
keefe	4961042
facilito	4961041
canica	4961040
esterlinas	4961039
polimero	4961038
alborotadores	4961037
precipitada	4961036
separara	4961035
amarle	4961034
dependa	4961033
concentran	4961032
mighty	4961031
wave	4961030
muestrele	4961029
pubis	4961028
navios	4961027
pareis	4961026
respaldado	4961025
papeleria	4961024
gredenko	4961023
atracadores	4961022
convenzas	4961021
kari	4961020
venidas	4961019
erotismo	4961018
recreativo	4961017
metralletas	4961016
aprendia	4961015
traicionarnos	4961014
nao	4961013
comigo	4961012
invertidos	4961011
secular	4961010
evaluado	4961009
leda	4961008
preferis	4961007
adaptarte	4961006
extendera	4961005
atenderte	4961004
acusarla	4961003
celta	4961002
empedernido	4961001
locksley	4961000
picchu	4960999
since	4960998
aragon	4960997
silaba	4960996
hines	4960995
sabed	4960994
afeite	4960993
volarle	4960992
lope	4960991
salter	4960990
substancia	4960989
apuren	4960988
indomable	4960987
apoyaste	4960986
monetaria	4960985
invernalia	4960984
albaniles	4960983
ligamento	4960982
sucursales	4960981
unia	4960980
semifinal	4960979
peatonal	4960978
sinapsis	4960977
legendarios	4960976
patoso	4960975
trigger	4960974
rothman	4960973
brotar	4960972
arreglatelas	4960971
rinocerontes	4960970
excitando	4960969
soplado	4960968
acabarias	4960967
antipatica	4960966
nubla	4960965
mud	4960964
siguelos	4960963
rozando	4960962
humillados	4960961
periodica	4960960
perderian	4960959
vasallo	4960958
castas	4960957
licenciada	4960956
albertine	4960955
siddhartha	4960954
travolta	4960953
flacos	4960952
secuestradas	4960951
braithwaite	4960950
enamoraria	4960949
sig	4960948
autocine	4960947
entretenerse	4960946
sincronia	4960945
bridger	4960944
incriminarme	4960943
regalias	4960942
identificarle	4960941
detallados	4960940
guadalupe	4960939
complaceria	4960938
hashtag	4960937
exasperante	4960936
atacadas	4960935
calentara	4960934
consecutiva	4960933
danaron	4960932
capilar	4960931
insostenible	4960930
tangas	4960929
doren	4960928
rudd	4960927
dirigirla	4960926
endereza	4960925
recomiendan	4960924
numerosa	4960923
carry	4960922
colorida	4960921
circuncidado	4960920
reparos	4960919
recogidas	4960918
aumenten	4960917
enfrentados	4960916
bloquearon	4960915
horneando	4960914
admire	4960913
intranquilo	4960912
gh	4960911
sandias	4960910
manejarse	4960909
bombazo	4960908
llevarselos	4960907
curador	4960906
apunalarme	4960905
impresionan	4960904
bern	4960903
paisley	4960902
cazados	4960901
descontrolada	4960900
entrelazados	4960899
enfrentate	4960898
confundirse	4960897
montenegro	4960896
entenderle	4960895
biblicos	4960894
sorprenderlo	4960893
absorbio	4960892
confirmadas	4960891
absceso	4960890
ensenartelo	4960889
service	4960888
vp	4960887
blackburn	4960886
vestidores	4960885
mcquaid	4960884
lindura	4960883
meat	4960882
aleatorias	4960881
emparejar	4960880
utilidades	4960879
proclamacion	4960878
pillarle	4960877
coronilla	4960876
humorista	4960875
mezclarme	4960874
mirlo	4960873
kick	4960872
fido	4960871
enfermarse	4960870
componiendo	4960869
construyan	4960868
exterminados	4960867
sigais	4960866
detestan	4960865
ilustrisima	4960864
artificieros	4960863
gospel	4960862
sujetenlo	4960861
accionar	4960860
nativas	4960859
dynamics	4960858
derrumbara	4960857
scream	4960856
ligadura	4960855
encontraros	4960854
atraves	4960853
dust	4960852
devalos	4960851
nonato	4960850
indecision	4960849
salvarles	4960848
vieira	4960847
grease	4960846
betun	4960845
criador	4960844
inmorales	4960843
mitchum	4960842
intensificar	4960841
destruyamos	4960840
prestad	4960839
aguardan	4960838
visiontext	4960837
huo	4960836
matiz	4960835
tibetano	4960834
ssh	4960833
upon	4960832
zurda	4960831
rosenthal	4960830
chapuza	4960829
butchie	4960828
cocoa	4960827
aumentos	4960826
conociendote	4960825
frene	4960824
ich	4960823
salvaguardar	4960822
repulsion	4960821
navajo	4960820
filmaste	4960819
marcara	4960818
orugas	4960817
stahl	4960816
inyectando	4960815
georgiana	4960814
intermitentes	4960813
quinlan	4960812
exhibiciones	4960811
hardcore	4960810
magallanes	4960809
llenaremos	4960808
pillada	4960807
gonzo	4960806
eventual	4960805
lerner	4960804
disposiciones	4960803
proporcional	4960802
intercambiaron	4960801
pompas	4960800
mali	4960799
liberadas	4960798
ocupante	4960797
rinaldi	4960796
epicas	4960795
enfocate	4960794
psiquicas	4960793
choice	4960792
formaremos	4960791
rollito	4960790
ferdinando	4960789
satanicos	4960788
climas	4960787
remolachas	4960786
tonny	4960785
reprimidos	4960784
conseguirse	4960783
ofreceremos	4960782
saqueador	4960781
ciceron	4960780
yahoo	4960779
pescaron	4960778
pizarro	4960777
impuros	4960776
guruji	4960775
agregando	4960774
rebobinar	4960773
guardad	4960772
calentarme	4960771
omo	4960770
kurosawa	4960769
desorientacion	4960768
hechar	4960767
inoportuna	4960766
gritara	4960765
khaled	4960764
corn	4960763
atenderla	4960762
adric	4960761
cambiaformas	4960760
controlese	4960759
arrebatos	4960758
atravesarla	4960757
sadler	4960756
menear	4960755
impactantes	4960754
amedeo	4960753
clear	4960752
pidemelo	4960751
subbing	4960750
meollo	4960749
itunes	4960748
respetara	4960747
penurias	4960746
bromee	4960745
prakash	4960744
ardua	4960743
prioritarios	4960742
atraeria	4960741
olera	4960740
lucira	4960739
perdian	4960738
coto	4960737
apresurarte	4960736
newsweek	4960735
procedia	4960734
cabia	4960733
boden	4960732
mojitos	4960731
clavados	4960730
quinton	4960729
extravagancia	4960728
halford	4960727
lamentaria	4960726
consolarla	4960725
tratable	4960724
gigantescos	4960723
edicto	4960722
planeamiento	4960721
conspiro	4960720
montacargas	4960719
afghanistan	4960718
fredrik	4960717
escondian	4960716
lock	4960715
provenian	4960714
fleet	4960713
bei	4960712
respondiera	4960711
dormilona	4960710
dah	4960709
materialista	4960708
retiraremos	4960707
retador	4960706
consternado	4960705
apano	4960704
ultramar	4960703
falafel	4960702
opresores	4960701
apuramos	4960700
izhar	4960699
trotsky	4960698
hooters	4960697
cuidandote	4960696
recogela	4960695
cazafortunas	4960694
cumplirlo	4960693
grizzly	4960692
derrotaron	4960691
abofeteado	4960690
enloquecera	4960689
inundando	4960688
interpretarlo	4960687
periferica	4960686
marcharan	4960685
bowden	4960684
andaria	4960683
magnificamente	4960682
buzones	4960681
preparandote	4960680
retuerce	4960679
desgarrada	4960678
besalo	4960677
sobrante	4960676
planton	4960675
bendiceme	4960674
congelan	4960673
flemming	4960672
glacial	4960671
asumirlo	4960670
pequeneces	4960669
sagaz	4960668
enloqueciste	4960667
deles	4960666
enfocarme	4960665
pensada	4960664
poseidos	4960663
llevelos	4960662
sutilmente	4960661
inofensivas	4960660
construyamos	4960659
pillare	4960658
stretch	4960657
calladito	4960656
receptivo	4960655
hoz	4960654
frontales	4960653
landau	4960652
klux	4960651
serguei	4960650
fusta	4960649
estabilizadores	4960648
entretenga	4960647
deformacion	4960646
straight	4960645
adriano	4960644
johny	4960643
satisfaga	4960642
perfora	4960641
echados	4960640
garbanzos	4960639
manipularme	4960638
pharrell	4960637
sdv	4960636
chamanes	4960635
prenatal	4960634
dirigirlo	4960633
contarias	4960632
enriquecido	4960631
consultoria	4960630
comunicadores	4960629
lapicero	4960628
sigrid	4960627
votaciones	4960626
emparentados	4960625
inscribio	4960624
morros	4960623
colgantes	4960622
punzon	4960621
both	4960620
took	4960619
gastaria	4960618
encendamos	4960617
gauthier	4960616
burlate	4960615
informales	4960614
ganesha	4960613
dejenle	4960612
alcancemos	4960611
alimentandose	4960610
leavenworth	4960609
jenson	4960608
podredumbre	4960607
portare	4960606
subdural	4960605
encarcelaron	4960604
destrozos	4960603
consultare	4960602
mikayla	4960601
sostendre	4960600
kronos	4960599
castana	4960598
locker	4960597
ahogues	4960596
roslyn	4960595
encerrarnos	4960594
metalicas	4960593
innata	4960592
ajustan	4960591
orca	4960590
predador	4960589
purificar	4960588
atuendos	4960587
desnudarte	4960586
injustos	4960585
pau	4960584
borrachin	4960583
aconseje	4960582
recaudo	4960581
envergadura	4960580
siniestros	4960579
peaton	4960578
protegeros	4960577
cinicos	4960576
instintivo	4960575
cascabeles	4960574
delatarme	4960573
mat	4960572
copper	4960571
sonreid	4960570
poligamia	4960569
prevalece	4960568
proporcione	4960567
obligarlos	4960566
nenes	4960565
tallada	4960564
transportada	4960563
sonoras	4960562
lauda	4960561
flautas	4960560
odiosos	4960559
snowden	4960558
ingresaron	4960557
filipinos	4960556
arbitrario	4960555
sodas	4960554
obsoleta	4960553
supernovas	4960552
buenisimas	4960551
abeto	4960550
hinojo	4960549
escalador	4960548
prefeririamos	4960547
willows	4960546
virgin	4960545
boots	4960544
clamor	4960543
mojigato	4960542
ocupandose	4960541
preparalo	4960540
kelli	4960539
narcisismo	4960538
bailaras	4960537
entregalo	4960536
aparentas	4960535
aplicarse	4960534
suplicas	4960533
afiliacion	4960532
sustituyendo	4960531
promiscuidad	4960530
admiramos	4960529
sandman	4960528
rishi	4960527
uve	4960526
acompanamos	4960525
ennis	4960524
vincule	4960523
culparle	4960522
aviva	4960521
agiles	4960520
cafeterias	4960519
sembrando	4960518
rancia	4960517
trillado	4960516
potomac	4960515
connery	4960514
minusculas	4960513
kamp	4960512
tolerara	4960511
cagarse	4960510
saverio	4960509
tratase	4960508
retroalimentacion	4960507
holografica	4960506
inservibles	4960505
importase	4960504
plagada	4960503
postularse	4960502
iluso	4960501
jamil	4960500
leeremos	4960499
midtown	4960498
meggie	4960497
arrastrare	4960496
hiera	4960495
maharaja	4960494
envenenadas	4960493
sandi	4960492
irvine	4960491
reunirlos	4960490
induce	4960489
phryne	4960488
insolacion	4960487
describia	4960486
university	4960485
exponerse	4960484
renunciaron	4960483
england	4960482
ecologistas	4960481
foxy	4960480
stoke	4960479
consiento	4960478
napolitano	4960477
permanezco	4960476
lotta	4960475
reviviendo	4960474
ordenen	4960473
correras	4960472
graeme	4960471
loo	4960470
golpeala	4960469
aproximando	4960468
grababa	4960467
recobrado	4960466
taryn	4960465
montrose	4960464
ensuciando	4960463
bluff	4960462
mija	4960461
jorgen	4960460
producimos	4960459
padecer	4960458
miraos	4960457
felton	4960456
catecismo	4960455
kaswell	4960454
maryann	4960453
parton	4960452
capte	4960451
sanne	4960450
puertorriqueno	4960449
naufragos	4960448
cometan	4960447
virutas	4960446
golpearse	4960445
reservadas	4960444
perteneciera	4960443
putrefaccion	4960442
marchemonos	4960441
ayudandole	4960440
echala	4960439
blackpool	4960438
explicitamente	4960437
demandame	4960436
burbujeante	4960435
japos	4960434
hardwick	4960433
ingeniosas	4960432
mamones	4960431
ofrecian	4960430
legitimas	4960429
renaud	4960428
ajustadas	4960427
sacrificarlo	4960426
enojan	4960425
proezas	4960424
musculosos	4960423
arrasa	4960422
jugosos	4960421
cerezos	4960420
ilesa	4960419
tacoma	4960418
escondias	4960417
valgan	4960416
ruegue	4960415
mimica	4960414
embarcaciones	4960413
yuma	4960412
spalding	4960411
resolveran	4960410
hilly	4960409
notifico	4960408
nanette	4960407
lancer	4960406
panzer	4960405
paralizar	4960404
mendel	4960403
disfraza	4960402
reconciliarse	4960401
tiernamente	4960400
ranchos	4960399
acomoda	4960398
apuremonos	4960397
burning	4960396
bromeabas	4960395
desconexion	4960394
beckwith	4960393
entrevistamos	4960392
recluido	4960391
hanzo	4960390
dreams	4960389
bovedas	4960388
entretenidos	4960387
fife	4960386
cansarme	4960385
sorete	4960384
sprint	4960383
presionaste	4960382
mondego	4960381
discapacitada	4960380
pringle	4960379
puje	4960378
suh	4960377
machacando	4960376
corwin	4960375
larsson	4960374
chanchullo	4960373
tra	4960372
camorra	4960371
knights	4960370
arrancamos	4960369
mirror	4960368
griterio	4960367
towler	4960366
misogino	4960365
joni	4960364
tumbarte	4960363
patinadores	4960362
collage	4960361
portman	4960360
toxicas	4960359
amaran	4960358
mundy	4960357
ioh	4960356
sondra	4960355
desperdiciaste	4960354
participare	4960353
mirenlos	4960352
lanzate	4960351
matandolo	4960350
apuntamos	4960349
desvelar	4960348
duplica	4960347
certero	4960346
ivanova	4960345
animan	4960344
numerica	4960343
abreviar	4960342
sismica	4960341
cautelosa	4960340
mehra	4960339
vendetta	4960338
mauro	4960337
interrumpan	4960336
evolutiva	4960335
maleficio	4960334
maroney	4960333
relieve	4960332
jump	4960331
robespierre	4960330
disponia	4960329
marat	4960328
adelantados	4960327
avanzaremos	4960326
quemaban	4960325
colmenas	4960324
organizaba	4960323
payal	4960322
impediria	4960321
comeme	4960320
tristezas	4960319
prohibi	4960318
investigaste	4960317
escuchais	4960316
anspaugh	4960315
intrigada	4960314
trasladen	4960313
whip	4960312
comunicate	4960311
prometerlo	4960310
compensaciones	4960309
demorare	4960308
alga	4960307
witter	4960306
sacrificaria	4960305
clegg	4960304
cumplirse	4960303
vasijas	4960302
asqueado	4960301
carisimo	4960300
deshicimos	4960299
puzle	4960298
trasladando	4960297
salpicado	4960296
pateador	4960295
ganados	4960294
echarian	4960293
table	4960292
elegible	4960291
filipino	4960290
minmei	4960289
triunfe	4960288
timmins	4960287
contestaron	4960286
nade	4960285
maddalena	4960284
golpeteo	4960283
eliseos	4960282
alentando	4960281
escuchados	4960280
unilateral	4960279
kringle	4960278
kennish	4960277
simba	4960276
contactaste	4960275
acompanaria	4960274
lmbecil	4960273
entonce	4960272
favorecer	4960271
agradeceran	4960270
fanatismo	4960269
variados	4960268
cose	4960267
kaspar	4960266
transeuntes	4960265
protegerlas	4960264
posdata	4960263
simplista	4960262
persistentes	4960261
fredericks	4960260
fascinan	4960259
reflejada	4960258
necesitarme	4960257
debito	4960256
respectivos	4960255
abruma	4960254
danan	4960253
remus	4960252
pastora	4960251
nuggets	4960250
escalante	4960249
incompatibles	4960248
parr	4960247
rollin	4960246
estrangula	4960245
pleitos	4960244
disparales	4960243
mp	4960242
dealer	4960241
mirelos	4960240
notando	4960239
argyle	4960238
mather	4960237
tablet	4960236
prix	4960235
chirona	4960234
auch	4960233
brigham	4960232
neurologicos	4960231
consiguele	4960230
bocinas	4960229
masilla	4960228
coulter	4960227
takagi	4960226
alfas	4960225
atas	4960224
curley	4960223
recorrimos	4960222
mortifero	4960221
contactarnos	4960220
injertos	4960219
pardillo	4960218
marceau	4960217
presentia	4960216
gem	4960215
expulsarme	4960214
helices	4960213
aldrich	4960212
caprice	4960211
multiplica	4960210
excitar	4960209
catarata	4960208
entrometa	4960207
consiguenos	4960206
ganaderos	4960205
asesinara	4960204
confisco	4960203
lectora	4960202
olerte	4960201
probados	4960200
escondelo	4960199
acorralados	4960198
brazas	4960197
apuntare	4960196
enclenque	4960195
respetarte	4960194
reprocho	4960193
desearme	4960192
infiltrada	4960191
hipnotico	4960190
separaos	4960189
barneys	4960188
medicado	4960187
kayo	4960186
schindler	4960185
frituras	4960184
lela	4960183
lakh	4960182
hospitalizada	4960181
revive	4960180
viciosa	4960179
chocolatinas	4960178
kristi	4960177
aster	4960176
estrellato	4960175
bunting	4960174
vestiste	4960173
temibles	4960172
exponerlo	4960171
castigarla	4960170
iqbal	4960169
medioambiente	4960168
majestades	4960167
rosy	4960166
congelamiento	4960165
reparada	4960164
omc	4960163
infrarroja	4960162
pippo	4960161
chewie	4960160
sugirieron	4960159
gemini	4960158
bajaras	4960157
conchita	4960156
ovario	4960155
agradeceriamos	4960154
infiltro	4960153
annapolis	4960152
tenebrosa	4960151
electroshock	4960150
girard	4960149
saltarin	4960148
mam	4960147
profano	4960146
hume	4960145
lanzarle	4960144
asfixio	4960143
dory	4960142
revelen	4960141
hipopotamos	4960140
bujias	4960139
aplicamos	4960138
ainsley	4960137
recuestese	4960136
convencernos	4960135
peldanos	4960134
munon	4960133
follaje	4960132
fundio	4960131
pornografico	4960130
rabb	4960129
cracker	4960128
estrogeno	4960127
halen	4960126
sobrellevarlo	4960125
pastar	4960124
descolgado	4960123
caminaria	4960122
anunciamos	4960121
colgara	4960120
abrecartas	4960119
iya	4960118
venerea	4960117
ranuras	4960116
activan	4960115
cancilleria	4960114
preambulos	4960113
confiscaron	4960112
liderados	4960111
endeble	4960110
kishan	4960109
christi	4960108
andabamos	4960107
catedratico	4960106
ell	4960105
flamencos	4960104
exterminacion	4960103
christoph	4960102
alaba	4960101
delfino	4960100
asisten	4960099
parias	4960098
establecerme	4960097
desplazarse	4960096
inexplicablemente	4960095
hajji	4960094
vomitas	4960093
quebrantado	4960092
imaginarias	4960091
vigilaban	4960090
pelada	4960089
salita	4960088
tas	4960087
pillando	4960086
arrojalo	4960085
shinbei	4960084
supusimos	4960083
jeannette	4960082
estrangulando	4960081
amortiguadores	4960080
eat	4960079
fauces	4960078
reojo	4960077
iq	4960076
medellin	4960075
quiet	4960074
cissy	4960073
sisters	4960072
acorazados	4960071
espinillas	4960070
pegarles	4960069
eriksen	4960068
cork	4960067
navidenos	4960066
apilados	4960065
racimo	4960064
condenaran	4960063
knut	4960062
reos	4960061
tapados	4960060
impedirle	4960059
servirse	4960058
inventaria	4960057
lorde	4960056
neck	4960055
larabee	4960054
trasciende	4960053
zone	4960052
donativo	4960051
localizarlos	4960050
justifique	4960049
plunkett	4960048
guardarlos	4960047
puritano	4960046
siguieramos	4960045
quot	4960044
blaire	4960043
tropezaste	4960042
enteraras	4960041
kevlar	4960040
testificando	4960039
desempate	4960038
dickson	4960037
textiles	4960036
exencion	4960035
ignoren	4960034
fluctuacion	4960033
zhong	4960032
prometedores	4960031
carcajada	4960030
virtuales	4960029
planicies	4960028
atendidos	4960027
anfibios	4960026
bolena	4960025
conformaria	4960024
silene	4960023
slaughter	4960022
chillona	4960021
lazlo	4960020
censurado	4960019
atraparas	4960018
crecian	4960017
apartando	4960016
corresponsales	4960015
teclados	4960014
huelelo	4960013
pilato	4960012
irish	4960011
alargado	4960010
alado	4960009
presentimientos	4960008
estarse	4960007
patitos	4960006
repetitivo	4960005
exmarido	4960004
trazos	4960003
gobernada	4960002
artilleros	4960001
correspondientes	4960000
wordsworth	4959999
mcdowell	4959998
ahorrese	4959997
atraviesas	4959996
tunicas	4959995
bowler	4959994
mamo	4959993
imposibilidad	4959992
icaro	4959991
resultante	4959990
colegialas	4959989
judah	4959988
comparan	4959987
bhuvan	4959986
permitanos	4959985
asignaturas	4959984
quedareis	4959983
arrastrandote	4959982
beauchamp	4959981
oidme	4959980
miniaturas	4959979
cougar	4959978
vacie	4959977
deliberar	4959976
huggins	4959975
granville	4959974
runner	4959973
woolsey	4959972
sometio	4959971
molestandote	4959970
temblaban	4959969
trasladarlo	4959968
ensucies	4959967
orines	4959966
vengando	4959965
buff	4959964
roast	4959963
mandrake	4959962
crujir	4959961
soplan	4959960
aaa	4959959
percibes	4959958
galloway	4959957
aplastarte	4959956
bellamente	4959955
temida	4959954
sachiko	4959953
viggo	4959952
acosaba	4959951
sumida	4959950
compases	4959949
eticas	4959948
utilizacion	4959947
moderada	4959946
rampas	4959945
pongalos	4959944
guirnaldas	4959943
castracion	4959942
emergen	4959941
respetarme	4959940
fardo	4959939
preservado	4959938
linton	4959937
lidiado	4959936
mierdecilla	4959935
parafernalia	4959934
tico	4959933
recogeme	4959932
pertenecera	4959931
despilfarro	4959930
rasta	4959929
evitarte	4959928
obreras	4959927
observandome	4959926
comprobaba	4959925
pinchos	4959924
phantom	4959923
starsky	4959922
taki	4959921
limitacion	4959920
meghna	4959919
hebreos	4959918
quilla	4959917
xxx	4959916
combatimos	4959915
habilmente	4959914
enfocarte	4959913
deliciosamente	4959912
involucraba	4959911
dubaku	4959910
sirios	4959909
serotonina	4959908
impio	4959907
along	4959906
antibombas	4959905
escupes	4959904
confinada	4959903
exigido	4959902
reunidas	4959901
designacion	4959900
profesionalidad	4959899
rosal	4959898
insultan	4959897
nss	4959896
arun	4959895
inseguros	4959894
nombrarlo	4959893
gateando	4959892
caminaban	4959891
called	4959890
fundamentalistas	4959889
mormona	4959888
insercion	4959887
tinglado	4959886
pequenajo	4959885
infecciosas	4959884
pareceras	4959883
moca	4959882
infligir	4959881
padua	4959880
brindando	4959879
ingirio	4959878
gollum	4959877
piquetes	4959876
empatado	4959875
respetes	4959874
arrojamos	4959873
nutritivo	4959872
rakesh	4959871
disidente	4959870
ganaban	4959869
enchufes	4959868
obertura	4959867
comercializacion	4959866
plateados	4959865
masacraron	4959864
boxes	4959863
guardarlas	4959862
quebrando	4959861
rather	4959860
caerian	4959859
ehi	4959858
desearian	4959857
reactivar	4959856
inoue	4959855
bolson	4959854
enigmatico	4959853
meteorologo	4959852
monitorizando	4959851
absorbida	4959850
educacional	4959849
parlanchin	4959848
lazy	4959847
envoltorios	4959846
frecuentaba	4959845
tenme	4959844
yoli	4959843
acojonado	4959842
cuidadito	4959841
novatas	4959840
samara	4959839
nevado	4959838
compraban	4959837
vacien	4959836
miocardio	4959835
sostenerse	4959834
avellana	4959833
clavaste	4959832
payasada	4959831
hieres	4959830
resignacion	4959829
palanquin	4959828
esquivado	4959827
inapropiadas	4959826
alucinantes	4959825
chisholm	4959824
tomale	4959823
condescendencia	4959822
copacabana	4959821
encarguense	4959820
dispersas	4959819
desertado	4959818
divertiros	4959817
congestion	4959816
industries	4959815
apuestes	4959814
sane	4959813
cepillado	4959812
petty	4959811
albrecht	4959810
revocada	4959809
woah	4959808
devoran	4959807
implantar	4959806
housewives	4959805
canton	4959804
escogemos	4959803
millennium	4959802
million	4959801
controlare	4959800
alisa	4959799
sustos	4959798
kroll	4959797
anhelando	4959796
arqueologico	4959795
edmundo	4959794
bernhardt	4959793
terrell	4959792
vadim	4959791
adultera	4959790
pac	4959789
desayune	4959788
esp	4959787
construia	4959786
aeronautica	4959785
provocadora	4959784
distraes	4959783
magistrados	4959782
dignatarios	4959781
dejandole	4959780
vinisteis	4959779
joana	4959778
comprimidos	4959777
concorde	4959776
blanquear	4959775
sostengan	4959774
reflexionando	4959773
dinky	4959772
guardelo	4959771
montanes	4959770
gordura	4959769
friamente	4959768
kagan	4959767
vinicius	4959766
centramos	4959765
makes	4959764
recompensarte	4959763
atrevan	4959762
charlatana	4959761
windy	4959760
cansarse	4959759
luciernaga	4959758
gawain	4959757
aguantad	4959756
reunes	4959755
encuentrate	4959754
cocidas	4959753
trillon	4959752
windows	4959751
saiyajin	4959750
golondrinas	4959749
patagonia	4959748
estridente	4959747
destituido	4959746
aburrirse	4959745
masturbandose	4959744
dam	4959743
rizo	4959742
schrader	4959741
aspiro	4959740
pittsburg	4959739
cronologia	4959738
profesoras	4959737
musicalmente	4959736
mandon	4959735
anunciare	4959734
glad	4959733
autovia	4959732
ikari	4959731
divirtiendome	4959730
gobierne	4959729
amenazantes	4959728
salados	4959727
preocupabas	4959726
har	4959725
empezemos	4959724
excentricos	4959723
roach	4959722
juntarme	4959721
finalice	4959720
rasputin	4959719
eustace	4959718
rectoria	4959717
ofreceros	4959716
raydor	4959715
actuaban	4959714
ablandando	4959713
steadman	4959712
suecas	4959711
laughs	4959710
lenguajes	4959709
daph	4959708
divorciaste	4959707
acontecio	4959706
preferir	4959705
jakey	4959704
tratarle	4959703
ponedlo	4959702
prison	4959701
premium	4959700
almacenada	4959699
tartaros	4959698
acceda	4959697
divertiras	4959696
imaginad	4959695
viejecita	4959694
sensacionales	4959693
hirsch	4959692
apoyaremos	4959691
testificare	4959690
generico	4959689
nominas	4959688
fetos	4959687
obedecido	4959686
oahu	4959685
ilicito	4959684
nuys	4959683
integrantes	4959682
extracurriculares	4959681
arc	4959680
compartiste	4959679
participara	4959678
retengo	4959677
waring	4959676
enterrarme	4959675
mirandole	4959674
rolly	4959673
choo	4959672
ingratitud	4959671
acampado	4959670
prenderle	4959669
buceando	4959668
cargalo	4959667
jugais	4959666
hindley	4959665
comerias	4959664
karachi	4959663
tableros	4959662
saludad	4959661
django	4959660
subian	4959659
laminas	4959658
reconstruirlo	4959657
feudal	4959656
curiosidades	4959655
conceptual	4959654
atribuye	4959653
intercepto	4959652
partirle	4959651
devolvamos	4959650
propusieron	4959649
cargad	4959648
designar	4959647
aguilar	4959646
leonidas	4959645
desgarra	4959644
alejandra	4959643
congelaron	4959642
distraidos	4959641
disolvio	4959640
policiaco	4959639
tarada	4959638
flotadores	4959637
oigamoslo	4959636
detened	4959635
ahhhh	4959634
comeis	4959633
rami	4959632
soluciono	4959631
interrumpieron	4959630
fincas	4959629
huelan	4959628
bablu	4959627
seol	4959626
manteneros	4959625
hadji	4959624
apetitos	4959623
napier	4959622
abaddon	4959621
reces	4959620
invierta	4959619
marchetti	4959618
spitz	4959617
filon	4959616
yip	4959615
chon	4959614
invasivo	4959613
player	4959612
negativamente	4959611
gellar	4959610
identificarme	4959609
videntes	4959608
pelle	4959607
aproximamos	4959606
breakfast	4959605
acalorado	4959604
romulo	4959603
finalizo	4959602
disolvente	4959601
expulsarlo	4959600
recetado	4959599
fisgonear	4959598
aspiradoras	4959597
reader	4959596
arraigado	4959595
deslizan	4959594
obscuro	4959593
aarti	4959592
apodado	4959591
birds	4959590
izumi	4959589
chamarra	4959588
caramelito	4959587
disculpamos	4959586
pastelillo	4959585
berkowitz	4959584
izquierdos	4959583
perdermelo	4959582
pobrecitos	4959581
extinguir	4959580
sarnoso	4959579
baste	4959578
torben	4959577
funcionase	4959576
cogedla	4959575
mengele	4959574
mihai	4959573
depresiva	4959572
situados	4959571
saludaba	4959570
hogwarts	4959569
tenderme	4959568
haragan	4959567
enganarle	4959566
banqueta	4959565
insinuado	4959564
cocinara	4959563
oc	4959562
energon	4959561
piojo	4959560
intentais	4959559
garabato	4959558
raritos	4959557
especializo	4959556
poseian	4959555
combinadas	4959554
mayhew	4959553
mudaras	4959552
metropolitan	4959551
curativo	4959550
obelisco	4959549
sostendra	4959548
abrian	4959547
pancartas	4959546
despampanante	4959545
obedecera	4959544
culparon	4959543
sonica	4959542
rath	4959541
promicina	4959540
visites	4959539
agarrarlos	4959538
bayon	4959537
luper	4959536
explotaria	4959535
embalse	4959534
suplentes	4959533
apresurarme	4959532
peep	4959531
petalo	4959530
walkman	4959529
sonadora	4959528
alegrare	4959527
confiaban	4959526
konstantin	4959525
colonizar	4959524
probaras	4959523
kohl	4959522
ope	4959521
inmaduros	4959520
linux	4959519
piti	4959518
westwood	4959517
causamos	4959516
bonsoir	4959515
cometeria	4959514
redimirse	4959513
until	4959512
valenti	4959511
cotillear	4959510
marcamos	4959509
arrancaba	4959508
tarek	4959507
dub	4959506
hud	4959505
serrin	4959504
inanicion	4959503
aprobaba	4959502
agravantes	4959501
perdonaste	4959500
retiraran	4959499
ps	4959498
eliminarla	4959497
gerber	4959496
detallista	4959495
limpiada	4959494
conformarme	4959493
gritaria	4959492
amamantar	4959491
sansa	4959490
parlamentario	4959489
cumulos	4959488
cantala	4959487
suponerlo	4959486
tratarnos	4959485
aportacion	4959484
bebias	4959483
descomunal	4959482
corresponder	4959481
quejaron	4959480
galas	4959479
bengali	4959478
collette	4959477
sherri	4959476
calesa	4959475
footing	4959474
videoclub	4959473
compensado	4959472
vasito	4959471
minusvalido	4959470
rondar	4959469
charca	4959468
atrianos	4959467
espinosa	4959466
vaughan	4959465
wembley	4959464
cacharros	4959463
encante	4959462
manita	4959461
resignado	4959460
traicionare	4959459
courtland	4959458
khushi	4959457
travez	4959456
expresarle	4959455
timbira	4959454
defcon	4959453
recaer	4959452
cafferty	4959451
provocaba	4959450
acomodador	4959449
oswin	4959448
entendidos	4959447
horroriza	4959446
mendigando	4959445
adaptados	4959444
memorables	4959443
sentaban	4959442
duraba	4959441
divorcia	4959440
kuala	4959439
despachar	4959438
mancho	4959437
tragara	4959436
presentame	4959435
oleadas	4959434
oni	4959433
tormentosa	4959432
pedias	4959431
bio	4959430
expendedoras	4959429
abandonemos	4959428
cogerlas	4959427
cortame	4959426
weldon	4959425
esperase	4959424
dannycorreia	4959423
ant	4959422
cubriran	4959421
padawan	4959420
kingman	4959419
matthias	4959418
vengaremos	4959417
cagaron	4959416
envielo	4959415
easton	4959414
casariamos	4959413
tierney	4959412
markov	4959411
digitalmente	4959410
pelearia	4959409
estructurales	4959408
megumi	4959407
mcmahon	4959406
idoneo	4959405
iceman	4959404
cualificados	4959403
fruit	4959402
basar	4959401
boyz	4959400
inmediaciones	4959399
bozal	4959398
urbanos	4959397
lemmy	4959396
estimar	4959395
paan	4959394
colonel	4959393
follan	4959392
suicidan	4959391
escaladores	4959390
ulla	4959389
querreis	4959388
olmo	4959387
empapelado	4959386
lastimaras	4959385
derriben	4959384
armaron	4959383
chapucero	4959382
abrirlas	4959381
amato	4959380
resbalando	4959379
bukowski	4959378
churros	4959377
cohn	4959376
miso	4959375
naciendo	4959374
azota	4959373
rawlins	4959372
beberla	4959371
tributos	4959370
confidencias	4959369
hunos	4959368
petrelli	4959367
importados	4959366
ajenjo	4959365
contaminando	4959364
integra	4959363
munro	4959362
kuvira	4959361
denuncie	4959360
discrepar	4959359
desactivacion	4959358
epitafio	4959357
separador	4959356
inducida	4959355
asalta	4959354
hechizada	4959353
piruetas	4959352
sentinel	4959351
demostraria	4959350
perecer	4959349
cabral	4959348
padecia	4959347
enanitos	4959346
monotona	4959345
endorfinas	4959344
gim	4959343
fats	4959342
bullet	4959341
enrolla	4959340
aspersores	4959339
oo	4959338
cargara	4959337
rugiendo	4959336
matadle	4959335
escandalosas	4959334
extranarlo	4959333
stamford	4959332
alumbra	4959331
sheena	4959330
entrenarme	4959329
secuestre	4959328
lanzaran	4959327
comemierda	4959326
meteros	4959325
oca	4959324
pedalear	4959323
remmy	4959322
deshonestos	4959321
abalanzo	4959320
adoraria	4959319
recompensara	4959318
lies	4959317
drexler	4959316
entrometidos	4959315
buenisimos	4959314
trios	4959313
apoyos	4959312
gekko	4959311
marcaba	4959310
sutra	4959309
shivam	4959308
acaparar	4959307
triples	4959306
quejarnos	4959305
betsey	4959304
fisioterapeuta	4959303
uniros	4959302
equivocaciones	4959301
shawna	4959300
veladas	4959299
interpretara	4959298
impasible	4959297
adaptarnos	4959296
coronada	4959295
aplacar	4959294
aproximarse	4959293
boyardos	4959292
ducado	4959291
against	4959290
sonoro	4959289
giza	4959288
entretengas	4959287
permitidas	4959286
atacarla	4959285
chingados	4959284
consolidar	4959283
saints	4959282
lombardo	4959281
invitarles	4959280
exclusivas	4959279
sofocar	4959278
reema	4959277
observandonos	4959276
analfabetos	4959275
sujetaba	4959274
rosbif	4959273
futbolistas	4959272
guitar	4959271
enfocados	4959270
alton	4959269
ondulado	4959268
subvenciones	4959267
identificando	4959266
pickett	4959265
andare	4959264
skinhead	4959263
guardabarros	4959262
pretendian	4959261
loving	4959260
skinheads	4959259
mudemos	4959258
informaste	4959257
gimnasios	4959256
dafu	4959255
sissi	4959254
maltratar	4959253
boreal	4959252
absorbente	4959251
neurales	4959250
starkey	4959249
secan	4959248
patrocinar	4959247
palpitante	4959246
ambiguedad	4959245
juncos	4959244
macmillan	4959243
coleta	4959242
coolidge	4959241
estudiaremos	4959240
insistimos	4959239
quilombo	4959238
critiques	4959237
cortaban	4959236
aprietalo	4959235
canticos	4959234
localizados	4959233
salisbury	4959232
motoristas	4959231
escabeche	4959230
odiarias	4959229
itinerante	4959228
huire	4959227
nicks	4959226
joes	4959225
derrochar	4959224
lp	4959223
dryden	4959222
tararea	4959221
asombrados	4959220
gatear	4959219
determinan	4959218
anteanoche	4959217
poseyo	4959216
haciendolos	4959215
comportese	4959214
schrute	4959213
patina	4959212
narcotico	4959211
renegociar	4959210
petunia	4959209
pillos	4959208
excitaba	4959207
prisma	4959206
recurre	4959205
icarus	4959204
corrales	4959203
observame	4959202
gump	4959201
faltaron	4959200
desparecido	4959199
equidad	4959198
colaborado	4959197
expo	4959196
necia	4959195
pepito	4959194
desaparecieran	4959193
maleante	4959192
foros	4959191
internacionalmente	4959190
estola	4959189
iyo	4959188
exhale	4959187
desactive	4959186
decayendo	4959185
ganabas	4959184
asistieron	4959183
salvad	4959182
disenamos	4959181
ligamentos	4959180
montez	4959179
mitigar	4959178
habituado	4959177
erie	4959176
animese	4959175
kemal	4959174
sodico	4959173
sintetizar	4959172
tortillera	4959171
glorias	4959170
tiesa	4959169
hidromasaje	4959168
inscribirme	4959167
pescan	4959166
malentiendas	4959165
periodistica	4959164
escondiera	4959163
cognitiva	4959162
anejo	4959161
venados	4959160
rest	4959159
tarareando	4959158
conducias	4959157
alimentara	4959156
minivan	4959155
ina	4959154
taximetro	4959153
seaworld	4959152
alimentare	4959151
guerreras	4959150
florales	4959149
organizadas	4959148
alucinado	4959147
lloriqueo	4959146
relevar	4959145
izar	4959144
tenerles	4959143
leyla	4959142
predicen	4959141
latinoamerica	4959140
culparnos	4959139
sorbos	4959138
disponga	4959137
gallifrey	4959136
desborda	4959135
banada	4959134
remontar	4959133
cedi	4959132
cazarlo	4959131
tentando	4959130
keppler	4959129
peta	4959128
deducciones	4959127
dominaba	4959126
lonely	4959125
barr	4959124
ningunas	4959123
borracheras	4959122
guns	4959121
rocosa	4959120
agarraremos	4959119
ashram	4959118
incrustada	4959117
rohypnol	4959116
besador	4959115
electronicamente	4959114
empalme	4959113
ayudandola	4959112
villana	4959111
japezoa	4959110
blind	4959109
nodulos	4959108
kell	4959107
thorndyke	4959106
gambit	4959105
avergonzo	4959104
fusileros	4959103
blandengue	4959102
marxista	4959101
jas	4959100
librate	4959099
excluidos	4959098
indignada	4959097
caminara	4959096
desenfrenada	4959095
evitare	4959094
regalarme	4959093
tonel	4959092
roc	4959091
ingerido	4959090
perseguirlos	4959089
juzgare	4959088
privatizacion	4959087
elaboracion	4959086
nomine	4959085
spaulding	4959084
pasteur	4959083
astrofisica	4959082
templar	4959081
lilli	4959080
romy	4959079
anaconda	4959078
navegan	4959077
ravu	4959076
fink	4959075
punzantes	4959074
godiva	4959073
viendolos	4959072
socavar	4959071
rosamund	4959070
derribe	4959069
abusaba	4959068
roncas	4959067
encuentrelo	4959066
chaudhary	4959065
dejabamos	4959064
sombrerero	4959063
pendeja	4959062
levantaras	4959061
alojaba	4959060
ichiro	4959059
caucasica	4959058
luchad	4959057
pequenez	4959056
arbor	4959055
gastarse	4959054
valorada	4959053
norrell	4959052
retorciendose	4959051
invitaras	4959050
excursionistas	4959049
habitada	4959048
faltantes	4959047
masacrado	4959046
rb	4959045
rayanne	4959044
madea	4959043
cuadruple	4959042
elevando	4959041
apa	4959040
ganz	4959039
habersela	4959038
grass	4959037
sacarias	4959036
laramie	4959035
librito	4959034
reinsercion	4959033
holtz	4959032
mensualidad	4959031
contadas	4959030
meeks	4959029
wings	4959028
abastecer	4959027
guggenheim	4959026
figueroa	4959025
descremada	4959024
tragues	4959023
datan	4959022
retendre	4959021
enterados	4959020
pesimismo	4959019
rascarse	4959018
audra	4959017
habladora	4959016
fey	4959015
buscapersonas	4959014
lentillas	4959013
acrobatas	4959012
fornell	4959011
adaptan	4959010
proclamar	4959009
beagle	4959008
intubar	4959007
guardaban	4959006
valerse	4959005
borradas	4959004
heisenberg	4959003
apuntaron	4959002
mie	4959001
autoayuda	4959000
mostremos	4958999
mintiendole	4958998
nutrias	4958997
freda	4958996
empenas	4958995
tropezando	4958994
abdel	4958993
broad	4958992
jugosas	4958991
regentes	4958990
parietal	4958989
declaras	4958988
cottage	4958987
triunfara	4958986
tube	4958985
educadas	4958984
distinciones	4958983
cms	4958982
compartiria	4958981
ocurrirle	4958980
raw	4958979
conduciras	4958978
fumare	4958977
espereis	4958976
safe	4958975
ilicita	4958974
atormentarme	4958973
luiz	4958972
traficaba	4958971
puntapie	4958970
tivo	4958969
planeador	4958968
bofeton	4958967
libraste	4958966
bilateral	4958965
waits	4958964
guarras	4958963
excelsior	4958962
perversiones	4958961
acetona	4958960
hiram	4958959
vex	4958958
mcbain	4958957
esterilizacion	4958956
encantaran	4958955
merecida	4958954
cardiovascular	4958953
proponga	4958952
cuchitril	4958951
santillana	4958950
probarlas	4958949
aparecieran	4958948
victoriosa	4958947
proton	4958946
cubrirla	4958945
snot	4958944
emergiendo	4958943
estire	4958942
traiganos	4958941
descompuesta	4958940
enganchados	4958939
pulcro	4958938
almenos	4958937
laudano	4958936
confiaras	4958935
capella	4958934
cayos	4958933
conseguian	4958932
cojea	4958931
muesca	4958930
cyrano	4958929
involuntaria	4958928
cortezas	4958927
moverlos	4958926
carsten	4958925
oceanic	4958924
leith	4958923
agote	4958922
extendiendose	4958921
birk	4958920
marmaduke	4958919
distribuyendo	4958918
nombrare	4958917
lll	4958916
operarios	4958915
cuidaos	4958914
respalde	4958913
comenzaban	4958912
cogelos	4958911
adjuntos	4958910
bosta	4958909
empleando	4958908
lambda	4958907
linguistica	4958906
feeney	4958905
despedirle	4958904
eros	4958903
heimlich	4958902
escuchadas	4958901
machado	4958900
firmadas	4958899
tullio	4958898
registrad	4958897
garantizarte	4958896
alastair	4958895
violarte	4958894
conjuntivitis	4958893
atarla	4958892
hinchadas	4958891
desviados	4958890
disminuyo	4958889
dimaggio	4958888
basas	4958887
termicas	4958886
minusvalidos	4958885
emplean	4958884
smile	4958883
exponerte	4958882
kristian	4958881
conduciremos	4958880
inventarse	4958879
mullins	4958878
salma	4958877
imprudentemente	4958876
wilber	4958875
recomendarle	4958874
aminoacidos	4958873
cab	4958872
nation	4958871
grandota	4958870
mustangs	4958869
anfiteatro	4958868
frutillas	4958867
sacristia	4958866
wilmington	4958865
ortopedia	4958864
remolcar	4958863
estanco	4958862
elegiremos	4958861
preocuparos	4958860
fluorescentes	4958859
caritas	4958858
lamentando	4958857
lras	4958856
kon	4958855
olvidad	4958854
surco	4958853
mckee	4958852
cardinal	4958851
pettigrew	4958850
fergie	4958849
enviad	4958848
ocasionado	4958847
preocuparle	4958846
sionista	4958845
embarcando	4958844
malek	4958843
preferias	4958842
metodista	4958841
pulaski	4958840
fermat	4958839
trullo	4958838
distinguen	4958837
pain	4958836
bagre	4958835
macfarlane	4958834
buscarles	4958833
tolerable	4958832
enaguas	4958831
confiarle	4958830
epiteliales	4958829
dantes	4958828
preguntais	4958827
rickshaw	4958826
estrangularme	4958825
novicia	4958824
haganos	4958823
rotula	4958822
haji	4958821
pesimas	4958820
aportado	4958819
crda	4958818
ocupaste	4958817
slattery	4958816
necesitase	4958815
smithy	4958814
matadlos	4958813
administrativos	4958812
derrotamos	4958811
moshe	4958810
selim	4958809
procreacion	4958808
cubrelo	4958807
decapitar	4958806
atemorizado	4958805
esbozo	4958804
levantame	4958803
blow	4958802
consideraremos	4958801
hind	4958800
tejo	4958799
fatah	4958798
creertelo	4958797
actualizando	4958796
sorprenderse	4958795
coventry	4958794
amenazandome	4958793
irrefutables	4958792
importantisimo	4958791
goro	4958790
jotas	4958789
descartarlo	4958788
bowery	4958787
creme	4958786
lando	4958785
compensartelo	4958784
dejaselo	4958783
holgazaneando	4958782
averguenzan	4958781
rompiendose	4958780
adyacente	4958779
elegirme	4958778
aprobamos	4958777
inconsistente	4958776
sgc	4958775
versace	4958774
gaitas	4958773
recuperaran	4958772
pestana	4958771
norad	4958770
tetona	4958769
arcon	4958768
asentarse	4958767
treblinka	4958766
vendriamos	4958765
jadea	4958764
gauguin	4958763
primate	4958762
disquete	4958761
ass	4958760
bianco	4958759
reconectar	4958758
feudo	4958757
aborigen	4958756
contagia	4958755
oponerme	4958754
mencionamos	4958753
proporcionando	4958752
asahi	4958751
acostumbrarnos	4958750
siguiendolo	4958749
erecto	4958748
pilatos	4958747
igualita	4958746
pom	4958745
acrobacia	4958744
entretendre	4958743
brindaremos	4958742
barbituricos	4958741
mancomunidad	4958740
energicamente	4958739
inventarte	4958738
xing	4958737
quitamela	4958736
irresponsabilidad	4958735
item	4958734
zu	4958733
palpable	4958732
poughkeepsie	4958731
lastimarnos	4958730
welcome	4958729
taquigrafia	4958728
morias	4958727
haverford	4958726
merrin	4958725
ofrecele	4958724
ondeando	4958723
chien	4958722
contundentes	4958721
anulo	4958720
macetas	4958719
centrados	4958718
esposada	4958717
whipple	4958716
toparme	4958715
bonn	4958714
declaren	4958713
robb	4958712
mayorcita	4958711
poquitin	4958710
cortisona	4958709
riel	4958708
ianto	4958707
toshi	4958706
traduciendo	4958705
profanacion	4958704
sintieran	4958703
principito	4958702
avergonce	4958701
marilla	4958700
focus	4958699
horizon	4958698
automotriz	4958697
raben	4958696
rennie	4958695
luo	4958694
deane	4958693
ocupense	4958692
nautilus	4958691
destripar	4958690
pateamos	4958689
ignorala	4958688
metamorfo	4958687
propagando	4958686
cabala	4958685
procesan	4958684
eructo	4958683
disuadir	4958682
estrangularla	4958681
elaborados	4958680
manejarlos	4958679
otomano	4958678
mechones	4958677
espiandome	4958676
hooch	4958675
amapolas	4958674
funcionales	4958673
apostados	4958672
nyssa	4958671
deportada	4958670
amargos	4958669
repartidores	4958668
cup	4958667
anorexia	4958666
armaste	4958665
seti	4958664
busquenlo	4958663
vendado	4958662
sermonearme	4958661
torreta	4958660
gratuitas	4958659
mejorarse	4958658
superpoder	4958657
magnates	4958656
aerodinamica	4958655
iluminando	4958654
obituarios	4958653
autumn	4958652
stoddard	4958651
calgary	4958650
carecia	4958649
iluminame	4958648
insultada	4958647
irrevocable	4958646
pandemia	4958645
repasarlo	4958644
halladas	4958643
remeras	4958642
calentare	4958641
antidroga	4958640
continuos	4958639
espectral	4958638
desencadena	4958637
lanzame	4958636
bop	4958635
guardese	4958634
ovulando	4958633
despedazar	4958632
volcanicas	4958631
conceden	4958630
holografico	4958629
rye	4958628
ocupandome	4958627
adelantas	4958626
motivador	4958625
latigos	4958624
enfisema	4958623
tera	4958622
danke	4958621
reventando	4958620
tennis	4958619
buhardilla	4958618
evangelios	4958617
inimaginables	4958616
disfrutala	4958615
gower	4958614
forestales	4958613
captamos	4958612
fotografio	4958611
afiliado	4958610
imperialistas	4958609
lightning	4958608
padma	4958607
fiambres	4958606
sacrificarme	4958605
devuelvanme	4958604
personalizado	4958603
swain	4958602
mejorate	4958601
anunciarles	4958600
adaptada	4958599
condenando	4958598
martel	4958597
mandemos	4958596
niamh	4958595
llevalas	4958594
retrases	4958593
demandada	4958592
shhhh	4958591
streep	4958590
semanalmente	4958589
bois	4958588
simeon	4958587
milano	4958586
mantle	4958585
ventoso	4958584
barstow	4958583
interrogador	4958582
inspiras	4958581
alineadas	4958580
guadana	4958579
hummel	4958578
cupcake	4958577
kristine	4958576
prusiano	4958575
comidos	4958574
affleck	4958573
pongamosle	4958572
contrarios	4958571
zaara	4958570
rechazara	4958569
arrestara	4958568
cantada	4958567
meteorologia	4958566
derivacion	4958565
tratame	4958564
venereas	4958563
laughlin	4958562
liberace	4958561
abstracta	4958560
adjudicado	4958559
salarial	4958558
multimillonarios	4958557
alinean	4958556
push	4958555
felicitarla	4958554
agradezcan	4958553
velozmente	4958552
cinematografia	4958551
kiosco	4958550
ferroviaria	4958549
tolson	4958548
proverbios	4958547
porgy	4958546
aburrio	4958545
faisanes	4958544
estacionamientos	4958543
cuestionan	4958542
obedientes	4958541
inspiraron	4958540
grumete	4958539
pasito	4958538
discernir	4958537
fabricamos	4958536
vastos	4958535
guardabosque	4958534
rack	4958533
kouga	4958532
confiere	4958531
rovere	4958530
shredder	4958529
almanaque	4958528
ches	4958527
identificaste	4958526
prefijo	4958525
enloquecieron	4958524
sancionado	4958523
reciproco	4958522
baptista	4958521
basandote	4958520
salveme	4958519
eunucos	4958518
contase	4958517
agobiada	4958516
desvaneciendo	4958515
wasabi	4958514
ghana	4958513
silenciado	4958512
junco	4958511
vigilalos	4958510
progresistas	4958509
desconocia	4958508
reportarme	4958507
colonna	4958506
polenta	4958505
overol	4958504
simpatizante	4958503
sudas	4958502
mitchel	4958501
imperialista	4958500
repentinos	4958499
retoque	4958498
repitalo	4958497
chapera	4958496
demuestramelo	4958495
robaras	4958494
candyman	4958493
asumas	4958492
verdi	4958491
seriais	4958490
parabola	4958489
aniversarios	4958488
mintieras	4958487
cobrarlo	4958486
matandote	4958485
plomeros	4958484
camarografos	4958483
enfermaron	4958482
contestacion	4958481
stingray	4958480
nicolai	4958479
mateis	4958478
entrevistarte	4958477
enganara	4958476
fitzroy	4958475
fucking	4958474
agitadores	4958473
aii	4958472
brindare	4958471
kazan	4958470
puntiagudas	4958469
varg	4958468
palabrota	4958467
pactos	4958466
kyla	4958465
enredar	4958464
davie	4958463
havisham	4958462
secretismo	4958461
clavaron	4958460
freedman	4958459
escupa	4958458
depravados	4958457
registrarte	4958456
walling	4958455
inhumana	4958454
iib	4958453
varian	4958452
akemi	4958451
restringir	4958450
dispensa	4958449
cursis	4958448
defecar	4958447
gastare	4958446
gauri	4958445
enfrentaria	4958444
trombosis	4958443
enfrenten	4958442
removida	4958441
dramatismo	4958440
popper	4958439
protegenos	4958438
enfadando	4958437
desmorono	4958436
greek	4958435
dialogar	4958434
vasallos	4958433
restablecido	4958432
walkie	4958431
derriten	4958430
pitufos	4958429
acustico	4958428
protegiendome	4958427
rezad	4958426
quemador	4958425
marthe	4958424
decapitada	4958423
gave	4958422
respetare	4958421
fog	4958420
timar	4958419
scudder	4958418
unieras	4958417
thurman	4958416
criticarme	4958415
wii	4958414
hyah	4958413
certamen	4958412
anulada	4958411
frote	4958410
colgaremos	4958409
redirigir	4958408
anticonceptivas	4958407
respiradero	4958406
presagios	4958405
demoliciones	4958404
kaori	4958403
sorbona	4958402
viajera	4958401
matelo	4958400
elroy	4958399
posado	4958398
condene	4958397
michelangelo	4958396
mundanos	4958395
muscle	4958394
tambaleandose	4958393
teje	4958392
seleccionada	4958391
nantucket	4958390
laud	4958389
hr	4958388
cortesmente	4958387
mezclarte	4958386
capilares	4958385
ise	4958384
nausea	4958383
sumidero	4958382
ide	4958381
alcoholemia	4958380
copiadora	4958379
osada	4958378
esfuerce	4958377
cachondos	4958376
recurrido	4958375
consumes	4958374
tarima	4958373
lamentaciones	4958372
cuthbert	4958371
distorsionado	4958370
allanamientos	4958369
stallone	4958368
hortera	4958367
figuro	4958366
woolf	4958365
oprimir	4958364
sobrehumana	4958363
manchados	4958362
denunciarme	4958361
linds	4958360
lamas	4958359
manubrio	4958358
conectarnos	4958357
esbirros	4958356
establezcan	4958355
ensangrentadas	4958354
furias	4958353
venom	4958352
espumoso	4958351
yet	4958350
kavanaugh	4958349
reemplazados	4958348
charlton	4958347
castigaran	4958346
perd	4958345
tomarmelo	4958344
jalando	4958343
marconi	4958342
merton	4958341
apostemos	4958340
charlot	4958339
blank	4958338
sasquatch	4958337
atomicos	4958336
yagyu	4958335
tirarnos	4958334
marcharas	4958333
transeunte	4958332
encantando	4958331
salam	4958330
malcriados	4958329
aplastarlo	4958328
peina	4958327
elinor	4958326
glaucoma	4958325
sofocado	4958324
gansteres	4958323
dudare	4958322
stacie	4958321
pagareis	4958320
shall	4958319
lucero	4958318
rotterdam	4958317
ogm	4958316
sometimes	4958315
publicare	4958314
obligarnos	4958313
echense	4958312
piojoso	4958311
pippin	4958310
oias	4958309
inician	4958308
thanos	4958307
tostados	4958306
tatara	4958305
veraz	4958304
airbag	4958303
encomendado	4958302
garajes	4958301
quitenmelo	4958300
determine	4958299
molan	4958298
llevadla	4958297
civilizadas	4958296
recomendarte	4958295
desequilibrada	4958294
ako	4958293
root	4958292
gauss	4958291
robie	4958290
decorada	4958289
vencen	4958288
whose	4958287
aseguradoras	4958286
hickman	4958285
engreidos	4958284
identificadas	4958283
comprendiste	4958282
mj	4958281
ronan	4958280
vipers	4958279
responderemos	4958278
lida	4958277
tapia	4958276
competimos	4958275
galeras	4958274
mutilar	4958273
cedere	4958272
manejara	4958271
terminariamos	4958270
traerian	4958269
ritalin	4958268
auditor	4958267
aparento	4958266
postizas	4958265
afronta	4958264
esfumate	4958263
extinto	4958262
declararlo	4958261
quejica	4958260
protegiendote	4958259
olympic	4958258
fallidos	4958257
endurece	4958256
recortando	4958255
vecinal	4958254
maldonado	4958253
demostraba	4958252
colorante	4958251
andros	4958250
tulio	4958249
deformidad	4958248
narcos	4958247
dumplings	4958246
panisse	4958245
vigilandolo	4958244
asentir	4958243
gym	4958242
sauron	4958241
yunque	4958240
hilde	4958239
altruismo	4958238
mere	4958237
greco	4958236
gilliam	4958235
rumana	4958234
procuro	4958233
cumpleanera	4958232
becario	4958231
evaporado	4958230
self	4958229
patologica	4958228
arrojarme	4958227
lubina	4958226
bajadas	4958225
hei	4958224
asando	4958223
helechos	4958222
sunako	4958221
relacionarte	4958220
almohadilla	4958219
detenganla	4958218
vivirias	4958217
mentirosas	4958216
lieberman	4958215
deslice	4958214
acumulada	4958213
apresuradamente	4958212
tenzin	4958211
archienemigo	4958210
regando	4958209
entumecido	4958208
memorice	4958207
producidas	4958206
heywood	4958205
pujando	4958204
suicidare	4958203
liliana	4958202
recaudando	4958201
participaba	4958200
adictiva	4958199
pesara	4958198
amandote	4958197
patin	4958196
decepcionarla	4958195
representaban	4958194
jajaja	4958193
angosto	4958192
arrodillarme	4958191
expandio	4958190
rus	4958189
becks	4958188
apoderaron	4958187
lonny	4958186
buckland	4958185
estupefacto	4958184
renuncian	4958183
danina	4958182
boletas	4958181
encimera	4958180
byun	4958179
emboscaron	4958178
sombrerito	4958177
bombacha	4958176
empujame	4958175
enesima	4958174
resistia	4958173
dimita	4958172
coordinando	4958171
degustar	4958170
soccer	4958169
til	4958168
baladas	4958167
eo	4958166
bells	4958165
instalarme	4958164
retorcer	4958163
isolda	4958162
adiestramiento	4958161
heidelberg	4958160
pornograficas	4958159
aplastaremos	4958158
integrarse	4958157
fijaron	4958156
aclamado	4958155
desespera	4958154
envolviendo	4958153
selfie	4958152
kerr	4958151
dirigiera	4958150
tiraran	4958149
papeleta	4958148
parace	4958147
estiro	4958146
previsiones	4958145
cosilla	4958144
puritanos	4958143
anhelan	4958142
acaparando	4958141
flipper	4958140
qeu	4958139
motines	4958138
mandi	4958137
incompletos	4958136
hagamosle	4958135
ado	4958134
dermatologo	4958133
magulladuras	4958132
apresura	4958131
uhhh	4958130
cofres	4958129
cambiadas	4958128
conquistarla	4958127
sorprendernos	4958126
mandeme	4958125
administrando	4958124
surgimiento	4958123
renovando	4958122
waterman	4958121
girasoles	4958120
adoptando	4958119
requeridos	4958118
chuparme	4958117
poniendolo	4958116
intracraneal	4958115
comertelo	4958114
tupperware	4958113
leighton	4958112
napster	4958111
barnum	4958110
resultaste	4958109
sumido	4958108
eri	4958107
arcades	4958106
desate	4958105
sacaros	4958104
gr	4958103
sacristan	4958102
pasivos	4958101
despideme	4958100
fogatas	4958099
evoca	4958098
terneros	4958097
clover	4958096
encriptados	4958095
abrigada	4958094
hundes	4958093
citada	4958092
desorganizado	4958091
regresaban	4958090
despejando	4958089
alarga	4958088
revolucionar	4958087
cuestionarme	4958086
hebrea	4958085
anzuelos	4958084
amistosas	4958083
salmos	4958082
tape	4958081
participas	4958080
jesuitas	4958079
defraude	4958078
cirque	4958077
folklore	4958076
convencen	4958075
trabajarias	4958074
psicoterapia	4958073
simpaticas	4958072
carmelo	4958071
marchante	4958070
tratalo	4958069
jueguecitos	4958068
giancarlo	4958067
cooperado	4958066
boticario	4958065
garnett	4958064
refinados	4958063
sacrificaste	4958062
transportista	4958061
porsupuesto	4958060
impunidad	4958059
hacedle	4958058
pescas	4958057
diggle	4958056
renacuajos	4958055
perdonarnos	4958054
shad	4958053
snap	4958052
reporten	4958051
limito	4958050
liebres	4958049
cyber	4958048
zambullida	4958047
yno	4958046
descarto	4958045
canilla	4958044
construiran	4958043
kruse	4958042
vilo	4958041
corrijo	4958040
alentado	4958039
revelados	4958038
despojos	4958037
expirado	4958036
indie	4958035
tirante	4958034
danarte	4958033
retenerlos	4958032
complicarse	4958031
cocinarlo	4958030
arrebatada	4958029
gudrun	4958028
impresas	4958027
considerese	4958026
llevarnoslo	4958025
estrangularon	4958024
reclutados	4958023
vestigio	4958022
preparandonos	4958021
envolvi	4958020
ahorrarme	4958019
avril	4958018
heston	4958017
chiquitos	4958016
johnno	4958015
mmmmm	4958014
albacea	4958013
agripina	4958012
mediar	4958011
humillaste	4958010
sacks	4958009
cailate	4958008
obedeciendo	4958007
perico	4958006
reuniendose	4958005
funcionamos	4958004
obscenos	4958003
salpicar	4958002
desconfiada	4958001
chachi	4958000
microscopicas	4957999
diques	4957998
minx	4957997
tt	4957996
metcalf	4957995
blackstone	4957994
intuyo	4957993
casamentera	4957992
notoriedad	4957991
aspirado	4957990
contactando	4957989
asociarse	4957988
incisiones	4957987
concentraciones	4957986
descuidar	4957985
palms	4957984
geologico	4957983
ecg	4957982
separaba	4957981
sacrificare	4957980
loable	4957979
earhart	4957978
thoreau	4957977
compruebes	4957976
rinpoche	4957975
carney	4957974
chupasangre	4957973
vectores	4957972
terminaban	4957971
pbs	4957970
saltadores	4957969
enmiendas	4957968
preve	4957967
desagrado	4957966
reemplazaron	4957965
desterrada	4957964
removiendo	4957963
krystal	4957962
weenie	4957961
vampire	4957960
infartos	4957959
colarnos	4957958
corroe	4957957
agarrados	4957956
encomendamos	4957955
kline	4957954
gosh	4957953
expandiendose	4957952
fulanas	4957951
contadora	4957950
dedicate	4957949
cortarles	4957948
buscapleitos	4957947
quitala	4957946
planeadas	4957945
secretarios	4957944
endicott	4957943
calladas	4957942
horrendos	4957941
tanja	4957940
perdeis	4957939
veracruz	4957938
rebotan	4957937
periodistico	4957936
curados	4957935
destructora	4957934
hon	4957933
hyperion	4957932
afinado	4957931
milkha	4957930
picnics	4957929
choferes	4957928
camillas	4957927
cerdita	4957926
vodevil	4957925
masturbas	4957924
guisqui	4957923
mascarada	4957922
dispersar	4957921
saludalo	4957920
monday	4957919
inscribir	4957918
interrogante	4957917
beberse	4957916
sheba	4957915
fujii	4957914
navego	4957913
adelina	4957912
sacrificamos	4957911
matasen	4957910
estacionarse	4957909
proclamado	4957908
enriquecer	4957907
histericos	4957906
subestacion	4957905
meng	4957904
predicadores	4957903
mortifera	4957902
tolerantes	4957901
porotos	4957900
lupita	4957899
irrespetuosa	4957898
conozcais	4957897
pillarlo	4957896
pensadlo	4957895
degollado	4957894
teatrales	4957893
inigo	4957892
blossom	4957891
curiosear	4957890
ablandado	4957889
arrivederci	4957888
ark	4957887
golpeador	4957886
nia	4957885
imperfeccion	4957884
kazon	4957883
sacarselo	4957882
sandalia	4957881
falsificadores	4957880
confinados	4957879
reclame	4957878
viscoso	4957877
siglas	4957876
belly	4957875
supersticiosos	4957874
purpurina	4957873
apuesten	4957872
enter	4957871
instancias	4957870
pronunciarlo	4957869
piston	4957868
vulva	4957867
hidra	4957866
transfusiones	4957865
karol	4957864
interponerme	4957863
escogida	4957862
bulgaro	4957861
activaron	4957860
quitanieves	4957859
hablarse	4957858
pelearas	4957857
rindase	4957856
fechado	4957855
farah	4957854
hyatt	4957853
mordor	4957852
magoo	4957851
oscurecio	4957850
ek	4957849
arcy	4957848
saludame	4957847
odiare	4957846
protegeras	4957845
transpondedor	4957844
expandido	4957843
soplona	4957842
comuniquese	4957841
evitarlos	4957840
linderman	4957839
shinigami	4957838
cuestione	4957837
tiradora	4957836
maritales	4957835
pasenla	4957834
doblamos	4957833
espartano	4957832
sedoso	4957831
astronomico	4957830
secara	4957829
torturador	4957828
patean	4957827
sedas	4957826
ravioli	4957825
orfanatos	4957824
neuronales	4957823
kwai	4957822
toleran	4957821
comportaste	4957820
cavan	4957819
agarremos	4957818
duraron	4957817
davros	4957816
disminuya	4957815
pudrir	4957814
sortear	4957813
pintarla	4957812
contarlas	4957811
pasadizos	4957810
herschel	4957809
noviecita	4957808
marchand	4957807
distanciado	4957806
enterraran	4957805
gaylord	4957804
fragante	4957803
conclave	4957802
golpecitos	4957801
hac	4957800
philo	4957799
july	4957798
extinguieron	4957797
guao	4957796
orin	4957795
entrevistarlo	4957794
taº	4957793
cierne	4957792
embutidos	4957791
perceptivo	4957790
jurgen	4957789
someterme	4957788
lover	4957787
tachado	4957786
elevara	4957785
adjetivos	4957784
depot	4957783
repugnancia	4957782
tragate	4957781
jeannot	4957780
cybertron	4957779
mcfly	4957778
excavado	4957777
cachondeo	4957776
nadya	4957775
fetichista	4957774
pasarselo	4957773
ninfas	4957772
hennessey	4957771
impactada	4957770
pasatelo	4957769
ilesos	4957768
garantizamos	4957767
monologos	4957766
flacido	4957765
shakti	4957764
modernidad	4957763
transformada	4957762
cake	4957761
cardiopulmonar	4957760
exhumacion	4957759
allanar	4957758
fraiser	4957757
detalladas	4957756
gert	4957755
predecesores	4957754
selectividad	4957753
liszt	4957752
descansad	4957751
trasladarme	4957750
momentaneo	4957749
peluches	4957748
arabella	4957747
catcher	4957746
vivieran	4957745
boludeces	4957744
pusieramos	4957743
analicemos	4957742
gagarin	4957741
creyese	4957740
papanatas	4957739
anormalidad	4957738
vivito	4957737
leias	4957736
seises	4957735
pedid	4957734
amanecera	4957733
agotan	4957732
hup	4957731
sito	4957730
investigas	4957729
craigslist	4957728
abhimanyu	4957727
pezuela	4957726
continuaria	4957725
woodley	4957724
iwo	4957723
preparaciones	4957722
interroguen	4957721
jakes	4957720
ep	4957719
desangrarse	4957718
chanchal	4957717
inculpado	4957716
ortodoncia	4957715
peleados	4957714
regent	4957713
pocket	4957712
vigata	4957711
codificados	4957710
gloriosas	4957709
sahil	4957708
tachan	4957707
pareciste	4957706
vermeer	4957705
amina	4957704
tokugawa	4957703
pendragon	4957702
vegano	4957701
meteorologica	4957700
lavarla	4957699
chesterton	4957698
identifiquen	4957697
reuma	4957696
asnos	4957695
suspenden	4957694
serviros	4957693
quier	4957692
resisti	4957691
variadas	4957690
incredulidad	4957689
demostrarselo	4957688
hosteria	4957687
gaita	4957686
incita	4957685
vacunado	4957684
banaba	4957683
sima	4957682
pelas	4957681
irritarme	4957680
corbeta	4957679
eludiendo	4957678
darin	4957677
primeramente	4957676
irrupcion	4957675
vinculante	4957674
appa	4957673
retiros	4957672
tippi	4957671
huesitos	4957670
govinda	4957669
construirse	4957668
taiga	4957667
luminosos	4957666
insultaste	4957665
compresa	4957664
duplicados	4957663
deng	4957662
cuidarias	4957661
participen	4957660
dociles	4957659
benedicto	4957658
transportarlo	4957657
ofenderlo	4957656
exprimido	4957655
investigada	4957654
bugatti	4957653
ciclomotor	4957652
fijare	4957651
rendiran	4957650
abolicion	4957649
aliviados	4957648
equivoquen	4957647
acudo	4957646
roar	4957645
residenciales	4957644
revivio	4957643
loud	4957642
cauto	4957641
moulin	4957640
nostalgica	4957639
sanitarias	4957638
margarina	4957637
spangler	4957636
frutilla	4957635
haywood	4957634
miradlo	4957633
verbos	4957632
declararte	4957631
notifique	4957630
abrieran	4957629
shoo	4957628
sincronizar	4957627
hannigan	4957626
mozambique	4957625
olfatear	4957624
tics	4957623
hablele	4957622
recorcholis	4957621
atravesaremos	4957620
apremia	4957619
mitt	4957618
ruegos	4957617
ventajoso	4957616
eagleton	4957615
montarla	4957614
pacifistas	4957613
acordando	4957612
modifico	4957611
amistosamente	4957610
peacock	4957609
valemos	4957608
geografico	4957607
patience	4957606
komal	4957605
svr	4957604
escribian	4957603
conversemos	4957602
anagrama	4957601
opto	4957600
alejalo	4957599
permaneci	4957598
orcas	4957597
recuperate	4957596
difteria	4957595
kaylee	4957594
madrugador	4957593
estanques	4957592
alexi	4957591
antropologo	4957590
aprendida	4957589
presencie	4957588
descrita	4957587
stapleton	4957586
utilizaria	4957585
traedle	4957584
frick	4957583
impresionable	4957582
casaca	4957581
almohadones	4957580
avido	4957579
kinte	4957578
pescaste	4957577
leamos	4957576
eeh	4957575
iconos	4957574
public	4957573
provengo	4957572
remplazar	4957571
hidratante	4957570
lija	4957569
conociais	4957568
angina	4957567
repasamos	4957566
conserven	4957565
suplicamos	4957564
aldridge	4957563
encajes	4957562
sugerimos	4957561
empujamos	4957560
credulo	4957559
esposalo	4957558
zi	4957557
retractarse	4957556
deslealtad	4957555
bangalore	4957554
intenteis	4957553
indiscreciones	4957552
aparejo	4957551
jeopardy	4957550
condensador	4957549
jale	4957548
utilizarlos	4957547
anunciantes	4957546
afirmativa	4957545
retorcidas	4957544
ryuji	4957543
alquilarlo	4957542
tenista	4957541
ruidosas	4957540
apetitoso	4957539
simplon	4957538
caminaste	4957537
secuestramos	4957536
rozado	4957535
binky	4957534
enlazar	4957533
puntajes	4957532
finde	4957531
noi	4957530
desviarse	4957529
lorenz	4957528
pedida	4957527
shackleton	4957526
virginal	4957525
hoffa	4957524
nevadas	4957523
dulcinea	4957522
atracaron	4957521
enterare	4957520
celsius	4957519
aplastadas	4957518
veintiun	4957517
picha	4957516
desafinado	4957515
alcen	4957514
marinera	4957513
salerno	4957512
nominal	4957511
sentaran	4957510
jeanine	4957509
bluebird	4957508
emisores	4957507
timado	4957506
interesen	4957505
conspirado	4957504
liberad	4957503
auguste	4957502
braille	4957501
manya	4957500
lok	4957499
alusion	4957498
cortesanas	4957497
soportarla	4957496
moldeado	4957495
bidones	4957494
chess	4957493
cepillar	4957492
beberme	4957491
intentase	4957490
rezaremos	4957489
secuestrarla	4957488
balcones	4957487
recetar	4957486
rompete	4957485
cardigan	4957484
victimologia	4957483
higados	4957482
envenenarme	4957481
perfumada	4957480
detenme	4957479
esclavizado	4957478
scorpio	4957477
hummus	4957476
cargaremos	4957475
brubaker	4957474
capturando	4957473
navegantes	4957472
halstead	4957471
gypsy	4957470
crime	4957469
tacanos	4957468
visera	4957467
deshonroso	4957466
nome	4957465
amerita	4957464
sacrifican	4957463
afeitas	4957462
concibio	4957461
trafalgar	4957460
localmente	4957459
neff	4957458
acarrear	4957457
repetidos	4957456
bonnet	4957455
futurista	4957454
alojamientos	4957453
code	4957452
examinemos	4957451
amortiguador	4957450
myrna	4957449
alejarlos	4957448
macabra	4957447
refriega	4957446
educando	4957445
protestan	4957444
cesira	4957443
complacera	4957442
supuestas	4957441
pillarte	4957440
dagmar	4957439
parase	4957438
conducidos	4957437
localizaron	4957436
arriesgaron	4957435
entiendeme	4957434
quest	4957433
embustera	4957432
phillipe	4957431
limitare	4957430
solomillo	4957429
televisiones	4957428
golpearnos	4957427
substituto	4957426
damme	4957425
orientado	4957424
jalapao	4957423
animosidad	4957422
paralizo	4957421
gominolas	4957420
figuran	4957419
accediste	4957418
canarios	4957417
ordenadas	4957416
repondra	4957415
soltarle	4957414
bulgaros	4957413
recurrio	4957412
sugeria	4957411
taffy	4957410
atraerlos	4957409
abnegacion	4957408
parecieran	4957407
remodelar	4957406
teseo	4957405
stuttgart	4957404
sommers	4957403
victoriano	4957402
theatre	4957401
patinadora	4957400
hoyle	4957399
nanobots	4957398
indecentes	4957397
salpica	4957396
perdieran	4957395
yui	4957394
imprimio	4957393
each	4957392
amarrada	4957391
cornualles	4957390
sujetale	4957389
flujos	4957388
perdieramos	4957387
contradictorias	4957386
omelette	4957385
relacionarlo	4957384
paseito	4957383
redimirme	4957382
bromeamos	4957381
trineos	4957380
encurtidos	4957379
suspendi	4957378
gwang	4957377
matias	4957376
saborea	4957375
arbitraje	4957374
mehta	4957373
pelando	4957372
augurios	4957371
difundido	4957370
abduccion	4957369
sostenme	4957368
fastidiarlo	4957367
promocionando	4957366
sietes	4957365
precavidos	4957364
conversa	4957363
sudores	4957362
combaten	4957361
creernos	4957360
bohemio	4957359
zorin	4957358
quererle	4957357
telford	4957356
kala	4957355
desanime	4957354
atta	4957353
rydell	4957352
estipula	4957351
nutre	4957350
termas	4957349
reconocible	4957348
aprobarlo	4957347
huira	4957346
mita	4957345
alquilaron	4957344
cruje	4957343
obsoletos	4957342
complacerla	4957341
pippi	4957340
chute	4957339
lacroix	4957338
tontin	4957337
tacha	4957336
ntac	4957335
medimos	4957334
appleby	4957333
odontologia	4957332
empezaramos	4957331
fumada	4957330
frotis	4957329
debutantes	4957328
ignoralos	4957327
bateando	4957326
estrangularte	4957325
islamicos	4957324
tiroteado	4957323
enloqueceria	4957322
agachados	4957321
lamentan	4957320
exhibiendo	4957319
fonografo	4957318
percepciones	4957317
escribamos	4957316
textualmente	4957315
broots	4957314
operarle	4957313
soldadura	4957312
fool	4957311
infecte	4957310
copado	4957309
luciria	4957308
opositores	4957307
jareau	4957306
alright	4957305
shaughnessy	4957304
cagadero	4957303
repensar	4957302
soong	4957301
rebosa	4957300
revelaria	4957299
ofrezcas	4957298
enlatado	4957297
honrarlo	4957296
animes	4957295
dew	4957294
jos	4957293
expresas	4957292
albaricoque	4957291
gestor	4957290
hate	4957289
dyer	4957288
nevers	4957287
desahogate	4957286
gae	4957285
parrafos	4957284
bully	4957283
ripeados	4957282
salientes	4957281
relamente	4957280
maigret	4957279
regresame	4957278
volverlos	4957277
heparina	4957276
adopciones	4957275
erectil	4957274
buenorra	4957273
bhaskar	4957272
escribieras	4957271
escucheis	4957270
desencadenado	4957269
miradita	4957268
mcavoy	4957267
heydrich	4957266
subestimando	4957265
escolte	4957264
sacro	4957263
alcancia	4957262
yung	4957261
testamentos	4957260
administro	4957259
activarlo	4957258
jace	4957257
glynn	4957256
culver	4957255
cimas	4957254
futon	4957253
monasterios	4957252
desmonten	4957251
ningunos	4957250
ciberneticos	4957249
veneracion	4957248
demandarlo	4957247
periodicamente	4957246
scanner	4957245
sebo	4957244
javed	4957243
impedirmelo	4957242
buscavidas	4957241
ahmet	4957240
casaya	4957239
jhonny	4957238
deciroslo	4957237
slayer	4957236
pidiese	4957235
considerandolo	4957234
pablito	4957233
alarmes	4957232
transportacion	4957231
pym	4957230
bodhi	4957229
eliminare	4957228
avisados	4957227
phipps	4957226
geologica	4957225
desvestirse	4957224
juguetona	4957223
impartir	4957222
hide	4957221
gotero	4957220
quedarmela	4957219
anduviste	4957218
cragen	4957217
contiguo	4957216
lujurioso	4957215
desafias	4957214
sombrios	4957213
raspar	4957212
vacacion	4957211
vocecita	4957210
estrelle	4957209
compralo	4957208
crisol	4957207
tutti	4957206
molestarles	4957205
experimentaron	4957204
garantizan	4957203
origina	4957202
aquino	4957201
encerado	4957200
guardaron	4957199
intuitiva	4957198
bajeza	4957197
miligramo	4957196
mabuse	4957195
admitamoslo	4957194
conformarte	4957193
frustra	4957192
weathers	4957191
normie	4957190
ignoraron	4957189
olvidadlo	4957188
ataste	4957187
hablales	4957186
lamentare	4957185
wisteria	4957184
inoperable	4957183
entrabas	4957182
batatas	4957181
comprometieron	4957180
morrie	4957179
penultimo	4957178
walmart	4957177
despertarlos	4957176
trepo	4957175
violaba	4957174
masturbo	4957173
contraten	4957172
inmediatos	4957171
controlaban	4957170
gogo	4957169
afligidos	4957168
mothra	4957167
adquiri	4957166
destacada	4957165
recomponer	4957164
convencerse	4957163
shinhwa	4957162
soportamos	4957161
qe	4957160
cabelleras	4957159
velando	4957158
truly	4957157
creibles	4957156
entreis	4957155
aconsejarle	4957154
celebraron	4957153
desgarrar	4957152
pupitre	4957151
ulf	4957150
marginales	4957149
kenyon	4957148
metanlo	4957147
contagiar	4957146
ahorcados	4957145
alistar	4957144
cristalino	4957143
echarias	4957142
duquesne	4957141
alzara	4957140
caminaras	4957139
parala	4957138
memos	4957137
lasky	4957136
pisaste	4957135
ix	4957134
caspita	4957133
exportaciones	4957132
irrompible	4957131
conciencias	4957130
ingratos	4957129
violen	4957128
evo	4957127
surtidor	4957126
jaye	4957125
resolverlos	4957124
graf	4957123
conseguis	4957122
cabrito	4957121
desfigurada	4957120
leto	4957119
egg	4957118
dieu	4957117
inquietes	4957116
flavia	4957115
escupi	4957114
jezabel	4957113
goofy	4957112
ymca	4957111
clavare	4957110
arrepintiendo	4957109
excusarme	4957108
collarin	4957107
demetrius	4957106
educador	4957105
firmaba	4957104
hule	4957103
roanoke	4957102
deceso	4957101
rosanna	4957100
ship	4957099
importada	4957098
refiera	4957097
predigo	4957096
banan	4957095
deshiciera	4957094
partia	4957093
consultando	4957092
liados	4957091
obturador	4957090
abue	4957089
senorias	4957088
fantaseando	4957087
enterprises	4957086
rotar	4957085
avanzad	4957084
siganlo	4957083
desactivarlo	4957082
conformare	4957081
hickory	4957080
moviendome	4957079
ooo	4957078
croatas	4957077
daniele	4957076
hundirte	4957075
simona	4957074
limpiaria	4957073
fcc	4957072
sayers	4957071
horquillas	4957070
mimosas	4957069
gowron	4957068
destruyelo	4957067
importen	4957066
rellano	4957065
veterinarios	4957064
sobrecargo	4957063
nanotecnologia	4957062
atane	4957061
gecko	4957060
huiremos	4957059
ampare	4957058
exploraciones	4957057
dedujo	4957056
gg	4957055
satisfechas	4957054
apestosas	4957053
destacan	4957052
remolcado	4957051
facilidades	4957050
informativos	4957049
trabajarlo	4957048
celofan	4957047
cucharon	4957046
escenografia	4957045
estallando	4957044
renacentista	4957043
consulto	4957042
gervais	4957041
wicked	4957040
wolcott	4957039
inclinas	4957038
dry	4957037
fatidico	4957036
jubileo	4957035
modern	4957034
salvaros	4957033
seguidora	4957032
convirtamos	4957031
fatty	4957030
carlene	4957029
iniciados	4957028
torturarlo	4957027
desagues	4957026
admitalo	4957025
mahesh	4957024
shut	4957023
vistanse	4957022
quemaras	4957021
puppy	4957020
generada	4957019
seller	4957018
esquivo	4957017
ramitas	4957016
josette	4957015
desnutricion	4957014
peroxido	4957013
mandaban	4957012
relajaos	4957011
elgin	4957010
bittu	4957009
nono	4957008
mayberry	4957007
quirt	4957006
montara	4957005
exagerados	4957004
rezagados	4957003
tusk	4957002
royale	4957001
librero	4957000
sicilianos	4956999
mette	4956998
clandestinamente	4956997
marlin	4956996
zolana	4956995
debilitan	4956994
imaginabamos	4956993
greenleaf	4956992
fancy	4956991
kyrie	4956990
aburra	4956989
brannan	4956988
caias	4956987
valiant	4956986
deslumbrado	4956985
forceps	4956984
burma	4956983
hombreton	4956982
beberte	4956981
guardaras	4956980
prodigioso	4956979
desafortunadas	4956978
abandonaba	4956977
chucrut	4956976
traelas	4956975
consagrada	4956974
juntarlos	4956973
recreando	4956972
pediatrica	4956971
despellejar	4956970
adelantamos	4956969
peaks	4956968
concienzudo	4956967
tintin	4956966
pecaminoso	4956965
zimmer	4956964
sinergia	4956963
timpanos	4956962
coordinadora	4956961
rossini	4956960
estocada	4956959
valmont	4956958
clamando	4956957
atacare	4956956
notes	4956955
deduce	4956954
colvin	4956953
plumero	4956952
rihanna	4956951
terminadas	4956950
taurus	4956949
declaraste	4956948
simpatizo	4956947
hun	4956946
ludovic	4956945
entropia	4956944
sentirlos	4956943
barbosa	4956942
gladstone	4956941
boletines	4956940
poniente	4956939
colocaba	4956938
gilberte	4956937
torsion	4956936
luminosas	4956935
kansuke	4956934
honrando	4956933
respondele	4956932
shashi	4956931
confundirte	4956930
levinson	4956929
traeros	4956928
retornados	4956927
cansador	4956926
parra	4956925
oloarte	4956924
jessy	4956923
coloniales	4956922
filmaba	4956921
beans	4956920
notifica	4956919
letitia	4956918
cova	4956917
distorsiones	4956916
irritar	4956915
magnificencia	4956914
decodificar	4956913
comisionados	4956912
desmayes	4956911
tirale	4956910
irascible	4956909
rickey	4956908
desprevenidos	4956907
lloraras	4956906
microbio	4956905
preciadas	4956904
protagonizado	4956903
patearia	4956902
alak	4956901
tintas	4956900
casucha	4956899
kobol	4956898
temporaria	4956897
favorecen	4956896
snacks	4956895
decepticon	4956894
pavlov	4956893
preeti	4956892
mojave	4956891
coexistir	4956890
recordados	4956889
reconsiderado	4956888
pondriamos	4956887
acolchado	4956886
garvin	4956885
reias	4956884
parabolica	4956883
depravada	4956882
incierta	4956881
pauli	4956880
veterana	4956879
guien	4956878
honran	4956877
python	4956876
telegrafos	4956875
reforzada	4956874
ritmica	4956873
packer	4956872
mazorca	4956871
montarme	4956870
breck	4956869
cogieran	4956868
frivolidad	4956867
cobrarme	4956866
daselos	4956865
brincando	4956864
impacta	4956863
comerian	4956862
acusandome	4956861
gershwin	4956860
blanquita	4956859
susurran	4956858
kumiko	4956857
uniendose	4956856
alcachofa	4956855
diner	4956854
conspiran	4956853
investigados	4956852
prepararlos	4956851
echandole	4956850
alban	4956849
campion	4956848
motoras	4956847
baneras	4956846
arruinarnos	4956845
manteniendose	4956844
bajorana	4956843
ejecutara	4956842
comercios	4956841
alek	4956840
miramar	4956839
flama	4956838
agitados	4956837
unirsenos	4956836
sonajero	4956835
impulsor	4956834
cazaba	4956833
telegraph	4956832
lita	4956831
abarcar	4956830
dolls	4956829
doppler	4956828
martins	4956827
guianos	4956826
investigandolo	4956825
ariete	4956824
destrozarlo	4956823
gilberto	4956822
trimble	4956821
langer	4956820
janos	4956819
secuestrarme	4956818
caracteriza	4956817
arruinaran	4956816
codornices	4956815
artemisa	4956814
sly	4956813
pisen	4956812
canceladas	4956811
potros	4956810
doblaje	4956809
apuntame	4956808
wide	4956807
alento	4956806
juventudes	4956805
enojaba	4956804
ein	4956803
demandamos	4956802
mclaughlin	4956801
karine	4956800
swearengen	4956799
hanne	4956798
atormentan	4956797
vienna	4956796
barrabas	4956795
compresas	4956794
inmobiliarias	4956793
winkle	4956792
desviada	4956791
recomendaron	4956790
model	4956789
retenerle	4956788
respondidas	4956787
gula	4956786
terapeutica	4956785
animaba	4956784
cego	4956783
pacificas	4956782
vid	4956781
mannion	4956780
templada	4956779
retrovirus	4956778
apeste	4956777
esquizofrenica	4956776
adelantaron	4956775
emboscadas	4956774
subele	4956773
secretariat	4956772
christo	4956771
dragan	4956770
marcharia	4956769
movieras	4956768
soldaditos	4956767
montecristo	4956766
sujeten	4956765
charlemos	4956764
disminuyen	4956763
conjuncion	4956762
emporio	4956761
cobraron	4956760
tachibana	4956759
fumarme	4956758
aproveches	4956757
comanda	4956756
permitirtelo	4956755
retractor	4956754
incomunicado	4956753
hanlon	4956752
lipton	4956751
equivocais	4956750
sumergible	4956749
estropeara	4956748
guardarropas	4956747
percate	4956746
rabiosa	4956745
mizoguchi	4956744
pirateado	4956743
concordia	4956742
bajaban	4956741
enfriara	4956740
aumentamos	4956739
rapear	4956738
noni	4956737
hewlett	4956736
alegraran	4956735
catedrales	4956734
producidos	4956733
convenceras	4956732
sorrento	4956731
conyuges	4956730
conducida	4956729
mucosa	4956728
lumbre	4956727
comprobada	4956726
sexis	4956725
conducian	4956724
cotorra	4956723
coleccionando	4956722
yeager	4956721
suspendan	4956720
calculador	4956719
desprendio	4956718
olvidadizo	4956717
pusiese	4956716
regata	4956715
maximilian	4956714
rotor	4956713
constanza	4956712
boquiabierto	4956711
letargo	4956710
metafisica	4956709
envejeces	4956708
inundados	4956707
ducho	4956706
reconocerle	4956705
pushkin	4956704
escogera	4956703
enredadera	4956702
cruzarme	4956701
ariana	4956700
informadores	4956699
imparables	4956698
olian	4956697
testificado	4956696
rigen	4956695
ottawa	4956694
adquirida	4956693
trivialidades	4956692
brunson	4956691
encabezar	4956690
sumergir	4956689
basural	4956688
pintarte	4956687
spokane	4956686
guadalajara	4956685
agitan	4956684
cannoli	4956683
montero	4956682
agito	4956681
misas	4956680
enoch	4956679
juzgaran	4956678
concedieron	4956677
cauce	4956676
calentadores	4956675
menospreciar	4956674
archivador	4956673
confiscados	4956672
evitaste	4956671
observad	4956670
servirian	4956669
islenos	4956668
dianne	4956667
desahogarte	4956666
alvey	4956665
concesionaria	4956664
fision	4956663
riccardo	4956662
jodimos	4956661
toracotomia	4956660
leaf	4956659
ajax	4956658
ascuas	4956657
oms	4956656
tiff	4956655
atea	4956654
resucita	4956653
tortita	4956652
fiske	4956651
visualiza	4956650
supervisado	4956649
weinstein	4956648
wolowitz	4956647
reaccionaron	4956646
excito	4956645
cuartas	4956644
deliberacion	4956643
voldemort	4956642
carezco	4956641
estiman	4956640
sorpresivo	4956639
betts	4956638
khaleesi	4956637
mba	4956636
yelp	4956635
palidas	4956634
observarla	4956633
contradictorio	4956632
ulysses	4956631
saya	4956630
aniquilados	4956629
indu	4956628
boyce	4956627
superaron	4956626
peak	4956625
deauville	4956624
endemoniadamente	4956623
despertaran	4956622
telefoneare	4956621
demuestrale	4956620
mimbre	4956619
err	4956618
cobijas	4956617
delantales	4956616
atom	4956615
laxantes	4956614
sorprendan	4956613
gasten	4956612
dobladas	4956611
llenarte	4956610
arido	4956609
hoboken	4956608
compartirlas	4956607
recordartelo	4956606
contentar	4956605
mowgli	4956604
recelo	4956603
envuelvo	4956602
cuece	4956601
lovett	4956600
excites	4956599
rawls	4956598
naz	4956597
entrenaste	4956596
ilegitima	4956595
apoyame	4956594
presionaba	4956593
kama	4956592
deprima	4956591
ingmar	4956590
inspeccionado	4956589
advertida	4956588
dtve	4956587
unirlos	4956586
vivaldi	4956585
llevandola	4956584
flats	4956583
zapatera	4956582
subalterno	4956581
acomodando	4956580
deo	4956579
recobre	4956578
bendicenos	4956577
aparecemos	4956576
enfadadas	4956575
imponen	4956574
compi	4956573
bologna	4956572
almorcemos	4956571
preocupandote	4956570
tgs	4956569
preciosura	4956568
fracasas	4956567
egeo	4956566
danger	4956565
akiyama	4956564
crimson	4956563
grandview	4956562
boulogne	4956561
lloraron	4956560
inhumanos	4956559
odiaste	4956558
transporto	4956557
alka	4956556
causen	4956555
bleu	4956554
gomitas	4956553
hartas	4956552
formaldehido	4956551
publicitarios	4956550
untar	4956549
yano	4956548
mailer	4956547
reflujo	4956546
mencionada	4956545
enanas	4956544
gestacion	4956543
advierten	4956542
centran	4956541
ermita	4956540
funerarias	4956539
aranado	4956538
fabricados	4956537
fabricaron	4956536
molestada	4956535
narayan	4956534
excedente	4956533
charada	4956532
escojas	4956531
inventadas	4956530
cansara	4956529
considerame	4956528
ricachones	4956527
kiryu	4956526
deline	4956525
civica	4956524
comprometen	4956523
bryson	4956522
llo	4956521
debby	4956520
corteses	4956519
disgustados	4956518
dependienta	4956517
entremeses	4956516
kits	4956515
violas	4956514
drogan	4956513
maurizio	4956512
amarlos	4956511
shalu	4956510
carabinieri	4956509
fieltro	4956508
hubot	4956507
contraataca	4956506
discrepo	4956505
arrancadas	4956504
recolecta	4956503
buu	4956502
planicie	4956501
lavamanos	4956500
definiciones	4956499
enfurecer	4956498
postizos	4956497
artilugios	4956496
rascas	4956495
liquidez	4956494
furiosas	4956493
cuentenme	4956492
impresionaste	4956491
dareis	4956490
adelantemos	4956489
puntito	4956488
baez	4956487
hayworth	4956486
pontelas	4956485
teletransportacion	4956484
biologos	4956483
atorados	4956482
natacha	4956481
bocaditos	4956480
interrogare	4956479
retando	4956478
alteradas	4956477
stadium	4956476
desconocen	4956475
sudaderas	4956474
asustadizo	4956473
uzi	4956472
extorsionar	4956471
sedgwick	4956470
marietta	4956469
mudaria	4956468
captaron	4956467
subespacio	4956466
sas	4956465
cerrarle	4956464
evites	4956463
desfachatez	4956462
grilla	4956461
ensaya	4956460
geo	4956459
cansaron	4956458
poblados	4956457
arruinarla	4956456
desperate	4956455
mordiera	4956454
tengalo	4956453
sixtina	4956452
operario	4956451
recogeria	4956450
piruleta	4956449
requerimos	4956448
timidas	4956447
estepa	4956446
irregularidad	4956445
filomena	4956444
encendia	4956443
cremosa	4956442
obedecemos	4956441
petite	4956440
hackeando	4956439
desangre	4956438
radiaciones	4956437
admitan	4956436
sitting	4956435
instalarte	4956434
escaneos	4956433
hellcats	4956432
diccion	4956431
salirnos	4956430
leery	4956429
malabarista	4956428
exento	4956427
wine	4956426
declinar	4956425
localidades	4956424
masturba	4956423
gatorade	4956422
apurando	4956421
planteo	4956420
gorditos	4956419
churro	4956418
maribel	4956417
okada	4956416
registraste	4956415
stanfield	4956414
ukelele	4956413
ox	4956412
geary	4956411
entretenernos	4956410
khrushchev	4956409
yamamori	4956408
subsistir	4956407
halles	4956406
muppets	4956405
recomendarme	4956404
extraida	4956403
vividor	4956402
matasteis	4956401
jackass	4956400
llegasteis	4956399
pasearse	4956398
cambiantes	4956397
contrabandear	4956396
zaheer	4956395
infringido	4956394
cornea	4956393
abunda	4956392
priorato	4956391
zale	4956390
adapte	4956389
salvadores	4956388
arreglarlos	4956387
goleta	4956386
reaccionario	4956385
valens	4956384
consumar	4956383
track	4956382
empatar	4956381
llamela	4956380
presentadores	4956379
astutas	4956378
obedeceras	4956377
bailabamos	4956376
retiraste	4956375
deflectores	4956374
entusiasmes	4956373
fawcett	4956372
niall	4956371
asaltan	4956370
combinando	4956369
bubber	4956368
trimestral	4956367
swarek	4956366
juma	4956365
straker	4956364
lamentarte	4956363
histerectomia	4956362
desprotegido	4956361
plateria	4956360
cheetos	4956359
favoritismo	4956358
desayunaste	4956357
cosmopolitan	4956356
gendarme	4956355
sinusitis	4956354
tomaramos	4956353
crisma	4956352
condujimos	4956351
accesibles	4956350
empinada	4956349
fundadora	4956348
striker	4956347
esterilizar	4956346
dumpty	4956345
mencionando	4956344
ulrik	4956343
cruzarla	4956342
ara	4956341
importando	4956340
apuntarte	4956339
veanlo	4956338
formad	4956337
giordino	4956336
alucard	4956335
azoto	4956334
divididas	4956333
ocioso	4956332
jarrod	4956331
solicitada	4956330
transpiracion	4956329
jaden	4956328
exageran	4956327
ophelia	4956326
landing	4956325
libertador	4956324
pezuna	4956323
fastidiarte	4956322
pra	4956321
escuchabamos	4956320
ochoa	4956319
remolinos	4956318
colonizadores	4956317
reflejaba	4956316
strudel	4956315
fulminante	4956314
falling	4956313
capt	4956312
delegar	4956311
frisco	4956310
satanica	4956309
ranjit	4956308
hombreras	4956307
recuerdale	4956306
revelarlo	4956305
thornhill	4956304
nzt	4956303
nombran	4956302
kaleb	4956301
abducido	4956300
graneros	4956299
raffaele	4956298
resbalon	4956297
turbia	4956296
divisas	4956295
craso	4956294
puntada	4956293
alarmantes	4956292
fumadora	4956291
dali	4956290
ani	4956289
viajaran	4956288
kazajstan	4956287
sobreprotector	4956286
opine	4956285
caifas	4956284
diganmelo	4956283
novotny	4956282
validos	4956281
cota	4956280
encontrasemos	4956279
gd	4956278
remueve	4956277
manufactura	4956276
pedrito	4956275
dahmer	4956274
reyna	4956273
ops	4956272
angkor	4956271
villefort	4956270
arrodilla	4956269
incitacion	4956268
agravio	4956267
affaire	4956266
prevenirlo	4956265
rearden	4956264
contamina	4956263
arreglarle	4956262
irritantes	4956261
suplicado	4956260
brinca	4956259
satomi	4956258
purpuras	4956257
litigios	4956256
belcebu	4956255
muevela	4956254
hacelo	4956253
sucre	4956252
lncreible	4956251
negrita	4956250
escorbuto	4956249
espinoza	4956248
mahendra	4956247
manipulados	4956246
paper	4956245
disecado	4956244
anadirle	4956243
encerrando	4956242
comparaciones	4956241
romo	4956240
archipielago	4956239
enredada	4956238
tomillo	4956237
pollera	4956236
rascando	4956235
brixton	4956234
colono	4956233
asignare	4956232
birgitta	4956231
reinara	4956230
votas	4956229
sintiese	4956228
esforzaste	4956227
fr	4956226
cerraras	4956225
trudi	4956224
fedex	4956223
compradas	4956222
dun	4956221
bellini	4956220
sadica	4956219
apoyaran	4956218
culturalmente	4956217
arbitros	4956216
cacerolas	4956215
prevalecer	4956214
enteraba	4956213
phineas	4956212
llamativos	4956211
tercos	4956210
tumbese	4956209
nn	4956208
ystad	4956207
nodos	4956206
cuidandome	4956205
apareciese	4956204
percutor	4956203
eyacular	4956202
emitira	4956201
gastrico	4956200
decoradora	4956199
yuji	4956198
agradeciendo	4956197
tumbados	4956196
davison	4956195
pactar	4956194
burnside	4956193
webs	4956192
hebra	4956191
proyectado	4956190
intimidados	4956189
animaria	4956188
decepcionarme	4956187
derriban	4956186
yasuko	4956185
estrategicas	4956184
artur	4956183
persuadio	4956182
cancelan	4956181
bubs	4956180
lanzaban	4956179
mizuki	4956178
rudimentario	4956177
recordarlos	4956176
miyuki	4956175
ele	4956174
scottsdale	4956173
wax	4956172
pendrick	4956171
boson	4956170
harwood	4956169
protecciones	4956168
pakistanies	4956167
casandote	4956166
simcoe	4956165
perth	4956164
eriksson	4956163
eficientemente	4956162
despiertalo	4956161
avante	4956160
ajos	4956159
osman	4956158
catania	4956157
quitaros	4956156
bevan	4956155
bouvier	4956154
coincidan	4956153
prasad	4956152
pap	4956151
wok	4956150
extingue	4956149
spooner	4956148
balagan	4956147
protuberancia	4956146
arrepentiran	4956145
alamos	4956144
nikolas	4956143
rodaja	4956142
cooperen	4956141
pareciamos	4956140
recuperarlas	4956139
olvidalos	4956138
fiador	4956137
tsung	4956136
peligrar	4956135
cristian	4956134
inmueble	4956133
johnathan	4956132
rencorosa	4956131
ensamblaje	4956130
almacenan	4956129
reportados	4956128
lentitud	4956127
caffee	4956126
mellizas	4956125
derrote	4956124
jimenez	4956123
contemplad	4956122
encomiendo	4956121
chuckles	4956120
baritono	4956119
indecoroso	4956118
bottom	4956117
fardos	4956116
emigro	4956115
ackroyd	4956114
involucrara	4956113
endemoniada	4956112
inter	4956111
celibe	4956110
directriz	4956109
attica	4956108
quayle	4956107
secarte	4956106
ayudandolo	4956105
inserta	4956104
tomarles	4956103
gascoigne	4956102
piet	4956101
maclean	4956100
leerles	4956099
combatio	4956098
manejada	4956097
manipulaste	4956096
conservamos	4956095
reaparicion	4956094
transmitire	4956093
refrigeradores	4956092
barbanegra	4956091
rimel	4956090
forraje	4956089
arrinconado	4956088
fracasaste	4956087
agrupacion	4956086
solloza	4956085
kaz	4956084
estudies	4956083
manassas	4956082
anticuadas	4956081
taladrar	4956080
oscurecido	4956079
obesa	4956078
regresad	4956077
majos	4956076
derribamos	4956075
fsb	4956074
fedora	4956073
maquillarme	4956072
quejidos	4956071
calientas	4956070
moliere	4956069
hospitalaria	4956068
shalimar	4956067
cicuta	4956066
despreciaba	4956065
girarlo	4956064
cuidaron	4956063
ponzi	4956062
olvidarias	4956061
envidiosa	4956060
ginza	4956059
parental	4956058
armitage	4956057
ravioles	4956056
enfadaste	4956055
ld	4956054
saberla	4956053
dolerte	4956052
delatara	4956051
recorridos	4956050
reportada	4956049
lancemos	4956048
bordillo	4956047
kirsty	4956046
colgaban	4956045
llenala	4956044
generalizada	4956043
nomad	4956042
herrick	4956041
paseandose	4956040
few	4956039
virg	4956038
gobernara	4956037
comet	4956036
comprometiendo	4956035
dividieron	4956034
machetes	4956033
transexuales	4956032
enganosas	4956031
favorcito	4956030
dirigiran	4956029
doblegar	4956028
encerrarse	4956027
obstaculizar	4956026
rociado	4956025
rodearlo	4956024
replicante	4956023
chewbacca	4956022
sanscrito	4956021
envuelven	4956020
irradia	4956019
polka	4956018
nidito	4956017
odiaras	4956016
rogaba	4956015
opresor	4956014
jamieson	4956013
fiestero	4956012
escurridiza	4956011
means	4956010
maridito	4956009
ocultate	4956008
fantomas	4956007
copiamos	4956006
gacha	4956005
marriott	4956004
alimenten	4956003
tropicos	4956002
viales	4956001
sandor	4956000
desactivarla	4955999
hospitalarios	4955998
dudamos	4955997
gravilla	4955996
colocaremos	4955995
oyeras	4955994
kioto	4955993
agite	4955992
incuestionable	4955991
alego	4955990
complacerlo	4955989
cachas	4955988
keri	4955987
estomacales	4955986
genuinos	4955985
ponganla	4955984
figurar	4955983
endurecido	4955982
tiranosaurio	4955981
imaginalo	4955980
traviesas	4955979
cybermen	4955978
operada	4955977
entregarsela	4955976
amarre	4955975
prosperando	4955974
perece	4955973
atm	4955972
distal	4955971
termita	4955970
romperlas	4955969
biscuit	4955968
dukes	4955967
metedura	4955966
pitillera	4955965
lisi	4955964
deshonrar	4955963
ripped	4955962
gustoso	4955961
escupitajo	4955960
sionistas	4955959
colorete	4955958
yeung	4955957
orinado	4955956
witherspoon	4955955
estorbando	4955954
zipper	4955953
pernille	4955952
ganadero	4955951
commendatore	4955950
nautico	4955949
postrado	4955948
phill	4955947
emboscado	4955946
restaura	4955945
recordarselo	4955944
puliendo	4955943
salvala	4955942
limpiarle	4955941
llovizna	4955940
atendemos	4955939
confusiones	4955938
oisteis	4955937
musculatura	4955936
insultarte	4955935
dmv	4955934
oponer	4955933
farandula	4955932
encerraba	4955931
acostandome	4955930
perturbando	4955929
deformes	4955928
mutt	4955927
za	4955926
aromaticas	4955925
fobias	4955924
mingo	4955923
paladin	4955922
sent	4955921
quirurgicas	4955920
gimnastas	4955919
apropiarse	4955918
empinado	4955917
competidora	4955916
directivas	4955915
soc	4955914
sistematica	4955913
aretha	4955912
enrollada	4955911
estafaron	4955910
estoico	4955909
maltratados	4955908
demandara	4955907
escribiran	4955906
culposo	4955905
antiacido	4955904
jour	4955903
polizonte	4955902
presionados	4955901
observados	4955900
tweek	4955899
originario	4955898
boeing	4955897
alquilaste	4955896
monas	4955895
panther	4955894
quatermain	4955893
rc	4955892
timadores	4955891
sparkle	4955890
dividirse	4955889
especificar	4955888
poniendonos	4955887
donador	4955886
inagotable	4955885
venderias	4955884
peinarme	4955883
pionera	4955882
relajantes	4955881
chatswin	4955880
presidir	4955879
daese	4955878
agamenon	4955877
repeti	4955876
masacro	4955875
embriagado	4955874
heo	4955873
splash	4955872
codeina	4955871
patil	4955870
frampton	4955869
claes	4955868
robemos	4955867
mattia	4955866
impares	4955865
abandonaran	4955864
seta	4955863
habsburgo	4955862
demandarnos	4955861
ritu	4955860
oxy	4955859
ocasionar	4955858
granola	4955857
transportamos	4955856
tatsuo	4955855
tweets	4955854
atontada	4955853
rabietas	4955852
sassy	4955851
conformar	4955850
doblen	4955849
reconciliado	4955848
prosperan	4955847
desviamos	4955846
rh	4955845
crest	4955844
escuchemoslo	4955843
hogg	4955842
jarrones	4955841
decodificador	4955840
cooperan	4955839
pigmeo	4955838
minino	4955837
naoko	4955836
yonki	4955835
carrozas	4955834
ig	4955833
exhumar	4955832
encogio	4955831
socorrista	4955830
deveraux	4955829
tr	4955828
certificacion	4955827
calcomania	4955826
aleister	4955825
currar	4955824
platea	4955823
celebres	4955822
ambigua	4955821
covenant	4955820
cremado	4955819
necesiteis	4955818
amadeo	4955817
revisarlos	4955816
avergonzarnos	4955815
lax	4955814
puercoespin	4955813
tragarte	4955812
sospecharan	4955811
sindicales	4955810
amplificadores	4955809
sustituyo	4955808
arqueologica	4955807
zarpas	4955806
galpon	4955805
vulcan	4955804
mirko	4955803
ware	4955802
cammy	4955801
anafilactico	4955800
hershel	4955799
arregladas	4955798
rda	4955797
impermeables	4955796
polvorin	4955795
shifu	4955794
subdirectora	4955793
tumbarse	4955792
amputado	4955791
optado	4955790
becaria	4955789
hinchable	4955788
cierralos	4955787
balbucear	4955786
varillas	4955785
firmaremos	4955784
atenerse	4955783
maltrata	4955782
hack	4955781
curioseando	4955780
valdran	4955779
sentenciados	4955778
succionar	4955777
concurrida	4955776
malevolo	4955775
outside	4955774
iniciaste	4955773
rings	4955772
deportar	4955771
quitandole	4955770
wyler	4955769
saloon	4955768
rodin	4955767
ged	4955766
anormalmente	4955765
compota	4955764
tomariamos	4955763
abuses	4955762
romanov	4955761
orientada	4955760
volm	4955759
alcanzada	4955758
mollari	4955757
comieran	4955756
kroger	4955755
tiritas	4955754
esculpir	4955753
anoranza	4955752
patrana	4955751
resenas	4955750
aren	4955749
evangelista	4955748
godwin	4955747
criarlos	4955746
egipcias	4955745
aprovechandose	4955744
indicaria	4955743
yardley	4955742
recordarias	4955741
tamura	4955740
destitucion	4955739
mcfadden	4955738
provocarle	4955737
beneficiosa	4955736
entrevistador	4955735
gozando	4955734
recepciones	4955733
ciber	4955732
ensuciarme	4955731
quirke	4955730
fertilizacion	4955729
kc	4955728
catalogado	4955727
gaeta	4955726
neumotorax	4955725
rastas	4955724
lennart	4955723
activadas	4955722
meir	4955721
colocarle	4955720
roces	4955719
permitamos	4955718
purifica	4955717
almohadillas	4955716
dorothea	4955715
desatarme	4955714
sinusal	4955713
desaprueba	4955712
tratala	4955711
terminologia	4955710
volverle	4955709
daiquiri	4955708
lumen	4955707
inflamada	4955706
subatomicas	4955705
envianos	4955704
donatello	4955703
birra	4955702
malteadas	4955701
pensaramos	4955700
terminarias	4955699
llenarme	4955698
ofreceran	4955697
expulsarte	4955696
bucks	4955695
hileras	4955694
matenla	4955693
riverdale	4955692
patrono	4955691
espiado	4955690
dirigiamos	4955689
permaneciendo	4955688
sadismo	4955687
autorretrato	4955686
hokage	4955685
oink	4955684
acariciarlo	4955683
omnipresente	4955682
calmare	4955681
integrada	4955680
iga	4955679
camaleones	4955678
renovaciones	4955677
naufrago	4955676
lastimaran	4955675
macduff	4955674
blandiendo	4955673
escuchale	4955672
arriendo	4955671
kakashi	4955670
limehouse	4955669
cheri	4955668
esforzaba	4955667
caballeriza	4955666
borran	4955665
costeras	4955664
desenfundar	4955663
situan	4955662
honro	4955661
ateniense	4955660
trompo	4955659
relajando	4955658
pirana	4955657
cosmetica	4955656
bajorano	4955655
homofobico	4955654
antiseptico	4955653
chasquear	4955652
tarden	4955651
yamaguchi	4955650
jacobi	4955649
atascos	4955648
webcam	4955647
direction	4955646
diseccionar	4955645
rele	4955644
filman	4955643
escupas	4955642
cenaras	4955641
agarraos	4955640
unieran	4955639
rushmore	4955638
cite	4955637
apelando	4955636
gendarmeria	4955635
nerv	4955634
deidades	4955633
incontinencia	4955632
pasamanos	4955631
voorhees	4955630
ramses	4955629
def	4955628
dominick	4955627
concetta	4955626
hazard	4955625
beavis	4955624
confundan	4955623
explicita	4955622
krampus	4955621
malefica	4955620
precipitando	4955619
petar	4955618
derrochador	4955617
asfixiar	4955616
divine	4955615
mejorarla	4955614
empalmado	4955613
filmaremos	4955612
introduje	4955611
wilkie	4955610
inadaptado	4955609
situ	4955608
pudranse	4955607
adquiriendo	4955606
havre	4955605
propensa	4955604
detecte	4955603
aseado	4955602
buscaros	4955601
consentire	4955600
afecten	4955599
aciertas	4955598
jeet	4955597
calabacin	4955596
reportate	4955595
prehistoricos	4955594
peca	4955593
sostenerte	4955592
oss	4955591
descubrelo	4955590
muescas	4955589
roller	4955588
gan	4955587
regio	4955586
tabatha	4955585
malva	4955584
vendreis	4955583
tomaos	4955582
meson	4955581
souvenirs	4955580
purvis	4955579
sermonees	4955578
fundaron	4955577
jefazo	4955576
forward	4955575
sedona	4955574
satoshi	4955573
inventores	4955572
dmitry	4955571
efigie	4955570
ricci	4955569
estacionaste	4955568
ood	4955567
timpano	4955566
conserjes	4955565
jeez	4955564
martinelli	4955563
lainey	4955562
forzosamente	4955561
sirius	4955560
varada	4955559
neely	4955558
facilitado	4955557
esquies	4955556
dirigiras	4955555
vigo	4955554
votante	4955553
privaciones	4955552
soldar	4955551
yla	4955550
fumen	4955549
produciria	4955548
its	4955547
tamales	4955546
eastern	4955545
bellotas	4955544
mandala	4955543
plains	4955542
fastidiaste	4955541
disipa	4955540
ground	4955539
assange	4955538
divorcian	4955537
butacas	4955536
profanado	4955535
boudreau	4955534
sucediese	4955533
colico	4955532
retiremos	4955531
prendan	4955530
economias	4955529
asterisco	4955528
sastreria	4955527
pelin	4955526
soborne	4955525
sacandole	4955524
percibio	4955523
kerouac	4955522
modestos	4955521
ellington	4955520
canarias	4955519
fotogramas	4955518
avanzas	4955517
perseguirnos	4955516
steed	4955515
vigiladas	4955514
impura	4955513
comadrejas	4955512
dadles	4955511
salvarlas	4955510
noreen	4955509
perdonais	4955508
telar	4955507
dearing	4955506
aclarare	4955505
conti	4955504
antros	4955503
myeong	4955502
pinchando	4955501
reubicacion	4955500
wooley	4955499
nel	4955498
obelix	4955497
enfadaba	4955496
fountain	4955495
griton	4955494
mantengamoslo	4955493
suministrado	4955492
huber	4955491
style	4955490
achille	4955489
tallados	4955488
camillero	4955487
beekman	4955486
cordiales	4955485
adinerados	4955484
entrais	4955483
tenaces	4955482
bajarnos	4955481
celestes	4955480
spin	4955479
quitartela	4955478
irrumpido	4955477
mayordomos	4955476
cramer	4955475
corroborarlo	4955474
encuentrenla	4955473
casacas	4955472
pastelera	4955471
drogata	4955470
figaro	4955469
tupe	4955468
acomodate	4955467
inolvidables	4955466
mcbeal	4955465
trotter	4955464
brahma	4955463
rulos	4955462
potrillo	4955461
ampliando	4955460
chesney	4955459
atravieso	4955458
grafiti	4955457
multado	4955456
speak	4955455
poseedor	4955454
atrio	4955453
tragaluz	4955452
cometela	4955451
lanzaria	4955450
capturarlos	4955449
ictericia	4955448
tig	4955447
encriptada	4955446
hispana	4955445
padecen	4955444
siva	4955443
camarin	4955442
marcellus	4955441
admirables	4955440
observaron	4955439
repuesta	4955438
escoltado	4955437
culparse	4955436
comportamos	4955435
celtas	4955434
argentinos	4955433
rum	4955432
castigarlos	4955431
dimitio	4955430
amianto	4955429
aturdir	4955428
sacarian	4955427
salvarias	4955426
imaginartelo	4955425
arrugadas	4955424
evocar	4955423
opa	4955422
guiaba	4955421
viking	4955420
dennison	4955419
preguntaros	4955418
ocultandome	4955417
chazz	4955416
dietz	4955415
informeme	4955414
enganemos	4955413
chantelle	4955412
bain	4955411
aplastan	4955410
estrellaron	4955409
probaran	4955408
corriamos	4955407
sauces	4955406
redimir	4955405
papelito	4955404
empollones	4955403
cacahuates	4955402
slip	4955401
despedazado	4955400
legua	4955399
yadav	4955398
drayton	4955397
cisjordania	4955396
campista	4955395
sordera	4955394
encestar	4955393
disentir	4955392
crisantemos	4955391
describieron	4955390
coo	4955389
pedigri	4955388
laney	4955387
anaden	4955386
condensacion	4955385
envenene	4955384
retorna	4955383
fallecer	4955382
atentar	4955381
tranvias	4955380
perdiamos	4955379
trascendencia	4955378
practiquemos	4955377
hershey	4955376
estresantes	4955375
pateas	4955374
seleccione	4955373
aceptemoslo	4955372
nominar	4955371
lightyear	4955370
dedal	4955369
ferraro	4955368
expresaba	4955367
vatios	4955366
cartago	4955365
fracasara	4955364
soberanos	4955363
fastidian	4955362
comensales	4955361
tejones	4955360
empujarte	4955359
manilow	4955358
publicaran	4955357
desentranar	4955356
metais	4955355
alcide	4955354
quejare	4955353
cumpliria	4955352
premoniciones	4955351
extremauncion	4955350
stiller	4955349
rizada	4955348
matorral	4955347
orales	4955346
exiges	4955345
dudosos	4955344
woodruff	4955343
recogeras	4955342
ensordecedor	4955341
reanimar	4955340
acueducto	4955339
vigilandonos	4955338
enfrentarla	4955337
inmoviles	4955336
garantizados	4955335
detenerlas	4955334
sole	4955333
revivido	4955332
insipida	4955331
trabar	4955330
transversal	4955329
pesares	4955328
eligeme	4955327
apresurando	4955326
jaan	4955325
realizador	4955324
electromagneticas	4955323
aclararemos	4955322
westlake	4955321
deslizarte	4955320
flood	4955319
relevos	4955318
morello	4955317
desplazar	4955316
chauncey	4955315
flotacion	4955314
cocinada	4955313
trivia	4955312
cuentele	4955311
deseosos	4955310
gallinita	4955309
cambiase	4955308
tortazo	4955307
heineken	4955306
haruko	4955305
kaan	4955304
apuntarle	4955303
takuto	4955302
prithvi	4955301
liberaria	4955300
pidieran	4955299
exploramos	4955298
edgehill	4955297
crocante	4955296
caulfield	4955295
toad	4955294
catalogar	4955293
podr	4955292
fed	4955291
picture	4955290
unicef	4955289
future	4955288
saquese	4955287
monovolumen	4955286
daniella	4955285
anhelado	4955284
dividamos	4955283
hebras	4955282
history	4955281
stumpy	4955280
innovadores	4955279
regresarte	4955278
omer	4955277
finlandeses	4955276
encajado	4955275
sudorosa	4955274
kraken	4955273
profesorado	4955272
zora	4955271
gettin	4955270
direis	4955269
telefonea	4955268
monarcas	4955267
tendi	4955266
mece	4955265
benedetto	4955264
turcas	4955263
hani	4955262
despertemos	4955261
abatir	4955260
jugadoras	4955259
invasiones	4955258
ineptos	4955257
monika	4955256
protegerles	4955255
spoiler	4955254
renueva	4955253
groucho	4955252
golpeadas	4955251
tardarian	4955250
llueven	4955249
pancita	4955248
donatella	4955247
encuentrenlos	4955246
ilustrado	4955245
aporto	4955244
completando	4955243
proponerme	4955242
comparadas	4955241
darwyn	4955240
peace	4955239
convertirian	4955238
organista	4955237
asistire	4955236
arrestas	4955235
nutritiva	4955234
aylin	4955233
mentecato	4955232
toller	4955231
expulsamos	4955230
secarme	4955229
pasemelo	4955228
alexandria	4955227
dakar	4955226
rostov	4955225
mcveigh	4955224
exponen	4955223
hundiendose	4955222
estornudos	4955221
lucienne	4955220
tasmania	4955219
menstrual	4955218
adelantes	4955217
imprimi	4955216
generalizado	4955215
escaramuza	4955214
yup	4955213
delirar	4955212
cariton	4955211
eduque	4955210
comparo	4955209
pamplinas	4955208
ivar	4955207
cuberteria	4955206
transformers	4955205
maciza	4955204
sinead	4955203
cravat	4955202
inexcusable	4955201
papis	4955200
hebillas	4955199
rabiar	4955198
movimos	4955197
llevemosle	4955196
reaparecio	4955195
tabernero	4955194
cortesanos	4955193
rendirle	4955192
hipnotizar	4955191
medianamente	4955190
controvertida	4955189
acercandome	4955188
aparejos	4955187
enfoques	4955186
modelado	4955185
aparcada	4955184
capuchinos	4955183
sublevacion	4955182
ricura	4955181
desprenderse	4955180
fate	4955179
denunciaste	4955178
efectuado	4955177
cogernos	4955176
salvajismo	4955175
cosmologia	4955174
seabiscuit	4955173
mundana	4955172
meterlas	4955171
salvaba	4955170
mutuos	4955169
crassus	4955168
polinesia	4955167
leala	4955166
ashe	4955165
escondeos	4955164
aplastaron	4955163
provinciano	4955162
merendar	4955161
monitorizar	4955160
preaviso	4955159
vato	4955158
points	4955157
mojarme	4955156
estuardo	4955155
hisopo	4955154
mariguana	4955153
adorando	4955152
hoi	4955151
ensucian	4955150
picaros	4955149
nadir	4955148
efimero	4955147
cervicales	4955146
reguero	4955145
celebrada	4955144
tratarias	4955143
massive	4955142
largaste	4955141
irremediablemente	4955140
garfunkel	4955139
cocker	4955138
cortad	4955137
delataria	4955136
nasir	4955135
transbordadores	4955134
dolittle	4955133
daya	4955132
agrimensor	4955131
abstemio	4955130
levar	4955129
francisvhl	4955128
serpico	4955127
frustrar	4955126
troels	4955125
esperanzador	4955124
burdo	4955123
cryer	4955122
censurar	4955121
stupid	4955120
basilica	4955119
bullit	4955118
acallar	4955117
bic	4955116
combinamos	4955115
vila	4955114
papeletas	4955113
eko	4955112
actuaran	4955111
nazismo	4955110
ahumada	4955109
creceras	4955108
absenta	4955107
costco	4955106
seenu	4955105
accedieron	4955104
presionarla	4955103
percibimos	4955102
aguantes	4955101
anunciaremos	4955100
amira	4955099
svend	4955098
pieter	4955097
chuy	4955096
widmore	4955095
jurisprudencia	4955094
firmaras	4955093
lora	4955092
origami	4955091
bailabas	4955090
gais	4955089
contemplado	4955088
duraras	4955087
partiste	4955086
acerquemos	4955085
hyang	4955084
desinformacion	4955083
pulsando	4955082
jefferies	4955081
barometro	4955080
destrozarte	4955079
bielorrusia	4955078
descontado	4955077
recordaban	4955076
topes	4955075
dispersaos	4955074
haleh	4955073
gumbo	4955072
confiscacion	4955071
dejense	4955070
banamos	4955069
siguiese	4955068
zing	4955067
minigolf	4955066
heroicamente	4955065
acarrea	4955064
reten	4955063
cons	4955062
glorificado	4955061
osan	4955060
dejemosla	4955059
hobbits	4955058
brindado	4955057
cachetes	4955056
coburn	4955055
largara	4955054
comentarte	4955053
alocadas	4955052
wants	4955051
maximus	4955050
calentarlo	4955049
ferengis	4955048
torsten	4955047
embarcarse	4955046
enfermara	4955045
escandinavia	4955044
mig	4955043
subversivos	4955042
cruzaran	4955041
enchufar	4955040
mulwray	4955039
roslin	4955038
krantz	4955037
meas	4955036
doogie	4955035
paralizados	4955034
crabb	4955033
bautizada	4955032
dor	4955031
trotando	4955030
idealistas	4955029
grow	4955028
simulacros	4955027
cholo	4955026
dictamen	4955025
calabria	4955024
number	4955023
michi	4955022
baya	4955021
odiaran	4955020
difundiendo	4955019
rubens	4955018
homeland	4955017
unificado	4955016
interceptarlo	4955015
shady	4955014
enchufado	4955013
expliquen	4955012
dudu	4955011
compensara	4955010
whisper	4955009
agregare	4955008
electromagneticos	4955007
boswell	4955006
shoot	4955005
suculento	4955004
pigmeos	4955003
laughter	4955002
reichstag	4955001
voltees	4955000
analizador	4954999
incluirlo	4954998
mwah	4954997
berna	4954996
envialos	4954995
desvie	4954994
hillman	4954993
teletransporte	4954992
huckleberry	4954991
beeper	4954990
simpatias	4954989
apretaste	4954988
laine	4954987
atreveras	4954986
ensucie	4954985
productivos	4954984
runas	4954983
desvanecera	4954982
bengt	4954981
sugerirte	4954980
curaron	4954979
decepcionarlos	4954978
poque	4954977
cantones	4954976
asociar	4954975
desmayarte	4954974
compensando	4954973
reaccionarias	4954972
graystone	4954971
interrumpiste	4954970
penrose	4954969
kwang	4954968
levon	4954967
lanzadas	4954966
neoyorquina	4954965
fras	4954964
rallado	4954963
sakai	4954962
ceci	4954961
destaco	4954960
leonid	4954959
cacique	4954958
traducirlo	4954957
arrepientete	4954956
detenedle	4954955
roseanna	4954954
polea	4954953
neary	4954952
grandisima	4954951
ciatica	4954950
descongelar	4954949
tonga	4954948
pudras	4954947
satisfactoriamente	4954946
djinn	4954945
ginseng	4954944
raider	4954943
resumidas	4954942
arrestarnos	4954941
islamabad	4954940
asami	4954939
akshay	4954938
excedi	4954937
neandertales	4954936
derrape	4954935
superes	4954934
duplico	4954933
logicas	4954932
amal	4954931
apremiante	4954930
himanshu	4954929
afiliados	4954928
broches	4954927
autografiada	4954926
aleatoriamente	4954925
deformado	4954924
indra	4954923
devuelveselo	4954922
laertes	4954921
charadas	4954920
pilgrim	4954919
bolonesa	4954918
contemplacion	4954917
bostezo	4954916
inferno	4954915
referendum	4954914
studios	4954913
lanning	4954912
ima	4954911
holosuite	4954910
belladona	4954909
fo	4954908
cubranme	4954907
millonesima	4954906
goberno	4954905
indebido	4954904
farmington	4954903
fontaneros	4954902
justificarme	4954901
jenks	4954900
antipatia	4954899
odios	4954898
continuaras	4954897
funerarios	4954896
interceder	4954895
braguitas	4954894
reparta	4954893
empeoraron	4954892
inhale	4954891
filipina	4954890
rutger	4954889
comfort	4954888
vasily	4954887
compradora	4954886
less	4954885
eliminaremos	4954884
mirandolos	4954883
georgy	4954882
barrida	4954881
crick	4954880
escusa	4954879
congeniamos	4954878
karloff	4954877
forjada	4954876
chuny	4954875
hellsing	4954874
manifesto	4954873
ensenaran	4954872
deletrearlo	4954871
tandang	4954870
envuelva	4954869
batallando	4954868
agredida	4954867
third	4954866
babuinos	4954865
exterminado	4954864
aparque	4954863
wook	4954862
repercusion	4954861
llamandole	4954860
pobladores	4954859
alcanzaste	4954858
fervientemente	4954857
administrativas	4954856
foy	4954855
turisticos	4954854
bun	4954853
atrasadas	4954852
kemper	4954851
escapadas	4954850
ceso	4954849
obligaria	4954848
respetarla	4954847
dignamente	4954846
jesuita	4954845
spicer	4954844
stannis	4954843
comprenderias	4954842
viajaria	4954841
anotan	4954840
descartada	4954839
aranando	4954838
concord	4954837
mirase	4954836
mecanografia	4954835
count	4954834
flavio	4954833
aposento	4954832
confeccion	4954831
kabuki	4954830
exhibicionismo	4954829
metias	4954828
rustica	4954827
vendias	4954826
pandereta	4954825
debiendo	4954824
chamaco	4954823
dispararian	4954822
escasea	4954821
spiro	4954820
zancos	4954819
sacudo	4954818
despectivo	4954817
escasean	4954816
clavan	4954815
arrodillo	4954814
acercaremos	4954813
basarse	4954812
poetisa	4954811
conmemorativa	4954810
jima	4954809
wellesley	4954808
perseguiste	4954807
eslavos	4954806
camile	4954805
asperas	4954804
intentenlo	4954803
cheshire	4954802
felina	4954801
descarguen	4954800
chamuscado	4954799
rociador	4954798
botando	4954797
bancroft	4954796
tomase	4954795
ilona	4954794
atareado	4954793
gerty	4954792
renace	4954791
lavarnos	4954790
hormonales	4954789
virginie	4954788
batallar	4954787
eventualidad	4954786
balsas	4954785
querella	4954784
falsificando	4954783
habitar	4954782
formaran	4954781
espejito	4954780
restitucion	4954779
avispero	4954778
megatones	4954777
snack	4954776
clothes	4954775
parsa	4954774
susurras	4954773
mong	4954772
injustas	4954771
manantiales	4954770
chantajeo	4954769
apunalarlo	4954768
sacudes	4954767
casandome	4954766
prep	4954765
dolerme	4954764
aparecerte	4954763
diet	4954762
retomaremos	4954761
tontorron	4954760
protagonismo	4954759
cirujia	4954758
botado	4954757
combine	4954756
sofocando	4954755
bastaran	4954754
decorativo	4954753
peng	4954752
maizal	4954751
instantaneas	4954750
tomeis	4954749
aracnido	4954748
jungle	4954747
grabare	4954746
bajados	4954745
montauk	4954744
desalojen	4954743
avisad	4954742
huesudo	4954741
incendiarios	4954740
congelarse	4954739
briar	4954738
peppone	4954737
thurston	4954736
afectaron	4954735
patentado	4954734
router	4954733
cotidianas	4954732
sujetarla	4954731
helm	4954730
imprevista	4954729
hallaria	4954728
perdonalo	4954727
fugarnos	4954726
fantasy	4954725
nooooo	4954724
mazda	4954723
cantores	4954722
mandolina	4954721
superfluo	4954720
retomamos	4954719
tirela	4954718
contradictorios	4954717
kishen	4954716
vinculacion	4954715
mose	4954714
clean	4954713
escandalosos	4954712
manito	4954711
bombolini	4954710
propago	4954709
convirtieras	4954708
sadicos	4954707
wire	4954706
idios	4954705
respectivas	4954704
atormentando	4954703
hielos	4954702
perchas	4954701
importarles	4954700
estorbar	4954699
equivocadamente	4954698
maybelle	4954697
longmire	4954696
chappie	4954695
apartare	4954694
puerros	4954693
desapareceras	4954692
silbatos	4954691
mears	4954690
taparlo	4954689
volados	4954688
reanuda	4954687
refrigerios	4954686
hierros	4954685
trampero	4954684
deux	4954683
conformes	4954682
franquicias	4954681
sondear	4954680
participamos	4954679
cicero	4954678
kimiko	4954677
demandaremos	4954676
examinaremos	4954675
ridiculizado	4954674
plastilina	4954673
murillo	4954672
estimamos	4954671
colgaria	4954670
trol	4954669
trevelyan	4954668
dicto	4954667
gordie	4954666
exponerme	4954665
cogieras	4954664
marchad	4954663
observarte	4954662
viviese	4954661
acosandome	4954660
ensenamela	4954659
reapertura	4954658
afroamericana	4954657
dominas	4954656
bitcoins	4954655
servidora	4954654
quigley	4954653
notarial	4954652
pyongyang	4954651
omitido	4954650
penetran	4954649
inaudible	4954648
nietas	4954647
inhabitable	4954646
polera	4954645
jornalero	4954644
circundante	4954643
varrick	4954642
radiohead	4954641
concordar	4954640
griswold	4954639
mcdonalds	4954638
ludovico	4954637
definidos	4954636
ometepe	4954635
torturaba	4954634
crecientes	4954633
montaneses	4954632
epilogo	4954631
whicher	4954630
brinkley	4954629
despertaremos	4954628
polainas	4954627
llenaria	4954626
sastres	4954625
aiko	4954624
goodson	4954623
insolita	4954622
superstar	4954621
caven	4954620
rosebud	4954619
sd	4954618
introvertido	4954617
busan	4954616
schuyler	4954615
mirales	4954614
enfadan	4954613
felicitado	4954612
perhaps	4954611
mariachi	4954610
fallarle	4954609
marginada	4954608
spender	4954607
tallis	4954606
inventaba	4954605
soft	4954604
bajrangi	4954603
densas	4954602
superhombre	4954601
montaremos	4954600
ocultandose	4954599
apunalando	4954598
cogelas	4954597
coleccionas	4954596
cubito	4954595
cori	4954594
endulzar	4954593
toph	4954592
cuartito	4954591
identificarte	4954590
estableci	4954589
yel	4954588
ralf	4954587
swayze	4954586
troyanos	4954585
designios	4954584
baldrick	4954583
presentandose	4954582
asistan	4954581
csu	4954580
fumabas	4954579
hipnotizador	4954578
mem	4954577
parienta	4954576
bale	4954575
loa	4954574
sordomudo	4954573
macarra	4954572
farragut	4954571
haqqani	4954570
postularme	4954569
denominado	4954568
movilizado	4954567
elam	4954566
clausulas	4954565
cucharita	4954564
infiltrar	4954563
reinaba	4954562
rescataste	4954561
lanzacohetes	4954560
matsushima	4954559
ilaria	4954558
pasarles	4954557
prendidas	4954556
almuerza	4954555
manoso	4954554
vergonzosas	4954553
medford	4954552
permaneciera	4954551
hecht	4954550
cayese	4954549
chalados	4954548
cartagena	4954547
sick	4954546
hesse	4954545
colgarla	4954544
lactancia	4954543
sordidos	4954542
sucederme	4954541
alcachofas	4954540
cosio	4954539
saquearon	4954538
tray	4954537
everyone	4954536
nika	4954535
colarte	4954534
scot	4954533
anularlo	4954532
juzgarla	4954531
mezclarlo	4954530
veme	4954529
neandertal	4954528
merecerlo	4954527
emigrantes	4954526
carmilla	4954525
asistia	4954524
esfinter	4954523
sweetie	4954522
urquhart	4954521
hidroxido	4954520
doodle	4954519
mieze	4954518
loved	4954517
radiactividad	4954516
shooter	4954515
holding	4954514
inconsistencias	4954513
dru	4954512
liarme	4954511
tiwari	4954510
duchando	4954509
implorar	4954508
acercaras	4954507
prendedor	4954506
manejarme	4954505
sanada	4954504
sumatra	4954503
wat	4954502
analizaron	4954501
cuentemelo	4954500
sacramentos	4954499
tabasco	4954498
dachau	4954497
jamones	4954496
recadero	4954495
pretendido	4954494
expones	4954493
tessie	4954492
newland	4954491
reta	4954490
curran	4954489
busquelo	4954488
opinais	4954487
adelantare	4954486
complacidos	4954485
sintetizador	4954484
rescataremos	4954483
molar	4954482
xo	4954481
antebrazos	4954480
creerles	4954479
amis	4954478
bellefleur	4954477
espontaneos	4954476
percibiendo	4954475
acronimo	4954474
glossop	4954473
volviendote	4954472
soltaremos	4954471
rayar	4954470
admitidos	4954469
visados	4954468
ejercitando	4954467
kray	4954466
lime	4954465
sobrado	4954464
sintaxis	4954463
oldie	4954462
halliburton	4954461
bermuda	4954460
inhibidores	4954459
informaba	4954458
acordemos	4954457
expulsando	4954456
aparecerse	4954455
melodramatica	4954454
desiste	4954453
grabaremos	4954452
serafina	4954451
phuket	4954450
vicepresidencia	4954449
sumergio	4954448
fortachon	4954447
determinante	4954446
turbulento	4954445
nacionalismo	4954444
garber	4954443
divisa	4954442
battery	4954441
arriesgara	4954440
firmarla	4954439
esperaramos	4954438
apuntaban	4954437
winn	4954436
taekwondo	4954435
geografica	4954434
comentaba	4954433
iniciaremos	4954432
eticos	4954431
anchura	4954430
railes	4954429
applebee	4954428
perjudicara	4954427
prescrito	4954426
rage	4954425
cheerios	4954424
briony	4954423
fugados	4954422
estuarda	4954421
ahorcarse	4954420
comunicaremos	4954419
tuco	4954418
tramos	4954417
apruebes	4954416
traslade	4954415
bose	4954414
georgi	4954413
laughing	4954412
perrier	4954411
tempestades	4954410
encerrarle	4954409
inapropiados	4954408
concurrencia	4954407
prepa	4954406
encomienda	4954405
avram	4954404
perfeccionando	4954403
nevins	4954402
abasto	4954401
pigmento	4954400
cepillarme	4954399
despistarnos	4954398
vellos	4954397
spaniel	4954396
apretaba	4954395
apuntad	4954394
empenada	4954393
pensacola	4954392
burlaste	4954391
enmascarar	4954390
michelin	4954389
delictiva	4954388
aloysius	4954387
publicistas	4954386
produzco	4954385
roscas	4954384
heritage	4954383
pueblerina	4954382
atraidas	4954381
kingsbridge	4954380
cuchi	4954379
mediatico	4954378
autobot	4954377
babel	4954376
metatron	4954375
emborrachan	4954374
animadas	4954373
boinas	4954372
partan	4954371
contaminadas	4954370
emiliano	4954369
decidiras	4954368
figuritas	4954367
ponmelo	4954366
hyderabad	4954365
ardan	4954364
tere	4954363
maggy	4954362
volcanico	4954361
brisbane	4954360
energy	4954359
erratica	4954358
hyo	4954357
buscale	4954356
imponiendo	4954355
laxman	4954354
pendejada	4954353
selle	4954352
farrel	4954351
samira	4954350
kodak	4954349
fritzi	4954348
abrevadero	4954347
aureola	4954346
roux	4954345
hundirnos	4954344
helecho	4954343
hours	4954342
microchips	4954341
ivanov	4954340
darkseid	4954339
humero	4954338
condenamos	4954337
resoluciones	4954336
invadidos	4954335
brillas	4954334
montemos	4954333
decretado	4954332
encesta	4954331
rechoncho	4954330
traidas	4954329
quiebras	4954328
loquito	4954327
mezclaron	4954326
aumentaria	4954325
saquela	4954324
hidalgo	4954323
frotas	4954322
tropezamos	4954321
extraje	4954320
autonoma	4954319
teague	4954318
resuelvas	4954317
contrainteligencia	4954316
devolverlas	4954315
tobi	4954314
avivar	4954313
casualidades	4954312
rad	4954311
lograriamos	4954310
delictivo	4954309
cover	4954308
recolectado	4954307
fisgon	4954306
eliminatoria	4954305
traermelo	4954304
inconsciencia	4954303
talar	4954302
lloriqueos	4954301
desconsiderada	4954300
gaucho	4954299
sonreiste	4954298
opiaceos	4954297
tonada	4954296
reflexione	4954295
asumiste	4954294
redfern	4954293
rathore	4954292
ensucio	4954291
matsu	4954290
deus	4954289
probarmelo	4954288
aparcacoches	4954287
argelino	4954286
operas	4954285
tunda	4954284
rogare	4954283
shih	4954282
quin	4954281
dominarlo	4954280
suprimido	4954279
empujare	4954278
zafiros	4954277
democraticos	4954276
riga	4954275
voluntades	4954274
innovaciones	4954273
mayoritaria	4954272
sopesar	4954271
asimilarlo	4954270
asesinamos	4954269
armes	4954268
interponer	4954267
afines	4954266
rhino	4954265
pudren	4954264
reprobe	4954263
sans	4954262
anticipando	4954261
pulpos	4954260
mimar	4954259
gravitacionales	4954258
escano	4954257
canaveral	4954256
estabiliza	4954255
recostada	4954254
rumple	4954253
gribble	4954252
mecanografa	4954251
talmud	4954250
denning	4954249
zopenco	4954248
sad	4954247
legalizar	4954246
oliste	4954245
killed	4954244
reveladora	4954243
nordico	4954242
obedeceme	4954241
cobraria	4954240
aryan	4954239
presentemos	4954238
camel	4954237
diab	4954236
contactarlos	4954235
exponencial	4954234
proxy	4954233
inyectores	4954232
thackeray	4954231
sacatelo	4954230
cil	4954229
cardiacas	4954228
topicos	4954227
desacreditado	4954226
pactado	4954225
infestada	4954224
evalua	4954223
reevaluar	4954222
manav	4954221
unser	4954220
envejecemos	4954219
penetrantes	4954218
repetida	4954217
fenway	4954216
triturar	4954215
recuerdeme	4954214
desperdiciamos	4954213
pancakes	4954212
goode	4954211
oshima	4954210
davos	4954209
infeld	4954208
opinaba	4954207
retrasamos	4954206
alfabeticamente	4954205
derrocado	4954204
republic	4954203
variada	4954202
eliminarte	4954201
lovell	4954200
voltee	4954199
arrodillarte	4954198
disparele	4954197
jaffas	4954196
amasar	4954195
esperarnos	4954194
arrastramos	4954193
elevandose	4954192
keanu	4954191
avergonzaste	4954190
asfixiada	4954189
aguantarse	4954188
ensenaban	4954187
zelena	4954186
bonny	4954185
odiarnos	4954184
aparecerias	4954183
celebraban	4954182
banandose	4954181
cdte	4954180
abrupto	4954179
poodle	4954178
narcisos	4954177
conseguisteis	4954176
alimana	4954175
bradfield	4954174
describirme	4954173
pendrive	4954172
metrica	4954171
jugarse	4954170
spoon	4954169
gulag	4954168
mamaita	4954167
keo	4954166
ocultaria	4954165
desarrollos	4954164
provocarlo	4954163
sajon	4954162
spenser	4954161
sedicion	4954160
canuto	4954159
gravitatoria	4954158
odelle	4954157
sorprenderle	4954156
gustaras	4954155
kiara	4954154
topeka	4954153
imaginais	4954152
enlatados	4954151
cazarlos	4954150
aranar	4954149
hamas	4954148
perversidad	4954147
sonreira	4954146
mida	4954145
enfermarme	4954144
quiereme	4954143
apanare	4954142
indulgentes	4954141
concusion	4954140
salmuera	4954139
aceptais	4954138
querremos	4954137
compartirte	4954136
christiane	4954135
minds	4954134
vacacional	4954133
carteros	4954132
dune	4954131
newsome	4954130
infundadas	4954129
parador	4954128
viren	4954127
normativa	4954126
stottlemeyer	4954125
expectacion	4954124
contestale	4954123
atraviesen	4954122
derraman	4954121
kurtz	4954120
intrepidos	4954119
anunciada	4954118
thames	4954117
hattori	4954116
encerar	4954115
toleramos	4954114
roo	4954113
proponia	4954112
clipper	4954111
acompanaremos	4954110
deseandolo	4954109
thinking	4954108
asistiran	4954107
transmitimos	4954106
visitados	4954105
conserves	4954104
subsistencia	4954103
ronoso	4954102
frame	4954101
poncio	4954100
formadas	4954099
precursor	4954098
ugly	4954097
residen	4954096
reganadientes	4954095
interpusiera	4954094
tratandome	4954093
lords	4954092
wraith	4954091
derrotaremos	4954090
guangzhou	4954089
melman	4954088
pasable	4954087
sonaron	4954086
rickman	4954085
apetecen	4954084
bats	4954083
calman	4954082
dalrymple	4954081
procesadores	4954080
nombraste	4954079
mikado	4954078
clicks	4954077
extrajeron	4954076
molestaremos	4954075
apocalypse	4954074
perpetuar	4954073
escalo	4954072
localizarme	4954071
sacartelo	4954070
zoran	4954069
experimentas	4954068
madure	4954067
lujosas	4954066
vieses	4954065
thorin	4954064
subway	4954063
impuesta	4954062
yar	4954061
premiere	4954060
descarados	4954059
observare	4954058
jelena	4954057
reprobo	4954056
kaji	4954055
gru	4954054
agravios	4954053
tempano	4954052
words	4954051
separaste	4954050
liberia	4954049
bernardino	4954048
derechito	4954047
apegada	4954046
espanas	4954045
aprieten	4954044
velasco	4954043
papada	4954042
manilla	4954041
falten	4954040
reestructuracion	4954039
encerraremos	4954038
encantamientos	4954037
destartalado	4954036
ejerzo	4954035
encubrio	4954034
tripoli	4954033
rascarte	4954032
beatty	4954031
bisontes	4954030
miladi	4954029
doliera	4954028
anualmente	4954027
pied	4954026
babero	4954025
rechacen	4954024
denarios	4954023
samoa	4954022
foggy	4954021
beals	4954020
magullado	4954019
lehmann	4954018
bailaron	4954017
pintarme	4954016
tuvierais	4954015
elegirlo	4954014
inocentemente	4954013
calamity	4954012
reservaste	4954011
incautado	4954010
transformarte	4954009
piglet	4954008
quill	4954007
desembarque	4954006
comprendeis	4954005
zuckerman	4954004
firmemos	4954003
raquetas	4954002
knockout	4954001
alinearse	4954000
brentwood	4953999
concejala	4953998
inactividad	4953997
mortaja	4953996
reparamos	4953995
risueno	4953994
hammerhead	4953993
remad	4953992
munster	4953991
espectacularmente	4953990
aborte	4953989
walnut	4953988
intrepida	4953987
casase	4953986
fdr	4953985
comportandote	4953984
renegar	4953983
blackwood	4953982
mostrandole	4953981
avestruces	4953980
berenson	4953979
trags	4953978
emparentado	4953977
yendote	4953976
tchaikovsky	4953975
rompieran	4953974
batio	4953973
convertidor	4953972
orfelinato	4953971
descargan	4953970
nivelar	4953969
correrse	4953968
menzies	4953967
romolo	4953966
pari	4953965
construian	4953964
honras	4953963
quememos	4953962
tapizado	4953961
entretenerlos	4953960
bagwell	4953959
tomeselo	4953958
coherencia	4953957
asumieron	4953956
arriesgate	4953955
violados	4953954
worthing	4953953
tomans	4953952
revenge	4953951
mandril	4953950
divertira	4953949
remesa	4953948
pisoteando	4953947
meehan	4953946
consumira	4953945
promoviendo	4953944
thc	4953943
paquistan	4953942
reaper	4953941
misato	4953940
lasciva	4953939
proletario	4953938
desacelera	4953937
cuanticos	4953936
sturgis	4953935
cubby	4953934
colaboradora	4953933
senegal	4953932
quemala	4953931
lugarcito	4953930
oceanico	4953929
adultero	4953928
disminuira	4953927
marbella	4953926
hazlas	4953925
ogami	4953924
blaney	4953923
aceptelo	4953922
aterrorizo	4953921
caninos	4953920
conquistando	4953919
planeacion	4953918
taja	4953917
reducimos	4953916
atarse	4953915
pimenton	4953914
rarita	4953913
emigracion	4953912
dilatada	4953911
persiguiendote	4953910
betel	4953909
gazpacho	4953908
arresteme	4953907
abandonarias	4953906
terranova	4953905
echalos	4953904
chuparte	4953903
runa	4953902
juntarte	4953901
aserrin	4953900
bue	4953899
yom	4953898
llenaban	4953897
hesselboe	4953896
development	4953895
granate	4953894
aplastamiento	4953893
almorzaremos	4953892
sincronizada	4953891
cundo	4953890
sorenson	4953889
deseariamos	4953888
desdichados	4953887
enviarselo	4953886
regal	4953885
galgo	4953884
compartiran	4953883
retiralo	4953882
yacimiento	4953881
decrepito	4953880
perforadora	4953879
construiria	4953878
steinmetz	4953877
peppe	4953876
ricino	4953875
borren	4953874
resolveras	4953873
papilas	4953872
sentenciada	4953871
revocado	4953870
chileno	4953869
empaquetando	4953868
descuartizado	4953867
gungun	4953866
precipitarse	4953865
memsahib	4953864
drazen	4953863
sinfin	4953862
referis	4953861
irisa	4953860
byrnes	4953859
fleury	4953858
argot	4953857
estarme	4953856
empeceis	4953855
progresivamente	4953854
chollo	4953853
liando	4953852
extenuante	4953851
vendelo	4953850
pardiez	4953849
coordina	4953848
gotti	4953847
terminantemente	4953846
remake	4953845
satiro	4953844
chinga	4953843
tolkien	4953842
viendole	4953841
remunerado	4953840
cic	4953839
asigne	4953838
sik	4953837
bisbee	4953836
hopi	4953835
estrafalario	4953834
ohhhh	4953833
publicadas	4953832
saborearlo	4953831
nawab	4953830
grapa	4953829
impunes	4953828
saldada	4953827
eticamente	4953826
enamorarnos	4953825
samcro	4953824
sadomasoquismo	4953823
acreedor	4953822
nanni	4953821
takezo	4953820
auro	4953819
agradecidas	4953818
patris	4953817
rocola	4953816
wiener	4953815
esbelta	4953814
hanako	4953813
prescindibles	4953812
latigazo	4953811
cumpliremos	4953810
peo	4953809
himalayas	4953808
opondria	4953807
dictan	4953806
curanderos	4953805
retono	4953804
pelon	4953803
dedicarnos	4953802
aplazarlo	4953801
though	4953800
dimple	4953799
already	4953798
mayorista	4953797
monstruosos	4953796
reavivar	4953795
detonado	4953794
compartiras	4953793
designados	4953792
pateale	4953791
argos	4953790
estropearia	4953789
seguirlas	4953788
banku	4953787
abrazaste	4953786
mamuts	4953785
penetrando	4953784
robarlos	4953783
autodestructivo	4953782
cb	4953781
retrasan	4953780
inclinarme	4953779
bunuelo	4953778
leva	4953777
tipejo	4953776
skeffington	4953775
ivonne	4953774
lavadoras	4953773
cojonuda	4953772
perpleja	4953771
kosh	4953770
libraremos	4953769
misticismo	4953768
explotados	4953767
aduladores	4953766
ofrecida	4953765
veneciano	4953764
hubots	4953763
lamentado	4953762
maman	4953761
participaste	4953760
mediatica	4953759
estrenos	4953758
casbah	4953757
levantandose	4953756
patogenos	4953755
minelli	4953754
bachman	4953753
gresham	4953752
lenox	4953751
chaperon	4953750
decaer	4953749
daselas	4953748
cosechadora	4953747
flik	4953746
arno	4953745
belcher	4953744
iglu	4953743
bhi	4953742
meteme	4953741
vislumbrar	4953740
enanito	4953739
cogedlos	4953738
arastoo	4953737
malefico	4953736
quebrarse	4953735
fingiremos	4953734
introducirse	4953733
extraerlo	4953732
perjudiciales	4953731
mercantil	4953730
katsuragi	4953729
impresoras	4953728
sujetado	4953727
anjou	4953726
opuse	4953725
sander	4953724
tiraras	4953723
alimentaron	4953722
meseros	4953721
fluia	4953720
lamio	4953719
oportunistas	4953718
sujetarme	4953717
definitivas	4953716
desfalco	4953715
corrompida	4953714
dollhouse	4953713
unificada	4953712
refleje	4953711
benefactores	4953710
reabierto	4953709
sufrian	4953708
advertirnos	4953707
timmons	4953706
rechazaba	4953705
sangras	4953704
pijas	4953703
descartable	4953702
entrenarlos	4953701
shing	4953700
luzcas	4953699
ahorrarse	4953698
averiguaran	4953697
plateadas	4953696
tigh	4953695
trazada	4953694
liderada	4953693
arrodille	4953692
hematocrito	4953691
melanoma	4953690
arrastrarla	4953689
haller	4953688
asimilado	4953687
fabulas	4953686
diggs	4953685
azulado	4953684
arianna	4953683
ofenderle	4953682
mishra	4953681
boot	4953680
boomerang	4953679
sanna	4953678
argumentando	4953677
transformarme	4953676
comentarlo	4953675
cadalso	4953674
bordar	4953673
supermodelos	4953672
terrazas	4953671
sebastien	4953670
incito	4953669
agra	4953668
sobrepaso	4953667
modalidad	4953666
vacuno	4953665
patrizia	4953664
informalmente	4953663
salvadas	4953662
chocolatada	4953661
tiramisu	4953660
mink	4953659
encenderemos	4953658
ironman	4953657
arrastrate	4953656
matlock	4953655
dislexia	4953654
apuntandole	4953653
atreverme	4953652
molon	4953651
sustituira	4953650
vyxsin	4953649
perturbadoras	4953648
traductora	4953647
merodea	4953646
mcclain	4953645
nicolae	4953644
sostenganlo	4953643
reena	4953642
buzzy	4953641
gerrard	4953640
evacuada	4953639
traicioneros	4953638
enrollarse	4953637
bohr	4953636
tylenol	4953635
entrarias	4953634
theis	4953633
examinada	4953632
camita	4953631
michal	4953630
arrojes	4953629
abrazadera	4953628
atenienses	4953627
podcast	4953626
otsu	4953625
venciendo	4953624
skwisgaar	4953623
prosigamos	4953622
kebabs	4953621
cagarme	4953620
mohit	4953619
copernico	4953618
herrera	4953617
robalo	4953616
atrajeron	4953615
herreria	4953614
estrada	4953613
kinsella	4953612
maroni	4953611
sho	4953610
conquistaron	4953609
ayudais	4953608
cachemir	4953607
humboldt	4953606
molesteis	4953605
aclaramos	4953604
gein	4953603
mascarenhas	4953602
jeffers	4953601
preocupantes	4953600
dena	4953599
clemence	4953598
betto	4953597
acostumbradas	4953596
medical	4953595
cagliostro	4953594
referian	4953593
ginecologia	4953592
huian	4953591
descansaba	4953590
reganarme	4953589
milford	4953588
concederte	4953587
bisexuales	4953586
sher	4953585
marrakech	4953584
personalizada	4953583
desconsolado	4953582
hellman	4953581
mahdi	4953580
leeran	4953579
chango	4953578
carabineros	4953577
elisha	4953576
atrapes	4953575
analizarla	4953574
mandatos	4953573
envidiable	4953572
insistire	4953571
orbitar	4953570
anfetamina	4953569
maison	4953568
yuko	4953567
quebraron	4953566
gaseoso	4953565
esquiador	4953564
blockbuster	4953563
mudandose	4953562
mostraros	4953561
comprendieron	4953560
pirelli	4953559
calmadamente	4953558
tout	4953557
espray	4953556
presentarlos	4953555
sorprenderas	4953554
hampstead	4953553
cuajada	4953552
predeterminado	4953551
rendida	4953550
obligatorias	4953549
registrarnos	4953548
viabilidad	4953547
finalizacion	4953546
regresarla	4953545
atormentes	4953544
atrofia	4953543
notificare	4953542
horizontales	4953541
ashworth	4953540
veniste	4953539
gobernando	4953538
lechon	4953537
comprometas	4953536
desquitarse	4953535
desgraciadas	4953534
colicos	4953533
arraigada	4953532
decidase	4953531
lexy	4953530
ble	4953529
servidos	4953528
distraen	4953527
walid	4953526
publicitarias	4953525
galahad	4953524
desobedeciendo	4953523
armaan	4953522
coronar	4953521
autorizaciones	4953520
tramaba	4953519
extraviada	4953518
sahir	4953517
repiteme	4953516
drastica	4953515
vasili	4953514
garance	4953513
chacha	4953512
crucificar	4953511
manteniendolo	4953510
andele	4953509
cogete	4953508
transmitira	4953507
jueguecito	4953506
vigilarle	4953505
petrie	4953504
pretendio	4953503
dedicando	4953502
planeabamos	4953501
papagayo	4953500
yama	4953499
desobedeciste	4953498
abuse	4953497
desista	4953496
alojarme	4953495
newhouse	4953494
horrendas	4953493
cuadran	4953492
aisla	4953491
patapez	4953490
desharia	4953489
recopilacion	4953488
nacidas	4953487
orientador	4953486
decidmelo	4953485
itsuki	4953484
jerseys	4953483
sarna	4953482
emo	4953481
rengo	4953480
lirica	4953479
durango	4953478
pecos	4953477
cayado	4953476
honorablemente	4953475
solidario	4953474
incriminatorio	4953473
tartamudo	4953472
britannia	4953471
hundire	4953470
deuterio	4953469
uv	4953468
ironias	4953467
apaguemos	4953466
capturaste	4953465
nanjing	4953464
notificada	4953463
geologos	4953462
canaan	4953461
bigamia	4953460
remite	4953459
cerraban	4953458
extendidos	4953457
congenita	4953456
pesadamente	4953455
vauxhall	4953454
shahir	4953453
tedio	4953452
desocupada	4953451
hurry	4953450
jubei	4953449
cigarras	4953448
desilusionarte	4953447
echelon	4953446
aplastarlos	4953445
mathur	4953444
insipido	4953443
autoservicio	4953442
traicionarlo	4953441
avda	4953440
ignorarlos	4953439
xian	4953438
jenni	4953437
kingdom	4953436
establecimientos	4953435
nublada	4953434
cabemos	4953433
cheech	4953432
tablillas	4953431
parade	4953430
carli	4953429
versailles	4953428
usais	4953427
longitudes	4953426
viciosos	4953425
acampamos	4953424
afrontando	4953423
burda	4953422
averiada	4953421
sikes	4953420
usurpador	4953419
modi	4953418
retozando	4953417
plumaje	4953416
kersey	4953415
ejecutaran	4953414
absuelvo	4953413
twayne	4953412
chantajes	4953411
gardenias	4953410
says	4953409
fairfield	4953408
slogan	4953407
cenido	4953406
bianchi	4953405
sudafricano	4953404
nietzscheano	4953403
jassi	4953402
restoran	4953401
reconsiderando	4953400
ortigas	4953399
excluyendo	4953398
suzaku	4953397
cociente	4953396
dol	4953395
biografias	4953394
marni	4953393
merodeadores	4953392
talladas	4953391
fulgor	4953390
comprometemos	4953389
animarse	4953388
roche	4953387
gatitas	4953386
refiriendose	4953385
secreciones	4953384
varner	4953383
garuda	4953382
admirada	4953381
obstruye	4953380
durmieras	4953379
auditivo	4953378
alquilare	4953377
despreciada	4953376
herc	4953375
ilevar	4953374
informas	4953373
flannery	4953372
conlon	4953371
ajetreada	4953370
infringiendo	4953369
subrayado	4953368
organizas	4953367
cobaya	4953366
riega	4953365
lilo	4953364
cuate	4953363
confiarte	4953362
estancamiento	4953361
gentlemen	4953360
inmigraciones	4953359
ganarian	4953358
mesopotamia	4953357
deteriora	4953356
fiarnos	4953355
desangrar	4953354
tardariamos	4953353
querriais	4953352
hays	4953351
depresiones	4953350
exxon	4953349
ligon	4953348
pronuncie	4953347
parecerlo	4953346
vikinga	4953345
estepas	4953344
anker	4953343
curaria	4953342
anarchy	4953341
robocop	4953340
olav	4953339
enright	4953338
electorado	4953337
perdedoras	4953336
zanjar	4953335
pituitaria	4953334
electrocucion	4953333
drazi	4953332
habanos	4953331
laboristas	4953330
sancti	4953329
enfrian	4953328
purificado	4953327
varun	4953326
bepi	4953325
sudorosos	4953324
samy	4953323
enfadare	4953322
convencieras	4953321
fighter	4953320
susurraba	4953319
vengara	4953318
resuenan	4953317
bacteriana	4953316
registraremos	4953315
anotas	4953314
etnicos	4953313
tobruk	4953312
incineracion	4953311
cepilla	4953310
hearn	4953309
interrogantes	4953308
difiere	4953307
isaak	4953306
calculas	4953305
moderadamente	4953304
comprendelo	4953303
destruirlas	4953302
schumacher	4953301
inexplorado	4953300
groupie	4953299
encierralo	4953298
contrariado	4953297
peiicuia	4953296
puskas	4953295
fraudulenta	4953294
azabache	4953293
kilmer	4953292
alunizaje	4953291
chichi	4953290
kovacs	4953289
theodora	4953288
sustentar	4953287
suey	4953286
malabarismos	4953285
wagon	4953284
arneses	4953283
acudira	4953282
transfieren	4953281
boyka	4953280
jurasico	4953279
saludala	4953278
noa	4953277
overton	4953276
rhythm	4953275
culebras	4953274
dimela	4953273
largare	4953272
denunciando	4953271
bloquearlo	4953270
haciendolas	4953269
ganais	4953268
vaciaron	4953267
blitz	4953266
lanceros	4953265
anticonceptivo	4953264
orquestas	4953263
ortopedico	4953262
foon	4953261
magnanimo	4953260
cheetah	4953259
bulimia	4953258
lomos	4953257
apartan	4953256
apresar	4953255
pronunciada	4953254
inmediatas	4953253
sashimi	4953252
indiquen	4953251
reprobado	4953250
cabal	4953249
derretira	4953248
kin	4953247
hirogen	4953246
hd	4953245
pilon	4953244
vassar	4953243
devastados	4953242
lucharas	4953241
filosofal	4953240
chupalo	4953239
amemos	4953238
patrocina	4953237
levitar	4953236
clics	4953235
derribarla	4953234
sonetos	4953233
adyacentes	4953232
suturar	4953231
golpeandome	4953230
cajetilla	4953229
aparcando	4953228
moraton	4953227
puffy	4953226
permitirnoslo	4953225
permitenos	4953224
chumhum	4953223
domenico	4953222
skinny	4953221
paranoide	4953220
ilimitadas	4953219
callarlo	4953218
renaldo	4953217
mereceria	4953216
ensenarlo	4953215
rada	4953214
embarazosas	4953213
rabinos	4953212
kao	4953211
nazim	4953210
aortica	4953209
arigato	4953208
resonancias	4953207
store	4953206
psico	4953205
creanlo	4953204
wons	4953203
acercame	4953202
batiste	4953201
uretra	4953200
kaput	4953199
chalada	4953198
vallan	4953197
tobilleras	4953196
duluth	4953195
emborrachaba	4953194
sheik	4953193
yoshie	4953192
bannion	4953191
reaparecer	4953190
brunswick	4953189
kyul	4953188
inhalando	4953187
entreabierta	4953186
esclavizar	4953185
interrumpirlos	4953184
rascarme	4953183
pelotones	4953182
dispersado	4953181
soltaba	4953180
gui	4953179
mulholland	4953178
cuidandolo	4953177
deshara	4953176
indistintamente	4953175
drogue	4953174
someterte	4953173
colabore	4953172
deshonrada	4953171
chismorreos	4953170
bulkhead	4953169
misskelley	4953168
inyector	4953167
cobres	4953166
admirablemente	4953165
philby	4953164
cortical	4953163
deshonrosa	4953162
bohm	4953161
arvid	4953160
tribeca	4953159
fascino	4953158
retado	4953157
tullius	4953156
porrazo	4953155
prendo	4953154
longfellow	4953153
estudiara	4953152
karr	4953151
telepaticamente	4953150
oreste	4953149
fingida	4953148
cello	4953147
busquese	4953146
prusianos	4953145
bitch	4953144
merca	4953143
terraplen	4953142
telepatica	4953141
mutilaciones	4953140
mojas	4953139
bouquet	4953138
letonia	4953137
atiza	4953136
clavarme	4953135
erro	4953134
raspando	4953133
acabadas	4953132
climaticos	4953131
manguito	4953130
jirones	4953129
montate	4953128
hermetica	4953127
senalaba	4953126
reafirmar	4953125
transformaciones	4953124
desbocado	4953123
venera	4953122
pescaderia	4953121
llevaosla	4953120
bavaria	4953119
ganglios	4953118
bebiamos	4953117
contribuyen	4953116
caspar	4953115
sonambulismo	4953114
amenazadora	4953113
bosquejos	4953112
hannes	4953111
sospechaban	4953110
bremen	4953109
aparentan	4953108
stepan	4953107
licuado	4953106
biblicas	4953105
vistan	4953104
shlomo	4953103
gotcha	4953102
haba	4953101
tamb	4953100
burocratico	4953099
acorta	4953098
nagumo	4953097
gault	4953096
crustaceos	4953095
miri	4953094
legumbres	4953093
raye	4953092
carlomagno	4953091
estallidos	4953090
segundito	4953089
oxidados	4953088
gerhard	4953087
tirones	4953086
bajeme	4953085
favorecido	4953084
enjuiciar	4953083
sociopatas	4953082
perseguidores	4953081
widener	4953080
guitarristas	4953079
matasellos	4953078
despistada	4953077
tartamudea	4953076
frecuentado	4953075
pel	4953074
turnbull	4953073
jodiendome	4953072
asuncion	4953071
quemad	4953070
transgresiones	4953069
pagoda	4953068
eones	4953067
allegados	4953066
segador	4953065
ezekiel	4953064
penultima	4953063
salle	4953062
bufetes	4953061
prole	4953060
entes	4953059
visitaria	4953058
lamentaran	4953057
bulla	4953056
aguado	4953055
bombardeados	4953054
comprueban	4953053
terceras	4953052
aplicable	4953051
romain	4953050
adolphe	4953049
extranaron	4953048
bajela	4953047
extensas	4953046
afeitadora	4953045
rasgada	4953044
cepillarse	4953043
hablada	4953042
rune	4953041
trasladaremos	4953040
viajabamos	4953039
sugata	4953038
condenara	4953037
hagamosla	4953036
lavarle	4953035
guten	4953034
shari	4953033
tarantino	4953032
donando	4953031
avellanas	4953030
butt	4953029
estrechando	4953028
sabiendolo	4953027
precisaba	4953026
transformados	4953025
cherish	4953024
anaheim	4953023
handicap	4953022
cabestrillo	4953021
leviathan	4953020
senalada	4953019
meterles	4953018
alquilas	4953017
aguantaremos	4953016
ettore	4953015
mestiza	4953014
decimas	4953013
verificada	4953012
dependeria	4953011
baldio	4953010
contribuyendo	4953009
indebida	4953008
drogandose	4953007
surya	4953006
costner	4953005
prendiendo	4953004
smee	4953003
illuminati	4953002
hawes	4953001
operen	4953000
hughie	4952999
cedas	4952998
ensenandome	4952997
eyeccion	4952996
mantengamonos	4952995
tempus	4952994
kati	4952993
sheri	4952992
conmutador	4952991
desobedece	4952990
intentarian	4952989
ordenarle	4952988
deshonestidad	4952987
baco	4952986
meterias	4952985
lesbico	4952984
ansiosas	4952983
clarividencia	4952982
ponganlos	4952981
promenade	4952980
rui	4952979
indicativo	4952978
jeffy	4952977
flashback	4952976
stash	4952975
dito	4952974
mixtos	4952973
nupcias	4952972
temerarios	4952971
chivos	4952970
sindicalista	4952969
regalitos	4952968
noh	4952967
adolorida	4952966
opry	4952965
winkler	4952964
desterrar	4952963
callaway	4952962
rolfe	4952961
mezclarnos	4952960
descuiden	4952959
danno	4952958
vagaba	4952957
armonias	4952956
gretzky	4952955
resistieron	4952954
restar	4952953
cerdena	4952952
reclamarlo	4952951
barrows	4952950
ejercido	4952949
complicaron	4952948
lainie	4952947
tretas	4952946
sudorosas	4952945
particion	4952944
sepsis	4952943
oigame	4952942
compartiera	4952941
gastadas	4952940
edulcorante	4952939
disculparia	4952938
infla	4952937
making	4952936
abrasion	4952935
coloridos	4952934
gere	4952933
disciplinarias	4952932
avisaran	4952931
nath	4952930
instantaneos	4952929
divertire	4952928
autoritaria	4952927
contrapeso	4952926
empresaria	4952925
juguetito	4952924
montarte	4952923
reorganizacion	4952922
amiguitas	4952921
tuan	4952920
mostrarla	4952919
envidiaba	4952918
harriman	4952917
replicador	4952916
pookie	4952915
jugad	4952914
mercadotecnia	4952913
seneca	4952912
vigilaras	4952911
luann	4952910
southall	4952909
portaron	4952908
trieste	4952907
presenti	4952906
pierino	4952905
guo	4952904
trazando	4952903
cre	4952902
karai	4952901
compruebas	4952900
gustare	4952899
obligamos	4952898
desembarcaron	4952897
taking	4952896
batata	4952895
saltaban	4952894
oratoria	4952893
configurado	4952892
donato	4952891
infecciosa	4952890
chicks	4952889
escabulli	4952888
weekend	4952887
estableceremos	4952886
trena	4952885
expresivo	4952884
appetit	4952883
incipiente	4952882
jalo	4952881
haig	4952880
dinerito	4952879
algernon	4952878
toru	4952877
espie	4952876
respetaban	4952875
atkinson	4952874
escucharias	4952873
togas	4952872
gosling	4952871
gargola	4952870
revelarse	4952869
akashi	4952868
maren	4952867
rayon	4952866
ilicitas	4952865
wormhole	4952864
juanetes	4952863
priorizar	4952862
temblo	4952861
acurrucarse	4952860
invierto	4952859
fusiones	4952858
fulvio	4952857
yihad	4952856
haskel	4952855
contactes	4952854
cometeras	4952853
huntley	4952852
beatrix	4952851
fayeed	4952850
perturbados	4952849
recomiende	4952848
impurezas	4952847
balli	4952846
estresando	4952845
pudisteis	4952844
caleta	4952843
alambrado	4952842
orestes	4952841
legionario	4952840
luchabamos	4952839
amarias	4952838
conservando	4952837
sagan	4952836
simpre	4952835
trabajad	4952834
adelle	4952833
adapto	4952832
yuans	4952831
impidieron	4952830
inadvertidamente	4952829
construyera	4952828
beresford	4952827
laugesen	4952826
bruces	4952825
pasenlo	4952824
insensibilidad	4952823
enchiladas	4952822
desvariando	4952821
lille	4952820
anatoly	4952819
barbaridades	4952818
impropia	4952817
bubonica	4952816
berit	4952815
soltadle	4952814
reticencia	4952813
proclamo	4952812
cultivamos	4952811
cunas	4952810
condestable	4952809
deteriorando	4952808
bonzo	4952807
presenciando	4952806
rathod	4952805
kjell	4952804
reconciliar	4952803
tamra	4952802
mojes	4952801
rebotes	4952800
hopewell	4952799
desconectarlo	4952798
concubinas	4952797
asn	4952796
recostarse	4952795
pilkington	4952794
arduamente	4952793
brotan	4952792
seso	4952791
fln	4952790
bumpy	4952789
higuera	4952788
takes	4952787
adeline	4952786
incluian	4952785
spratt	4952784
lindstrom	4952783
alquilaremos	4952782
pueblucho	4952781
milagrosas	4952780
migraciones	4952779
ponete	4952778
colchoneta	4952777
dosel	4952776
lloviera	4952775
polonio	4952774
acosados	4952773
curaste	4952772
trini	4952771
rejillas	4952770
rona	4952769
rebelaron	4952768
reconsideres	4952767
musicas	4952766
sistematico	4952765
genia	4952764
flecos	4952763
motta	4952762
consecuente	4952761
ransome	4952760
capuchas	4952759
sufrire	4952758
graduamos	4952757
reticente	4952756
carm	4952755
aterrizan	4952754
quebraste	4952753
deslizas	4952752
tediosa	4952751
rompele	4952750
tocandome	4952749
funden	4952748
despediremos	4952747
ecklie	4952746
intergalactico	4952745
retratar	4952744
rezarle	4952743
fryer	4952742
lucecita	4952741
keefer	4952740
welsh	4952739
aconsejando	4952738
salpico	4952737
disciplinas	4952736
tutu	4952735
fijara	4952734
consensual	4952733
caltech	4952732
musas	4952731
ucranianos	4952730
involucraria	4952729
desplegados	4952728
maeve	4952727
blazer	4952726
akio	4952725
amigotes	4952724
abusados	4952723
peeta	4952722
misera	4952721
mane	4952720
anomalos	4952719
nombrando	4952718
nyada	4952717
antillas	4952716
coon	4952715
affairs	4952714
esmero	4952713
zimbabwe	4952712
cantarte	4952711
comunicaba	4952710
marear	4952709
confortables	4952708
barrington	4952707
habeas	4952706
montanosa	4952705
jah	4952704
tyree	4952703
inexpugnable	4952702
kirkwood	4952701
acechaba	4952700
digest	4952699
intimidando	4952698
shizu	4952697
metanol	4952696
probad	4952695
cazadoras	4952694
nortenos	4952693
rapaz	4952692
juli	4952691
disfrazo	4952690
ilusionado	4952689
transferire	4952688
perdurara	4952687
aseos	4952686
simi	4952685
ebano	4952684
nombrados	4952683
plum	4952682
sei	4952681
sanguinarios	4952680
exclamaciones	4952679
desperfectos	4952678
esplendidos	4952677
filantropia	4952676
rubita	4952675
agarrale	4952674
tambia	4952673
ejecutamos	4952672
yuka	4952671
ayunar	4952670
protegieron	4952669
jurando	4952668
suzuran	4952667
mononucleosis	4952666
adelantense	4952665
rough	4952664
abrele	4952663
arav	4952662
pasarlas	4952661
inyectan	4952660
lewicki	4952659
resfriados	4952658
estorba	4952657
estacionando	4952656
eficazmente	4952655
aconsejarme	4952654
atributo	4952653
pudrira	4952652
cuaresma	4952651
lab	4952650
reventa	4952649
impresione	4952648
perdias	4952647
adular	4952646
tarr	4952645
subastar	4952644
definio	4952643
fingers	4952642
desterrados	4952641
duna	4952640
blum	4952639
escondase	4952638
prenden	4952637
pillarme	4952636
rechazos	4952635
documentados	4952634
roshan	4952633
justifican	4952632
promiscuo	4952631
igualado	4952630
referi	4952629
quincena	4952628
shreveport	4952627
pelearos	4952626
tararear	4952625
bromita	4952624
hinchan	4952623
grandotes	4952622
setos	4952621
juntaremos	4952620
deano	4952619
violaria	4952618
aoi	4952617
tita	4952616
maniatica	4952615
ist	4952614
atraparia	4952613
