# lemma	count — freq ranking for --freq/--maxEntries (must-keep 20M+, top50k 5M-). MIT.
chat	23000000
chien	23000000
a	22000000
aiment	22000000
allons	22000000
bon	22000000
buvons	22000000
chaque	22000000
dans	22000000
de	22000000
du	22000000
eau	22000000
ecole	22000000
ecrit	22000000
enfants	22000000
et	22000000
femme	22000000
grande	22000000
histoire	22000000
histoires	22000000
homme	22000000
hommes	22000000
l	22000000
la	22000000
le	22000000
les	22000000
lit	22000000
livre	22000000
maison	22000000
mangeons	22000000
matin	22000000
monde	22000000
nous	22000000
nouvelle	22000000
nuit	22000000
parole	22000000
petite	22000000
prennent	22000000
puis	22000000
un	22000000
une	22000000
vie	22000000
vieil	22000000
ville	22000000
voit	22000000
aimer	21000000
aller	21000000
boire	21000000
chatte	21000000
ecrire	21000000
grand	21000000
l'	21000000
manger	21000000
petit	21000000
prendre	21000000
vieux	21000000
voir	21000000
amour	20000000
avoir	20000000
cheval	20000000
dire	20000000
enfant	20000000
etre	20000000
faire	20000000
jour	20000000
langue	20000000
lire	20000000
mettre	20000000
mot	20000000
nouveau	20000000
oeil	20000000
parler	20000000
pouvoir	20000000
savoir	20000000
temps	20000000
travail	20000000
venir	20000000
vouloir	20000000
je	5000000
est	4999999
pas	4999998
que	4999997
tu	4999996
vous	4999995
il	4999994
ne	4999993
en	4999992
on	4999991
ca	4999990
ce	4999989
pour	4999988
ai	4999987
des	4999986
qui	4999985
mais	4999984
elle	4999983
bien	4999982
me	4999981
si	4999980
y	4999979
suis	4999978
non	4999977
avec	4999976
tout	4999975
plus	4999974
mon	4999973
te	4999972
au	4999971
fait	4999970
moi	4999969
oui	4999968
etait	4999967
va	4999966
as	4999965
ils	4999964
sur	4999963
quoi	4999962
se	4999961
comme	4999960
sais	4999959
veux	4999958
ici	4999957
ma	4999956
toi	4999955
dit	4999954
lui	4999953
votre	4999952
es	4999951
pourquoi	4999950
ou	4999949
rien	4999948
cette	4999947
sont	4999946
peux	4999945
quand	4999944
son	4999943
avez	4999942
ton	4999941
alors	4999940
vais	4999939
comment	4999938
par	4999937
chose	4999936
merci	4999935
ont	4999934
juste	4999933
tres	4999932
jamais	4999931
ete	4999930
vraiment	4999929
aussi	4999928
oh	4999927
sa	4999926
meme	4999925
maintenant	4999924
tous	4999923
peut	4999922
deux	4999921
ces	4999920
ta	4999919
allez	4999918
etes	4999917
autre	4999916
fais	4999915
peu	4999914
quelque	4999913
toujours	4999912
encore	4999911
notre	4999910
mes	4999909
besoin	4999908
avait	4999907
accord	4999906
faut	4999905
dois	4999904
fois	4999903
vu	4999902
sans	4999901
donc	4999900
etais	4999899
avant	4999898
parce	4999897
trop	4999896
pere	4999895
personne	4999894
avais	4999893
crois	4999892
apres	4999891
ouais	4999890
dieu	4999889
aux	4999888
ses	4999887
pense	4999886
aime	4999885
eu	4999884
viens	4999883
ok	4999882
leur	4999881
vrai	4999880
ans	4999879
veut	4999878
doit	4999877
mal	4999876
chez	4999875
depuis	4999874
deja	4999873
beaucoup	4999872
mort	4999871
bonne	4999870
vos	4999869
mieux	4999868
mere	4999867
vas	4999866
fille	4999865
dis	4999864
sera	4999863
tes	4999862
gens	4999861
quel	4999860
vois	4999859
desole	4999858
voila	4999857
avons	4999856
soit	4999855
soir	4999854
cela	4999853
autres	4999852
toute	4999851
passe	4999850
monsieur	4999849
argent	4999848
choses	4999847
salut	4999846
nom	4999845
nos	4999844
cet	4999843
bonjour	4999842
raison	4999841
moins	4999840
arrive	4999839
maman	4999838
reste	4999837
voulais	4999836
air	4999835
seul	4999834
moment	4999833
aider	4999832
papa	4999831
entre	4999830
aurais	4999829
probleme	4999828
peur	4999827
regarde	4999826
gars	4999825
voulez	4999824
fils	4999823
trouve	4999822
attends	4999821
eh	4999820
savez	4999819
trois	4999818
assez	4999817
plait	4999816
famille	4999815
trouver	4999814
toutes	4999813
quelle	4999812
tete	4999811
pourrait	4999810
ah	4999809
pris	4999808
pu	4999807
appelle	4999806
quelques	4999805
sait	4999804
sommes	4999803
voiture	4999802
arrete	4999801
vite	4999800
partir	4999799
faites	4999798
seule	4999797
serait	4999796
he	4999795
merde	4999794
tuer	4999793
chance	4999792
pendant	4999791
parle	4999790
idee	4999789
aurait	4999788
part	4999787
jours	4999786
elles	4999785
hui	4999784
demain	4999783
ami	4999782
tard	4999781
mec	4999780
hein	4999779
connais	4999778
passer	4999777
truc	4999776
tant	4999775
combien	4999774
sens	4999773
pouvez	4999772
porte	4999771
super	4999770
sortir	4999769
heure	4999768
entendu	4999767
contre	4999766
coup	4999765
vient	4999764
comprends	4999763
ensemble	4999762
importe	4999761
sang	4999760
desolee	4999759
prends	4999758
sous	4999757
amis	4999756
cas	4999755
rester	4999754
tue	4999753
fini	4999752
devrais	4999751
question	4999750
derniere	4999749
partie	4999748
chercher	4999747
seulement	4999746
police	4999745
pensais	4999744
aide	4999743
demande	4999742
genre	4999741
mois	4999740
frere	4999739
laisser	4999738
car	4999737
aucun	4999736
laisse	4999735
eux	4999734
devrait	4999733
bebe	4999732
longtemps	4999731
heures	4999730
vont	4999729
putain	4999728
revoir	4999727
aucune	4999726
place	4999725
ni	4999724
compris	4999723
savais	4999722
etaient	4999721
attention	4999720
voici	4999719
pourrais	4999718
affaire	4999717
donner	4999716
type	4999715
leurs	4999714
donne	4999713
train	4999712
corps	4999711
endroit	4999710
yeux	4999709
facon	4999708
ecoute	4999707
dont	4999706
premier	4999705
perdu	4999704
main	4999703
premiere	4999702
cote	4999701
sois	4999700
tiens	4999699
tellement	4999698
point	4999697
venu	4999696
suite	4999695
pardon	4999694
venez	4999693
devant	4999692
vers	4999691
minutes	4999690
chambre	4999689
mis	4999688
belle	4999687
droit	4999686
aimerais	4999685
mme	4999684
mari	4999683
cause	4999682
enfin	4999681
espere	4999680
attendez	4999679
parti	4999678
boulot	4999677
arreter	4999676
dirait	4999675
terre	4999674
compte	4999673
loin	4999672
fin	4999671
croire	4999670
cherie	4999669
gros	4999668
plutot	4999667
aura	4999666
filles	4999665
jouer	4999664
bureau	4999663
hier	4999662
pret	4999661
mourir	4999660
voulait	4999659
celui	4999658
demander	4999657
possible	4999656
jeune	4999655
dehors	4999654
euh	4999653
beau	4999652
appeler	4999651
semaine	4999650
propos	4999649
annees	4999648
femmes	4999647
verite	4999646
chef	4999645
confiance	4999644
hey	4999643
regardez	4999642
feu	4999641
vivre	4999640
docteur	4999639
journee	4999638
pres	4999637
affaires	4999636
madame	4999635
meilleur	4999634
dessus	4999633
prie	4999632
mains	4999631
penses	4999630
telephone	4999629
devez	4999628
dur	4999627
appele	4999626
garcon	4999625
ait	4999624
mariage	4999623
equipe	4999622
arriver	4999621
marche	4999620
dr	4999619
guerre	4999618
essaie	4999617
derriere	4999616
dites	4999615
plein	4999614
important	4999613
fort	4999612
font	4999611
exactement	4999610
presque	4999609
parents	4999608
dernier	4999607
ii	4999606
fou	4999605
fete	4999604
tomber	4999603
attendre	4999602
securite	4999601
ceux	4999600
vue	4999599
jeu	4999598
genial	4999597
souviens	4999596
envie	4999595
capitaine	4999594
pays	4999593
garde	4999592
cours	4999591
pos	4999590
numero	4999589
bientot	4999588
cinq	4999587
parfait	4999586
minute	4999585
ainsi	4999584
personnes	4999583
autant	4999582
retour	4999581
essaye	4999580
peine	4999579
serai	4999578
instant	4999577
mauvais	4999576
arme	4999575
prison	4999574
penser	4999573
prend	4999572
semble	4999571
film	4999570
ben	4999569
quatre	4999568
essayer	4999567
rentrer	4999566
plan	4999565
travailler	4999564
regarder	4999563
parfois	4999562
abord	4999561
voyez	4999560
faute	4999559
croyais	4999558
choix	4999557
bas	4999556
heureux	4999555
facile	4999554
voudrais	4999553
entendre	4999552
changer	4999551
entrer	4999550
plaisir	4999549
ensuite	4999548
fera	4999547
allait	4999546
etiez	4999545
propre	4999544
route	4999543
tour	4999542
travaille	4999541
garder	4999540
adore	4999539
amie	4999538
annee	4999537
drole	4999536
service	4999535
attend	4999534
rendre	4999533
agent	4999532
dollars	4999531
commence	4999530
lieu	4999529
devoir	4999528
sujet	4999527
sure	4999526
difficile	4999525
pire	4999524
sorte	4999523
ira	4999522
ceci	4999521
etat	4999520
morte	4999519
voulu	4999518
peuvent	4999517
bizarre	4999516
perdre	4999515
impossible	4999514
faisait	4999513
mlle	4999512
oublie	4999511
ferai	4999510
tot	4999509
the	4999508
payer	4999507
arretez	4999506
serais	4999505
coeur	4999504
reviens	4999503
pouvais	4999502
inquiete	4999501
calme	4999500
cafe	4999499
suffit	4999498
prenez	4999497
verre	4999496
parles	4999495
aimes	4999494
cherche	4999493
ferme	4999492
problemes	4999491
photo	4999490
surement	4999489
montrer	4999488
pensez	4999487
cœur	4999486
meurtre	4999485
hopital	4999484
musique	4999483
veulent	4999482
avis	4999481
sauf	4999480
courant	4999479
doute	4999478
seconde	4999477
fous	4999476
trucs	4999475
questions	4999474
allais	4999473
cool	4999472
nouvelles	4999471
serieux	4999470
john	4999469
gentil	4999468
haut	4999467
malade	4999466
alle	4999465
devons	4999464
diner	4999463
esprit	4999462
sors	4999461
moyen	4999460
jack	4999459
six	4999458
change	4999457
semaines	4999456
salle	4999455
comprendre	4999454
sauver	4999453
celle	4999452
cul	4999451
seigneur	4999450
simple	4999449
appris	4999448
bras	4999447
suppose	4999446
cheri	4999445
partout	4999444
visage	4999443
prochaine	4999442
chemin	4999441
retard	4999440
soiree	4999439
meilleure	4999438
s	4999437
face	4999436
ferais	4999435
new	4999434
vaut	4999433
h	4999432
surtout	4999431
soyez	4999430
morts	4999429
bois	4999428
joue	4999427
rapport	4999426
message	4999425
rentre	4999424
pauvre	4999423
erreur	4999422
sinon	4999421
honneur	4999420
devait	4999419
entends	4999418
mets	4999417
sam	4999416
rencontrer	4999415
an	4999414
occupe	4999413
devenir	4999412
souvent	4999411
revenir	4999410
pouvait	4999409
messieurs	4999408
sort	4999407
piece	4999406
dormir	4999405
grave	4999404
commencer	4999403
roi	4999402
groupe	4999401
carte	4999400
interieur	4999399
recu	4999398
reve	4999397
bonsoir	4999396
faux	4999395
aviez	4999394
manque	4999393
ecoutez	4999392
appel	4999391
sac	4999390
content	4999389
cher	4999388
president	4999387
envoye	4999386
puisse	4999385
acheter	4999384
debut	4999383
secret	4999382
maitre	4999381
venue	4999380
patron	4999379
noel	4999378
voyons	4999377
cheveux	4999376
rue	4999375
continue	4999374
occuper	4999373
age	4999372
prix	4999371
gagner	4999370
mauvaise	4999369
effet	4999368
tirer	4999367
avocat	4999366
certains	4999365
grace	4999364
voix	4999363
general	4999362
promis	4999361
noir	4999360
long	4999359
apprendre	4999358
avaient	4999357
laissez	4999356
dix	4999355
accident	4999354
probablement	4999353
deteste	4999352
cru	4999351
millions	4999350
bout	4999349
ordre	4999348
okay	4999347
incroyable	4999346
aurai	4999345
ressemble	4999344
scene	4999343
voyage	4999342
retrouver	4999341
bienvenue	4999340
petits	4999339
force	4999338
simplement	4999337
disparu	4999336
armes	4999335
ailleurs	4999334
york	4999333
connaissez	4999332
prete	4999331
soeur	4999330
situation	4999329
proteger	4999328
hotel	4999327
utiliser	4999326
devriez	4999325
sœur	4999324
completement	4999323
crime	4999322
dos	4999321
idiot	4999320
armee	4999319
sale	4999318
liste	4999317
anniversaire	4999316
oncle	4999315
victime	4999314
rappelle	4999313
agit	4999312
paix	4999311
battre	4999310
bouge	4999309
absolument	4999308
finir	4999307
pars	4999306
libre	4999305
rencontre	4999304
avion	4999303
i	4999302
rouge	4999301
retourner	4999300
reussi	4999299
mots	4999298
bateau	4999297
sympa	4999296
restez	4999295
stupide	4999294
seras	4999293
medecin	4999292
photos	4999291
balle	4999290
faim	4999289
controle	4999288
table	4999287
fond	4999286
bordel	4999285
decide	4999284
fasse	4999283
habitude	4999282
impression	4999281
surprise	4999280
porter	4999279
autour	4999278
colere	4999277
or	4999276
ligne	4999275
croyez	4999274
devais	4999273
savait	4999272
gagne	4999271
jolie	4999270
heureuse	4999269
magnifique	4999268
seront	4999267
gauche	4999266
imagine	4999265
clair	4999264
charlie	4999263
sorti	4999262
neuf	4999261
su	4999260
vole	4999259
cadeau	4999258
risque	4999257
parlez	4999256
systeme	4999255
inspecteur	4999254
hors	4999253
ferait	4999252
termine	4999251
disais	4999250
ouvre	4999249
dedans	4999248
pote	4999247
expliquer	4999246
espece	4999245
montre	4999244
auras	4999243
pied	4999242
present	4999241
plusieurs	4999240
disent	4999239
michael	4999238
marcher	4999237
pieds	4999236
lumiere	4999235
vraie	4999234
pourra	4999233
reponse	4999232
coin	4999231
suivre	4999230
moitie	4999229
club	4999228
pouvons	4999227
fallait	4999226
doivent	4999225
pareil	4999224
joli	4999223
vieille	4999222
camp	4999221
envoyer	4999220
mission	4999219
grosse	4999218
soleil	4999217
selon	4999216
arriere	4999215
devenu	4999214
doucement	4999213
tenir	4999212
sortie	4999211
rend	4999210
allo	4999209
flics	4999208
exact	4999207
tom	4999206
joe	4999205
disait	4999204
you	4999203
recherche	4999202
continuer	4999201
ignore	4999200
poser	4999199
chaud	4999198
lettre	4999197
tueur	4999196
avance	4999195
tire	4999194
arrivee	4999193
bar	4999192
quitter	4999191
david	4999190
connaitre	4999189
loi	4999188
connait	4999187
gamin	4999186
laquelle	4999185
folle	4999184
professeur	4999183
jure	4999182
froid	4999181
forme	4999180
bonnes	4999179
ie	4999178
normal	4999177
but	4999176
offre	4999175
conseil	4999174
con	4999173
debout	4999172
dangereux	4999171
tranquille	4999170
prets	4999169
boite	4999168
mike	4999167
ciel	4999166
classe	4999165
frank	4999164
danger	4999163
enquete	4999162
tele	4999161
oublier	4999160
visite	4999159
juge	4999158
bons	4999157
poste	4999156
lu	4999155
attaque	4999154
touche	4999153
droite	4999152
george	4999151
triste	4999150
vivant	4999149
monte	4999148
coucher	4999147
envoie	4999146
tombe	4999145
jeunes	4999144
preuve	4999143
dame	4999142
flic	4999141
ecouter	4999140
met	4999139
cuisine	4999138
relation	4999137
dossier	4999136
sentir	4999135
blanc	4999134
serez	4999133
chanson	4999132
gueule	4999131
foutre	4999130
sante	4999129
dejeuner	4999128
pourtant	4999127
travers	4999126
entrez	4999125
ouvrir	4999124
signifie	4999123
ame	4999122
voler	4999121
centre	4999120
chacun	4999119
lieutenant	4999118
certain	4999117
compagnie	4999116
vit	4999115
m	4999114
mecs	4999113
ia	4999112
mange	4999111
cle	4999110
maniere	4999109
different	4999108
bord	4999107
decision	4999106
n	4999105
vendre	4999104
aille	4999103
enfer	4999102
diable	4999101
sortez	4999100
achete	4999099
appartement	4999098
etrange	4999097
nulle	4999096
monter	4999095
signe	4999094
faisais	4999093
bouche	4999092
paye	4999091
c	4999090
viennent	4999089
secondes	4999088
peter	4999087
responsable	4999086
coupable	4999085
honte	4999084
emmener	4999083
prefere	4999082
ordres	4999081
soin	4999080
milieu	4999079
prochain	4999078
mr	4999077
aurez	4999076
rire	4999075
cerveau	4999074
voie	4999073
amoureux	4999072
allee	4999071
paris	4999070
silence	4999069
t	4999068
drogue	4999067
coups	4999066
blague	4999065
trou	4999064
choisi	4999063
retourne	4999062
garcons	4999061
interet	4999060
connu	4999059
ll	4999058
tel	4999057
public	4999056
reunion	4999055
dirai	4999054
capable	4999053
client	4999052
epoque	4999051
existe	4999050
pleine	4999049
prise	4999048
adresse	4999047
cacher	4999046
combat	4999045
peau	4999044
pute	4999043
dingue	4999042
sent	4999041
faisons	4999040
blesse	4999039
robe	4999038
tient	4999037
paul	4999036
promets	4999035
fiche	4999034
biere	4999033
presente	4999032
preuves	4999031
max	4999030
colonel	4999029
lequel	4999028
don	4999027
journal	4999026
societe	4999025
quitte	4999024
assis	4999023
menti	4999022
sept	4999021
contact	4999020
base	4999019
vin	4999018
servir	4999017
exemple	4999016
jeter	4999015
contente	4999014
felicitations	4999013
mer	4999012
savent	4999011
tort	4999010
ouvert	4999009
recuperer	4999008
dommage	4999007
gouvernement	4999006
pourriez	4999005
vol	4999004
nez	4999003
devient	4999002
sauve	4999001
fut	4999000
heros	4998999
tenez	4998998
livres	4998997
horrible	4998996
prevu	4998995
enceinte	4998994
secours	4998993
entree	4998992
fric	4998991
henry	4998990
operation	4998989
seuls	4998988
temoin	4998987
environ	4998986
repondre	4998985
depart	4998984
danse	4998983
regles	4998982
verifier	4998981
dirais	4998980
lune	4998979
sexe	4998978
decouvert	4998977
and	4998976
justice	4998975
terrible	4998974
peuple	4998973
auriez	4998972
bruit	4998971
commandant	4998970
interessant	4998969
lycee	4998968
ramener	4998967
reves	4998966
mise	4998965
radio	4998964
inutile	4998963
excuse	4998962
tas	4998961
banque	4998960
apparemment	4998959
baiser	4998958
bete	4998957
ridicule	4998956
avenir	4998955
copine	4998954
bande	4998953
œil	4998952
plupart	4998951
proces	4998950
bravo	4998949
verra	4998948
position	4998947
pose	4998946
serieusement	4998945
pitie	4998944
humain	4998943
approche	4998942
liberte	4998941
appelez	4998940
revenu	4998939
longue	4998938
etions	4998937
certaines	4998936
anglais	4998935
nourriture	4998934
nord	4998933
partez	4998932
deuxieme	4998931
vaisseau	4998930
toilettes	4998929
eviter	4998928
utilise	4998927
cour	4998926
role	4998925
experience	4998924
portes	4998923
match	4998922
grands	4998921
ennuis	4998920
fbi	4998919
empecher	4998918
directeur	4998917
mur	4998916
croit	4998915
faudra	4998914
derange	4998913
vetements	4998912
conneries	4998911
conduire	4998910
d	4998909
defense	4998908
tante	4998907
marier	4998906
vide	4998905
danny	4998904
special	4998903
sud	4998902
cense	4998901
eglise	4998900
merveilleux	4998899
aie	4998898
james	4998897
huit	4998896
sol	4998895
excuser	4998894
avions	4998893
personnel	4998892
comprenez	4998891
hum	4998890
jimmy	4998889
bombe	4998888
interesse	4998887
code	4998886
niveau	4998885
parait	4998884
fenetre	4998883
magasin	4998882
asseoir	4998881
chere	4998880
video	4998879
aimais	4998878
sergent	4998877
mignon	4998876
obtenir	4998875
alex	4998874
reine	4998873
amerique	4998872
espoir	4998871
certainement	4998870
glace	4998869
mien	4998868
presse	4998867
revient	4998866
souvenir	4998865
terrain	4998864
danser	4998863
clients	4998862
arrivera	4998861
quartier	4998860
lorsque	4998859
tourne	4998858
douleur	4998857
aimez	4998856
mesdames	4998855
rose	4998854
parie	4998853
zone	4998852
ravi	4998851
sarah	4998850
spectacle	4998849
bob	4998848
jane	4998847
proche	4998846
presenter	4998845
sache	4998844
honnete	4998843
petites	4998842
irai	4998841
rapide	4998840
camion	4998839
meilleurs	4998838
rendu	4998837
derniers	4998836
connard	4998835
village	4998834
importance	4998833
venus	4998832
nul	4998831
merite	4998830
bill	4998829
assurer	4998828
sexy	4998827
essayez	4998826
fier	4998825
prouver	4998824
ayez	4998823
vis	4998822
occasion	4998821
projet	4998820
apprecie	4998819
marie	4998818
machine	4998817
freres	4998816
savons	4998815
gosse	4998814
officier	4998813
discuter	4998812
vacances	4998811
tony	4998810
attendais	4998809
remettre	4998808
idees	4998807
copain	4998806
chaussures	4998805
respect	4998804
epouser	4998803
realite	4998802
salope	4998801
jim	4998800
portable	4998799
choisir	4998798
programme	4998797
sert	4998796
fleurs	4998795
faite	4998794
rappeler	4998793
planete	4998792
offrir	4998791
pression	4998790
decouvrir	4998789
court	4998788
bain	4998787
retrouve	4998786
detruire	4998785
nick	4998784
to	4998783
chanter	4998782
mademoiselle	4998781
charge	4998780
soient	4998779
ray	4998778
enorme	4998777
nature	4998776
mary	4998775
monstre	4998774
riche	4998773
restes	4998772
solution	4998771
envers	4998770
reflechir	4998769
informations	4998768
pierre	4998767
lache	4998766
victimes	4998765
arrivent	4998764
will	4998763
test	4998762
enlever	4998761
sauter	4998760
stop	4998759
preparer	4998758
mariee	4998757
dents	4998756
necessaire	4998755
patient	4998754
finalement	4998753
immediatement	4998752
arranger	4998751
toucher	4998750
bus	4998749
harry	4998748
ennemi	4998747
invite	4998746
aies	4998745
suspect	4998744
cartes	4998743
faits	4998742
jambes	4998741
couteau	4998740
durant	4998739
ancien	4998738
vent	4998737
trouves	4998736
futur	4998735
nouveaux	4998734
tourner	4998733
repas	4998732
espace	4998731
taille	4998730
dure	4998729
politique	4998728
telle	4998727
papier	4998726
accepter	4998725
universite	4998724
vies	4998723
continuez	4998722
bu	4998721
descendre	4998720
conversation	4998719
contrat	4998718
sentiments	4998717
richard	4998716
films	4998715
beaute	4998714
double	4998713
excellent	4998712
ordinateur	4998711
course	4998710
carriere	4998709
remarque	4998708
degage	4998707
mille	4998706
noms	4998705
bonheur	4998704
memoire	4998703
vecu	4998702
permis	4998701
aimait	4998700
contraire	4998699
energie	4998698
urgence	4998697
emmene	4998696
taxi	4998695
etant	4998694
joyeux	4998693
parmi	4998692
propres	4998691
courage	4998690
difference	4998689
couple	4998688
prince	4998687
couche	4998686
casse	4998685
crise	4998684
tuee	4998683
marrant	4998682
tommy	4998681
forte	4998680
serie	4998679
faudrait	4998678
piste	4998677
apporte	4998676
puisque	4998675
action	4998674
trouvez	4998673
coupe	4998672
steve	4998671
mienne	4998670
km	4998669
maladie	4998668
dernieres	4998667
cible	4998666
vouliez	4998665
johnny	4998664
secrets	4998663
raisons	4998662
restaurant	4998661
fil	4998660
alcool	4998659
amy	4998658
voudrait	4998657
camera	4998656
lors	4998655
types	4998654
acces	4998653
refuse	4998652
pleurer	4998651
rends	4998650
totalement	4998649
foutu	4998648
londres	4998647
blanche	4998646
pensait	4998645
mettez	4998644
remercier	4998643
claire	4998642
excuses	4998641
entier	4998640
humains	4998639
couleur	4998638
ile	4998637
fermer	4998636
soldat	4998635
disons	4998634
partis	4998633
frappe	4998632
dise	4998631
pensent	4998630
etage	4998629
memes	4998628
oubliez	4998627
amuser	4998626
epouse	4998625
regler	4998624
remercie	4998623
ouvrez	4998622
ryan	4998621
cles	4998620
soldats	4998619
gay	4998618
rate	4998617
frais	4998616
image	4998615
suivi	4998614
venait	4998613
veuillez	4998612
direction	4998611
mentir	4998610
animaux	4998609
salaud	4998608
sacre	4998607
troisieme	4998606
poisson	4998605
sherif	4998604
paie	4998603
billy	4998602
wow	4998601
frapper	4998600
courir	4998599
bouger	4998598
rejoindre	4998597
bleu	4998596
papiers	4998595
daniel	4998594
jesus	4998593
miss	4998592
points	4998591
chiens	4998590
americain	4998589
superbe	4998588
destin	4998587
mark	4998586
failli	4998585
faible	4998584
lait	4998583
adieu	4998582
pont	4998581
costume	4998580
details	4998579
procureur	4998578
attraper	4998577
princesse	4998576
parlait	4998575
partenaire	4998574
arret	4998573
jake	4998572
pourras	4998571
gout	4998570
sourire	4998569
marre	4998568
bouteille	4998567
intention	4998566
doigts	4998565
robert	4998564
appartient	4998563
formidable	4998562
appelles	4998561
moindre	4998560
viendra	4998559
amene	4998558
unique	4998557
tribunal	4998556
francais	4998555
foi	4998554
quelles	4998553
lettres	4998552
art	4998551
evidemment	4998550
date	4998549
jeux	4998548
chasse	4998547
passee	4998546
enfoire	4998545
amener	4998544
os	4998543
afin	4998542
gateau	4998541
quels	4998540
cou	4998539
attendant	4998538
adam	4998537
pieces	4998536
couper	4998535
ha	4998534
chier	4998533
recherches	4998532
pause	4998531
empreintes	4998530
utile	4998529
jambe	4998528
pourrai	4998527
bref	4998526
intelligent	4998525
morceau	4998524
oblige	4998523
certaine	4998522
presence	4998521
signal	4998520
raconter	4998519
identite	4998518
vendu	4998517
prive	4998516
entreprise	4998515
j	4998514
balles	4998513
demandais	4998512
of	4998511
auraient	4998510
justement	4998509
cinema	4998508
discours	4998507
rapidement	4998506
mechant	4998505
campagne	4998504
regard	4998503
gentille	4998502
depend	4998501
lien	4998500
appareil	4998499
ange	4998498
labo	4998497
joie	4998496
compter	4998495
job	4998494
malgre	4998493
reprendre	4998492
imbecile	4998491
demandez	4998490
nombre	4998489
magie	4998488
gardes	4998487
star	4998486
chapeau	4998485
decider	4998484
resultats	4998483
noire	4998482
uh	4998481
nouvel	4998480
menace	4998479
lee	4998478
forces	4998477
agir	4998476
produit	4998475
agents	4998474
vendredi	4998473
fac	4998472
malheureusement	4998471
parfaite	4998470
odeur	4998469
voitures	4998468
raconte	4998467
voulons	4998466
importante	4998465
mince	4998464
meurt	4998463
martin	4998462
aise	4998461
vus	4998460
saison	4998459
jete	4998458
succes	4998457
gerer	4998456
pain	4998455
regle	4998454
million	4998453
gosses	4998452
parfaitement	4998451
malin	4998450
adn	4998449
donnees	4998448
comprend	4998447
bougez	4998446
trouvee	4998445
majeste	4998444
toit	4998443
faveur	4998442
eddie	4998441
doux	4998440
washington	4998439
cache	4998438
coffre	4998437
couverture	4998436
arbre	4998435
reparer	4998434
in	4998433
article	4998432
fout	4998431
dors	4998430
van	4998429
prendra	4998428
detruit	4998427
fonctionne	4998426
infos	4998425
lever	4998424
bobby	4998423
chris	4998422
unite	4998421
echange	4998420
surpris	4998419
enchante	4998418
parc	4998417
apporter	4998416
imaginer	4998415
jardin	4998414
accepte	4998413
falloir	4998412
partager	4998411
plage	4998410
ramene	4998409
echapper	4998408
valeur	4998407
egalement	4998406
folie	4998405
ministre	4998404
dan	4998403
attendu	4998402
parlais	4998401
samedi	4998400
comptes	4998399
mode	4998398
maire	4998397
charles	4998396
souvenirs	4998395
exterieur	4998394
genie	4998393
reponds	4998392
parlons	4998391
inquieter	4998390
recevoir	4998389
inquietez	4998388
larry	4998387
hasard	4998386
bal	4998385
ouest	4998384
concerne	4998383
perds	4998382
amoureuse	4998381
assure	4998380
membre	4998379
reel	4998378
poids	4998377
prevenir	4998376
suivant	4998375
metres	4998374
poche	4998373
vitesse	4998372
pourraient	4998371
fantastique	4998370
fantome	4998369
realise	4998368
services	4998367
prepare	4998366
saura	4998365
souhaite	4998364
repondu	4998363
mens	4998362
regardes	4998361
viande	4998360
enleve	4998359
faisant	4998358
poulet	4998357
page	4998356
habite	4998355
grandes	4998354
conduit	4998353
americains	4998352
ressens	4998351
tresor	4998350
file	4998349
abandonner	4998348
san	4998347
embrasser	4998346
fesses	4998345
chevaux	4998344
kevin	4998343
rachel	4998342
dimanche	4998341
passage	4998340
naissance	4998339
traces	4998338
amusant	4998337
cent	4998336
retraite	4998335
donnez	4998334
beaux	4998333
explique	4998332
etranger	4998331
flingue	4998330
paradis	4998329
directement	4998328
membres	4998327
billets	4998326
champ	4998325
vienne	4998324
debarrasser	4998323
tombee	4998322
ouverte	4998321
appelait	4998320
manquer	4998319
doigt	4998318
qu	4998317
andy	4998316
agreable	4998315
fatigue	4998314
changement	4998313
univers	4998312
piege	4998311
marque	4998310
yeah	4998309
scott	4998308
descends	4998307
perte	4998306
jerry	4998305
cotes	4998304
entendez	4998303
creer	4998302
nettoyer	4998301
relations	4998300
note	4998299
douce	4998298
belles	4998297
animal	4998296
brian	4998295
franchement	4998294
patients	4998293
france	4998292
batiment	4998291
disant	4998290
cancer	4998289
heureusement	4998288
pourrez	4998287
complique	4998286
devrions	4998285
pleure	4998284
source	4998283
perd	4998282
connaissance	4998281
emission	4998280
mensonge	4998279
repete	4998278
joindre	4998277
walter	4998276
pete	4998275
convaincre	4998274
nerveux	4998273
eric	4998272
esperais	4998271
verifie	4998270
plans	4998269
no	4998268
pantalon	4998267
droits	4998266
douche	4998265
regrette	4998264
ennemis	4998263
servi	4998262
bataille	4998261
senti	4998260
conscience	4998259
sentiment	4998258
jason	4998257
invites	4998256
salon	4998255
kate	4998254
traitement	4998253
it	4998252
cretin	4998251
volonte	4998250
interdit	4998249
heu	4998248
medicaments	4998247
direct	4998246
cousin	4998245
abandonne	4998244
souci	4998243
lance	4998242
appels	4998241
cherchez	4998240
signer	4998239
ies	4998238
crains	4998237
controler	4998236
reposer	4998235
anna	4998234
temoins	4998233
demandes	4998232
detective	4998231
gaz	4998230
victoire	4998229
trace	4998228
lois	4998227
information	4998226
arrives	4998225
rappelles	4998224
maries	4998223
offert	4998222
proches	4998221
queue	4998220
desormais	4998219
acte	4998218
dossiers	4998217
ravie	4998216
paquet	4998215
dira	4998214
semblant	4998213
style	4998212
serons	4998211
aeroport	4998210
meurs	4998209
supporter	4998208
mauvaises	4998207
chinois	4998206
grandi	4998205
innocent	4998204
autrement	4998203
suicide	4998202
lisa	4998201
lancer	4998200
theorie	4998199
laisserai	4998198
infirmiere	4998197
immeuble	4998196
metier	4998195
sonne	4998194
lis	4998193
bague	4998192
oreilles	4998191
coince	4998190
aveugle	4998189
humaine	4998188
internet	4998187
amies	4998186
lecon	4998185
veste	4998184
militaire	4998183
moyens	4998182
protection	4998181
dormi	4998180
appelee	4998179
battu	4998178
proprietaire	4998177
milliers	4998176
mandat	4998175
tirez	4998174
genoux	4998173
gardez	4998172
surveillance	4998171
trouvera	4998170
pilote	4998169
fuir	4998168
man	4998167
oiseau	4998166
retirer	4998165
my	4998164
risques	4998163
partons	4998162
feras	4998161
recemment	4998160
assassin	4998159
dort	4998158
celebre	4998157
defendre	4998156
chances	4998155
fiston	4998154
ancienne	4998153
emily	4998152
vert	4998151
assurance	4998150
charmant	4998149
cree	4998148
saviez	4998147
kim	4998146
connaissais	4998145
vire	4998144
chemise	4998143
differents	4998142
ventre	4998141
ted	4998140
verras	4998139
sport	4998138
haute	4998137
respire	4998136
commun	4998135
laisses	4998134
annie	4998133
carter	4998132
atteindre	4998131
virer	4998130
pluie	4998129
chante	4998128
luke	4998127
devenue	4998126
vrais	4998125
talent	4998124
jury	4998123
jette	4998122
commande	4998121
perdue	4998120
tente	4998119
voleur	4998118
chocolat	4998117
reveiller	4998116
joues	4998115
parlant	4998114
moments	4998113
souris	4998112
accuse	4998111
terme	4998110
dirige	4998109
chicago	4998108
emploi	4998107
thomas	4998106
celles	4998105
privee	4998104
ombre	4998103
simon	4998102
repos	4998101
passez	4998100
blesser	4998099
whoa	4998098
passera	4998097
neige	4998096
angleterre	4998095
matt	4998094
lundi	4998093
theatre	4998092
permettre	4998091
notes	4998090
policier	4998089
surveiller	4998088
saint	4998087
rome	4998086
levres	4998085
attendent	4998084
chaise	4998083
etoiles	4998082
pouvoirs	4998081
semblait	4998080
voulaient	4998079
engage	4998078
craint	4998077
reflechi	4998076
site	4998075
hate	4998074
entiere	4998073
blancs	4998072
adorable	4998071
zero	4998070
facilement	4998069
episode	4998068
veritable	4998067
siege	4998066
parlent	4998065
doc	4998064
traduction	4998063
montagne	4998062
alles	4998061
o	4998060
speciale	4998059
ecoutes	4998058
entend	4998057
familles	4998056
gorge	4998055
sommeil	4998054
al	4998053
riviere	4998052
pistolet	4998051
miracle	4998050
kyle	4998049
titre	4998048
second	4998047
cellule	4998046
leve	4998045
mouvement	4998044
mine	4998043
revenez	4998042
clairement	4998041
choc	4998040
differentes	4998039
fortune	4998038
divorce	4998037
meurtres	4998036
ours	4998035
precedemment	4998034
dieux	4998033
travaillait	4998032
lunettes	4998031
exploser	4998030
alice	4998029
journaux	4998028
pauvres	4998027
essayais	4998026
reviendra	4998025
noirs	4998024
evident	4998023
minuit	4998022
clark	4998021
examen	4998020
carl	4998019
respirer	4998018
tableau	4998017
plat	4998016
ouai	4998015
serieuse	4998014
meurtrier	4998013
devraient	4998012
mene	4998011
survivre	4998010
los	4998009
william	4998008
obtenu	4998007
idiote	4998006
premiers	4998005
jeff	4998004
aupres	4998003
tienne	4998002
principal	4998001
foret	4998000
violence	4997999
courses	4997998
tenu	4997997
dave	4997996
amitie	4997995
rires	4997994
erreurs	4997993
cardiaque	4997992
blessure	4997991
ed	4997990
couilles	4997989
distance	4997988
humeur	4997987
commis	4997986
modele	4997985
demon	4997984
seins	4997983
puissance	4997982
smith	4997981
reflechis	4997980
ambulance	4997979
casser	4997978
plaisante	4997977
romantique	4997976
responsabilite	4997975
hmm	4997974
reveille	4997973
credit	4997972
crier	4997971
concert	4997970
pousser	4997969
auront	4997968
etudes	4997967
tir	4997966
brise	4997965
fuite	4997964
gare	4997963
midi	4997962
permission	4997961
dessous	4997960
maria	4997959
explosion	4997958
reponses	4997957
taylor	4997956
gamins	4997955
arthur	4997954
normale	4997953
annonce	4997952
secretaire	4997951
cesse	4997950
sean	4997949
chauffeur	4997948
susan	4997947
lieux	4997946
oreille	4997945
re	4997944
attaquer	4997943
cabinet	4997942
usine	4997941
bosse	4997940
images	4997939
voisins	4997938
devine	4997937
nombreux	4997936
vache	4997935
pensees	4997934
prudent	4997933
suit	4997932
epee	4997931
station	4997930
vente	4997929
pousse	4997928
coute	4997927
top	4997926
city	4997925
logique	4997924
souvenez	4997923
finie	4997922
sage	4997921
souffle	4997920
rentree	4997919
maisons	4997918
liquide	4997917
liberer	4997916
mesure	4997915
garage	4997914
vision	4997913
repond	4997912
roger	4997911
chateau	4997910
louis	4997909
deviens	4997908
physique	4997907
alerte	4997906
moteur	4997905
kelly	4997904
reculez	4997903
fer	4997902
version	4997901
fiere	4997900
cherches	4997899
rues	4997898
finit	4997897
donnes	4997896
street	4997895
lac	4997894
champagne	4997893
canon	4997892
reellement	4997891
artiste	4997890
quiconque	4997889
puce	4997888
europe	4997887
delicieux	4997886
cameras	4997885
chaleur	4997884
essence	4997883
soutien	4997882
particulier	4997881
park	4997880
traiter	4997879
bebes	4997878
fusil	4997877
alan	4997876
paroles	4997875
major	4997874
ignorais	4997873
herbe	4997872
virus	4997871
tournee	4997870
traverser	4997869
menteur	4997868
cadeaux	4997867
sombre	4997866
bosser	4997865
avancer	4997864
puissant	4997863
cependant	4997862
construire	4997861
sacree	4997860
coach	4997859
occupee	4997858
agence	4997857
criminel	4997856
chuck	4997855
cheque	4997854
reconnais	4997853
bat	4997852
oiseaux	4997851
comportement	4997850
ecris	4997849
periode	4997848
degagez	4997847
lendemain	4997846
disparaitre	4997845
fumer	4997844
jenny	4997843
differente	4997842
verrai	4997841
tests	4997840
inviter	4997839
soucis	4997838
souffrir	4997837
rock	4997836
riches	4997835
fromage	4997834
adulte	4997833
piscine	4997832
vive	4997831
ayant	4997830
seraient	4997829
tues	4997828
supplie	4997827
billet	4997826
karen	4997825
resoudre	4997824
chair	4997823
fatiguee	4997822
resultat	4997821
bye	4997820
taire	4997819
deranger	4997818
e	4997817
nuits	4997816
ment	4997815
endroits	4997814
passait	4997813
concours	4997812
concernant	4997811
sorciere	4997810
anciens	4997809
crane	4997808
vivante	4997807
fausse	4997806
rentrez	4997805
eleve	4997804
attente	4997803
russe	4997802
tien	4997801
lily	4997800
chaine	4997799
montez	4997798
gardien	4997797
attrape	4997796
abby	4997795
laver	4997794
choisis	4997793
gouverneur	4997792
enfuir	4997791
jaloux	4997790
angeles	4997789
arrestation	4997788
go	4997787
blessures	4997786
revenue	4997785
enfance	4997784
cia	4997783
bel	4997782
chut	4997781
demi	4997780
avocats	4997779
surveille	4997778
objet	4997777
chouette	4997776
senateur	4997775
profiter	4997774
vote	4997773
caisse	4997772
tim	4997771
esprits	4997770
californie	4997769
rapports	4997768
science	4997767
mac	4997766
mensonges	4997765
gaffe	4997764
poitrine	4997763
magique	4997762
represente	4997761
inquiet	4997760
sucre	4997759
siecle	4997758
emma	4997757
murs	4997756
venant	4997755
trompe	4997754
joey	4997753
geste	4997752
pourrions	4997751
etudier	4997750
reputation	4997749
forcement	4997748
traite	4997747
remonte	4997746
soyons	4997745
jackson	4997744
fan	4997743
prendrai	4997742
refaire	4997741
devra	4997740
amuse	4997739
departement	4997738
cloche	4997737
chute	4997736
joueur	4997735
peinture	4997734
horreur	4997733
cherchais	4997732
fiancee	4997731
medecins	4997730
pizza	4997729
phil	4997728
aurons	4997727
tenue	4997726
marine	4997725
promesse	4997724
vegas	4997723
barre	4997722
plainte	4997721
soupe	4997720
studio	4997719
opinion	4997718
creme	4997717
foyer	4997716
somme	4997715
ennuie	4997714
manteau	4997713
incendie	4997712
journaliste	4997711
excusez	4997710
morgan	4997709
big	4997708
aventure	4997707
mener	4997706
racontes	4997705
cauchemar	4997704
uniforme	4997703
aient	4997702
intelligente	4997701
pretre	4997700
lapin	4997699
scientifique	4997698
seriez	4997697
honnetement	4997696
crimes	4997695
hank	4997694
corde	4997693
propriete	4997692
repondez	4997691
recommencer	4997690
trouverai	4997689
calmer	4997688
deviner	4997687
hiver	4997686
jus	4997685
champion	4997684
conference	4997683
complet	4997682
centaines	4997681
connaissait	4997680
couloir	4997679
reviendrai	4997678
debile	4997677
poupee	4997676
pub	4997675
materiel	4997674
admettre	4997673
arbres	4997672
verrez	4997671
donnerai	4997670
plaisantes	4997669
foule	4997668
geniale	4997667
reaction	4997666
maggie	4997665
b	4997664
portait	4997663
desert	4997662
reseau	4997661
hais	4997660
commissaire	4997659
larmes	4997658
construit	4997657
entrainement	4997656
julie	4997655
jean	4997654
julia	4997653
ex	4997652
cris	4997651
um	4997650
fonds	4997649
josh	4997648
cadavre	4997647
americaine	4997646
pardonner	4997645
ascenseur	4997644
recommence	4997643
patrick	4997642
uniquement	4997641
liaison	4997640
ya	4997639
stan	4997638
voient	4997637
parking	4997636
trainer	4997635
velo	4997634
apprend	4997633
discussion	4997632
projets	4997631
morceaux	4997630
saches	4997629
filer	4997628
estomac	4997627
soi	4997626
repeter	4997625
gary	4997624
laura	4997623
boutique	4997622
croient	4997621
conseils	4997620
sir	4997619
front	4997618
curieux	4997617
messages	4997616
lucy	4997615
bite	4997614
fasses	4997613
mardi	4997612
appellent	4997611
saute	4997610
jones	4997609
laissee	4997608
empire	4997607
parties	4997606
medecine	4997605
menage	4997604
soudain	4997603
ballon	4997602
combattre	4997601
rompu	4997600
remonter	4997599
acteur	4997598
implique	4997597
rare	4997596
atteint	4997595
chou	4997594
bouton	4997593
amanda	4997592
red	4997591
doue	4997590
abri	4997589
prof	4997588
tache	4997587
voyais	4997586
reussir	4997585
conseiller	4997584
ceremonie	4997583
gang	4997582
bruler	4997581
couvrir	4997580
travailles	4997579
vivent	4997578
traverse	4997577
ocean	4997576
ho	4997575
rater	4997574
aimerait	4997573
communaute	4997572
prisonnier	4997571
prenom	4997570
meilleures	4997569
rencontres	4997568
surface	4997567
cents	4997566
team	4997565
touchez	4997564
gloire	4997563
prevenu	4997562
whisky	4997561
nana	4997560
lourd	4997559
restera	4997558
remplacer	4997557
affreux	4997556
enterrement	4997555
humanite	4997554
nathan	4997553
tapis	4997552
reserve	4997551
emmerde	4997550
victor	4997549
employes	4997548
tenter	4997547
permet	4997546
vehicule	4997545
empeche	4997544
show	4997543
declaration	4997542
realiser	4997541
actions	4997540
travaillez	4997539
souffre	4997538
terminee	4997537
pouviez	4997536
lacher	4997535
baisse	4997534
boss	4997533
venger	4997532
installer	4997531
etudiants	4997530
feriez	4997529
sentez	4997528
irait	4997527
brillant	4997526
inconnu	4997525
invente	4997524
recompense	4997523
poursuivre	4997522
parlera	4997521
casier	4997520
king	4997519
eleves	4997518
frontiere	4997517
dean	4997516
survecu	4997515
finis	4997514
sandwich	4997513
loup	4997512
navire	4997511
rempli	4997510
essayons	4997509
origine	4997508
arretes	4997507
fleur	4997506
potes	4997505
chansons	4997504
possede	4997503
absence	4997502
pratique	4997501
jeudi	4997500
celibataire	4997499
conduis	4997498
attirer	4997497
etonnant	4997496
vengeance	4997495
donna	4997494
navre	4997493
reconnu	4997492
professionnel	4997491
jouez	4997490
veille	4997489
salaire	4997488
rythme	4997487
fred	4997486
feront	4997485
tempete	4997484
attendait	4997483
gene	4997482
lutte	4997481
accompagner	4997480
ceinture	4997479
signes	4997478
panique	4997477
opportunite	4997476
personnage	4997475
mars	4997474
vingt	4997473
collier	4997472
profond	4997471
canape	4997470
convaincu	4997469
roule	4997468
nourrir	4997467
singe	4997466
peche	4997465
ooh	4997464
haine	4997463
tromper	4997462
pis	4997461
venais	4997460
ecran	4997459
nomme	4997458
rencard	4997457
propose	4997456
lady	4997455
passent	4997454
sara	4997453
miel	4997452
abruti	4997451
chine	4997450
assistant	4997449
malheur	4997448
mm	4997447
brule	4997446
couvert	4997445
porc	4997444
explication	4997443
limite	4997442
afrique	4997441
protege	4997440
betty	4997439
retournez	4997438
entretien	4997437
disiez	4997436
region	4997435
vierge	4997434
urgences	4997433
jackie	4997432
placard	4997431
imaginez	4997430
business	4997429
comite	4997428
cigarette	4997427
palais	4997426
identifier	4997425
is	4997424
gacher	4997423
quant	4997422
colle	4997421
annoncer	4997420
associe	4997419
sers	4997418
envoyez	4997417
barry	4997416
bloc	4997415
engager	4997414
aidera	4997413
greg	4997412
excellente	4997411
sentais	4997410
masque	4997409
extraordinaire	4997408
incident	4997407
monnaie	4997406
circonstances	4997405
parte	4997404
temple	4997403
davantage	4997402
robin	4997401
final	4997400
essayait	4997399
alarme	4997398
roman	4997397
correspond	4997396
dispute	4997395
ferez	4997394
assassine	4997393
sales	4997392
howard	4997391
tyler	4997390
remis	4997389
devoirs	4997388
classique	4997387
lls	4997386
soif	4997385
normalement	4997384
merveilleuse	4997383
trouvent	4997382
naturel	4997381
love	4997380
passes	4997379
piano	4997378
passion	4997377
moque	4997376
prisonniers	4997375
pot	4997374
japonais	4997373
technique	4997372
etoile	4997371
concentrer	4997370
prenne	4997369
retire	4997368
voisin	4997367
creature	4997366
fallu	4997365
black	4997364
entierement	4997363
objets	4997362
prouve	4997361
volant	4997360
portee	4997359
tape	4997358
doug	4997357
tetes	4997356
courrier	4997355
idiots	4997354
central	4997353
affronter	4997352
collegues	4997351
permettez	4997350
impressionnant	4997349
golf	4997348
jaune	4997347
manques	4997346
bibliotheque	4997345
echappe	4997344
lentement	4997343
personnellement	4997342
mystere	4997341
foot	4997340
clinique	4997339
etape	4997338
fumee	4997337
royaume	4997336
qualite	4997335
vampire	4997334
rick	4997333
respecte	4997332
tension	4997331
courageux	4997330
port	4997329
anne	4997328
alliance	4997327
copie	4997326
maitresse	4997325
donnera	4997324
essai	4997323
appellerai	4997322
bouffe	4997321
expert	4997320
etrangers	4997319
desir	4997318
chanceux	4997317
tasse	4997316
conditions	4997315
avouer	4997314
conduite	4997313
dames	4997312
hall	4997311
produits	4997310
soigner	4997309
your	4997308
verres	4997307
russes	4997306
contacter	4997305
pile	4997304
fiance	4997303
kilometres	4997302
approcher	4997301
disque	4997300
miles	4997299
yo	4997298
jugement	4997297
equipage	4997296
analyse	4997295
secrete	4997294
censee	4997293
aube	4997292
crie	4997291
mexique	4997290
section	4997289
effets	4997288
cage	4997287
nationale	4997286
miroir	4997285
limites	4997284
fruits	4997283
echoue	4997282
helen	4997281
epreuve	4997280
condition	4997279
remplir	4997278
vivants	4997277
decouvre	4997276
esperons	4997275
soins	4997274
existence	4997273
egal	4997272
retenir	4997271
copains	4997270
vivait	4997269
precis	4997268
moto	4997267
bagages	4997266
annuler	4997265
catherine	4997264
poissons	4997263
rayon	4997262
ross	4997261
football	4997260
chaude	4997259
aimerai	4997258
andrew	4997257
assise	4997256
secteur	4997255
sacs	4997254
seance	4997253
lucas	4997252
all	4997251
profil	4997250
valise	4997249
avantage	4997248
nu	4997247
technologie	4997246
blessee	4997245
serpent	4997244
charlotte	4997243
procedure	4997242
sauce	4997241
lumieres	4997240
pointe	4997239
bleue	4997238
enchantee	4997237
cochon	4997236
figure	4997235
alliez	4997234
commencons	4997233
suivez	4997232
maudit	4997231
patience	4997230
parker	4997229
bijoux	4997228
fantomes	4997227
poussiere	4997226
printemps	4997225
interroger	4997224
repose	4997223
poison	4997222
drogues	4997221
roy	4997220
accusation	4997219
johnson	4997218
voyait	4997217
pattes	4997216
apprends	4997215
texas	4997214
parlerai	4997213
vincent	4997212
chambres	4997211
ideal	4997210
aides	4997209
min	4997208
jouait	4997207
bonbons	4997206
poule	4997205
chiffres	4997204
condamne	4997203
correct	4997202
briser	4997201
croyait	4997200
boule	4997199
partage	4997198
efforts	4997197
mobile	4997196
pareille	4997195
cooper	4997194
proposition	4997193
objection	4997192
sauvage	4997191
rat	4997190
charmante	4997189
embrasse	4997188
urgent	4997187
criminels	4997186
reconnaitre	4997185
fermez	4997184
œuvre	4997183
echec	4997182
nate	4997181
attitude	4997180
paire	4997179
medical	4997178
faisaient	4997177
brown	4997176
suffisamment	4997175
irais	4997174
fievre	4997173
chers	4997172
elizabeth	4997171
montagnes	4997170
restent	4997169
television	4997168
magazine	4997167
policiers	4997166
auparavant	4997165
separer	4997164
rebecca	4997163
prenons	4997162
musee	4997161
rouges	4997160
juger	4997159
jesse	4997158
carrement	4997157
allaient	4997156
epaule	4997155
plaque	4997154
sally	4997153
organiser	4997152
vend	4997151
angela	4997150
psy	4997149
hollywood	4997148
sable	4997147
appart	4997146
malades	4997145
restee	4997144
bagarre	4997143
legende	4997142
possibilite	4997141
suivante	4997140
nee	4997139
diriger	4997138
education	4997137
chirurgie	4997136
imagination	4997135
maximum	4997134
collegue	4997133
boston	4997132
amen	4997131
ajouter	4997130
connaissent	4997129
pige	4997128
audience	4997127
visiter	4997126
beurre	4997125
marques	4997124
organisation	4997123
expres	4997122
documents	4997121
camarade	4997120
adultes	4997119
domaine	4997118
empereur	4997117
molly	4997116
notres	4997115
prenait	4997114
profondement	4997113
saurais	4997112
avoue	4997111
voudra	4997110
effort	4997109
cirque	4997108
info	4997107
terminer	4997106
cole	4997105
brave	4997104
sexuelle	4997103
deposer	4997102
tireur	4997101
rentres	4997100
vieilles	4997099
balance	4997098
assistante	4997097
sophie	4997096
raisonnable	4997095
japon	4997094
sortes	4997093
refuser	4997092
sensible	4997091
encule	4997090
nerveuse	4997089
essaies	4997088
forcer	4997087
supporte	4997086
sortira	4997085
malheureux	4997084
critique	4997083
terres	4997082
pensee	4997081
chasser	4997080
justin	4997079
disparition	4997078
previens	4997077
meurent	4997076
ordinaire	4997075
commencez	4997074
etudiant	4997073
orange	4997072
arrivait	4997071
cingle	4997070
coincidence	4997069
that	4997068
voyager	4997067
feter	4997066
semblez	4997065
blonde	4997064
allemand	4997063
alibi	4997062
wilson	4997061
conge	4997060
mignonne	4997059
posez	4997058
invitee	4997057
voyant	4997056
couleurs	4997055
therapie	4997054
miami	4997053
baise	4997052
terry	4997051
barbara	4997050
croix	4997049
oliver	4997048
autorisation	4997047
suggere	4997046
do	4997045
scenario	4997044
iras	4997043
ricky	4997042
marty	4997041
parfum	4997040
adorer	4997039
sainte	4997038
patiente	4997037
surs	4997036
marcus	4997035
davis	4997034
donnee	4997033
portefeuille	4997032
huile	4997031
examiner	4997030
leo	4997029
solide	4997028
libere	4997027
sortis	4997026
lord	4997025
extremement	4997024
bains	4997023
lignes	4997022
guerir	4997021
froide	4997020
katie	4997019
preferee	4997018
troupes	4997017
geant	4997016
demons	4997015
decisions	4997014
lie	4997013
for	4997012
emprunter	4997011
carlos	4997010
publique	4997009
accompagne	4997008
poil	4997007
trouverez	4997006
rappelez	4997005
pensons	4997004
recule	4997003
entrainer	4997002
enterre	4997001
personnelle	4997000
taper	4996999
derek	4996998
digne	4996997
jolies	4996996
olivia	4996995
boit	4996994
nager	4996993
stade	4996992
renvoyer	4996991
marshall	4996990
jamie	4996989
large	4996988
taux	4996987
jordan	4996986
loyer	4996985
jeunesse	4996984
blesses	4996983
adaptation	4996982
organise	4996981
marchera	4996980
fetes	4996979
donnent	4996978
detail	4996977
linda	4996976
joseph	4996975
juif	4996974
consequences	4996973
plu	4996972
eloigner	4996971
livrer	4996970
allemagne	4996969
approchez	4996968
moral	4996967
monstres	4996966
cherchait	4996965
miller	4996964
officiers	4996963
incapable	4996962
juifs	4996961
ethan	4996960
invitation	4996959
ouah	4996958
caroline	4996957
bleus	4996956
cercle	4996955
territoire	4996954
plateau	4996953
eliminer	4996952
superieur	4996951
tours	4996950
descend	4996949
suffisant	4996948
viol	4996947
mai	4996946
ouverture	4996945
furieux	4996944
grosses	4996943
exercice	4996942
taule	4996941
respecter	4996940
enferme	4996939
expression	4996938
original	4996937
tenait	4996936
remise	4996935
vince	4996934
rats	4996933
tribu	4996932
cabine	4996931
race	4996930
mamie	4996929
allemands	4996928
tentative	4996927
deces	4996926
trahi	4996925
cap	4996924
bourse	4996923
populaire	4996922
signature	4996921
sexuel	4996920
moche	4996919
obligee	4996918
pouls	4996917
humour	4996916
cave	4996915
arrange	4996914
precieux	4996913
places	4996912
matiere	4996911
dragon	4996910
cassette	4996909
rendez	4996908
injuste	4996907
douee	4996906
eue	4996905
reception	4996904
francisco	4996903
ian	4996902
libres	4996901
difficiles	4996900
travaillent	4996899
oeufs	4996898
excitant	4996897
sommet	4996896
changera	4996895
enerve	4996894
employe	4996893
emotions	4996892
etres	4996891
traitre	4996890
coupez	4996889
travaux	4996888
vampires	4996887
progres	4996886
ailes	4996885
voleurs	4996884
machines	4996883
mercredi	4996882
angle	4996881
instinct	4996880
officiellement	4996879
neveu	4996878
actes	4996877
gordon	4996876
nina	4996875
panne	4996874
junior	4996873
competition	4996872
by	4996871
ivre	4996870
illegal	4996869
annule	4996868
poubelle	4996867
ferons	4996866
bible	4996865
electrique	4996864
participer	4996863
penis	4996862
indiens	4996861
comedie	4996860
toby	4996859
forts	4996858
brad	4996857
temoigner	4996856
nation	4996855
commission	4996854
numeros	4996853
garce	4996852
rattraper	4996851
wayne	4996850
actrice	4996849
cherchent	4996848
tina	4996847
poudre	4996846
jessica	4996845
kilos	4996844
pure	4996843
merites	4996842
ron	4996841
carol	4996840
objectif	4996839
accueil	4996838
eternite	4996837
christ	4996836
union	4996835
soirs	4996834
pisser	4996833
amiral	4996832
pommes	4996831
temoignage	4996830
ranger	4996829
deviennent	4996828
fermee	4996827
absurde	4996826
bombes	4996825
oeuvre	4996824
trafic	4996823
premieres	4996822
agression	4996821
deplacer	4996820
seules	4996819
division	4996818
elever	4996817
avancez	4996816
enregistrement	4996815
autorise	4996814
pur	4996813
st	4996812
frankie	4996811
casey	4996810
durer	4996809
inquietes	4996808
entrepot	4996807
regardais	4996806
comte	4996805
coucou	4996804
negatif	4996803
finira	4996802
gagnant	4996801
langage	4996800
pensiez	4996799
baby	4996798
biens	4996797
el	4996796
beth	4996795
lou	4996794
noble	4996793
gibbs	4996792
echelle	4996791
chic	4996790
œufs	4996789
degats	4996788
temperature	4996787
prier	4996786
revienne	4996785
tarte	4996784
indice	4996783
matinee	4996782
foutez	4996781
decu	4996780
guide	4996779
tuerai	4996778
french	4996777
souffrance	4996776
mechants	4996775
bottes	4996774
finale	4996773
suspects	4996772
influence	4996771
jay	4996770
bruce	4996769
autorite	4996768
conclu	4996767
tuera	4996766
production	4996765
indique	4996764
tunnel	4996763
transformer	4996762
chats	4996761
fauteuil	4996760
gants	4996759
recois	4996758
frigo	4996757
pardonne	4996756
foie	4996755
effrayant	4996754
recupere	4996753
causer	4996752
violent	4996751
sachant	4996750
interets	4996749
mettent	4996748
west	4996747
commander	4996746
voudras	4996745
separes	4996744
pierres	4996743
foutue	4996742
fouiller	4996741
rage	4996740
operations	4996739
anges	4996738
floride	4996737
viendrai	4996736
hauteur	4996735
ministere	4996734
rumeurs	4996733
relax	4996732
sortent	4996731
bah	4996730
culture	4996729
salade	4996728
stress	4996727
joueurs	4996726
harvey	4996725
edward	4996724
prises	4996723
pari	4996722
interne	4996721
barbe	4996720
semblent	4996719
diplome	4996718
puisses	4996717
oxygene	4996716
activite	4996715
bizarres	4996714
cigarettes	4996713
teddy	4996712
pouvaient	4996711
devras	4996710
auteur	4996709
vends	4996708
meres	4996707
lachez	4996706
paraitre	4996705
todd	4996704
blagues	4996703
serment	4996702
buvez	4996701
principale	4996700
unites	4996699
stupides	4996698
jo	4996697
clan	4996696
minable	4996695
album	4996694
trouvait	4996693
charme	4996692
restait	4996691
diamants	4996690
gache	4996689
apprecier	4996688
uns	4996687
livraison	4996686
habiller	4996685
promotion	4996684
pervers	4996683
jalouse	4996682
las	4996681
rompre	4996680
collection	4996679
be	4996678
so	4996677
semblerait	4996676
descendez	4996675
perdus	4996674
plastique	4996673
terroristes	4996672
miens	4996671
connue	4996670
enregistre	4996669
fichu	4996668
naturellement	4996667
electricite	4996666
rigole	4996665
couvre	4996664
flotte	4996663
etude	4996662
sue	4996661
bol	4996660
national	4996659
repartir	4996658
besoins	4996657
tuyau	4996656
terroriste	4996655
valait	4996654
autrefois	4996653
caution	4996652
robot	4996651
betises	4996650
passons	4996649
cite	4996648
kenny	4996647
total	4996646
commerce	4996645
convient	4996644
rejoint	4996643
ennuyeux	4996642
milliards	4996641
gratuit	4996640
ecart	4996639
volee	4996638
grant	4996637
fans	4996636
revenus	4996635
charger	4996634
innocents	4996633
diane	4996632
trouveras	4996631
nombreuses	4996630
cimetiere	4996629
empreinte	4996628
dylan	4996627
eteint	4996626
septembre	4996625
degoutant	4996624
nue	4996623
phase	4996622
rever	4996621
roses	4996620
vague	4996619
fache	4996618
dollar	4996617
emporter	4996616
espion	4996615
fenetres	4996614
ignorer	4996613
egoiste	4996612
pilules	4996611
micro	4996610
rang	4996609
revolution	4996608
leger	4996607
gus	4996606
douze	4996605
plaindre	4996604
esclave	4996603
etudie	4996602
trous	4996601
adorerais	4996600
metro	4996599
raymond	4996598
soutenir	4996597
sœurs	4996596
culpabilite	4996595
guitare	4996594
nancy	4996593
dette	4996592
riz	4996591
facons	4996590
walker	4996589
parent	4996588
interrompre	4996587
spencer	4996586
diras	4996585
one	4996584
sein	4996583
commissariat	4996582
produire	4996581
ali	4996580
identifie	4996579
sain	4996578
repris	4996577
ressemblait	4996576
regime	4996575
fume	4996574
efficace	4996573
carrie	4996572
russell	4996571
lewis	4996570
rejoins	4996569
fierte	4996568
mn	4996567
enfui	4996566
habitants	4996565
verifiez	4996564
voudrez	4996563
eteindre	4996562
ecraser	4996561
adjoint	4996560
laboratoire	4996559
betes	4996558
religion	4996557
couler	4996556
rond	4996555
laissera	4996554
rentrons	4996553
travaillais	4996552
porno	4996551
deviez	4996550
pratiquement	4996549
communication	4996548
camarades	4996547
soeurs	4996546
reveillee	4996545
gentils	4996544
ames	4996543
homicide	4996542
we	4996541
option	4996540
escalier	4996539
espagnol	4996538
lecture	4996537
elena	4996536
quatrieme	4996535
randy	4996534
renseignements	4996533
chirurgien	4996532
tandis	4996531
amant	4996530
jusque	4996529
autorites	4996528
rencontree	4996527
jess	4996526
personnalite	4996525
evidence	4996524
loue	4996523
durs	4996522
depasse	4996521
remede	4996520
attache	4996519
liens	4996518
interessante	4996517
couches	4996516
formation	4996515
excite	4996514
hannah	4996513
renforts	4996512
bart	4996511
manuel	4996510
enterrer	4996509
savaient	4996508
caractere	4996507
particulierement	4996506
feux	4996505
prefererais	4996504
bourre	4996503
fidele	4996502
dose	4996501
genereux	4996500
pourri	4996499
ken	4996498
changent	4996497
commencent	4996496
rouler	4996495
devrez	4996494
congres	4996493
lampe	4996492
up	4996491
stylo	4996490
aidez	4996489
dennis	4996488
jonathan	4996487
equipes	4996486
ellen	4996485
nerfs	4996484
cellules	4996483
actuellement	4996482
grandir	4996481
elements	4996480
ameliorer	4996479
resister	4996478
reveil	4996477
boisson	4996476
acteurs	4996475
tuez	4996474
totale	4996473
martha	4996472
dessin	4996471
courte	4996470
groupes	4996469
ressenti	4996468
avere	4996467
crever	4996466
nucleaire	4996465
entendue	4996464
gouter	4996463
sociale	4996462
portrait	4996461
exprimer	4996460
avenue	4996459
accent	4996458
gamine	4996457
ongles	4996456
decouverte	4996455
oscar	4996454
instructions	4996453
coma	4996452
steven	4996451
voies	4996450
criminelle	4996449
owen	4996448
centrale	4996447
manieres	4996446
connor	4996445
pourrons	4996444
videos	4996443
appetit	4996442
execution	4996441
samantha	4996440
esperer	4996439
detendre	4996438
louise	4996437
plaire	4996436
italie	4996435
blake	4996434
mickey	4996433
attendons	4996432
traine	4996431
michelle	4996430
brigade	4996429
tradition	4996428
cuisiner	4996427
officiel	4996426
imagines	4996425
descendu	4996424
declare	4996423
casino	4996422
holly	4996421
depeche	4996420
homer	4996419
serviette	4996418
defi	4996417
desastre	4996416
pro	4996415
eli	4996414
termes	4996413
putains	4996412
regardant	4996411
disponible	4996410
cliente	4996409
jeremy	4996408
toast	4996407
pue	4996406
italien	4996405
rigoles	4996404
liz	4996403
souffert	4996402
ailles	4996401
laissons	4996400
russie	4996399
budget	4996398
habits	4996397
passant	4996396
villes	4996395
ressentir	4996394
coincee	4996393
reconnaissance	4996392
drapeau	4996391
indien	4996390
dick	4996389
zut	4996388
phrase	4996387
metal	4996386
mechante	4996385
creatures	4996384
mmm	4996383
girl	4996382
processus	4996381
cesar	4996380
correctement	4996379
arretee	4996378
remets	4996377
adrian	4996376
rumeur	4996375
assister	4996374
hitler	4996373
jungle	4996372
christine	4996371
mortel	4996370
survie	4996369
intelligence	4996368
logan	4996367
bail	4996366
vraies	4996365
poumons	4996364
chasseur	4996363
quoique	4996362
champs	4996361
malediction	4996360
malcolm	4996359
autopsie	4996358
noix	4996357
cravate	4996356
comptez	4996355
envoyee	4996354
passeport	4996353
aurions	4996352
risquer	4996351
evenements	4996350
strategie	4996349
accueillir	4996348
preferes	4996347
serre	4996346
riley	4996345
commercial	4996344
quinn	4996343
definitivement	4996342
commandement	4996341
inde	4996340
mangez	4996339
escaliers	4996338
interview	4996337
barney	4996336
complexe	4996335
trompes	4996334
recoit	4996333
petrole	4996332
pages	4996331
devenus	4996330
desire	4996329
abattu	4996328
aaron	4996327
pomme	4996326
intervention	4996325
out	4996324
mette	4996323
tare	4996322
reunis	4996321
harold	4996320
lot	4996319
manges	4996318
charite	4996317
degres	4996316
travis	4996315
promener	4996314
methode	4996313
jennifer	4996312
cable	4996311
tatouage	4996310
creuser	4996309
boites	4996308
tendre	4996307
batterie	4996306
batard	4996305
sortait	4996304
ann	4996303
ecrivain	4996302
regardait	4996301
attendrai	4996300
plaisantez	4996299
reconnaissant	4996298
bateaux	4996297
militaires	4996296
williams	4996295
rappele	4996294
sincerement	4996293
venons	4996292
charges	4996291
keith	4996290
timide	4996289
cousine	4996288
veuve	4996287
tokyo	4996286
profite	4996285
couru	4996284
considere	4996283
sammy	4996282
heroine	4996281
tendance	4996280
shawn	4996279
complice	4996278
torture	4996277
white	4996276
trouvais	4996275
otage	4996274
techniquement	4996273
masse	4996272
menaces	4996271
chloe	4996270
doutes	4996269
r	4996268
revolver	4996267
operer	4996266
halloween	4996265
citoyens	4996264
house	4996263
cassee	4996262
albert	4996261
penny	4996260
mourra	4996259
associes	4996258
sincere	4996257
college	4996256
echantillon	4996255
lion	4996254
ordures	4996253
dises	4996252
sacrifice	4996251
manager	4996250
commandes	4996249
demarre	4996248
pasteur	4996247
evan	4996246
dent	4996245
quart	4996244
equipement	4996243
cruel	4996242
continues	4996241
cadavres	4996240
arracher	4996239
juillet	4996238
thanksgiving	4996237
poker	4996236
clown	4996235
gere	4996234
preparez	4996233
audrey	4996232
jouent	4996231
vomir	4996230
generation	4996229
evenement	4996228
cabane	4996227
resolu	4996226
renvoye	4996225
mentionne	4996224
solitaire	4996223
lauren	4996222
baton	4996221
tueurs	4996220
poches	4996219
censes	4996218
laissent	4996217
marge	4996216
motel	4996215
heritage	4996214
allison	4996213
essayant	4996212
ressembler	4996211
volontaire	4996210
enormement	4996209
priorite	4996208
ressources	4996207
jacob	4996206
melange	4996205
shane	4996204
pires	4996203
with	4996202
rupture	4996201
rapporte	4996200
importantes	4996199
reverend	4996198
examens	4996197
sel	4996196
demenager	4996195
jouets	4996194
tester	4996193
conducteur	4996192
trahison	4996191
transfert	4996190
debrouiller	4996189
baseball	4996188
moyenne	4996187
moderne	4996186
effacer	4996185
positif	4996184
dangereuse	4996183
publicite	4996182
perdez	4996181
mason	4996180
experiences	4996179
evite	4996178
nan	4996177
epaules	4996176
funerailles	4996175
dernierement	4996174
visages	4996173
patrouille	4996172
explose	4996171
responsabilites	4996170
chefs	4996169
booth	4996168
environnement	4996167
interrogatoire	4996166
medias	4996165
kitty	4996164
scandale	4996163
vendeur	4996162
retrouvee	4996161
simples	4996160
invisible	4996159
tragedie	4996158
issue	4996157
devaient	4996156
lincoln	4996155
ordure	4996154
genant	4996153
impots	4996152
voter	4996151
probable	4996150
retenu	4996149
hill	4996148
espagne	4996147
loyaute	4996146
destruction	4996145
viree	4996144
dessert	4996143
veuille	4996142
insiste	4996141
negocier	4996140
arretera	4996139
jules	4996138
aimable	4996137
avril	4996136
etranges	4996135
connerie	4996134
oublierai	4996133
regardent	4996132
saut	4996131
admire	4996130
agi	4996129
legiste	4996128
quinze	4996127
clay	4996126
leader	4996125
sejour	4996124
marin	4996123
sensation	4996122
usa	4996121
gentleman	4996120
tenebres	4996119
fonce	4996118
exception	4996117
green	4996116
enseigne	4996115
connaissiez	4996114
commences	4996113
sien	4996112
possession	4996111
motif	4996110
four	4996109
jenna	4996108
serveur	4996107
mondiale	4996106
partant	4996105
tv	4996104
canada	4996103
priere	4996102
ashley	4996101
what	4996100
stanley	4996099
habille	4996098
baisser	4996097
abattre	4996096
cran	4996095
manquait	4996094
association	4996093
verte	4996092
activites	4996091
poing	4996090
producteur	4996089
plais	4996088
dettes	4996087
siecles	4996086
ecriture	4996085
craindre	4996084
soucie	4996083
vallee	4996082
confirme	4996081
reglement	4996080
contient	4996079
net	4996078
outils	4996077
precisement	4996076
bagnole	4996075
neil	4996074
morale	4996073
gateaux	4996072
otages	4996071
quittez	4996070
immense	4996069
discute	4996068
informer	4996067
chapitre	4996066
potentiel	4996065
margaret	4996064
berlin	4996063
audition	4996062
confirmer	4996061
bieres	4996060
stone	4996059
esclaves	4996058
chevalier	4996057
ticket	4996056
importants	4996055
vivez	4996054
capacite	4996053
basket	4996052
sortons	4996051
harris	4996050
fruit	4996049
chaos	4996048
boy	4996047
altesse	4996046
utilisez	4996045
cendres	4996044
eclater	4996043
acier	4996042
victoria	4996041
cri	4996040
population	4996039
adorent	4996038
effectivement	4996037
vaisseaux	4996036
dealer	4996035
rita	4996034
stephen	4996033
this	4996032
pipi	4996031
regretter	4996030
cons	4996029
proposer	4996028
benisse	4996027
ordonne	4996026
panneau	4996025
oublies	4996024
reprend	4996023
sentait	4996022
effraye	4996021
legal	4996020
bonhomme	4996019
construction	4996018
pourront	4996017
megan	4996016
boue	4996015
rarement	4996014
eaux	4996013
demandent	4996012
docteurs	4996011
combinaison	4996010
endormi	4996009
franc	4996008
plante	4996007
vodka	4996006
apparence	4996005
liam	4996004
cuir	4996003
coule	4996002
jersey	4996001
exige	4996000
utilisent	4995999
menu	4995998
sire	4995997
navree	4995996
luxe	4995995
essentiel	4995994
maintenir	4995993
bonte	4995992
island	4995991
legere	4995990
mordu	4995989
stable	4995988
satellite	4995987
salopard	4995986
branche	4995985
earl	4995984
autoroute	4995983
rembourser	4995982
know	4995981
passagers	4995980
nelson	4995979
lame	4995978
wade	4995977
angel	4995976
deposition	4995975
donnait	4995974
f	4995973
monica	4995972
costumes	4995971
etonne	4995970
huh	4995969
boules	4995968
ruine	4995967
matthew	4995966
mortes	4995965
innocente	4995964
serveuse	4995963
transport	4995962
little	4995961
peres	4995960
statue	4995959
creve	4995958
joan	4995957
principe	4995956
chacune	4995955
couronne	4995954
subir	4995953
sec	4995952
accuser	4995951
gabriel	4995950
goutte	4995949
pique	4995948
x	4995947
lisez	4995946
cachee	4995945
mitchell	4995944
colline	4995943
prendrais	4995942
revanche	4995941
trente	4995940
aile	4995939
bienvenu	4995938
paige	4995937
ose	4995936
kg	4995935
helas	4995934
wendy	4995933
rory	4995932
resistance	4995931
flash	4995930
vic	4995929
prime	4995928
litteralement	4995927
direz	4995926
federal	4995925
aah	4995924
engagement	4995923
medicale	4995922
medicament	4995921
symbole	4995920
symptomes	4995919
badge	4995918
cm	4995917
francis	4995916
avertissement	4995915
realisateur	4995914
scientifiques	4995913
douter	4995912
douloureux	4995911
cercueil	4995910
faisiez	4995909
louer	4995908
mentez	4995907
impact	4995906
journalistes	4995905
complete	4995904
fabrique	4995903
allume	4995902
chagrin	4995901
disparue	4995900
respiration	4995899
delire	4995898
reveler	4995897
options	4995896
juin	4995895
pathetique	4995894
bouteilles	4995893
puissante	4995892
telephoner	4995891
contacts	4995890
changements	4995889
saurai	4995888
manhattan	4995887
excellence	4995886
remarquer	4995885
resto	4995884
pension	4995883
tracy	4995882
seth	4995881
demoiselle	4995880
reprends	4995879
roue	4995878
enlevez	4995877
munitions	4995876
maya	4995875
bloque	4995874
arrangement	4995873
testament	4995872
alpha	4995871
maths	4995870
pretes	4995869
reviennent	4995868
vues	4995867
routine	4995866
tonnes	4995865
poignee	4995864
local	4995863
servent	4995862
ecoles	4995861
ford	4995860
appuie	4995859
legitime	4995858
avocate	4995857
attire	4995856
helicoptere	4995855
depose	4995854
attaques	4995853
presidente	4995852
filmer	4995851
infection	4995850
mesures	4995849
octobre	4995848
articles	4995847
salauds	4995846
entrain	4995845
obscurite	4995844
longues	4995843
domicile	4995842
quittes	4995841
administration	4995840
medaille	4995839
professionnelle	4995838
casque	4995837
courez	4995836
maquillage	4995835
cherchons	4995834
releve	4995833
just	4995832
boucle	4995831
tarder	4995830
ayons	4995829
reelle	4995828
feuilles	4995827
asile	4995826
texte	4995825
harper	4995824
aimee	4995823
deuil	4995822
requin	4995821
tuent	4995820
separe	4995819
nora	4995818
lane	4995817
auto	4995816
morgue	4995815
fonction	4995814
republique	4995813
allumer	4995812
planque	4995811
telles	4995810
enqueter	4995809
sienne	4995808
piquer	4995807
pensant	4995806
gloria	4995805
fichiers	4995804
collins	4995803
manche	4995802
craig	4995801
irez	4995800
circulation	4995799
vides	4995798
tumeur	4995797
organes	4995796
sauvee	4995795
chaussettes	4995794
enveloppe	4995793
ble	4995792
tendu	4995791
talents	4995790
rendent	4995789
record	4995788
eva	4995787
ressemblent	4995786
puits	4995785
vanessa	4995784
demandait	4995783
combats	4995782
horribles	4995781
violee	4995780
jetez	4995779
portant	4995778
warren	4995777
dalle	4995776
mouvements	4995775
finn	4995774
basse	4995773
gym	4995772
scotch	4995771
existent	4995770
bip	4995769
phoebe	4995768
putes	4995767
transforme	4995766
santa	4995765
valises	4995764
renoncer	4995763
auquel	4995762
rit	4995761
decrire	4995760
ouverts	4995759
viennes	4995758
sachez	4995757
accomplir	4995756
bo	4995755
enerver	4995754
mele	4995753
reduire	4995752
emmenee	4995751
lesquelles	4995750
contacte	4995749
ruth	4995748
remet	4995747
enseigner	4995746
magicien	4995745
restons	4995744
brooklyn	4995743
levez	4995742
entraineur	4995741
fausses	4995740
contrairement	4995739
federaux	4995738
portez	4995737
facture	4995736
tournage	4995735
tenais	4995734
sydney	4995733
dinde	4995732
devinez	4995731
epoux	4995730
conseille	4995729
revue	4995728
passerai	4995727
sauvages	4995726
partenaires	4995725
connaisse	4995724
mettra	4995723
embete	4995722
v	4995721
poils	4995720
canard	4995719
sorcieres	4995718
factures	4995717
pouce	4995716
simpson	4995715
avaler	4995714
menottes	4995713
remarquable	4995712
laissant	4995711
fusillade	4995710
homo	4995709
souvient	4995708
delit	4995707
reduit	4995706
julian	4995705
fachee	4995704
ruiner	4995703
pretend	4995702
detention	4995701
bats	4995700
elliot	4995699
couter	4995698
divine	4995697
mitch	4995696
systemes	4995695
renverse	4995694
marches	4995693
meler	4995692
demenage	4995691
kit	4995690
soda	4995689
installe	4995688
visites	4995687
fabuleux	4995686
douzaine	4995685
supreme	4995684
gris	4995683
croirait	4995682
restant	4995681
effraction	4995680
crainte	4995679
pompiers	4995678
panier	4995677
informe	4995676
ecrase	4995675
routes	4995674
sortant	4995673
terriblement	4995672
condoleances	4995671
prostituee	4995670
especes	4995669
conflit	4995668
trompez	4995667
quartiers	4995666
sourd	4995665
natalie	4995664
observer	4995663
immunite	4995662
janet	4995661
portent	4995660
anthony	4995659
protocole	4995658
jouais	4995657
walt	4995656
placer	4995655
silencieux	4995654
malentendu	4995653
fouille	4995652
longs	4995651
sujets	4995650
sms	4995649
punir	4995648
faiblesse	4995647
rapporter	4995646
quantite	4995645
dale	4995644
historique	4995643
meubles	4995642
kong	4995641
serrer	4995640
avertir	4995639
coordonnees	4995638
enfermer	4995637
bruits	4995636
candidat	4995635
look	4995634
vaudrait	4995633
compromis	4995632
voudriez	4995631
tara	4995630
atmosphere	4995629
etablir	4995628
faibles	4995627
nuages	4995626
parliez	4995625
diana	4995624
ressent	4995623
profonde	4995622
bonnie	4995621
agissait	4995620
pleins	4995619
saigne	4995618
plantes	4995617
time	4995616
peches	4995615
devienne	4995614
bureaux	4995613
come	4995612
tube	4995611
cadre	4995610
trone	4995609
festival	4995608
interesser	4995607
hector	4995606
stars	4995605
ingenieur	4995604
differemment	4995603
hop	4995602
fui	4995601
balancer	4995600
tels	4995599
fascinant	4995598
responsables	4995597
cervelle	4995596
minimum	4995595
ambassadeur	4995594
revu	4995593
magnifiques	4995592
vilain	4995591
debbie	4995590
indices	4995589
viole	4995588
enlevement	4995587
tragique	4995586
linge	4995585
sachiez	4995584
puissent	4995583
subi	4995582
utilisee	4995581
rob	4995580
jumeaux	4995579
vaincre	4995578
conscient	4995577
estime	4995576
tissu	4995575
foire	4995574
viendrais	4995573
opera	4995572
satisfait	4995571
intimite	4995570
arriverai	4995569
niece	4995568
meure	4995567
brooke	4995566
obeir	4995565
ressembles	4995564
cash	4995563
lancement	4995562
demeure	4995561
mysterieux	4995560
demanderai	4995559
telephones	4995558
nicole	4995557
fillette	4995556
genou	4995555
sagesse	4995554
industrie	4995553
furent	4995552
connus	4995551
guerrier	4995550
diego	4995549
fragile	4995548
juan	4995547
francaise	4995546
liberation	4995545
votres	4995544
promettre	4995543
tigre	4995542
young	4995541
ranch	4995540
caches	4995539
soudainement	4995538
inconnue	4995537
campus	4995536
trouvons	4995535
zoo	4995534
element	4995533
kent	4995532
ramasser	4995531
batte	4995530
atelier	4995529
destinee	4995528
lecons	4995527
imaginais	4995526
internes	4995525
acceder	4995524
grossesse	4995523
usage	4995522
hemorragie	4995521
got	4995520
mafia	4995519
naturelle	4995518
emmenez	4995517
royal	4995516
may	4995515
carla	4995514
personnages	4995513
residence	4995512
vise	4995511
moscou	4995510
quelconque	4995509
marco	4995508
bouffer	4995507
suicider	4995506
sieste	4995505
burke	4995504
norman	4995503
heather	4995502
draps	4995501
oignons	4995500
tiroir	4995499
arriverait	4995498
prenais	4995497
rendra	4995496
communiquer	4995495
trouble	4995494
depression	4995493
massage	4995492
novembre	4995491
chaussure	4995490
devrai	4995489
artistes	4995488
culotte	4995487
equilibre	4995486
politiques	4995485
elu	4995484
repere	4995483
montrent	4995482
endormir	4995481
intentions	4995480
like	4995479
brillante	4995478
aiguille	4995477
passees	4995476
gras	4995475
touchee	4995474
karl	4995473
greve	4995472
sauras	4995471
confortable	4995470
chant	4995469
splendide	4995468
passais	4995467
clara	4995466
mannequin	4995465
coinces	4995464
judiciaire	4995463
disques	4995462
sandy	4995461
balade	4995460
menteuse	4995459
sperme	4995458
accrocher	4995457
pipe	4995456
cessez	4995455
voisine	4995454
nettoie	4995453
jouet	4995452
desirez	4995451
augmenter	4995450
are	4995449
depense	4995448
automne	4995447
pede	4995446
fringues	4995445
peindre	4995444
pisse	4995443
reunions	4995442
accusations	4995441
alicia	4995440
exposition	4995439
cesser	4995438
agis	4995437
calin	4995436
nid	4995435
etats	4995434
vedette	4995433
hello	4995432
curiosite	4995431
aiderait	4995430
debat	4995429
deplace	4995428
citoyen	4995427
svp	4995426
pape	4995425
assiette	4995424
suffira	4995423
tennis	4995422
solitude	4995421
concu	4995420
tombent	4995419
destination	4995418
allant	4995417
essaient	4995416
ralph	4995415
get	4995414
ambiance	4995413
soupirs	4995412
baissez	4995411
lesquels	4995410
archives	4995409
capitale	4995408
april	4995407
accro	4995406
abandonnee	4995405
lana	4995404
prieres	4995403
trompee	4995402
entraine	4995401
specialiste	4995400
blue	4995399
massacre	4995398
murphy	4995397
baron	4995396
resterai	4995395
veiller	4995394
parier	4995393
sembles	4995392
dessins	4995391
trouille	4995390
willie	4995389
racheter	4995388
bracelet	4995387
degueulasse	4995386
cameron	4995385
arrivez	4995384
juliette	4995383
description	4995382
paierai	4995381
irlandais	4995380
ellie	4995379
punition	4995378
poeme	4995377
locale	4995376
fiers	4995375
times	4995374
tiendra	4995373
voyages	4995372
pendu	4995371
scenes	4995370
sexuels	4995369
preter	4995368
plairait	4995367
rendue	4995366
admets	4995365
arrivais	4995364
depenser	4995363
occupes	4995362
madison	4995361
excitee	4995360
echanger	4995359
gina	4995358
economie	4995357
neal	4995356
mettrai	4995355
fiches	4995354
freddy	4995353
doutais	4995352
colonne	4995351
irons	4995350
methodes	4995349
pneus	4995348
enverrai	4995347
connexion	4995346
atterri	4995345
kurt	4995344
holmes	4995343
can	4995342
sources	4995341
chariot	4995340
jill	4995339
fonctionner	4995338
aiderai	4995337
miserable	4995336
frites	4995335
vomi	4995334
feuille	4995333
lex	4995332
suisse	4995331
ronnie	4995330
repetition	4995329
mcgee	4995328
petrin	4995327
meteo	4995326
ordinateurs	4995325
anonyme	4995324
bizarrement	4995323
immobilier	4995322
partira	4995321
dentiste	4995320
marchait	4995319
jetee	4995318
judy	4995317
plafond	4995316
boum	4995315
detestes	4995314
euros	4995313
tombes	4995312
echantillons	4995311
generale	4995310
deal	4995309
toc	4995308
amenez	4995307
fournir	4995306
confier	4995305
diamant	4995304
essayes	4995303
capables	4995302
promesses	4995301
defaut	4995300
dommages	4995299
disparait	4995298
inquietude	4995297
rares	4995296
poignarde	4995295
christopher	4995294
verrons	4995293
saisi	4995292
fermes	4995291
aout	4995290
emporte	4995289
coke	4995288
acide	4995287
ouvriers	4995286
marines	4995285
dignite	4995284
sentent	4995283
legumes	4995282
xena	4995281
ambassade	4995280
colin	4995279
guere	4995278
batman	4995277
caporal	4995276
ligue	4995275
perimetre	4995274
choisit	4995273
daisy	4995272
disaient	4995271
franklin	4995270
stark	4995269
tranquilles	4995268
chase	4995267
tuerait	4995266
familier	4995265
leslie	4995264
saisir	4995263
pistes	4995262
blair	4995261
volontiers	4995260
envoyes	4995259
eve	4995258
signaler	4995257
oublions	4995256
fixe	4995255
mangent	4995254
zach	4995253
violet	4995252
enregistrer	4995251
ned	4995250
accorde	4995249
satan	4995248
civil	4995247
bidon	4995246
affection	4995245
enlevee	4995244
marteau	4995243
pompes	4995242
catastrophe	4995241
fassiez	4995240
duc	4995239
fermeture	4995238
dana	4995237
prochaines	4995236
buter	4995235
accorder	4995234
hong	4995233
canal	4995232
evacuer	4995231
civils	4995230
absent	4995229
partirai	4995228
rois	4995227
merveille	4995226
plaie	4995225
drew	4995224
plats	4995223
damon	4995222
clef	4995221
von	4995220
saloperie	4995219
cinquieme	4995218
refait	4995217
partent	4995216
benediction	4995215
desordre	4995214
tiennent	4995213
intime	4995212
tirs	4995211
elections	4995210
vaux	4995209
chasseurs	4995208
pam	4995207
adversaire	4995206
steak	4995205
pleut	4995204
reussite	4995203
effrayer	4995202
quasiment	4995201
fichier	4995200
intervenir	4995199
profit	4995198
sou	4995197
benny	4995196
range	4995195
vagues	4995194
muscles	4995193
bougies	4995192
pirate	4995191
informatique	4995190
constamment	4995189
aidee	4995188
desespere	4995187
cordes	4995186
peint	4995185
now	4995184
recette	4995183
douceur	4995182
came	4995181
horloge	4995180
monk	4995179
formule	4995178
reverra	4995177
gentiment	4995176
curtis	4995175
montee	4995174
lave	4995173
bond	4995172
divorcer	4995171
christian	4995170
verdict	4995169
fiancailles	4995168
eut	4995167
grille	4995166
shaw	4995165
celebrer	4995164
obliges	4995163
pretendre	4995162
frequence	4995161
ais	4995160
disputer	4995159
expose	4995158
cuire	4995157
obsede	4995156
foutus	4995155
normaux	4995154
sobre	4995153
illusion	4995152
lies	4995151
promenade	4995150
botter	4995149
jet	4995148
antenne	4995147
moustache	4995146
bingo	4995145
defonce	4995144
flammes	4995143
anneau	4995142
jetons	4995141
apercu	4995140
compassion	4995139
quete	4995138
photographe	4995137
atterrir	4995136
montrez	4995135
determiner	4995134
assaut	4995133
provoquer	4995132
occuperai	4995131
coincer	4995130
watson	4995129
localiser	4995128
document	4995127
surnom	4995126
harvard	4995125
poesie	4995124
delicat	4995123
touches	4995122
visiteurs	4995121
pieger	4995120
raccroche	4995119
syndicat	4995118
turner	4995117
baignoire	4995116
ancetres	4995115
tabac	4995114
montres	4995113
donnerais	4995112
monseigneur	4995111
kirk	4995110
mouche	4995109
orchestre	4995108
g	4995107
seattle	4995106
discret	4995105
ere	4995104
lesbienne	4995103
reflechissez	4995102
salete	4995101
irak	4995100
mettons	4995099
plaisanterie	4995098
reed	4995097
relever	4995096
decembre	4995095
superieure	4995094
utilisant	4995093
benjamin	4995092
beach	4995091
haley	4995090
elevee	4995089
impressionne	4995088
plaques	4995087
appuyer	4995086
dormais	4995085
anderson	4995084
evasion	4995083
gps	4995082
reagir	4995081
payee	4995080
retenue	4995079
duke	4995078
glisser	4995077
comprennent	4995076
stuart	4995075
robes	4995074
banques	4995073
cocaine	4995072
occupera	4995071
donald	4995070
tristesse	4995069
bacon	4995068
cheville	4995067
tickets	4995066
connaissons	4995065
inspecteurs	4995064
creation	4995063
relecture	4995062
planche	4995061
couples	4995060
voile	4995059
philip	4995058
galerie	4995057
explosifs	4995056
betail	4995055
ecrite	4995054
demie	4995053
serena	4995052
scanner	4995051
malheureuse	4995050
alison	4995049
aimons	4995048
drame	4995047
mel	4995046
graham	4995045
emotion	4995044
magasins	4995043
piper	4995042
officielle	4995041
mourant	4995040
garantie	4995039
fraiche	4995038
terreur	4995037
intense	4995036
naomi	4995035
survivants	4995034
contenu	4995033
allions	4995032
sorcier	4995031
archer	4995030
saurait	4995029
fleuve	4995028
longueur	4995027
patty	4995026
bay	4995025
vider	4995024
singes	4995023
synchro	4995022
finisse	4995021
allen	4995020
rapproche	4995019
certes	4995018
amber	4995017
boutons	4995016
theme	4995015
marchent	4995014
interroge	4995013
refuge	4995012
compliment	4995011
navette	4995010
plains	4995009
poursuite	4995008
arretent	4995007
ennui	4995006
savon	4995005
essaierai	4995004
sauvetage	4995003
loups	4995002
marc	4995001
leonard	4995000
echecs	4994999
cachette	4994998
lutter	4994997
soirees	4994996
viendront	4994995
grayson	4994994
puni	4994993
nettoye	4994992
permets	4994991
reporter	4994990
acceptez	4994989
palmer	4994988
antonio	4994987
pull	4994986
britannique	4994985
reconnaissez	4994984
possibilites	4994983
chaines	4994982
insectes	4994981
juges	4994980
royale	4994979
poursuit	4994978
coco	4994977
pirates	4994976
suivent	4994975
revele	4994974
venaient	4994973
janvier	4994972
mia	4994971
personnels	4994970
representant	4994969
observe	4994968
familiale	4994967
ci	4994966
lindsay	4994965
extra	4994964
blanches	4994963
troy	4994962
maladies	4994961
reference	4994960
louche	4994959
detester	4994958
nettoyage	4994957
duncan	4994956
generalement	4994955
epuise	4994954
misere	4994953
innocence	4994952
experts	4994951
conclusion	4994950
future	4994949
enfoires	4994948
inverse	4994947
cat	4994946
boissons	4994945
cambriolage	4994944
road	4994943
nanas	4994942
enormes	4994941
peste	4994940
coller	4994939
sense	4994938
plomb	4994937
katherine	4994936
salue	4994935
connards	4994934
noyer	4994933
speciales	4994932
attacher	4994931
prenant	4994930
enfuie	4994929
confus	4994928
flipper	4994927
jen	4994926
incroyablement	4994925
insense	4994924
vols	4994923
inhabituel	4994922
arrache	4994921
rebelles	4994920
mettait	4994919
afghanistan	4994918
when	4994917
vivons	4994916
biscuits	4994915
machin	4994914
catholique	4994913
formes	4994912
grotte	4994911
deesse	4994910
pecher	4994909
capacites	4994908
arts	4994907
nichons	4994906
deviendra	4994905
cauchemars	4994904
marchandise	4994903
moquer	4994902
down	4994901
circuit	4994900
centaine	4994899
specialement	4994898
castle	4994897
nicky	4994896
barman	4994895
eternel	4994894
hote	4994893
chemins	4994892
repare	4994891
regne	4994890
erica	4994889
bauer	4994888
citron	4994887
competences	4994886
moteurs	4994885
antoine	4994884
puissiez	4994883
miracles	4994882
analyses	4994881
assassinat	4994880
fameux	4994879
desirs	4994878
quarantaine	4994877
fee	4994876
signez	4994875
gagnes	4994874
guy	4994873
serpents	4994872
barbecue	4994871
structure	4994870
comptable	4994869
yang	4994868
trahir	4994867
temporaire	4994866
etudiante	4994865
jalousie	4994864
conversations	4994863
relais	4994862
civile	4994861
maillot	4994860
fit	4994859
ivan	4994858
decharge	4994857
vif	4994856
oreiller	4994855
international	4994854
developpement	4994853
carton	4994852
vaches	4994851
laisserais	4994850
impressionner	4994849
sabre	4994848
boucher	4994847
denoncer	4994846
serions	4994845
betise	4994844
mail	4994843
identification	4994842
degager	4994841
demandons	4994840
bailey	4994839
deconne	4994838
surprises	4994837
genetique	4994836
francs	4994835
virginie	4994834
missiles	4994833
allergique	4994832
wallace	4994831
lent	4994830
cocktail	4994829
trainee	4994828
mines	4994827
manquent	4994826
prendrait	4994825
lci	4994824
violer	4994823
planter	4994822
habillee	4994821
provoque	4994820
vain	4994819
dechire	4994818
descente	4994817
tordu	4994816
meredith	4994815
principes	4994814
rejete	4994813
appartenait	4994812
apportez	4994811
nuage	4994810
nus	4994809
tournez	4994808
rosie	4994807
eclair	4994806
vitre	4994805
noires	4994804
majorite	4994803
bazar	4994802
li	4994801
penible	4994800
cieux	4994799
p	4994798
election	4994797
prudente	4994796
tonnerre	4994795
dvd	4994794
apparait	4994793
cavalier	4994792
habitue	4994791
social	4994790
votes	4994789
pareils	4994788
confession	4994787
degre	4994786
inspiration	4994785
possibles	4994784
fonctions	4994783
depecher	4994782
feraient	4994781
sacrifier	4994780
concept	4994779
banc	4994778
engin	4994777
specialite	4994776
denise	4994775
appeles	4994774
buck	4994773
grippe	4994772
chantage	4994771
mariages	4994770
biologique	4994769
connie	4994768
surprendre	4994767
battus	4994766
hurler	4994765
joy	4994764
promo	4994763
orage	4994762
meg	4994761
rassembler	4994760
viendrait	4994759
unis	4994758
mordre	4994757
world	4994756
amenee	4994755
morris	4994754
taupe	4994753
cicatrice	4994752
appellera	4994751
chantier	4994750
pendre	4994749
trevor	4994748
bases	4994747
grange	4994746
boxe	4994745
extreme	4994744
camions	4994743
eternelle	4994742
postes	4994741
manny	4994740
cristal	4994739
cookies	4994738
depot	4994737
graves	4994736
amateur	4994735
commentaire	4994734
correction	4994733
poussez	4994732
arnaque	4994731
presentation	4994730
sonner	4994729
rendait	4994728
esperant	4994727
coree	4994726
fleche	4994725
eclate	4994724
tournoi	4994723
joint	4994722
troubles	4994721
retrouvera	4994720
concierge	4994719
kennedy	4994718
hal	4994717
ordonnance	4994716
elite	4994715
da	4994714
east	4994713
hope	4994712
gueri	4994711
filme	4994710
gardiens	4994709
pourvu	4994708
trajet	4994707
ris	4994706
intuition	4994705
enervee	4994704
frappee	4994703
compare	4994702
eteins	4994701
habitudes	4994700
inventer	4994699
maitres	4994698
pompe	4994697
envoient	4994696
pyjama	4994695
seche	4994694
demarrer	4994693
physiquement	4994692
veniez	4994691
suivie	4994690
elephant	4994689
arretait	4994688
requete	4994687
psychiatre	4994686
habituer	4994685
statut	4994684
caravane	4994683
sharon	4994682
cuit	4994681
coiffure	4994680
augmentation	4994679
pat	4994678
decroche	4994677
fracture	4994676
helico	4994675
hockey	4994674
zoe	4994673
developper	4994672
rituel	4994671
carmen	4994670
brosse	4994669
psychopathe	4994668
chan	4994667
col	4994666
eloigne	4994665
carnet	4994664
gravite	4994663
papillon	4994662
payez	4994661
craquer	4994660
cibles	4994659
licence	4994658
reunir	4994657
laser	4994656
troupe	4994655
vaisselle	4994654
alcoolique	4994653
saluer	4994652
fees	4994651
difficultes	4994650
accroche	4994649
jazz	4994648
voles	4994647
promet	4994646
laches	4994645
glisse	4994644
conte	4994643
signale	4994642
reparti	4994641
chiffre	4994640
serviettes	4994639
tactique	4994638
hommage	4994637
valeurs	4994636
nier	4994635
commettre	4994634
remplie	4994633
melle	4994632
bang	4994631
flamme	4994630
croise	4994629
impatient	4994628
anglaise	4994627
fusils	4994626
villa	4994625
quai	4994624
codes	4994623
confie	4994622
sonnerie	4994621
critiques	4994620
complot	4994619
defile	4994618
brille	4994617
consulter	4994616
poignet	4994615
adorait	4994614
antecedents	4994613
veuilles	4994612
attendra	4994611
choisie	4994610
houston	4994609
u	4994608
ultime	4994607
fine	4994606
not	4994605
rentrant	4994604
voyou	4994603
onze	4994602
efface	4994601
pertes	4994600
calibre	4994599
emmenager	4994598
claudia	4994597
empoisonne	4994596
avantages	4994595
poussee	4994594
verrais	4994593
contents	4994592
accompli	4994591
andre	4994590
aussitot	4994589
rayons	4994588
poete	4994587
shirley	4994586
pierce	4994585
fisher	4994584
halte	4994583
fun	4994582
harrison	4994581
tucker	4994580
augmente	4994579
donnant	4994578
continuent	4994577
shopping	4994576
superman	4994575
day	4994574
tit	4994573
battent	4994572
sirene	4994571
solo	4994570
inconscient	4994569
interessee	4994568
reculer	4994567
botte	4994566
jolis	4994565
actuelle	4994564
ve	4994563
pharmacie	4994562
ralentir	4994561
arrieres	4994560
facteur	4994559
registre	4994558
pale	4994557
admis	4994556
reese	4994555
gant	4994554
angie	4994553
lloyd	4994552
infirmieres	4994551
encheres	4994550
bishop	4994549
toile	4994548
filet	4994547
chips	4994546
etrangere	4994545
rancon	4994544
mario	4994543
fardeau	4994542
camionnette	4994541
honorable	4994540
conclure	4994539
compagnon	4994538
emprunte	4994537
bandes	4994536
philadelphie	4994535
parrain	4994534
retiens	4994533
loge	4994532
assassins	4994531
souper	4994530
fixer	4994529
depute	4994528
obtient	4994527
academie	4994526
sorties	4994525
dallas	4994524
ado	4994523
ras	4994522
montant	4994521
ventes	4994520
maudite	4994519
disparus	4994518
entres	4994517
titres	4994516
standard	4994515
solaire	4994514
payes	4994513
evolution	4994512
maitrise	4994511
poli	4994510
apprendra	4994509
institut	4994508
guerriers	4994507
melissa	4994506
chienne	4994505
servira	4994504
visiblement	4994503
valent	4994502
sociaux	4994501
airs	4994500
etabli	4994499
remplace	4994498
mairie	4994497
comtesse	4994496
fox	4994495
balader	4994494
darrin	4994493
portail	4994492
ramasse	4994491
miennes	4994490
essais	4994489
miguel	4994488
patronne	4994487
premierement	4994486
comptent	4994485
civilisation	4994484
embarrassant	4994483
kira	4994482
ondes	4994481
adams	4994480
broadway	4994479
retient	4994478
chanteur	4994477
male	4994476
choisissez	4994475
copines	4994474
garcia	4994473
entreprises	4994472
clyde	4994471
bouclier	4994470
buddy	4994469
gre	4994468
capture	4994467
investissement	4994466
arrivant	4994465
discipline	4994464
sueur	4994463
talons	4994462
zack	4994461
denny	4994460
honnetes	4994459
surprenant	4994458
attentivement	4994457
us	4994456
brute	4994455
imbeciles	4994454
boyd	4994453
embeter	4994452
realises	4994451
fabriquer	4994450
levee	4994449
comptais	4994448
hunter	4994447
barriere	4994446
silver	4994445
haricots	4994444
coupee	4994443
expliquerai	4994442
considerer	4994441
michel	4994440
tranquillement	4994439
sid	4994438
impliquee	4994437
cd	4994436
disposition	4994435
tires	4994434
affiche	4994433
brandon	4994432
wyatt	4994431
correspondance	4994430
trottoir	4994429
sentie	4994428
etonnerait	4994427
sun	4994426
soie	4994425
championnat	4994424
partes	4994423
sauves	4994422
poursuivi	4994421
oeuf	4994420
moore	4994419
ri	4994418
continuons	4994417
escroc	4994416
miranda	4994415
magazines	4994414
hanna	4994413
soucier	4994412
case	4994411
stefan	4994410
austin	4994409
plonger	4994408
have	4994407
portais	4994406
ralentis	4994405
claque	4994404
district	4994403
automatique	4994402
perdant	4994401
interieure	4994400
mondes	4994399
veine	4994398
paperasse	4994397
enfermee	4994396
facebook	4994395
radar	4994394
thompson	4994393
pop	4994392
precise	4994391
pleures	4994390
visuel	4994389
danseuse	4994388
decevoir	4994387
pan	4994386
bowling	4994385
sullivan	4994384
atterrissage	4994383
transfere	4994382
renfort	4994381
allies	4994380
ravissante	4994379
voulions	4994378
copies	4994377
cinquante	4994376
approprie	4994375
preferez	4994374
moques	4994373
terribles	4994372
hauts	4994371
artistique	4994370
blamer	4994369
brouillard	4994368
aimeriez	4994367
sexuelles	4994366
encre	4994365
loupe	4994364
poubelles	4994363
bud	4994362
connaissances	4994361
œuf	4994360
analyser	4994359
tableaux	4994358
boucles	4994357
eus	4994356
good	4994355
serviteur	4994354
decede	4994353
remplis	4994352
brenda	4994351
canons	4994350
lawrence	4994349
ronde	4994348
han	4994347
conne	4994346
recevez	4994345
battue	4994344
marquer	4994343
vagin	4994342
foudre	4994341
fassent	4994340
honnetete	4994339
tess	4994338
satisfaire	4994337
voeux	4994336
habiter	4994335
pilule	4994334
patrie	4994333
fins	4994332
droles	4994331
cindy	4994330
doyle	4994329
jacques	4994328
vulnerable	4994327
reconnaissante	4994326
domestique	4994325
superieurs	4994324
sciences	4994323
diront	4994322
monroe	4994321
ressort	4994320
orbite	4994319
cochons	4994318
cereales	4994317
scotty	4994316
individu	4994315
allonger	4994314
difficulte	4994313
dormez	4994312
impliquer	4994311
techniques	4994310
pilotes	4994309
hunt	4994308
elimine	4994307
sucer	4994306
marchand	4994305
paula	4994304
bisou	4994303
rideau	4994302
ruby	4994301
sheila	4994300
legerement	4994299
veronica	4994298
retournes	4994297
defaite	4994296
traumatisme	4994295
lydia	4994294
deb	4994293
francois	4994292
baker	4994291
dramatique	4994290
detresse	4994289
detruite	4994288
ignorez	4994287
puissants	4994286
henri	4994285
gays	4994284
verts	4994283
furieuse	4994282
existait	4994281
jouant	4994280
qualites	4994279
espions	4994278
saoul	4994277
typique	4994276
meritait	4994275
adopter	4994274
ennuyer	4994273
speciaux	4994272
inconnus	4994271
visions	4994270
toilette	4994269
insulte	4994268
drake	4994267
fusee	4994266
agneau	4994265
respirez	4994264
web	4994263
buffy	4994262
etages	4994261
sebastian	4994260
corruption	4994259
souhaitez	4994258
epicerie	4994257
fiable	4994256
personnelles	4994255
coupables	4994254
voire	4994253
bernard	4994252
allure	4994251
economies	4994250
democratie	4994249
demissionne	4994248
rechercher	4994247
instrument	4994246
chauve	4994245
pacifique	4994244
stella	4994243
reperer	4994242
raser	4994241
hot	4994240
nounou	4994239
changez	4994238
humaines	4994237
grey	4994236
decrit	4994235
arabe	4994234
australie	4994233
transmettre	4994232
douleurs	4994231
desespoir	4994230
fondation	4994229
pa	4994228
souhaiter	4994227
meritent	4994226
mome	4994225
certificat	4994224
fraude	4994223
rapprocher	4994222
dixon	4994221
israel	4994220
rosa	4994219
carburant	4994218
fusion	4994217
forcee	4994216
fortes	4994215
concentre	4994214
decue	4994213
secondaire	4994212
fevrier	4994211
brennan	4994210
amende	4994209
precieuse	4994208
veines	4994207
perry	4994206
kidnappe	4994205
renvoie	4994204
clean	4994203
contrats	4994202
dingues	4994201
noah	4994200
sauront	4994199
syndrome	4994198
appelons	4994197
senat	4994196
grain	4994195
loyal	4994194
guider	4994193
south	4994192
vulgaire	4994191
ciao	4994190
entoure	4994189
presume	4994188
locaux	4994187
calmes	4994186
gage	4994185
roues	4994184
hache	4994183
cheques	4994182
separation	4994181
mises	4994180
farce	4994179
gratuitement	4994178
zombie	4994177
demandant	4994176
former	4994175
deconner	4994174
chevre	4994173
caca	4994172
finissent	4994171
script	4994170
crache	4994169
rappellerai	4994168
heritier	4994167
beverly	4994166
home	4994165
kansas	4994164
directrice	4994163
aigle	4994162
sortais	4994161
auberge	4994160
transmission	4994159
mont	4994158
galaxie	4994157
bell	4994156
torturer	4994155
rocher	4994154
racontez	4994153
cheminee	4994152
excepte	4994151
vietnam	4994150
folles	4994149
grenier	4994148
infirmerie	4994147
aine	4994146
saine	4994145
comptait	4994144
telephonique	4994143
crash	4994142
bennett	4994141
cleveland	4994140
maurice	4994139
profondeur	4994138
tissus	4994137
poulets	4994136
khan	4994135
rentrera	4994134
ajoute	4994133
faciles	4994132
delicate	4994131
triple	4994130
debrouille	4994129
assassiner	4994128
edition	4994127
curieuse	4994126
appat	4994125
bresil	4994124
revoila	4994123
defendu	4994122
scolaire	4994121
infiniment	4994120
rideaux	4994119
dechets	4994118
lester	4994117
faille	4994116
cretins	4994115
eternellement	4994114
delai	4994113
sacrement	4994112
supermarche	4994111
bosses	4994110
precedent	4994109
carson	4994108
artie	4994107
if	4994106
profession	4994105
see	4994104
ane	4994103
saisis	4994102
selle	4994101
araignee	4994100
cœurs	4994099
roles	4994098
aimiez	4994097
honorer	4994096
cal	4994095
raciste	4994094
replique	4994093
brick	4994092
coca	4994091
harcelement	4994090
prevoir	4994089
therapeute	4994088
tais	4994087
jeffrey	4994086
hayes	4994085
taureau	4994084
jupe	4994083
traitee	4994082
merdique	4994081
dimension	4994080
medicaux	4994079
nage	4994078
mama	4994077
jon	4994076
vice	4994075
armees	4994074
inscrit	4994073
er	4994072
sembler	4994071
elvis	4994070
angoisse	4994069
ambition	4994068
observation	4994067
iront	4994066
vainqueur	4994065
mona	4994064
griffin	4994063
stand	4994062
revois	4994061
reynolds	4994060
aspect	4994059
surmonter	4994058
pensaient	4994057
espoirs	4994056
inspire	4994055
barnes	4994054
reagan	4994053
retournons	4994052
repousser	4994051
pese	4994050
plaira	4994049
rende	4994048
sonny	4994047
randall	4994046
coeurs	4994045
distraire	4994044
voyous	4994043
gabrielle	4994042
georges	4994041
dons	4994040
cooperer	4994039
rein	4994038
grossier	4994037
nikki	4994036
senor	4994035
achetee	4994034
courageuse	4994033
becky	4994032
mineur	4994031
tripes	4994030
assassinee	4994029
commencait	4994028
pressentiment	4994027
right	4994026
chargee	4994025
comparer	4994024
clubs	4994023
duree	4994022
accidents	4994021
parcours	4994020
regret	4994019
mallette	4994018
electronique	4994017
choper	4994016
saurez	4994015
travaillant	4994014
crack	4994013
faillite	4994012
honore	4994011
journees	4994010
generations	4994009
mouille	4994008
vachement	4994007
douglas	4994006
necessaires	4994005
emmenes	4994004
ombres	4994003
merdes	4994002
cigare	4994001
confidentiel	4994000
richie	4993999
mineurs	4993998
gentillesse	4993997
bones	4993996
florence	4993995
missile	4993994
graisse	4993993
preoccupe	4993992
prit	4993991
partait	4993990
draguer	4993989
modeste	4993988
representer	4993987
matty	4993986
gonna	4993985
chomage	4993984
renverser	4993983
matelas	4993982
allah	4993981
philippe	4993980
colis	4993979
alimentaire	4993978
negre	4993977
ciseaux	4993976
casquette	4993975
mick	4993974
aveux	4993973
exister	4993972
cape	4993971
hopitaux	4993970
avale	4993969
oz	4993968
favori	4993967
dessiner	4993966
rasoir	4993965
decoller	4993964
endormie	4993963
transporter	4993962
vœux	4993961
tuyaux	4993960
lits	4993959
executer	4993958
fiona	4993957
apparu	4993956
lessive	4993955
bornes	4993954
boom	4993953
vivais	4993952
manipuler	4993951
happy	4993950
impasse	4993949
repondeur	4993948
achetez	4993947
glenn	4993946
telegramme	4993945
chinoise	4993944
detenu	4993943
urine	4993942
trouveront	4993941
financier	4993940
dwight	4993939
aventures	4993938
flynn	4993937
reussit	4993936
bars	4993935
papy	4993934
regardons	4993933
egalite	4993932
fumier	4993931
jouons	4993930
sandra	4993929
applaudissements	4993928
dawson	4993927
roberts	4993926
offres	4993925
capturer	4993924
reagi	4993923
environs	4993922
fuis	4993921
oppose	4993920
beton	4993919
distributeur	4993918
location	4993917
score	4993916
arc	4993915
formulaire	4993914
burt	4993913
camps	4993912
banane	4993911
lourde	4993910
group	4993909
utilises	4993908
coiffeur	4993907
tables	4993906
radios	4993905
correspondent	4993904
detestent	4993903
flippant	4993902
changes	4993901
reid	4993900
frangin	4993899
releves	4993898
conviction	4993897
isaac	4993896
ana	4993895
kid	4993894
chiant	4993893
mikey	4993892
anton	4993891
reggie	4993890
multiples	4993889
pacte	4993888
klaus	4993887
empirer	4993886
conditionnelle	4993885
rodney	4993884
effrayee	4993883
vœu	4993882
was	4993881
ethique	4993880
conrad	4993879
trouverons	4993878
troupeau	4993877
kathy	4993876
obsession	4993875
comprendra	4993874
who	4993873
tueuse	4993872
garantis	4993871
diabolique	4993870
petasse	4993869
emplacement	4993868
lt	4993867
grimper	4993866
originale	4993865
marilyn	4993864
proie	4993863
tiers	4993862
arnold	4993861
dee	4993860
braquage	4993859
rapides	4993858
desagreable	4993857
mortelle	4993856
balai	4993855
vaincu	4993854
nazis	4993853
revenons	4993852
texto	4993851
gangs	4993850
piges	4993849
char	4993848
fontaine	4993847
grec	4993846
balcon	4993845
retournee	4993844
participe	4993843
utilisait	4993842
hesite	4993841
peyton	4993840
rio	4993839
ados	4993838
alfred	4993837
pretexte	4993836
supposee	4993835
mentale	4993834
psychiatrique	4993833
cam	4993832
croira	4993831
caleb	4993830
agresse	4993829
epargner	4993828
demonstration	4993827
outre	4993826
morphine	4993825
nolan	4993824
invasion	4993823
dorenavant	4993822
presents	4993821
abeilles	4993820
revais	4993819
valable	4993818
arizona	4993817
barrage	4993816
jumelles	4993815
campbell	4993814
commune	4993813
latin	4993812
zones	4993811
marais	4993810
zombies	4993809
recolte	4993808
diagnostic	4993807
laissait	4993806
isole	4993805
demissionner	4993804
peintre	4993803
messe	4993802
chandler	4993801
tueront	4993800
sortirai	4993799
donneur	4993798
intrus	4993797
candidats	4993796
appelais	4993795
legalement	4993794
overdose	4993793
pognon	4993792
baraque	4993791
confusion	4993790
adorais	4993789
plaisantais	4993788
fauche	4993787
declenche	4993786
cuba	4993785
chimique	4993784
fichez	4993783
ohh	4993782
publie	4993781
romeo	4993780
maigre	4993779
pensions	4993778
contrarie	4993777
franchir	4993776
serrure	4993775
pointer	4993774
papi	4993773
violation	4993772
vertu	4993771
pleurs	4993770
disputes	4993769
raccrocher	4993768
planifie	4993767
mexicain	4993766
inscrire	4993765
religieux	4993764
degueu	4993763
stock	4993762
examine	4993761
seduire	4993760
explorer	4993759
fondre	4993758
traites	4993757
trophee	4993756
travaillons	4993755
primaire	4993754
at	4993753
assistance	4993752
lake	4993751
rappel	4993750
robots	4993749
sympathique	4993748
securise	4993747
regrets	4993746
isabelle	4993745
detestais	4993744
demandee	4993743
billard	4993742
vera	4993741
passager	4993740
glaces	4993739
soupcons	4993738
rex	4993737
inutiles	4993736
verront	4993735
stopper	4993734
niveaux	4993733
soulagement	4993732
ncis	4993731
sourit	4993730
travailleurs	4993729
declarer	4993728
hudson	4993727
instable	4993726
plancher	4993725
raclee	4993724
moutons	4993723
marron	4993722
federale	4993721
lola	4993720
evans	4993719
manoir	4993718
donovan	4993717
sauveur	4993716
inevitable	4993715
alien	4993714
justifier	4993713
litres	4993712
compliquee	4993711
donnerait	4993710
professeurs	4993709
nuls	4993708
confirmation	4993707
chad	4993706
combattu	4993705
jambon	4993704
cachets	4993703
anciennes	4993702
gin	4993701
sequence	4993700
offenser	4993699
voisinage	4993698
langues	4993697
shakespeare	4993696
bruno	4993695
insupportable	4993694
stevens	4993693
montrerai	4993692
rhume	4993691
alentours	4993690
samuel	4993689
preserver	4993688
performance	4993687
gilet	4993686
gratitude	4993685
depasser	4993684
paiera	4993683
square	4993682
souhait	4993681
dispositif	4993680
pelle	4993679
aimerions	4993678
enfuit	4993677
depenses	4993676
iles	4993675
surveillez	4993674
mi	4993673
ecrivez	4993672
beckett	4993671
nues	4993670
rude	4993669
addition	4993668
eveille	4993667
gwen	4993666
omar	4993665
severe	4993664
sheldon	4993663
lions	4993662
sida	4993661
baie	4993660
viendras	4993659
manifestement	4993658
concentration	4993657
agresseur	4993656
privilege	4993655
pourboire	4993654
humide	4993653
arriveras	4993652
clefs	4993651
armoire	4993650
exceptionnel	4993649
karma	4993648
am	4993647
preparation	4993646
pouvions	4993645
jonas	4993644
hills	4993643
reservoir	4993642
brody	4993641
tiendrai	4993640
montage	4993639
proprietaires	4993638
night	4993637
matins	4993636
lemon	4993635
cerebrale	4993634
freddie	4993633
escorte	4993632
virginia	4993631
touristes	4993630
sixieme	4993629
professionnels	4993628
rebelle	4993627
grenouille	4993626
pneu	4993625
naitre	4993624
divin	4993623
yoga	4993622
menacer	4993621
charbon	4993620
comptoir	4993619
croises	4993618
garer	4993617
avery	4993616
cooperation	4993615
rusty	4993614
pince	4993613
cassie	4993612
maux	4993611
invention	4993610
neanmoins	4993609
em	4993608
guerres	4993607
river	4993606
violon	4993605
raccompagne	4993604
expedition	4993603
couteaux	4993602
timing	4993601
commentaires	4993600
interessent	4993599
chimiques	4993598
amants	4993597
dawn	4993596
jessie	4993595
raide	4993594
pompier	4993593
sync	4993592
neuve	4993591
active	4993590
exacte	4993589
life	4993588
joyeuse	4993587
perdent	4993586
gachis	4993585
declencher	4993584
detente	4993583
ver	4993582
philosophie	4993581
debarrasse	4993580
berger	4993579
croisiere	4993578
duel	4993577
oses	4993576
adoption	4993575
patates	4993574
waouh	4993573
evaluation	4993572
culot	4993571
limousine	4993570
paille	4993569
puzzle	4993568
surprend	4993567
attentat	4993566
tortue	4993565
altitude	4993564
authentique	4993563
detecteur	4993562
mit	4993561
publier	4993560
capital	4993559
musicale	4993558
appartiennent	4993557
way	4993556
taches	4993555
desoles	4993554
passerait	4993553
paiement	4993552
renard	4993551
poupees	4993550
commencais	4993549
flingues	4993548
joel	4993547
puree	4993546
supplementaires	4993545
bla	4993544
mourrai	4993543
societes	4993542
lenny	4993541
dexter	4993540
ohio	4993539
dormait	4993538
whoo	4993537
soul	4993536
humble	4993535
marins	4993534
rogers	4993533
intelligents	4993532
trains	4993531
navy	4993530
dorment	4993529
cody	4993528
nations	4993527
celebrite	4993526
light	4993525
foutaises	4993524
suspendu	4993523
evacuation	4993522
reclame	4993521
pourrie	4993520
office	4993519
ivrogne	4993518
creuse	4993517
fermier	4993516
rocky	4993515
photographie	4993514
canne	4993513
requins	4993512
communiste	4993511
chauffer	4993510
trouvees	4993509
grandit	4993508
hypothese	4993507
marvin	4993506
planning	4993505
developpe	4993504
destine	4993503
christina	4993502
pigeon	4993501
publiques	4993500
calendrier	4993499
guerison	4993498
mental	4993497
colocataire	4993496
crochet	4993495
braves	4993494
rejetee	4993493
foirer	4993492
ressortir	4993491
sons	4993490
obtiens	4993489
psychologique	4993488
mousse	4993487
stewart	4993486
tirent	4993485
break	4993484
investir	4993483
perles	4993482
regulierement	4993481
perruque	4993480
vendue	4993479
exposer	4993478
hart	4993477
cousins	4993476
scan	4993475
ring	4993474
peggy	4993473
prudents	4993472
girls	4993471
winston	4993470
musicien	4993469
remords	4993468
via	4993467
refuses	4993466
dorothy	4993465
fraternite	4993464
parts	4993463
plume	4993462
substance	4993461
ego	4993460
incroyables	4993459
fonctionnent	4993458
chimie	4993457
assiste	4993456
trajectoire	4993455
assumer	4993454
particuliere	4993453
gelee	4993452
modeles	4993451
buzz	4993450
keller	4993449
rico	4993448
tronche	4993447
grimpe	4993446
agenda	4993445
messager	4993444
round	4993443
foster	4993442
ouvres	4993441
execute	4993440
pressee	4993439
sacrifices	4993438
utiles	4993437
stevie	4993436
want	4993435
moine	4993434
chen	4993433
actuel	4993432
refus	4993431
habituel	4993430
appareils	4993429
adopte	4993428
renseigner	4993427
qg	4993426
cherchant	4993425
blame	4993424
mat	4993423
retrouves	4993422
epouses	4993421
gray	4993420
entende	4993419
erin	4993418
ramenez	4993417
devront	4993416
suggestion	4993415
baleine	4993414
affame	4993413
fantasme	4993412
detenus	4993411
realiste	4993410
lapins	4993409
familial	4993408
feliciter	4993407
wes	4993406
stage	4993405
plaint	4993404
fletcher	4993403
abus	4993402
maris	4993401
fichue	4993400
traquer	4993399
appartiens	4993398
bouquin	4993397
persuade	4993396
soupir	4993395
collines	4993394
sanguin	4993393
carre	4993392
juridique	4993391
angelo	4993390
vaste	4993389
relacher	4993388
etablissement	4993387
tonton	4993386
achat	4993385
desesperee	4993384
mentent	4993383
schmidt	4993382
proximite	4993381
decides	4993380
atroce	4993379
orteils	4993378
costaud	4993377
souriez	4993376
redevenir	4993375
diversion	4993374
cogne	4993373
collecte	4993372
soigne	4993371
summer	4993370
portables	4993369
gardent	4993368
epreuves	4993367
ouvertes	4993366
situations	4993365
delta	4993364
sombres	4993363
tristes	4993362
cachez	4993361
claires	4993360
chaises	4993359
salles	4993358
champignons	4993357
cycle	4993356
immigration	4993355
debarquer	4993354
baltimore	4993353
alimentation	4993352
sites	4993351
recours	4993350
paient	4993349
inspection	4993348
coton	4993347
injection	4993346
autel	4993345
prochains	4993344
murray	4993343
mandy	4993342
feminin	4993341
convaincue	4993340
integrer	4993339
createur	4993338
meritez	4993337
comporter	4993336
briques	4993335
danses	4993334
andrea	4993333
express	4993332
alec	4993331
helene	4993330
jures	4993329
embrassee	4993328
cloches	4993327
trip	4993326
beni	4993325
attachee	4993324
fute	4993323
reins	4993322
renonce	4993321
benefices	4993320
piqure	4993319
ellis	4993318
noye	4993317
prononcer	4993316
traduit	4993315
communications	4993314
feminine	4993313
agee	4993312
etouffer	4993311
cliff	4993310
chiottes	4993309
maitriser	4993308
indiquent	4993307
grenade	4993306
meche	4993305
parfaits	4993304
supprimer	4993303
parages	4993302
chang	4993301
enregistrements	4993300
largue	4993299
insulter	4993298
ironie	4993297
mouches	4993296
mrs	4993295
devions	4993294
refusez	4993293
bouleverse	4993292
habituellement	4993291
envisager	4993290
gerant	4993289
del	4993288
directe	4993287
ravis	4993286
regiment	4993285
signaux	4993284
saigner	4993283
alias	4993282
chili	4993281
abraham	4993280
entrent	4993279
suspecte	4993278
transferer	4993277
hetero	4993276
cinglee	4993275
accusee	4993274
phoenix	4993273
finances	4993272
na	4993271
media	4993270
spike	4993269
meuf	4993268
chanteuse	4993267
vapeur	4993266
elaine	4993265
cargaison	4993264
graines	4993263
kay	4993262
gagnent	4993261
volent	4993260
saints	4993259
hotels	4993258
decrocher	4993257
editeur	4993256
nes	4993255
imposer	4993254
positive	4993253
guise	4993252
echo	4993251
gil	4993250
mo	4993249
penetrer	4993248
protegee	4993247
volontaires	4993246
queen	4993245
gagnez	4993244
prennes	4993243
interdis	4993242
rime	4993241
noces	4993240
sieges	4993239
battait	4993238
tuant	4993237
armure	4993236
fourni	4993235
kidnapping	4993234
tonne	4993233
comique	4993232
cookie	4993231
tournent	4993230
kane	4993229
souffrances	4993228
laurie	4993227
trouverais	4993226
rentrerai	4993225
cacahuetes	4993224
conduisait	4993223
vivra	4993222
enterprise	4993221
ow	4993220
causes	4993219
edgar	4993218
profs	4993217
menton	4993216
colonie	4993215
elegant	4993214
rigoler	4993213
crayon	4993212
regina	4993211
obstacle	4993210
entendent	4993209
confort	4993208
aerienne	4993207
luis	4993206
venues	4993205
reserves	4993204
attaquee	4993203
obliger	4993202
crises	4993201
sylvia	4993200
torse	4993199
tuerais	4993198
caisses	4993197
affecte	4993196
mignons	4993195
imaginaire	4993194
revivre	4993193
ceder	4993192
adresses	4993191
mettant	4993190
dine	4993189
mouillee	4993188
acheteur	4993187
bouges	4993186
denver	4993185
superbes	4993184
echouer	4993183
missions	4993182
enquetes	4993181
rangs	4993180
minuscule	4993179
k	4993178
aspirine	4993177
plombs	4993176
wells	4993175
litterature	4993174
vendent	4993173
embarquer	4993172
generateur	4993171
demission	4993170
seau	4993169
celibataires	4993168
defoncer	4993167
coude	4993166
cardinal	4993165
haleine	4993164
puissions	4993163
permanence	4993162
dynamite	4993161
musiciens	4993160
rendrai	4993159
ruse	4993158
pedro	4993157
reconnait	4993156
mentionner	4993155
jared	4993154
fourgon	4993153
reparlera	4993152
comprenne	4993151
comporte	4993150
calvin	4993149
repasser	4993148
devenait	4993147
consequence	4993146
ignores	4993145
mini	4993144
reflexion	4993143
ski	4993142
matchs	4993141
rudy	4993140
refais	4993139
plumes	4993138
cine	4993137
bœuf	4993136
boris	4993135
ressentez	4993134
perdons	4993133
frontieres	4993132
radiations	4993131
surete	4993130
phenomene	4993129
defends	4993128
bonbon	4993127
deconnes	4993126
soulever	4993125
bac	4993124
sapin	4993123
determine	4993122
trauma	4993121
vehicules	4993120
soutient	4993119
instruments	4993118
allonge	4993117
domestiques	4993116
compliments	4993115
logiciel	4993114
migraine	4993113
positions	4993112
etiquette	4993111
back	4993110
coupure	4993109
apprenne	4993108
teresa	4993107
bonus	4993106
bouleversee	4993105
hans	4993104
cloture	4993103
pleines	4993102
violeur	4993101
gavin	4993100
ballet	4993099
reverrai	4993098
damien	4993097
jan	4993096
investi	4993095
prudence	4993094
brulee	4993093
terrifiant	4993092
apparaitre	4993091
nadia	4993090
alexander	4993089
craque	4993088
oubliee	4993087
cartel	4993086
proceder	4993085
naze	4993084
grise	4993083
stacy	4993082
val	4993081
judith	4993080
meriter	4993079
sortiras	4993078
paysans	4993077
integrite	4993076
deprime	4993075
saucisse	4993074
enfuis	4993073
vase	4993072
juive	4993071
weaver	4993070
actif	4993069
engagee	4993068
otto	4993067
ponts	4993066
enthousiasme	4993065
risquez	4993064
hamilton	4993063
romains	4993062
aliens	4993061
calculs	4993060
perfection	4993059
bandits	4993058
fuit	4993057
due	4993056
gratuite	4993055
arrogant	4993054
franck	4993053
atout	4993052
lena	4993051
vilaine	4993050
jeanne	4993049
impatiente	4993048
torche	4993047
pizzas	4993046
boeuf	4993045
country	4993044
appartements	4993043
calcul	4993042
mercedes	4993041
permettra	4993040
loser	4993039
instants	4993038
conclusions	4993037
buffet	4993036
artifice	4993035
erik	4993034
embauche	4993033
bougie	4993032
reglo	4993031
volume	4993030
demolir	4993029
alternative	4993028
qualifie	4993027
adapter	4993026
prevenue	4993025
fideles	4993024
teste	4993023
attaquent	4993022
compose	4993021
pantalons	4993020
celebres	4993019
passerelle	4993018
dessine	4993017
accidentellement	4993016
saucisses	4993015
couvertures	4993014
mater	4993013
patrons	4993012
sexuellement	4993011
distrait	4993010
gold	4993009
willy	4993008
ari	4993007
embuscade	4993006
devrons	4993005
garrett	4993004
nourrit	4993003
tremble	4993002
condamnation	4993001
drolement	4993000
ouragan	4992999
utilisation	4992998
plaise	4992997
internationale	4992996
rechauffer	4992995
avatar	4992994
lucky	4992993
valet	4992992
robbie	4992991
ruban	4992990
hourra	4992989
merveilles	4992988
apparition	4992987
chretien	4992986
siens	4992985
encourager	4992984
chevaliers	4992983
chanceuse	4992982
planetes	4992981
mysterieuse	4992980
revenait	4992979
soulager	4992978
profitez	4992977
entretenir	4992976
bernie	4992975
roulant	4992974
definition	4992973
masques	4992972
poses	4992971
voeu	4992970
mexico	4992969
nain	4992968
sauvez	4992967
etouffe	4992966
dog	4992965
clou	4992964
affreuse	4992963
theories	4992962
hamburger	4992961
ballons	4992960
gai	4992959
arrivees	4992958
pic	4992957
simone	4992956
averti	4992955
supplementaire	4992954
sasha	4992953
arbitre	4992952
rendrait	4992951
spatial	4992950
honteux	4992949
chapelle	4992948
ruines	4992947
claude	4992946
gouts	4992945
sanctuaire	4992944
gestion	4992943
coins	4992942
burns	4992941
economiser	4992940
allemande	4992939
cracher	4992938
nuire	4992937
retrait	4992936
artere	4992935
bouts	4992934
marcel	4992933
hesitez	4992932
marshal	4992931
addison	4992930
sacrifie	4992929
trad	4992928
revoit	4992927
ideale	4992926
eclat	4992925
entendus	4992924
marina	4992923
lin	4992922
remplacant	4992921
espionne	4992920
lecher	4992919
antidote	4992918
navires	4992917
vivian	4992916
tammy	4992915
mecanique	4992914
seduisant	4992913
defauts	4992912
hangar	4992911
barreaux	4992910
bush	4992909
detestait	4992908
abandonnez	4992907
boulots	4992906
nerf	4992905
interdite	4992904
from	4992903
batiments	4992902
doyen	4992901
architecte	4992900
epidemie	4992899
brett	4992898
end	4992897
apollo	4992896
pearl	4992895
racines	4992894
mou	4992893
raj	4992892
dechirer	4992891
cachent	4992890
mouchoir	4992889
conspiration	4992888
extraterrestres	4992887
raccompagner	4992886
richesse	4992885
pardonnez	4992884
soutiens	4992883
impliques	4992882
sublime	4992881
emballe	4992880
espionner	4992879
independance	4992878
orphelinat	4992877
pelouse	4992876
pope	4992875
june	4992874
reprises	4992873
ava	4992872
prions	4992871
verse	4992870
pates	4992869
sportif	4992868
poursuites	4992867
blues	4992866
crevettes	4992865
camping	4992864
reprocher	4992863
comprendrais	4992862
lynn	4992861
exemplaire	4992860
hugo	4992859
categorie	4992858
terrorisme	4992857
pois	4992856
rochers	4992855
cathy	4992854
assemblee	4992853
percy	4992852
ramenes	4992851
connecte	4992850
nouilles	4992849
egard	4992848
jose	4992847
ressemblez	4992846
gachette	4992845
metre	4992844
pr	4992843
decor	4992842
hugh	4992841
sherlock	4992840
phillip	4992839
glacee	4992838
relache	4992837
epuisee	4992836
potter	4992835
ecoutais	4992834
horizon	4992833
durera	4992832
aident	4992831
callie	4992830
chi	4992829
epouvantable	4992828
cognac	4992827
repetez	4992826
nommee	4992825
tate	4992824
autographe	4992823
grandeur	4992822
rampe	4992821
ecarter	4992820
effraie	4992819
ruelle	4992818
marijuana	4992817
agressif	4992816
camille	4992815
here	4992814
spock	4992813
magiques	4992812
retrouverai	4992811
arretons	4992810
cuisinier	4992809
prophete	4992808
side	4992807
marchez	4992806
dance	4992805
nicholas	4992804
poules	4992803
maternelle	4992802
uniformes	4992801
parano	4992800
men	4992799
laid	4992798
paies	4992797
aerien	4992796
perdues	4992795
apprennent	4992794
initiative	4992793
dj	4992792
gardait	4992791
accelere	4992790
yacht	4992789
insigne	4992788
jedi	4992787
garantir	4992786
gates	4992785
noter	4992784
extraterrestre	4992783
logement	4992782
dante	4992781
bloquer	4992780
muet	4992779
hypocrite	4992778
herbes	4992777
fi	4992776
burton	4992775
cachait	4992774
adieux	4992773
debra	4992772
yes	4992771
semestre	4992770
yale	4992769
evanoui	4992768
brutal	4992767
oubliais	4992766
reviendras	4992765
felix	4992764
leon	4992763
emmenage	4992762
quelquefois	4992761
enterree	4992760
tomates	4992759
plaisanter	4992758
cassettes	4992757
provient	4992756
mythe	4992755
liee	4992754
flute	4992753
parvenir	4992752
bouquet	4992751
optimiste	4992750
entrees	4992749
representation	4992748
fouet	4992747
economique	4992746
convenu	4992745
cure	4992744
enfoncer	4992743
hair	4992742
disparaissent	4992741
suivait	4992740
hait	4992739
robinson	4992738
stu	4992737
introduit	4992736
racine	4992735
patte	4992734
posseder	4992733
tracasse	4992732
medium	4992731
amateurs	4992730
trahis	4992729
paisible	4992728
transmis	4992727
sirop	4992726
cicatrices	4992725
sonde	4992724
quittee	4992723
vaccin	4992722
sophia	4992721
high	4992720
outil	4992719
debris	4992718
inquiets	4992717
reportage	4992716
recent	4992715
constitution	4992714
contenir	4992713
doubler	4992712
caserne	4992711
pleuvoir	4992710
menera	4992709
take	4992708
bec	4992707
gabe	4992706
prostituees	4992705
telephoniques	4992704
hurle	4992703
certitude	4992702
consequent	4992701
exercices	4992700
sofia	4992699
finch	4992698
barb	4992697
coloc	4992696
more	4992695
pdg	4992694
slip	4992693
price	4992692
ivy	4992691
clarke	4992690
adresser	4992689
femelle	4992688
bilan	4992687
legale	4992686
prives	4992685
gravement	4992684
abrutis	4992683
ella	4992682
emplois	4992681
wall	4992680
griffes	4992679
attendiez	4992678
iris	4992677
producteurs	4992676
tequila	4992675
cogner	4992674
nombres	4992673
evader	4992672
parade	4992671
delicieuse	4992670
obeis	4992669
rancune	4992668
gouttes	4992667
indienne	4992666
bonnet	4992665
argument	4992664
sal	4992663
banlieue	4992662
reprenez	4992661
interessait	4992660
jaunes	4992659
convention	4992658
mimi	4992657
mettrais	4992656
weekend	4992655
exces	4992654
rassemblement	4992653
repart	4992652
programmes	4992651
dragons	4992650
sachent	4992649
amuses	4992648
pablo	4992647
souffler	4992646
dentaire	4992645
ward	4992644
mate	4992643
bienvenus	4992642
accelerer	4992641
remettra	4992640
americaines	4992639
accoucher	4992638
resiste	4992637
isabel	4992636
quotidien	4992635
illusions	4992634
lizzie	4992633
encaisser	4992632
woody	4992631
entendait	4992630
becca	4992629
aiguilles	4992628
malefique	4992627
cruelle	4992626
jurer	4992625
ironique	4992624
croiser	4992623
regards	4992622
apocalypse	4992621
sente	4992620
cv	4992619
lancez	4992618
goute	4992617
how	4992616
recommande	4992615
milan	4992614
assurances	4992613
paysage	4992612
cyrus	4992611
cartons	4992610
cynthia	4992609
soulage	4992608
clinton	4992607
chretiens	4992606
tunnels	4992605
rassemble	4992604
peurs	4992603
gala	4992602
nuque	4992601
province	4992600
imposteur	4992599
rhum	4992598
obtenez	4992597
explications	4992596
buvait	4992595
spirituel	4992594
eponge	4992593
supplier	4992592
mesurer	4992591
falaise	4992590
lacey	4992589
sanchez	4992588
convoi	4992587
sympas	4992586
lavage	4992585
touchant	4992584
discretement	4992583
plongee	4992582
alexandre	4992581
dizaines	4992580
doris	4992579
tiree	4992578
decedee	4992577
bert	4992576
adores	4992575
chargement	4992574
gestes	4992573
thon	4992572
psychologie	4992571
voudront	4992570
tanner	4992569
merlin	4992568
aimaient	4992567
isolement	4992566
cuillere	4992565
poemes	4992564
contenter	4992563
perspective	4992562
horaires	4992561
discretion	4992560
alexis	4992559
largement	4992558
modifier	4992557
wong	4992556
sadie	4992555
reels	4992554
they	4992553
visiteur	4992552
demanderais	4992551
courent	4992550
accouchement	4992549
machoire	4992548
obligation	4992547
baxter	4992546
consiste	4992545
cruz	4992544
pourrir	4992543
crystal	4992542
canyon	4992541
hyper	4992540
pate	4992539
combattant	4992538
percer	4992537
dealers	4992536
luther	4992535
bates	4992534
partiez	4992533
corriger	4992532
plaintes	4992531
prevue	4992530
susie	4992529
sages	4992528
plaisait	4992527
paniquer	4992526
contexte	4992525
secher	4992524
laurel	4992523
poster	4992522
larguer	4992521
conception	4992520
tabasser	4992519
donnais	4992518
cross	4992517
provisions	4992516
expliquerait	4992515
parlaient	4992514
depit	4992513
bassin	4992512
post	4992511
defunt	4992510
hotesse	4992509
continent	4992508
olive	4992507
butin	4992506
fiction	4992505
grouille	4992504
trait	4992503
tournant	4992502
couvent	4992501
make	4992500
avancee	4992499
reviendrais	4992498
perturbe	4992497
suffisait	4992496
salir	4992495
compagnies	4992494
reconfort	4992493
sports	4992492
servait	4992491
adrenaline	4992490
continuera	4992489
beurk	4992488
disparais	4992487
mouton	4992486
menent	4992485
croyant	4992484
manquez	4992483
reservation	4992482
paques	4992481
dinozzo	4992480
baisers	4992479
say	4992478
proprio	4992477
maddie	4992476
infecte	4992475
liees	4992474
frequente	4992473
croissance	4992472
fosse	4992471
doive	4992470
ouaip	4992469
commencement	4992468
milo	4992467
pentagone	4992466
loterie	4992465
droguee	4992464
abigail	4992463
essayent	4992462
sherman	4992461
porcs	4992460
comprehension	4992459
atlanta	4992458
polly	4992457
fiances	4992456
springfield	4992455
detectives	4992454
chargez	4992453
porteur	4992452
marks	4992451
sutton	4992450
reduction	4992449
deguise	4992448
evelyn	4992447
clairs	4992446
paquets	4992445
comprendras	4992444
bandit	4992443
triomphe	4992442
never	4992441
gele	4992440
fortement	4992439
restaurants	4992438
piloter	4992437
majeur	4992436
tatouages	4992435
entendais	4992434
violente	4992433
lori	4992432
sdi	4992431
montes	4992430
intimes	4992429
plonge	4992428
vicky	4992427
daniels	4992426
soutenu	4992425
shannon	4992424
refusent	4992423
vanter	4992422
shh	4992421
viser	4992420
cuisiniere	4992419
envoies	4992418
classes	4992417
frappes	4992416
debarque	4992415
flux	4992414
brady	4992413
menacee	4992412
choque	4992411
nicolas	4992410
serieuses	4992409
nœud	4992408
cuisses	4992407
jr	4992406
mord	4992405
reagit	4992404
apparences	4992403
municipal	4992402
nucleaires	4992401
hormones	4992400
american	4992399
perde	4992398
spa	4992397
distribution	4992396
renseignement	4992395
coq	4992394
fidelite	4992393
mourrez	4992392
parcouru	4992391
fuhrer	4992390
hilarant	4992389
egale	4992388
desintox	4992387
greffe	4992386
jefferson	4992385
arrivons	4992384
vendez	4992383
livreur	4992382
cavalerie	4992381
merdeux	4992380
county	4992379
salopes	4992378
chauffage	4992377
sonnette	4992376
savions	4992375
bouddha	4992374
briggs	4992373
indic	4992372
particules	4992371
localise	4992370
treve	4992369
roland	4992368
colorado	4992367
beignets	4992366
ª	4992365
redevable	4992364
couverts	4992363
griller	4992362
secouer	4992361
moelle	4992360
italiens	4992359
bijou	4992358
satisfaction	4992357
emballer	4992356
suzanne	4992355
aimera	4992354
bourree	4992353
bouchee	4992352
momes	4992351
chiot	4992350
autorisee	4992349
toutefois	4992348
forteresse	4992347
ramenee	4992346
crawford	4992345
potion	4992344
chelsea	4992343
concurrence	4992342
filez	4992341
froc	4992340
mourras	4992339
menthe	4992338
affirme	4992337
prononce	4992336
rush	4992335
visible	4992334
signification	4992333
cerveaux	4992332
helena	4992331
cohen	4992330
foutent	4992329
debiles	4992328
lionel	4992327
sdf	4992326
souvienne	4992325
yens	4992324
merdier	4992323
suggerer	4992322
peterson	4992321
mule	4992320
applique	4992319
brulures	4992318
francine	4992317
survivant	4992316
parlerons	4992315
calmement	4992314
fourrure	4992313
coupes	4992312
vieillard	4992311
secondaires	4992310
nommer	4992309
horaire	4992308
acceptes	4992307
dot	4992306
timmy	4992305
negociations	4992304
ally	4992303
reacteur	4992302
retablir	4992301
benefice	4992300
trempe	4992299
exagere	4992298
saul	4992297
joyce	4992296
informateur	4992295
whitney	4992294
brune	4992293
liv	4992292
joshua	4992291
appuyez	4992290
politiciens	4992289
let	4992288
organisme	4992287
chapeaux	4992286
immatriculation	4992285
violents	4992284
condamnes	4992283
condamner	4992282
partais	4992281
hm	4992280
librement	4992279
reconnue	4992278
craignais	4992277
pancakes	4992276
scoop	4992275
enverra	4992274
patricia	4992273
harmonie	4992272
puces	4992271
roti	4992270
defaire	4992269
occupent	4992268
brun	4992267
diffusion	4992266
di	4992265
carbone	4992264
suivis	4992263
sentence	4992262
samourai	4992261
idole	4992260
danielle	4992259
visa	4992258
deception	4992257
allees	4992256
recus	4992255
tetu	4992254
sherry	4992253
milliard	4992252
etrangeres	4992251
meurtriers	4992250
heurte	4992249
envoler	4992248
herite	4992247
approuve	4992246
chorale	4992245
modifie	4992244
habites	4992243
lard	4992242
preparent	4992241
bourbon	4992240
generosite	4992239
melinda	4992238
genereuse	4992237
distances	4992236
meurtriere	4992235
ernie	4992234
laisseront	4992233
aillent	4992232
plaider	4992231
avances	4992230
ignorait	4992229
attrapez	4992228
epave	4992227
documentaire	4992226
bella	4992225
hughes	4992224
aimant	4992223
reproduire	4992222
deuxiemement	4992221
lignee	4992220
confesser	4992219
arrangera	4992218
occasions	4992217
holt	4992216
peril	4992215
martini	4992214
news	4992213
tremblement	4992212
geante	4992211
kenneth	4992210
humilier	4992209
wang	4992208
bradley	4992207
jin	4992206
entrant	4992205
dite	4992204
individus	4992203
malik	4992202
vicieux	4992201
demandera	4992200
harriet	4992199
rassurer	4992198
gilbert	4992197
romain	4992196
allumettes	4992195
coupures	4992194
toxique	4992193
brisee	4992192
prendrez	4992191
connaissaient	4992190
verification	4992189
reproche	4992188
parlions	4992187
nourri	4992186
rentrait	4992185
protecteur	4992184
prendras	4992183
embarque	4992182
commencera	4992181
mails	4992180
regardee	4992179
souhaits	4992178
close	4992177
valley	4992176
excitation	4992175
meute	4992174
fugitif	4992173
presser	4992172
sentiras	4992171
brooks	4992170
rich	4992169
bd	4992168
yep	4992167
pitoyable	4992166
impatience	4992165
verser	4992164
clowns	4992163
venise	4992162
infiltre	4992161
berceau	4992160
poings	4992159
artillerie	4992158
patienter	4992157
infini	4992156
amical	4992155
lesbiennes	4992154
flou	4992153
irlande	4992152
danseur	4992151
salutations	4992150
respectable	4992149
ameliore	4992148
semer	4992147
minou	4992146
mortels	4992145
pleurait	4992144
appliquer	4992143
indiquer	4992142
matos	4992141
acquis	4992140
relie	4992139
decollage	4992138
corrompu	4992137
refugies	4992136
archie	4992135
laisserait	4992134
mesdemoiselles	4992133
habitait	4992132
sinistre	4992131
cigares	4992130
jadis	4992129
acheterai	4992128
vents	4992127
supposer	4992126
parapluie	4992125
centimetres	4992124
climat	4992123
sovietique	4992122
marianne	4992121
culs	4992120
cheryl	4992119
piles	4992118
vaughn	4992117
insecte	4992116
musulmans	4992115
liberee	4992114
moquez	4992113
intermediaire	4992112
rigolo	4992111
briquet	4992110
chemises	4992109
seminaire	4992108
gages	4992107
jai	4992106
employee	4992105
gangster	4992104
glacons	4992103
secte	4992102
enigme	4992101
mills	4992100
stp	4992099
couverte	4992098
principalement	4992097
craignez	4992096
œuvres	4992095
conserver	4992094
terrifie	4992093
quarante	4992092
bulletin	4992091
heart	4992090
pouces	4992089
extrait	4992088
remettez	4992087
fourmis	4992086
defier	4992085
terrasse	4992084
phrases	4992083
etapes	4992082
biscuit	4992081
boucler	4992080
moulin	4992079
esther	4992078
majeure	4992077
pauvrete	4992076
humiliation	4992075
nikita	4992074
franchi	4992073
portland	4992072
religieuse	4992071
queens	4992070
sloan	4992069
valentin	4992068
servante	4992067
preniez	4992066
recul	4992065
hallucinations	4992064
supposons	4992063
valoir	4992062
abuse	4992061
dirigeants	4992060
derangerait	4992059
precision	4992058
indispensable	4992057
creee	4992056
harceler	4992055
diffuse	4992054
repugnant	4992053
pretends	4992052
centime	4992051
foin	4992050
rase	4992049
ecoutent	4992048
comble	4992047
enfreint	4992046
prendront	4992045
secretes	4992044
cliche	4992043
realisez	4992042
anormal	4992041
espionnage	4992040
stephens	4992039
impoli	4992038
saumon	4992037
sourcils	4992036
finiras	4992035
glen	4992034
herr	4992033
credible	4992032
decolle	4992031
cuivre	4992030
einstein	4992029
powell	4992028
dates	4992027
apprenez	4992026
insultes	4992025
napoleon	4992024
stresse	4992023
amenes	4992022
sniper	4992021
chantent	4992020
miettes	4992019
shelby	4992018
triche	4992017
ordinaires	4992016
tentant	4992015
britanniques	4992014
echarpe	4992013
barres	4992012
fumes	4992011
asie	4992010
noeud	4992009
priez	4992008
ouvrier	4992007
nie	4992006
procurer	4992005
ail	4992004
gymnase	4992003
encules	4992002
beguin	4992001
vivres	4992000
bisous	4991999
scie	4991998
occupait	4991997
hero	4991996
installation	4991995
revelation	4991994
immediat	4991993
ignorent	4991992
jarod	4991991
prophetie	4991990
croyons	4991989
raisin	4991988
illegale	4991987
nasa	4991986
introduire	4991985
muscle	4991984
evier	4991983
hostile	4991982
chantait	4991981
prefet	4991980
aveugles	4991979
alaska	4991978
vestiaire	4991977
bunker	4991976
suce	4991975
mettrait	4991974
ecureuil	4991973
communistes	4991972
salive	4991971
chaton	4991970
shepherd	4991969
insister	4991968
financiere	4991967
ouf	4991966
jeannie	4991965
sensibles	4991964
disparues	4991963
ugh	4991962
jasper	4991961
soumettre	4991960
courtoisie	4991959
inscription	4991958
epais	4991957
achetes	4991956
bataillon	4991955
teint	4991954
rendus	4991953
aneantir	4991952
coque	4991951
lier	4991950
embaucher	4991949
arabes	4991948
endurer	4991947
etendre	4991946
anomalie	4991945
placee	4991944
habituelle	4991943
citer	4991942
maree	4991941
gagnera	4991940
independant	4991939
culte	4991938
mepris	4991937
cire	4991936
compagnons	4991935
identiques	4991934
cellulaire	4991933
jardinier	4991932
eleanor	4991931
physiques	4991930
electriques	4991929
desesperement	4991928
provenant	4991927
moon	4991926
nourris	4991925
detient	4991924
vega	4991923
frappez	4991922
connasse	4991921
inquietais	4991920
utilite	4991919
nobles	4991918
absolue	4991917
piegee	4991916
blog	4991915
emmerder	4991914
preferable	4991913
verrait	4991912
tailleur	4991911
occupez	4991910
epargne	4991909
rentrent	4991908
malins	4991907
sympathie	4991906
recente	4991905
mannequins	4991904
bancaire	4991903
localisation	4991902
peigne	4991901
exclu	4991900
greene	4991899
moe	4991898
obligations	4991897
aborder	4991896
motivation	4991895
toubib	4991894
dures	4991893
sacres	4991892
hanches	4991891
bavarder	4991890
pieges	4991889
millie	4991888
ordi	4991887
gamme	4991886
lorelai	4991885
mentor	4991884
massacrer	4991883
conquerir	4991882
jade	4991881
suffire	4991880
opinions	4991879
serveurs	4991878
bree	4991877
studios	4991876
crue	4991875
attraction	4991874
stups	4991873
fuyez	4991872
enfermes	4991871
grece	4991870
consoler	4991869
pavillon	4991868
capsule	4991867
limonade	4991866
telecommande	4991865
yankees	4991864
chantez	4991863
there	4991862
brulant	4991861
anonymes	4991860
gregory	4991859
burger	4991858
mangeait	4991857
gardner	4991856
allumee	4991855
jouir	4991854
detecteurs	4991853
old	4991852
pratt	4991851
raccourci	4991850
exercer	4991849
emmenerai	4991848
tiennes	4991847
dom	4991846
trent	4991845
douzaines	4991844
wally	4991843
tenant	4991842
plier	4991841
vivaient	4991840
application	4991839
confiture	4991838
frankenstein	4991837
librairie	4991836
semblables	4991835
opposition	4991834
boucliers	4991833
atomique	4991832
clin	4991831
portera	4991830
pretres	4991829
enfonce	4991828
intrusion	4991827
convenable	4991826
precaution	4991825
contribution	4991824
volontairement	4991823
discussions	4991822
walsh	4991821
oeuvres	4991820
asiatique	4991819
communique	4991818
carlo	4991817
repandre	4991816
ramenera	4991815
party	4991814
soupconne	4991813
changerait	4991812
passeports	4991811
passionnant	4991810
sorcellerie	4991809
gonzesse	4991808
madrid	4991807
wu	4991806
carlton	4991805
maniaque	4991804
fondu	4991803
fibres	4991802
detroit	4991801
sieur	4991800
faisions	4991799
rejeter	4991798
semblable	4991797
immeubles	4991796
reconstruire	4991795
poumon	4991794
distribuer	4991793
mexicains	4991792
franche	4991791
poisse	4991790
bridget	4991789
gibson	4991788
aidait	4991787
pratiquer	4991786
souleve	4991785
banquier	4991784
interrompu	4991783
tait	4991782
traque	4991781
japonaise	4991780
maligne	4991779
contrariee	4991778
arreterai	4991777
montgomery	4991776
globe	4991775
bridge	4991774
gail	4991773
garderai	4991772
darren	4991771
repars	4991770
volees	4991769
jeep	4991768
achever	4991767
ouvrent	4991766
tricher	4991765
comprenais	4991764
plombier	4991763
equitable	4991762
admirer	4991761
boxeur	4991760
tranche	4991759
nsa	4991758
these	4991757
horreurs	4991756
duchesse	4991755
boivent	4991754
orgueil	4991753
devenez	4991752
baigner	4991751
millier	4991750
evanouie	4991749
inventaire	4991748
briller	4991747
etrangler	4991746
virage	4991745
ambitieux	4991744
ralenti	4991743
cerf	4991742
cheveu	4991741
voudraient	4991740
mettais	4991739
onde	4991738
tango	4991737
maudits	4991736
gardons	4991735
morsure	4991734
solutions	4991733
villageois	4991732
q	4991731
marcherait	4991730
pagaille	4991729
inacceptable	4991728
zoey	4991727
basee	4991726
bulles	4991725
yu	4991724
prisonniere	4991723
explosif	4991722
montana	4991721
uterus	4991720
complices	4991719
distorsion	4991718
poney	4991717
diplomes	4991716
septieme	4991715
batailles	4991714
drague	4991713
esclavage	4991712
chaudes	4991711
bulle	4991710
souviendrai	4991709
ignorance	4991708
cafeteria	4991707
pareilles	4991706
terminale	4991705
empechera	4991704
coutera	4991703
esperait	4991702
devint	4991701
maladroit	4991700
moutarde	4991699
humilie	4991698
design	4991697
traitres	4991696
presentes	4991695
tares	4991694
irm	4991693
commode	4991692
chauds	4991691
freins	4991690
garee	4991689
debuts	4991688
remarques	4991687
etje	4991686
prevenez	4991685
wagon	4991684
amelia	4991683
sidney	4991682
permanente	4991681
rails	4991680
contes	4991679
inattendu	4991678
ecrits	4991677
poignarder	4991676
barbie	4991675
scout	4991674
franchise	4991673
tessa	4991672
egouts	4991671
devoue	4991670
cherchiez	4991669
fouillez	4991668
cingles	4991667
crichton	4991666
vendait	4991665
serum	4991664
evaluer	4991663
emmerdes	4991662
chauffe	4991661
abandonnes	4991660
appuye	4991659
hospitalite	4991658
similaire	4991657
boys	4991656
soupire	4991655
itineraire	4991654
toux	4991653
mollo	4991652
disposer	4991651
restiez	4991650
extraire	4991649
bute	4991648
allie	4991647
endommage	4991646
objectifs	4991645
branches	4991644
banks	4991643
frequenter	4991642
bad	4991641
voleuse	4991640
laissais	4991639
citation	4991638
fitz	4991637
mack	4991636
marissa	4991635
lilly	4991634
wolf	4991633
poussent	4991632
ficelles	4991631
celeste	4991630
intrigue	4991629
impose	4991628
detourner	4991627
cho	4991626
tubes	4991625
assiettes	4991624
associee	4991623
sonia	4991622
references	4991621
rattrape	4991620
sandwiches	4991619
dewey	4991618
reflet	4991617
bouc	4991616
perle	4991615
seances	4991614
franco	4991613
batteur	4991612
affirmatif	4991611
cest	4991610
cadet	4991609
dansez	4991608
preston	4991607
battez	4991606
seigneurs	4991605
classee	4991604
ramon	4991603
lecteur	4991602
soumis	4991601
louie	4991600
croyable	4991599
mourront	4991598
nazi	4991597
faucon	4991596
investisseurs	4991595
douces	4991594
mouchard	4991593
probation	4991592
irresponsable	4991591
tracer	4991590
palm	4991589
roosevelt	4991588
eclairer	4991587
bloquee	4991586
hale	4991585
vingtaine	4991584
ampoule	4991583
dome	4991582
faith	4991581
tapette	4991580
reviendront	4991579
remplit	4991578
revolutionnaire	4991577
epousee	4991576
passionne	4991575
jouera	4991574
concerts	4991573
aire	4991572
pamela	4991571
santiago	4991570
resume	4991569
paresseux	4991568
promise	4991567
melanger	4991566
north	4991565
naif	4991564
farine	4991563
homard	4991562
georgie	4991561
retirez	4991560
oups	4991559
hamburgers	4991558
mefier	4991557
dement	4991556
arche	4991555
ty	4991554
over	4991553
vicki	4991552
genee	4991551
fatigues	4991550
reviendrait	4991549
clous	4991548
interesses	4991547
phare	4991546
pigeons	4991545
darryl	4991544
vexer	4991543
arriverez	4991542
janice	4991541
dormant	4991540
cables	4991539
promu	4991538
adolescent	4991537
manifeste	4991536
sookie	4991535
chantes	4991534
financiers	4991533
jerusalem	4991532
parachute	4991531
initiales	4991530
avertis	4991529
pedale	4991528
cout	4991527
mindy	4991526
sourde	4991525
parceque	4991524
session	4991523
envoi	4991522
vortex	4991521
edie	4991520
surf	4991519
normales	4991518
tartes	4991517
pieu	4991516
consultation	4991515
retournerai	4991514
chalet	4991513
universitaire	4991512
presses	4991511
fleches	4991510
negres	4991509
falls	4991508
sugar	4991507
suture	4991506
habituee	4991505
defend	4991504
melodie	4991503
grognements	4991502
rabbin	4991501
exploiter	4991500
absolu	4991499
tanya	4991498
fermees	4991497
resteras	4991496
consultant	4991495
lente	4991494
creux	4991493
proprietes	4991492
module	4991491
verrouille	4991490
negro	4991489
evanouir	4991488
martiale	4991487
coudes	4991486
notion	4991485
plaisirs	4991484
lires	4991483
astronaute	4991482
solides	4991481
cassidy	4991480
kang	4991479
dirigent	4991478
metaphore	4991477
detonateur	4991476
fourchette	4991475
reprenons	4991474
tendue	4991473
disponibles	4991472
pretendu	4991471
devon	4991470
morveux	4991469
ronald	4991468
kara	4991467
fanny	4991466
transcript	4991465
batir	4991464
enregistree	4991463
italienne	4991462
decouper	4991461
onu	4991460
specifique	4991459
absente	4991458
invincible	4991457
sermon	4991456
perdra	4991455
cocktails	4991454
interessantes	4991453
deprimant	4991452
contourner	4991451
cafard	4991450
appellerais	4991449
rentrais	4991448
spatiale	4991447
psychologue	4991446
ahh	4991445
enseignement	4991444
henderson	4991443
ra	4991442
uncut	4991441
tuees	4991440
coutume	4991439
brendan	4991438
hammond	4991437
etendue	4991436
mysteres	4991435
oter	4991434
baguette	4991433
warner	4991432
tresors	4991431
marchant	4991430
statistiques	4991429
emissions	4991428
baskets	4991427
pubs	4991426
creek	4991425
elderman	4991424
antibiotiques	4991423
jenkins	4991422
champions	4991421
florrick	4991420
faveurs	4991419
lila	4991418
cary	4991417
live	4991416
hi	4991415
consciente	4991414
laine	4991413
blond	4991412
vermine	4991411
sentirais	4991410
infirmier	4991409
barrer	4991408
orphelins	4991407
entrepreneur	4991406
permanent	4991405
devise	4991404
bourreau	4991403
reussis	4991402
caoutchouc	4991401
identique	4991400
gorille	4991399
cerise	4991398
reparation	4991397
musical	4991396
porterai	4991395
bati	4991394
rafraichir	4991393
sierra	4991392
dani	4991391
raconterai	4991390
eteignez	4991389
talon	4991388
short	4991387
prostitution	4991386
contrebande	4991385
emotionnel	4991384
felicite	4991383
pretentieux	4991382
bio	4991381
wesley	4991380
rousse	4991379
banal	4991378
cordon	4991377
critiquer	4991376
seize	4991375
sterling	4991374
arretais	4991373
millionnaire	4991372
breche	4991371
appui	4991370
poussin	4991369
denonce	4991368
criant	4991367
liberez	4991366
frerot	4991365
entrevue	4991364
donnie	4991363
inculper	4991362
veterinaire	4991361
indiana	4991360
financer	4991359
punie	4991358
peintures	4991357
deguisement	4991356
saintete	4991355
persuader	4991354
tombera	4991353
impressionnee	4991352
marion	4991351
sirenes	4991350
voulant	4991349
baises	4991348
mauviette	4991347
controles	4991346
equipier	4991345
indigne	4991344
anita	4991343
candidature	4991342
arriveront	4991341
batards	4991340
generaux	4991339
payait	4991338
cruaute	4991337
reproduira	4991336
principaux	4991335
cafes	4991334
apprendrai	4991333
rigolez	4991332
javier	4991331
vance	4991330
parasite	4991329
unir	4991328
transaction	4991327
approchent	4991326
assieds	4991325
legendaire	4991324
experte	4991323
fonde	4991322
amendement	4991321
ridicules	4991320
paru	4991319
bouffon	4991318
atteinte	4991317
gratuits	4991316
torres	4991315
ketchup	4991314
remuer	4991313
nash	4991312
arguments	4991311
fatal	4991310
inoffensif	4991309
traditions	4991308
jonah	4991307
mers	4991306
isoler	4991305
habitez	4991304
stagiaire	4991303
crabe	4991302
traitez	4991301
distraction	4991300
grade	4991299
paranoiaque	4991298
construite	4991297
traduire	4991296
apprete	4991295
reactions	4991294
magnetique	4991293
publics	4991292
rejette	4991291
bunny	4991290
capote	4991289
renvoyee	4991288
sing	4991287
prevenus	4991286
ziva	4991285
vitrine	4991284
correspondant	4991283
preferent	4991282
punis	4991281
approbation	4991280
mondial	4991279
transition	4991278
humiliant	4991277
affiches	4991276
montrera	4991275
combattants	4991274
mccoy	4991273
exageres	4991272
lorenzo	4991271
armstrong	4991270
palace	4991269
declarations	4991268
she	4991267
consentement	4991266
tomate	4991265
roche	4991264
deshabiller	4991263
michigan	4991262
hanche	4991261
parlement	4991260
apprecierais	4991259
effondre	4991258
industries	4991257
tournait	4991256
pretendant	4991255
pakistan	4991254
z	4991253
spectaculaire	4991252
sandwichs	4991251
kat	4991250
gemissements	4991249
etonnes	4991248
kai	4991247
finirai	4991246
ariel	4991245
pecheur	4991244
off	4991243
gagnants	4991242
envisage	4991241
clarence	4991240
detour	4991239
duo	4991238
terrestre	4991237
detruits	4991236
prue	4991235
visez	4991234
courtney	4991233
institution	4991232
polonais	4991231
gratte	4991230
comprennes	4991229
ducon	4991228
immobile	4991227
malchance	4991226
couchee	4991225
atlantic	4991224
tentation	4991223
participation	4991222
insensible	4991221
conduits	4991220
injustice	4991219
elsa	4991218
fran	4991217
graine	4991216
melanie	4991215
securisee	4991214
coequipier	4991213
relaxe	4991212
sceau	4991211
deroule	4991210
vitamines	4991209
veau	4991208
chimio	4991207
elisabeth	4991206
pots	4991205
privees	4991204
trish	4991203
pros	4991202
necessairement	4991201
reclamer	4991200
chatiment	4991199
leche	4991198
cahier	4991197
bruyant	4991196
relier	4991195
trouverait	4991194
accomplie	4991193
genes	4991192
entendra	4991191
enthousiaste	4991190
interdiction	4991189
steroides	4991188
song	4991187
wc	4991186
affames	4991185
supposes	4991184
agite	4991183
nocturne	4991182
retarder	4991181
frotter	4991180
suspension	4991179
wheeler	4991178
conduisez	4991177
canards	4991176
achats	4991175
confiant	4991174
neill	4991173
reserver	4991172
meprise	4991171
aiden	4991170
strictement	4991169
solde	4991168
quentin	4991167
medocs	4991166
imprevisible	4991165
gardee	4991164
athlete	4991163
elan	4991162
revenant	4991161
tireurs	4991160
criait	4991159
predit	4991158
diriez	4991157
orientation	4991156
messire	4991155
dortoir	4991154
julien	4991153
ivresse	4991152
hara	4991151
saisie	4991150
mecanisme	4991149
people	4991148
sifflet	4991147
masculin	4991146
manches	4991145
fritz	4991144
calecon	4991143
affirmer	4991142
entrons	4991141
geniaux	4991140
accuses	4991139
state	4991138
montent	4991137
lourds	4991136
fatale	4991135
complications	4991134
marathon	4991133
remercions	4991132
negociation	4991131
auteurs	4991130
malle	4991129
romans	4991128
comprehensible	4991127
donnons	4991126
lueur	4991125
simmons	4991124
hassan	4991123
effondrer	4991122
trousses	4991121
pole	4991120
edwards	4991119
manifestation	4991118
villages	4991117
mentait	4991116
bougent	4991115
lezard	4991114
dejeune	4991113
impeccable	4991112
sex	4991111
mara	4991110
proteges	4991109
origines	4991108
wright	4991107
quitterai	4991106
ninja	4991105
decidez	4991104
sky	4991103
selection	4991102
profits	4991101
rouleau	4991100
orteil	4991099
abandon	4991098
triangle	4991097
orphelin	4991096
prendrons	4991095
obscur	4991094
manquera	4991093
bouchon	4991092
acceptera	4991091
maureen	4991090
ennemie	4991089
encourage	4991088
obligatoire	4991087
labyrinthe	4991086
rupert	4991085
langley	4991084
punch	4991083
paysan	4991082
centres	4991081
dope	4991080
montreal	4991079
usines	4991078
abdomen	4991077
menteurs	4991076
vitres	4991075
abe	4991074
hawai	4991073
trembler	4991072
amusante	4991071
satane	4991070
squelette	4991069
delires	4991068
opposer	4991067
blouse	4991066
iran	4991065
smoking	4991064
atlantis	4991063
episodes	4991062
mc	4991061
repousse	4991060
marta	4991059
desaccord	4991058
marrante	4991057
schema	4991056
paralyse	4991055
trey	4991054
amsterdam	4991053
ignoble	4991052
fermiers	4991051
orgasme	4991050
precautions	4991049
cavale	4991048
souhaites	4991047
dirigeant	4991046
tirera	4991045
criez	4991044
dangereuses	4991043
emeute	4991042
protegez	4991041
suivra	4991040
peluche	4991039
treize	4991038
virginite	4991037
vieillir	4991036
poteau	4991035
recherchent	4991034
geants	4991033
nevada	4991032
bronze	4991031
enqueteur	4991030
camper	4991029
gerald	4991028
provisoire	4991027
abeille	4991026
amer	4991025
biologie	4991024
conges	4991023
fournisseur	4991022
sabrina	4991021
pennsylvanie	4991020
brique	4991019
talentueux	4991018
pourris	4991017
tiffany	4991016
federation	4991015
ecrivait	4991014
conserve	4991013
croie	4991012
andouille	4991011
recommandation	4991010
locales	4991009
ouh	4991008
obstacles	4991007
immortel	4991006
convaincant	4991005
chope	4991004
rompez	4991003
poivre	4991002
google	4991001
toutou	4991000
correcte	4990999
spectateurs	4990998
franz	4990997
maintient	4990996
town	4990995
juliet	4990994
lancee	4990993
detacher	4990992
rebours	4990991
ragots	4990990
opere	4990989
anneaux	4990988
interprete	4990987
negative	4990986
gener	4990985
gueules	4990984
pc	4990983
resolution	4990982
juridiction	4990981
wanda	4990980
jettes	4990979
decoration	4990978
jacuzzi	4990977
resterez	4990976
drone	4990975
intact	4990974
embarras	4990973
beck	4990972
eveque	4990971
acceptee	4990970
agences	4990969
regretteras	4990968
holden	4990967
chocolats	4990966
interessants	4990965
adolescents	4990964
croyances	4990963
martiaux	4990962
comparaison	4990961
stanford	4990960
darcy	4990959
couloirs	4990958
trompait	4990957
panneaux	4990956
well	4990955
benson	4990954
paume	4990953
sautez	4990952
iv	4990951
finissez	4990950
obama	4990949
gratter	4990948
carottes	4990947
presidence	4990946
independante	4990945
transports	4990944
vendus	4990943
lourdes	4990942
bananes	4990941
bousille	4990940
voudrions	4990939
flatte	4990938
necessite	4990937
classiques	4990936
malaise	4990935
traitent	4990934
compteur	4990933
serviteurs	4990932
tribus	4990931
bryan	4990930
pare	4990929
hayley	4990928
exil	4990927
gonfle	4990926
pologne	4990925
voyiez	4990924
mourrais	4990923
saurons	4990922
celebrites	4990921
inclus	4990920
shelly	4990919
admirable	4990918
flirter	4990917
touchent	4990916
seringue	4990915
ming	4990914
consacrer	4990913
traitements	4990912
sexualite	4990911
phillips	4990910
impulsion	4990909
banquet	4990908
brent	4990907
omelette	4990906
interpretation	4990905
willow	4990904
battant	4990903
deliberement	4990902
terminal	4990901
affecter	4990900
symboles	4990899
pauline	4990898
monty	4990897
recit	4990896
karate	4990895
achetent	4990894
clientele	4990893
procede	4990892
gorgee	4990891
accessoires	4990890
cheres	4990889
romance	4990888
anxiete	4990887
exprime	4990886
employeur	4990885
embrasses	4990884
marketing	4990883
taxes	4990882
courts	4990881
ling	4990880
minables	4990879
extinction	4990878
rive	4990877
divers	4990876
nixon	4990875
finance	4990874
pansement	4990873
mourante	4990872
fax	4990871
tank	4990870
presentee	4990869
benton	4990868
paires	4990867
pratiques	4990866
boulettes	4990865
annuaire	4990864
doubles	4990863
polo	4990862
cargo	4990861
wraith	4990860
clayton	4990859
gigantesque	4990858
annonces	4990857
voiles	4990856
tombez	4990855
fantasmes	4990854
infiltrer	4990853
agitation	4990852
ecrirai	4990851
brillants	4990850
araignees	4990849
prisons	4990848
saignement	4990847
naples	4990846
roll	4990845
hautes	4990844
grandis	4990843
compagne	4990842
cultures	4990841
priorites	4990840
golden	4990839
risquent	4990838
expulser	4990837
ritchie	4990836
auxquelles	4990835
voyageur	4990834
escalade	4990833
vanille	4990832
suedois	4990831
cowboy	4990830
comprendrez	4990829
jude	4990828
ding	4990827
acceptable	4990826
crepes	4990825
edith	4990824
ginger	4990823
aw	4990822
dodo	4990821
lisais	4990820
cherchee	4990819
offerte	4990818
bull	4990817
secoue	4990816
pouvant	4990815
gaspiller	4990814
attentes	4990813
travailleur	4990812
dillon	4990811
emparer	4990810
julius	4990809
neutre	4990808
fessee	4990807
tell	4990806
etagere	4990805
condamnee	4990804
reconforter	4990803
arrestations	4990802
grecs	4990801
sentimental	4990800
accords	4990799
recherchons	4990798
hysterique	4990797
representent	4990796
loto	4990795
debute	4990794
cuisse	4990793
jt	4990792
br	4990791
series	4990790
ennuyeuse	4990789
ancre	4990788
eclats	4990787
ur	4990786
disciples	4990785
infraction	4990784
cherchaient	4990783
deborde	4990782
parcourir	4990781
hyde	4990780
profondes	4990779
moines	4990778
sains	4990777
postale	4990776
souffrent	4990775
signifiait	4990774
tetons	4990773
suede	4990772
ignorant	4990771
pair	4990770
poursuis	4990769
ruisseau	4990768
turk	4990767
procedures	4990766
pleinement	4990765
reservee	4990764
contactez	4990763
collaboration	4990762
transformation	4990761
lointain	4990760
faculte	4990759
seuil	4990758
massive	4990757
chantant	4990756
ezra	4990755
faciliter	4990754
parlerais	4990753
rajouter	4990752
inculpe	4990751
dark	4990750
vocation	4990749
convoque	4990748
baigne	4990747
rejouis	4990746
regulier	4990745
tuteur	4990744
pleurez	4990743
coulisses	4990742
soulagee	4990741
electeurs	4990740
support	4990739
encontre	4990738
neant	4990737
sas	4990736
consideration	4990735
sawyer	4990734
lise	4990733
volait	4990732
ragout	4990731
operatoire	4990730
avortement	4990729
malone	4990728
cha	4990727
serve	4990726
cadillac	4990725
promene	4990724
sheriff	4990723
madeleine	4990722
costa	4990721
infidele	4990720
frein	4990719
penserai	4990718
offense	4990717
poignard	4990716
tenues	4990715
chet	4990714
luthor	4990713
quelquechose	4990712
engages	4990711
infarctus	4990710
deplacement	4990709
ghetto	4990708
immediate	4990707
annulee	4990706
fabriques	4990705
lopez	4990704
souvenu	4990703
nico	4990702
tarzan	4990701
amours	4990700
remontez	4990699
gretchen	4990698
hesiter	4990697
her	4990696
lampes	4990695
terrifiee	4990694
descendant	4990693
russ	4990692
frost	4990691
guerie	4990690
envahi	4990689
confuse	4990688
techniciens	4990687
suicidee	4990686
vierges	4990685
parasites	4990684
put	4990683
coureur	4990682
satellites	4990681
retarde	4990680
croirais	4990679
comptant	4990678
pinces	4990677
ressentais	4990676
pudding	4990675
notez	4990674
agissez	4990673
chester	4990672
influencer	4990671
differences	4990670
comprenait	4990669
apportera	4990668
aidan	4990667
cyril	4990666
secretement	4990665
fameuse	4990664
vitaux	4990663
records	4990662
aviation	4990661
connecticut	4990660
retenez	4990659
devoiler	4990658
adolescente	4990657
tambour	4990656
gangsters	4990655
autobus	4990654
purement	4990653
donny	4990652
reviennes	4990651
casses	4990650
hodgins	4990649
chants	4990648
manuscrit	4990647
retrouvez	4990646
batons	4990645
theresa	4990644
etroit	4990643
planches	4990642
clos	4990641
kilo	4990640
dirigeait	4990639
eclairage	4990638
repondrai	4990637
silencieuse	4990636
brothers	4990635
ecoule	4990634
iui	4990633
gallagher	4990632
incapables	4990631
pistolets	4990630
assume	4990629
mineure	4990628
audacieux	4990627
occupation	4990626
oie	4990625
justes	4990624
defiler	4990623
amusee	4990622
mckay	4990621
constante	4990620
nicki	4990619
souliers	4990618
vivrai	4990617
martinez	4990616
compromettre	4990615
tribord	4990614
poursuivez	4990613
envoyait	4990612
volcan	4990611
lyle	4990610
anime	4990609
fractures	4990608
planifier	4990607
registres	4990606
activer	4990605
songe	4990604
survivra	4990603
ohe	4990602
shelley	4990601
global	4990600
fonctionnaire	4990599
jeans	4990598
prevoit	4990597
eclaircir	4990596
vip	4990595
fabuleuse	4990594
repondent	4990593
paulie	4990592
dela	4990591
projection	4990590
baleines	4990589
reviser	4990588
choi	4990587
chretienne	4990586
negligence	4990585
cass	4990584
imiter	4990583
attendaient	4990582
about	4990581
payent	4990580
callen	4990579
dizaine	4990578
galere	4990577
pensera	4990576
gaze	4990575
etincelle	4990574
composition	4990573
enterres	4990572
moniteur	4990571
vaurien	4990570
evitez	4990569
mallory	4990568
melee	4990567
allusion	4990566
mentalement	4990565
dubois	4990564
cricket	4990563
louper	4990562
levre	4990561
edna	4990560
egratignure	4990559
patate	4990558
hastings	4990557
autorises	4990556
barque	4990555
impuissant	4990554
katrina	4990553
viendrez	4990552
clope	4990551
envahir	4990550
remerciez	4990549
restais	4990548
etang	4990547
allumez	4990546
revolte	4990545
communs	4990544
erection	4990543
queje	4990542
sauvera	4990541
ecurie	4990540
cynique	4990539
lang	4990538
oswald	4990537
springs	4990536
tyson	4990535
culottes	4990534
tornade	4990533
liberes	4990532
apporterai	4990531
charley	4990530
filtre	4990529
implication	4990528
detourne	4990527
chutes	4990526
superviseur	4990525
luc	4990524
motifs	4990523
marrer	4990522
kidnapper	4990521
dangers	4990520
repetitions	4990519
retrouvent	4990518
axl	4990517
debattre	4990516
voudrai	4990515
amusez	4990514
julio	4990513
norma	4990512
interpol	4990511
nains	4990510
raid	4990509
rap	4990508
primo	4990507
defie	4990506
seduit	4990505
favorite	4990504
christy	4990503
sanders	4990502
rient	4990501
horatio	4990500
milles	4990499
divertissement	4990498
vertige	4990497
twitter	4990496
trac	4990495
seduisante	4990494
moya	4990493
elephants	4990492
souffrait	4990491
disparaisse	4990490
mangera	4990489
spectre	4990488
conflits	4990487
bronx	4990486
emmett	4990485
quittera	4990484
controleur	4990483
fabrication	4990482
mangeant	4990481
grady	4990480
peloton	4990479
preference	4990478
preferees	4990477
adorables	4990476
lances	4990475
ramenerai	4990474
ratee	4990473
box	4990472
audace	4990471
cook	4990470
conseillere	4990469
realisation	4990468
ouvrira	4990467
habile	4990466
recettes	4990465
pedes	4990464
evolue	4990463
dominic	4990462
modernes	4990461
cylons	4990460
assoir	4990459
obsedee	4990458
renforcer	4990457
embarquement	4990456
nonne	4990455
sensibilite	4990454
festin	4990453
homos	4990452
ike	4990451
tord	4990450
soupcon	4990449
circuits	4990448
coriace	4990447
adapte	4990446
marquis	4990445
redacteur	4990444
rangee	4990443
preparee	4990442
illinois	4990441
give	4990440
where	4990439
riez	4990438
ascension	4990437
suffi	4990436
empoisonner	4990435
balistique	4990434
comprenons	4990433
entretiens	4990432
boulet	4990431
godzilla	4990430
darling	4990429
tabasse	4990428
odieux	4990427
tombeau	4990426
roberto	4990425
rebellion	4990424
glee	4990423
fournit	4990422
feel	4990421
bites	4990420
esthetique	4990419
arriverais	4990418
nausee	4990417
ringard	4990416
habitent	4990415
brien	4990414
email	4990413
couture	4990412
feroce	4990411
trafiquant	4990410
spirituelle	4990409
homosexuel	4990408
kidnappee	4990407
preferais	4990406
mississippi	4990405
trimestre	4990404
cantine	4990403
pourcentage	4990402
veillerai	4990401
dong	4990400
autoriser	4990399
involontaire	4990398
klaxon	4990397
maintenez	4990396
assuree	4990395
been	4990394
devenues	4990393
ja	4990392
gouvernante	4990391
attiree	4990390
sinceres	4990389
roux	4990388
daphne	4990387
penche	4990386
blocs	4990385
enqueteurs	4990384
mexicaine	4990383
chaleureux	4990382
flacon	4990381
levier	4990380
reuni	4990379
devorer	4990378
excellents	4990377
survit	4990376
impitoyable	4990375
resterais	4990374
decouvertes	4990373
expo	4990372
coursier	4990371
saoule	4990370
legendes	4990369
fraise	4990368
extraction	4990367
two	4990366
fraises	4990365
moise	4990364
aidais	4990363
bleues	4990362
organe	4990361
lumineux	4990360
silas	4990359
surveillent	4990358
capte	4990357
inconsciente	4990356
quatorze	4990355
navigation	4990354
trappe	4990353
raisonner	4990352
maintenance	4990351
mecanicien	4990350
brules	4990349
reparle	4990348
dalton	4990347
dolly	4990346
reprise	4990345
heureuses	4990344
butler	4990343
coudre	4990342
entrailles	4990341
harbor	4990340
baratin	4990339
marbre	4990338
montrant	4990337
justifie	4990336
armement	4990335
sedatif	4990334
fonder	4990333
robinet	4990332
platre	4990331
plaies	4990330
herman	4990329
sake	4990328
vital	4990327
yankee	4990326
opportunites	4990325
pirater	4990324
eprouve	4990323
textos	4990322
primes	4990321
otis	4990320
away	4990319
heidi	4990318
connecter	4990317
console	4990316
garanti	4990315
introuvable	4990314
preciser	4990313
tentez	4990312
politesse	4990311
phyllis	4990310
medicales	4990309
boulevard	4990308
barrett	4990307
gel	4990306
marionnette	4990305
posent	4990304
cries	4990303
tenons	4990302
corrected	4990301
futurs	4990300
benis	4990299
aveu	4990298
detecte	4990297
evade	4990296
emetteur	4990295
regner	4990294
locataire	4990293
cassees	4990292
embrouille	4990291
negatifs	4990290
slogan	4990289
batteries	4990288
connaissant	4990287
unes	4990286
oregon	4990285
plasma	4990284
attende	4990283
circuler	4990282
favoris	4990281
veinard	4990280
haven	4990279
pente	4990278
betsy	4990277
precises	4990276
exploitation	4990275
trahie	4990274
trancher	4990273
effectue	4990272
lesions	4990271
perquisition	4990270
ciment	4990269
cuisines	4990268
crotte	4990267
dutch	4990266
cede	4990265
fuck	4990264
coquin	4990263
lasse	4990262
trouviez	4990261
aquarium	4990260
emprunt	4990259
run	4990258
grammes	4990257
engueuler	4990256
gemma	4990255
tyran	4990254
traits	4990253
cornes	4990252
etrangement	4990251
cox	4990250
billie	4990249
satisfaite	4990248
utilisons	4990247
files	4990246
hosto	4990245
operateur	4990244
abel	4990243
cendrillon	4990242
pittsburgh	4990241
ecroule	4990240
emprise	4990239
chargeur	4990238
querelle	4990237
lo	4990236
effectuer	4990235
timothy	4990234
brandy	4990233
hardy	4990232
flanc	4990231
caillou	4990230
egypte	4990229
fourre	4990228
rejoignez	4990227
newton	4990226
tendresse	4990225
preservatifs	4990224
annuel	4990223
suicidaire	4990222
finirait	4990221
autrui	4990220
firme	4990219
terrence	4990218
creatif	4990217
anniversaires	4990216
memoires	4990215
exceptionnelle	4990214
numerique	4990213
osez	4990212
fu	4990211
stephanie	4990210
jogging	4990209
consommation	4990208
fautes	4990207
cailloux	4990206
stanton	4990205
emotionnellement	4990204
mature	4990203
suffisante	4990202
aspirateur	4990201
entourage	4990200
croyaient	4990199
oubliera	4990198
regagner	4990197
vernon	4990196
caramel	4990195
cobb	4990194
technicien	4990193
chancelier	4990192
theo	4990191
jetes	4990190
bapteme	4990189
joanna	4990188
deeks	4990187
complicite	4990186
changee	4990185
inspecter	4990184
aliments	4990183
contagieux	4990182
libby	4990181
apprecies	4990180
toiles	4990179
chiots	4990178
trentaine	4990177
delivrer	4990176
toxiques	4990175
columbia	4990174
menee	4990173
taree	4990172
boone	4990171
grincheux	4990170
emmenait	4990169
jun	4990168
intensifs	4990167
automobile	4990166
dresser	4990165
reprendra	4990164
prevois	4990163
regarderai	4990162
thor	4990161
coop	4990160
forment	4990159
braquer	4990158
porche	4990157
males	4990156
shanghai	4990155
gaby	4990154
cale	4990153
faiblesses	4990152
souhaiterais	4990151
couchait	4990150
quittent	4990149
jj	4990148
incontrolable	4990147
refusait	4990146
patrouilles	4990145
rangers	4990144
building	4990143
handicape	4990142
diaz	4990141
buissons	4990140
hanson	4990139
junkie	4990138
crucial	4990137
floyd	4990136
punk	4990135
guerit	4990134
coquille	4990133
patterson	4990132
papillons	4990131
mutation	4990130
etend	4990129
fondateur	4990128
traiteur	4990127
recolter	4990126
pion	4990125
cachet	4990124
marchandises	4990123
coreen	4990122
demoiselles	4990121
scarlett	4990120
reparations	4990119
chevilles	4990118
salades	4990117
servirait	4990116
entente	4990115
webster	4990114
debutant	4990113
saletes	4990112
entouree	4990111
turc	4990110
bender	4990109
calins	4990108
oubli	4990107
ecoutera	4990106
attirant	4990105
epees	4990104
nickel	4990103
craignent	4990102
appreciez	4990101
gideon	4990100
adversaires	4990099
tentes	4990098
hawaii	4990097
expliquez	4990096
bryce	4990095
georgia	4990094
corbeau	4990093
mention	4990092
tic	4990091
toits	4990090
furax	4990089
mangerai	4990088
ferry	4990087
generique	4990086
aiderais	4990085
chronique	4990084
santos	4990083
dynamique	4990082
debrouilles	4990081
regretterez	4990080
votez	4990079
vagabond	4990078
dakota	4990077
magnus	4990076
perce	4990075
amusement	4990074
milton	4990073
etendu	4990072
designe	4990071
fa	4990070
prototype	4990069
brutes	4990068
maternite	4990067
arrogance	4990066
apercevoir	4990065
caviar	4990064
contenait	4990063
oprah	4990062
appelaient	4990061
herbert	4990060
peignoir	4990059
kramer	4990058
room	4990057
gagnante	4990056
spectacles	4990055
scandaleux	4990054
quasi	4990053
pressing	4990052
perdants	4990051
inquietant	4990050
once	4990049
brancher	4990048
descendue	4990047
precedente	4990046
concurrents	4990045
voyageurs	4990044
envoyees	4990043
tacos	4990042
durement	4990041
detruis	4990040
lem	4990039
raoul	4990038
vaudou	4990037
deacon	4990036
nell	4990035
pneumonie	4990034
pains	4990033
accordee	4990032
pet	4990031
laide	4990030
sauriez	4990029
hautement	4990028
calcule	4990027
geoffrey	4990026
nathalie	4990025
ace	4990024
conseillers	4990023
carnage	4990022
emmenent	4990021
echappee	4990020
braque	4990019
relaxer	4990018
kilometre	4990017
candy	4990016
considerez	4990015
ceintures	4990014
majordome	4990013
bancaires	4990012
abuser	4990011
hawkins	4990010
branler	4990009
derangement	4990008
richards	4990007
fureur	4990006
capot	4990005
oxford	4990004
sinclair	4990003
passerez	4990002
cristina	4990001
poignets	4990000
temoignages	4989999
enerves	4989998
hausse	4989997
consacre	4989996
proviseur	4989995
escadron	4989994
agees	4989993
testicules	4989992
rappellera	4989991
casting	4989990
confidentialite	4989989
formulaires	4989988
catalogue	4989987
drive	4989986
annulation	4989985
soja	4989984
facher	4989983
argo	4989982
bouillir	4989981
hamlet	4989980
ressemblance	4989979
suivants	4989978
scorpion	4989977
egaux	4989976
courait	4989975
coussin	4989974
purete	4989973
reparler	4989972
richmond	4989971
grandiose	4989970
peines	4989969
irene	4989968
ecoutait	4989967
trouduc	4989966
decennies	4989965
cobra	4989964
foncer	4989963
identites	4989962
bette	4989961
demenagement	4989960
passions	4989959
demarche	4989958
mamans	4989957
bouillie	4989956
pointes	4989955
aneanti	4989954
partirons	4989953
benne	4989952
agnes	4989951
attendions	4989950
emmenera	4989949
salaires	4989948
hard	4989947
decouvrent	4989946
asseyez	4989945
ollie	4989944
petard	4989943
plaisent	4989942
call	4989941
divan	4989940
reessayer	4989939
planquer	4989938
discrete	4989937
crepuscule	4989936
game	4989935
jupiter	4989934
monastere	4989933
susceptible	4989932
portier	4989931
andrews	4989930
accusez	4989929
victoires	4989928
mutuellement	4989927
hygiene	4989926
dore	4989925
aimeraient	4989924
hillary	4989923
musulman	4989922
agressee	4989921
doctorat	4989920
souviendra	4989919
atlantique	4989918
gladys	4989917
griffith	4989916
animation	4989915
dominer	4989914
apprecient	4989913
rencontrent	4989912
adultere	4989911
caine	4989910
installee	4989909
consulat	4989908
need	4989907
servez	4989906
fichus	4989905
colby	4989904
collision	4989903
mosquee	4989902
yard	4989901
fragments	4989900
agonie	4989899
bander	4989898
motion	4989897
carnaval	4989896
music	4989895
distinguer	4989894
argentine	4989893
jamal	4989892
resurrection	4989891
anesthesie	4989890
crowley	4989889
pardonnera	4989888
travaillaient	4989887
definir	4989886
commotion	4989885
mae	4989884
rassure	4989883
transporte	4989882
emballage	4989881
yaourt	4989880
remporte	4989879
malley	4989878
abandonnerai	4989877
obstruction	4989876
western	4989875
protegent	4989874
passerais	4989873
lindsey	4989872
judas	4989871
suggestions	4989870
attirante	4989869
incendies	4989868
apportes	4989867
cavaliers	4989866
loger	4989865
clandestin	4989864
manipule	4989863
axe	4989862
starfleet	4989861
souffres	4989860
crapaud	4989859
diplomatique	4989858
homicides	4989857
detestez	4989856
enleves	4989855
quittant	4989854
stressee	4989853
preparait	4989852
assomme	4989851
recents	4989850
angles	4989849
blouson	4989848
cora	4989847
reflechit	4989846
architecture	4989845
oklahoma	4989844
preliminaires	4989843
vivement	4989842
proteines	4989841
morales	4989840
neutraliser	4989839
battrai	4989838
coffres	4989837
flippe	4989836
noie	4989835
buts	4989834
sanguine	4989833
racaille	4989832
fad	4989831
similaires	4989830
misericorde	4989829
inquietait	4989828
grenades	4989827
ash	4989826
terrains	4989825
incidents	4989824
republicain	4989823
transformee	4989822
stations	4989821
lynette	4989820
contenant	4989819
determination	4989818
eruption	4989817
taudis	4989816
nat	4989815
etalon	4989814
fusees	4989813
citrouille	4989812
poux	4989811
policiere	4989810
scalpel	4989809
photographier	4989808
intacte	4989807
allan	4989806
rechange	4989805
giles	4989804
oublient	4989803
ultra	4989802
beethoven	4989801
saloperies	4989800
naviguer	4989799
attentionne	4989798
kirby	4989797
pin	4989796
our	4989795
renaissance	4989794
reconnaissants	4989793
envole	4989792
endure	4989791
sweet	4989790
noyau	4989789
maine	4989788
repaire	4989787
residents	4989786
convictions	4989785
jardins	4989784
woods	4989783
lawson	4989782
donuts	4989781
tsar	4989780
meritais	4989779
efficacite	4989778
chaussette	4989777
pedales	4989776
remue	4989775
racontait	4989774
harley	4989773
carreau	4989772
sentier	4989771
habitues	4989770
manquant	4989769
allongee	4989768
habit	4989767
illegalement	4989766
reciproque	4989765
buffalo	4989764
provenance	4989763
decois	4989762
dialogue	4989761
phares	4989760
babe	4989759
souri	4989758
ba	4989757
pertinent	4989756
effrayante	4989755
derangez	4989754
pincer	4989753
suivais	4989752
passages	4989751
suivrai	4989750
consulte	4989749
touriste	4989748
gendre	4989747
kerry	4989746
enceintes	4989745
dinosaures	4989744
monstrueux	4989743
assois	4989742
subtil	4989741
hantee	4989740
matthews	4989739
fouiner	4989738
reveillera	4989737
ferment	4989736
recrute	4989735
secs	4989734
reseaux	4989733
poele	4989732
ko	4989731
diamond	4989730
commencant	4989729
vins	4989728
politicien	4989727
creche	4989726
rejouir	4989725
cassandra	4989724
shore	4989723
kelso	4989722
ghost	4989721
extraordinaires	4989720
sautes	4989719
deprimee	4989718
thorax	4989717
kiki	4989716
arene	4989715
redoutable	4989714
rodriguez	4989713
bossait	4989712
conduira	4989711
temporairement	4989710
naive	4989709
bam	4989708
difficilement	4989707
irresistible	4989706
republicains	4989705
repasse	4989704
exterieure	4989703
ramper	4989702
wo	4989701
courants	4989700
rod	4989699
hetty	4989698
marechal	4989697
jeeves	4989696
bavard	4989695
resteront	4989694
fleau	4989693
frances	4989692
acheteurs	4989691
recevra	4989690
remette	4989689
glorieux	4989688
froides	4989687
lmpossible	4989686
collectif	4989685
psychotique	4989684
cascade	4989683
pardonnerai	4989682
bi	4989681
taco	4989680
reverras	4989679
scelle	4989678
recommencez	4989677
parfaites	4989676
mentais	4989675
separement	4989674
taxis	4989673
faciale	4989672
hotes	4989671
marsh	4989670
demoniaque	4989669
forets	4989668
espagnole	4989667
doses	4989666
vernis	4989665
allumette	4989664
bracelets	4989663
coutent	4989662
perception	4989661
sortirez	4989660
representants	4989659
singh	4989658
prepares	4989657
claquer	4989656
manning	4989655
ingredients	4989654
escorter	4989653
menacant	4989652
sonya	4989651
dependance	4989650
enseignant	4989649
coleman	4989648
vires	4989647
previsible	4989646
manege	4989645
gains	4989644
fluide	4989643
captain	4989642
accompagnes	4989641
fichent	4989640
diverses	4989639
cliches	4989638
espagnols	4989637
agresser	4989636
nice	4989635
chie	4989634
limitee	4989633
think	4989632
tampon	4989631
gardera	4989630
financement	4989629
invitations	4989628
renee	4989627
savant	4989626
douches	4989625
noblesse	4989624
diviser	4989623
vocale	4989622
flint	4989621
comptabilite	4989620
bouquins	4989619
elijah	4989618
offrent	4989617
jumeau	4989616
rogne	4989615
priver	4989614
eteinte	4989613
mg	4989612
refusee	4989611
kentucky	4989610
hola	4989609
beatles	4989608
decouvrira	4989607
sloane	4989606
moralite	4989605
mefie	4989604
baver	4989603
apprendras	4989602
eddy	4989601
aspects	4989600
presentent	4989599
partagent	4989598
paraissait	4989597
appartenant	4989596
malibu	4989595
branleur	4989594
progresse	4989593
sheppard	4989592
sterile	4989591
preservatif	4989590
croute	4989589
lecteurs	4989588
larme	4989587
camelot	4989586
chirurgiens	4989585
abbott	4989584
seymour	4989583
curry	4989582
gardais	4989581
tousse	4989580
cerebral	4989579
venin	4989578
inapproprie	4989577
interviewer	4989576
seoul	4989575
auxquels	4989574
assurement	4989573
boo	4989572
penetre	4989571
interdits	4989570
listes	4989569
perpetuite	4989568
credits	4989567
posee	4989566
totalite	4989565
occupais	4989564
inferieur	4989563
lulu	4989562
partageons	4989561
bagues	4989560
kitt	4989559
velours	4989558
ecarte	4989557
insistez	4989556
approches	4989555
exigences	4989554
recue	4989553
permettent	4989552
equivalent	4989551
resterait	4989550
lingerie	4989549
fourrer	4989548
revers	4989547
avorter	4989546
emissaire	4989545
brume	4989544
commenca	4989543
emprisonne	4989542
supplement	4989541
simulation	4989540
jennings	4989539
residus	4989538
perroquet	4989537
qi	4989536
endors	4989535
diabete	4989534
imprimer	4989533
trudy	4989532
intimider	4989531
attentif	4989530
tombait	4989529
attendue	4989528
toronto	4989527
ingenieurs	4989526
hou	4989525
choquant	4989524
bikini	4989523
hamecon	4989522
mile	4989521
grill	4989520
refroidir	4989519
acceptent	4989518
apparue	4989517
assigne	4989516
akira	4989515
credibilite	4989514
servie	4989513
presentez	4989512
tobias	4989511
collants	4989510
scouts	4989509
lisbon	4989508
sensee	4989507
oranges	4989506
colleen	4989505
improbable	4989504
duck	4989503
choux	4989502
subitement	4989501
bravoure	4989500
percute	4989499
vinnie	4989498
saignes	4989497
centimes	4989496
yuri	4989495
tombant	4989494
lanceur	4989493
mackenzie	4989492
miam	4989491
abime	4989490
dansent	4989489
viril	4989488
galactica	4989487
degoute	4989486
knox	4989485
requiert	4989484
recruter	4989483
clip	4989482
tiger	4989481
diligence	4989480
crient	4989479
esperes	4989478
annulez	4989477
chip	4989476
tigres	4989475
ingrat	4989474
verrou	4989473
kgb	4989472
salopards	4989471
trompette	4989470
pellicule	4989469
parallele	4989468
pourboires	4989467
montrait	4989466
bocal	4989465
croquis	4989464
aspiration	4989463
prometteur	4989462
constance	4989461
temoigne	4989460
mouiller	4989459
ensembles	4989458
arriva	4989457
lentilles	4989456
hercule	4989455
eveillee	4989454
milice	4989453
battement	4989452
jax	4989451
decors	4989450
mourrait	4989449
unies	4989448
portiere	4989447
explosions	4989446
renseigne	4989445
boutiques	4989444
decore	4989443
facade	4989442
amities	4989441
vendeurs	4989440
fibre	4989439
grotesque	4989438
alleluia	4989437
gazon	4989436
cueillir	4989435
geek	4989434
mords	4989433
instruction	4989432
rafael	4989431
publiquement	4989430
travailliez	4989429
week	4989428
asthme	4989427
eden	4989426
banni	4989425
hante	4989424
hymne	4989423
continuerai	4989422
moquent	4989421
esperez	4989420
ferraille	4989419
prescrit	4989418
employer	4989417
devouement	4989416
strict	4989415
filons	4989414
jouerai	4989413
veillez	4989412
frit	4989411
rembourserai	4989410
ferions	4989409
knight	4989408
murmure	4989407
precedents	4989406
interromps	4989405
combine	4989404
peuples	4989403
enrage	4989402
pousses	4989401
plaza	4989400
escroquerie	4989399
brin	4989398
sournois	4989397
clause	4989396
logo	4989395
rates	4989394
mystique	4989393
gentlemen	4989392
strip	4989391
interdire	4989390
exclure	4989389
enfiler	4989388
cacahuete	4989387
eventuellement	4989386
antique	4989385
confondre	4989384
saboter	4989383
choquee	4989382
locataires	4989381
lorraine	4989380
defoncee	4989379
dimitri	4989378
vatican	4989377
heroique	4989376
handicap	4989375
degenere	4989374
recherchez	4989373
comete	4989372
iii	4989371
fondateurs	4989370
famine	4989369
barreau	4989368
plaide	4989367
cartouches	4989366
were	4989365
steaks	4989364
interpreter	4989363
momie	4989362
tuait	4989361
maximale	4989360
revendre	4989359
amicale	4989358
broche	4989357
suffirait	4989356
said	4989355
iowa	4989354
messagerie	4989353
bennet	4989352
specialise	4989351
empoisonnement	4989350
fraiches	4989349
danois	4989348
enculer	4989347
divertir	4989346
concession	4989345
equation	4989344
croiront	4989343
golfe	4989342
dinosaure	4989341
ecossais	4989340
topo	4989339
chameau	4989338
caverne	4989337
potentiels	4989336
manchester	4989335
tournes	4989334
ventilation	4989333
servant	4989332
bird	4989331
hollandais	4989330
dispose	4989329
willis	4989328
imitation	4989327
rassurant	4989326
spartacus	4989325
confrerie	4989324
reveilles	4989323
admettons	4989322
douloureuse	4989321
gotham	4989320
marcy	4989319
acheve	4989318
couvrez	4989317
jettent	4989316
pecheurs	4989315
remerciements	4989314
natation	4989313
castor	4989312
chambers	4989311
reveillon	4989310
racontent	4989309
siffle	4989308
abris	4989307
outrage	4989306
audio	4989305
caresser	4989304
suive	4989303
reviendrez	4989302
cafards	4989301
legion	4989300
taverne	4989299
desirer	4989298
remontant	4989297
roxy	4989296
radin	4989295
accueille	4989294
mercure	4989293
evidente	4989292
moquette	4989291
canot	4989290
too	4989289
fonctionnement	4989288
aeryn	4989287
violette	4989286
aria	4989285
thoracique	4989284
loft	4989283
baisee	4989282
allergie	4989281
obseques	4989280
epatant	4989279
frissons	4989278
louisiane	4989277
inclut	4989276
diffuser	4989275
partit	4989274
disciple	4989273
orient	4989272
carver	4989271
gamma	4989270
antiquites	4989269
commando	4989268
lockhart	4989267
cachees	4989266
elue	4989265
reno	4989264
flatteur	4989263
contamine	4989262
castro	4989261
sentes	4989260
concevoir	4989259
bobo	4989258
valerie	4989257
reverrons	4989256
beignet	4989255
foreman	4989254
karaoke	4989253
center	4989252
redire	4989251
jasmine	4989250
offrant	4989249
violoncelle	4989248
reelles	4989247
nigel	4989246
dague	4989245
reviendrons	4989244
recouvert	4989243
bloques	4989242
mutuelle	4989241
restau	4989240
medailles	4989239
sursis	4989238
sondages	4989237
travaillerai	4989236
violemment	4989235
saisons	4989234
deposee	4989233
clive	4989232
monument	4989231
suspendue	4989230
dead	4989229
observateur	4989228
veterans	4989227
carotte	4989226
lisait	4989225
decidera	4989224
vaudra	4989223
costard	4989222
tapes	4989221
populaires	4989220
cain	4989219
perkins	4989218
gentilles	4989217
industriel	4989216
miriam	4989215
honneurs	4989214
avise	4989213
empoisonnee	4989212
dissimuler	4989211
faufiler	4989210
reproches	4989209
tardis	4989208
preliminaire	4989207
inspirer	4989206
precipiter	4989205
natale	4989204
auditions	4989203
reagis	4989202
josie	4989201
arsenal	4989200
raisins	4989199
color	4989198
survivor	4989197
disco	4989196
brouhaha	4989195
respectent	4989194
pencher	4989193
sottises	4989192
experimente	4989191
criteres	4989190
eloignes	4989189
complexes	4989188
valentine	4989187
suivons	4989186
rechauffe	4989185
fish	4989184
admission	4989183
evoluer	4989182
organisee	4989181
contrarier	4989180
sensations	4989179
melon	4989178
romantiques	4989177
hannibal	4989176
expulse	4989175
propagande	4989174
miroirs	4989173
butch	4989172
crete	4989171
doublure	4989170
contraint	4989169
vertebrale	4989168
expertise	4989167
tranquillite	4989166
rea	4989165
ignorons	4989164
protegera	4989163
rossi	4989162
somniferes	4989161
co	4989160
entraines	4989159
flot	4989158
brulure	4989157
siennes	4989156
blondes	4989155
clavier	4989154
appelant	4989153
higgins	4989152
manquerai	4989151
hippie	4989150
clarifier	4989149
cambrioleur	4989148
vaguement	4989147
gracie	4989146
trousse	4989145
bass	4989144
pleurant	4989143
morton	4989142
vertes	4989141
maura	4989140
excites	4989139
facilite	4989138
ecrans	4989137
recommences	4989136
genies	4989135
retournera	4989134
etrangle	4989133
tarif	4989132
sorciers	4989131
craignait	4989130
privileges	4989129
contusions	4989128
deplait	4989127
neglige	4989126
milliardaire	4989125
tailler	4989124
retiree	4989123
madeline	4989122
traversee	4989121
surfer	4989120
eugene	4989119
colt	4989118
baba	4989117
imprime	4989116
humidite	4989115
champignon	4989114
assurerai	4989113
frisson	4989112
ecoutons	4989111
maryland	4989110
amnesie	4989109
hoffman	4989108
ferrari	4989107
rival	4989106
tata	4989105
nette	4989104
emploie	4989103
paroisse	4989102
reglee	4989101
croyiez	4989100
muffin	4989099
compenser	4989098
bowl	4989097
partenariat	4989096
appartenir	4989095
secourir	4989094
dilemme	4989093
remedier	4989092
balise	4989091
medaillon	4989090
mentirais	4989089
wagner	4989088
compreniez	4989087
gun	4989086
catholiques	4989085
traditionnel	4989084
produisent	4989083
subit	4989082
regrettes	4989081
motive	4989080
fourriere	4989079
apaiser	4989078
sculpture	4989077
regardiez	4989076
rufus	4989075
emotionnelle	4989074
buster	4989073
grenouilles	4989072
obus	4989071
garant	4989070
egout	4989069
acompte	4989068
chffffff	4989067
erotique	4989066
woman	4989065
offensive	4989064
muffins	4989063
lisant	4989062
quais	4989061
foulard	4989060
agissent	4989059
imminente	4989058
reduite	4989057
conquete	4989056
predire	4989055
tang	4989054
proprement	4989053
ralentit	4989052
anxieux	4989051
fang	4989050
respiratoire	4989049
vanite	4989048
pepper	4989047
why	4989046
plomberie	4989045
parcs	4989044
passeras	4989043
elegante	4989042
skinner	4989041
jackpot	4989040
eloignee	4989039
arrets	4989038
label	4989037
vibrations	4989036
accouche	4989035
limiter	4989034
marchons	4989033
greta	4989032
youtube	4989031
pyramide	4989030
volez	4989029
droguer	4989028
fabricant	4989027
actifs	4989026
questionner	4989025
gaufres	4989024
hurlant	4989023
pues	4989022
trophees	4989021
woo	4989020
discrets	4989019
lennox	4989018
fuller	4989017
coffrer	4989016
tracteur	4989015
sociales	4989014
ongle	4989013
affilee	4989012
conquis	4989011
diraient	4989010
enfile	4989009
tortues	4989008
jody	4989007
rendant	4989006
rangez	4989005
interrupteur	4989004
kev	4989003
newman	4989002
barbare	4989001
porto	4989000
bruns	4988999
ecrites	4988998
rdv	4988997
cristaux	4988996
innocentes	4988995
dracula	4988994
tan	4988993
porsche	4988992
olga	4988991
errant	4988990
stacey	4988989
concentree	4988988
tentatives	4988987
hip	4988986
prejuges	4988985
combler	4988984
directions	4988983
mountain	4988982
informes	4988981
donniez	4988980
prescription	4988979
jensen	4988978
tasses	4988977
pancarte	4988976
sophistique	4988975
sortiez	4988974
ballade	4988973
stockage	4988972
brulent	4988971
pedophile	4988970
apprentissage	4988969
negocie	4988968
harcele	4988967
predateur	4988966
trafiquants	4988965
dansons	4988964
frustrant	4988963
expliques	4988962
rancard	4988961
eyes	4988960
remplissez	4988959
radiation	4988958
transplantation	4988957
zeus	4988956
vetement	4988955
egare	4988954
eventreur	4988953
noyee	4988952
chevres	4988951
amusent	4988950
meade	4988949
jorge	4988948
campement	4988947
blaine	4988946
recrue	4988945
virez	4988944
fermement	4988943
ainee	4988942
controlent	4988941
dc	4988940
fry	4988939
exploits	4988938
biopsie	4988937
humphrey	4988936
detendu	4988935
passaient	4988934
nausees	4988933
moran	4988932
amusait	4988931
kirsten	4988930
offrez	4988929
pendaison	4988928
bagarres	4988927
etranglee	4988926
vargas	4988925
definitif	4988924
portaient	4988923
scooter	4988922
ducky	4988921
exotique	4988920
klein	4988919
pardonnes	4988918
ostie	4988917
cuite	4988916
externe	4988915
gmt	4988914
courtes	4988913
keep	4988912
toni	4988911
speed	4988910
walden	4988909
astronautes	4988908
attaches	4988907
situe	4988906
ouie	4988905
succession	4988904
illegales	4988903
caresse	4988902
trouvaient	4988901
gossip	4988900
plate	4988899
decharger	4988898
leves	4988897
patisserie	4988896
micros	4988895
cardiaques	4988894
essuyer	4988893
fiasco	4988892
canadien	4988891
leah	4988890
realisent	4988889
pingouin	4988888
couronnes	4988887
toasts	4988886
giovanni	4988885
repondra	4988884
lucille	4988883
decent	4988882
buvais	4988881
lamentable	4988880
benie	4988879
reponde	4988878
assistants	4988877
pass	4988876
connues	4988875
brebis	4988874
caitlin	4988873
roupies	4988872
herb	4988871
jouaient	4988870
boussole	4988869
excentrique	4988868
ingrid	4988867
grandissent	4988866
admiration	4988865
pleurent	4988864
liu	4988863
drones	4988862
stupefiant	4988861
soule	4988860
reussie	4988859
bertie	4988858
injonction	4988857
catch	4988856
habilles	4988855
mina	4988854
revenais	4988853
bianca	4988852
denomme	4988851
tablette	4988850
arnaquer	4988849
ethel	4988848
textes	4988847
tac	4988846
decorations	4988845
eues	4988844
recrues	4988843
aimeras	4988842
skip	4988841
colombe	4988840
vieilli	4988839
america	4988838
brunch	4988837
soigneusement	4988836
tend	4988835
intello	4988834
carole	4988833
ip	4988832
alabama	4988831
excellentes	4988830
regardera	4988829
athena	4988828
delinquants	4988827
hopkins	4988826
plantee	4988825
partisans	4988824
ampleur	4988823
bea	4988822
tarde	4988821
conduisais	4988820
pornos	4988819
nourrice	4988818
ecrivais	4988817
congelateur	4988816
repliques	4988815
grue	4988814
ecosse	4988813
tolerance	4988812
derangee	4988811
rajoute	4988810
jeremiah	4988809
yen	4988808
malheurs	4988807
zane	4988806
copier	4988805
seme	4988804
accueilli	4988803
alzheimer	4988802
katy	4988801
neufs	4988800
dauphin	4988799
fantaisie	4988798
promettez	4988797
courante	4988796
apparaissent	4988795
luca	4988794
vinaigre	4988793
margot	4988792
chene	4988791
justicier	4988790
dora	4988789
demoli	4988788
meeting	4988787
geneve	4988786
corne	4988785
fanfare	4988784
lars	4988783
sadique	4988782
dea	4988781
sully	4988780
personnalites	4988779
only	4988778
expire	4988777
paulo	4988776
decident	4988775
anevrisme	4988774
spaghettis	4988773
hypnose	4988772
poire	4988771
probabilite	4988770
detecter	4988769
invisibles	4988768
foyers	4988767
protocoles	4988766
gilles	4988765
croiras	4988764
paranoia	4988763
preoccuper	4988762
merveilleuses	4988761
fisc	4988760
frequences	4988759
immortalite	4988758
hacker	4988757
grains	4988756
implants	4988755
crapule	4988754
bagage	4988753
rame	4988752
wanna	4988751
gilmore	4988750
picasso	4988749
lames	4988748
pianiste	4988747
redemption	4988746
utilisees	4988745
perdrai	4988744
enjeu	4988743
ouste	4988742
memo	4988741
vegetarien	4988740
matelot	4988739
naturelles	4988738
faisable	4988737
projecteurs	4988736
nounours	4988735
sentira	4988734
meneur	4988733
tasha	4988732
installes	4988731
possedait	4988730
breve	4988729
natasha	4988728
yuki	4988727
regrettable	4988726
championne	4988725
yakuza	4988724
particuliers	4988723
savannah	4988722
leroy	4988721
sortirais	4988720
bank	4988719
montree	4988718
pseudo	4988717
kappa	4988716
nait	4988715
cachais	4988714
cafeine	4988713
ridiculiser	4988712
blinde	4988711
trainait	4988710
boulangerie	4988709
forfait	4988708
strike	4988707
hmmm	4988706
clochard	4988705
assoit	4988704
croyance	4988703
norris	4988702
appeller	4988701
ecoutant	4988700
wonder	4988699
equipements	4988698
agisse	4988697
mustang	4988696
cara	4988695
idiotes	4988694
impressionnante	4988693
fournitures	4988692
temperament	4988691
amigo	4988690
permettrait	4988689
attrapee	4988688
masters	4988687
isabella	4988686
harlem	4988685
maestro	4988684
concret	4988683
vint	4988682
clemence	4988681
escrocs	4988680
stellaire	4988679
gerber	4988678
separent	4988677
signatures	4988676
combinaisons	4988675
bluff	4988674
robbins	4988673
artificielle	4988672
gifle	4988671
capteurs	4988670
consul	4988669
posait	4988668
deviendrait	4988667
pack	4988666
ice	4988665
leaders	4988664
unit	4988663
could	4988662
set	4988661
alvarez	4988660
colonies	4988659
truque	4988658
immonde	4988657
slim	4988656
trek	4988655
essentiellement	4988654
materiaux	4988653
rejet	4988652
princeton	4988651
sentimentale	4988650
detruira	4988649
harlan	4988648
souhaitons	4988647
reilly	4988646
diplomee	4988645
puanteur	4988644
jag	4988643
cadres	4988642
inauguration	4988641
mare	4988640
permettant	4988639
mariees	4988638
prudemment	4988637
puant	4988636
rubrique	4988635
cannelle	4988634
agrandir	4988633
envies	4988632
god	4988631
tre	4988630
verrouillee	4988629
ouvertement	4988628
fantastiques	4988627
profondeurs	4988626
moule	4988625
chin	4988624
morrison	4988623
orson	4988622
clopes	4988621
semblaient	4988620
ingenierie	4988619
zen	4988618
souffrant	4988617
doucher	4988616
supprime	4988615
meprenez	4988614
defenses	4988613
affronte	4988612
crees	4988611
inquietent	4988610
bloom	4988609
malsain	4988608
ny	4988607
guet	4988606
compartiment	4988605
doues	4988604
skye	4988603
tordue	4988602
islam	4988601
timbres	4988600
buenos	4988599
aspire	4988598
renvoi	4988597
prosperite	4988596
prague	4988595
perturber	4988594
veillee	4988593
infame	4988592
orlando	4988591
serrures	4988590
decidee	4988589
optique	4988588
fumez	4988587
rendons	4988586
valve	4988585
donneront	4988584
galant	4988583
leurre	4988582
ji	4988581
ampoules	4988580
danseurs	4988579
frustration	4988578
celia	4988577
separees	4988576
exploit	4988575
dechiffrer	4988574
der	4988573
butters	4988572
respects	4988571
perso	4988570
livraisons	4988569
tanaka	4988568
canaille	4988567
intestins	4988566
finies	4988565
jethro	4988564
weston	4988563
sheridan	4988562
defait	4988561
chinatown	4988560
changerai	4988559
collant	4988558
joker	4988557
briefing	4988556
detruisez	4988555
traines	4988554
rouille	4988553
honoraires	4988552
tricheur	4988551
fargo	4988550
redaction	4988549
actionnaires	4988548
truman	4988547
sonore	4988546
apprenant	4988545
agressive	4988544
ages	4988543
playboy	4988542
cercles	4988541
reprenne	4988540
souverain	4988539
incision	4988538
inclure	4988537
mozart	4988536
laissiez	4988535
rabb	4988534
tapez	4988533
tronc	4988532
arroser	4988531
laissees	4988530
beta	4988529
defis	4988528
souche	4988527
voyaient	4988526
ecrivains	4988525
cartman	4988524
represailles	4988523
brises	4988522
bave	4988521
reperes	4988520
philly	4988519
crazy	4988518
precipite	4988517
emu	4988516
dedie	4988515
epingle	4988514
oceans	4988513
soudaine	4988512
etc	4988511
decorer	4988510
blonds	4988509
vexe	4988508
saloon	4988507
tirait	4988506
instincts	4988505
normes	4988504
tournure	4988503
infanterie	4988502
berkeley	4988501
miserables	4988500
resumer	4988499
dormirai	4988498
mascotte	4988497
frederick	4988496
utah	4988495
accelerateur	4988494
informee	4988493
reconcilier	4988492
dissuader	4988491
opium	4988490
pesos	4988489
supposition	4988488
plaisant	4988487
perturbation	4988486
roc	4988485
com	4988484
brusquement	4988483
resolue	4988482
ananas	4988481
ichi	4988480
indefiniment	4988479
marient	4988478
tranchee	4988477
inconvenient	4988476
agriculture	4988475
digitales	4988474
bide	4988473
tetue	4988472
embarrasse	4988471
surveilles	4988470
impliquant	4988469
ronge	4988468
specialistes	4988467
eclipse	4988466
disputent	4988465
moss	4988464
danemark	4988463
restauration	4988462
biche	4988461
tennessee	4988460
rembourse	4988459
virgil	4988458
tao	4988457
manie	4988456
amelioration	4988455
voyante	4988454
retablissement	4988453
signee	4988452
death	4988451
titulaire	4988450
interruption	4988449
manœuvre	4988448
charleston	4988447
crocs	4988446
divorces	4988445
dorme	4988444
causee	4988443
detournement	4988442
sentirez	4988441
lost	4988440
menes	4988439
avancent	4988438
liza	4988437
joints	4988436
land	4988435
vermont	4988434
aidiez	4988433
dex	4988432
refrigerateur	4988431
clone	4988430
munich	4988429
continuait	4988428
tirant	4988427
battra	4988426
diarrhee	4988425
emeutes	4988424
che	4988423
affamee	4988422
barbares	4988421
souterrain	4988420
geler	4988419
receptionniste	4988418
effrayes	4988417
masses	4988416
sortirait	4988415
bandeau	4988414
abed	4988413
apprenti	4988412
boxer	4988411
hectares	4988410
ram	4988409
entrainee	4988408
proposes	4988407
bethany	4988406
samson	4988405
loyale	4988404
repand	4988403
assommer	4988402
usb	4988401
recentes	4988400
sabotage	4988399
clandestins	4988398
suspense	4988397
soucies	4988396
nobel	4988395
diners	4988394
hybride	4988393
investigation	4988392
fitzgerald	4988391
bear	4988390
saufs	4988389
paralysie	4988388
sordide	4988387
epices	4988386
reflexe	4988385
snow	4988384
joies	4988383
colombie	4988382
leland	4988381
desesperes	4988380
lara	4988379
rigueur	4988378
nœuds	4988377
rae	4988376
hierarchie	4988375
temporelle	4988374
memphis	4988373
attaquez	4988372
officiels	4988371
martyr	4988370
bug	4988369
rodeo	4988368
strauss	4988367
technologies	4988366
gaius	4988365
shin	4988364
rendais	4988363
oignon	4988362
lasagnes	4988361
hormis	4988360
rassemblez	4988359
apprenait	4988358
restaurer	4988357
frotte	4988356
donneras	4988355
gerry	4988354
representait	4988353
demence	4988352
disney	4988351
aires	4988350
drapeaux	4988349
chapman	4988348
doree	4988347
dansant	4988346
preparatifs	4988345
head	4988344
divorcee	4988343
meufs	4988342
dentifrice	4988341
beuh	4988340
hilda	4988339
redonner	4988338
bombay	4988337
perturbee	4988336
courbe	4988335
dimensions	4988334
issues	4988333
thailande	4988332
grossiere	4988331
morning	4988330
ball	4988329
lambert	4988328
chemisier	4988327
remporter	4988326
defensive	4988325
loisirs	4988324
penserais	4988323
cherry	4988322
mercenaires	4988321
pulmonaire	4988320
allergies	4988319
diminue	4988318
mettes	4988317
agitee	4988316
souriant	4988315
cube	4988314
hilton	4988313
sanguins	4988312
ernest	4988311
eglises	4988310
kensi	4988309
boyle	4988308
couillon	4988307
propositions	4988306
tentent	4988305
retomber	4988304
serree	4988303
finirez	4988302
hicks	4988301
ecoutee	4988300
brochure	4988299
comedien	4988298
sebastien	4988297
perez	4988296
again	4988295
porcelaine	4988294
abimer	4988293
cheris	4988292
foutues	4988291
prenaient	4988290
correspondre	4988289
huitres	4988288
detend	4988287
deni	4988286
morse	4988285
fat	4988284
reich	4988283
proverbe	4988282
divise	4988281
gomme	4988280
mathematiques	4988279
sensationnel	4988278
masser	4988277
celebration	4988276
becker	4988275
patriote	4988274
trompais	4988273
accepterai	4988272
admet	4988271
ennuies	4988270
danseuses	4988269
hawk	4988268
obeissez	4988267
imprudent	4988266
randonnee	4988265
rivieres	4988264
descendent	4988263
habituels	4988262
deviendrai	4988261
marchands	4988260
francesca	4988259
chatouille	4988258
reproduction	4988257
implore	4988256
crocodile	4988255
blood	4988254
deguiser	4988253
silhouette	4988252
barton	4988251
penserait	4988250
cece	4988249
albums	4988248
kathleen	4988247
mmh	4988246
freud	4988245
degages	4988244
vocabulaire	4988243
confronte	4988242
flotter	4988241
rene	4988240
valu	4988239
garden	4988238
turquie	4988237
punaise	4988236
comparaitre	4988235
jed	4988234
accompagnee	4988233
estimation	4988232
douane	4988231
comprise	4988230
horace	4988229
rivers	4988228
applaudissez	4988227
transmet	4988226
resout	4988225
souple	4988224
marchais	4988223
poignardee	4988222
exclusivite	4988221
manipulation	4988220
spence	4988219
tolerer	4988218
justine	4988217
changeons	4988216
raye	4988215
marjorie	4988214
cheese	4988213
first	4988212
corey	4988211
gaches	4988210
daryl	4988209
circule	4988208
grimm	4988207
adoptee	4988206
hallucine	4988205
crevee	4988204
constater	4988203
prairie	4988202
vaille	4988201
dunham	4988200
analyste	4988199
grandissant	4988198
transpire	4988197
blaireau	4988196
contrainte	4988195
saunders	4988194
mediocre	4988193
derive	4988192
avouez	4988191
automatiquement	4988190
sketch	4988189
perdrais	4988188
injecte	4988187
vinci	4988186
gentilhomme	4988185
parlerait	4988184
duper	4988183
united	4988182
best	4988181
snob	4988180
providence	4988179
touchera	4988178
interviews	4988177
alliances	4988176
exposes	4988175
puissantes	4988174
internat	4988173
philosophe	4988172
reunit	4988171
dauphins	4988170
prodige	4988169
cavernes	4988168
diplomate	4988167
gomez	4988166
bords	4988165
pretendez	4988164
bagdad	4988163
journalisme	4988162
piqures	4988161
attarde	4988160
tournevis	4988159
petition	4988158
deserte	4988157
souffrez	4988156
brutus	4988155
conservateur	4988154
suivantes	4988153
ennemies	4988152
going	4988151
suspendre	4988150
clochette	4988149
sultan	4988148
astuce	4988147
dodge	4988146
radical	4988145
improviser	4988144
organique	4988143
irving	4988142
webb	4988141
efficaces	4988140
recrutement	4988139
manteaux	4988138
hesitation	4988137
grecque	4988136
paieras	4988135
cabaret	4988134
insultant	4988133
aideront	4988132
eileen	4988131
vestiaires	4988130
rivage	4988129
sitot	4988128
verifions	4988127
appropriee	4988126
vives	4988125
defenseur	4988124
originaux	4988123
inferieure	4988122
supposant	4988121
notaire	4988120
candidate	4988119
balivernes	4988118
samourais	4988117
expulsion	4988116
peser	4988115
malhonnete	4988114
africain	4988113
viktor	4988112
nombril	4988111
lux	4988110
ravissant	4988109
rhodes	4988108
minnesota	4988107
evites	4988106
corrections	4988105
insolent	4988104
sourds	4988103
partiras	4988102
persuadee	4988101
lucifer	4988100
hollis	4988099
vivras	4988098
applaudit	4988097
tablier	4988096
irina	4988095
won	4988094
horriblement	4988093
melvin	4988092
through	4988091
desires	4988090
pourriture	4988089
connectes	4988088
vessie	4988087
always	4988086
exemplaires	4988085
tourisme	4988084
etonnante	4988083
ecrouler	4988082
democrate	4988081
battements	4988080
donjon	4988079
buvant	4988078
mercy	4988077
cosmos	4988076
popularite	4988075
associer	4988074
rencontrez	4988073
redescendre	4988072
grove	4988071
soixante	4988070
deco	4988069
mangeais	4988068
viendriez	4988067
competent	4988066
branle	4988065
intensite	4988064
scenarios	4988063
graal	4988062
daddy	4988061
manucure	4988060
trompent	4988059
priya	4988058
romano	4988057
repense	4988056
homosexuels	4988055
pepe	4988054
cambriole	4988053
shit	4988052
geniales	4988051
tabatha	4988050
raylan	4988049
roulette	4988048
sweets	4988047
ryder	4988046
sincerite	4988045
steed	4988044
appellerait	4988043
hobby	4988042
gardant	4988041
paillettes	4988040
artificiel	4988039
degonfle	4988038
symptome	4988037
tactiques	4988036
whitey	4988035
scenariste	4988034
assassines	4988033
sauna	4988032
supers	4988031
massachusetts	4988030
operationnel	4988029
compliquees	4988028
ø	4988027
olivier	4988026
bousiller	4988025
perdras	4988024
demontrer	4988023
polie	4988022
telescope	4988021
nomination	4988020
flagrant	4988019
grissom	4988018
sushi	4988017
fae	4988016
chaperon	4988015
entendrez	4988014
alma	4988013
vulnerables	4988012
circulez	4988011
randolph	4988010
paddy	4988009
missouri	4988008
crayons	4988007
urgente	4988006
missy	4988005
decus	4988004
syd	4988003
integre	4988002
discutons	4988001
decence	4988000
ressemblant	4987999
emouvant	4987998
fuites	4987997
follement	4987996
arreteront	4987995
dicton	4987994
lil	4987993
oserais	4987992
portugais	4987991
gratos	4987990
mourez	4987989
futee	4987988
capotes	4987987
moches	4987986
emerson	4987985
imite	4987984
dignes	4987983
scotland	4987982
traitait	4987981
rejoindrai	4987980
enfreindre	4987979
alcooliques	4987978
oculaire	4987977
grossir	4987976
achetera	4987975
cabot	4987974
convaincus	4987973
statues	4987972
essayaient	4987971
dechiree	4987970
debats	4987969
etalage	4987968
rosen	4987967
rappellent	4987966
some	4987965
subconscient	4987964
columbo	4987963
crosse	4987962
infirme	4987961
inscrite	4987960
demandiez	4987959
carrefour	4987958
edo	4987957
magistrat	4987956
futures	4987955
repit	4987954
serrez	4987953
labeur	4987952
sofa	4987951
jets	4987950
eliot	4987949
athletes	4987948
rediger	4987947
fleuriste	4987946
gibier	4987945
humiliee	4987944
use	4987943
recommander	4987942
marionnettes	4987941
etonnee	4987940
carly	4987939
cate	4987938
portons	4987937
decomposition	4987936
saluez	4987935
choeur	4987934
escalader	4987933
wisconsin	4987932
detachement	4987931
universites	4987930
traditionnelle	4987929
hamptons	4987928
valse	4987927
elegance	4987926
pupilles	4987925
institutrice	4987924
folies	4987923
panda	4987922
po	4987921
cupcakes	4987920
inquietudes	4987919
dansait	4987918
lucia	4987917
partirais	4987916
power	4987915
corvee	4987914
formalite	4987913
caracteristiques	4987912
rembrandt	4987911
luna	4987910
gouvernements	4987909
distribue	4987908
frustre	4987907
joo	4987906
acquerir	4987905
rhonda	4987904
imperiale	4987903
dixieme	4987902
familiales	4987901
morty	4987900
peaux	4987899
parquet	4987898
suffisent	4987897
sanglots	4987896
epouserai	4987895
richesses	4987894
eagle	4987893
suivront	4987892
composer	4987891
alain	4987890
roulettes	4987889
amenent	4987888
rituels	4987887
ac	4987886
gloussements	4987885
stupidite	4987884
libertes	4987883
repasserai	4987882
ida	4987881
conferences	4987880
pekin	4987879
intercepte	4987878
boucherie	4987877
remerciement	4987876
basses	4987875
dream	4987874
wild	4987873
rechauffement	4987872
ginny	4987871
metteur	4987870
loyaux	4987869
parleras	4987868
baissee	4987867
rencards	4987866
determinee	4987865
arriverons	4987864
partirez	4987863
bruxelles	4987862
challenge	4987861
dobbs	4987860
moindres	4987859
tripp	4987858
then	4987857
brosser	4987856
heights	4987855
infinie	4987854
deterrer	4987853
jerome	4987852
winter	4987851
nova	4987850
interesserait	4987849
partante	4987848
addiction	4987847
olympique	4987846
bourres	4987845
doctor	4987844
competence	4987843
yoko	4987842
felicity	4987841
compatible	4987840
finiront	4987839
surveillee	4987838
maquette	4987837
genres	4987836
veteran	4987835
adorerait	4987834
noeuds	4987833
slade	4987832
pharaon	4987831
applaudir	4987830
gale	4987829
vendant	4987828
fouilles	4987827
tempe	4987826
alvin	4987825
masculine	4987824
delinquant	4987823
ajoutez	4987822
istanbul	4987821
lucide	4987820
bloquez	4987819
ambitions	4987818
dynastie	4987817
concue	4987816
ingenieux	4987815
investissements	4987814
larguee	4987813
evoque	4987812
litre	4987811
etudiantes	4987810
reside	4987809
decouvrez	4987808
depechons	4987807
cathedrale	4987806
plane	4987805
enfers	4987804
izzy	4987803
legume	4987802
touchait	4987801
kidnappeur	4987800
publicitaire	4987799
democrates	4987798
reconstruction	4987797
bouches	4987796
gonzesses	4987795
executif	4987794
minuscules	4987793
essaiera	4987792
financierement	4987791
trainent	4987790
considerant	4987789
vivantes	4987788
stationnement	4987787
coyote	4987786
repandu	4987785
drap	4987784
torpilles	4987783
protegerai	4987782
plages	4987781
byron	4987780
tonneau	4987779
pretendent	4987778
montons	4987777
money	4987776
larges	4987775
specimen	4987774
assures	4987773
doe	4987772
anomalies	4987771
churchill	4987770
rahul	4987769
migraines	4987768
passeront	4987767
skate	4987766
mourrons	4987765
gandhi	4987764
killer	4987763
excursion	4987762
kenji	4987761
prelevement	4987760
ruche	4987759
slater	4987758
tito	4987757
ahmed	4987756
odeurs	4987755
tirage	4987754
europeen	4987753
sportifs	4987752
bourgeois	4987751
caser	4987750
diagnostique	4987749
sondage	4987748
chantais	4987747
olympiques	4987746
hypotheque	4987745
strategique	4987744
montait	4987743
couille	4987742
pie	4987741
changeait	4987740
extremes	4987739
sushis	4987738
zeke	4987737
humilite	4987736
fasciste	4987735
recoivent	4987734
contribue	4987733
alf	4987732
cornichons	4987731
lunaire	4987730
oser	4987729
foutais	4987728
agiter	4987727
isolee	4987726
karev	4987725
pepin	4987724
melez	4987723
titus	4987722
gagnait	4987721
compositeur	4987720
madonna	4987719
paolo	4987718
open	4987717
gate	4987716
favorable	4987715
referme	4987714
doutez	4987713
asiatiques	4987712
around	4987711
niquer	4987710
attachez	4987709
deviendras	4987708
molle	4987707
baldwin	4987706
irruption	4987705
bright	4987704
serres	4987703
locke	4987702
alerter	4987701
maintes	4987700
dunn	4987699
culpabiliser	4987698
chandelle	4987697
revent	4987696
dwayne	4987695
remontent	4987694
manoeuvre	4987693
macho	4987692
jugee	4987691
orleans	4987690
etui	4987689
gouffre	4987688
predateurs	4987687
hoover	4987686
douteux	4987685
lobe	4987684
criminalite	4987683
insignifiant	4987682
docks	4987681
agressions	4987680
fus	4987679
meth	4987678
identifiee	4987677
forcez	4987676
space	4987675
brut	4987674
terriens	4987673
actualite	4987672
tantot	4987671
formidables	4987670
clement	4987669
recueillir	4987668
sorts	4987667
wood	4987666
dictionnaire	4987665
aubrey	4987664
menait	4987663
helicopteres	4987662
chercheurs	4987661
troie	4987660
anatomie	4987659
daily	4987658
tree	4987657
coupees	4987656
cranien	4987655
stiles	4987654
poulette	4987653
spirale	4987652
exterminer	4987651
real	4987650
brulez	4987649
rayures	4987648
jamaique	4987647
domaines	4987646
gratuites	4987645
decoupe	4987644
chanel	4987643
gratis	4987642
remplacement	4987641
culturel	4987640
spring	4987639
repondait	4987638
grottes	4987637
sachet	4987636
debrouillerai	4987635
retabli	4987634
abominable	4987633
entrera	4987632
trebuche	4987631
babord	4987630
teleportation	4987629
definitive	4987628
poursuivent	4987627
edmund	4987626
motos	4987625
bacteries	4987624
brittany	4987623
endort	4987622
inoubliable	4987621
hippies	4987620
anders	4987619
abdos	4987618
permettrai	4987617
bullock	4987616
carolyn	4987615
orthographe	4987614
chercheur	4987613
deplacee	4987612
defaillance	4987611
simuler	4987610
inverser	4987609
distingue	4987608
manifester	4987607
his	4987606
pou	4987605
aidant	4987604
cultiver	4987603
stabilite	4987602
piaule	4987601
divya	4987600
paco	4987599
manier	4987598
winters	4987597
talbot	4987596
hold	4987595
attrapent	4987594
rotation	4987593
microbes	4987592
emails	4987591
vogue	4987590
delia	4987589
excitante	4987588
ecrasee	4987587
rubis	4987586
belgique	4987585
panama	4987584
rosemary	4987583
confronter	4987582
amenerai	4987581
fouine	4987580
entieres	4987579
fields	4987578
improviste	4987577
rappelee	4987576
prouvent	4987575
croisement	4987574
echanges	4987573
garderie	4987572
noce	4987571
darius	4987570
newport	4987569
hodges	4987568
hollande	4987567
ressuscite	4987566
channel	4987565
cygne	4987564
csi	4987563
huitieme	4987562
conditionne	4987561
regions	4987560
intercepter	4987559
fowler	4987558
harmon	4987557
dispositions	4987556
vendeuse	4987555
maintiens	4987554
stressant	4987553
mire	4987552
repenser	4987551
chow	4987550
menant	4987549
master	4987548
consolation	4987547
fragment	4987546
olives	4987545
prospere	4987544
enchaine	4987543
betement	4987542
derrick	4987541
reflechissais	4987540
inculpation	4987539
echappent	4987538
pleurais	4987537
menacait	4987536
chars	4987535
decevant	4987534
remarquez	4987533
bucher	4987532
rivaliser	4987531
moustiques	4987530
dickie	4987529
autriche	4987528
effondrement	4987527
compatriotes	4987526
senior	4987525
barcelone	4987524
carrosse	4987523
macher	4987522
signifier	4987521
serge	4987520
attendrais	4987519
everett	4987518
prenoms	4987517
vladimir	4987516
pike	4987515
comprendront	4987514
relance	4987513
selfridge	4987512
virilite	4987511
eun	4987510
extorsion	4987509
losers	4987508
balayer	4987507
precieuses	4987506
sabote	4987505
mercer	4987504
tonight	4987503
naturels	4987502
fixee	4987501
discutera	4987500
surnaturel	4987499
immature	4987498
raines	4987497
decker	4987496
compensation	4987495
argile	4987494
atterrit	4987493
stern	4987492
wars	4987491
parvenu	4987490
confrontation	4987489
ruben	4987488
astrid	4987487
exquis	4987486
remettrai	4987485
gonfler	4987484
emis	4987483
contiennent	4987482
cyanure	4987481
vitale	4987480
relachez	4987479
indigenes	4987478
bing	4987477
basant	4987476
comprendrai	4987475
tai	4987474
fascinante	4987473
rencontrees	4987472
gain	4987471
baptiste	4987470
perdrez	4987469
osaka	4987468
biologiques	4987467
partiel	4987466
aluminium	4987465
separee	4987464
demarrez	4987463
yun	4987462
tamara	4987461
clarte	4987460
ecstasy	4987459
perdait	4987458
relativement	4987457
plaisez	4987456
ramirez	4987455
chico	4987454
digerer	4987453
convertir	4987452
facteurs	4987451
meyer	4987450
havane	4987449
lillian	4987448
utilisera	4987447
sacrees	4987446
tends	4987445
kidnappeurs	4987444
poetique	4987443
ephram	4987442
compliquer	4987441
anya	4987440
expansion	4987439
insuline	4987438
continu	4987437
resident	4987436
casserole	4987435
quarterback	4987434
entourent	4987433
fluides	4987432
possedent	4987431
elias	4987430
planer	4987429
vautours	4987428
supervision	4987427
routier	4987426
aboie	4987425
capuche	4987424
chanteurs	4987423
criminelles	4987422
appeliez	4987421
grossi	4987420
calories	4987419
igor	4987418
interferer	4987417
gouverne	4987416
souciez	4987415
fondations	4987414
gaucher	4987413
siffler	4987412
hanter	4987411
introduction	4987410
bouchons	4987409
conduisent	4987408
volante	4987407
brillent	4987406
turcs	4987405
demonter	4987404
tueras	4987403
chung	4987402
kristen	4987401
coquine	4987400
rite	4987399
plie	4987398
merveilleusement	4987397
odin	4987396
retournent	4987395
charmants	4987394
string	4987393
civilise	4987392
orgie	4987391
disneyland	4987390
mourut	4987389
lacets	4987388
parsons	4987387
quittait	4987386
marquez	4987385
had	4987384
diminuer	4987383
jobs	4987382
mentaux	4987381
sceptique	4987380
rassembles	4987379
observez	4987378
rouvrir	4987377
refrain	4987376
russo	4987375
maxwell	4987374
excessive	4987373
delits	4987372
vigueur	4987371
stein	4987370
ulds	4987369
plantation	4987368
clint	4987367
donnerez	4987366
apportent	4987365
starbuck	4987364
fire	4987363
fernando	4987362
paragraphe	4987361
respectez	4987360
rendes	4987359
respectueux	4987358
infliger	4987357
farrell	4987356
traverses	4987355
proviennent	4987354
staline	4987353
leela	4987352
thune	4987351
religieuses	4987350
lisent	4987349
licorne	4987348
minus	4987347
devin	4987346
die	4987345
apte	4987344
expliquera	4987343
roberta	4987342
pleuvait	4987341
soutiennent	4987340
extension	4987339
axel	4987338
tensions	4987337
chœur	4987336
contractions	4987335
carres	4987334
sat	4987333
teri	4987332
aeriennes	4987331
abattoir	4987330
placez	4987329
charabia	4987328
tueraient	4987327
ardoise	4987326
metaux	4987325
etonnamment	4987324
guillaume	4987323
ramsey	4987322
maternel	4987321
satanee	4987320
ressusciter	4987319
benevole	4987318
hilary	4987317
billes	4987316
manquais	4987315
sures	4987314
oreillers	4987313
benefique	4987312
eclaire	4987311
barrages	4987310
ga	4987309
alarmes	4987308
raccrochez	4987307
notamment	4987306
fonctionnait	4987305
dell	4987304
arrangerai	4987303
honey	4987302
constant	4987301
litteraire	4987300
genez	4987299
hobbs	4987298
desmond	4987297
dre	4987296
aimerez	4987295
hue	4987294
espaces	4987293
saouler	4987292
decidement	4987291
quotidienne	4987290
margo	4987289
annuelle	4987288
regardaient	4987287
soutif	4987286
freeman	4987285
dirigez	4987284
dirigee	4987283
ascenseurs	4987282
flora	4987281
fleming	4987280
salem	4987279
imperatrice	4987278
souler	4987277
coutumes	4987276
chiffon	4987275
buckley	4987274
mariana	4987273
implant	4987272
mettront	4987271
handicapes	4987270
surveillait	4987269
obeit	4987268
disparaitra	4987267
forrest	4987266
trahit	4987265
rice	4987264
uniques	4987263
lotus	4987262
marseille	4987261
wilfred	4987260
titanic	4987259
douanes	4987258
peins	4987257
commerciale	4987256
paierez	4987255
tribune	4987254
creativite	4987253
constantes	4987252
resterons	4987251
severement	4987250
impardonnable	4987249
embarrasser	4987248
attrapes	4987247
delais	4987246
couvercle	4987245
bronzage	4987244
plateforme	4987243
apprecions	4987242
pitt	4987241
ministres	4987240
oracle	4987239
gone	4987238
fouetter	4987237
jarvis	4987236
kendall	4987235
epaisse	4987234
troublant	4987233
brievement	4987232
decalage	4987231
hood	4987230
frappait	4987229
paternite	4987228
inventeur	4987227
winchester	4987226
ozzy	4987225
yuan	4987224
yvonne	4987223
elevage	4987222
cake	4987221
flattee	4987220
alberto	4987219
lutin	4987218
feng	4987217
ideaux	4987216
utiliserai	4987215
recoltes	4987214
lesion	4987213
bombardement	4987212
tanks	4987211
recuperation	4987210
perturbations	4987209
crasse	4987208
dimanches	4987207
fade	4987206
maturite	4987205
redige	4987204
pleurnicher	4987203
pendue	4987202
lavon	4987201
apaches	4987200
neuves	4987199
classement	4987198
deposez	4987197
jumelle	4987196
gerard	4987195
coming	4987194
troublee	4987193
laveur	4987192
saga	4987191
casques	4987190
instructeur	4987189
maddy	4987188
resistant	4987187
them	4987186
admirateur	4987185
remboursement	4987184
piment	4987183
detruisent	4987182
trouvant	4987181
peters	4987180
powers	4987179
promouvoir	4987178
chevet	4987177
empechent	4987176
cochonneries	4987175
sonnait	4987174
marnie	4987173
psycho	4987172
perspicace	4987171
flirt	4987170
alchimie	4987169
traversent	4987168
leucemie	4987167
posture	4987166
crottes	4987165
meditation	4987164
dyson	4987163
confirmee	4987162
matieres	4987161
ferguson	4987160
damne	4987159
forgeron	4987158
hallucination	4987157
durent	4987156
laverie	4987155
messie	4987154
revez	4987153
noyade	4987152
salee	4987151
swing	4987150
pulsions	4987149
intestin	4987148
eliza	4987147
partielle	4987146
landry	4987145
granger	4987144
impot	4987143
croisade	4987142
sarcastique	4987141
revaudrai	4987140
contredire	4987139
arterielle	4987138
longuement	4987137
europeens	4987136
incluant	4987135
smallville	4987134
lynch	4987133
algues	4987132
forum	4987131
temporel	4987130
amir	4987129
servis	4987128
pawnee	4987127
eliminee	4987126
aurore	4987125
salomon	4987124
leopard	4987123
im	4987122
cambrioler	4987121
demange	4987120
nationales	4987119
manson	4987118
alligator	4987117
mister	4987116
funebres	4987115
baril	4987114
brisco	4987113
plausible	4987112
successeur	4987111
imprevu	4987110
penseront	4987109
presage	4987108
placement	4987107
positifs	4987106
glamour	4987105
hydrogene	4987104
much	4987103
pi	4987102
corbeaux	4987101
princes	4987100
nino	4987099
economise	4987098
imaginons	4987097
declan	4987096
achetait	4987095
watts	4987094
conduisant	4987093
peg	4987092
marraine	4987091
veritables	4987090
eclairs	4987089
laisseras	4987088
vielle	4987087
destines	4987086
descendons	4987085
brutalite	4987084
supportes	4987083
brutalement	4987082
potentiellement	4987081
orpheline	4987080
crevette	4987079
mandats	4987078
sylvester	4987077
vipere	4987076
sovietiques	4987075
coulson	4987074
chauffeurs	4987073
distraite	4987072
enseignants	4987071
cactus	4987070
gouverner	4987069
algorithme	4987068
abattus	4987067
cologne	4987066
recreer	4987065
layla	4987064
mute	4987063
sanglant	4987062
calculer	4987061
formez	4987060
douilles	4987059
sourcier	4987058
connaitra	4987057
maquereau	4987056
kathryn	4987055
elliott	4987054
bestioles	4987053
motards	4987052
swan	4987051
jung	4987050
len	4987049
desactiver	4987048
distinction	4987047
tong	4987046
stargate	4987045
coiffer	4987044
partagez	4987043
deviendrais	4987042
buisson	4987041
couchant	4987040
pacific	4987039
grasse	4987038
blah	4987037
urne	4987036
fumait	4987035
illico	4987034
exploration	4987033
caraibes	4987032
agreables	4987031
projecteur	4987030
originaire	4987029
fondee	4987028
pipes	4987027
winnie	4987026
brevet	4987025
would	4987024
retombe	4987023
spray	4987022
europeenne	4987021
achille	4987020
elus	4987019
dorian	4987018
actrices	4987017
gagnerai	4987016
poetes	4987015
maintenu	4987014
aspirer	4987013
blocage	4987012
gestapo	4987011
traversant	4987010
camouflage	4987009
debarras	4987008
raisonnables	4987007
suicides	4987006
petra	4987005
dresse	4987004
recevrez	4987003
stricte	4987002
maquiller	4987001
infiltration	4987000
ulcere	4986999
bryant	4986998
mourrir	4986997
superficiel	4986996
insu	4986995
feeling	4986994
foutait	4986993
yan	4986992
renes	4986991
fixes	4986990
dires	4986989
siobhan	4986988
vilains	4986987
ricardo	4986986
escouade	4986985
couchez	4986984
installations	4986983
yards	4986982
vieillesse	4986981
mure	4986980
sourires	4986979
cerebrales	4986978
poliment	4986977
etiquettes	4986976
chantons	4986975
romaine	4986974
brutale	4986973
casinos	4986972
attirent	4986971
hazel	4986970
cambridge	4986969
desobei	4986968
portiez	4986967
posera	4986966
timbre	4986965
animes	4986964
ressentent	4986963
sykes	4986962
stewie	4986961
aleatoire	4986960
injecter	4986959
magic	4986958
detruites	4986957
familiere	4986956
retrouvailles	4986955
gatee	4986954
lelouch	4986953
perdais	4986952
memorable	4986951
revait	4986950
ouvrant	4986949
tite	4986948
entiers	4986947
spot	4986946
inconfortable	4986945
resolus	4986944
emilio	4986943
recoudre	4986942
croissant	4986941
devouee	4986940
froids	4986939
adhesif	4986938
immunitaire	4986937
apprise	4986936
clic	4986935
penal	4986934
eduardo	4986933
concurrent	4986932
prioritaire	4986931
securiser	4986930
pilotage	4986929
brother	4986928
changeras	4986927
true	4986926
courtier	4986925
zhang	4986924
micah	4986923
sortaient	4986922
marguerite	4986921
taxe	4986920
illegaux	4986919
bouillon	4986918
osseuse	4986917
autoritaire	4986916
ficelle	4986915
adolescence	4986914
lyon	4986913
amere	4986912
london	4986911
exiger	4986910
crosby	4986909
trame	4986908
hibou	4986907
reglez	4986906
ovni	4986905
bossais	4986904
demanda	4986903
jugez	4986902
rentreras	4986901
entendant	4986900
resynchro	4986899
piques	4986898
hoyt	4986897
britney	4986896
decida	4986895
iron	4986894
thorne	4986893
renommee	4986892
owens	4986891
collecter	4986890
exciter	4986889
geres	4986888
lustres	4986887
shillings	4986886
edison	4986885
offrons	4986884
rahl	4986883
transactions	4986882
monique	4986881
discrimination	4986880
vendra	4986879
psychologiques	4986878
attribue	4986877
refermer	4986876
presenterai	4986875
combustion	4986874
psychiatrie	4986873
absents	4986872
barbier	4986871
cdc	4986870
mcnally	4986869
financieres	4986868
made	4986867
elastique	4986866
sociopathe	4986865
swat	4986864
ingredient	4986863
charlatan	4986862
pascal	4986861
nypd	4986860
pilier	4986859
miser	4986858
approuver	4986857
dessein	4986856
vertiges	4986855
echographie	4986854
arrangements	4986853
distant	4986852
assied	4986851
charrette	4986850
mercenaire	4986849
jacobs	4986848
baronne	4986847
caillot	4986846
cecil	4986845
full	4986844
pares	4986843
ridge	4986842
roscoe	4986841
ernesto	4986840
chouchou	4986839
impossibles	4986838
ote	4986837
tripoter	4986836
versions	4986835
alimenter	4986834
reconfortant	4986833
sabots	4986832
last	4986831
participants	4986830
aucunes	4986829
licencie	4986828
hell	4986827
dash	4986826
effondree	4986825
guerriere	4986824
obscene	4986823
creent	4986822
dixie	4986821
fournis	4986820
consignes	4986819
bandage	4986818
user	4986817
hit	4986816
fallon	4986815
allegeance	4986814
meteorite	4986813
brock	4986812
sucette	4986811
mendiant	4986810
lucien	4986809
thing	4986808
intellectuel	4986807
enjeux	4986806
kayla	4986805
corvees	4986804
superficielle	4986803
nettoyez	4986802
alphabet	4986801
passionnee	4986800
trouva	4986799
perou	4986798
aeration	4986797
arrivaient	4986796
trouillard	4986795
grogne	4986794
rayna	4986793
ralentissez	4986792
yi	4986791
funebre	4986790
adele	4986789
lexi	4986788
terminees	4986787
insuffisance	4986786
apple	4986785
amenera	4986784
admettez	4986783
hulk	4986782
metallique	4986781
liquider	4986780
filets	4986779
queues	4986778
nadine	4986777
microscope	4986776
volets	4986775
mind	4986774
collaborer	4986773
territoires	4986772
siberie	4986771
field	4986770
stabiliser	4986769
alexandra	4986768
reguliere	4986767
parlerez	4986766
qualifiee	4986765
bonde	4986764
chialer	4986763
priori	4986762
cerises	4986761
ravin	4986760
coussins	4986759
andie	4986758
talentueuse	4986757
surgi	4986756
gino	4986755
radeau	4986754
arnie	4986753
sweeney	4986752
tribunaux	4986751
sponsor	4986750
hic	4986749
confirment	4986748
ouvrons	4986747
vieillit	4986746
telecharge	4986745
administrateur	4986744
raisonnement	4986743
surnomme	4986742
ouvrage	4986741
massif	4986740
interrogatoires	4986739
velos	4986738
graces	4986737
directeurs	4986736
clientes	4986735
bijouterie	4986734
reyes	4986733
oublieras	4986732
rencart	4986731
devore	4986730
reflexes	4986729
felicitation	4986728
accrochee	4986727
nouveaute	4986726
things	4986725
ballard	4986724
chu	4986723
heritiere	4986722
zoom	4986721
renvoyez	4986720
debuter	4986719
waters	4986718
communion	4986717
izzie	4986716
gong	4986715
uni	4986714
webber	4986713
infectes	4986712
raler	4986711
turtle	4986710
choisissent	4986709
femelles	4986708
signifient	4986707
insinuez	4986706
angus	4986705
passiez	4986704
reverrez	4986703
aggraver	4986702
fugitifs	4986701
lina	4986700
manquee	4986699
brouilles	4986698
offrait	4986697
scully	4986696
norton	4986695
mad	4986694
inconnues	4986693
holland	4986692
myers	4986691
clim	4986690
russel	4986689
exposee	4986688
hurlements	4986687
casa	4986686
hotch	4986685
syndicats	4986684
dev	4986683
fie	4986682
excessif	4986681
inestimable	4986680
devotion	4986679
recevons	4986678
flots	4986677
clans	4986676
superstar	4986675
bluffe	4986674
mei	4986673
races	4986672
liberty	4986671
cuddy	4986670
exigeant	4986669
plouc	4986668
index	4986667
lacs	4986666
bouffee	4986665
summers	4986664
presentations	4986663
commerciaux	4986662
gagnee	4986661
badges	4986660
ecrive	4986659
tambours	4986658
platine	4986657
seigneurie	4986656
marshals	4986655
darwin	4986654
radiateur	4986653
gemit	4986652
sup	4986651
retrouveras	4986650
sos	4986649
lue	4986648
reflete	4986647
cocher	4986646
eprouver	4986645
emet	4986644
ravitaillement	4986643
vrille	4986642
decennie	4986641
corporation	4986640
abandonnees	4986639
emettre	4986638
renversee	4986637
detache	4986636
emmerdeur	4986635
marley	4986634
sweat	4986633
deplacements	4986632
brusque	4986631
cendrier	4986630
classer	4986629
saddam	4986628
baies	4986627
depechez	4986626
paniers	4986625
camelote	4986624
frire	4986623
ruiz	4986622
rain	4986621
distributeurs	4986620
coupons	4986619
fiables	4986618
eduquer	4986617
hogan	4986616
mira	4986615
grognement	4986614
activation	4986613
bicyclette	4986612
assurez	4986611
defectueux	4986610
guichet	4986609
embrouiller	4986608
substances	4986607
tendances	4986606
avide	4986605
complets	4986604
egocentrique	4986603
far	4986602
ajuster	4986601
epuisant	4986600
tranchant	4986599
travaillera	4986598
pointure	4986597
psychique	4986596
kris	4986595
draper	4986594
incapacite	4986593
depourvu	4986592
cc	4986591
fonctionnaires	4986590
considerable	4986589
emilie	4986588
rappelait	4986587
spaghetti	4986586
heteros	4986585
comprimes	4986584
dino	4986583
please	4986582
clones	4986581
samaritain	4986580
wendell	4986579
croies	4986578
allegations	4986577
ennuye	4986576
renaitre	4986575
racisme	4986574
tempetes	4986573
tuerie	4986572
lanterne	4986571
porteuse	4986570
reines	4986569
muette	4986568
controlez	4986567
latino	4986566
relancer	4986565
pingouins	4986564
murmures	4986563
shea	4986562
gardienne	4986561
ressorti	4986560
alfredo	4986559
ecrivent	4986558
arabie	4986557
ss	4986556
arrow	4986555
colons	4986554
gigi	4986553
cutler	4986552
charmes	4986551
teleporter	4986550
sifflement	4986549
crampes	4986548
fugue	4986547
politiquement	4986546
errer	4986545
sarcasme	4986544
taj	4986543
banale	4986542
huissier	4986541
annexe	4986540
creant	4986539
reparee	4986538
saveur	4986537
instituteur	4986536
peck	4986535
affectation	4986534
brass	4986533
athenes	4986532
entite	4986531
shay	4986530
deplacent	4986529
omega	4986528
songer	4986527
boches	4986526
clare	4986525
jojo	4986524
tentait	4986523
shepard	4986522
demo	4986521
gore	4986520
valide	4986519
hung	4986518
vedettes	4986517
cholesterol	4986516
tremper	4986515
constitue	4986514
xavier	4986513
ravisseurs	4986512
cartouche	4986511
blanchir	4986510
scolarite	4986509
thea	4986508
construis	4986507
repetes	4986506
krusty	4986505
bavarde	4986504
eloge	4986503
wahou	4986502
trafique	4986501
jang	4986500
gabby	4986499
mouilles	4986498
cassez	4986497
telecharger	4986496
declencheur	4986495
centimetre	4986494
suzie	4986493
declaree	4986492
fez	4986491
lisse	4986490
devaste	4986489
fertilite	4986488
dupe	4986487
caffrey	4986486
balances	4986485
meuble	4986484
solidarite	4986483
estelle	4986482
esperance	4986481
barker	4986480
tatoue	4986479
caire	4986478
mayonnaise	4986477
roulez	4986476
dependent	4986475
roth	4986474
quantique	4986473
consideree	4986472
bmw	4986471
christie	4986470
heil	4986469
story	4986468
denis	4986467
sucreries	4986466
gifler	4986465
sin	4986464
rapprochent	4986463
devlin	4986462
chaussons	4986461
company	4986460
attendrons	4986459
contremaitre	4986458
delegue	4986457
amoche	4986456
solitaires	4986455
reforme	4986454
kyoto	4986453
horn	4986452
prolonger	4986451
arretiez	4986450
contrer	4986449
plaisanteries	4986448
diabetique	4986447
traversez	4986446
protester	4986445
bookmaker	4986444
berry	4986443
prochainement	4986442
paupieres	4986441
stylos	4986440
embrouilles	4986439
comprehensif	4986438
symbolique	4986437
coopere	4986436
anus	4986435
indemne	4986434
ada	4986433
daleks	4986432
entraider	4986431
stockholm	4986430
gueris	4986429
mechancete	4986428
wei	4986427
elimination	4986426
tact	4986425
delhi	4986424
domine	4986423
cadenas	4986422
subtile	4986421
mafieux	4986420
crabes	4986419
engagements	4986418
flottant	4986417
enrichir	4986416
primitif	4986415
baptise	4986414
viagra	4986413
rides	4986412
agressivite	4986411
menotte	4986410
amertume	4986409
protegeait	4986408
raton	4986407
paiements	4986406
uranium	4986405
adolf	4986404
portraits	4986403
homosexualite	4986402
splendeur	4986401
rachete	4986400
vito	4986399
stoppe	4986398
parametres	4986397
bossent	4986396
bbc	4986395
caracteres	4986394
banquiers	4986393
conduise	4986392
canular	4986391
calmez	4986390
corrompus	4986389
barrieres	4986388
produise	4986387
chun	4986386
bangkok	4986385
epeler	4986384
chariots	4986383
apprennes	4986382
ailo	4986381
greer	4986380
lizzy	4986379
raven	4986378
revoie	4986377
royce	4986376
pietre	4986375
wah	4986374
obese	4986373
matrice	4986372
seal	4986371
salement	4986370
evacue	4986369
sosie	4986368
buchanan	4986367
immoral	4986366
commandez	4986365
vivrez	4986364
casiers	4986363
fragiles	4986362
kono	4986361
envoyons	4986360
trio	4986359
calmants	4986358
serenite	4986357
patch	4986356
sanglier	4986355
detraque	4986354
jument	4986353
ping	4986352
dogs	4986351
cochonne	4986350
leila	4986349
democratique	4986348
payant	4986347
hubert	4986346
fichait	4986345
sortiront	4986344
exerce	4986343
ordonner	4986342
howie	4986341
profonds	4986340
herpes	4986339
dej	4986338
edouard	4986337
brandi	4986336
shaun	4986335
abu	4986334
dominique	4986333
epice	4986332
cuits	4986331
confisque	4986330
check	4986329
aaah	4986328
disparaissez	4986327
soeurette	4986326
lorna	4986325
bougre	4986324
descende	4986323
brownies	4986322
baguettes	4986321
couchais	4986320
superstition	4986319
carroll	4986318
fichons	4986317
still	4986316
laden	4986315
plaquer	4986314
wouah	4986313
barge	4986312
acceptons	4986311
paradise	4986310
valium	4986309
scrupules	4986308
beatrice	4986307
seisme	4986306
cylon	4986305
aideras	4986304
cheyenne	4986303
bernadette	4986302
amos	4986301
poilu	4986300
liqueur	4986299
elabore	4986298
flinguer	4986297
desintoxication	4986296
joanne	4986295
branlette	4986294
motivations	4986293
inhabituelle	4986292
rand	4986291
ecrases	4986290
vigile	4986289
craintes	4986288
mega	4986287
evitera	4986286
stokes	4986285
w	4986284
dormira	4986283
decouverts	4986282
fair	4986281
concentres	4986280
rendrais	4986279
nostalgie	4986278
pre	4986277
preoccupation	4986276
euphemisme	4986275
tantes	4986274
gaie	4986273
mangerais	4986272
hutch	4986271
foncez	4986270
preparais	4986269
potassium	4986268
reeducation	4986267
every	4986266
faineant	4986265
devenais	4986264
habitais	4986263
humm	4986262
conduirai	4986261
comedies	4986260
debordee	4986259
intelligentes	4986258
cupidite	4986257
astucieux	4986256
tiroirs	4986255
sanglante	4986254
initiale	4986253
pink	4986252
presentateur	4986251
posais	4986250
decapite	4986249
jouiez	4986248
better	4986247
malpoli	4986246
mu	4986245
parfums	4986244
amoureuses	4986243
pv	4986242
comprendrait	4986241
play	4986240
frappant	4986239
enervez	4986238
pharmaceutique	4986237
ravisseur	4986236
gracias	4986235
presidentielle	4986234
surveillant	4986233
norvege	4986232
ching	4986231
devenant	4986230
carreaux	4986229
rabais	4986228
muse	4986227
insinues	4986226
scolaires	4986225
redresser	4986224
something	4986223
ennuyant	4986222
michaels	4986221
upper	4986220
manqueras	4986219
substitut	4986218
pantin	4986217
carrington	4986216
violences	4986215
babylon	4986214
august	4986213
thermique	4986212
engrais	4986211
dues	4986210
alla	4986209
presidents	4986208
bavardage	4986207
cold	4986206
tech	4986205
yoon	4986204
purgatoire	4986203
brigadier	4986202
affreusement	4986201
endormis	4986200
agacant	4986199
progression	4986198
compromise	4986197
cachant	4986196
echappes	4986195
possedez	4986194
progresser	4986193
laisserez	4986192
descendus	4986191
sea	4986190
contribuer	4986189
inventee	4986188
neville	4986187
cosmique	4986186
reproduit	4986185
echappatoire	4986184
objections	4986183
mourait	4986182
perf	4986181
margie	4986180
zhao	4986179
reciter	4986178
evacuez	4986177
souhaitais	4986176
line	4986175
vendues	4986174
croirez	4986173
antiquite	4986172
tournees	4986171
kiss	4986170
sortilege	4986169
cherchera	4986168
him	4986167
choquer	4986166
mordue	4986165
renifle	4986164
intentionnellement	4986163
torpille	4986162
goutez	4986161
placards	4986160
salt	4986159
bowman	4986158
sunny	4986157
reproduise	4986156
bahamas	4986155
ecureuils	4986154
shampoing	4986153
emmy	4986152
tombees	4986151
gaspillage	4986150
innombrables	4986149
apprendrez	4986148
bossez	4986147
dingo	4986146
extase	4986145
mohammed	4986144
arreterais	4986143
fichais	4986142
panthers	4986141
artefact	4986140
stimulant	4986139
sicile	4986138
easy	4986137
bile	4986136
mcnamara	4986135
verrouiller	4986134
naissent	4986133
margarita	4986132
nothing	4986131
nocturnes	4986130
kiosque	4986129
beautes	4986128
wolfe	4986127
specifiquement	4986126
transpirer	4986125
consigne	4986124
felicia	4986123
cages	4986122
dictateur	4986121
cambriolages	4986120
redis	4986119
extremite	4986118
experimental	4986117
deballer	4986116
puceau	4986115
auggie	4986114
caid	4986113
trinquons	4986112
zizi	4986111
frequent	4986110
modifications	4986109
tranchees	4986108
precoce	4986107
school	4986106
boiteux	4986105
carcasse	4986104
sunset	4986103
fps	4986102
guitariste	4986101
cruels	4986100
miteux	4986099
industrielle	4986098
reflechissons	4986097
commet	4986096
porteurs	4986095
entrait	4986094
find	4986093
depositions	4986092
seduction	4986091
compatis	4986090
deguisee	4986089
planet	4986088
garth	4986087
finissons	4986086
redevenu	4986085
ous	4986084
raul	4986083
navale	4986082
souvenais	4986081
synthetique	4986080
arreterait	4986079
infectee	4986078
couts	4986077
cannabis	4986076
neuvieme	4986075
imperial	4986074
perplexe	4986073
hysterie	4986072
proteste	4986071
desactive	4986070
novice	4986069
glorieuse	4986068
barlow	4986067
proposez	4986066
cheeseburger	4986065
caldwell	4986064
retrouverez	4986063
glacier	4986062
carlson	4986061
penitencier	4986060
pieux	4986059
hongrois	4986058
completer	4986057
essuie	4986056
gagneras	4986055
tachez	4986054
biberon	4986053
pantoufles	4986052
wing	4986051
therese	4986050
zachary	4986049
eloignez	4986048
cubains	4986047
argenterie	4986046
gland	4986045
luka	4986044
rondes	4986043
did	4986042
ctu	4986041
huck	4986040
tofu	4986039
vancouver	4986038
regional	4986037
bled	4986036
capter	4986035
peri	4986034
zurich	4986033
judicieux	4986032
performances	4986031
mettiez	4986030
stupefiants	4986029
montecito	4986028
nique	4986027
cockpit	4986026
whitman	4986025
communisme	4986024
menacent	4986023
uid	4986022
linus	4986021
shot	4986020
tirerai	4986019
retrouvees	4986018
darnell	4986017
rejoindra	4986016
realistes	4986015
naufrage	4986014
robuste	4986013
kaylie	4986012
debarasser	4986011
barbu	4986010
christophe	4986009
periodes	4986008
mccarthy	4986007
entretuer	4986006
iceberg	4986005
tailles	4986004
toxico	4986003
creneau	4986002
obligez	4986001
pendule	4986000
comportes	4985999
historiques	4985998
discutait	4985997
tromperie	4985996
sybil	4985995
penchant	4985994
sentirai	4985993
suggerez	4985992
patientes	4985991
bizut	4985990
bordeaux	4985989
ivoire	4985988
degagee	4985987
trempee	4985986
principales	4985985
admise	4985984
recharger	4985983
recompenser	4985982
brewster	4985981
verifiais	4985980
cortex	4985979
hayden	4985978
pollution	4985977
fournisseurs	4985976
activez	4985975
hermann	4985974
visiontext	4985973
accepterais	4985972
ave	4985971
absenter	4985970
evoquer	4985969
fur	4985968
haskell	4985967
hostilite	4985966
takashi	4985965
courais	4985964
energetique	4985963
survivent	4985962
bibliothecaire	4985961
cachot	4985960
caprice	4985959
leigh	4985958
licenciement	4985957
utilisaient	4985956
ever	4985955
janine	4985954
mayday	4985953
vomit	4985952
effroyable	4985951
goodman	4985950
pinocchio	4985949
menacez	4985948
colocataires	4985947
premature	4985946
mecontent	4985945
decisif	4985944
senatrice	4985943
consideres	4985942
phenomenes	4985941
magnum	4985940
orge	4985939
stables	4985938
intervenu	4985937
gorilles	4985936
lavabo	4985935
recompenses	4985934
minces	4985933
cutter	4985932
biographie	4985931
geoff	4985930
possedee	4985929
cliniques	4985928
yeong	4985927
parchemin	4985926
satisfaits	4985925
frappent	4985924
circonstance	4985923
paries	4985922
maladroite	4985921
patins	4985920
torride	4985919
etoffe	4985918
mitzvah	4985917
coroner	4985916
abattue	4985915
inondation	4985914
quantico	4985913
attires	4985912
lirai	4985911
quincaillerie	4985910
electroniques	4985909
debrancher	4985908
souhaitent	4985907
verites	4985906
subtitles	4985905
aiderez	4985904
manquerait	4985903
infaillible	4985902
deploiement	4985901
benevolat	4985900
lus	4985899
achetees	4985898
manifestations	4985897
riait	4985896
caille	4985895
veto	4985894
millenaire	4985893
maintien	4985892
sodium	4985891
damian	4985890
avancons	4985889
perfusion	4985888
depassent	4985887
vulcain	4985886
tolere	4985885
fauches	4985884
bacterie	4985883
interrogation	4985882
bradford	4985881
detends	4985880
reveillez	4985879
entrave	4985878
gourou	4985877
collectionneur	4985876
sables	4985875
perche	4985874
cubain	4985873
dirons	4985872
confirmez	4985871
ronds	4985870
racistes	4985869
engins	4985868
modestie	4985867
repetait	4985866
salvatore	4985865
caprices	4985864
inattendue	4985863
habituelles	4985862
tex	4985861
reconsiderer	4985860
friends	4985859
clique	4985858
oncles	4985857
referai	4985856
benji	4985855
elfe	4985854
five	4985853
frousse	4985852
comportements	4985851
virtuel	4985850
quelqu	4985849
veuves	4985848
glissant	4985847
hepatite	4985846
brancard	4985845
universel	4985844
apache	4985843
afficher	4985842
norm	4985841
attaquant	4985840
beat	4985839
rejouit	4985838
chattes	4985837
larsen	4985836
paso	4985835
fong	4985834
variete	4985833
decret	4985832
impressions	4985831
enchere	4985830
insistes	4985829
blessant	4985828
marrons	4985827
aigue	4985826
optimisme	4985825
abondance	4985824
rentable	4985823
abbe	4985822
joins	4985821
tomas	4985820
manifestants	4985819
flechettes	4985818
formalites	4985817
produite	4985816
roulait	4985815
bousculer	4985814
steele	4985813
mediter	4985812
dependait	4985811
elfes	4985810
javel	4985809
anarchie	4985808
hypocrisie	4985807
coran	4985806
hematome	4985805
patientez	4985804
davy	4985803
sauvegarde	4985802
obtienne	4985801
prestation	4985800
intoxication	4985799
indiquant	4985798
eventualite	4985797
titra	4985796
irlandaise	4985795
apparement	4985794
spectateur	4985793
tourmente	4985792
detesterais	4985791
glacial	4985790
terrien	4985789
gymnastique	4985788
absorbe	4985787
andromeda	4985786
plaignant	4985785
investisseur	4985784
polaire	4985783
loretta	4985782
frequentes	4985781
annette	4985780
free	4985779
gagnais	4985778
genetiquement	4985777
lachent	4985776
unie	4985775
musculaire	4985774
valez	4985773
respectes	4985772
recuperez	4985771
jaguar	4985770
copenhague	4985769
burgers	4985768
soldes	4985767
sphere	4985766
assignation	4985765
renouveler	4985764
parais	4985763
morsures	4985762
inn	4985761
relies	4985760
jacqueline	4985759
composee	4985758
brulante	4985757
rapidite	4985756
elementaire	4985755
hamster	4985754
labos	4985753
boucan	4985752
fonctionnera	4985751
adoree	4985750
mascarade	4985749
thornton	4985748
caniveau	4985747
paroi	4985746
kalinda	4985745
islande	4985744
elargir	4985743
procure	4985742
comparable	4985741
peace	4985740
refile	4985739
cannes	4985738
attirance	4985737
assises	4985736
recommencons	4985735
cuvette	4985734
parvient	4985733
tordus	4985732
universelle	4985731
kimberly	4985730
lyla	4985729
channing	4985728
steph	4985727
avoine	4985726
etable	4985725
ziggy	4985724
apprecierait	4985723
conscients	4985722
indications	4985721
fascine	4985720
poirot	4985719
communautaire	4985718
embrassez	4985717
great	4985716
three	4985715
cheng	4985714
tyrannie	4985713
donnaient	4985712
tonya	4985711
salazar	4985710
legers	4985709
glaciere	4985708
mossad	4985707
morbide	4985706
pluies	4985705
derape	4985704
divulguer	4985703
organismes	4985702
envoyant	4985701
datant	4985700
fers	4985699
confinement	4985698
exclusive	4985697
signerai	4985696
demasque	4985695
preteur	4985694
verrous	4985693
pointu	4985692
hospice	4985691
courrez	4985690
encercle	4985689
duffy	4985688
descendants	4985687
bison	4985686
pioche	4985685
douillet	4985684
callahan	4985683
penitence	4985682
discutez	4985681
inspirez	4985680
katya	4985679
maillots	4985678
survivrai	4985677
eveiller	4985676
singapour	4985675
reconciliation	4985674
occidentale	4985673
crampe	4985672
poursuivis	4985671
portugal	4985670
tiendrais	4985669
lassie	4985668
torches	4985667
rationnel	4985666
embouteillages	4985665
changeant	4985664
fascistes	4985663
snake	4985662
bourses	4985661
moquait	4985660
pine	4985659
ulysse	4985658
garantit	4985657
essayerai	4985656
corrige	4985655
photographes	4985654
scanners	4985653
troll	4985652
sacoche	4985651
mettras	4985650
dusty	4985649
vainqueurs	4985648
heberger	4985647
chaudiere	4985646
poole	4985645
ecoutiez	4985644
fondement	4985643
jouee	4985642
saisissez	4985641
davey	4985640
larkin	4985639
encens	4985638
sotte	4985637
vi	4985636
australien	4985635
utilisais	4985634
gotta	4985633
tori	4985632
mente	4985631
stay	4985630
violentes	4985629
soprano	4985628
passerons	4985627
controlee	4985626
hansen	4985625
laisserons	4985624
capitalisme	4985623
manquante	4985622
isoles	4985621
garrison	4985620
donnelly	4985619
ambulanciers	4985618
after	4985617
grabuge	4985616
marquee	4985615
instantanement	4985614
idem	4985613
obtiennent	4985612
fuient	4985611
orion	4985610
laurent	4985609
faches	4985608
grandement	4985607
revues	4985606
propage	4985605
drama	4985604
harm	4985603
impulsif	4985602
alimentaires	4985601
brenner	4985600
repertoire	4985599
hurlait	4985598
attendront	4985597
pharmacien	4985596
kingsley	4985595
chiante	4985594
senateurs	4985593
illustre	4985592
sandales	4985591
canadiens	4985590
purge	4985589
atouts	4985588
lister	4985587
reprennent	4985586
talk	4985585
romantisme	4985584
directives	4985583
epique	4985582
recommandations	4985581
vomis	4985580
bach	4985579
pizzeria	4985578
seo	4985577
foraine	4985576
mutants	4985575
buy	4985574
tatie	4985573
ancetre	4985572
sox	4985571
hiro	4985570
nah	4985569
gendarmes	4985568
goldman	4985567
recueilli	4985566
durable	4985565
toxines	4985564
racontais	4985563
titan	4985562
auxiliaire	4985561
tampons	4985560
surmonte	4985559
essentielle	4985558
couterait	4985557
bee	4985556
brillantes	4985555
kung	4985554
envahit	4985553
previsions	4985552
aeroports	4985551
wilhelmina	4985550
cincinnati	4985549
atteindra	4985548
pretty	4985547
jd	4985546
enregistres	4985545
videz	4985544
sinatra	4985543
raffine	4985542
omis	4985541
deviendront	4985540
hawks	4985539
tordre	4985538
eiffel	4985537
boirai	4985536
canaux	4985535
hut	4985534
newark	4985533
sacha	4985532
endurance	4985531
ultimatum	4985530
transferee	4985529
arrachee	4985528
gigolo	4985527
domination	4985526
figures	4985525
popcorn	4985524
galles	4985523
captures	4985522
sonnent	4985521
debordes	4985520
congele	4985519
revision	4985518
berner	4985517
retrouverons	4985516
capitole	4985515
reveur	4985514
indifferent	4985513
preferait	4985512
gunther	4985511
duquel	4985510
fall	4985509
lunes	4985508
sportive	4985507
arturo	4985506
publication	4985505
wyoming	4985504
gaspille	4985503
fissure	4985502
brandt	4985501
vigilant	4985500
carrieres	4985499
romps	4985498
marx	4985497
cedric	4985496
memorial	4985495
habitant	4985494
injections	4985493
cloue	4985492
ivrognes	4985491
francoise	4985490
melancolique	4985489
raja	4985488
racontee	4985487
destructeur	4985486
huang	4985485
viviez	4985484
tomba	4985483
abat	4985482
tourbillon	4985481
braguette	4985480
dina	4985479
savants	4985478
servirai	4985477
courtois	4985476
apercois	4985475
importait	4985474
foireux	4985473
familiaux	4985472
opposee	4985471
depots	4985470
cobaye	4985469
prospectus	4985468
maroc	4985467
religions	4985466
rodrigo	4985465
censure	4985464
massages	4985463
pommade	4985462
mao	4985461
procuration	4985460
nichols	4985459
transparent	4985458
nbc	4985457
viols	4985456
cartwright	4985455
synchronisation	4985454
zele	4985453
tremblements	4985452
budapest	4985451
censees	4985450
respirateur	4985449
embrassent	4985448
attractions	4985447
abbey	4985446
dougie	4985445
mœurs	4985444
demolition	4985443
saturation	4985442
souviennent	4985441
poutre	4985440
tabouret	4985439
jaime	4985438
otan	4985437
millimetres	4985436
exemples	4985435
deduis	4985434
collectionne	4985433
vacarme	4985432
gertrude	4985431
tronconneuse	4985430
moustique	4985429
payees	4985428
fracas	4985427
incompetence	4985426
burrito	4985425
differends	4985424
absorber	4985423
neela	4985422
declenchee	4985421
maritime	4985420
sergei	4985419
prestige	4985418
jargon	4985417
swanson	4985416
piratage	4985415
calmant	4985414
naval	4985413
fe	4985412
lowell	4985411
contamination	4985410
repentir	4985409
pediatre	4985408
cirer	4985407
souhaitait	4985406
envergure	4985405
quarts	4985404
traceur	4985403
initiation	4985402
mayo	4985401
bentley	4985400
walters	4985399
mulder	4985398
routiere	4985397
azote	4985396
ennuierait	4985395
repondais	4985394
petards	4985393
galop	4985392
crisse	4985391
hopper	4985390
tristan	4985389
chargera	4985388
reddington	4985387
assembler	4985386
degout	4985385
arteres	4985384
albuquerque	4985383
than	4985382
banquette	4985381
desarme	4985380
brigands	4985379
rygel	4985378
diables	4985377
talibans	4985376
secu	4985375
plaignent	4985374
simplicite	4985373
rourke	4985372
emmenais	4985371
moleculaire	4985370
neiges	4985369
impensable	4985368
inventions	4985367
narcotiques	4985366
superviser	4985365
foutrement	4985364
larbin	4985363
branchee	4985362
gachez	4985361
legeres	4985360
rations	4985359
hologramme	4985358
marla	4985357
jockey	4985356
sacramento	4985355
pansements	4985354
livree	4985353
exotiques	4985352
chirurgicale	4985351
soignee	4985350
apportee	4985349
peloter	4985348
ventilateur	4985347
concitoyens	4985346
davies	4985345
lancelot	4985344
raceman	4985343
roxanne	4985342
brouiller	4985341
retrouvons	4985340
salsa	4985339
terminus	4985338
partageait	4985337
luigi	4985336
depens	4985335
solaires	4985334
approvisionnement	4985333
corporelle	4985332
mess	4985331
automatiques	4985330
couvres	4985329
freya	4985328
jetterai	4985327
distractions	4985326
blacks	4985325
poursuivons	4985324
punit	4985323
pornographie	4985322
mackey	4985321
skywalker	4985320
hades	4985319
oleg	4985318
confortablement	4985317
psychose	4985316
janie	4985315
offrande	4985314
mendoza	4985313
intendant	4985312
passa	4985311
urbaine	4985310
vieillis	4985309
ecouterai	4985308
rocco	4985307
acclamations	4985306
veuf	4985305
tope	4985304
teniez	4985303
respiratoires	4985302
amulette	4985301
interrogee	4985300
organisations	4985299
enigmes	4985298
vocal	4985297
racket	4985296
intervient	4985295
freine	4985294
independants	4985293
lointaine	4985292
conteneur	4985291
exorcisme	4985290
marlowe	4985289
mamma	4985288
vecue	4985287
elise	4985286
rivaux	4985285
lourdement	4985284
toucherai	4985283
israeliens	4985282
salvador	4985281
trier	4985280
surcharge	4985279
poursuivie	4985278
bougeait	4985277
battons	4985276
concernes	4985275
tranches	4985274
japs	4985273
math	4985272
ninjas	4985271
majeurs	4985270
maxi	4985269
talyn	4985268
delicieuses	4985267
lyceens	4985266
reussira	4985265
twilight	4985264
patsy	4985263
composants	4985262
benir	4985261
pence	4985260
douille	4985259
intouchable	4985258
belge	4985257
interferences	4985256
mst	4985255
entendues	4985254
abonnement	4985253
della	4985252
aborde	4985251
nourrissent	4985250
torts	4985249
manuels	4985248
candace	4985247
aziz	4985246
yin	4985245
penelope	4985244
professionnelles	4985243
has	4985242
youpi	4985241
rayer	4985240
celine	4985239
definit	4985238
paraissent	4985237
inspiree	4985236
satisfaisant	4985235
ipod	4985234
lasers	4985233
remontee	4985232
adler	4985231
cavaliere	4985230
reservoirs	4985229
declin	4985228
fiscale	4985227
abandonnent	4985226
arctique	4985225
jupes	4985224
defendue	4985223
shadow	4985222
lys	4985221
guido	4985220
attentats	4985219
really	4985218
emportee	4985217
verrouillage	4985216
revelations	4985215
respires	4985214
prostate	4985213
humanitaire	4985212
coupent	4985211
tendres	4985210
lotion	4985209
globules	4985208
oakland	4985207
partiront	4985206
burrows	4985205
mythologie	4985204
crackers	4985203
collee	4985202
activee	4985201
fatiguer	4985200
toxine	4985199
adjudant	4985198
kristina	4985197
mutinerie	4985196
bagnoles	4985195
forge	4985194
pol	4985193
sonnez	4985192
diriges	4985191
invoquer	4985190
payson	4985189
atroces	4985188
veritablement	4985187
offrirai	4985186
confondu	4985185
cratere	4985184
book	4985183
matinale	4985182
cools	4985181
sentiez	4985180
confiee	4985179
juvenile	4985178
premedite	4985177
couteux	4985176
aptitude	4985175
chicken	4985174
hambourg	4985173
lew	4985172
mouchoirs	4985171
brighton	4985170
reservations	4985169
tae	4985168
heller	4985167
mateo	4985166
marcia	4985165
sioux	4985164
tireras	4985163
afro	4985162
murdoch	4985161
navid	4985160
melody	4985159
mangeur	4985158
avancees	4985157
blanchi	4985156
delegation	4985155
souviendrais	4985154
conjugale	4985153
logements	4985152
garza	4985151
couchent	4985150
pend	4985149
dependra	4985148
minorite	4985147
natalia	4985146
promoteur	4985145
obei	4985144
louches	4985143
funk	4985142
mechantes	4985141
quantites	4985140
traineau	4985139
designer	4985138
fiesta	4985137
constate	4985136
lisbonne	4985135
neuro	4985134
enfuient	4985133
ramassez	4985132
incompetent	4985131
furie	4985130
savourer	4985129
darby	4985128
approximativement	4985127
internationales	4985126
quebec	4985125
patrimoine	4985124
loisir	4985123
quittons	4985122
dublin	4985121
francaises	4985120
saisit	4985119
bombardiers	4985118
vetu	4985117
verrouillez	4985116
rejoignent	4985115
latte	4985114
noirceur	4985113
egoistes	4985112
contempler	4985111
imminent	4985110
nebraska	4985109
pourries	4985108
orgue	4985107
forbes	4985106
couvrent	4985105
milord	4985104
santana	4985103
luisa	4985102
barrow	4985101
accidentelle	4985100
family	4985099
craie	4985098
pride	4985097
milady	4985096
wa	4985095
bourrer	4985094
gitans	4985093
deborah	4985092
reposent	4985091
initie	4985090
foetus	4985089
annabelle	4985088
foutoir	4985087
waldorf	4985086
ewing	4985085
combustible	4985084
formee	4985083
menager	4985082
jardinage	4985081
suggerent	4985080
tuberculose	4985079
sortit	4985078
jusqu	4985077
geronimo	4985076
into	4985075
bidons	4985074
rode	4985073
deluge	4985072
lsd	4985071
chaplin	4985070
soutenue	4985069
munch	4985068
nettement	4985067
esquiver	4985066
prentiss	4985065
aigles	4985064
enervant	4985063
lennon	4985062
novak	4985061
croquer	4985060
admirez	4985059
varsovie	4985058
primaires	4985057
embarrassee	4985056
venge	4985055
motiver	4985054
ratez	4985053
luciano	4985052
papas	4985051
cultive	4985050
ham	4985049
exclue	4985048
vibre	4985047
nathaniel	4985046
surpasser	4985045
transforment	4985044
semelle	4985043
reanimation	4985042
bouchees	4985041
syphilis	4985040
maxine	4985039
faye	4985038
dirty	4985037
animale	4985036
aurora	4985035
recevait	4985034
interdites	4985033
lucie	4985032
levant	4985031
signalement	4985030
intellectuelle	4985029
fitch	4985028
chatons	4985027
tri	4985026
obscure	4985025
heriter	4985024
egoisme	4985023
accompagnez	4985022
chercherai	4985021
tige	4985020
pacha	4985019
soo	4985018
accessoire	4985017
paierais	4985016
diva	4985015
projete	4985014
finissait	4985013
touchdown	4985012
church	4985011
sonar	4985010
claquettes	4985009
transe	4985008
dancing	4985007
derby	4985006
apercoit	4985005
programmer	4985004
hagen	4985003
soute	4985002
chimiste	4985001
bienfaisance	4985000
refroidit	4984999
ruinee	4984998
coreens	4984997
culpabilise	4984996
gueuler	4984995
immenses	4984994
mathieu	4984993
riant	4984992
lonnie	4984991
reparateur	4984990
accros	4984989
neptune	4984988
pus	4984987
hernie	4984986
rejoigne	4984985
remplies	4984984
etroite	4984983
malloy	4984982
latine	4984981
sato	4984980
choisirais	4984979
elire	4984978
hostiles	4984977
probabilites	4984976
terrifiante	4984975
intervalle	4984974
expedier	4984973
semence	4984972
sedatifs	4984971
africains	4984970
reconstitution	4984969
recommencera	4984968
supporterai	4984967
escale	4984966
shogun	4984965
ourson	4984964
harnais	4984963
kms	4984962
nazes	4984961
funeraire	4984960
conserves	4984959
cory	4984958
postule	4984957
canadienne	4984956
moretti	4984955
louanges	4984954
mesquin	4984953
feminins	4984952
ivres	4984951
data	4984950
hu	4984949
obeissance	4984948
appuies	4984947
marchande	4984946
hollow	4984945
indiscret	4984944
armurerie	4984943
mitrailleuse	4984942
progeniture	4984941
defunte	4984940
obtiendrai	4984939
balancoire	4984938
viable	4984937
clodo	4984936
narcissique	4984935
guides	4984934
risquait	4984933
dudley	4984932
wilder	4984931
obtiendra	4984930
philippines	4984929
laboratoires	4984928
scofield	4984927
menus	4984926
transporteur	4984925
gagnerez	4984924
dentelle	4984923
hydra	4984922
epine	4984921
transmets	4984920
levent	4984919
chinoises	4984918
civilises	4984917
couchage	4984916
vivions	4984915
ambulant	4984914
creative	4984913
fauchee	4984912
destiny	4984911
simule	4984910
visuelle	4984909
bluebell	4984908
enquetons	4984907
occupees	4984906
balayage	4984905
aperitif	4984904
pueril	4984903
insolence	4984902
collective	4984901
flan	4984900
occident	4984899
affectueux	4984898
confonds	4984897
poignees	4984896
chochotte	4984895
abstinence	4984894
patriotes	4984893
solomon	4984892
productions	4984891
senile	4984890
musicales	4984889
trust	4984888
alphonse	4984887
volontes	4984886
aang	4984885
cappuccino	4984884
turn	4984883
repute	4984882
essaierais	4984881
reduits	4984880
bagel	4984879
emprisonnement	4984878
exagerer	4984877
visibles	4984876
preparons	4984875
hommages	4984874
conforme	4984873
programmation	4984872
aines	4984871
iis	4984870
decollete	4984869
considerent	4984868
concernait	4984867
hee	4984866
confidentielle	4984865
guerira	4984864
ouvrait	4984863
suppositions	4984862
caresses	4984861
bermudes	4984860
colon	4984859
styliste	4984858
renvoyes	4984857
reconduire	4984856
picoler	4984855
vestes	4984854
mabel	4984853
accessible	4984852
exam	4984851
acquitte	4984850
sherwood	4984849
prefererait	4984848
cherir	4984847
marqueur	4984846
marlene	4984845
seches	4984844
glasgow	4984843
entendras	4984842
civiles	4984841
idaho	4984840
passif	4984839
romero	4984838
enzo	4984837
mildred	4984836
dahlia	4984835
tapait	4984834
murdock	4984833
fondue	4984832
degoutante	4984831
perturbant	4984830
pressions	4984829
mures	4984828
aneantie	4984827
retardement	4984826
pendus	4984825
cabines	4984824
degoutes	4984823
rigolade	4984822
vandalisme	4984821
integration	4984820
cleopatre	4984819
sunshine	4984818
ride	4984817
delice	4984816
ragnar	4984815
connexions	4984814
appreciee	4984813
sœurette	4984812
arrangerait	4984811
decente	4984810
reeves	4984809
pegre	4984808
variole	4984807
joueuse	4984806
deviennes	4984805
band	4984804
bowie	4984803
fourmi	4984802
nulles	4984801
anticiper	4984800
charpentier	4984799
mobiles	4984798
entaille	4984797
quo	4984796
keen	4984795
situee	4984794
qualifies	4984793
moisissure	4984792
estimer	4984791
britta	4984790
tenace	4984789
trefle	4984788
wagons	4984787
larson	4984786
vante	4984785
renovation	4984784
truand	4984783
prelever	4984782
lavande	4984781
apportait	4984780
engagez	4984779
mutant	4984778
bille	4984777
penn	4984776
cotelettes	4984775
donneurs	4984774
bobards	4984773
plutonium	4984772
contrefacon	4984771
suites	4984770
esperent	4984769
meteorites	4984768
deterre	4984767
converti	4984766
kovac	4984765
pip	4984764
perdrait	4984763
envolee	4984762
admirais	4984761
restrictions	4984760
tahiti	4984759
exagerez	4984758
debarquent	4984757
encourageant	4984756
dependre	4984755
flanders	4984754
bambou	4984753
crypte	4984752
legaux	4984751
arrose	4984750
baisent	4984749
cerne	4984748
signor	4984747
archeveque	4984746
confesse	4984745
deduction	4984744
congo	4984743
corrompre	4984742
effectifs	4984741
bombarder	4984740
anonymat	4984739
miniature	4984738
conformement	4984737
symphonie	4984736
reporte	4984735
temperatures	4984734
aggrave	4984733
traducteur	4984732
incognito	4984731
por	4984730
hypotheses	4984729
eteintes	4984728
initial	4984727
vautour	4984726
sardines	4984725
bawk	4984724
louee	4984723
eclaireur	4984722
legue	4984721
garnison	4984720
weir	4984719
jameson	4984718
dechet	4984717
hebreu	4984716
palestine	4984715
erable	4984714
sautent	4984713
accueillons	4984712
joyeuses	4984711
compton	4984710
convaincante	4984709
basique	4984708
intimidation	4984707
imprimante	4984706
rouleaux	4984705
parvati	4984704
lan	4984703
rhetorique	4984702
rover	4984701
momo	4984700
elton	4984699
epines	4984698
contacterai	4984697
spider	4984696
merle	4984695
garanties	4984694
agresseurs	4984693
lacherai	4984692
neurones	4984691
ferree	4984690
obsedes	4984689
viking	4984688
proies	4984687
jfk	4984686
asphyxie	4984685
genocide	4984684
climatique	4984683
roubles	4984682
hearst	4984681
gaga	4984680
vista	4984679
couronnement	4984678
fabriquee	4984677
encouragements	4984676
psychopathes	4984675
fertile	4984674
dangereusement	4984673
lachete	4984672
poppy	4984671
fines	4984670
joujou	4984669
borgia	4984668
recreation	4984667
tuons	4984666
tijuana	4984665
norfolk	4984664
tribal	4984663
clifford	4984662
zhaan	4984661
ingrate	4984660
bambi	4984659
preleve	4984658
delgado	4984657
recital	4984656
suzy	4984655
depouille	4984654
executes	4984653
suer	4984652
taser	4984651
volants	4984650
effacee	4984649
shampooing	4984648
kenya	4984647
precedentes	4984646
importent	4984645
jekyll	4984644
obtiendrez	4984643
bertha	4984642
alone	4984641
decompte	4984640
banniere	4984639
meles	4984638
genetiques	4984637
explosera	4984636
donation	4984635
lexie	4984634
detenue	4984633
pionniers	4984632
transfusion	4984631
paternel	4984630
trainez	4984629
derangeait	4984628
legales	4984627
renoncez	4984626
consommer	4984625
preoccupee	4984624
trembles	4984623
truands	4984622
carpe	4984621
leave	4984620
musees	4984619
jeton	4984618
bouseux	4984617
key	4984616
maw	4984615
gunnar	4984614
nashville	4984613
myra	4984612
till	4984611
patti	4984610
deranges	4984609
altercation	4984608
hideux	4984607
infrarouge	4984606
augmentent	4984605
embetant	4984604
bandages	4984603
glauque	4984602
remettent	4984601
encouragement	4984600
puberte	4984599
soufre	4984598
wons	4984597
birgitte	4984596
semblais	4984595
vertus	4984594
calcium	4984593
etincelles	4984592
bobine	4984591
etudies	4984590
marcos	4984589
diesel	4984588
trixie	4984587
mendier	4984586
riposter	4984585
bradshaw	4984584
specifiques	4984583
provocation	4984582
detaille	4984581
weiss	4984580
remplacee	4984579
charitable	4984578
filature	4984577
ouvrirai	4984576
arriviez	4984575
delirant	4984574
poneys	4984573
ori	4984572
venere	4984571
wilcox	4984570
superieures	4984569
gratin	4984568
martyre	4984567
hampshire	4984566
revolutionnaires	4984565
battaient	4984564
abdul	4984563
catin	4984562
institutions	4984561
friandises	4984560
electorale	4984559
galilee	4984558
electromagnetique	4984557
plaines	4984556
inaccessible	4984555
honoree	4984554
officieusement	4984553
haricot	4984552
hemingway	4984551
reconstituer	4984550
taf	4984549
crus	4984548
tremblent	4984547
pouf	4984546
cbi	4984545
vendrai	4984544
bavardages	4984543
fanatique	4984542
bono	4984541
rendras	4984540
vaincus	4984539
reparlerons	4984538
vigilants	4984537
tenaient	4984536
premeditation	4984535
tondeuse	4984534
incomprehensible	4984533
atteigne	4984532
minuteur	4984531
realisateurs	4984530
atomes	4984529
sucres	4984528
allumage	4984527
attribuer	4984526
grilles	4984525
terrestres	4984524
biais	4984523
fumeur	4984522
argh	4984521
haissent	4984520
duane	4984519
roulante	4984518
comprendriez	4984517
cadence	4984516
odorat	4984515
dictature	4984514
reglons	4984513
nellie	4984512
colonnes	4984511
poe	4984510
rolling	4984509
fassions	4984508
ouep	4984507
construisent	4984506
reconnaitra	4984505
intitule	4984504
tombeur	4984503
cannon	4984502
coequipiers	4984501
flaque	4984500
internationaux	4984499
excrements	4984498
depassee	4984497
catastrophique	4984496
sagement	4984495
pensionnat	4984494
flocons	4984493
conclue	4984492
simms	4984491
anterieure	4984490
girafe	4984489
partagee	4984488
cramer	4984487
tortures	4984486
extradition	4984485
campagnes	4984484
capitaines	4984483
remplacante	4984482
chuter	4984481
singer	4984480
tucson	4984479
identifies	4984478
accusent	4984477
datent	4984476
auditeurs	4984475
jimbo	4984474
fast	4984473
incline	4984472
vo	4984471
socialiste	4984470
pendentif	4984469
nibards	4984468
taniere	4984467
viola	4984466
approchons	4984465
acolyte	4984464
matricule	4984463
inonde	4984462
seven	4984461
whit	4984460
foules	4984459
ressentait	4984458
potable	4984457
ardent	4984456
kimono	4984455
ressemblais	4984454
impulsions	4984453
vende	4984452
truite	4984451
remedes	4984450
prescrire	4984449
abriter	4984448
cheung	4984447
sommets	4984446
forage	4984445
agace	4984444
ryo	4984443
retro	4984442
sanitaire	4984441
angelina	4984440
invalide	4984439
cassent	4984438
reposez	4984437
diplomatie	4984436
warwick	4984435
uss	4984434
houdini	4984433
branch	4984432
merrick	4984431
rougir	4984430
sobriete	4984429
charlene	4984428
gnole	4984427
remarier	4984426
partirait	4984425
lunatique	4984424
projette	4984423
municipale	4984422
exclusivement	4984421
shots	4984420
repeindre	4984419
schtroumpf	4984418
rationnelle	4984417
suspens	4984416
norme	4984415
risee	4984414
empare	4984413
pochette	4984412
tuck	4984411
winslow	4984410
demode	4984409
encaisse	4984408
intersection	4984407
shake	4984406
horde	4984405
fly	4984404
tiendrait	4984403
fuyons	4984402
changerais	4984401
affichage	4984400
liverpool	4984399
fesse	4984398
pets	4984397
jp	4984396
parcelle	4984395
aval	4984394
atf	4984393
petales	4984392
cecile	4984391
oppa	4984390
aucuns	4984389
sali	4984388
conclut	4984387
magiciens	4984386
graphique	4984385
inseparables	4984384
poussait	4984383
pinte	4984382
indifference	4984381
videur	4984380
entendiez	4984379
menez	4984378
gabi	4984377
grognon	4984376
reguliers	4984375
fabriquent	4984374
opposes	4984373
mckinley	4984372
potentielle	4984371
vegetarienne	4984370
impermeable	4984369
termines	4984368
chics	4984367
explosent	4984366
passagere	4984365
gag	4984364
ecuries	4984363
body	4984362
appelleras	4984361
traitant	4984360
visant	4984359
empathie	4984358
arkansas	4984357
cullen	4984356
garfield	4984355
montrais	4984354
reperee	4984353
scelles	4984352
commandeur	4984351
receveur	4984350
gonflable	4984349
intolerable	4984348
coiffeuse	4984347
catalina	4984346
sound	4984345
vendais	4984344
lilith	4984343
pomper	4984342
cranes	4984341
haletements	4984340
dethklok	4984339
maddox	4984338
mediatique	4984337
cendre	4984336
etreinte	4984335
chouettes	4984334
cotton	4984333
civilisations	4984332
deroutant	4984331
mogo	4984330
poursuivait	4984329
payerai	4984328
berk	4984327
trina	4984326
croirai	4984325
donut	4984324
dedicace	4984323
ravoir	4984322
propice	4984321
cercueils	4984320
piller	4984319
mortimer	4984318
nada	4984317
janey	4984316
charmeur	4984315
facultes	4984314
presentable	4984313
calmera	4984312
affectee	4984311
oasis	4984310
repeterai	4984309
loges	4984308
pli	4984307
twist	4984306
deshabille	4984305
lievre	4984304
agissant	4984303
hiroshi	4984302
curieusement	4984301
oserait	4984300
remplacera	4984299
aigu	4984298
rabaisser	4984297
cidre	4984296
decapotable	4984295
frangine	4984294
egales	4984293
westen	4984292
bin	4984291
permettait	4984290
jae	4984289
requis	4984288
regale	4984287
today	4984286
debauche	4984285
crochets	4984284
mijote	4984283
foutaise	4984282
rj	4984281
horizons	4984280
saccage	4984279
egards	4984278
drain	4984277
jurez	4984276
werner	4984275
petey	4984274
anxieuse	4984273
flair	4984272
cocotte	4984271
chrono	4984270
masseur	4984269
rebondir	4984268
portion	4984267
gaston	4984266
mobilier	4984265
aorte	4984264
interface	4984263
commencerai	4984262
fiole	4984261
cuistot	4984260
bestiole	4984259
styles	4984258
echappement	4984257
impatients	4984256
syrie	4984255
mortelles	4984254
bof	4984253
brigitte	4984252
esteban	4984251
wilkes	4984250
cravates	4984249
inimaginable	4984248
leblanc	4984247
hurley	4984246
convulsions	4984245
oscars	4984244
prouverai	4984243
jupons	4984242
chasses	4984241
somnifere	4984240
dolores	4984239
ramos	4984238
violeurs	4984237
profites	4984236
smash	4984235
alfie	4984234
purger	4984233
selma	4984232
honolulu	4984231
cornell	4984230
bloody	4984229
transmissions	4984228
goliath	4984227
conway	4984226
enverront	4984225
smiley	4984224
bash	4984223
propulsion	4984222
molecules	4984221
haiti	4984220
enlevent	4984219
meprisable	4984218
dentaires	4984217
enclos	4984216
charmantes	4984215
pister	4984214
wilma	4984213
refusais	4984212
fraichement	4984211
sombrer	4984210
before	4984209
ursula	4984208
disputait	4984207
enverrait	4984206
surgit	4984205
pointee	4984204
bourgeoise	4984203
emue	4984202
surprends	4984201
coupant	4984200
cils	4984199
antarctique	4984198
experimenter	4984197
fixation	4984196
nachos	4984195
commercant	4984194
tenus	4984193
refiler	4984192
without	4984191
boulette	4984190
eminence	4984189
nudite	4984188
renforce	4984187
brulait	4984186
metropolis	4984185
rounds	4984184
vitamine	4984183
cor	4984182
gobelet	4984181
nonnes	4984180
parks	4984179
roches	4984178
apogee	4984177
sequences	4984176
hand	4984175
chopper	4984174
previent	4984173
hereditaire	4984172
oublierais	4984171
revelee	4984170
representez	4984169
debarrassee	4984168
moralement	4984167
thai	4984166
hongrie	4984165
erika	4984164
tendrement	4984163
ignoriez	4984162
corvette	4984161
iriez	4984160
skier	4984159
lucius	4984158
shield	4984157
pudeur	4984156
reflechisse	4984155
cappie	4984154
cycles	4984153
concernent	4984152
expressions	4984151
perspectives	4984150
reecrire	4984149
collaborateurs	4984148
teyla	4984147
theoriquement	4984146
infidelite	4984145
indulgent	4984144
riposte	4984143
lili	4984142
admirateurs	4984141
radars	4984140
ramenent	4984139
zelda	4984138
walk	4984137
concorde	4984136
evitons	4984135
nil	4984134
tonic	4984133
idioties	4984132
truie	4984131
comprime	4984130
paralysee	4984129
protegeais	4984128
reclament	4984127
appreciais	4984126
querelles	4984125
restants	4984124
rivera	4984123
epuisement	4984122
quota	4984121
facheux	4984120
trinquer	4984119
ecritures	4984118
exclus	4984117
pairs	4984116
composant	4984115
prierai	4984114
mortalite	4984113
myka	4984112
bipe	4984111
fuyant	4984110
atteignent	4984109
plongeon	4984108
enseignante	4984107
deficit	4984106
dense	4984105
zac	4984104
shaolin	4984103
deshonneur	4984102
motard	4984101
secheresse	4984100
diffamation	4984099
plongeur	4984098
palier	4984097
camilla	4984096
causant	4984095
soucoupe	4984094
ambrose	4984093
harceleur	4984092
mecano	4984091
aboyer	4984090
dansais	4984089
relevez	4984088
blade	4984087
deep	4984086
rin	4984085
pinceau	4984084
gringo	4984083
fillettes	4984082
wan	4984081
accepterait	4984080
conjure	4984079
oies	4984078
riggs	4984077
cinquantaine	4984076
priscilla	4984075
purcell	4984074
ebay	4984073
grillee	4984072
percee	4984071
revelent	4984070
kessler	4984069
protestation	4984068
seringues	4984067
lubrifiant	4984066
clavicule	4984065
cahill	4984064
ronfle	4984063
papoter	4984062
pourchasser	4984061
possedes	4984060
comptons	4984059
investis	4984058
densite	4984057
cesarienne	4984056
inscriptions	4984055
presentera	4984054
telespectateurs	4984053
rennes	4984052
surnoms	4984051
electricien	4984050
qualifications	4984049
conteste	4984048
tatouer	4984047
massacres	4984046
copilote	4984045
driscoll	4984044
dessinee	4984043
drames	4984042
interrogez	4984041
cooperez	4984040
pourpre	4984039
derangera	4984038
nationalite	4984037
gourde	4984036
gradins	4984035
mousquetaires	4984034
affaibli	4984033
demasquer	4984032
rainbow	4984031
terri	4984030
vaillant	4984029
gemir	4984028
finirais	4984027
futile	4984026
bonnets	4984025
ogre	4984024
eduque	4984023
grignoter	4984022
chiana	4984021
liaisons	4984020
nelly	4984019
commercants	4984018
juanita	4984017
phelps	4984016
incurable	4984015
mathilde	4984014
vaccins	4984013
tirerez	4984012
remarquee	4984011
edwin	4984010
roulement	4984009
levi	4984008
paisiblement	4984007
bache	4984006
observations	4984005
croyants	4984004
animateur	4984003
mccall	4984002
refaites	4984001
relire	4984000
exigent	4983999
bohannon	4983998
ressemblaient	4983997
bips	4983996
inapercu	4983995
vil	4983994
infernal	4983993
holocauste	4983992
pakistanais	4983991
coincidences	4983990
boulanger	4983989
cruise	4983988
hybrides	4983987
blaspheme	4983986
enveloppes	4983985
baston	4983984
tombale	4983983
maigri	4983982
rosario	4983981
hook	4983980
bong	4983979
gianni	4983978
aerodrome	4983977
adverse	4983976
eye	4983975
repartie	4983974
reincarnation	4983973
inutilement	4983972
sutures	4983971
tampa	4983970
aurevoir	4983969
greendale	4983968
allemandes	4983967
hurlement	4983966
citrons	4983965
parleront	4983964
appartenu	4983963
occuperais	4983962
hernandez	4983961
percu	4983960
cocu	4983959
armand	4983958
floue	4983957
bev	4983956
paieront	4983955
reardon	4983954
bresilien	4983953
epinards	4983952
soucieux	4983951
voute	4983950
rampant	4983949
cites	4983948
wen	4983947
grimes	4983946
diametre	4983945
reconnus	4983944
retracer	4983943
caniche	4983942
meprends	4983941
noisettes	4983940
pom	4983939
buckingham	4983938
casper	4983937
fœtus	4983936
deconseille	4983935
mache	4983934
donnerons	4983933
prelevements	4983932
insomnie	4983931
reunies	4983930
photographies	4983929
gourmand	4983928
felipe	4983927
braun	4983926
souriait	4983925
voue	4983924
appreciait	4983923
yates	4983922
disputaient	4983921
heurter	4983920
coiffe	4983919
soudoyer	4983918
guerisseur	4983917
correspondait	4983916
remorque	4983915
vifs	4983914
trique	4983913
falsifie	4983912
hour	4983911
visionnaire	4983910
plaisantait	4983909
cortege	4983908
convenir	4983907
volts	4983906
autocollant	4983905
vilaines	4983904
rassemblent	4983903
mill	4983902
geographie	4983901
slips	4983900
ressaisir	4983899
parente	4983898
gadgets	4983897
negatives	4983896
vitesses	4983895
generateurs	4983894
klingon	4983893
disparitions	4983892
lip	4983891
boira	4983890
emportez	4983889
recyclage	4983888
etablie	4983887
stimuler	4983886
rebord	4983885
agatha	4983884
issu	4983883
produira	4983882
ravages	4983881
asseyait	4983880
nappe	4983879
starling	4983878
narrateur	4983877
tiendras	4983876
grimace	4983875
importuner	4983874
inhumain	4983873
vereux	4983872
stereo	4983871
bouddhiste	4983870
juteux	4983869
princesses	4983868
retiennent	4983867
dus	4983866
dicter	4983865
aªtre	4983864
markham	4983863
hewes	4983862
milhouse	4983861
gillian	4983860
alcoolisme	4983859
accroches	4983858
colomb	4983857
dustin	4983856
sociable	4983855
dependant	4983854
masturber	4983853
gitan	4983852
leonardo	4983851
barils	4983850
cupidon	4983849
cloque	4983848
scanlon	4983847
reglera	4983846
taise	4983845
eclaireurs	4983844
defini	4983843
connection	4983842
transformes	4983841
negligent	4983840
touristique	4983839
boive	4983838
resoudra	4983837
misericordieux	4983836
graffiti	4983835
fetons	4983834
meduse	4983833
neurologique	4983832
demontre	4983831
ficher	4983830
oil	4983829
apercue	4983828
missionnaire	4983827
spears	4983826
clem	4983825
hiroshima	4983824
imitateur	4983823
potins	4983822
adoptif	4983821
bercail	4983820
gagnons	4983819
sung	4983818
schizophrene	4983817
structures	4983816
embrassait	4983815
soutirer	4983814
exacts	4983813
sachets	4983812
torturee	4983811
confidence	4983810
pearson	4983809
ti	4983808
submerge	4983807
verger	4983806
bouclee	4983805
evie	4983804
arlo	4983803
moineau	4983802
visait	4983801
cooperatif	4983800
cafetiere	4983799
scorpius	4983798
suzuki	4983797
tropicale	4983796
coalition	4983795
vertueux	4983794
logiciels	4983793
tole	4983792
matraque	4983791
ronny	4983790
deduire	4983789
concus	4983788
griffe	4983787
atteints	4983786
op	4983785
arretees	4983784
amaar	4983783
entrainant	4983782
mariera	4983781
ju	4983780
vikings	4983779
isis	4983778
preserve	4983777
mcqueen	4983776
demanderait	4983775
cardio	4983774
tourmenter	4983773
sodas	4983772
softball	4983771
cassius	4983770
occidental	4983769
reflechirai	4983768
willard	4983767
casanova	4983766
lapd	4983765
helicos	4983764
poussette	4983763
geisha	4983762
cnn	4983761
detonation	4983760
spontane	4983759
profitent	4983758
frequentait	4983757
temeraire	4983756
recuperes	4983755
carats	4983754
kali	4983753
pointent	4983752
tibet	4983751
acceptees	4983750
prouvera	4983749
sim	4983748
cerner	4983747
snipers	4983746
infecter	4983745
miki	4983744
lafayette	4983743
muscu	4983742
myrtilles	4983741
croquettes	4983740
rica	4983739
nostalgique	4983738
penetration	4983737
fury	4983736
formons	4983735
disperser	4983734
etageres	4983733
ennuyais	4983732
enflure	4983731
bretzels	4983730
antre	4983729
ade	4983728
farley	4983727
gagnerait	4983726
blabla	4983725
telepathie	4983724
appendicite	4983723
schultz	4983722
neveux	4983721
maigres	4983720
samedis	4983719
carmine	4983718
rejouer	4983717
feuilleton	4983716
emile	4983715
ecouteurs	4983714
matinal	4983713
firent	4983712
piquee	4983711
citoyenne	4983710
wilde	4983709
immortelle	4983708
lents	4983707
abandonnera	4983706
existaient	4983705
gadget	4983704
hathaway	4983703
patee	4983702
ridley	4983701
dormiras	4983700
juridiques	4983699
tru	4983698
rimmer	4983697
pediatrie	4983696
krishna	4983695
connell	4983694
referais	4983693
balais	4983692
timides	4983691
bartowski	4983690
deshonore	4983689
secouee	4983688
supporterais	4983687
cliquetis	4983686
cachemire	4983685
fay	4983684
boxeurs	4983683
vivrons	4983682
souviendras	4983681
avidite	4983680
brulera	4983679
sabres	4983678
bombarde	4983677
fondamentalement	4983676
cottage	4983675
talia	4983674
avancement	4983673
mentirai	4983672
farnsworth	4983671
pessimiste	4983670
rafe	4983669
tag	4983668
sharp	4983667
claquement	4983666
royaumes	4983665
arreteras	4983664
entamer	4983663
perir	4983662
gouine	4983661
container	4983660
accroc	4983659
parierais	4983658
travesti	4983657
suarez	4983656
epuises	4983655
epaisseur	4983654
rubans	4983653
choregraphie	4983652
coherent	4983651
croisee	4983650
nageur	4983649
willoughby	4983648
bagels	4983647
fente	4983646
conducteurs	4983645
omaha	4983644
mechamment	4983643
entoures	4983642
civiere	4983641
eradiquer	4983640
foley	4983639
crown	4983638
bigfoot	4983637
management	4983636
hypocrites	4983635
flirte	4983634
cisco	4983633
couvrira	4983632
conclus	4983631
everest	4983630
shorty	4983629
harding	4983628
paierait	4983627
urbain	4983626
inc	4983625
immiscer	4983624
verifies	4983623
interimaire	4983622
recherchait	4983621
rail	4983620
milwaukee	4983619
intraveineuse	4983618
intrepide	4983617
crockett	4983616
spontanee	4983615
debrouillera	4983614
mentalite	4983613
rugby	4983612
tiede	4983611
delaney	4983610
immigres	4983609
kristin	4983608
carmichael	4983607
realisera	4983606
roumanie	4983605
brulees	4983604
eme	4983603
water	4983602
farces	4983601
songez	4983600
cooperative	4983599
essayiez	4983598
oral	4983597
detruisant	4983596
edmond	4983595
oooh	4983594
rigide	4983593
panthere	4983592
secteurs	4983591
purifier	4983590
audiences	4983589
conjugal	4983588
collent	4983587
femur	4983586
realites	4983585
rencontreras	4983584
fraser	4983583
cavanaugh	4983582
auditionner	4983581
finesse	4983580
retires	4983579
supplice	4983578
dharma	4983577
dialogues	4983576
voyagez	4983575
avalanche	4983574
energies	4983573
pauses	4983572
nerd	4983571
descendra	4983570
sentant	4983569
tania	4983568
cuve	4983567
paf	4983566
decouvres	4983565
gogo	4983564
souches	4983563
potence	4983562
saignant	4983561
swift	4983560
worth	4983559
dickens	4983558
patinoire	4983557
langston	4983556
terrance	4983555
canette	4983554
standards	4983553
huiles	4983552
vlad	4983551
capone	4983550
rencontrons	4983549
exquise	4983548
niez	4983547
prefecture	4983546
deplacez	4983545
richardson	4983544
rehabilitation	4983543
recherchee	4983542
engendre	4983541
escobar	4983540
mahomet	4983539
stones	4983538
bro	4983537
godfrey	4983536
mous	4983535
patissier	4983534
supposez	4983533
etablit	4983532
negociateur	4983531
abs	4983530
categories	4983529
pasteque	4983528
choisira	4983527
dandy	4983526
phoque	4983525
preavis	4983524
bronson	4983523
suffiront	4983522
vasquez	4983521
egyptien	4983520
parleur	4983519
adios	4983518
mathematique	4983517
convalescence	4983516
mutile	4983515
crawley	4983514
geantes	4983513
acides	4983512
navigateur	4983511
poseur	4983510
sven	4983509
interim	4983508
dirk	4983507
immobiliere	4983506
ejecter	4983505
brouille	4983504
stocker	4983503
etudiez	4983502
repercussions	4983501
andi	4983500
sauvant	4983499
compliques	4983498
vison	4983497
hendrix	4983496
fischer	4983495
fanatiques	4983494
formel	4983493
glacage	4983492
climatisation	4983491
eclipser	4983490
excusee	4983489
reglements	4983488
dunbar	4983487
pions	4983486
ramona	4983485
jetait	4983484
recre	4983483
prothese	4983482
compote	4983481
jeanie	4983480
organises	4983479
claques	4983478
desoriente	4983477
enterrements	4983476
sot	4983475
colles	4983474
locomotive	4983473
adama	4983472
single	4983471
celebrons	4983470
chassent	4983469
cromwell	4983468
voyagent	4983467
superstitieux	4983466
dominant	4983465
intenses	4983464
lassiter	4983463
kelsey	4983462
contaminee	4983461
macbeth	4983460
changeront	4983459
berta	4983458
wilbur	4983457
troubler	4983456
repartez	4983455
lamar	4983454
contactee	4983453
aptitudes	4983452
sergio	4983451
bouclez	4983450
empechait	4983449
qualifier	4983448
sabine	4983447
sponsors	4983446
fei	4983445
recuperee	4983444
allumees	4983443
mccain	4983442
minnie	4983441
apparente	4983440
pelerins	4983439
hampton	4983438
kenzi	4983437
supportent	4983436
greffier	4983435
vogel	4983434
augure	4983433
humides	4983432
justesse	4983431
temples	4983430
exterieurs	4983429
hare	4983428
salons	4983427
dissimule	4983426
heroisme	4983425
amnesique	4983424
auguste	4983423
luxure	4983422
attachement	4983421
admissions	4983420
delilah	4983419
rites	4983418
imam	4983417
thad	4983416
india	4983415
transit	4983414
hebdomadaire	4983413
tolererai	4983412
infime	4983411
devastee	4983410
rescousse	4983409
freiner	4983408
jeffries	4983407
bungalow	4983406
mettrons	4983405
decevez	4983404
anecdote	4983403
gustav	4983402
frappera	4983401
epuiser	4983400
repli	4983399
acquisition	4983398
envol	4983397
theodore	4983396
canoe	4983395
bubba	4983394
niki	4983393
bess	4983392
morue	4983391
tiendront	4983390
linden	4983389
gingembre	4983388
penicilline	4983387
tobin	4983386
urss	4983385
chaleureuse	4983384
infernale	4983383
corinne	4983382
marisa	4983381
chino	4983380
recouvre	4983379
orthodoxe	4983378
gachee	4983377
erre	4983376
inferieurs	4983375
capsules	4983374
coqs	4983373
alejandro	4983372
barree	4983371
pietro	4983370
serial	4983369
recharge	4983368
mineures	4983367
organisent	4983366
reussisse	4983365
kimmy	4983364
montrons	4983363
victorieux	4983362
interessez	4983361
parjure	4983360
garrity	4983359
virgule	4983358
pelles	4983357
teles	4983356
desirent	4983355
joyau	4983354
fight	4983353
recoive	4983352
aboiements	4983351
bretagne	4983350
defendez	4983349
concessions	4983348
speculation	4983347
delicatesse	4983346
taquine	4983345
negros	4983344
congregation	4983343
elevees	4983342
silvia	4983341
marrants	4983340
prevenant	4983339
conner	4983338
invitez	4983337
defouler	4983336
thatcher	4983335
incertain	4983334
colette	4983333
justiciers	4983332
kings	4983331
routiers	4983330
plateaux	4983329
irreprochable	4983328
geles	4983327
calecons	4983326
clarissa	4983325
savage	4983324
josephine	4983323
flatter	4983322
contester	4983321
clairon	4983320
moeurs	4983319
cameraman	4983318
joliment	4983317
reverrais	4983316
hussein	4983315
entrepots	4983314
soulevez	4983313
empecherai	4983312
serveuses	4983311
rohit	4983310
nationaux	4983309
convenait	4983308
dane	4983307
markus	4983306
severes	4983305
concernee	4983304
adjoints	4983303
lama	4983302
reg	4983301
georgetown	4983300
biensur	4983299
yoda	4983298
rendrez	4983297
epater	4983296
branleurs	4983295
negociable	4983294
turbo	4983293
didi	4983292
lucratif	4983291
emmet	4983290
partages	4983289
antidepresseurs	4983288
carotide	4983287
cordelia	4983286
osais	4983285
delivre	4983284
algebre	4983283
immortels	4983282
marlon	4983281
escapade	4983280
meures	4983279
protegeant	4983278
finley	4983277
peintres	4983276
delinda	4983275
pops	4983274
niche	4983273
chimpanze	4983272
torchon	4983271
economiques	4983270
colliers	4983269
captivite	4983268
traumatise	4983267
verset	4983266
strategies	4983265
demarrage	4983264
conviendrait	4983263
glass	4983262
abner	4983261
irrespectueux	4983260
sections	4983259
gamines	4983258
germes	4983257
inciter	4983256
pyromane	4983255
patton	4983254
martine	4983253
pyramides	4983252
decedes	4983251
gibbons	4983250
oppression	4983249
caisson	4983248
viv	4983247
rapportent	4983246
trouvions	4983245
haineux	4983244
renifler	4983243
yay	4983242
invitees	4983241
transmetteur	4983240
alliee	4983239
mutuel	4983238
wellington	4983237
helga	4983236
appendice	4983235
reverence	4983234
aha	4983233
flack	4983232
forever	4983231
petasses	4983230
bouee	4983229
suceur	4983228
porcherie	4983227
sangsues	4983226
kumar	4983225
retrouvait	4983224
garderais	4983223
ernst	4983222
indication	4983221
infideles	4983220
davenport	4983219
garces	4983218
ay	4983217
compta	4983216
indemnites	4983215
martiens	4983214
detendue	4983213
soumise	4983212
latex	4983211
another	4983210
chassez	4983209
exauce	4983208
voyeur	4983207
reconnaitrais	4983206
vincenzo	4983205
appreciera	4983204
carr	4983203
noe	4983202
souligner	4983201
devoile	4983200
nanny	4983199
kiffe	4983198
squelettes	4983197
taggart	4983196
glandes	4983195
frits	4983194
desserts	4983193
pancreas	4983192
refugie	4983191
cortez	4983190
fr	4983189
tirons	4983188
virement	4983187
impuissance	4983186
cy	4983185
calleigh	4983184
plaine	4983183
abomination	4983182
gendarme	4983181
masquer	4983180
etonner	4983179
dempsey	4983178
reagissent	4983177
sentiers	4983176
individuelle	4983175
lexington	4983174
debit	4983173
creusez	4983172
supporters	4983171
publicites	4983170
cavite	4983169
rechute	4983168
apitoyer	4983167
grimpez	4983166
combines	4983165
espionnes	4983164
tiny	4983163
shiva	4983162
patriotisme	4983161
anguille	4983160
preventive	4983159
maltraite	4983158
epouvantail	4983157
typiquement	4983156
efforce	4983155
cuilleres	4983154
devines	4983153
disputez	4983152
lugubre	4983151
eureka	4983150
kaplan	4983149
acceptation	4983148
igs	4983147
rolls	4983146
chastete	4983145
trachee	4983144
etaler	4983143
specialisee	4983142
mount	4983141
postales	4983140
johan	4983139
left	4983138
imperatif	4983137
coureurs	4983136
doo	4983135
suisses	4983134
pretendait	4983133
commenter	4983132
oseille	4983131
ab	4983130
sanctifie	4983129
ecg	4983128
ceremonies	4983127
radieuse	4983126
mangee	4983125
doives	4983124
manquons	4983123
cabinets	4983122
manipulateur	4983121
reveniez	4983120
devil	4983119
commandements	4983118
chenille	4983117
africaine	4983116
moray	4983115
desobeir	4983114
titans	4983113
communes	4983112
biblique	4983111
amandes	4983110
catheter	4983109
nam	4983108
cochran	4983107
picard	4983106
roules	4983105
schemas	4983104
volais	4983103
mussolini	4983102
porteras	4983101
blanchiment	4983100
bienfaiteur	4983099
agressifs	4983098
augmentez	4983097
agricole	4983096
portees	4983095
zeros	4983094
janis	4983093
bly	4983092
ardeur	4983091
intersect	4983090
machette	4983089
corbeille	4983088
consomme	4983087
attaquera	4983086
sermons	4983085
pesant	4983084
ramenait	4983083
instructif	4983082
nase	4983081
bougera	4983080
elimines	4983079
failles	4983078
pariez	4983077
visee	4983076
caissier	4983075
hyun	4983074
explorateur	4983073
midwest	4983072
reporters	4983071
lightman	4983070
rale	4983069
balades	4983068
browning	4983067
silva	4983066
affut	4983065
magda	4983064
cessent	4983063
emil	4983062
detruirai	4983061
sols	4983060
preoccupations	4983059
echelons	4983058
desiree	4983057
benedict	4983056
denicher	4983055
ambulances	4983054
administratif	4983053
chandelles	4983052
carabine	4983051
orchidee	4983050
days	4983049
refugier	4983048
signifierait	4983047
lenore	4983046
redevienne	4983045
ressentiment	4983044
johanna	4983043
luxueux	4983042
arthrite	4983041
franky	4983040
adeptes	4983039
rigolais	4983038
frontal	4983037
asperger	4983036
rolex	4983035
physicien	4983034
taureaux	4983033
atrocites	4983032
autruche	4983031
clore	4983030
deploye	4983029
lachera	4983028
deguises	4983027
bloquees	4983026
genait	4983025
babylone	4983024
vivrais	4983023
toki	4983022
marierai	4983021
hardison	4983020
banjo	4983019
lowe	4983018
gilets	4983017
rendront	4983016
survive	4983015
existes	4983014
tapage	4983013
jetable	4983012
berline	4983011
patio	4983010
emotif	4983009
somnambule	4983008
shorts	4983007
battle	4983006
payais	4983005
oa	4983004
manquerez	4983003
aimante	4983002
tardive	4983001
burgess	4983000
sensei	4982999
joss	4982998
pigez	4982997
engueule	4982996
recues	4982995
edifice	4982994
recoller	4982993
ennuient	4982992
contretemps	4982991
presentait	4982990
mouth	4982989
cascades	4982988
marius	4982987
entrepreneurs	4982986
devineras	4982985
ravir	4982984
machins	4982983
desamorcer	4982982
retrouveront	4982981
dote	4982980
poulain	4982979
exceptions	4982978
mignonnes	4982977
divisions	4982976
boirais	4982975
sauts	4982974
jessi	4982973
condescendant	4982972
pilar	4982971
bruyante	4982970
delaware	4982969
senorita	4982968
refroidissement	4982967
buste	4982966
expedie	4982965
suggeres	4982964
bascule	4982963
connectee	4982962
terrorise	4982961
prejudice	4982960
volera	4982959
immigrants	4982958
broyeur	4982957
very	4982956
autographes	4982955
mules	4982954
marchander	4982953
ignorants	4982952
beka	4982951
rambo	4982950
belier	4982949
curt	4982948
schizophrenie	4982947
mefiant	4982946
encercles	4982945
habilete	4982944
explosive	4982943
vauriens	4982942
fraction	4982941
clochait	4982940
recepteur	4982939
culturelle	4982938
appartenaient	4982937
amicaux	4982936
fidel	4982935
mouse	4982934
iraient	4982933
equipee	4982932
snack	4982931
deduit	4982930
mettaient	4982929
montera	4982928
judd	4982927
niagara	4982926
repression	4982925
living	4982924
tristement	4982923
rossignol	4982922
securisez	4982921
emballee	4982920
infirmiers	4982919
yolanda	4982918
cacao	4982917
lunette	4982916
jillian	4982915
tourtereaux	4982914
kendra	4982913
quadrant	4982912
decrivez	4982911
kermit	4982910
incertitude	4982909
nemo	4982908
confiante	4982907
derouler	4982906
everybody	4982905
pourrit	4982904
aumonier	4982903
pj	4982902
crame	4982901
lecter	4982900
fixez	4982899
circulaire	4982898
rosee	4982897
krista	4982896
asteroide	4982895
secretaires	4982894
mein	4982893
eclaboussures	4982892
macgyver	4982891
kip	4982890
rentrerais	4982889
commencerons	4982888
commissions	4982887
fatigant	4982886
technologique	4982885
meyers	4982884
pooja	4982883
maxime	4982882
delphine	4982881
effaces	4982880
raquel	4982879
ukraine	4982878
fatima	4982877
detection	4982876
virtuelle	4982875
festivites	4982874
inconsciemment	4982873
poulailler	4982872
proportions	4982871
sands	4982870
blanchisserie	4982869
lezards	4982868
influent	4982867
raie	4982866
programmee	4982865
hyperespace	4982864
boyaux	4982863
soucient	4982862
peel	4982861
entorse	4982860
croiseur	4982859
abstenir	4982858
candice	4982857
dodgers	4982856
katia	4982855
guette	4982854
rapproches	4982853
remercieras	4982852
terrier	4982851
remballe	4982850
galactique	4982849
residu	4982848
athee	4982847
bartlett	4982846
reussissent	4982845
must	4982844
rincer	4982843
epicier	4982842
hs	4982841
devinettes	4982840
differencier	4982839
frannie	4982838
rappelais	4982837
conquetes	4982836
gaillard	4982835
mccann	4982834
symbolise	4982833
joanie	4982832
porterait	4982831
socrate	4982830
visibilite	4982829
tesla	4982828
baume	4982827
redemarrer	4982826
indestructible	4982825
compatibles	4982824
punaises	4982823
griff	4982822
pyjamas	4982821
rassuree	4982820
ensorcele	4982819
deplaisant	4982818
malefiques	4982817
suspicieux	4982816
redresse	4982815
prophetes	4982814
fouillent	4982813
buanderie	4982812
ojai	4982811
tvs	4982810
ports	4982809
beyrouth	4982808
hear	4982807
enrique	4982806
magot	4982805
moisson	4982804
enclin	4982803
imaginaires	4982802
korra	4982801
protectrice	4982800
bulletins	4982799
commodore	4982798
rivalite	4982797
enlevements	4982796
remarquera	4982795
vulgaires	4982794
trinque	4982793
connors	4982792
ejecte	4982791
burn	4982790
costello	4982789
guidee	4982788
supportais	4982787
foute	4982786
louisa	4982785
radiologie	4982784
flo	4982783
veranda	4982782
kern	4982781
kryptonite	4982780
ringo	4982779
viendraient	4982778
vexee	4982777
absurdite	4982776
lachee	4982775
tea	4982774
soudan	4982773
baisait	4982772
richter	4982771
confidentiels	4982770
reperage	4982769
gronde	4982768
auschwitz	4982767
repensant	4982766
debarquement	4982765
judiciaires	4982764
marmite	4982763
model	4982762
interrompue	4982761
etouffee	4982760
droides	4982759
toxicologique	4982758
ouch	4982757
filmee	4982756
escadrille	4982755
conversion	4982754
xiao	4982753
mayer	4982752
escargot	4982751
provenza	4982750
rollins	4982749
retourneras	4982748
interner	4982747
vendons	4982746
escargots	4982745
believe	4982744
enlevees	4982743
indulgence	4982742
extremites	4982741
scooby	4982740
nettoyee	4982739
karan	4982738
hallie	4982737
depanneuse	4982736
irritable	4982735
matez	4982734
goudron	4982733
vendetta	4982732
lieutenants	4982731
greenwich	4982730
bougerai	4982729
roder	4982728
apprenais	4982727
gazeuse	4982726
sceller	4982725
supportait	4982724
leeds	4982723
dicte	4982722
carlisle	4982721
angelica	4982720
gater	4982719
shooter	4982718
knicks	4982717
abats	4982716
valentina	4982715
ligote	4982714
employeurs	4982713
comptables	4982712
etourdi	4982711
lima	4982710
accrochez	4982709
harrington	4982708
tumeurs	4982707
restreint	4982706
dottie	4982705
extremistes	4982704
epouserais	4982703
rimes	4982702
approchant	4982701
surplus	4982700
lentille	4982699
martyrs	4982698
masturbation	4982697
reconquerir	4982696
lectures	4982695
delegues	4982694
puent	4982693
predecesseur	4982692
basculer	4982691
chantiers	4982690
puissances	4982689
attendus	4982688
hallucinant	4982687
selles	4982686
bertrand	4982685
conservatoire	4982684
deodorant	4982683
mefiance	4982682
significatif	4982681
iraq	4982680
chequier	4982679
surprenante	4982678
dubai	4982677
mumbai	4982676
cowboys	4982675
alden	4982674
aisement	4982673
achetant	4982672
autonome	4982671
bessie	4982670
viper	4982669
provoquee	4982668
nirvana	4982667
cornichon	4982666
maudis	4982665
condamnations	4982664
pretresse	4982663
observent	4982662
approchait	4982661
dojo	4982660
tuerez	4982659
intuber	4982658
paparazzi	4982657
organisateur	4982656
globale	4982655
scrabble	4982654
dormiez	4982653
enquetent	4982652
gouvernail	4982651
exclusif	4982650
gyneco	4982649
affront	4982648
degote	4982647
lam	4982646
etudiait	4982645
devalise	4982644
speedy	4982643
lancent	4982642
egorger	4982641
operee	4982640
isolation	4982639
francfort	4982638
poussant	4982637
interviens	4982636
reconnaissent	4982635
deconnecte	4982634
chateaux	4982633
administrer	4982632
revenues	4982631
halliwell	4982630
myrtle	4982629
lumineuse	4982628
andreas	4982627
colo	4982626
demandaient	4982625
vetue	4982624
insuffisant	4982623
olsen	4982622
kendrick	4982621
essuye	4982620
decouvrait	4982619
mourais	4982618
francesco	4982617
sauverai	4982616
improvise	4982615
hailey	4982614
continuerons	4982613
mother	4982612
mettrez	4982611
teinture	4982610
bistrot	4982609
law	4982608
convoquer	4982607
purs	4982606
interminable	4982605
endommagee	4982604
cruciale	4982603
insensee	4982602
sauvagement	4982601
selectionne	4982600
serbe	4982599
polis	4982598
kowalski	4982597
comparee	4982596
sanjay	4982595
deplaces	4982594
citations	4982593
elmo	4982592
orientale	4982591
epiniere	4982590
entendons	4982589
sexiste	4982588
cloud	4982587
ether	4982586
galeries	4982585
profitons	4982584
podium	4982583
ritz	4982582
enregistrees	4982581
lamb	4982580
huey	4982579
soupconner	4982578
amenait	4982577
testosterone	4982576
josef	4982575
lambeaux	4982574
underwood	4982573
heck	4982572
beneficier	4982571
macabre	4982570
echeance	4982569
survis	4982568
bourdonnement	4982567
hammer	4982566
superiorite	4982565
reposes	4982564
nurse	4982563
airlines	4982562
votent	4982561
degustation	4982560
control	4982559
bise	4982558
om	4982557
enverrais	4982556
gaines	4982555
liberal	4982554
corail	4982553
detruirait	4982552
paysages	4982551
levera	4982550
souviennes	4982549
adrianna	4982548
thorpe	4982547
tachycardie	4982546
stocks	4982545
adorerai	4982544
ressemblerait	4982543
borne	4982542
persiste	4982541
cagoule	4982540
intimide	4982539
vibration	4982538
aligner	4982537
insultez	4982536
vibrer	4982535
federales	4982534
psychologiquement	4982533
recoins	4982532
exterieures	4982531
warrick	4982530
paysanne	4982529
fele	4982528
peage	4982527
jetant	4982526
moustaches	4982525
levons	4982524
sayid	4982523
baleze	4982522
reuben	4982521
souffrante	4982520
mansfield	4982519
garland	4982518
vannes	4982517
joui	4982516
veilleuse	4982515
caracteristique	4982514
interference	4982513
oubliees	4982512
sornettes	4982511
brisees	4982510
sus	4982509
acharne	4982508
rompt	4982507
johann	4982506
respirait	4982505
reconforte	4982504
resistants	4982503
foutons	4982502
expresso	4982501
tarifs	4982500
corbett	4982499
coulait	4982498
contactera	4982497
dinah	4982496
alternatives	4982495
chameaux	4982494
pollen	4982493
paiens	4982492
regent	4982491
trick	4982490
piquant	4982489
coffret	4982488
instruit	4982487
amazone	4982486
fourrures	4982485
defonces	4982484
desarmer	4982483
mandarin	4982482
detruise	4982481
venezuela	4982480
ambitieuse	4982479
simultanement	4982478
reconnaisse	4982477
tj	4982476
teton	4982475
barjo	4982474
cousu	4982473
agirait	4982472
adequat	4982471
debutante	4982470
barbeles	4982469
choisisse	4982468
bombardements	4982467
nicholson	4982466
honteuse	4982465
implante	4982464
armer	4982463
acheterais	4982462
desirais	4982461
chargerai	4982460
infections	4982459
soutenez	4982458
decapiter	4982457
decorateur	4982456
cup	4982455
questionne	4982454
rab	4982453
gob	4982452
empechez	4982451
refusera	4982450
revus	4982449
adriana	4982448
dechirure	4982447
enquetez	4982446
diversite	4982445
amusais	4982444
filiale	4982443
authenticite	4982442
recevras	4982441
curly	4982440
chanterai	4982439
otez	4982438
milly	4982437
lira	4982436
stores	4982435
ue	4982434
cosmo	4982433
televise	4982432
confortables	4982431
eisenhower	4982430
gaule	4982429
recouvrir	4982428
incarcere	4982427
debutants	4982426
magnat	4982425
peinte	4982424
habitat	4982423
tapettes	4982422
partition	4982421
canton	4982420
ridiculise	4982419
kylie	4982418
irwin	4982417
fument	4982416
autodestruction	4982415
fisk	4982414
complication	4982413
taquiner	4982412
intacts	4982411
deployer	4982410
abbaye	4982409
decourager	4982408
couvertes	4982407
vieillards	4982406
corp	4982405
flasque	4982404
semelles	4982403
confidentielles	4982402
faces	4982401
mcdonald	4982400
agneaux	4982399
custer	4982398
impolie	4982397
quincy	4982396
inscrits	4982395
chapitres	4982394
accomplissement	4982393
kemp	4982392
epingles	4982391
sautant	4982390
rie	4982389
jimi	4982388
hutte	4982387
subvenir	4982386
marian	4982385
aquatique	4982384
emmenerais	4982383
causent	4982382
camden	4982381
reliee	4982380
daria	4982379
satin	4982378
demenages	4982377
benite	4982376
parrish	4982375
radieux	4982374
vapeurs	4982373
cop	4982372
tourments	4982371
hotesses	4982370
jumper	4982369
coyotes	4982368
allier	4982367
coordination	4982366
frite	4982365
pieuvre	4982364
angelique	4982363
apprenons	4982362
ronger	4982361
robby	4982360
manigance	4982359
berceuse	4982358
epousera	4982357
fraicheur	4982356
clebs	4982355
precede	4982354
amelioree	4982353
niko	4982352
birmingham	4982351
inquietante	4982350
precipitation	4982349
truffes	4982348
sonja	4982347
clandestine	4982346
ration	4982345
confirmera	4982344
defaites	4982343
enquetait	4982342
repandue	4982341
souciait	4982340
eppes	4982339
regaler	4982338
voisines	4982337
createurs	4982336
projeter	4982335
lieues	4982334
tariq	4982333
tenebreux	4982332
deputes	4982331
existais	4982330
helice	4982329
mordent	4982328
amish	4982327
joxer	4982326
trombone	4982325
therapeutique	4982324
mouillees	4982323
circulent	4982322
gemissement	4982321
refroidi	4982320
subis	4982319
ltalie	4982318
reddition	4982317
bolton	4982316
larissa	4982315
vengeur	4982314
mystic	4982313
salami	4982312
imaginait	4982311
saignements	4982310
dispensaire	4982309
ares	4982308
miaou	4982307
ludwig	4982306
macdonald	4982305
normandie	4982304
crowder	4982303
olaf	4982302
rapportera	4982301
quittais	4982300
tram	4982299
crade	4982298
bols	4982297
tuais	4982296
ressemblera	4982295
forman	4982294
goldberg	4982293
restaient	4982292
retravailler	4982291
fiancer	4982290
payons	4982289
dosage	4982288
achetais	4982287
lutz	4982286
restees	4982285
braddock	4982284
redescends	4982283
albany	4982282
valets	4982281
tondre	4982280
bedford	4982279
bequilles	4982278
repartis	4982277
name	4982276
should	4982275
padre	4982274
immobiliers	4982273
blanca	4982272
blindee	4982271
minutieux	4982270
frobisher	4982269
prunes	4982268
patrouiller	4982267
loomis	4982266
frustree	4982265
graver	4982264
invoque	4982263
darlene	4982262
methane	4982261
beautiful	4982260
alligators	4982259
miraculeux	4982258
safari	4982257
silicone	4982256
replicateurs	4982255
calvaire	4982254
weber	4982253
horse	4982252
considerablement	4982251
robertson	4982250
achevee	4982249
intellectuels	4982248
lyceen	4982247
ibrahim	4982246
posant	4982245
rave	4982244
esperions	4982243
manigances	4982242
ordonnances	4982241
transportait	4982240
filon	4982239
memoriser	4982238
finales	4982237
rochelle	4982236
affaiblit	4982235
bouscule	4982234
infantile	4982233
rosalie	4982232
chavez	4982231
connaisses	4982230
martinis	4982229
nakamura	4982228
speech	4982227
pelerinage	4982226
corn	4982225
vivrait	4982224
retombees	4982223
lepreux	4982222
tourte	4982221
forrester	4982220
depouiller	4982219
notoire	4982218
orchidees	4982217
tricia	4982216
tigresse	4982215
gais	4982214
theorique	4982213
halo	4982212
feministe	4982211
pondre	4982210
enfoui	4982209
homards	4982208
jaffa	4982207
ouvriere	4982206
davidson	4982205
osent	4982204
beecher	4982203
grossit	4982202
hadji	4982201
galaxies	4982200
amiable	4982199
caddie	4982198
yvette	4982197
carpenter	4982196
capitaliste	4982195
prestigieux	4982194
esquive	4982193
antennes	4982192
piercing	4982191
deciderai	4982190
arsenic	4982189
motors	4982188
partiellement	4982187
perceuse	4982186
shoot	4982185
intubation	4982184
sensass	4982183
starbucks	4982182
entretient	4982181
proprete	4982180
pond	4982179
cameleon	4982178
elaborer	4982177
renier	4982176
esposito	4982175
lucious	4982174
docile	4982173
corrompue	4982172
licencier	4982171
aplomb	4982170
tiendrons	4982169
bean	4982168
echapperas	4982167
patisseries	4982166
appats	4982165
borgne	4982164
adjointe	4982163
braqueurs	4982162
renale	4982161
kruger	4982160
manchot	4982159
rapprochee	4982158
amendes	4982157
sortirons	4982156
ennuyait	4982155
abdominale	4982154
postal	4982153
tee	4982152
accordeon	4982151
glory	4982150
dysfonctionnement	4982149
capteur	4982148
rhinoceros	4982147
inserer	4982146
laitue	4982145
negliger	4982144
narines	4982143
avertie	4982142
liberaux	4982141
annabeth	4982140
miches	4982139
icone	4982138
depanner	4982137
vapes	4982136
gogh	4982135
bouleverser	4982134
cherchions	4982133
sylvie	4982132
boogie	4982131
caprica	4982130
radicale	4982129
quitterais	4982128
emprisonner	4982127
arnaqueur	4982126
hendricks	4982125
propager	4982124
tendez	4982123
cannibales	4982122
observait	4982121
arrosage	4982120
ste	4982119
apparus	4982118
requise	4982117
deserteur	4982116
saintes	4982115
nigaud	4982114
descendait	4982113
calmos	4982112
epingler	4982111
joignez	4982110
truth	4982109
footballeur	4982108
suspicion	4982107
poivrot	4982106
productrice	4982105
clarice	4982104
envoyais	4982103
marlo	4982102
sanguinaire	4982101
coquillages	4982100
mouettes	4982099
asher	4982098
frequentations	4982097
jagger	4982096
samir	4982095
remission	4982094
ateliers	4982093
criais	4982092
kellerman	4982091
nabot	4982090
seaux	4982089
connaissions	4982088
raina	4982087
rade	4982086
larves	4982085
balaye	4982084
zebre	4982083
beaver	4982082
reacteurs	4982081
arrogante	4982080
abaisser	4982079
interception	4982078
crepe	4982077
tentons	4982076
disputee	4982075
anti	4982074
bancs	4982073
baisses	4982072
formelle	4982071
versement	4982070
dalia	4982069
brochures	4982068
presidentiel	4982067
pharmaceutiques	4982066
kimmie	4982065
hydraulique	4982064
viseur	4982063
elder	4982062
courtisane	4982061
ryu	4982060
staten	4982059
suiviez	4982058
bosnie	4982057
ploucs	4982056
libido	4982055
enlevera	4982054
officielles	4982053
prevus	4982052
scottie	4982051
moses	4982050
logistique	4982049
degaine	4982048
hospitalise	4982047
redonne	4982046
tournera	4982045
plaquee	4982044
crocodiles	4982043
christa	4982042
anthrax	4982041
injustement	4982040
etudiais	4982039
remercies	4982038
kangourou	4982037
mendiants	4982036
debarrasses	4982035
mann	4982034
monts	4982033
variables	4982032
food	4982031
storm	4982030
gardiez	4982029
pesait	4982028
bride	4982027
evidentes	4982026
decombres	4982025
discutent	4982024
cambrioleurs	4982023
couchette	4982022
apos	4982021
professionnellement	4982020
battante	4982019
peureux	4982018
canari	4982017
jurons	4982016
adorez	4982015
rencontrera	4982014
monture	4982013
socialement	4982012
mueller	4982011
risquerait	4982010
prescott	4982009
concombre	4982008
guthrie	4982007
clocher	4982006
coupera	4982005
celibat	4982004
tracas	4982003
marecage	4982002
natal	4982001
daim	4982000
jasmin	4981999
sabot	4981998
healy	4981997
nettoyant	4981996
egan	4981995
contagieuse	4981994
beaumont	4981993
crim	4981992
contactes	4981991
damnes	4981990
block	4981989
falaises	4981988
chuchote	4981987
torchwood	4981986
cocon	4981985
lutins	4981984
affrontement	4981983
basketball	4981982
intentionnel	4981981
anubis	4981980
cupcake	4981979
serviront	4981978
precher	4981977
arjun	4981976
kravitz	4981975
verbe	4981974
bingum	4981973
milligrammes	4981972
reintegrer	4981971
abouti	4981970
patiner	4981969
piliers	4981968
malaria	4981967
cove	4981966
format	4981965
mazel	4981964
opportun	4981963
milos	4981962
rigolent	4981961
affreuses	4981960
developpee	4981959
epiler	4981958
musulmane	4981957
evi	4981956
dissoudre	4981955
decoder	4981954
poursuivra	4981953
tricot	4981952
billings	4981951
humblement	4981950
cryptage	4981949
sanction	4981948
solennellement	4981947
utilisateur	4981946
coreenne	4981945
corse	4981944
dring	4981943
associations	4981942
etablis	4981941
chaz	4981940
vanne	4981939
odessa	4981938
transmettez	4981937
hypertension	4981936
confrontes	4981935
ovale	4981934
effrayants	4981933
revint	4981932
steiner	4981931
feinte	4981930
friend	4981929
civiques	4981928
diaboliques	4981927
perdante	4981926
vern	4981925
pietiner	4981924
coulent	4981923
fromages	4981922
paradoxe	4981921
ruthie	4981920
souvenue	4981919
debarques	4981918
tonneaux	4981917
occupant	4981916
penderie	4981915
jettera	4981914
lockwood	4981913
yves	4981912
whiskey	4981911
palestiniens	4981910
prouvant	4981909
affirment	4981908
casseroles	4981907
liang	4981906
angoisses	4981905
raffut	4981904
carapace	4981903
sancho	4981902
defenseurs	4981901
impliquees	4981900
plongeurs	4981899
radioactif	4981898
polices	4981897
stevenson	4981896
chronologie	4981895
surgir	4981894
neutralise	4981893
inscris	4981892
devaliser	4981891
reveillent	4981890
bouillante	4981889
amputer	4981888
eventail	4981887
alina	4981886
croustillant	4981885
saignez	4981884
ecrivant	4981883
everything	4981882
assassinats	4981881
doutait	4981880
guidage	4981879
averer	4981878
jeudis	4981877
anticorps	4981876
teuf	4981875
tomberont	4981874
cessera	4981873
brand	4981872
fierement	4981871
kato	4981870
entrejambe	4981869
funky	4981868
scylla	4981867
recommencerai	4981866
familiers	4981865
starsky	4981864
previendrai	4981863
insolente	4981862
vignoble	4981861
rhode	4981860
fabriquez	4981859
raccompagnee	4981858
affaiblir	4981857
tibia	4981856
resta	4981855
succombe	4981854
british	4981853
peabody	4981852
mirage	4981851
mythes	4981850
hattie	4981849
virent	4981848
poires	4981847
videe	4981846
fumant	4981845
extincteur	4981844
vocales	4981843
delicates	4981842
porterais	4981841
vitales	4981840
respectee	4981839
help	4981838
attendras	4981837
ramer	4981836
stagiaires	4981835
attrapera	4981834
inadmissible	4981833
boomer	4981832
dialyse	4981831
audacieuse	4981830
siegfried	4981829
plaidoirie	4981828
partagera	4981827
stratageme	4981826
guignol	4981825
moby	4981824
informatiques	4981823
serbes	4981822
positives	4981821
alexx	4981820
aa	4981819
subventions	4981818
apprit	4981817
triches	4981816
comportent	4981815
windsor	4981814
xanax	4981813
georgina	4981812
anakin	4981811
watch	4981810
antiques	4981809
mcbride	4981808
vagabonds	4981807
burnett	4981806
done	4981805
contribuables	4981804
indics	4981803
phenix	4981802
millionnaires	4981801
digitale	4981800
talisman	4981799
suv	4981798
beneficiaire	4981797
mentales	4981796
horoscope	4981795
risquee	4981794
genevieve	4981793
frole	4981792
ferris	4981791
chroniques	4981790
joaquin	4981789
lucinda	4981788
atome	4981787
sparks	4981786
chevrolet	4981785
mio	4981784
chantera	4981783
rudement	4981782
jetees	4981781
paillasson	4981780
traqueur	4981779
rattraperai	4981778
decontracte	4981777
actuels	4981776
saignait	4981775
sims	4981774
deguerpir	4981773
pepites	4981772
trinity	4981771
piger	4981770
mathias	4981769
decris	4981768
marwan	4981767
scans	4981766
dolan	4981765
verifient	4981764
roulent	4981763
hauser	4981762
deconnez	4981761
implacable	4981760
glousse	4981759
aimions	4981758
apprehender	4981757
nicotine	4981756
pourchasse	4981755
austen	4981754
raquette	4981753
depressif	4981752
inflammation	4981751
soho	4981750
palpitant	4981749
grillage	4981748
scelerat	4981747
heritiers	4981746
illumine	4981745
postuler	4981744
convenablement	4981743
retenus	4981742
mattie	4981741
endommager	4981740
forest	4981739
fumeurs	4981738
combattez	4981737
fige	4981736
hypothermie	4981735
rira	4981734
emballez	4981733
dispo	4981732
assoiffe	4981731
dion	4981730
reunie	4981729
bucky	4981728
offensee	4981727
marchaient	4981726
chevelure	4981725
representes	4981724
contrepartie	4981723
specimens	4981722
fumiers	4981721
redoute	4981720
jericho	4981719
sabbat	4981718
exploite	4981717
penurie	4981716
fuyait	4981715
dejeuners	4981714
agissons	4981713
almeida	4981712
flores	4981711
wooster	4981710
violons	4981709
tocard	4981708
causera	4981707
relique	4981706
eminent	4981705
clooney	4981704
inexplicable	4981703
souille	4981702
together	4981701
fitzpatrick	4981700
supervise	4981699
occupants	4981698
bridgette	4981697
depeches	4981696
effronte	4981695
belfast	4981694
cruche	4981693
idealiste	4981692
preneur	4981691
kamikaze	4981690
shinji	4981689
enchainer	4981688
formules	4981687
smitty	4981686
fauteuils	4981685
legions	4981684
inquietee	4981683
enflammer	4981682
duff	4981681
gramme	4981680
vengerai	4981679
grover	4981678
venions	4981677
puante	4981676
informateurs	4981675
banner	4981674
oublierez	4981673
per	4981672
war	4981671
bals	4981670
pardonnee	4981669
dentier	4981668
pareillement	4981667
incite	4981666
stack	4981665
lyndsey	4981664
riverside	4981663
merdiques	4981662
ballerine	4981661
petroliere	4981660
rangees	4981659
maki	4981658
accordez	4981657
fours	4981656
wesen	4981655
confessions	4981654
even	4981653
pulitzer	4981652
contaminer	4981651
synonyme	4981650
empechee	4981649
primitive	4981648
traversait	4981647
pacey	4981646
nuptiale	4981645
bienveillant	4981644
shalom	4981643
osborne	4981642
racontant	4981641
pupille	4981640
welles	4981639
thermometre	4981638
hartley	4981637
blindes	4981636
leary	4981635
gracieuse	4981634
triade	4981633
geometrie	4981632
chuchoter	4981631
hana	4981630
league	4981629
generait	4981628
envolent	4981627
cobayes	4981626
benevoles	4981625
accueillant	4981624
envahisseurs	4981623
ellison	4981622
manu	4981621
samu	4981620
aneries	4981619
battais	4981618
michele	4981617
tracts	4981616
remettons	4981615
margaritas	4981614
mitraillette	4981613
manuellement	4981612
incorrect	4981611
preferer	4981610
doreen	4981609
marisol	4981608
insinuer	4981607
tyrone	4981606
souvenait	4981605
lancaster	4981604
imprimerie	4981603
blessez	4981602
veilleur	4981601
lyceenne	4981600
moira	4981599
moody	4981598
penibles	4981597
vendredis	4981596
deborder	4981595
compression	4981594
dude	4981593
nectar	4981592
deviendrez	4981591
meches	4981590
fixement	4981589
discrediter	4981588
incendiaire	4981587
depends	4981586
sauvees	4981585
bucheron	4981584
cecilia	4981583
carmela	4981582
contondant	4981581
franny	4981580
brice	4981579
balthazar	4981578
gober	4981577
ch	4981576
crique	4981575
muriel	4981574
prevoyez	4981573
takeda	4981572
servais	4981571
thelma	4981570
repondit	4981569
arrangez	4981568
aboutir	4981567
nacelle	4981566
macaronis	4981565
joueras	4981564
china	4981563
stephane	4981562
rigsby	4981561
rendiez	4981560
transmettrai	4981559
beige	4981558
aquaman	4981557
feminines	4981556
mar	4981555
toupet	4981554
livret	4981553
prune	4981552
drill	4981551
accompagnait	4981550
hisse	4981549
interviewe	4981548
border	4981547
mysterieusement	4981546
mtv	4981545
roller	4981544
coincees	4981543
renne	4981542
esperiez	4981541
catastrophes	4981540
corrects	4981539
junkies	4981538
suzaku	4981537
ponction	4981536
chevaucher	4981535
cirage	4981534
maitresses	4981533
rentrerait	4981532
magnetoscope	4981531
sophistiquee	4981530
bronzer	4981529
perverse	4981528
glacon	4981527
transferes	4981526
suivaient	4981525
installez	4981524
watkins	4981523
patin	4981522
lanie	4981521
estropie	4981520
risquons	4981519
calamar	4981518
hatives	4981517
detachees	4981516
bristol	4981515
charte	4981514
communautes	4981513
tia	4981512
replie	4981511
aventurer	4981510
maudites	4981509
primordial	4981508
trance	4981507
grammaire	4981506
pave	4981505
imbattable	4981504
esmeralda	4981503
ressource	4981502
accede	4981501
meutre	4981500
ku	4981499
abces	4981498
quinzaine	4981497
guimauve	4981496
march	4981495
risquerais	4981494
prient	4981493
passeur	4981492
singulier	4981491
gagnerais	4981490
cao	4981489
elisa	4981488
laissaient	4981487
penseras	4981486
lai	4981485
fielding	4981484
kiera	4981483
maigrir	4981482
rip	4981481
limitees	4981480
phobie	4981479
malchanceux	4981478
elixir	4981477
skipper	4981476
retirent	4981475
savoureux	4981474
redactrice	4981473
inquisition	4981472
herald	4981471
usure	4981470
veston	4981469
act	4981468
rencontrerai	4981467
nucky	4981466
inventes	4981465
occupations	4981464
magnetiques	4981463
gronder	4981462
gladiateurs	4981461
samba	4981460
particulieres	4981459
potentielles	4981458
offenses	4981457
evades	4981456
occupons	4981455
couramment	4981454
rousseur	4981453
crew	4981452
ravage	4981451
rappeur	4981450
stipule	4981449
planetaire	4981448
inspirant	4981447
vulcains	4981446
tiendrez	4981445
security	4981444
dessinees	4981443
droguait	4981442
awards	4981441
verifierai	4981440
arraches	4981439
enflamme	4981438
guidera	4981437
extermination	4981436
bellamy	4981435
latitude	4981434
couperai	4981433
fracasse	4981432
egyptiens	4981431
recite	4981430
sesame	4981429
monaco	4981428
chale	4981427
bienveillance	4981426
descendance	4981425
deniche	4981424
guillotine	4981423
gui	4981422
loulou	4981421
irreel	4981420
persuasion	4981419
scientifiquement	4981418
deca	4981417
vigilance	4981416
radis	4981415
nessa	4981414
comics	4981413
humbles	4981412
jouerais	4981411
planques	4981410
regal	4981409
delicatement	4981408
asia	4981407
decrochez	4981406
hoquet	4981405
suppliee	4981404
entendaient	4981403
formellement	4981402
demanderas	4981401
uther	4981400
pif	4981399
clairiere	4981398
alistair	4981397
melancolie	4981396
executions	4981395
capitaux	4981394
pff	4981393
trebucher	4981392
superheros	4981391
aldo	4981390
delibere	4981389
palourdes	4981388
eurent	4981387
feroces	4981386
fermons	4981385
shop	4981384
pourvoir	4981383
tempo	4981382
secousse	4981381
surpasse	4981380
embarquez	4981379
whaou	4981378
ouille	4981377
delirer	4981376
arcade	4981375
relaxant	4981374
fda	4981373
yamamoto	4981372
wait	4981371
quichotte	4981370
entuber	4981369
ortiz	4981368
corset	4981367
laird	4981366
anglaises	4981365
fourbe	4981364
juice	4981363
rattrapera	4981362
comediens	4981361
vigne	4981360
croisent	4981359
acquise	4981358
exclut	4981357
mace	4981356
obeissent	4981355
erotiques	4981354
amnistie	4981353
monologue	4981352
kingston	4981351
placees	4981350
consommateurs	4981349
tourment	4981348
mefaits	4981347
reflechissant	4981346
epilepsie	4981345
generer	4981344
hitchcock	4981343
detestable	4981342
sand	4981341
uhh	4981340
utiliserais	4981339
grappin	4981338
bobbi	4981337
maillon	4981336
expiration	4981335
elmer	4981334
rizzoli	4981333
abimee	4981332
standing	4981331
sels	4981330
cannibale	4981329
marcello	4981328
micky	4981327
publicitaires	4981326
infect	4981325
maigrichon	4981324
hooper	4981323
berman	4981322
schwartz	4981321
veillera	4981320
gluten	4981319
controlait	4981318
merder	4981317
transferts	4981316
intrigues	4981315
devenons	4981314
reconstruit	4981313
depistage	4981312
phoques	4981311
industriels	4981310
manoeuvres	4981309
heh	4981308
contusion	4981307
reptiles	4981306
courbes	4981305
cummings	4981304
turbulences	4981303
perse	4981302
saisies	4981301
turque	4981300
tabou	4981299
remy	4981298
desirait	4981297
pathetiques	4981296
chevy	4981295
strong	4981294
grappe	4981293
reunissent	4981292
acceleration	4981291
cleo	4981290
cyborg	4981289
moreau	4981288
servaient	4981287
culinaire	4981286
fourgonnette	4981285
creations	4981284
competente	4981283
divinite	4981282
pedophiles	4981281
alcoolo	4981280
maguire	4981279
monterai	4981278
tatiana	4981277
nola	4981276
mourants	4981275
externes	4981274
ecouler	4981273
karim	4981272
phaseurs	4981271
crasseux	4981270
egaree	4981269
centrales	4981268
piscines	4981267
moisi	4981266
jacky	4981265
cubes	4981264
sembliez	4981263
vendrais	4981262
recruteur	4981261
mitsuko	4981260
indecent	4981259
cyber	4981258
gregor	4981257
croisez	4981256
arrangee	4981255
collait	4981254
inside	4981253
debranche	4981252
sub	4981251
magnetophone	4981250
avare	4981249
clancy	4981248
rebekah	4981247
move	4981246
eteints	4981245
epstein	4981244
imprevisibles	4981243
mecque	4981242
lolita	4981241
inversee	4981240
antonia	4981239
passionnel	4981238
tin	4981237
item	4981236
sulu	4981235
hankmed	4981234
croiriez	4981233
bosco	4981232
monstrueuse	4981231
archibald	4981230
vises	4981229
manif	4981228
melanges	4981227
pincee	4981226
kiev	4981225
inspecte	4981224
rapprochement	4981223
amplement	4981222
devenaient	4981221
nuances	4981220
boudin	4981219
coney	4981218
mitrailleuses	4981217
radha	4981216
hawthorne	4981215
pelote	4981214
continueront	4981213
repondant	4981212
refusant	4981211
biper	4981210
fusionner	4981209
alpes	4981208
preche	4981207
rochester	4981206
diaphragme	4981205
precedant	4981204
gares	4981203
operationnelle	4981202
apollon	4981201
bipolaire	4981200
aneantis	4981199
conservateurs	4981198
mellie	4981197
faiseur	4981196
tr	4981195
cardiologue	4981194
pseudonyme	4981193
care	4981192
rabbit	4981191
etirer	4981190
elevent	4981189
baptiser	4981188
wiley	4981187
booster	4981186
rencontriez	4981185
montais	4981184
heinrich	4981183
tonalite	4981182
goldie	4981181
liquides	4981180
hadley	4981179
allumes	4981178
invitent	4981177
extraits	4981176
fung	4981175
roulee	4981174
protections	4981173
basil	4981172
hands	4981171
nba	4981170
recommandee	4981169
affole	4981168
aimants	4981167
bannir	4981166
interventions	4981165
vraisemblablement	4981164
reprendrai	4981163
poserai	4981162
souhaiterait	4981161
voiturier	4981160
anemie	4981159
offshore	4981158
rh	4981157
fashion	4981156
couronner	4981155
accompagnera	4981154
cousue	4981153
autodefense	4981152
cie	4981151
chacal	4981150
parviens	4981149
blackie	4981148
evaluations	4981147
infractions	4981146
valeureux	4981145
slow	4981144
schiller	4981143
contentes	4981142
wilton	4981141
horloges	4981140
continents	4981139
moules	4981138
galons	4981137
caleche	4981136
oak	4981135
fatiguez	4981134
pickles	4981133
publiee	4981132
maquille	4981131
rotir	4981130
diminutif	4981129
pacificateurs	4981128
babysitter	4981127
rallier	4981126
hauteurs	4981125
mangeras	4981124
confisquer	4981123
emeraude	4981122
retournait	4981121
desastreux	4981120
paniquez	4981119
smithers	4981118
perpete	4981117
mckenzie	4981116
vices	4981115
flambeau	4981114
filent	4981113
apparaitra	4981112
volaille	4981111
try	4981110
hypothetique	4981109
meritaient	4981108
lime	4981107
contravention	4981106
lung	4981105
artisan	4981104
claudio	4981103
tsunami	4981102
contradiction	4981101
ale	4981100
donaghy	4981099
esperances	4981098
entrainent	4981097
paraissez	4981096
poigne	4981095
mardis	4981094
revelateur	4981093
triage	4981092
prevention	4981091
notice	4981090
tramway	4981089
metiers	4981088
semblera	4981087
verne	4981086
heaven	4981085
dissiper	4981084
madden	4981083
titane	4981082
haruhi	4981081
emotive	4981080
meningite	4981079
astronomie	4981078
feindre	4981077
sparky	4981076
pelant	4981075
illegitime	4981074
sarcasmes	4981073
sauvons	4981072
paralleles	4981071
reanimer	4981070
terminera	4981069
cygnes	4981068
conviendra	4981067
acoustique	4981066
carnets	4981065
caesar	4981064
essex	4981063
universitaires	4981062
sentinelle	4981061
hurlent	4981060
quitteras	4981059
filtres	4981058
pulls	4981057
agenouiller	4981056
proteine	4981055
jeb	4981054
calder	4981053
moriarty	4981052
smile	4981051
braquages	4981050
geeks	4981049
manœuvres	4981048
secession	4981047
verifications	4981046
liban	4981045
farmer	4981044
instantane	4981043
gerbe	4981042
arrangent	4981041
nourrie	4981040
irrefutable	4981039
tombais	4981038
mcgarrett	4981037
enseignait	4981036
incarnation	4981035
impair	4981034
polonaise	4981033
octave	4981032
raconteras	4981031
grandisse	4981030
chauffard	4981029
progressivement	4981028
mortier	4981027
illimite	4981026
dupont	4981025
pretez	4981024
ripped	4981023
noyes	4981022
vaniteux	4981021
hari	4981020
sen	4981019
regionales	4981018
frisbee	4981017
vomissements	4981016
gouvernemental	4981015
defendeur	4981014
psys	4981013
autorisations	4981012
continuellement	4981011
derobe	4981010
redeviendra	4981009
zbz	4981008
mendez	4981007
wrong	4981006
brisera	4981005
adolescentes	4981004
katrine	4981003
orages	4981002
resonne	4981001
apparitions	4981000
affectes	4980999
perruques	4980998
gracieux	4980997
appellez	4980996
tomberait	4980995
monkey	4980994
dindon	4980993
ermite	4980992
commencerais	4980991
ecologique	4980990
conduites	4980989
entracte	4980988
haie	4980987
audit	4980986
combattons	4980985
ripley	4980984
radicaux	4980983
artifices	4980982
jabbar	4980981
alimente	4980980
offrira	4980979
sautait	4980978
teleporteur	4980977
aidons	4980976
camisole	4980975
vasculaire	4980974
nope	4980973
approprier	4980972
zinc	4980971
aloha	4980970
lazare	4980969
braverman	4980968
buffle	4980967
door	4980966
differend	4980965
canots	4980964
quagmire	4980963
inhalateur	4980962
funeste	4980961
fetide	4980960
perdes	4980959
payne	4980958
ambulancier	4980957
attriste	4980956
restriction	4980955
stafford	4980954
causees	4980953
rentrees	4980952
gazette	4980951
decouvrirai	4980950
paperasserie	4980949
remarquables	4980948
project	4980947
nottingham	4980946
couplet	4980945
figurines	4980944
volvo	4980943
imaginent	4980942
absurdites	4980941
remplissent	4980940
reveillant	4980939
ghb	4980938
fuji	4980937
mixeur	4980936
choisirai	4980935
ipad	4980934
ros	4980933
reductions	4980932
klingons	4980931
depassez	4980930
ignoree	4980929
rudolph	4980928
inconcevable	4980927
operatrice	4980926
levine	4980925
roderick	4980924
picole	4980923
obtenons	4980922
herbie	4980921
ness	4980920
gonzales	4980919
paraisse	4980918
interrompez	4980917
blackjack	4980916
surveillerai	4980915
burnes	4980914
sahib	4980913
moisir	4980912
rizzo	4980911
doctrine	4980910
corbillard	4980909
alleger	4980908
bretelles	4980907
revee	4980906
liberera	4980905
odieuse	4980904
vieillissant	4980903
sangsue	4980902
emery	4980901
crea	4980900
couvrait	4980899
brasserie	4980898
amadouer	4980897
affirmation	4980896
eloges	4980895
fucking	4980894
croissants	4980893
mariez	4980892
nettoies	4980891
mamelons	4980890
dinner	4980889
survivante	4980888
honorables	4980887
feldman	4980886
attentive	4980885
plaisais	4980884
remises	4980883
kobayashi	4980882
voight	4980881
chaotique	4980880
bannis	4980879
trans	4980878
giorgio	4980877
depasses	4980876
lndiens	4980875
rachat	4980874
retours	4980873
superstitions	4980872
jugements	4980871
battes	4980870
declic	4980869
patriotique	4980868
bugs	4980867
marcie	4980866
franks	4980865
brownie	4980864
own	4980863
corridor	4980862
texan	4980861
dissertation	4980860
expediteur	4980859
underground	4980858
jouis	4980857
transmise	4980856
classeur	4980855
devier	4980854
calcutta	4980853
commencee	4980852
decompresser	4980851
gareth	4980850
autorisees	4980849
historien	4980848
braqueur	4980847
deke	4980846
ecoutille	4980845
adressee	4980844
blaguais	4980843
agissements	4980842
starr	4980841
uriner	4980840
fabrice	4980839
lucioles	4980838
bicarbonate	4980837
investit	4980836
sacrilege	4980835
brioche	4980834
persuasif	4980833
aimables	4980832
beale	4980831
academique	4980830
trolls	4980829
mentirait	4980828
gratifiant	4980827
abrite	4980826
popotin	4980825
riggins	4980824
orgasmes	4980823
dopamine	4980822
distante	4980821
buche	4980820
tendus	4980819
bolivie	4980818
attachees	4980817
christianisme	4980816
bernstein	4980815
rendit	4980814
pasadena	4980813
pacotille	4980812
ecorce	4980811
honda	4980810
alphabetique	4980809
ad	4980808
tully	4980807
senora	4980806
altman	4980805
meticuleux	4980804
clapet	4980803
sanderson	4980802
saline	4980801
plaignait	4980800
retablie	4980799
resistez	4980798
indes	4980797
psychiatres	4980796
bondir	4980795
moniteurs	4980794
ren	4980793
actualites	4980792
sororite	4980791
volley	4980790
navarro	4980789
gorman	4980788
amabilite	4980787
jakob	4980786
jaffas	4980785
controlons	4980784
lacerations	4980783
suspendus	4980782
indecis	4980781
knope	4980780
wilkins	4980779
killian	4980778
annoncent	4980777
harem	4980776
entame	4980775
inflige	4980774
perfore	4980773
atropine	4980772
observatoire	4980771
pille	4980770
townsend	4980769
tartare	4980768
selena	4980767
inconvenients	4980766
islamique	4980765
rowan	4980764
hamac	4980763
parkinson	4980762
dirigeable	4980761
meritee	4980760
pouffiasse	4980759
operationnels	4980758
pins	4980757
touch	4980756
mediterranee	4980755
unanime	4980754
partisan	4980753
questionnaire	4980752
derober	4980751
gouttiere	4980750
indigestion	4980749
synagogue	4980748
compense	4980747
indianapolis	4980746
violettes	4980745
accrochage	4980744
nenes	4980743
okinawa	4980742
brevets	4980741
organisez	4980740
anything	4980739
vf	4980738
destabiliser	4980737
refera	4980736
gobe	4980735
equations	4980734
vih	4980733
caritative	4980732
tau	4980731
charmer	4980730
mix	4980729
charisme	4980728
contenterai	4980727
energique	4980726
scores	4980725
scenaristes	4980724
bourne	4980723
jeong	4980722
cols	4980721
pathologie	4980720
passants	4980719
reglisse	4980718
lund	4980717
any	4980716
empeches	4980715
ecrira	4980714
endommages	4980713
assurera	4980712
conventions	4980711
ro	4980710
diablo	4980709
championnats	4980708
lei	4980707
saturne	4980706
furtif	4980705
saoudite	4980704
goa	4980703
recupererai	4980702
portefeuilles	4980701
encyclopedie	4980700
indiennes	4980699
equivaut	4980698
regorge	4980697
lau	4980696
atlas	4980695
payera	4980694
privilegie	4980693
reliques	4980692
tranquillisant	4980691
vendrait	4980690
arlene	4980689
cadets	4980688
prodigue	4980687
debrouillee	4980686
lol	4980685
melbourne	4980684
blanchard	4980683
ensoleille	4980682
karine	4980681
encadrer	4980680
errol	4980679
recits	4980678
retenues	4980677
authentiques	4980676
certifie	4980675
potage	4980674
embauchee	4980673
destinees	4980672
desireux	4980671
bouilloire	4980670
embleme	4980669
porridge	4980668
tirees	4980667
laves	4980666
chargees	4980665
faisceau	4980664
arretaient	4980663
autonomie	4980662
redevient	4980661
maia	4980660
mysterieuses	4980659
acceptiez	4980658
latimer	4980657
rani	4980656
cardiff	4980655
alibis	4980654
modifiee	4980653
premonition	4980652
recourir	4980651
impressionnes	4980650
aerer	4980649
detiens	4980648
academy	4980647
verticale	4980646
lambda	4980645
crowe	4980644
tranquillisants	4980643
scandales	4980642
ignoraient	4980641
haletant	4980640
innocenter	4980639
partions	4980638
sampson	4980637
gothique	4980636
corporel	4980635
estrade	4980634
dinons	4980633
intervenez	4980632
teller	4980631
hospital	4980630
retournerais	4980629
damnation	4980628
sinbad	4980627
hemisphere	4980626
forestier	4980625
declarons	4980624
caissiere	4980623
repugnante	4980622
interessera	4980621
flag	4980620
emmenons	4980619
putois	4980618
cernes	4980617
editeurs	4980616
amenant	4980615
manuela	4980614
prematuree	4980613
morgane	4980612
ashton	4980611
boume	4980610
frayeur	4980609
speculations	4980608
statistiquement	4980607
exams	4980606
projections	4980605
mauve	4980604
offerts	4980603
fayed	4980602
ovnis	4980601
imposture	4980600
comiques	4980599
usurier	4980598
stimulation	4980597
paxton	4980596
dechu	4980595
kimber	4980594
schneider	4980593
manquants	4980592
propulseurs	4980591
savoure	4980590
electrochocs	4980589
redemande	4980588
selina	4980587
menagere	4980586
bristow	4980585
batie	4980584
informez	4980583
harpe	4980582
cholera	4980581
framboise	4980580
blaguer	4980579
carlyle	4980578
latinos	4980577
douteuse	4980576
lingots	4980575
saines	4980574
fumais	4980573
niles	4980572
hackers	4980571
departs	4980570
maquillee	4980569
accompagnent	4980568
exhiber	4980567
bartlet	4980566
impec	4980565
attirait	4980564
determines	4980563
pinky	4980562
implorer	4980561
lords	4980560
anes	4980559
presomptueux	4980558
echappera	4980557
fossiles	4980556
marees	4980555
prohibition	4980554
epi	4980553
lorelei	4980552
adjuge	4980551
sinus	4980550
ser	4980549
hai	4980548
santo	4980547
alyssa	4980546
ogive	4980545
gustave	4980544
gum	4980543
rougis	4980542
mixte	4980541
prediction	4980540
nami	4980539
originel	4980538
circonscription	4980537
rustre	4980536
tater	4980535
joyaux	4980534
emportent	4980533
paulson	4980532
soufflez	4980531
pontage	4980530
israelien	4980529
lupus	4980528
grondement	4980527
educatif	4980526
reclamation	4980525
giuseppe	4980524
insultee	4980523
tragedies	4980522
tad	4980521
algerie	4980520
articulations	4980519
catechisme	4980518
puzzles	4980517
faussaire	4980516
oculaires	4980515
broyer	4980514
antwon	4980513
toto	4980512
cesare	4980511
ka	4980510
regrettera	4980509
fermerai	4980508
chaudron	4980507
marko	4980506
helium	4980505
barbant	4980504
revoyons	4980503
assurent	4980502
because	4980501
bombardier	4980500
defendant	4980499
rohan	4980498
horton	4980497
borden	4980496
commerages	4980495
irma	4980494
frimeur	4980493
incarne	4980492
crixus	4980491
ecouteront	4980490
doublement	4980489
hobbes	4980488
alfonso	4980487
nero	4980486
hypothetiquement	4980485
shen	4980484
coulant	4980483
gynecologue	4980482
glande	4980481
orateur	4980480
palmiers	4980479
azur	4980478
vaine	4980477
simplifier	4980476
kimura	4980475
jam	4980474
retordre	4980473
erich	4980472
macy	4980471
rider	4980470
ovaires	4980469
detonateurs	4980468
wichita	4980467
adoucir	4980466
tangible	4980465
telepathe	4980464
disperses	4980463
opposants	4980462
faune	4980461
neurologue	4980460
nettoyeur	4980459
metabolisme	4980458
kill	4980457
capturee	4980456
legistes	4980455
insinue	4980454
rouquine	4980453
devie	4980452
budgetaires	4980451
compatissant	4980450
cheik	4980449
pillage	4980448
travaillerez	4980447
millenaires	4980446
kobe	4980445
massey	4980444
collecteur	4980443
ahem	4980442
grele	4980441
anchois	4980440
refasse	4980439
japonaises	4980438
zed	4980437
peralta	4980436
mcdeere	4980435
calmee	4980434
kolchak	4980433
impuissante	4980432
harmony	4980431
bundy	4980430
demenageurs	4980429
tournons	4980428
devants	4980427
adre	4980426
trouvaille	4980425
glander	4980424
discuterons	4980423
joffrey	4980422
heavy	4980421
chucky	4980420
rigidite	4980419
eplucher	4980418
imposant	4980417
fulton	4980416
eveil	4980415
multiple	4980414
appellerons	4980413
cone	4980412
paumee	4980411
creatifs	4980410
faction	4980409
procureurs	4980408
opposant	4980407
chamboule	4980406
empecherait	4980405
insurges	4980404
habilite	4980403
teheran	4980402
avertissements	4980401
mecaniques	4980400
exigeante	4980399
colore	4980398
livia	4980397
mouais	4980396
megere	4980395
manolo	4980394
paraitra	4980393
bali	4980392
manquerais	4980391
snyder	4980390
oreillette	4980389
monopole	4980388
wind	4980387
pinceaux	4980386
marqueurs	4980385
intellos	4980384
requetes	4980383
instruire	4980382
appliquent	4980381
havre	4980380
varicelle	4980379
raciale	4980378
modification	4980377
amazones	4980376
sessions	4980375
disposez	4980374
approfondie	4980373
epris	4980372
prada	4980371
stabilise	4980370
irregulier	4980369
syracuse	4980368
clap	4980367
echauffer	4980366
disgrace	4980365
serein	4980364
implanter	4980363
blessent	4980362
cames	4980361
attaqueront	4980360
racontera	4980359
tombaient	4980358
ovules	4980357
medicalement	4980356
haissais	4980355
paon	4980354
renover	4980353
morve	4980352
detiennent	4980351
morgana	4980350
tuba	4980349
fresque	4980348
revendications	4980347
frida	4980346
chirurgical	4980345
fortunes	4980344
marino	4980343
contracte	4980342
step	4980341
trainais	4980340
tcheque	4980339
sil	4980338
permette	4980337
bergers	4980336
chandail	4980335
chrissy	4980334
matches	4980333
immunise	4980332
tov	4980331
oryu	4980330
cadran	4980329
maude	4980328
garrot	4980327
pressez	4980326
disjoncte	4980325
terminent	4980324
ennuyee	4980323
plaquettes	4980322
civique	4980321
homophobe	4980320
lasser	4980319
magne	4980318
voyageait	4980317
aleatoires	4980316
carey	4980315
divulgue	4980314
fiscal	4980313
wakefield	4980312
errants	4980311
adi	4980310
largage	4980309
attila	4980308
vador	4980307
frazier	4980306
ideologie	4980305
hoo	4980304
kelvin	4980303
manchette	4980302
decouvrit	4980301
lukas	4980300
ulairi	4980299
sarin	4980298
desapprouve	4980297
interroges	4980296
empeste	4980295
pompee	4980294
definis	4980293
secretariat	4980292
appetissant	4980291
fissures	4980290
attendrait	4980289
decouvriront	4980288
martien	4980287
entrepris	4980286
genereusement	4980285
renferme	4980284
commandos	4980283
uv	4980282
irrationnel	4980281
evanouit	4980280
parla	4980279
strictes	4980278
chick	4980277
examinee	4980276
transperce	4980275
inoffensive	4980274
consenti	4980273
observateurs	4980272
approchee	4980271
ps	4980270
saigon	4980269
obstine	4980268
problematique	4980267
visent	4980266
nfs	4980265
shah	4980264
mortuaire	4980263
satanes	4980262
redemander	4980261
enchantement	4980260
insatiable	4980259
bowler	4980258
sculpteur	4980257
discutions	4980256
provenir	4980255
mcmanus	4980254
balboa	4980253
sakura	4980252
tc	4980251
subvention	4980250
ahhh	4980249
ecume	4980248
tresorier	4980247
voilier	4980246
topher	4980245
piquante	4980244
matilda	4980243
proue	4980242
versailles	4980241
coulisse	4980240
vintage	4980239
seducteur	4980238
comedienne	4980237
brigand	4980236
gonflement	4980235
virale	4980234
seduite	4980233
rendement	4980232
pavel	4980231
adversite	4980230
metis	4980229
toinety	4980228
demineurs	4980227
pao	4980226
amante	4980225
magneto	4980224
vs	4980223
tracey	4980222
dits	4980221
traumatisant	4980220
evil	4980219
rentrerez	4980218
hobbit	4980217
arbalete	4980216
amiante	4980215
fascisme	4980214
toussaint	4980213
duran	4980212
faraday	4980211
incinere	4980210
inspectrice	4980209
craques	4980208
oyez	4980207
statique	4980206
contraste	4980205
contredit	4980204
nicola	4980203
voice	4980202
sexes	4980201
aimeront	4980200
deforme	4980199
steel	4980198
cdt	4980197
pearce	4980196
remariee	4980195
soudoye	4980194
mmmm	4980193
kerosene	4980192
glaciale	4980191
moloch	4980190
chardonnay	4980189
adoraient	4980188
milk	4980187
armando	4980186
gitane	4980185
frimer	4980184
saber	4980183
colombes	4980182
texture	4980181
cola	4980180
servantes	4980179
attrait	4980178
visas	4980177
volet	4980176
uno	4980175
pepsi	4980174
patinage	4980173
deraisonnable	4980172
trempes	4980171
dejouer	4980170
remontera	4980169
canettes	4980168
envoya	4980167
fusibles	4980166
ephemere	4980165
electrocute	4980164
evitant	4980163
fourres	4980162
legalite	4980161
ge	4980160
aubaine	4980159
patel	4980158
persecution	4980157
view	4980156
concluant	4980155
pegasus	4980154
mineraux	4980153
gave	4980152
desinfectant	4980151
tordant	4980150
resistent	4980149
solis	4980148
capricieux	4980147
nazie	4980146
couturiere	4980145
orienter	4980144
honores	4980143
lyman	4980142
pegase	4980141
kwon	4980140
sternum	4980139
yoshida	4980138
inquisitrice	4980137
franchit	4980136
collateraux	4980135
kaiser	4980134
blondie	4980133
proctor	4980132
argente	4980131
sentis	4980130
mercury	4980129
regarderais	4980128
unanimite	4980127
systolique	4980126
suedoise	4980125
serviable	4980124
pleuve	4980123
kasper	4980122
themes	4980121
harpon	4980120
pionnier	4980119
insurrection	4980118
genante	4980117
faineants	4980116
secouru	4980115
emmerdeuse	4980114
garner	4980113
pointez	4980112
droitier	4980111
shine	4980110
embolie	4980109
diffusee	4980108
biceps	4980107
arms	4980106
fendu	4980105
artistiques	4980104
reconcilies	4980103
nightingale	4980102
metaphores	4980101
barmaid	4980100
reflexions	4980099
montrerais	4980098
marquise	4980097
dignement	4980096
branson	4980095
passionnante	4980094
sforza	4980093
toxicologie	4980092
effleure	4980091
rockefeller	4980090
tak	4980089
chamberlain	4980088
debrouillez	4980087
tua	4980086
rafraichissant	4980085
basques	4980084
crow	4980083
gu	4980082
chopin	4980081
somptueux	4980080
rangement	4980079
ronon	4980078
attenuer	4980077
investigations	4980076
mime	4980075
shiki	4980074
embrassais	4980073
strangulation	4980072
squash	4980071
alcatraz	4980070
comptiez	4980069
recif	4980068
aisselles	4980067
multitude	4980066
sodomie	4980065
aujourd	4980064
durerait	4980063
piquet	4980062
stuff	4980061
motivee	4980060
injoignable	4980059
dragues	4980058
botox	4980057
retroviseur	4980056
souterraine	4980055
jongler	4980054
oslo	4980053
consume	4980052
paternelle	4980051
bienfaits	4980050
obtenue	4980049
autoroutes	4980048
gallois	4980047
vesicule	4980046
wilhelm	4980045
combattent	4980044
sourdine	4980043
pronostic	4980042
dessinateur	4980041
gladiateur	4980040
rendaient	4980039
lea	4980038
guitares	4980037
mathis	4980036
cremaillere	4980035
comprehensive	4980034
fourche	4980033
continuais	4980032
acceptant	4980031
camomille	4980030
rosewood	4980029
keeler	4980028
chassee	4980027
milieux	4980026
ennuyez	4980025
hua	4980024
traci	4980023
albinos	4980022
rallonge	4980021
highway	4980020
telechargement	4980019
interphone	4980018
clouseau	4980017
misa	4980016
tuerons	4980015
soutiendrai	4980014
zola	4980013
manuelle	4980012
cartels	4980011
dechaine	4980010
tolliver	4980009
kryten	4980008
termites	4980007
trafiquer	4980006
morpions	4980005
ladies	4980004
dirigera	4980003
fronts	4980002
actuelles	4980001
objective	4980000
oubliant	4979999
serrurier	4979998
deprimer	4979997
moelleux	4979996
transcription	4979995
acne	4979994
downton	4979993
impacts	4979992
nerveuses	4979991
atkins	4979990
disparaissait	4979989
farceur	4979988
traumatismes	4979987
battrons	4979986
olympe	4979985
fusible	4979984
macon	4979983
traitresse	4979982
pipeau	4979981
pesent	4979980
profils	4979979
diplomates	4979978
perrin	4979977
considerons	4979976
minerale	4979975
sculptures	4979974
pures	4979973
crucifix	4979972
typhon	4979971
clouer	4979970
rouillee	4979969
rafle	4979968
ambre	4979967
monuments	4979966
remettras	4979965
evanouis	4979964
guatemala	4979963
chevelu	4979962
looking	4979961
astuces	4979960
columbus	4979959
autos	4979958
piquent	4979957
certificats	4979956
bouder	4979955
degoutants	4979954
enregistreur	4979953
juriste	4979952
terne	4979951
blessees	4979950
sharona	4979949
saxon	4979948
demanderont	4979947
incliner	4979946
instantanee	4979945
pries	4979944
shep	4979943
frasier	4979942
promenades	4979941
cuisson	4979940
whistler	4979939
amazonie	4979938
taro	4979937
productif	4979936
deploie	4979935
albanais	4979934
annabel	4979933
fournira	4979932
casablanca	4979931
brosses	4979930
priais	4979929
tricoter	4979928
emmanuel	4979927
fugitive	4979926
gastrique	4979925
palettes	4979924
creez	4979923
maud	4979922
souffrira	4979921
waldo	4979920
surveillais	4979919
materiau	4979918
gaulois	4979917
amas	4979916
emportera	4979915
yuans	4979914
mourons	4979913
lilas	4979912
conjoint	4979911
agarn	4979910
insaisissable	4979909
commise	4979908
flexible	4979907
skateboard	4979906
retrouverais	4979905
johnnie	4979904
gonflee	4979903
neurochirurgien	4979902
rencontrait	4979901
retraites	4979900
tirais	4979899
baisez	4979898
apaise	4979897
mala	4979896
vastes	4979895
ecartez	4979894
huntington	4979893
occurrence	4979892
coquilles	4979891
stresser	4979890
ortega	4979889
absences	4979888
rhabiller	4979887
ponctuel	4979886
realisee	4979885
lnde	4979884
intimidant	4979883
cacherai	4979882
cahiers	4979881
degeneres	4979880
delivrance	4979879
lutteur	4979878
scarabee	4979877
entreprendre	4979876
fascination	4979875
impenetrable	4979874
testee	4979873
paloma	4979872
dissimulation	4979871
tresses	4979870
conroy	4979869
fachez	4979868
ravens	4979867
bizutage	4979866
blunt	4979865
evidement	4979864
crews	4979863
fusille	4979862
donateurs	4979861
occuperont	4979860
bobbie	4979859
galeres	4979858
mangeaient	4979857
demolis	4979856
cylindre	4979855
ecchymoses	4979854
skipped	4979853
clarkson	4979852
minimiser	4979851
supercherie	4979850
dec	4979849
sonores	4979848
found	4979847
advienne	4979846
fondamentale	4979845
poseidon	4979844
classees	4979843
incruster	4979842
sanctions	4979841
cunningham	4979840
terminator	4979839
inne	4979838
photocopieuse	4979837
spontanement	4979836
digue	4979835
cougar	4979834
fautif	4979833
filmes	4979832
touffe	4979831
lakers	4979830
tutelle	4979829
strange	4979828
decrite	4979827
lustre	4979826
instance	4979825
bruyants	4979824
corday	4979823
rames	4979822
acquitter	4979821
adalind	4979820
sacrifiee	4979819
voulue	4979818
lenine	4979817
doutent	4979816
basees	4979815
trompeuses	4979814
essayage	4979813
connaitras	4979812
placenta	4979811
gia	4979810
maquettes	4979809
avorton	4979808
pretendants	4979807
envois	4979806
participant	4979805
hypnotise	4979804
largeur	4979803
tueuses	4979802
susceptibles	4979801
dancer	4979800
majestueux	4979799
oi	4979798
asticots	4979797
ying	4979796
interessais	4979795
faucheuse	4979794
guerilla	4979793
nyborg	4979792
suspecter	4979791
escrime	4979790
mixer	4979789
dioxyde	4979788
solennel	4979787
retrouverait	4979786
relachee	4979785
raviolis	4979784
ajay	4979783
menopause	4979782
abc	4979781
becane	4979780
troisiemement	4979779
jennie	4979778
platon	4979777
bluffer	4979776
magouilles	4979775
accomplis	4979774
senses	4979773
insubordination	4979772
blocus	4979771
barder	4979770
attentifs	4979769
devinette	4979768
dessines	4979767
manuscrits	4979766
sentinelles	4979765
landau	4979764
executee	4979763
intro	4979762
prefereriez	4979761
pactole	4979760
dune	4979759
reapparu	4979758
simulateur	4979757
challenger	4979756
gilroy	4979755
tamise	4979754
denouement	4979753
appartenez	4979752
versa	4979751
cecite	4979750
larve	4979749
appelleront	4979748
python	4979747
ryland	4979746
mariner	4979745
ruses	4979744
lacet	4979743
mecontents	4979742
predictions	4979741
respectables	4979740
lange	4979739
caves	4979738
entrainait	4979737
keiko	4979736
suppression	4979735
posters	4979734
amusantes	4979733
reculons	4979732
cineaste	4979731
cheries	4979730
frapperai	4979729
fis	4979728
melasse	4979727
gerez	4979726
pittoresque	4979725
ethnique	4979724
incriminer	4979723
mascara	4979722
interfere	4979721
masculins	4979720
insignifiante	4979719
bureaucratie	4979718
conventionnel	4979717
mauviettes	4979716
anormaux	4979715
manette	4979714
suspectes	4979713
norvegien	4979712
givens	4979711
birkhoff	4979710
protestants	4979709
expulses	4979708
krypton	4979707
changerez	4979706
observee	4979705
ironiquement	4979704
concubine	4979703
proposent	4979702
redeviens	4979701
adoptive	4979700
shining	4979699
adoptifs	4979698
contraction	4979697
compresses	4979696
jerri	4979695
sonder	4979694
royaute	4979693
detritus	4979692
passible	4979691
low	4979690
divertissant	4979689
roswell	4979688
laisseriez	4979687
administre	4979686
early	4979685
vasco	4979684
eblouissante	4979683
chihuahua	4979682
considerait	4979681
magnifiquement	4979680
actionnaire	4979679
reprogrammer	4979678
nees	4979677
gucci	4979676
occuperait	4979675
gaza	4979674
intrigante	4979673
defibrillateur	4979672
embetez	4979671
ruee	4979670
beret	4979669
terrifies	4979668
parish	4979667
incarceration	4979666
semes	4979665
merlyn	4979664
baze	4979663
navet	4979662
explicite	4979661
dorrit	4979660
verriez	4979659
fabricants	4979658
athletique	4979657
archers	4979656
tombola	4979655
bertram	4979654
grince	4979653
julianne	4979652
specialites	4979651
presentement	4979650
dechires	4979649
pak	4979648
processeur	4979647
criaient	4979646
anormale	4979645
boulons	4979644
colombiens	4979643
sutter	4979642
chocs	4979641
monotone	4979640
fermera	4979639
frime	4979638
damas	4979637
potions	4979636
ambassadrice	4979635
fusiller	4979634
evalue	4979633
patrice	4979632
ajustement	4979631
pinot	4979630
muraille	4979629
completes	4979628
limpide	4979627
rectifier	4979626
market	4979625
clandestinement	4979624
augustus	4979623
acceptait	4979622
baltar	4979621
rivale	4979620
cornelia	4979619
woodrow	4979618
haines	4979617
reliant	4979616
margaux	4979615
rut	4979614
anticipee	4979613
colton	4979612
jodie	4979611
vulnerabilite	4979610
caucasien	4979609
recouverte	4979608
plongez	4979607
staff	4979606
pics	4979605
planification	4979604
exactes	4979603
redressement	4979602
commenceront	4979601
marsha	4979600
incomparable	4979599
representations	4979598
interrogent	4979597
graffitis	4979596
mam	4979595
accidentel	4979594
coordonner	4979593
retardee	4979592
cbs	4979591
enrole	4979590
promenait	4979589
organisons	4979588
tower	4979587
yorkshire	4979586
perseverance	4979585
abracadabra	4979584
boude	4979583
mediateur	4979582
interro	4979581
exile	4979580
apprendront	4979579
plumer	4979578
mijotes	4979577
prealable	4979576
conquerant	4979575
envisagez	4979574
ready	4979573
michaela	4979572
balancez	4979571
gouvernementale	4979570
enfermez	4979569
gaiete	4979568
keaton	4979567
tam	4979566
jeanette	4979565
mcguire	4979564
desagreables	4979563
costauds	4979562
mepriser	4979561
taiwan	4979560
provoquant	4979559
repoussee	4979558
ecolo	4979557
signora	4979556
bey	4979555
crais	4979554
loki	4979553
trot	4979552
winthrop	4979551
droites	4979550
cambodge	4979549
serpilliere	4979548
sauraient	4979547
aspirant	4979546
olympia	4979545
recompensee	4979544
borg	4979543
assoie	4979542
eclatent	4979541
apportant	4979540
contribuable	4979539
civilisee	4979538
escroquer	4979537
nazir	4979536
agile	4979535
takeshi	4979534
yakuzas	4979533
sensationnelle	4979532
enfle	4979531
transpiration	4979530
bed	4979529
respectueusement	4979528
moz	4979527
nouer	4979526
argot	4979525
rayyan	4979524
appelees	4979523
bijoutier	4979522
discutable	4979521
hareng	4979520
bricolage	4979519
spores	4979518
relu	4979517
meadow	4979516
murmurer	4979515
giselle	4979514
muller	4979513
moreno	4979512
controverse	4979511
cupide	4979510
patiemment	4979509
narcisse	4979508
trade	4979507
complexite	4979506
johnston	4979505
zip	4979504
donnell	4979503
gonfles	4979502
socialisme	4979501
keating	4979500
coche	4979499
egares	4979498
imprudence	4979497
loyers	4979496
detenir	4979495
gunn	4979494
ferie	4979493
examinez	4979492
taisez	4979491
tutrice	4979490
discotheque	4979489
clamp	4979488
earth	4979487
fiotte	4979486
passionnes	4979485
pandore	4979484
enleverai	4979483
creuses	4979482
kincaid	4979481
giulia	4979480
protegees	4979479
mates	4979478
sniffer	4979477
rougeole	4979476
mourraient	4979475
equitation	4979474
divises	4979473
lavee	4979472
twain	4979471
formuler	4979470
elsie	4979469
adepte	4979468
embrassant	4979467
maui	4979466
protestant	4979465
eveilles	4979464
regrettez	4979463
egratignures	4979462
chum	4979461
transpires	4979460
coutait	4979459
chiffons	4979458
alamo	4979457
aveuglement	4979456
arlington	4979455
navigue	4979454
enverrons	4979453
crucifie	4979452
ennuyeuses	4979451
percevoir	4979450
paria	4979449
emotionnels	4979448
guinees	4979447
dietrich	4979446
dores	4979445
corky	4979444
arden	4979443
deguisements	4979442
moose	4979441
bernardo	4979440
cane	4979439
avalon	4979438
laurence	4979437
wai	4979436
derangent	4979435
maltraitance	4979434
reussissez	4979433
anticipe	4979432
materiels	4979431
fetiche	4979430
androide	4979429
roulais	4979428
inapte	4979427
sournoise	4979426
babioles	4979425
independamment	4979424
votons	4979423
farrah	4979422
cordonnier	4979421
artagnan	4979420
yee	4979419
accepteront	4979418
prevues	4979417
eagles	4979416
militants	4979415
tra	4979414
lomax	4979413
fibrillation	4979412
sapristi	4979411
neron	4979410
antecedent	4979409
grievement	4979408
minette	4979407
jewel	4979406
parvenus	4979405
ahsoka	4979404
mozzie	4979403
loque	4979402
vertebres	4979401
duval	4979400
oriental	4979399
ramassis	4979398
beep	4979397
plates	4979396
dada	4979395
occasionnellement	4979394
baffe	4979393
droide	4979392
enroler	4979391
parentale	4979390
kenobi	4979389
photocopies	4979388
sabbatique	4979387
appartiendra	4979386
valser	4979385
inflation	4979384
altere	4979383
saignent	4979382
demanteler	4979381
techno	4979380
amygdales	4979379
puma	4979378
remember	4979377
spasmes	4979376
posees	4979375
bahut	4979374
tapisserie	4979373
soude	4979372
observais	4979371
promenais	4979370
deroulement	4979369
insouciant	4979368
deshydrate	4979367
guantanamo	4979366
repassez	4979365
tenacite	4979364
muets	4979363
recoucher	4979362
yellow	4979361
decevrai	4979360
coral	4979359
envoles	4979358
alignes	4979357
reposant	4979356
agrafeuse	4979355
atteins	4979354
rancunier	4979353
folk	4979352
pendleton	4979351
running	4979350
reprendrons	4979349
retards	4979348
arranges	4979347
romi	4979346
edge	4979345
interpretee	4979344
envahis	4979343
friday	4979342
juarez	4979341
isobel	4979340
rocket	4979339
crashe	4979338
dut	4979337
attelle	4979336
fend	4979335
eloignent	4979334
arracherai	4979333
automobiles	4979332
pragmatique	4979331
valables	4979330
courons	4979329
hewitt	4979328
purification	4979327
lundy	4979326
succube	4979325
cascadeur	4979324
professionnalisme	4979323
seaver	4979322
frise	4979321
toboggan	4979320
repoussant	4979319
relatif	4979318
employees	4979317
adequate	4979316
opossum	4979315
pryce	4979314
embarrassante	4979313
cirie	4979312
indeniable	4979311
lannister	4979310
sauterelles	4979309
gaspillez	4979308
piggy	4979307
enregistrez	4979306
brianna	4979305
amont	4979304
vasectomie	4979303
rejoints	4979302
kyoko	4979301
monarchie	4979300
terrorisee	4979299
piments	4979298
consacree	4979297
provisoirement	4979296
desequilibre	4979295
impuissants	4979294
prenions	4979293
minneapolis	4979292
bouse	4979291
fourchettes	4979290
janus	4979289
parmesan	4979288
louez	4979287
eprouvant	4979286
manquantes	4979285
fairfax	4979284
nuance	4979283
rikers	4979282
dreams	4979281
jolene	4979280
bresilienne	4979279
detaillee	4979278
installent	4979277
fraudes	4979276
sentaient	4979275
donahue	4979274
debloquer	4979273
argentee	4979272
kaboul	4979271
bloquent	4979270
representante	4979269
indignation	4979268
oops	4979267
incorrigible	4979266
percois	4979265
bowen	4979264
legitimes	4979263
keisha	4979262
baylor	4979261
ogives	4979260
avides	4979259
pourparlers	4979258
frange	4979257
entete	4979256
scar	4979255
giants	4979254
arnaques	4979253
choques	4979252
dialecte	4979251
heath	4979250
gardees	4979249
annules	4979248
revise	4979247
synthese	4979246
etriper	4979245
embrayage	4979244
kt	4979243
besogne	4979242
illumination	4979241
vaincue	4979240
cyclone	4979239
engagent	4979238
lancers	4979237
malice	4979236
indistinctes	4979235
debloque	4979234
raffinerie	4979233
meteore	4979232
gi	4979231
destroyer	4979230
recuperera	4979229
sami	4979228
piston	4979227
mori	4979226
luttant	4979225
puck	4979224
indemnite	4979223
affectera	4979222
link	4979221
ew	4979220
travailleras	4979219
travaillerais	4979218
terra	4979217
pertinente	4979216
derangeant	4979215
metamorphose	4979214
troupeaux	4979213
forger	4979212
excessivement	4979211
report	4979210
violoniste	4979209
levait	4979208
coupait	4979207
notoriete	4979206
commencaient	4979205
para	4979204
logee	4979203
benoit	4979202
feint	4979201
das	4979200
memorise	4979199
retaper	4979198
ranimer	4979197
restrictive	4979196
benito	4979195
alchimiste	4979194
coulera	4979193
masseuse	4979192
volantes	4979191
originales	4979190
peniche	4979189
resplendissante	4979188
decouvrons	4979187
psi	4979186
aspen	4979185
sachions	4979184
indesirables	4979183
groom	4979182
denzel	4979181
child	4979180
macchabee	4979179
tapent	4979178
sentirait	4979177
expliquant	4979176
parez	4979175
creves	4979174
chaleureusement	4979173
sitting	4979172
apportais	4979171
trompettes	4979170
waterloo	4979169
mangerait	4979168
dib	4979167
boitier	4979166
regagnez	4979165
indicateur	4979164
confrere	4979163
ringards	4979162
khalid	4979161
penthouse	4979160
basta	4979159
chlore	4979158
clerge	4979157
brando	4979156
retenait	4979155
gator	4979154
vicieuse	4979153
ahmad	4979152
impartial	4979151
avoues	4979150
willa	4979149
sourcil	4979148
compas	4979147
germain	4979146
vrac	4979145
ponte	4979144
drummond	4979143
occuperas	4979142
aventurier	4979141
priant	4979140
quittiez	4979139
souviendrez	4979138
tablettes	4979137
nylon	4979136
republicaine	4979135
hester	4979134
attarder	4979133
entendes	4979132
brouillon	4979131
alarmer	4979130
cynisme	4979129
assortis	4979128
lorne	4979127
volaient	4979126
damn	4979125
parcourt	4979124
constantine	4979123
intimement	4979122
rox	4979121
cabe	4979120
caveau	4979119
wish	4979118
irremplacable	4979117
gazelle	4979116
pluriel	4979115
veuillent	4979114
prouesses	4979113
haissait	4979112
boca	4979111
estimee	4979110
buveur	4979109
nebuleuse	4979108
gardens	4979107
britt	4979106
javi	4979105
britannia	4979104
falcon	4979103
craquant	4979102
volcans	4979101
gaine	4979100
universal	4979099
flashs	4979098
anal	4979097
anson	4979096
effectif	4979095
sanatorium	4979094
luttes	4979093
traire	4979092
developpent	4979091
motus	4979090
bassiste	4979089
intensement	4979088
beuverie	4979087
basque	4979086
canaliser	4979085
jugent	4979084
envisages	4979083
mikhail	4979082
iranien	4979081
rudi	4979080
epousant	4979079
carree	4979078
intellect	4979077
couette	4979076
harmonica	4979075
disposee	4979074
plis	4979073
tyra	4979072
psychiques	4979071
entrerai	4979070
replonger	4979069
thunder	4979068
fouette	4979067
lisiez	4979066
jiro	4979065
louvre	4979064
elucider	4979063
posterieur	4979062
hodge	4979061
tralala	4979060
gestionnaire	4979059
aumone	4979058
prostitue	4979057
gloussement	4979056
chatouilles	4979055
dirigeais	4979054
enrico	4979053
facettes	4979052
work	4979051
gorges	4979050
aucunement	4979049
utiliserait	4979048
gabriella	4979047
anarchiste	4979046
johns	4979045
inondations	4979044
crapules	4979043
cod	4979042
cosmetiques	4979041
thierry	4979040
chilton	4979039
vigoureux	4979038
continuum	4979037
rives	4979036
insecurite	4979035
traversons	4979034
regrouper	4979033
essentiels	4979032
stackhouse	4979031
deviation	4979030
musiques	4979029
friandise	4979028
artefacts	4979027
frederic	4979026
menerait	4979025
tousser	4979024
commandee	4979023
baber	4979022
litiere	4979021
livrent	4979020
venimeux	4979019
lavement	4979018
tupac	4979017
kubrick	4979016
lande	4979015
mondiaux	4979014
traitons	4979013
malt	4979012
traduis	4979011
cornelius	4979010
henrietta	4979009
absurdes	4979008
laideur	4979007
confidences	4979006
sonnera	4979005
devoues	4979004
maybe	4979003
empechant	4979002
hitman	4979001
infiltres	4979000
chassis	4978999
carlotta	4978998
foulee	4978997
effacees	4978996
bouffons	4978995
passionnement	4978994
geindre	4978993
gluant	4978992
plastiques	4978991
arn	4978990
arretant	4978989
carburateur	4978988
hesiterai	4978987
transportant	4978986
wifi	4978985
raclure	4978984
tegana	4978983
deloyal	4978982
their	4978981
goes	4978980
evangile	4978979
trainant	4978978
vinny	4978977
menageres	4978976
entendront	4978975
accusant	4978974
acceptais	4978973
tulipes	4978972
provenait	4978971
transparence	4978970
inceste	4978969
marriage	4978968
reveilleras	4978967
touchees	4978966
amusants	4978965
apparaisse	4978964
contraintes	4978963
rentriez	4978962
trampoline	4978961
profitable	4978960
madone	4978959
sbires	4978958
calisse	4978957
goran	4978956
fenton	4978955
favorables	4978954
seine	4978953
confond	4978952
nine	4978951
coccinelle	4978950
cracker	4978949
masterson	4978948
respectons	4978947
relevee	4978946
pheromones	4978945
echoues	4978944
poteaux	4978943
smokey	4978942
thank	4978941
jump	4978940
systematiquement	4978939
absolution	4978938
attaquons	4978937
philo	4978936
frequemment	4978935
endorme	4978934
occidentaux	4978933
diplomatiques	4978932
jingle	4978931
epargnee	4978930
commerciales	4978929
commets	4978928
laquais	4978927
baisais	4978926
trinite	4978925
press	4978924
scrupule	4978923
morelli	4978922
miette	4978921
comblee	4978920
poursuivant	4978919
bucarest	4978918
rallumer	4978917
variable	4978916
malcom	4978915
kei	4978914
confondez	4978913
froisser	4978912
guacamole	4978911
etouffant	4978910
watanabe	4978909
phases	4978908
apprecierez	4978907
refoule	4978906
conor	4978905
fondamental	4978904
deposes	4978903
accumule	4978902
decisive	4978901
flattez	4978900
alertes	4978899
lithium	4978898
wick	4978897
tragiques	4978896
poivrons	4978895
empruntee	4978894
antan	4978893
crachez	4978892
ovule	4978891
trav	4978890
alignement	4978889
deraille	4978888
defendrai	4978887
perilleux	4978886
rencontrerez	4978885
devancer	4978884
fouettee	4978883
barclay	4978882
clebard	4978881
cric	4978880
laterale	4978879
pompeux	4978878
pietine	4978877
heretique	4978876
auditorium	4978875
ten	4978874
hartford	4978873
genere	4978872
apprendrais	4978871
malaisie	4978870
linc	4978869
sanitaires	4978868
sourient	4978867
respectait	4978866
contamines	4978865
stimule	4978864
separatistes	4978863
prendriez	4978862
garret	4978861
noisette	4978860
cligne	4978859
store	4978858
roumain	4978857
mccormick	4978856
paranormal	4978855
minet	4978854
embobiner	4978853
construits	4978852
prematurement	4978851
doudou	4978850
kahlan	4978849
supportera	4978848
directs	4978847
bacle	4978846
taupes	4978845
incantation	4978844
jaser	4978843
pepperoni	4978842
greffes	4978841
ascendant	4978840
gayle	4978839
suivrais	4978838
limace	4978837
wee	4978836
depotoir	4978835
osera	4978834
statistique	4978833
vou	4978832
telephonez	4978831
revendeur	4978830
retentit	4978829
kieran	4978828
commenciez	4978827
sympathiques	4978826
incomplet	4978825
offrandes	4978824
popeye	4978823
prouvez	4978822
una	4978821
prem	4978820
luge	4978819
mouette	4978818
brunes	4978817
jouerait	4978816
prendraient	4978815
particule	4978814
dugan	4978813
clarinette	4978812
lanternes	4978811
bone	4978810
miraculeuse	4978809
experimentale	4978808
waou	4978807
triompher	4978806
consultants	4978805
prolongee	4978804
devance	4978803
fondent	4978802
soumission	4978801
reussiras	4978800
jugera	4978799
anecdotes	4978798
deminage	4978797
egarer	4978796
fissa	4978795
empoisonnes	4978794
scellee	4978793
parodie	4978792
niais	4978791
disquette	4978790
bonaparte	4978789
culots	4978788
yasir	4978787
nets	4978786
differencie	4978785
hispanique	4978784
lights	4978783
constellation	4978782
holiday	4978781
soulevement	4978780
lobo	4978779
skype	4978778
demonte	4978777
chronometre	4978776
odyssee	4978775
divisionnaire	4978774
deale	4978773
henrik	4978772
belges	4978771
scierie	4978770
tahoe	4978769
embetes	4978768
bibine	4978767
clignotant	4978766
fichtre	4978765
fief	4978764
pacifiques	4978763
froisse	4978762
minorites	4978761
vecurent	4978760
revenants	4978759
pepere	4978758
presentant	4978757
etanche	4978756
chiche	4978755
fichues	4978754
attaquait	4978753
mahoney	4978752
pamplemousse	4978751
mediation	4978750
craignos	4978749
olson	4978748
quilles	4978747
nids	4978746
saracen	4978745
harcelait	4978744
mythique	4978743
paien	4978742
vivront	4978741
decrete	4978740
echouent	4978739
periple	4978738
equateur	4978737
architectes	4978736
remplaces	4978735
ourse	4978734
decliner	4978733
ventura	4978732
worf	4978731
replier	4978730
corpus	4978729
retrouvais	4978728
prodigieux	4978727
malfrats	4978726
chargent	4978725
anwar	4978724
cibler	4978723
eclairee	4978722
pichet	4978721
balancee	4978720
lancons	4978719
pong	4978718
prolonge	4978717
spheres	4978716
saucisson	4978715
gregson	4978714
deroulent	4978713
domino	4978712
clochards	4978711
enrages	4978710
wake	4978709
bidule	4978708
privilegies	4978707
autocollants	4978706
carrure	4978705
christmas	4978704
interaction	4978703
armani	4978702
deshydratation	4978701
frayer	4978700
kind	4978699
efficacement	4978698
barksdale	4978697
marthe	4978696
existera	4978695
infrastructure	4978694
regretterai	4978693
pondu	4978692
ameliorations	4978691
chauves	4978690
rapporterai	4978689
rengaine	4978688
justifiee	4978687
sharma	4978686
fripouille	4978685
enclenche	4978684
barricade	4978683
cloison	4978682
prometteuse	4978681
chimere	4978680
manquaient	4978679
consultations	4978678
aiguise	4978677
souhaitiez	4978676
meghan	4978675
rai	4978674
individuellement	4978673
exceptionnels	4978672
graphiques	4978671
shows	4978670
decrypter	4978669
confins	4978668
disciplinaire	4978667
editions	4978666
velma	4978665
exceptionnellement	4978664
chantilly	4978663
grantham	4978662
provoquent	4978661
obeses	4978660
bretzel	4978659
luttent	4978658
analgesiques	4978657
endosser	4978656
next	4978655
tomorrow	4978654
visuels	4978653
showbiz	4978652
habillent	4978651
tyrans	4978650
epanouir	4978649
procession	4978648
nullement	4978647
venice	4978646
peinard	4978645
chiba	4978644
rejetes	4978643
cognee	4978642
superflu	4978641
repartent	4978640
examinons	4978639
pacemaker	4978638
affectent	4978637
acres	4978636
andrei	4978635
icitte	4978634
makoto	4978633
parental	4978632
serrees	4978631
fusillades	4978630
groupie	4978629
pedicure	4978628
bulls	4978627
fatalite	4978626
atticus	4978625
arkady	4978624
forcant	4978623
barbarie	4978622
kaitlin	4978621
camaraderie	4978620
handicapee	4978619
carnegie	4978618
skyler	4978617
recipient	4978616
appliquee	4978615
convocation	4978614
magnesium	4978613
abreger	4978612
scranton	4978611
salim	4978610
detachee	4978609
directive	4978608
avancait	4978607
poussieres	4978606
abstrait	4978605
viviane	4978604
obsolete	4978603
jurerais	4978602
humeurs	4978601
disparut	4978600
dove	4978599
theiere	4978598
martina	4978597
ceramique	4978596
striptease	4978595
save	4978594
pretention	4978593
finirons	4978592
deirdre	4978591
babouin	4978590
appretait	4978589
soto	4978588
portions	4978587
urinaire	4978586
ohhh	4978585
exclusion	4978584
materielles	4978583
categorique	4978582
impie	4978581
figues	4978580
manies	4978579
posterite	4978578
harcelee	4978577
apprehende	4978576
escroque	4978575
botanique	4978574
repetent	4978573
embouteillage	4978572
alcoolemie	4978571
communiquent	4978570
murph	4978569
eboueur	4978568
zod	4978567
expier	4978566
retournant	4978565
mohamed	4978564
equipiers	4978563
indicatif	4978562
impro	4978561
dormaient	4978560
filtrer	4978559
apport	4978558
signera	4978557
bannie	4978556
miraculeusement	4978555
initiatives	4978554
extravagant	4978553
deguster	4978552
flottent	4978551
contagion	4978550
ponctualite	4978549
tomie	4978548
ramenons	4978547
gogol	4978546
bobines	4978545
constructeur	4978544
nitrate	4978543
steward	4978542
eternels	4978541
favela	4978540
rodeur	4978539
shell	4978538
excuserez	4978537
enlacer	4978536
thought	4978535
expirez	4978534
kimball	4978533
indisponible	4978532
alter	4978531
ramassee	4978530
stoppez	4978529
clonage	4978528
pathologique	4978527
jock	4978526
kleenex	4978525
claustrophobe	4978524
italiennes	4978523
superette	4978522
evacues	4978521
restos	4978520
enfantin	4978519
consommateur	4978518
rothschild	4978517
breakfast	4978516
ranges	4978515
friture	4978514
cyclope	4978513
viendrons	4978512
mean	4978511
hoshi	4978510
fendre	4978509
anonymement	4978508
immersion	4978507
liberateur	4978506
troc	4978505
abandonnerais	4978504
gendarmerie	4978503
dissection	4978502
palet	4978501
shilling	4978500
alive	4978499
supportez	4978498
muter	4978497
highland	4978496
tropiques	4978495
baines	4978494
physio	4978493
revant	4978492
zeta	4978491
concentrez	4978490
composes	4978489
milkshake	4978488
continental	4978487
digital	4978486
keane	4978485
foires	4978484
wharton	4978483
muri	4978482
valhalla	4978481
bouh	4978480
kaoru	4978479
resserre	4978478
chaire	4978477
jocelyn	4978476
tulsa	4978475
bulldozer	4978474
logiquement	4978473
eclaircit	4978472
travailleuse	4978471
arreterez	4978470
cuiller	4978469
devis	4978468
preparant	4978467
dodd	4978466
argumenter	4978465
nouille	4978464
tournois	4978463
effrayantes	4978462
decouvrant	4978461
atrocement	4978460
combiner	4978459
cadette	4978458
pacifiste	4978457
soutiendra	4978456
mortellement	4978455
truck	4978454
figurine	4978453
disculper	4978452
hpd	4978451
cabo	4978450
chae	4978449
stockton	4978448
francie	4978447
apu	4978446
paresse	4978445
littardi	4978444
pouquoi	4978443
kwan	4978442
joignable	4978441
eclatant	4978440
thermos	4978439
tentee	4978438
apercoive	4978437
paturages	4978436
alliage	4978435
conviennent	4978434
archeologue	4978433
colonial	4978432
perspicacite	4978431
hotchner	4978430
partaient	4978429
buick	4978428
minuterie	4978427
glacees	4978426
immatriculee	4978425
amputation	4978424
robyn	4978423
faufile	4978422
squatter	4978421
poisons	4978420
dechiquete	4978419
surfait	4978418
toxicomane	4978417
med	4978416
radioactive	4978415
guirlandes	4978414
shiro	4978413
bourgogne	4978412
arythmie	4978411
season	4978410
quatuor	4978409
enervent	4978408
desesperees	4978407
documentaires	4978406
amarres	4978405
adrien	4978404
filait	4978403
robotique	4978402
mongo	4978401
dalek	4978400
accueillez	4978399
coucherai	4978398
amigos	4978397
filmez	4978396
redoubler	4978395
depassait	4978394
reggae	4978393
envahissent	4978392
renseignee	4978391
chloroforme	4978390
crocker	4978389
organiques	4978388
celeri	4978387
mass	4978386
decoit	4978385
ressors	4978384
geller	4978383
shana	4978382
incitation	4978381
creons	4978380
pelerin	4978379
birdie	4978378
previenne	4978377
garibaldi	4978376
dupree	4978375
aiderons	4978374
pancho	4978373
carrelage	4978372
televiseur	4978371
cruellement	4978370
commerces	4978369
dard	4978368
slogans	4978367
heat	4978366
iphone	4978365
rattrapage	4978364
sylar	4978363
enthousiastes	4978362
supportable	4978361
observant	4978360
applications	4978359
hepatique	4978358
soumets	4978357
bit	4978356
shack	4978355
constituer	4978354
evoluent	4978353
same	4978352
amphetamines	4978351
ajuste	4978350
exorciste	4978349
imper	4978348
agira	4978347
versez	4978346
tunique	4978345
tricherie	4978344
ralphie	4978343
bisons	4978342
explore	4978341
leopold	4978340
miniere	4978339
indonesie	4978338
hideuse	4978337
kepner	4978336
denton	4978335
tirerais	4978334
sucettes	4978333
ramassage	4978332
digestif	4978331
springer	4978330
decouvrirez	4978329
sunil	4978328
yumiko	4978327
entraver	4978326
shrek	4978325
urticaire	4978324
engendrer	4978323
battues	4978322
army	4978321
relative	4978320
pertinence	4978319
commises	4978318
finlande	4978317
liras	4978316
res	4978315
suivies	4978314
rongeur	4978313
raphael	4978312
paumes	4978311
eraflure	4978310
satisfaisante	4978309
phosphore	4978308
possessions	4978307
hap	4978306
longueurs	4978305
blind	4978304
cremes	4978303
nitro	4978302
activement	4978301
aigoo	4978300
messagers	4978299
contradictoires	4978298
monopoly	4978297
interrompt	4978296
flippes	4978295
bossu	4978294
alterer	4978293
jing	4978292
reduis	4978291
noelle	4978290
analogie	4978289
abandonnant	4978288
canaan	4978287
rasage	4978286
radioactivite	4978285
expliquais	4978284
holloway	4978283
issus	4978282
impulsive	4978281
shooting	4978280
detestaient	4978279
preparerai	4978278
petersen	4978277
antechrist	4978276
flip	4978275
silo	4978274
atomiques	4978273
fournissent	4978272
row	4978271
esquimaux	4978270
entrainements	4978269
recontacte	4978268
sunday	4978267
nomades	4978266
saper	4978265
fern	4978264
livrez	4978263
eyre	4978262
opprimes	4978261
improvisation	4978260
prestigieuse	4978259
assignee	4978258
fresno	4978257
tropical	4978256
chassait	4978255
pardonnerais	4978254
conviens	4978253
contemple	4978252
figurants	4978251
rapportez	4978250
tisane	4978249
pelt	4978248
kellogg	4978247
chercheront	4978246
skis	4978245
bane	4978244
favor	4978243
cesses	4978242
attirera	4978241
renvoient	4978240
guilde	4978239
operent	4978238
assigner	4978237
gable	4978236
procedez	4978235
ozone	4978234
prieur	4978233
naissances	4978232
manipulatrice	4978231
traitees	4978230
brousse	4978229
animer	4978228
concerto	4978227
brisez	4978226
ferdinand	4978225
gruber	4978224
traffic	4978223
farrow	4978222
cedar	4978221
delicats	4978220
visais	4978219
huitre	4978218
estimations	4978217
noriko	4978216
decontamination	4978215
seiya	4978214
cut	4978213
inevitablement	4978212
jansen	4978211
preside	4978210
fixait	4978209
epatante	4978208
bridges	4978207
alana	4978206
demeurer	4978205
dwyer	4978204
melangent	4978203
resous	4978202
chagrins	4978201
gravir	4978200
crissement	4978199
rosbif	4978198
epargnez	4978197
excuserai	4978196
abaisse	4978195
expeditions	4978194
constructions	4978193
racle	4978192
glock	4978191
pilates	4978190
ms	4978189
xbox	4978188
radicalement	4978187
reparez	4978186
arreterons	4978185
viva	4978184
repondrais	4978183
accelerez	4978182
etudient	4978181
brisent	4978180
birmanie	4978179
fitness	4978178
raffole	4978177
oxy	4978176
optimistes	4978175
hole	4978174
ground	4978173
prosperer	4978172
tisser	4978171
seeley	4978170
dum	4978169
poussins	4978168
crevent	4978167
seconds	4978166
truffe	4978165
kinney	4978164
demanderez	4978163
saroyan	4978162
camionneur	4978161
iraniens	4978160
fauve	4978159
inefficace	4978158
signalee	4978157
enid	4978156
nautique	4978155
imprudente	4978154
subite	4978153
chaussee	4978152
irrite	4978151
falcone	4978150
ripou	4978149
aviateur	4978148
impenetrables	4978147
entendrai	4978146
addams	4978145
epilation	4978144
danvers	4978143
imitations	4978142
evitent	4978141
regarda	4978140
dunes	4978139
rothstein	4978138
amande	4978137
bricoler	4978136
projectile	4978135
trainees	4978134
oublieront	4978133
moites	4978132
quinte	4978131
approuvee	4978130
hansel	4978129
exaucer	4978128
chenil	4978127
naina	4978126
traumatisee	4978125
stefano	4978124
poppins	4978123
occupiez	4978122
concepts	4978121
paniques	4978120
simplet	4978119
entretenu	4978118
raides	4978117
ecoeurant	4978116
revenaient	4978115
chomeurs	4978114
bora	4978113
lindy	4978112
prepaye	4978111
porterez	4978110
flatterie	4978109
roxie	4978108
joyeusement	4978107
promue	4978106
crac	4978105
aphrodisiaque	4978104
inflammable	4978103
changeais	4978102
meadows	4978101
tartine	4978100
raccourcis	4978099
pritchard	4978098
temoignera	4978097
calomnie	4978096
unissent	4978095
paresseuse	4978094
dediee	4978093
elvira	4978092
martial	4978091
franchis	4978090
pastilles	4978089
citadelle	4978088
hisser	4978087
hypnotiser	4978086
keyes	4978085
spatiaux	4978084
atterris	4978083
inoffensifs	4978082
quiz	4978081
informerai	4978080
heo	4978079
duvet	4978078
quitterez	4978077
shut	4978076
laisseraient	4978075
mangue	4978074
mcgill	4978073
sapiens	4978072
apero	4978071
fossile	4978070
reginald	4978069
quitta	4978068
attirail	4978067
divisee	4978066
affrontent	4978065
dormons	4978064
rapplique	4978063
ebriete	4978062
fonte	4978061
enough	4978060
poussiereux	4978059
appretais	4978058
degradant	4978057
chop	4978056
laissa	4978055
bricoles	4978054
joug	4978053
biggie	4978052
barracuda	4978051
scanne	4978050
tripote	4978049
gatsby	4978048
destins	4978047
toro	4978046
those	4978045
zhou	4978044
sollicitude	4978043
barone	4978042
penitentiaire	4978041
entra	4978040
bayou	4978039
quotidiennement	4978038
depensent	4978037
adhesion	4978036
eunuque	4978035
poupe	4978034
synch	4978033
seamus	4978032
allumeuse	4978031
oubliait	4978030
wash	4978029
surchauffe	4978028
cuites	4978027
gregg	4978026
karin	4978025
barnett	4978024
municipalite	4978023
camescope	4978022
hitomi	4978021
rigolos	4978020
commandants	4978019
aristocrate	4978018
under	4978017
precipitamment	4978016
dov	4978015
dindes	4978014
larguez	4978013
davina	4978012
focaliser	4978011
berg	4978010
nervosite	4978009
natacha	4978008
cachaient	4978007
gonzalez	4978006
succomber	4978005
rest	4978004
misty	4978003
many	4978002
ingeniosite	4978001
hahn	4978000
chignon	4977999
sceptre	4977998
choisies	4977997
asperges	4977996
talc	4977995
tornades	4977994
hygienique	4977993
sied	4977992
pores	4977991
decroches	4977990
doing	4977989
trahissent	4977988
empechement	4977987
charming	4977986
geiger	4977985
boche	4977984
compulsif	4977983
apporterait	4977982
sillage	4977981
alaric	4977980
taels	4977979
competitif	4977978
bieber	4977977
opposent	4977976
revetement	4977975
sister	4977974
alentour	4977973
fantaisiste	4977972
deposerai	4977971
asgard	4977970
notions	4977969
autobiographie	4977968
dilatees	4977967
faucons	4977966
entraineurs	4977965
congedie	4977964
erudit	4977963
parois	4977962
camaro	4977961
aspirations	4977960
nettoierai	4977959
infeste	4977958
respirent	4977957
construisons	4977956
vikram	4977955
descendrai	4977954
fellation	4977953
gymnaste	4977952
contrees	4977951
selections	4977950
assaillant	4977949
genent	4977948
indiquait	4977947
normalite	4977946
executeur	4977945
idiotie	4977944
enlevant	4977943
marmotte	4977942
illogique	4977941
fifi	4977940
bagarrer	4977939
renforcee	4977938
prude	4977937
vestimentaire	4977936
chalumeau	4977935
flambant	4977934
orbites	4977933
salis	4977932
interieurement	4977931
givre	4977930
limo	4977929
partageant	4977928
maxie	4977927
danserai	4977926
enseignements	4977925
debloques	4977924
pollock	4977923
preferons	4977922
courriel	4977921
comprit	4977920
dorothee	4977919
essaierait	4977918
biggs	4977917
reformuler	4977916
presley	4977915
buckner	4977914
ders	4977913
defendent	4977912
remarquablement	4977911
looser	4977910
retournais	4977909
ponton	4977908
feutre	4977907
start	4977906
accouplement	4977905
attentions	4977904
lombaire	4977903
halluciner	4977902
chamailler	4977901
vale	4977900
gencives	4977899
torrent	4977898
navettes	4977897
gao	4977896
vile	4977895
genitales	4977894
recession	4977893
appreciation	4977892
tits	4977891
keenan	4977890
macao	4977889
degradation	4977888
blaire	4977887
sorry	4977886
regnait	4977885
charogne	4977884
pardonneras	4977883
obeissant	4977882
deconnecter	4977881
expulsee	4977880
laids	4977879
percuter	4977878
belgrade	4977877
repondes	4977876
bordure	4977875
sautee	4977874
genese	4977873
pluton	4977872
decidons	4977871
half	4977870
emmalin	4977869
etourdie	4977868
ass	4977867
comparez	4977866
lamenter	4977865
rayonnement	4977864
canalisations	4977863
dispersion	4977862
anciennete	4977861
nettoyais	4977860
interrompons	4977859
battrais	4977858
matter	4977857
pompon	4977856
vaincra	4977855
deserts	4977854
cases	4977853
jia	4977852
mata	4977851
anthropologie	4977850
award	4977849
creees	4977848
gupta	4977847
draguee	4977846
peluches	4977845
bum	4977844
seniors	4977843
puait	4977842
cleary	4977841
bourrique	4977840
ferveur	4977839
graisses	4977838
usees	4977837
macaroni	4977836
paramount	4977835
seve	4977834
agricoles	4977833
tuile	4977832
entourer	4977831
animosite	4977830
biliaire	4977829
defais	4977828
cerfs	4977827
attendrez	4977826
dormes	4977825
maudire	4977824
might	4977823
eteignent	4977822
batista	4977821
teo	4977820
grincement	4977819
assorti	4977818
sacrifies	4977817
sclerose	4977816
ventriculaire	4977815
avancera	4977814
scarlet	4977813
dam	4977812
bannister	4977811
ameliorent	4977810
stabler	4977809
baird	4977808
accoupler	4977807
promotions	4977806
someone	4977805
laitier	4977804
orale	4977803
rhys	4977802
downey	4977801
carlito	4977800
melons	4977799
plaidoyer	4977798
enroule	4977797
parer	4977796
venerable	4977795
ibm	4977794
krieger	4977793
other	4977792
renouer	4977791
taft	4977790
circle	4977789
dirigeons	4977788
tentacules	4977787
violees	4977786
metalliques	4977785
vignes	4977784
hancock	4977783
eboueurs	4977782
activiste	4977781
confreres	4977780
etroitement	4977779
genji	4977778
glou	4977777
lauriers	4977776
indiscrete	4977775
giggity	4977774
aya	4977773
sgc	4977772
carrosserie	4977771
succulent	4977770
furet	4977769
faust	4977768
jonny	4977767
torcher	4977766
lavez	4977765
entretuent	4977764
lisbeth	4977763
toque	4977762
vertueuse	4977761
solidaires	4977760
enzyme	4977759
insolite	4977758
espionnait	4977757
bistouri	4977756
moquais	4977755
sauvent	4977754
brioches	4977753
bris	4977752
hamid	4977751
lifting	4977750
soleils	4977749
namaste	4977748
pellicules	4977747
devinrent	4977746
enseignez	4977745
middleton	4977744
aristote	4977743
salaam	4977742
emportes	4977741
ooo	4977740
manipulee	4977739
detenues	4977738
mckenna	4977737
entraide	4977736
dai	4977735
lynx	4977734
castillo	4977733
genome	4977732
paralyser	4977731
canapes	4977730
ketamine	4977729
chimiotherapie	4977728
gravee	4977727
rocheuses	4977726
alertez	4977725
avon	4977724
flacons	4977723
reagissez	4977722
echauffement	4977721
aaaah	4977720
couchera	4977719
terminez	4977718
prevoyait	4977717
defiance	4977716
jolly	4977715
affectueusement	4977714
digestion	4977713
commencions	4977712
satanique	4977711
fougueux	4977710
alexandrie	4977709
epouseras	4977708
germaine	4977707
raf	4977706
entertainment	4977705
sechee	4977704
glucose	4977703
montante	4977702
lancait	4977701
landon	4977700
dinez	4977699
brook	4977698
essor	4977697
connolly	4977696
eunice	4977695
relaches	4977694
conservation	4977693
constructeurs	4977692
verbal	4977691
bibi	4977690
consistait	4977689
appuyant	4977688
aphrodite	4977687
electric	4977686
defigure	4977685
dechirent	4977684
modestes	4977683
therapies	4977682
sanglote	4977681
yamada	4977680
ressasser	4977679
souterrains	4977678
poterie	4977677
revolvers	4977676
pacino	4977675
hab	4977674
ariane	4977673
whitaker	4977672
militant	4977671
geolier	4977670
achetons	4977669
hawkes	4977668
autiste	4977667
feminite	4977666
volatilise	4977665
montrerait	4977664
connaitrez	4977663
originalite	4977662
tirelire	4977661
implications	4977660
dickinson	4977659
dock	4977658
filou	4977657
coffee	4977656
small	4977655
gurren	4977654
petrolier	4977653
susannah	4977652
fastoche	4977651
tardif	4977650
desirable	4977649
saw	4977648
manticore	4977647
mangeurs	4977646
marshmallows	4977645
mako	4977644
alcools	4977643
aye	4977642
reapparaitre	4977641
presbytere	4977640
jens	4977639
bao	4977638
decharges	4977637
goose	4977636
ndt	4977635
pla	4977634
redoutables	4977633
fernandez	4977632
lodge	4977631
propagation	4977630
naine	4977629
anatomy	4977628
participent	4977627
sahara	4977626
dormirez	4977625
genealogique	4977624
sipowicz	4977623
aideriez	4977622
shan	4977621
colocs	4977620
arbitraire	4977619
offensant	4977618
poulettes	4977617
stef	4977616
virages	4977615
bret	4977614
reveillerai	4977613
storybrooke	4977612
englouti	4977611
comes	4977610
tabarnac	4977609
ryos	4977608
cancers	4977607
darrell	4977606
chapelet	4977605
mammiferes	4977604
endora	4977603
sequelles	4977602
judo	4977601
instables	4977600
hemorroides	4977599
mccord	4977598
rendormir	4977597
harker	4977596
bow	4977595
inviterai	4977594
negligee	4977593
walton	4977592
anastasia	4977591
approuvez	4977590
exterminateur	4977589
courtiser	4977588
irreversible	4977587
splendides	4977586
allocation	4977585
minerai	4977584
tirerait	4977583
den	4977582
rei	4977581
addy	4977580
mallard	4977579
modeler	4977578
inappropriee	4977577
tuyauterie	4977576
marti	4977575
succeder	4977574
gordo	4977573
dissequer	4977572
banana	4977571
croyante	4977570
mustafa	4977569
lennie	4977568
mays	4977567
accomplit	4977566
athletisme	4977565
distinctes	4977564
degainer	4977563
quint	4977562
sondes	4977561
waw	4977560
concourir	4977559
garagiste	4977558
potager	4977557
heinz	4977556
occulte	4977555
gerait	4977554
suicidaires	4977553
grincheuse	4977552
estiment	4977551
esr	4977550
deceptions	4977549
jugulaire	4977548
continuant	4977547
mollets	4977546
utiliserons	4977545
appater	4977544
coutures	4977543
marlin	4977542
repartira	4977541
renonces	4977540
korsak	4977539
pillules	4977538
contree	4977537
nassau	4977536
cimetieres	4977535
remarquent	4977534
dissous	4977533
disions	4977532
suppliant	4977531
septique	4977530
defensives	4977529
mayas	4977528
amusera	4977527
deplorable	4977526
coiffee	4977525
repeint	4977524
jodi	4977523
archange	4977522
list	4977521
configuration	4977520
museau	4977519
equilibrer	4977518
listen	4977517
pen	4977516
perturbes	4977515
maline	4977514
inoui	4977513
bouillant	4977512
tremblez	4977511
seinfeld	4977510
bingley	4977509
annoncez	4977508
terroriser	4977507
moqueur	4977506
tireront	4977505
conteneurs	4977504
secundo	4977503
separera	4977502
ls	4977501
melent	4977500
grosseur	4977499
pardonnons	4977498
brillait	4977497
watergate	4977496
prehistorique	4977495
poursuivrai	4977494
falsifier	4977493
maltraiter	4977492
reliees	4977491
akiko	4977490
medina	4977489
raccourcir	4977488
logis	4977487
helsing	4977486
molles	4977485
soignez	4977484
ruxin	4977483
flancs	4977482
gaterie	4977481
pulsion	4977480
restaure	4977479
teinturier	4977478
jap	4977477
insinuations	4977476
dispositifs	4977475
eta	4977474
toyota	4977473
reflets	4977472
prevoient	4977471
opportuniste	4977470
discorde	4977469
vecteur	4977468
portia	4977467
derailler	4977466
speculer	4977465
protecteurs	4977464
tribut	4977463
cocos	4977462
winger	4977461
psychiatriques	4977460
forer	4977459
mayfield	4977458
angels	4977457
while	4977456
virgile	4977455
comanches	4977454
cotoyer	4977453
indigene	4977452
fallut	4977451
methamphetamine	4977450
taulard	4977449
flush	4977448
positivement	4977447
freedom	4977446
exclamation	4977445
hublot	4977444
ramenais	4977443
exaltant	4977442
chantaient	4977441
parfume	4977440
vietnamien	4977439
presentons	4977438
gaufre	4977437
webcam	4977436
fermait	4977435
salve	4977434
mensuel	4977433
guerrero	4977432
refuter	4977431
mormons	4977430
frivole	4977429
tentera	4977428
sensuelle	4977427
fabriquait	4977426
rongeurs	4977425
rusee	4977424
morrow	4977423
arrogants	4977422
dominos	4977421
dany	4977420
impliquent	4977419
dispense	4977418
ecoulees	4977417
fuel	4977416
sucree	4977415
raids	4977414
somalie	4977413
kyste	4977412
psst	4977411
mas	4977410
fermais	4977409
etablissements	4977408
animee	4977407
protestations	4977406
echouez	4977405
flower	4977404
rhin	4977403
appellerez	4977402
attenuantes	4977401
rythmee	4977400
whole	4977399
numeriques	4977398
samuels	4977397
hardman	4977396
vallees	4977395
tiraient	4977394
kota	4977393
ran	4977392
pisses	4977391
incinerer	4977390
agacer	4977389
cornet	4977388
calhoun	4977387
templeton	4977386
ingrats	4977385
eventuelle	4977384
essentielles	4977383
wynn	4977382
ogden	4977381
fonctionnel	4977380
rodgers	4977379
loco	4977378
instagram	4977377
ml	4977376
nicaragua	4977375
vegetation	4977374
accompagnerai	4977373
zorro	4977372
analystes	4977371
silencieusement	4977370
qin	4977369
katarina	4977368
organisait	4977367
piedestal	4977366
dobson	4977365
comptaient	4977364
desinfecter	4977363
tweet	4977362
raffinee	4977361
sarge	4977360
coast	4977359
ajournee	4977358
siamois	4977357
eventuel	4977356
anterieur	4977355
forcent	4977354
lefty	4977353
guillermo	4977352
primitifs	4977351
eviterais	4977350
pee	4977349
accueillis	4977348
debarquez	4977347
tyrell	4977346
aigri	4977345
endette	4977344
frau	4977343
nefaste	4977342
deroute	4977341
navets	4977340
causerait	4977339
aveugler	4977338
diem	4977337
klaxonne	4977336
congeler	4977335
accumuler	4977334
lots	4977333
visqueux	4977332
lucidite	4977331
didier	4977330
heroiques	4977329
changees	4977328
dahl	4977327
shu	4977326
boulon	4977325
malsaine	4977324
assemble	4977323
lasso	4977322
attirez	4977321
sock	4977320
nunnally	4977319
renomme	4977318
refuserait	4977317
vegetariens	4977316
armez	4977315
cade	4977314
retourna	4977313
mmmh	4977312
perils	4977311
maintenue	4977310
recycler	4977309
proxenete	4977308
grises	4977307
intelligemment	4977306
jouions	4977305
rigoureux	4977304
regarderas	4977303
innovation	4977302
astor	4977301
enlevons	4977300
fouillant	4977299
incendier	4977298
tremblait	4977297
irreparable	4977296
voyants	4977295
parabole	4977294
traquent	4977293
lucrezia	4977292
cousines	4977291
apparut	4977290
hindou	4977289
demoniaques	4977288
briefer	4977287
detectee	4977286
angelus	4977285
sentons	4977284
variations	4977283
enseignent	4977282
steriles	4977281
ailier	4977280
ucla	4977279
dissipe	4977278
glucides	4977277
drago	4977276
integree	4977275
proc	4977274
augustine	4977273
debusquer	4977272
baladent	4977271
esquimau	4977270
sordides	4977269
apotres	4977268
tuttle	4977267
filante	4977266
convoquee	4977265
lointains	4977264
procedons	4977263
pretentieuse	4977262
tueries	4977261
nounous	4977260
gravier	4977259
monoxyde	4977258
sgt	4977257
tapant	4977256
donneraient	4977255
revirement	4977254
gilda	4977253
contraindre	4977252
polio	4977251
rafi	4977250
applaudissement	4977249
jonction	4977248
fossoyeur	4977247
transpondeur	4977246
vertebre	4977245
aww	4977244
homie	4977243
offrais	4977242
butte	4977241
joao	4977240
youssef	4977239
perpetuel	4977238
ouvrit	4977237
malfaiteurs	4977236
bouffent	4977235
passive	4977234
laceration	4977233
adaptee	4977232
pature	4977231
nobody	4977230
theatral	4977229
perime	4977228
stupefait	4977227
lonely	4977226
particularite	4977225
kebab	4977224
lobos	4977223
fumees	4977222
chambellan	4977221
elm	4977220
reptile	4977219
penalite	4977218
rasee	4977217
irrigation	4977216
embryon	4977215
tintement	4977214
shabbat	4977213
reece	4977212
equilibree	4977211
servons	4977210
connections	4977209
chapiteau	4977208
souligne	4977207
hivers	4977206
dia	4977205
violez	4977204
prevision	4977203
survole	4977202
prioritaires	4977201
usee	4977200
conjugales	4977199
shauna	4977198
benedictions	4977197
ordonnez	4977196
milner	4977195
tresorerie	4977194
riker	4977193
amorce	4977192
ratons	4977191
trompeur	4977190
trask	4977189
enzymes	4977188
kitchen	4977187
sarajevo	4977186
machoires	4977185
mccabe	4977184
claudette	4977183
aman	4977182
enchaines	4977181
bet	4977180
morfondre	4977179
tetanos	4977178
presentees	4977177
woodstock	4977176
canine	4977175
conde	4977174
resistante	4977173
ossements	4977172
grandira	4977171
stick	4977170
retouches	4977169
linceul	4977168
blaze	4977167
egyptienne	4977166
eternuer	4977165
belinda	4977164
ruelles	4977163
explorateurs	4977162
avi	4977161
recale	4977160
circoncis	4977159
koyuki	4977158
trousseau	4977157
rente	4977156
budgets	4977155
zarbi	4977154
perdrons	4977153
percoit	4977152
poserait	4977151
tillman	4977150
siegel	4977149
ritter	4977148
alvaro	4977147
cochise	4977146
flashe	4977145
jimmie	4977144
marde	4977143
recel	4977142
imaginee	4977141
mausolee	4977140
etrangleur	4977139
ecailles	4977138
renouveau	4977137
creatrice	4977136
california	4977135
changea	4977134
antidouleurs	4977133
bonds	4977132
recherchais	4977131
dorees	4977130
pleurnichard	4977129
reveillais	4977128
mondaine	4977127
audimat	4977126
conductrice	4977125
sparrow	4977124
irakiens	4977123
contourne	4977122
jessup	4977121
pesetas	4977120
shekhar	4977119
purple	4977118
balancent	4977117
matheson	4977116
euphorie	4977115
reecrit	4977114
facs	4977113
reglage	4977112
rigolait	4977111
shi	4977110
rolf	4977109
towers	4977108
briserait	4977107
salam	4977106
antiquaire	4977105
stroh	4977104
braden	4977103
funerarium	4977102
hibernation	4977101
disposes	4977100
mouchards	4977099
espionnais	4977098
asteroides	4977097
plaignez	4977096
interposer	4977095
yoo	4977094
bring	4977093
asperge	4977092
tosh	4977091
bouleversant	4977090
molina	4977089
reticent	4977088
moulant	4977087
utilisiez	4977086
douloureuses	4977085
drop	4977084
pardonnerez	4977083
guepe	4977082
fane	4977081
incompris	4977080
allument	4977079
gite	4977078
baionnette	4977077
invincibles	4977076
collaborateur	4977075
bassine	4977074
demeler	4977073
abrams	4977072
rollers	4977071
connaitrais	4977070
troue	4977069
reston	4977068
entailles	4977067
integralite	4977066
burritos	4977065
merrill	4977064
dementi	4977063
suivrons	4977062
crassus	4977061
rebut	4977060
rocks	4977059
maitrises	4977058
refusons	4977057
lnternet	4977056
random	4977055
maple	4977054
inconvenant	4977053
chrome	4977052
hollandaise	4977051
anniv	4977050
situer	4977049
rencontra	4977048
basiques	4977047
rencontrais	4977046
southfork	4977045
malveillant	4977044
coquins	4977043
garniture	4977042
garderas	4977041
psychanalyse	4977040
embeterait	4977039
connelly	4977038
sensuel	4977037
substitution	4977036
bai	4977035
marcherai	4977034
invitait	4977033
branlee	4977032
presumer	4977031
whitehall	4977030
muhammad	4977029
mavis	4977028
cady	4977027
cabale	4977026
dedommagement	4977025
waiting	4977024
perm	4977023
avc	4977022
sculpte	4977021
lao	4977020
accroitre	4977019
hayward	4977018
foutrais	4977017
emprisonnes	4977016
connaisseur	4977015
deline	4977014
pretendue	4977013
oxyde	4977012
rhea	4977011
gangrene	4977010
imagerie	4977009
eruptions	4977008
gill	4977007
ria	4977006
sauverait	4977005
rommie	4977004
inebranlable	4977003
menages	4977002
minois	4977001
und	4977000
relaxation	4976999
bellows	4976998
critere	4976997
motives	4976996
nourrissant	4976995
westchester	4976994
hallelujah	4976993
amor	4976992
anormalement	4976991
jugeote	4976990
gould	4976989
inutilisable	4976988
molecule	4976987
farcir	4976986
serments	4976985
thrace	4976984
coequipiere	4976983
blackwell	4976982
participes	4976981
allocations	4976980
jeun	4976979
toucheras	4976978
shoote	4976977
avorte	4976976
lundis	4976975
gretel	4976974
somebody	4976973
lose	4976972
choisissons	4976971
devereaux	4976970
remercierai	4976969
anesthesiste	4976968
swann	4976967
confine	4976966
debarrassez	4976965
millimetre	4976964
twiki	4976963
childs	4976962
ecrasante	4976961
fatiguant	4976960
froussard	4976959
ecuyer	4976958
ole	4976957
couvrant	4976956
ulrich	4976955
choe	4976954
deserteurs	4976953
mika	4976952
gagnerons	4976951
repartition	4976950
revendiquer	4976949
rejoignons	4976948
influents	4976947
djshadow	4976946
defunts	4976945
cabanon	4976944
descendais	4976943
experimentation	4976942
shapiro	4976941
bureaucrate	4976940
mercredis	4976939
intactes	4976938
regisseur	4976937
absinthe	4976936
alba	4976935
takahashi	4976934
lises	4976933
vendaient	4976932
debriefing	4976931
zeppelin	4976930
etienne	4976929
redescend	4976928
palette	4976927
chewing	4976926
tendues	4976925
woodward	4976924
mcallister	4976923
hirondelle	4976922
soudes	4976921
caimans	4976920
hermes	4976919
dechainee	4976918
garderait	4976917
battront	4976916
perdit	4976915
extras	4976914
bourdon	4976913
eloignement	4976912
java	4976911
sissy	4976910
contraception	4976909
separez	4976908
hawking	4976907
assimiler	4976906
rallo	4976905
digere	4976904
chatouiller	4976903
ardemment	4976902
remorquer	4976901
impertinent	4976900
platonique	4976899
taffe	4976898
competitions	4976897
zedd	4976896
retourniez	4976895
folklore	4976894
enigmatique	4976893
monet	4976892
delko	4976891
degrade	4976890
bureaucrates	4976889
viral	4976888
damnee	4976887
testez	4976886
comportait	4976885
tremblant	4976884
musicaux	4976883
bergman	4976882
comestible	4976881
excelle	4976880
gamelle	4976879
eclatante	4976878
assemblage	4976877
envisageable	4976876
kaufman	4976875
remontes	4976874
apelle	4976873
surveillera	4976872
envelopper	4976871
yukio	4976870
skylar	4976869
perfect	4976868
zatoichi	4976867
immigre	4976866
pancake	4976865
renie	4976864
documentation	4976863
id	4976862
ecœurant	4976861
sayonara	4976860
bedroom	4976859
huer	4976858
maru	4976857
gelees	4976856
blizzard	4976855
thermostat	4976854
finney	4976853
attraperai	4976852
effroi	4976851
cubaine	4976850
spirituels	4976849
smoothie	4976848
spots	4976847
profane	4976846
inondee	4976845
coupon	4976844
ecoliere	4976843
sortions	4976842
tk	4976841
pommettes	4976840
cartable	4976839
recoin	4976838
margene	4976837
desolees	4976836
epate	4976835
hackett	4976834
aeriens	4976833
pulveriser	4976832
stands	4976831
prozac	4976830
mobiliser	4976829
trotte	4976828
vernissage	4976827
tod	4976826
futes	4976825
leanne	4976824
instabilite	4976823
risotto	4976822
enfreins	4976821
irrationnelle	4976820
utilisateurs	4976819
eclairci	4976818
emprisonnee	4976817
consciencieux	4976816
morose	4976815
trenton	4976814
stats	4976813
degenerer	4976812
annoncant	4976811
lynne	4976810
repetais	4976809
propheties	4976808
fleuri	4976807
impliquait	4976806
obscures	4976805
bello	4976804
complots	4976803
ting	4976802
hippodrome	4976801
sauvegarder	4976800
pitbull	4976799
proposee	4976798
rashid	4976797
nietzsche	4976796
multiplier	4976795
kremlin	4976794
brochette	4976793
pilot	4976792
chandelier	4976791
reussirai	4976790
colerique	4976789
retrouva	4976788
briserai	4976787
influences	4976786
reformes	4976785
survetement	4976784
himalaya	4976783
incombe	4976782
fonces	4976781
cycliste	4976780
pfff	4976779
liasse	4976778
cardinaux	4976777
sandrine	4976776
etau	4976775
renato	4976774
varie	4976773
renovations	4976772
romancier	4976771
femorale	4976770
injures	4976769
reveles	4976768
suivit	4976767
telegraphe	4976766
preoccupes	4976765
varietes	4976764
citoyennete	4976763
williamson	4976762
peppino	4976761
sao	4976760
burning	4976759
suffisament	4976758
biologiste	4976757
vieillissement	4976756
mages	4976755
sollicite	4976754
mouraient	4976753
hospitalisee	4976752
flocon	4976751
insomnies	4976750
noue	4976749
hartmann	4976748
scotche	4976747
craignant	4976746
altruiste	4976745
petes	4976744
tolerant	4976743
dater	4976742
juives	4976741
encouragee	4976740
sono	4976739
accordent	4976738
cp	4976737
redding	4976736
rebeller	4976735
receptions	4976734
ecoliers	4976733
rey	4976732
transportent	4976731
tripot	4976730
orques	4976729
paulette	4976728
conventionnelle	4976727
rankin	4976726
stifler	4976725
av	4976724
pierrot	4976723
chiotte	4976722
perfide	4976721
constantin	4976720
finalistes	4976719
signore	4976718
utopie	4976717
cagnotte	4976716
baissent	4976715
ecarlate	4976714
hostie	4976713
traversera	4976712
appela	4976711
sphinx	4976710
pal	4976709
emballes	4976708
degoter	4976707
cancereux	4976706
dedommager	4976705
yourself	4976704
arrivions	4976703
legerete	4976702
epousez	4976701
royales	4976700
envahie	4976699
laps	4976698
ambassadeurs	4976697
bogart	4976696
walking	4976695
jaillir	4976694
echiquier	4976693
laque	4976692
toy	4976691
embarquee	4976690
remous	4976689
lon	4976688
fabian	4976687
regimes	4976686
xander	4976685
remparts	4976684
myrtille	4976683
heresie	4976682
escort	4976681
repondiez	4976680
gandalf	4976679
detachez	4976678
maynard	4976677
fournie	4976676
pia	4976675
consortium	4976674
armageddon	4976673
bricole	4976672
epileptique	4976671
rentrerons	4976670
degueulasses	4976669
saluons	4976668
decampe	4976667
intensif	4976666
naifs	4976665
secouriste	4976664
cuisiniers	4976663
moquaient	4976662
hermione	4976661
hub	4976660
marquent	4976659
ecriviez	4976658
idoles	4976657
cubs	4976656
rhade	4976655
etonnement	4976654
accumulation	4976653
self	4976652
rouquin	4976651
affectif	4976650
quahog	4976649
souiller	4976648
devorent	4976647
licornes	4976646
decline	4976645
ajouterai	4976644
avalez	4976643
retiendrai	4976642
chapel	4976641
hesites	4976640
leviathan	4976639
entrainais	4976638
perpetuer	4976637
bizuts	4976636
stades	4976635
carolina	4976634
sapins	4976633
derives	4976632
pequenaud	4976631
neon	4976630
myself	4976629
paintball	4976628
falco	4976627
pales	4976626
peninsule	4976625
mikael	4976624
plantations	4976623
haissez	4976622
accepteriez	4976621
chevreuil	4976620
grimaces	4976619
chaman	4976618
possedons	4976617
vicodin	4976616
regroupe	4976615
roma	4976614
rambaldi	4976613
contraventions	4976612
ajustements	4976611
traitera	4976610
perversion	4976609
groupies	4976608
marv	4976607
habitee	4976606
touchais	4976605
retournerez	4976604
bazooka	4976603
palpitations	4976602
castiel	4976601
significative	4976600
milt	4976599
born	4976598
phenomenal	4976597
revendique	4976596
yumi	4976595
ito	4976594
quitterait	4976593
habib	4976592
deriver	4976591
megots	4976590
scorpions	4976589
dona	4976588
ilsa	4976587
presomption	4976586
furtivement	4976585
sprint	4976584
diminution	4976583
cassera	4976582
reglementaire	4976581
cordialement	4976580
destructrice	4976579
insecticide	4976578
douteuses	4976577
verifiee	4976576
menons	4976575
langer	4976574
wexler	4976573
madge	4976572
retournement	4976571
recousu	4976570
eleveur	4976569
lupe	4976568
denigrer	4976567
perron	4976566
nagent	4976565
burbank	4976564
rutherford	4976563
regulateur	4976562
souffrais	4976561
pouffe	4976560
drag	4976559
tons	4976558
enlevait	4976557
philosophes	4976556
inconscients	4976555
obtiendras	4976554
nike	4976553
poutres	4976552
oublierons	4976551
ignorante	4976550
telegrammes	4976549
daube	4976548
chagrine	4976547
existez	4976546
induit	4976545
menees	4976544
mcgregor	4976543
deformation	4976542
cobalt	4976541
obesite	4976540
mcnulty	4976539
pipeline	4976538
opie	4976537
inspires	4976536
nuggets	4976535
eclore	4976534
appropries	4976533
mcclaren	4976532
attentionnee	4976531
poussera	4976530
tentations	4976529
infinies	4976528
betteraves	4976527
perseverer	4976526
toge	4976525
samurai	4976524
nim	4976523
testicule	4976522
depensez	4976521
goujat	4976520
obscenes	4976519
garderez	4976518
terence	4976517
scandaleuse	4976516
foreuse	4976515
coincide	4976514
parachutes	4976513
haddie	4976512
pesticides	4976511
indesirable	4976510
fraulein	4976509
mediocrite	4976508
hightower	4976507
capri	4976506
tomberai	4976505
erickson	4976504
othello	4976503
argentin	4976502
temoignez	4976501
disperse	4976500
dawkins	4976499
surrealiste	4976498
offertes	4976497
affectueuse	4976496
panse	4976495
henning	4976494
laszlo	4976493
silvio	4976492
kids	4976491
dedale	4976490
trahirai	4976489
perdiez	4976488
friedrich	4976487
survoler	4976486
radley	4976485
alto	4976484
casserai	4976483
couvrirai	4976482
depressive	4976481
goodwin	4976480
mariait	4976479
archeologie	4976478
modes	4976477
prairies	4976476
resistera	4976475
effacera	4976474
plymouth	4976473
sark	4976472
fernand	4976471
cherokee	4976470
kaori	4976469
etire	4976468
guerisse	4976467
serenade	4976466
velvet	4976465
draguait	4976464
babette	4976463
punks	4976462
motels	4976461
matrix	4976460
commandait	4976459
aligne	4976458
bowers	4976457
guerissent	4976456
neurologiques	4976455
bimbo	4976454
ressente	4976453
penchee	4976452
chacals	4976451
brodie	4976450
anarchistes	4976449
lesbien	4976448
polyester	4976447
lymphome	4976446
retournerait	4976445
reposait	4976444
moqueries	4976443
emmeneras	4976442
abusif	4976441
cosette	4976440
bath	4976439
benissez	4976438
repeche	4976437
bakersfield	4976436
blud	4976435
bolide	4976434
missionnaires	4976433
atwood	4976432
abrutie	4976431
essaim	4976430
engourdi	4976429
savino	4976428
emplacements	4976427
izumi	4976426
mag	4976425
barnaby	4976424
devises	4976423
cochonnes	4976422
mandela	4976421
shinjuku	4976420
rembobine	4976419
longo	4976418
clotures	4976417
commettez	4976416
perforation	4976415
klan	4976414
mongolie	4976413
cerebraux	4976412
voulut	4976411
foods	4976410
zhu	4976409
regeneration	4976408
quotidiennes	4976407
produisait	4976406
exageree	4976405
realisa	4976404
enchainement	4976403
yusuf	4976402
inaudible	4976401
wellman	4976400
finisses	4976399
roch	4976398
fredonne	4976397
visualiser	4976396
anspaugh	4976395
katz	4976394
evitais	4976393
gerent	4976392
rebond	4976391
ecouterais	4976390
mads	4976389
mediums	4976388
limbes	4976387
rancœur	4976386
repandent	4976385
ensanglante	4976384
reparte	4976383
dissout	4976382
toison	4976381
specialises	4976380
palerme	4976379
variation	4976378
toucherez	4976377
reservees	4976376
collateral	4976375
mentant	4976374
eternue	4976373
imparfait	4976372
gaver	4976371
neiger	4976370
parlementaire	4976369
hissez	4976368
applaudi	4976367
fleurir	4976366
creanciers	4976365
finissais	4976364
autochtones	4976363
nouveautes	4976362
sueurs	4976361
yokohama	4976360
degonfler	4976359
imposent	4976358
geass	4976357
terreurs	4976356
echos	4976355
rougeurs	4976354
thermiques	4976353
resservir	4976352
indolore	4976351
defendait	4976350
tongs	4976349
keys	4976348
gemini	4976347
matelots	4976346
canailles	4976345
opte	4976344
ingere	4976343
riviera	4976342
dominante	4976341
preferences	4976340
cylindres	4976339
branles	4976338
brouette	4976337
courroux	4976336
retiendra	4976335
tournesol	4976334
occultes	4976333
spirit	4976332
verrouillees	4976331
fusco	4976330
figurer	4976329
enfilez	4976328
nfl	4976327
desinvolte	4976326
cheminees	4976325
rockwell	4976324
cellulaires	4976323
magnolia	4976322
paniquee	4976321
multiplient	4976320
libye	4976319
mouna	4976318
clips	4976317
parterre	4976316
californien	4976315
chlorure	4976314
brocolis	4976313
chaufferie	4976312
charrue	4976311
svetlana	4976310
gisbourne	4976309
carillon	4976308
donaldson	4976307
propane	4976306
enfermees	4976305
degourdir	4976304
banco	4976303
vlan	4976302
earp	4976301
resine	4976300
dedier	4976299
scrotum	4976298
choucroute	4976297
chantonne	4976296
charismatique	4976295
kick	4976294
transparente	4976293
dayton	4976292
housewives	4976291
ortho	4976290
millicent	4976289
fourneau	4976288
polaires	4976287
ilya	4976286
veilles	4976285
legs	4976284
moue	4976283
chandra	4976282
blamez	4976281
dooku	4976280
parviennent	4976279
severide	4976278
repartons	4976277
irv	4976276
vee	4976275
astiquer	4976274
attardes	4976273
reessaie	4976272
immobiles	4976271
emane	4976270
meconnaissable	4976269
oaks	4976268
corral	4976267
degoutee	4976266
word	4976265
auxiliaires	4976264
incompetents	4976263
accordes	4976262
photographique	4976261
ressortie	4976260
grouiller	4976259
pcv	4976258
codis	4976257
oskar	4976256
vacant	4976255
jafar	4976254
refectoire	4976253
odette	4976252
scalp	4976251
cinematographique	4976250
royaux	4976249
beckman	4976248
bruyamment	4976247
infamie	4976246
etouffes	4976245
parkman	4976244
jouit	4976243
symetrie	4976242
tchao	4976241
ruptures	4976240
monarque	4976239
mocassins	4976238
zoomer	4976237
golem	4976236
mccluskey	4976235
tacher	4976234
rappliquer	4976233
levy	4976232
materielle	4976231
mormon	4976230
deprave	4976229
lavinia	4976228
goebbels	4976227
gerhardt	4976226
mangerez	4976225
ecrirais	4976224
paree	4976223
tung	4976222
dormirais	4976221
developpes	4976220
shankar	4976219
zebra	4976218
pointus	4976217
mante	4976216
pointues	4976215
garvey	4976214
feignant	4976213
calculatrice	4976212
ventricule	4976211
snobs	4976210
qing	4976209
creusent	4976208
raptor	4976207
creera	4976206
babs	4976205
yeti	4976204
vertical	4976203
kazakhstan	4976202
invraisemblable	4976201
hombre	4976200
nommes	4976199
stringer	4976198
regis	4976197
persuades	4976196
epier	4976195
gravure	4976194
myope	4976193
isles	4976192
proclame	4976191
portoricain	4976190
chomeur	4976189
glaive	4976188
retreci	4976187
pinkie	4976186
kidnappes	4976185
judi	4976184
egorge	4976183
janeway	4976182
canning	4976181
beyonce	4976180
barack	4976179
rappellerais	4976178
sottise	4976177
intolerance	4976176
spiritualite	4976175
demeurent	4976174
calice	4976173
ebola	4976172
usages	4976171
flottait	4976170
yui	4976169
leguer	4976168
fetard	4976167
desaccords	4976166
florins	4976165
peints	4976164
frenesie	4976163
moite	4976162
dmitri	4976161
soupirant	4976160
cellier	4976159
adorons	4976158
reiko	4976157
egayer	4976156
arome	4976155
pendent	4976154
creed	4976153
byrd	4976152
incontrolables	4976151
preux	4976150
git	4976149
confirmes	4976148
poursuive	4976147
pavaner	4976146
napa	4976145
arreta	4976144
blason	4976143
sinistres	4976142
ambulante	4976141
stase	4976140
superficielles	4976139
limier	4976138
bend	4976137
construisez	4976136
barkley	4976135
gallo	4976134
insistant	4976133
survivras	4976132
pratiquant	4976131
euro	4976130
allusions	4976129
galanterie	4976128
saouls	4976127
chelou	4976126
puiser	4976125
inventez	4976124
exhumer	4976123
tendons	4976122
theatres	4976121
imprimeur	4976120
nestor	4976119
hatch	4976118
sanjana	4976117
rudes	4976116
accoutrement	4976115
etudions	4976114
methodique	4976113
akbar	4976112
citrouilles	4976111
heretiques	4976110
manivelle	4976109
reussirez	4976108
minutieusement	4976107
plaignante	4976106
ong	4976105
profile	4976104
baignade	4976103
redevenue	4976102
rainer	4976101
lacrosse	4976100
regarderait	4976099
stupefiante	4976098
xiii	4976097
partridge	4976096
veridique	4976095
admirait	4976094
fidelement	4976093
ely	4976092
valpi	4976091
appreniez	4976090
jetais	4976089
donateur	4976088
vicente	4976087
bologne	4976086
spectres	4976085
effrontee	4976084
detruiront	4976083
roddy	4976082
jetterais	4976081
breeland	4976080
bingham	4976079
delices	4976078
citerne	4976077
œdeme	4976076
sibley	4976075
blaireaux	4976074
drugstore	4976073
posons	4976072
yaourts	4976071
confettis	4976070
collabore	4976069
pardi	4976068
pilate	4976067
naisse	4976066
menotter	4976065
faisan	4976064
lopette	4976063
nai	4976062
tetsu	4976061
accrochent	4976060
surgeles	4976059
reclamations	4976058
meritons	4976057
deanna	4976056
lingettes	4976055
pressant	4976054
haru	4976053
recut	4976052
trager	4976051
else	4976050
convainc	4976049
suzumiya	4976048
allege	4976047
obsessionnel	4976046
aisee	4976045
wings	4976044
epluche	4976043
brailler	4976042
collante	4976041
traitais	4976040
dreyfus	4976039
ludo	4976038
insoutenable	4976037
recevais	4976036
matinales	4976035
muy	4976034
sari	4976033
ackerman	4976032
rappeller	4976031
felton	4976030
assureur	4976029
lactee	4976028
putnam	4976027
alu	4976026
mosby	4976025
precipitee	4976024
ripoux	4976023
parlee	4976022
jaillit	4976021
potiron	4976020
shui	4976019
arkham	4976018
traditionnels	4976017
cheerleaders	4976016
sauterelle	4976015
volerai	4976014
marionnettiste	4976013
rapelle	4976012
gloss	4976011
isa	4976010
frigide	4976009
fraternel	4976008
blackberry	4976007
ebauche	4976006
reverifier	4976005
torrente	4976004
capoter	4976003
renards	4976002
commettent	4976001
trimballer	4976000
isaiah	4975999
elwood	4975998
microbe	4975997
paroissiens	4975996
desobeissance	4975995
jeffersonian	4975994
inferiorite	4975993
encercler	4975992
methadone	4975991
disputons	4975990
fondees	4975989
subtilite	4975988
nia	4975987
imposteurs	4975986
publications	4975985
alternatif	4975984
doublez	4975983
strategiques	4975982
dortoirs	4975981
along	4975980
cligner	4975979
triades	4975978
chuchotant	4975977
yogi	4975976
mie	4975975
puerto	4975974
decadence	4975973
eraflures	4975972
rejettes	4975971
manqueront	4975970
touchante	4975969
rosenberg	4975968
ecolier	4975967
hwang	4975966
jute	4975965
quaterback	4975964
friction	4975963
contrebandiers	4975962
kosovo	4975961
schnaps	4975960
volons	4975959
bourbier	4975958
voyageant	4975957
mcgraw	4975956
moderation	4975955
aviv	4975954
parmis	4975953
degat	4975952
ordonnee	4975951
approfondir	4975950
keefe	4975949
garry	4975948
equite	4975947
enseignes	4975946
lilian	4975945
israelienne	4975944
vulgarite	4975943
gobelets	4975942
enragee	4975941
sr	4975940
guys	4975939
renata	4975938
reputee	4975937
formait	4975936
tomberas	4975935
told	4975934
tchin	4975933
gap	4975932
respectais	4975931
phone	4975930
clerc	4975929
puer	4975928
souplesse	4975927
monster	4975926
flanquer	4975925
abords	4975924
restantes	4975923
figurant	4975922
menuisier	4975921
presentatrice	4975920
decouvriras	4975919
rajiv	4975918
majeures	4975917
rhino	4975916
hemoglobine	4975915
corporels	4975914
petrov	4975913
pantheres	4975912
approchera	4975911
jupon	4975910
raisonnablement	4975909
fictif	4975908
nomine	4975907
interrompus	4975906
rowe	4975905
saxophone	4975904
jamison	4975903
retrecir	4975902
cueilli	4975901
turban	4975900
calamite	4975899
eparpilles	4975898
deshabillee	4975897
acolytes	4975896
remettait	4975895
callaghan	4975894
fabio	4975893
halete	4975892
woodhouse	4975891
longitude	4975890
jarre	4975889
disputees	4975888
urgentes	4975887
potts	4975886
rallye	4975885
toledo	4975884
pouilleux	4975883
peripherique	4975882
turin	4975881
canif	4975880
ressortent	4975879
stratton	4975878
canadian	4975877
flaire	4975876
conferes	4975875
chercherais	4975874
mcdo	4975873
gettysburg	4975872
bis	4975871
surnaturelle	4975870
centenaire	4975869
casher	4975868
defiles	4975867
canin	4975866
crapauds	4975865
cosaques	4975864
teinte	4975863
chimpanzes	4975862
halsey	4975861
tremplin	4975860
bougeons	4975859
volker	4975858
maussade	4975857
stadium	4975856
mulet	4975855
donneriez	4975854
designee	4975853
submergee	4975852
allaiter	4975851
subissent	4975850
arr	4975849
defectueuse	4975848
mutations	4975847
oreillons	4975846
vickie	4975845
realisme	4975844
fuentes	4975843
pcp	4975842
arrondir	4975841
caramels	4975840
payaient	4975839
porteront	4975838
globes	4975837
supermarches	4975836
commanditaire	4975835
refletent	4975834
demissionnes	4975833
drainer	4975832
amelie	4975831
excalibur	4975830
scripts	4975829
pepins	4975828
syndical	4975827
card	4975826
agos	4975825
tiges	4975824
rendrons	4975823
braille	4975822
sevices	4975821
majuscule	4975820
administrative	4975819
puit	4975818
commandite	4975817
perfectionner	4975816
insignifiants	4975815
occase	4975814
sublimes	4975813
diagnostiquer	4975812
rot	4975811
caracas	4975810
seville	4975809
rayonne	4975808
surveillons	4975807
apercus	4975806
competents	4975805
apaisant	4975804
australiens	4975803
haynes	4975802
renverrai	4975801
ouvrais	4975800
hippopotame	4975799
luthorcorp	4975798
alexa	4975797
tragiquement	4975796
batonnets	4975795
lantern	4975794
spade	4975793
importer	4975792
ignacio	4975791
games	4975790
caruso	4975789
equiper	4975788
cb	4975787
mariel	4975786
blablabla	4975785
english	4975784
haha	4975783
synthetiques	4975782
meryl	4975781
hubbard	4975780
volcanique	4975779
pony	4975778
spielberg	4975777
pietons	4975776
valera	4975775
chypre	4975774
maitenant	4975773
jouerez	4975772
batiatus	4975771
hindous	4975770
ecoulement	4975769
fed	4975768
matador	4975767
cruelles	4975766
vitalite	4975765
levees	4975764
recidiviste	4975763
rubin	4975762
lolos	4975761
rodeurs	4975760
flamber	4975759
laverne	4975758
shelton	4975757
irritant	4975756
retention	4975755
roe	4975754
remplacants	4975753
assouvir	4975752
traitrise	4975751
vietnamiens	4975750
collectionneurs	4975749
ecorche	4975748
tubbs	4975747
transportee	4975746
hakeem	4975745
brigades	4975744
degommer	4975743
assad	4975742
sciemment	4975741
ferroviaire	4975740
seigle	4975739
invisibilite	4975738
midnight	4975737
bein	4975736
songes	4975735
corsage	4975734
raviver	4975733
trouveriez	4975732
solstice	4975731
comptera	4975730
seward	4975729
temporal	4975728
endurci	4975727
souviendront	4975726
django	4975725
electrodes	4975724
reposee	4975723
ecrasant	4975722
jihad	4975721
indescriptible	4975720
alliees	4975719
lurch	4975718
nagasaki	4975717
individuelles	4975716
fermete	4975715
fm	4975714
empote	4975713
craps	4975712
detergent	4975711
quil	4975710
cotelette	4975709
soupconnez	4975708
golfeur	4975707
celestes	4975706
habitation	4975705
macs	4975704
affoler	4975703
tuiles	4975702
griffures	4975701
valentino	4975700
inacheve	4975699
soutenait	4975698
inhabituelles	4975697
hideo	4975696
proposons	4975695
adherer	4975694
teindre	4975693
cetait	4975692
wife	4975691
fear	4975690
nombreuse	4975689
pompette	4975688
timidite	4975687
interlocuteur	4975686
adressez	4975685
essayera	4975684
wilden	4975683
intermediaires	4975682
consultez	4975681
naitra	4975680
transformant	4975679
debs	4975678
survivront	4975677
aubergiste	4975676
mahmoud	4975675
bœufs	4975674
tig	4975673
incomplete	4975672
malheureuses	4975671
mulligan	4975670
emoi	4975669
cata	4975668
rejetez	4975667
respirations	4975666
secouristes	4975665
stricts	4975664
tournais	4975663
envoyaient	4975662
punira	4975661
impur	4975660
amenais	4975659
livrerai	4975658
comportez	4975657
eleveurs	4975656
hindi	4975655
rios	4975654
epoustouflant	4975653
lucio	4975652
comprenaient	4975651
illuminer	4975650
frenchy	4975649
enrichi	4975648
repetons	4975647
totem	4975646
asseyais	4975645
revisions	4975644
souder	4975643
mojo	4975642
carlin	4975641
trimer	4975640
colombien	4975639
obligent	4975638
composez	4975637
resulte	4975636
risquais	4975635
woah	4975634
temoignerai	4975633
antoinette	4975632
rabbi	4975631
recueil	4975630
ouragans	4975629
stratege	4975628
secousses	4975627
deballe	4975626
command	4975625
bourreaux	4975624
tut	4975623
sarcophage	4975622
barricades	4975621
boursier	4975620
rital	4975619
vittorio	4975618
angine	4975617
congeles	4975616
hide	4975615
bears	4975614
fsb	4975613
precious	4975612
assassinees	4975611
inter	4975610
tapee	4975609
grecques	4975608
durait	4975607
snoop	4975606
renoncerai	4975605
disparaitront	4975604
dinait	4975603
specter	4975602
renverra	4975601
epicee	4975600
profitant	4975599
egaler	4975598
medicis	4975597
dulcinee	4975596
nettoyait	4975595
constituent	4975594
arrangeait	4975593
pontiac	4975592
ressers	4975591
montees	4975590
blindage	4975589
vaincrons	4975588
stripteaseuse	4975587
dictee	4975586
fiez	4975585
diagramme	4975584
securises	4975583
embryons	4975582
interieurs	4975581
nies	4975580
suggerant	4975579
sundance	4975578
carafe	4975577
referer	4975576
squaw	4975575
eperdument	4975574
regan	4975573
ratisser	4975572
larynx	4975571
jauge	4975570
baisant	4975569
emerge	4975568
gauches	4975567
epanouie	4975566
casquettes	4975565
calligraphie	4975564
megot	4975563
ampli	4975562
macaque	4975561
travaillions	4975560
broyles	4975559
nigeria	4975558
consensus	4975557
indirectement	4975556
empli	4975555
echangerais	4975554
cry	4975553
europeennes	4975552
recensement	4975551
avatars	4975550
chevauche	4975549
crible	4975548
appli	4975547
entites	4975546
dansera	4975545
suprematie	4975544
toscane	4975543
disposons	4975542
dependante	4975541
fantasmer	4975540
traumatique	4975539
choregraphe	4975538
precisions	4975537
moulins	4975536
poireauter	4975535
vigiles	4975534
kath	4975533
comtes	4975532
heberge	4975531
pulsations	4975530
detenez	4975529
volkoff	4975528
envier	4975527
similitudes	4975526
yonkers	4975525
fourree	4975524
leung	4975523
compatibilite	4975522
retrecit	4975521
mordant	4975520
peignait	4975519
agriculteurs	4975518
asahina	4975517
refuserais	4975516
bosch	4975515
brillamment	4975514
justification	4975513
nikolai	4975512
deesses	4975511
shun	4975510
infrarouges	4975509
maladresse	4975508
loch	4975507
accrocheur	4975506
hubble	4975505
chipie	4975504
nishi	4975503
filmait	4975502
enervait	4975501
apportees	4975500
geographique	4975499
bigleux	4975498
bistro	4975497
parfumee	4975496
quimby	4975495
dirt	4975494
fable	4975493
rapportait	4975492
siroter	4975491
assortiment	4975490
jeta	4975489
presumee	4975488
pensionnaires	4975487
preservation	4975486
braise	4975485
trying	4975484
jonesy	4975483
filleul	4975482
sui	4975481
messer	4975480
amador	4975479
putin	4975478
rentreront	4975477
musculaires	4975476
soustraire	4975475
souhaitant	4975474
emmenages	4975473
misez	4975472
mongol	4975471
genitaux	4975470
byers	4975469
bourde	4975468
bela	4975467
jefe	4975466
empereurs	4975465
remake	4975464
acapulco	4975463
jenn	4975462
palmier	4975461
metamorphe	4975460
remerciera	4975459
peaches	4975458
favorise	4975457
exceptionnelles	4975456
saule	4975455
vick	4975454
emballages	4975453
tournaient	4975452
welch	4975451
karp	4975450
agites	4975449
balaie	4975448
rafa	4975447
divorcent	4975446
transpercer	4975445
montreras	4975444
choisissant	4975443
ecorcher	4975442
queenie	4975441
primates	4975440
obstetrique	4975439
napalm	4975438
rattrapee	4975437
fai	4975436
legislation	4975435
addie	4975434
containers	4975433
petrifie	4975432
regionale	4975431
oren	4975430
lexus	4975429
vestibule	4975428
extorquer	4975427
placements	4975426
intracable	4975425
middle	4975424
trouer	4975423
oue	4975422
aventuriers	4975421
videosurveillance	4975420
remarquerez	4975419
traversais	4975418
deformee	4975417
grizzly	4975416
jeannette	4975415
amenons	4975414
humainement	4975413
bouffi	4975412
permettront	4975411
riais	4975410
kobol	4975409
patelin	4975408
factions	4975407
victory	4975406
irritation	4975405
auditionne	4975404
chuchotements	4975403
santini	4975402
admettant	4975401
equitablement	4975400
dragueur	4975399
occuperons	4975398
trump	4975397
doherty	4975396
aditya	4975395
santino	4975394
supposees	4975393
remarie	4975392
paitre	4975391
ein	4975390
baylin	4975389
suh	4975388
assurait	4975387
fighting	4975386
skinny	4975385
couraient	4975384
immobiliser	4975383
antibiotique	4975382
actives	4975381
bemol	4975380
sandro	4975379
trouveraient	4975378
debattu	4975377
ecossaise	4975376
rendues	4975375
constantinople	4975374
ouvriront	4975373
darla	4975372
lim	4975371
beer	4975370
multiplie	4975369
bannerman	4975368
epargnerai	4975367
quiche	4975366
chronicle	4975365
forget	4975364
crucifier	4975363
stephan	4975362
renegat	4975361
pieton	4975360
tonique	4975359
sai	4975358
infiltree	4975357
estompe	4975356
vicaire	4975355
surnaturels	4975354
avisez	4975353
push	4975352
tairai	4975351
ecartes	4975350
grimoire	4975349
nichon	4975348
derangerai	4975347
benin	4975346
panache	4975345
chiropracteur	4975344
photocopie	4975343
expriment	4975342
adoration	4975341
australienne	4975340
surestime	4975339
stig	4975338
sudiste	4975337
cessons	4975336
soupconnait	4975335
terrace	4975334
kayak	4975333
zappe	4975332
sole	4975331
alonzo	4975330
regarderont	4975329
chai	4975328
executez	4975327
hardcore	4975326
pediatrique	4975325
ecriras	4975324
surfeur	4975323
grossiers	4975322
departements	4975321
inepties	4975320
university	4975319
dowd	4975318
donations	4975317
randi	4975316
abonne	4975315
fracasser	4975314
friedman	4975313
sortileges	4975312
abandonnons	4975311
physiologique	4975310
descriptions	4975309
contributions	4975308
contrebandier	4975307
deplacant	4975306
vouee	4975305
scarface	4975304
effectuee	4975303
verifiera	4975302
yorker	4975301
taub	4975300
attendes	4975299
landis	4975298
suie	4975297
elka	4975296
reelection	4975295
mambo	4975294
koko	4975293
porthos	4975292
cnst	4975291
ample	4975290
clodos	4975289
apparent	4975288
averee	4975287
repondrez	4975286
appelerai	4975285
rachid	4975284
does	4975283
repares	4975282
dario	4975281
bipez	4975280
redemarre	4975279
lace	4975278
merc	4975277
sacrebleu	4975276
mesurait	4975275
tuvok	4975274
miseres	4975273
continuation	4975272
survient	4975271
fioles	4975270
chaney	4975269
pinata	4975268
mobilite	4975267
metallica	4975266
torah	4975265
koichi	4975264
demandions	4975263
sparte	4975262
venerer	4975261
raju	4975260
quotidiens	4975259
paralysant	4975258
hachi	4975257
ciro	4975256
mediocres	4975255
cachettes	4975254
agente	4975253
attelage	4975252
inedit	4975251
intervienne	4975250
abou	4975249
iode	4975248
fixent	4975247
sejourne	4975246
confessionnal	4975245
hess	4975244
monogamie	4975243
perdront	4975242
harpie	4975241
rafraichit	4975240
petrelli	4975239
caravanes	4975238
laveurs	4975237
miie	4975236
citez	4975235
recules	4975234
stillson	4975233
assurant	4975232
coucherais	4975231
grossman	4975230
soulier	4975229
pronto	4975228
rapportes	4975227
scellees	4975226
liberent	4975225
tatouee	4975224
royalement	4975223
wilshire	4975222
rommel	4975221
anterieures	4975220
sauces	4975219
chevron	4975218
rattrapent	4975217
croisees	4975216
interdisent	4975215
clignote	4975214
zimmerman	4975213
macarthur	4975212
grossierete	4975211
phlox	4975210
moyennes	4975209
ebullition	4975208
zoome	4975207
mammouth	4975206
repliquer	4975205
ramasses	4975204
cueille	4975203
promenent	4975202
theatrale	4975201
insistance	4975200
indiquee	4975199
marguerites	4975198
rompue	4975197
maªme	4975196
burkhardt	4975195
pathogene	4975194
rafiot	4975193
verrues	4975192
chinetoque	4975191
resolutions	4975190
verveine	4975189
valider	4975188
quatres	4975187
apparts	4975186
necessiteux	4975185
populations	4975184
quille	4975183
mookie	4975182
brant	4975181
virtuellement	4975180
mariko	4975179
canalisation	4975178
rancho	4975177
recepteurs	4975176
contemporain	4975175
bellevue	4975174
desorientee	4975173
allonges	4975172
detestiez	4975171
verraient	4975170
veronique	4975169
yuko	4975168
devastateur	4975167
embellir	4975166
emancipation	4975165
castors	4975164
desseins	4975163
autrichien	4975162
annika	4975161
mccallister	4975160
vicomte	4975159
socialistes	4975158
decidais	4975157
neurotoxique	4975156
prepa	4975155
wentworth	4975154
detriment	4975153
resserrer	4975152
maverick	4975151
thorn	4975150
vagins	4975149
rouages	4975148
closes	4975147
continuite	4975146
evincer	4975145
dorsale	4975144
lointaines	4975143
skynet	4975142
esperanza	4975141
inonder	4975140
whitmore	4975139
effacez	4975138
signent	4975137
ecartee	4975136
gaulle	4975135
fausto	4975134
lues	4975133
suives	4975132
discernement	4975131
playstation	4975130
apportons	4975129
agrandissement	4975128
valves	4975127
sameer	4975126
embrasserai	4975125
jubiler	4975124
roulotte	4975123
corresponde	4975122
collin	4975121
ressorts	4975120
possedant	4975119
entrais	4975118
dechiqueter	4975117
collimateur	4975116
reinhardt	4975115
louve	4975114
permanents	4975113
deplu	4975112
rayburn	4975111
distrais	4975110
hartman	4975109
stereotypes	4975108
glissante	4975107
urines	4975106
pacificateur	4975105
hormone	4975104
fournee	4975103
sokka	4975102
durst	4975101
booker	4975100
jantes	4975099
provision	4975098
bibliotheques	4975097
retrograde	4975096
torben	4975095
lap	4975094
indispensables	4975093
disjoncteur	4975092
sciure	4975091
illicite	4975090
mutilation	4975089
momentanement	4975088
luttez	4975087
partagerai	4975086
dekker	4975085
rebondit	4975084
jiang	4975083
tyr	4975082
solliciter	4975081
groenland	4975080
tor	4975079
suivrait	4975078
swain	4975077
apeure	4975076
biff	4975075
conspire	4975074
credule	4975073
lnspecteur	4975072
fuyais	4975071
vivien	4975070
interminables	4975069
plaignants	4975068
sophistiques	4975067
rectum	4975066
madsen	4975065
suffisantes	4975064
vitrines	4975063
desagrement	4975062
policieres	4975061
recapitulons	4975060
favorites	4975059
purifie	4975058
physiologie	4975057
ajoutant	4975056
jalouses	4975055
preterai	4975054
passerent	4975053
contradictoire	4975052
sautera	4975051
morne	4975050
immaculee	4975049
delighteam	4975048
nobu	4975047
falling	4975046
bullet	4975045
minimale	4975044
megumi	4975043
guitar	4975042
patmore	4975041
himmler	4975040
individuel	4975039
meneuse	4975038
privilegiee	4975037
debarrassera	4975036
inez	4975035
versant	4975034
entrainera	4975033
yah	4975032
fougue	4975031
apprecierai	4975030
regression	4975029
dentistes	4975028
forcait	4975027
aceveda	4975026
condor	4975025
downing	4975024
partitions	4975023
retraits	4975022
meule	4975021
observes	4975020
passoire	4975019
accumulent	4975018
ecrivit	4975017
lawton	4975016
haletement	4975015
went	4975014
maltraitee	4975013
speaker	4975012
tournerait	4975011
malles	4975010
abrege	4975009
produites	4975008
bobsleigh	4975007
bequille	4975006
being	4975005
ebats	4975004
veaux	4975003
ze	4975002
philanthrope	4975001
fermant	4975000
meng	4974999
intuitions	4974998
abusez	4974997
mifflin	4974996
epargnes	4974995
sechoir	4974994
keufs	4974993
deveniez	4974992
tatum	4974991
rance	4974990
croupier	4974989
croft	4974988
plaidez	4974987
shue	4974986
concessionnaire	4974985
demangeaisons	4974984
wesson	4974983
dry	4974982
acheterait	4974981
faucher	4974980
bulldog	4974979
bunch	4974978
louait	4974977
jar	4974976
serrait	4974975
brocoli	4974974
knowles	4974973
musicienne	4974972
endurcir	4974971
catalyseur	4974970
panoramique	4974969
brewer	4974968
conservatrice	4974967
skills	4974966
alexei	4974965
invitons	4974964
meneront	4974963
hospitalier	4974962
sy	4974961
joueront	4974960
nelle	4974959
relief	4974958
sanford	4974957
dumbo	4974956
acheteras	4974955
fauves	4974954
harkness	4974953
jacksonville	4974952
continuerez	4974951
ich	4974950
profitera	4974949
weekly	4974948
occasionnel	4974947
maledictions	4974946
coordinateur	4974945
sutherland	4974944
janeiro	4974943
rejettent	4974942
wisteria	4974941
glycemie	4974940
tulipe	4974939
rayonnante	4974938
hickey	4974937
riaient	4974936
tentais	4974935
vinrent	4974934
exigence	4974933
etranglement	4974932
chaste	4974931
mclaren	4974930
dillinger	4974929
trapeze	4974928
hospitaliser	4974927
reglages	4974926
gardaient	4974925
promettant	4974924
mgm	4974923
gustavo	4974922
reussites	4974921
menuiserie	4974920
applaudissons	4974919
dompter	4974918
glover	4974917
recupererez	4974916
seiji	4974915
wickham	4974914
giuliano	4974913
effrayez	4974912
lepre	4974911
necrologie	4974910
decouvrirons	4974909
gross	4974908
ressentie	4974907
sceptiques	4974906
saligaud	4974905
distinguee	4974904
engloutir	4974903
chapera	4974902
obtention	4974901
blazer	4974900
rasta	4974899
denue	4974898
typhus	4974897
ecoutaient	4974896
arcadia	4974895
indetectable	4974894
artisanale	4974893
charly	4974892
collections	4974891
chong	4974890
eventuels	4974889
frye	4974888
baptisee	4974887
comprenant	4974886
babcock	4974885
abbie	4974884
nettoient	4974883
guts	4974882
survivrait	4974881
fouineur	4974880
fleuves	4974879
matthieu	4974878
bonnement	4974877
convenance	4974876
dunne	4974875
saladier	4974874
sheryl	4974873
ponce	4974872
rutledge	4974871
desertion	4974870
corcoran	4974869
securitaire	4974868
ombilical	4974867
annoncait	4974866
souffles	4974865
zuko	4974864
reclus	4974863
revolu	4974862
squat	4974861
rama	4974860
detours	4974859
enfoncez	4974858
bros	4974857
introduite	4974856
ovation	4974855
frodon	4974854
etale	4974853
inventent	4974852
desolation	4974851
nuageux	4974850
revendication	4974849
stoker	4974848
reinsertion	4974847
goldstein	4974846
hantent	4974845
safe	4974844
mono	4974843
abonnes	4974842
guepes	4974841
catacombes	4974840
licenciements	4974839
eprouves	4974838
insipide	4974837
regulieres	4974836
bienvenues	4974835
convienne	4974834
lice	4974833
echauffe	4974832
frene	4974831
deena	4974830
reveillait	4974829
rafraichissement	4974828
spiderman	4974827
mesa	4974826
mahal	4974825
localisee	4974824
conan	4974823
tartines	4974822
effigie	4974821
rebel	4974820
legend	4974819
sellette	4974818
euthanasie	4974817
holder	4974816
geologue	4974815
sucon	4974814
sangle	4974813
ebranle	4974812
flanque	4974811
transformera	4974810
mondialement	4974809
serbie	4974808
chahut	4974807
retine	4974806
utilisable	4974805
nageurs	4974804
lndien	4974803
empocher	4974802
entendrait	4974801
commencerent	4974800
armures	4974799
laxatif	4974798
bordels	4974797
continua	4974796
boa	4974795
farouche	4974794
parvenue	4974793
controlais	4974792
menerai	4974791
penale	4974790
leone	4974789
northwestern	4974788
saluent	4974787
habitaient	4974786
balourd	4974785
charlot	4974784
pendait	4974783
krueger	4974782
confiserie	4974781
inspirent	4974780
sportives	4974779
causait	4974778
chercheuse	4974777
sunnydale	4974776
eco	4974775
symbiote	4974774
angoissee	4974773
lancera	4974772
traditionnelles	4974771
mutiler	4974770
orifice	4974769
reluquer	4974768
fairbanks	4974767
coagulation	4974766
khalil	4974765
emmenant	4974764
charrie	4974763
reservez	4974762
abois	4974761
aboule	4974760
declares	4974759
pretendument	4974758
jehovah	4974757
nettoyeurs	4974756
cartilage	4974755
echangent	4974754
bondi	4974753
caliner	4974752
evitee	4974751
mentionnee	4974750
apparais	4974749
inferieures	4974748
confederes	4974747
repugne	4974746
faber	4974745
inquieterais	4974744
lactose	4974743
spacieux	4974742
nagez	4974741
tachons	4974740
keats	4974739
prompt	4974738
contraints	4974737
delicieusement	4974736
lubie	4974735
enfoncee	4974734
marquant	4974733
jacasser	4974732
eldridge	4974731
microfilm	4974730
ru	4974729
dressing	4974728
afghans	4974727
circus	4974726
lidocaine	4974725
inculpee	4974724
warhol	4974723
corleone	4974722
feministes	4974721
grasses	4974720
tique	4974719
rosalee	4974718
detruisons	4974717
entrerez	4974716
remercierez	4974715
reprimer	4974714
hobart	4974713
lavette	4974712
clovis	4974711
faxe	4974710
desastres	4974709
violations	4974708
rajeunit	4974707
ar	4974706
luttons	4974705
bourgeoisie	4974704
voss	4974703
consultante	4974702
pretextes	4974701
rateau	4974700
massimo	4974699
nappes	4974698
tandy	4974697
yiddish	4974696
douceurs	4974695
carlene	4974694
benit	4974693
essouffle	4974692
flyers	4974691
schnock	4974690
wolfgang	4974689
souciais	4974688
tiana	4974687
sellers	4974686
deboucher	4974685
echappait	4974684
ramenant	4974683
continueras	4974682
demunis	4974681
saeko	4974680
robinets	4974679
protegeons	4974678
orgueilleux	4974677
prescriptions	4974676
fontaines	4974675
textile	4974674
intestinale	4974673
rebonjour	4974672
compartiments	4974671
frappais	4974670
convoques	4974669
productive	4974668
kermesse	4974667
aurores	4974666
herrmann	4974665
miyagi	4974664
artificiels	4974663
bugsy	4974662
blanco	4974661
apparaissait	4974660
cheerleader	4974659
paquebot	4974658
escadrons	4974657
crenshaw	4974656
vacciner	4974655
minime	4974654
poilus	4974653
fergus	4974652
pfft	4974651
rabaisse	4974650
valaient	4974649
rustique	4974648
fictive	4974647
mijoter	4974646
tou	4974645
sitcom	4974644
enchanteur	4974643
arnett	4974642
concois	4974641
clitoris	4974640
rwanda	4974639
discovery	4974638
mondiales	4974637
oussama	4974636
roz	4974635
offrirais	4974634
sculpter	4974633
branchez	4974632
juilliard	4974631
uses	4974630
eiji	4974629
echelles	4974628
century	4974627
traction	4974626
charlatans	4974625
filiere	4974624
museum	4974623
platt	4974622
corrine	4974621
tutu	4974620
etain	4974619
mikuru	4974618
grillees	4974617
chiennes	4974616
mecontentement	4974615
realisais	4974614
eteigne	4974613
quill	4974612
reduisez	4974611
berne	4974610
smythe	4974609
facette	4974608
asphalte	4974607
accable	4974606
contraires	4974605
rasant	4974604
pardessus	4974603
malmener	4974602
chantal	4974601
pratiquent	4974600
vestiges	4974599
coqueluche	4974598
empires	4974597
remplacez	4974596
jammer	4974595
decrivent	4974594
pontes	4974593
flop	4974592
tudor	4974591
travelo	4974590
epaves	4974589
rappelant	4974588
informaticien	4974587
verdure	4974586
sangliers	4974585
eblouissant	4974584
sablier	4974583
cervicales	4974582
philosophique	4974581
brouillage	4974580
beneficie	4974579
bjorn	4974578
rafales	4974577
hostilites	4974576
survenu	4974575
shark	4974574
recouvrement	4974573
gonds	4974572
languir	4974571
tricheurs	4974570
gacherait	4974569
experimentee	4974568
amenees	4974567
paisibles	4974566
ensoleillee	4974565
boheme	4974564
colorant	4974563
glissent	4974562
malentendus	4974561
considerables	4974560
raterai	4974559
favoritisme	4974558
mano	4974557
revolue	4974556
borgs	4974555
nasser	4974554
administrateurs	4974553
cats	4974552
augie	4974551
telephonerai	4974550
cheers	4974549
smart	4974548
incruste	4974547
chieur	4974546
statuts	4974545
precipice	4974544
ki	4974543
averse	4974542
lobby	4974541
diacre	4974540
lampadaire	4974539
springsteen	4974538
meet	4974537
peripherie	4974536
bricoleur	4974535
remboursera	4974534
datania	4974533
reintegre	4974532
poilue	4974531
cybermen	4974530
passade	4974529
aimees	4974528
charmaine	4974527
mpm	4974526
bastion	4974525
jackman	4974524
acc	4974523
netflix	4974522
kensington	4974521
forcera	4974520
simulations	4974519
bouchers	4974518
ronflements	4974517
ecriteau	4974516
calais	4974515
susciter	4974514
dissolution	4974513
boomerang	4974512
melangez	4974511
dax	4974510
poulpe	4974509
pandora	4974508
ithaque	4974507
camee	4974506
lasalle	4974505
facturer	4974504
lancant	4974503
reveurs	4974502
fey	4974501
camoufler	4974500
morfler	4974499
encombre	4974498
smithsonian	4974497
cigogne	4974496
fink	4974495
thayer	4974494
tchetchenie	4974493
dilatation	4974492
piaf	4974491
kale	4974490
assoiffes	4974489
amita	4974488
chiants	4974487
lamentations	4974486
miko	4974485
coquillage	4974484
reflux	4974483
triton	4974482
enchantes	4974481
crewe	4974480
caboche	4974479
delirez	4974478
fabriquant	4974477
tardera	4974476
tacherai	4974475
tune	4974474
embetait	4974473
pay	4974472
dios	4974471
chuckie	4974470
fetichiste	4974469
ebranler	4974468
viandes	4974467
led	4974466
inexcusable	4974465
deficience	4974464
katara	4974463
insignes	4974462
gio	4974461
reduites	4974460
obtenus	4974459
harcelez	4974458
muirfield	4974457
tordues	4974456
boeufs	4974455
suffisants	4974454
sifflements	4974453
rami	4974452
intervenue	4974451
flagrante	4974450
lionne	4974449
ban	4974448
tourelle	4974447
habitons	4974446
defavorises	4974445
nerds	4974444
prisonnieres	4974443
compresse	4974442
pointilleux	4974441
profiler	4974440
rollo	4974439
cream	4974438
cloner	4974437
embrasserais	4974436
debordante	4974435
gruyere	4974434
marecages	4974433
doyenne	4974432
bethesda	4974431
chas	4974430
captivant	4974429
ronfler	4974428
saveurs	4974427
croque	4974426
viperes	4974425
semences	4974424
negresse	4974423
mooney	4974422
durham	4974421
priait	4974420
penserez	4974419
compresseur	4974418
clics	4974417
lycees	4974416
cheeseburgers	4974415
aversion	4974414
agrandit	4974413
hutchinson	4974412
cremation	4974411
rallume	4974410
armeniens	4974409
agitent	4974408
keegan	4974407
amuserait	4974406
trottoirs	4974405
valais	4974404
barber	4974403
pit	4974402
budgetaire	4974401
categoriquement	4974400
couve	4974399
commandent	4974398
mystiques	4974397
parloir	4974396
vains	4974395
suffolk	4974394
preparaient	4974393
fancy	4974392
experimentes	4974391
chiffonne	4974390
collectionner	4974389
accordera	4974388
rachael	4974387
legitimite	4974386
glenda	4974385
pod	4974384
nathbot	4974383
orgies	4974382
ordis	4974381
schroeder	4974380
hang	4974379
cachiez	4974378
beretta	4974377
photogenique	4974376
atmospherique	4974375
rejoue	4974374
corroborer	4974373
provinces	4974372
eternelles	4974371
serrent	4974370
recevrai	4974369
cassant	4974368
spatiales	4974367
galipettes	4974366
envisageais	4974365
dansaient	4974364
declenchement	4974363
osait	4974362
horizontale	4974361
corniche	4974360
volkswagen	4974359
suces	4974358
retournerons	4974357
testes	4974356
agreablement	4974355
editorial	4974354
postee	4974353
comportee	4974352
credo	4974351
interessaient	4974350
brie	4974349
tory	4974348
essayerais	4974347
halle	4974346
malfrat	4974345
trotter	4974344
perfectionniste	4974343
dunder	4974342
animalerie	4974341
truquer	4974340
ineluctable	4974339
bolin	4974338
rotules	4974337
exode	4974336
terrienne	4974335
bique	4974334
nascar	4974333
chao	4974332
reouverture	4974331
hr	4974330
vibreur	4974329
cheney	4974328
proportion	4974327
prepose	4974326
remerciee	4974325
piotr	4974324
recurrent	4974323
essaya	4974322
ieur	4974321
melville	4974320
municipaux	4974319
favoriser	4974318
nomade	4974317
eloquent	4974316
resigner	4974315
blye	4974314
lotte	4974313
gaiement	4974312
balises	4974311
beckham	4974310
veinarde	4974309
adroit	4974308
disputiez	4974307
comploter	4974306
acquittement	4974305
melodrame	4974304
transferez	4974303
syllabes	4974302
refere	4974301
deroulee	4974300
periscope	4974299
lamborghini	4974298
mushi	4974297
gospel	4974296
solano	4974295
confrontee	4974294
placent	4974293
bikinis	4974292
murir	4974291
conformer	4974290
craches	4974289
greenberg	4974288
couchiez	4974287
carmel	4974286
suffoque	4974285
precaire	4974284
inverses	4974283
revoyez	4974282
cetera	4974281
palourde	4974280
tenor	4974279
brouilleur	4974278
chrysler	4974277
languis	4974276
louable	4974275
objectivite	4974274
enfantine	4974273
remballer	4974272
decemment	4974271
silent	4974270
antimatiere	4974269
tweeter	4974268
glades	4974267
desinteresse	4974266
obligeait	4974265
utiliseront	4974264
energetiques	4974263
poitrines	4974262
retracter	4974261
proposait	4974260
resolues	4974259
trajets	4974258
mea	4974257
cj	4974256
identifiant	4974255
leona	4974254
levure	4974253
pneumothorax	4974252
corner	4974251
sociologie	4974250
conjointe	4974249
merry	4974248
truites	4974247
cosmonaute	4974246
opposees	4974245
representera	4974244
bavure	4974243
years	4974242
decale	4974241
mathematicien	4974240
mom	4974239
gouvernementales	4974238
bringue	4974237
dechiffre	4974236
hachis	4974235
fixant	4974234
annales	4974233
retardes	4974232
bergen	4974231
epinephrine	4974230
birch	4974229
tendon	4974228
indiscretion	4974227
naivete	4974226
gyeong	4974225
zee	4974224
tourmentee	4974223
observons	4974222
holographique	4974221
abdominales	4974220
criniere	4974219
manifestent	4974218
woodsen	4974217
dilaurentis	4974216
hiboux	4974215
miniatures	4974214
electrocuter	4974213
monetaire	4974212
gal	4974211
expliquait	4974210
everwood	4974209
publies	4974208
hyene	4974207
lightning	4974206
timbira	4974205
bipee	4974204
capitales	4974203
rebondi	4974202
zodiac	4974201
seen	4974200
anjali	4974199
marika	4974198
laure	4974197
kafka	4974196
rythmes	4974195
schubert	4974194
caligula	4974193
remarquerait	4974192
herve	4974191
businessman	4974190
sailor	4974189
fetera	4974188
dominguez	4974187
orin	4974186
derapage	4974185
ecouterait	4974184
valence	4974183
loxley	4974182
recueille	4974181
prose	4974180
barrymore	4974179
gallant	4974178
zhen	4974177
abstraction	4974176
nourrissez	4974175
souriante	4974174
symphonique	4974173
prentice	4974172
extraite	4974171
apotre	4974170
pubiens	4974169
trader	4974168
produis	4974167
pointait	4974166
aron	4974165
amon	4974164
campe	4974163
echelon	4974162
rales	4974161
apparues	4974160
sleep	4974159
appartenance	4974158
anthropologue	4974157
getting	4974156
devalos	4974155
malformation	4974154
remettrez	4974153
repoussent	4974152
paierons	4974151
conduisiez	4974150
soft	4974149
bouilli	4974148
bitch	4974147
pivot	4974146
mage	4974145
southern	4974144
louons	4974143
flanagan	4974142
epps	4974141
permettrais	4974140
gerante	4974139
hickok	4974138
signifiant	4974137
injustices	4974136
thunes	4974135
immobilise	4974134
penombre	4974133
complement	4974132
traiterai	4974131
empoisonnees	4974130
understand	4974129
contradictions	4974128
constat	4974127
sentit	4974126
parieurs	4974125
ewan	4974124
augmentera	4974123
paprika	4974122
runner	4974121
spice	4974120
disqualifie	4974119
effraient	4974118
deuzio	4974117
covoiturage	4974116
insouciante	4974115
molesley	4974114
covenant	4974113
accusait	4974112
kamikazes	4974111
libraire	4974110
jelly	4974109
decomposer	4974108
albanie	4974107
reverrait	4974106
bresiliens	4974105
xing	4974104
acharnement	4974103
minivan	4974102
retirees	4974101
ramez	4974100
cheikh	4974099
accueillie	4974098
panoplie	4974097
until	4974096
obligees	4974095
mixture	4974094
westminster	4974093
bongo	4974092
exorciser	4974091
applaudis	4974090
demente	4974089
reach	4974088
attrayant	4974087
guinee	4974086
temporaires	4974085
lyons	4974084
rencontrant	4974083
devergondee	4974082
declarent	4974081
elevera	4974080
rappelleras	4974079
parkings	4974078
effusion	4974077
visitez	4974076
maury	4974075
officieux	4974074
sape	4974073
wren	4974072
gilly	4974071
salma	4974070
ardents	4974069
ligotee	4974068
tuaient	4974067
lounge	4974066
decourage	4974065
deraper	4974064
enchainee	4974063
qualification	4974062
boulder	4974061
invitant	4974060
craven	4974059
laitiers	4974058
anesthesiant	4974057
ringarde	4974056
abordage	4974055
itchy	4974054
leurres	4974053
dramatiques	4974052
differe	4974051
estjuste	4974050
flying	4974049
rayee	4974048
ph	4974047
polir	4974046
adoreraient	4974045
reportages	4974044
chamade	4974043
laila	4974042
caillots	4974041
stressante	4974040
parader	4974039
janelle	4974038
recteur	4974037
sherifs	4974036
puants	4974035
acrobate	4974034
envieux	4974033
odile	4974032
demenagez	4974031
negociant	4974030
wanted	4974029
emmenerait	4974028
jabba	4974027
ando	4974026
horne	4974025
virile	4974024
identifiez	4974023
asa	4974022
correspondants	4974021
locksley	4974020
nazareth	4974019
cabanes	4974018
reprenait	4974017
emeraudes	4974016
fix	4974015
ligature	4974014
valdez	4974013
howell	4974012
ap	4974011
pasteques	4974010
craquent	4974009
apophis	4974008
leverai	4974007
jana	4974006
sack	4974005
tacot	4974004
concombres	4974003
domingo	4974002
gode	4974001
posiez	4974000
clifton	4973999
coriaces	4973998
cannibalisme	4973997
fourneaux	4973996
tobey	4973995
sepulture	4973994
alphas	4973993
rowley	4973992
divins	4973991
dorota	4973990
kinsey	4973989
mondain	4973988
inconditionnel	4973987
jetables	4973986
bibles	4973985
olly	4973984
makes	4973983
chanvre	4973982
autorisez	4973981
suppliait	4973980
suffoquer	4973979
bueno	4973978
vdm	4973977
vaseline	4973976
kol	4973975
filera	4973974
fantasy	4973973
dechainer	4973972
deprimante	4973971
nepal	4973970
reorganiser	4973969
avarice	4973968
buvaient	4973967
halley	4973966
inhale	4973965
collation	4973964
aryens	4973963
revis	4973962
etendues	4973961
fieres	4973960
ecosysteme	4973959
urgentiste	4973958
factice	4973957
confucius	4973956
construites	4973955
piteux	4973954
epouserait	4973953
maisje	4973952
brefs	4973951
concocte	4973950
electrons	4973949
nourrissait	4973948
garderont	4973947
destinataire	4973946
faulkner	4973945
trahira	4973944
mouise	4973943
transportes	4973942
lovers	4973941
danforth	4973940
faiblit	4973939
separait	4973938
balkans	4973937
prado	4973936
fabriquees	4973935
liquidation	4973934
ibiza	4973933
jeunot	4973932
cuirasse	4973931
cinemas	4973930
castre	4973929
firmament	4973928
castrer	4973927
imprevus	4973926
pantoufle	4973925
zale	4973924
unh	4973923
tapais	4973922
abilene	4973921
sonique	4973920
genera	4973919
athos	4973918
sit	4973917
promettes	4973916
gas	4973915
inities	4973914
laverai	4973913
terminales	4973912
tzu	4973911
mufle	4973910
certitudes	4973909
sanguines	4973908
entendit	4973907
pluto	4973906
trahirais	4973905
ziegfeld	4973904
veneneux	4973903
doigte	4973902
larbins	4973901
enfuyait	4973900
scrooge	4973899
spiritisme	4973898
rugissement	4973897
sumner	4973896
colson	4973895
dumbledore	4973894
caste	4973893
ono	4973892
dear	4973891
baskerville	4973890
assistantes	4973889
violets	4973888
provocateur	4973887
geologie	4973886
making	4973885
fondant	4973884
accreditation	4973883
lagann	4973882
chieuse	4973881
warden	4973880
arriverent	4973879
farfelu	4973878
gourdin	4973877
chaux	4973876
dow	4973875
inflexible	4973874
vida	4973873
admirent	4973872
alby	4973871
rivages	4973870
liberale	4973869
piete	4973868
punitions	4973867
irreguliere	4973866
volerait	4973865
irions	4973864
kemal	4973863
butchie	4973862
twister	4973861
historiquement	4973860
adhere	4973859
deceler	4973858
vickers	4973857
declarant	4973856
kaki	4973855
pq	4973854
cretine	4973853
tar	4973852
harrow	4973851
nik	4973850
trash	4973849
eastman	4973848
braconniers	4973847
bag	4973846
retienne	4973845
intitulee	4973844
expliquent	4973843
mead	4973842
pierson	4973841
giulio	4973840
como	4973839
shaman	4973838
lydecker	4973837
facheuse	4973836
existant	4973835
prostituer	4973834
ric	4973833
equipiere	4973832
guinness	4973831
representons	4973830
poncho	4973829
calvitie	4973828
eloquence	4973827
arima	4973826
editrice	4973825
etendent	4973824
schillinger	4973823
sm	4973822
limousines	4973821
chakotay	4973820
meurtri	4973819
galt	4973818
conti	4973817
vidal	4973816
galeux	4973815
mitraillettes	4973814
tokugawa	4973813
pick	4973812
toucherais	4973811
murasaki	4973810
malfaisant	4973809
rapace	4973808
mitard	4973807
concepteur	4973806
concues	4973805
seropositif	4973804
approuves	4973803
yao	4973802
artisans	4973801
femmelette	4973800
bluffes	4973799
yukiko	4973798
articulation	4973797
correspondances	4973796
whitechapel	4973795
savoy	4973794
decoratrice	4973793
labrador	4973792
luck	4973791
prius	4973790
filerai	4973789
kits	4973788
remi	4973787
mortem	4973786
gemeaux	4973785
infectees	4973784
mobilise	4973783
insistait	4973782
mousson	4973781
stries	4973780
gilliam	4973779
meneurs	4973778
provoquez	4973777
mangeront	4973776
hep	4973775
fascinee	4973774
osiris	4973773
bluffez	4973772
rodent	4973771
aliment	4973770
lacunes	4973769
solidaire	4973768
baek	4973767
pictures	4973766
exposees	4973765
carriole	4973764
rapt	4973763
funny	4973762
frequentais	4973761
cedez	4973760
dubaku	4973759
ravissantes	4973758
ignobles	4973757
diademe	4973756
imaginant	4973755
hummer	4973754
waller	4973753
clear	4973752
mongols	4973751
transmettent	4973750
momies	4973749
elevant	4973748
tracteurs	4973747
revelant	4973746
recevront	4973745
receleur	4973744
volumes	4973743
words	4973742
feygnasse	4973741
gannon	4973740
recifs	4973739
adoptes	4973738
dresseur	4973737
complote	4973736
abuses	4973735
beauty	4973734
bossant	4973733
razor	4973732
patraque	4973731
recuperent	4973730
travestis	4973729
ablation	4973728
frele	4973727
accompagnement	4973726
sirius	4973725
integral	4973724
ashleigh	4973723
approuverait	4973722
astronome	4973721
effacent	4973720
agathe	4973719
qiu	4973718
manchettes	4973717
ardente	4973716
battlestar	4973715
roquette	4973714
solange	4973713
sacrements	4973712
refleter	4973711
rocker	4973710
pretent	4973709
dixit	4973708
briseur	4973707
nui	4973706
deconcertant	4973705
philips	4973704
inclinaison	4973703
ye	4973702
organisateurs	4973701
mirent	4973700
colossal	4973699
lower	4973698
setsuko	4973697
investiture	4973696
individuels	4973695
avoirs	4973694
emouvante	4973693
declarez	4973692
teen	4973691
consciemment	4973690
craignons	4973689
entonnoir	4973688
bouffes	4973687
lacrymogene	4973686
pouliche	4973685
mystery	4973684
romarin	4973683
discutant	4973682
entourant	4973681
clennam	4973680
barr	4973679
participez	4973678
hasan	4973677
abricot	4973676
demarches	4973675
fabuleuses	4973674
soupes	4973673
campeurs	4973672
tuiez	4973671
kelton	4973670
oe	4973669
armenien	4973668
kel	4973667
emissaires	4973666
ventriloque	4973665
apesanteur	4973664
mecanismes	4973663
assommee	4973662
pda	4973661
dieter	4973660
debacle	4973659
obeirai	4973658
cornee	4973657
dactylo	4973656
navarre	4973655
suivrez	4973654
tomberais	4973653
pastille	4973652
pleurera	4973651
zapata	4973650
hater	4973649
sectionne	4973648
savi	4973647
capricieuse	4973646
boots	4973645
coherente	4973644
decidait	4973643
doakes	4973642
jurent	4973641
dolce	4973640
melrose	4973639
aisance	4973638
olaola	4973637
enterrees	4973636
surprendrait	4973635
declenchera	4973634
courageusement	4973633
rochefort	4973632
mayko	4973631
soupconneux	4973630
tantine	4973629
errone	4973628
faxer	4973627
nance	4973626
basilic	4973625
pretee	4973624
barbra	4973623
tintin	4973622
sandoval	4973621
pleurerai	4973620
surfaces	4973619
birthday	4973618
rondelle	4973617
farci	4973616
eastwood	4973615
vidange	4973614
sardine	4973613
bri	4973612
dewitt	4973611
neha	4973610
johannesburg	4973609
definie	4973608
straight	4973607
foncent	4973606
binaire	4973605
poussees	4973604
procreer	4973603
vieilleries	4973602
latrines	4973601
neerlandais	4973600
ebruite	4973599
promethee	4973598
kirkland	4973597
raisonne	4973596
tish	4973595
cablage	4973594
attaquerons	4973593
planifiee	4973592
cuisinez	4973591
latour	4973590
macpherson	4973589
crucifixion	4973588
aerobic	4973587
prouverait	4973586
yoyo	4973585
sad	4973584
recruteurs	4973583
soucoupes	4973582
maxim	4973581
mexicaines	4973580
indignes	4973579
raccroches	4973578
rooney	4973577
sermonner	4973576
arvin	4973575
marmonne	4973574
crasher	4973573
regnent	4973572
plaisantent	4973571
louisville	4973570
decapitation	4973569
poltron	4973568
armistice	4973567
rooster	4973566
persistez	4973565
modere	4973564
ampute	4973563
survivrez	4973562
pardonnerait	4973561
flanelle	4973560
lindbergh	4973559
paz	4973558
minimes	4973557
flore	4973556
engageant	4973555
desarroi	4973554
tortiller	4973553
fourguer	4973552
teneur	4973551
fervent	4973550
cranienne	4973549
persil	4973548
confident	4973547
ultrasons	4973546
luz	4973545
rogue	4973544
defende	4973543
equivoque	4973542
desperate	4973541
programmeur	4973540
confiants	4973539
wook	4973538
gen	4973537
yul	4973536
retoucher	4973535
dinars	4973534
holding	4973533
pinkerton	4973532
frell	4973531
schtroumpfs	4973530
minettes	4973529
jumbo	4973528
charcuterie	4973527
verni	4973526
impressionnants	4973525
manquement	4973524
framboises	4973523
lacy	4973522
impitoyables	4973521
garnement	4973520
decoupee	4973519
crunch	4973518
extirper	4973517
souillee	4973516
fulcrum	4973515
lisses	4973514
malia	4973513
delinquance	4973512
sonneries	4973511
gussie	4973510
kyla	4973509
flechette	4973508
parisien	4973507
achmed	4973506
candidates	4973505
autopsies	4973504
rigby	4973503
tino	4973502
guetter	4973501
ingratitude	4973500
augustin	4973499
aristocratie	4973498
emportant	4973497
gouvernementaux	4973496
fret	4973495
stereotype	4973494
imposee	4973493
piastres	4973492
decoloration	4973491
bipeur	4973490
mecene	4973489
hobbies	4973488
exagerons	4973487
abject	4973486
chestnut	4973485
lachait	4973484
brindille	4973483
electromagnetiques	4973482
carnivore	4973481
romaines	4973480
wide	4973479
restions	4973478
titulaires	4973477
near	4973476
tabitha	4973475
indulgente	4973474
stocke	4973473
pulverise	4973472
replonge	4973471
magicienne	4973470
fascinantes	4973469
valenti	4973468
sunrise	4973467
chies	4973466
traitaient	4973465
southampton	4973464
paine	4973463
milliardaires	4973462
panel	4973461
truquee	4973460
ricane	4973459
organisatrice	4973458
convertis	4973457
sauge	4973456
dawes	4973455
soon	4973454
laguerta	4973453
apprenaient	4973452
emigre	4973451
echafaud	4973450
groves	4973449
imprimes	4973448
livrees	4973447
zapper	4973446
standardiste	4973445
dejante	4973444
fournissait	4973443
marginaux	4973442
concrete	4973441
preparations	4973440
manille	4973439
elegants	4973438
essaieront	4973437
jer	4973436
prenuptial	4973435
pectoraux	4973434
unisson	4973433
acharnee	4973432
gloucester	4973431
chercherait	4973430
renouvele	4973429
degoutantes	4973428
gracieusement	4973427
atteintes	4973426
gigoter	4973425
fascinants	4973424
flippante	4973423
commere	4973422
trime	4973421
chiale	4973420
sri	4973419
twin	4973418
pompei	4973417
fatidique	4973416
federico	4973415
dundee	4973414
saphir	4973413
correctes	4973412
tupper	4973411
bozo	4973410
recommencent	4973409
leva	4973408
wylie	4973407
abattage	4973406
gigot	4973405
deloger	4973404
inviterais	4973403
inerte	4973402
hanley	4973401
oakley	4973400
saito	4973399
chevalerie	4973398
boudoir	4973397
merlot	4973396
persecute	4973395
penseraient	4973394
afghan	4973393
madagascar	4973392
mites	4973391
originelle	4973390
diablesse	4973389
embetera	4973388
reagira	4973387
fouillee	4973386
breeze	4973385
fondements	4973384
decompression	4973383
daly	4973382
yougoslavie	4973381
enfouis	4973380
maitrisez	4973379
impolitesse	4973378
croatie	4973377
kandahar	4973376
managers	4973375
juniper	4973374
berge	4973373
accusera	4973372
mercis	4973371
pleurniche	4973370
fosses	4973369
abbas	4973368
venerent	4973367
doolittle	4973366
ev	4973365
escient	4973364
vantard	4973363
gibraltar	4973362
productivite	4973361
montriez	4973360
flottante	4973359
yemen	4973358
danoise	4973357
moka	4973356
dominatrice	4973355
melangee	4973354
dede	4973353
fragilite	4973352
batifoler	4973351
consolider	4973350
lone	4973349
petillante	4973348
bizarreries	4973347
malmene	4973346
bouleverses	4973345
matteo	4973344
genesis	4973343
malette	4973342
stature	4973341
vaines	4973340
fiscaux	4973339
emprunts	4973338
erronee	4973337
talking	4973336
renault	4973335
babysitting	4973334
late	4973333
gosier	4973332
insistent	4973331
impetueux	4973330
angola	4973329
lestrade	4973328
emetteurs	4973327
vaginal	4973326
comites	4973325
constipe	4973324
repenti	4973323
abattez	4973322
contenue	4973321
ajoutes	4973320
precheur	4973319
degagent	4973318
sparadrap	4973317
bufgelfly	4973316
gram	4973315
puerile	4973314
pancartes	4973313
purdy	4973312
cous	4973311
activistes	4973310
fusionne	4973309
hysteriques	4973308
barde	4973307
maillet	4973306
magnetisme	4973305
magdalena	4973304
advenu	4973303
bourg	4973302
interdisant	4973301
embetent	4973300
tisonnier	4973299
guetteur	4973298
obstination	4973297
simpsons	4973296
tracee	4973295
renouvellement	4973294
caitlyn	4973293
maintiennent	4973292
allende	4973291
aieux	4973290
citronnade	4973289
renom	4973288
nattes	4973287
flirtait	4973286
triples	4973285
lowry	4973284
indifferente	4973283
kb	4973282
cultivee	4973281
hurt	4973280
colosse	4973279
obelix	4973278
howe	4973277
eloignees	4973276
baratiner	4973275
botwin	4973274
fonda	4973273
tribbiani	4973272
enveloppee	4973271
capitalistes	4973270
vadrouille	4973269
frangins	4973268
changiez	4973267
obligatoirement	4973266
theologie	4973265
baiserais	4973264
sangles	4973263
aveuglette	4973262
divinement	4973261
frieda	4973260
fellow	4973259
lombardo	4973258
parachutistes	4973257
shaft	4973256
protheses	4973255
rescapes	4973254
immensite	4973253
freelance	4973252
sauveteurs	4973251
derivation	4973250
holy	4973249
cosby	4973248
repertorie	4973247
effemine	4973246
gee	4973245
inversion	4973244
lyndon	4973243
belmont	4973242
fremont	4973241
toshi	4973240
initier	4973239
dubbing	4973238
remington	4973237
arcs	4973236
cachons	4973235
tournis	4973234
chasseuse	4973233
marteaux	4973232
croitre	4973231
polka	4973230
gnome	4973229
depanneur	4973228
surfe	4973227
frisquet	4973226
salome	4973225
tallahassee	4973224
beacon	4973223
slam	4973222
sakamoto	4973221
deployez	4973220
livrera	4973219
perfectionne	4973218
mamy	4973217
stethoscope	4973216
insensees	4973215
mccartney	4973214
teeger	4973213
remuez	4973212
klara	4973211
spector	4973210
complimenter	4973209
lest	4973208
gouines	4973207
execrable	4973206
root	4973205
broye	4973204
marcellus	4973203
travailliste	4973202
decidai	4973201
renait	4973200
armada	4973199
delacroix	4973198
vieillissent	4973197
fournaise	4973196
privation	4973195
ligoter	4973194
caritatif	4973193
avantageux	4973192
barbele	4973191
partagions	4973190
rudolf	4973189
appartenais	4973188
graisser	4973187
sixe	4973186
frequentez	4973185
ravitailler	4973184
tupperware	4973183
alisha	4973182
gigantesques	4973181
toucherait	4973180
meprisent	4973179
pines	4973178
cloisons	4973177
mesquine	4973176
chesapeake	4973175
nevrose	4973174
resonnent	4973173
ecrasent	4973172
assurais	4973171
respirant	4973170
arrivants	4973169
selectionner	4973168
tone	4973167
chubby	4973166
kahn	4973165
foxtrot	4973164
longe	4973163
hieroglyphes	4973162
scones	4973161
obscurs	4973160
pendra	4973159
bennie	4973158
rouvert	4973157
corbin	4973156
hebergement	4973155
crachat	4973154
sting	4973153
byrne	4973152
ennuyante	4973151
ozu	4973150
gruau	4973149
courantes	4973148
stationne	4973147
arachide	4973146
charognards	4973145
tami	4973144
cessait	4973143
retrouviez	4973142
kenichi	4973141
soutenus	4973140
laides	4973139
hildy	4973138
californienne	4973137
fresh	4973136
reconnaitrait	4973135
snacks	4973134
prostitues	4973133
druide	4973132
blessera	4973131
rampes	4973130
cerisier	4973129
prirent	4973128
elevation	4973127
commemoration	4973126
andromede	4973125
annalise	4973124
nettes	4973123
copropriete	4973122
collioure	4973121
airbag	4973120
took	4973119
rasoirs	4973118
emerger	4973117
sears	4973116
klaxons	4973115
goro	4973114
selectionnes	4973113
tords	4973112
cirrhose	4973111
carbonise	4973110
soignes	4973109
epouvantables	4973108
gateux	4973107
saxo	4973106
guillemets	4973105
epargnera	4973104
emmena	4973103
abba	4973102
decamper	4973101
glands	4973100
norah	4973099
dodger	4973098
sharif	4973097
travaillerait	4973096
descendante	4973095
zeuthen	4973094
parisienne	4973093
hepburn	4973092
hokkaido	4973091
banderole	4973090
lavie	4973089
arif	4973088
reviendraient	4973087
wikileaks	4973086
summum	4973085
osbourne	4973084
learn	4973083
guster	4973082
lagon	4973081
gringos	4973080
lear	4973079
tchecoslovaquie	4973078
logeuse	4973077
rafale	4973076
horowitz	4973075
flaner	4973074
impassible	4973073
livrait	4973072
astrologie	4973071
auditoire	4973070
condamnez	4973069
xxe	4973068
fonderie	4973067
negligeable	4973066
fondamentaux	4973065
medievale	4973064
intimidee	4973063
craquement	4973062
devisager	4973061
loutre	4973060
arnaud	4973059
derouiller	4973058
pensa	4973057
cissy	4973056
hk	4973055
mentiez	4973054
ingram	4973053
rempart	4973052
fletch	4973051
collez	4973050
monterey	4973049
verde	4973048
festif	4973047
ducats	4973046
emblee	4973045
remarcher	4973044
hawaienne	4973043
regie	4973042
titi	4973041
myrna	4973040
distingues	4973039
partouze	4973038
pressons	4973037
cardigan	4973036
entetement	4973035
popo	4973034
bengale	4973033
tandem	4973032
ecreme	4973031
minibus	4973030
fana	4973029
escortez	4973028
niro	4973027
consumer	4973026
cacherais	4973025
kibboutz	4973024
reticence	4973023
pintes	4973022
plantez	4973021
mousquetaire	4973020
krystle	4973019
gisele	4973018
partiels	4973017
scier	4973016
causez	4973015
livreurs	4973014
shanti	4973013
akemi	4973012
leia	4973011
horrifie	4973010
sevrage	4973009
jovi	4973008
remplissait	4973007
perdition	4973006
instaurer	4973005
embargo	4973004
promenes	4973003
ichabod	4973002
intensifie	4973001
tamsin	4973000
mousseux	4972999
lansing	4972998
redecorer	4972997
frappa	4972996
rassis	4972995
microphone	4972994
colores	4972993
secouez	4972992
accents	4972991
souples	4972990
livingston	4972989
affaiblis	4972988
insere	4972987
turquoise	4972986
retombera	4972985
interessees	4972984
requises	4972983
deplore	4972982
collees	4972981
trimballe	4972980
bayliss	4972979
renny	4972978
psychanalyste	4972977
menacante	4972976
sursauter	4972975
capitol	4972974
mach	4972973
rev	4972972
exigeait	4972971
apprentie	4972970
couturier	4972969
lala	4972968
danube	4972967
degueuler	4972966
causette	4972965
fetent	4972964
ralliement	4972963
enrichit	4972962
reactiver	4972961
abernathy	4972960
attendrir	4972959
deplaisante	4972958
impunement	4972957
bagarreur	4972956
hanks	4972955
vandales	4972954
sut	4972953
lyncher	4972952
halteres	4972951
decime	4972950
extremiste	4972949
creait	4972948
lunch	4972947
boden	4972946
chocolatee	4972945
tain	4972944
barbecues	4972943
herode	4972942
sifflent	4972941
gleason	4972940
promicine	4972939
immigrant	4972938
coquette	4972937
anguilles	4972936
tome	4972935
bribes	4972934
sachs	4972933
reelu	4972932
dooley	4972931
demandees	4972930
refusa	4972929
insouciance	4972928
loeb	4972927
toole	4972926
ns	4972925
gobelins	4972924
folsom	4972923
marci	4972922
nieces	4972921
guepard	4972920
gonzalo	4972919
traquait	4972918
vinyle	4972917
continuerais	4972916
redevables	4972915
avenement	4972914
calepin	4972913
roussi	4972912
johannes	4972911
prolongation	4972910
daytona	4972909
rixe	4972908
persecuter	4972907
effondrent	4972906
lavent	4972905
utiliserez	4972904
accoster	4972903
taisent	4972902
broken	4972901
vecut	4972900
santi	4972899
goodbye	4972898
stoner	4972897
certifier	4972896
gredin	4972895
enrager	4972894
courroie	4972893
hani	4972892
adaptes	4972891
encas	4972890
mcphee	4972889
takezo	4972888
nourrisson	4972887
jayne	4972886
mucho	4972885
epelle	4972884
vinaigrette	4972883
lacrymo	4972882
trisha	4972881
metaphoriquement	4972880
appuis	4972879
condescendance	4972878
feet	4972877
karina	4972876
mitzi	4972875
ҫa	4972874
eteindra	4972873
manitou	4972872
precieusement	4972871
arrivage	4972870
dotee	4972869
predis	4972868
respecterai	4972867
dun	4972866
revoltant	4972865
cuisinait	4972864
watt	4972863
bagne	4972862
confesseur	4972861
rogelio	4972860
rudimentaire	4972859
congelo	4972858
hakim	4972857
prefererai	4972856
chirurgienne	4972855
meriterait	4972854
implosion	4972853
enfonces	4972852
bojack	4972851
reclamait	4972850
intenable	4972849
westlake	4972848
caids	4972847
granny	4972846
cartier	4972845
choisirait	4972844
rafraichissements	4972843
rencontrerons	4972842
polk	4972841
convaincra	4972840
inhibiteur	4972839
babu	4972838
occuperez	4972837
fantaisies	4972836
migration	4972835
affirmez	4972834
debattue	4972833
reviendriez	4972832
tumulte	4972831
imitant	4972830
moquee	4972829
meprises	4972828
croisons	4972827
lazarus	4972826
galettes	4972825
dominion	4972824
mousquet	4972823
bretelle	4972822
fetait	4972821
deconnais	4972820
laroche	4972819
seals	4972818
hat	4972817
croc	4972816
labs	4972815
lehman	4972814
habillees	4972813
attributs	4972812
finaliser	4972811
mangiez	4972810
penseur	4972809
pensionnaire	4972808
embarcadere	4972807
rajeunir	4972806
polemique	4972805
aigre	4972804
relevent	4972803
infusion	4972802
valeria	4972801
girard	4972800
soccer	4972799
rappelons	4972798
rabattre	4972797
maharadjah	4972796
compares	4972795
pow	4972794
tybalt	4972793
raccompagnez	4972792
remercient	4972791
impunite	4972790
vendiez	4972789
sereine	4972788
petrolieres	4972787
tolstoi	4972786
syncope	4972785
piraterie	4972784
capillaire	4972783
deluca	4972782
brillera	4972781
vielles	4972780
arrachees	4972779
ramolli	4972778
accablant	4972777
deplacait	4972776
diagnostiquee	4972775
patrouilleur	4972774
limaces	4972773
bifteck	4972772
crisp	4972771
yutaka	4972770
fairview	4972769
reflechisses	4972768
silvana	4972767
lmagine	4972766
barda	4972765
renversant	4972764
agnew	4972763
ravaler	4972762
surfeurs	4972761
farr	4972760
chiang	4972759
technicolor	4972758
kroll	4972757
morten	4972756
leadership	4972755
mir	4972754
loquet	4972753
agacante	4972752
litige	4972751
breuvage	4972750
benjy	4972749
hurlez	4972748
misogyne	4972747
crierai	4972746
osgood	4972745
trudi	4972744
meninges	4972743
kapoor	4972742
ryuzaki	4972741
touchons	4972740
importation	4972739
asthmatique	4972738
vengee	4972737
ophelie	4972736
aeronautique	4972735
mags	4972734
niklaus	4972733
connaitrai	4972732
mob	4972731
enflammee	4972730
ui	4972729
decontractee	4972728
reessayez	4972727
raleigh	4972726
defilent	4972725
ramenerais	4972724
taliban	4972723
relooking	4972722
masturbe	4972721
perroquets	4972720
annoncera	4972719
inquisiteur	4972718
judson	4972717
commencerez	4972716
graeme	4972715
divertissements	4972714
leurrer	4972713
reproduisent	4972712
kennish	4972711
photoshop	4972710
internee	4972709
decheance	4972708
tics	4972707
lok	4972706
saki	4972705
haillons	4972704
amin	4972703
redford	4972702
montgolfiere	4972701
eprouvez	4972700
labourer	4972699
westerns	4972698
souveniez	4972697
metropole	4972696
inca	4972695
taniguchi	4972694
mimosa	4972693
ln	4972692
midge	4972691
dessinait	4972690
demolie	4972689
sommaire	4972688
interieures	4972687
marni	4972686
distincts	4972685
phryne	4972684
briefe	4972683
choisissait	4972682
deplaire	4972681
nt	4972680
karel	4972679
ecartees	4972678
floor	4972677
pannes	4972676
saccager	4972675
remplacent	4972674
emploient	4972673
brulons	4972672
rationnement	4972671
bouquets	4972670
corrida	4972669
cali	4972668
presto	4972667
operateurs	4972666
callisto	4972665
plongeant	4972664
miley	4972663
meurtrieres	4972662
convois	4972661
wonderful	4972660
thoracotomie	4972659
gaspilles	4972658
koweit	4972657
granit	4972656
gulliver	4972655
vogler	4972654
reduira	4972653
oseriez	4972652
kar	4972651
crab	4972650
shaz	4972649
pool	4972648
pleurerais	4972647
jordanie	4972646
anesthesique	4972645
blackout	4972644
veda	4972643
fame	4972642
schizo	4972641
hump	4972640
caricature	4972639
ativan	4972638
tarot	4972637
empruntes	4972636
aviaire	4972635
multinationale	4972634
fringe	4972633
meduses	4972632
discutais	4972631
formaient	4972630
aªtes	4972629
bigelow	4972628
bb	4972627
devinerez	4972626
arithmetique	4972625
buviez	4972624
requisitionne	4972623
entendement	4972622
stinson	4972621
souveraine	4972620
blouses	4972619
marginal	4972618
compromettant	4972617
dedicacer	4972616
fard	4972615
melodies	4972614
mettraient	4972613
etreindre	4972612
ichiro	4972611
fairchild	4972610
chantee	4972609
speak	4972608
amenerais	4972607
voldemort	4972606
anorexique	4972605
eclatera	4972604
nierai	4972603
mart	4972602
broderie	4972601
expirer	4972600
mentionnez	4972599
variante	4972598
captes	4972597
papounet	4972596
resonance	4972595
cartonner	4972594
echarde	4972593
morehouse	4972592
alouette	4972591
agrandi	4972590
weather	4972589
melo	4972588
moraux	4972587
imperfections	4972586
deplacees	4972585
seismes	4972584
albatros	4972583
hd	4972582
plombiers	4972581
rach	4972580
marcheront	4972579
det	4972578
enterrera	4972577
autisme	4972576
emettent	4972575
hatcher	4972574
suppleant	4972573
jouissance	4972572
lirez	4972571
chavirer	4972570
blythe	4972569
retombee	4972568
psychologues	4972567
layton	4972566
residences	4972565
pende	4972564
distribuez	4972563
pace	4972562
books	4972561
reflechie	4972560
sadiques	4972559
tyno	4972558
populace	4972557
elevait	4972556
ezekiel	4972555
artisanat	4972554
tomberez	4972553
salit	4972552
foncee	4972551
agrafes	4972550
enrouler	4972549
detestee	4972548
mangerons	4972547
irregularites	4972546
pm	4972545
pourrissent	4972544
trombe	4972543
econome	4972542
fifille	4972541
cierge	4972540
baffes	4972539
quotas	4972538
broutilles	4972537
enregistrent	4972536
montraient	4972535
fate	4972534
canicule	4972533
soupconnais	4972532
irakien	4972531
inclue	4972530
demissionnez	4972529
largo	4972528
encerclent	4972527
parapluies	4972526
homosexuelle	4972525
modifies	4972524
capuchon	4972523
timbree	4972522
desactivee	4972521
pluvieux	4972520
bismarck	4972519
pleuvra	4972518
ukrainien	4972517
medite	4972516
mwah	4972515
entreront	4972514
baveux	4972513
chassera	4972512
peach	4972511
illustrer	4972510
compatriote	4972509
vermines	4972508
dorn	4972507
refroidisse	4972506
spirituellement	4972505
paraguay	4972504
reprennes	4972503
lovely	4972502
harengs	4972501
antilles	4972500
circoncision	4972499
melodramatique	4972498
nages	4972497
brasse	4972496
ebloui	4972495
gaia	4972494
ramadan	4972493
indistinct	4972492
tweed	4972491
bobard	4972490
craignaient	4972489
soulagera	4972488
conspirateurs	4972487
ives	4972486
involontairement	4972485
marchetti	4972484
ancestrale	4972483
sulfurique	4972482
polygraphe	4972481
grigori	4972480
pirouette	4972479
deeds	4972478
sisters	4972477
constructif	4972476
pavot	4972475
enduit	4972474
magasine	4972473
buford	4972472
spontaneite	4972471
griefs	4972470
balancait	4972469
creusant	4972468
condo	4972467
diapos	4972466
cachera	4972465
delenn	4972464
panser	4972463
defendais	4972462
gehrig	4972461
fell	4972460
blogs	4972459
minibar	4972458
evitait	4972457
waverly	4972456
recevable	4972455
accepterez	4972454
karsten	4972453
presidentielles	4972452
dominus	4972451
irreflechi	4972450
hull	4972449
waco	4972448
pippa	4972447
otsu	4972446
natifs	4972445
tetine	4972444
bulgarie	4972443
decryptage	4972442
flowers	4972441
steno	4972440
moineaux	4972439
foxy	4972438
jalapao	4972437
ambiante	4972436
testent	4972435
distancer	4972434
sie	4972433
gim	4972432
radie	4972431
dyke	4972430
marple	4972429
tchernobyl	4972428
etonnantes	4972427
valant	4972426
nutrition	4972425
jetaient	4972424
rieur	4972423
sita	4972422
eclatee	4972421
ridiculement	4972420
fregate	4972419
rune	4972418
frigidaire	4972417
culpa	4972416
futon	4972415
pompom	4972414
remuneration	4972413
technologiques	4972412
froideur	4972411
secnav	4972410
derobee	4972409
kine	4972408
mcleod	4972407
denoncee	4972406
agenouille	4972405
aj	4972404
plants	4972403
colossale	4972402
hiv	4972401
tanger	4972400
human	4972399
buveurs	4972398
yellowstone	4972397
jurisprudence	4972396
bastille	4972395
mutiles	4972394
nageoires	4972393
disculpe	4972392
assoient	4972391
panorama	4972390
excitantes	4972389
veillent	4972388
lacheront	4972387
norbert	4972386
postier	4972385
partance	4972384
pantheon	4972383
primitives	4972382
bae	4972381
reexaminer	4972380
khaled	4972379
gourmet	4972378
colisee	4972377
arroyo	4972376
astres	4972375
installees	4972374
contredis	4972373
fatiguees	4972372
itineraires	4972371
capitulation	4972370
captive	4972369
number	4972368
emmeniez	4972367
bibelots	4972366
mayflower	4972365
sanglants	4972364
calmar	4972363
gemissant	4972362
affirmant	4972361
osman	4972360
frontale	4972359
dutton	4972358
engagera	4972357
harlow	4972356
prototypes	4972355
ascenceur	4972354
petroliers	4972353
paieraient	4972352
communement	4972351
fievreux	4972350
barbes	4972349
hatfield	4972348
covington	4972347
ressentons	4972346
historiens	4972345
kimble	4972344
sceaux	4972343
volatile	4972342
evapore	4972341
baillon	4972340
redoutais	4972339
sheffield	4972338
rousseau	4972337
augusta	4972336
sangs	4972335
sodome	4972334
qn	4972333
pocahontas	4972332
chromosomes	4972331
boulets	4972330
goutes	4972329
noels	4972328
piquez	4972327
enclume	4972326
ratees	4972325
greffer	4972324
rappeliez	4972323
perpetuelle	4972322
futiles	4972321
majorette	4972320
racial	4972319
figaro	4972318
refouler	4972317
urbanisme	4972316
colombienne	4972315
nasale	4972314
kelley	4972313
revend	4972312
amourette	4972311
tendent	4972310
yeon	4972309
bestiaux	4972308
nommez	4972307
bronco	4972306
rainey	4972305
revit	4972304
mollie	4972303
guevara	4972302
previsibles	4972301
amenagement	4972300
luttait	4972299
partielles	4972298
scrutin	4972297
vantait	4972296
rapatrier	4972295
tanabe	4972294
applaudissent	4972293
recommencait	4972292
illustration	4972291
courriers	4972290
precepteur	4972289
buffles	4972288
refuges	4972287
artilleur	4972286
shel	4972285
nitroglycerine	4972284
able	4972283
fictifs	4972282
recidive	4972281
nutriments	4972280
fameuses	4972279
alarmant	4972278
macintosh	4972277
stiller	4972276
suscite	4972275
surprenez	4972274
directes	4972273
associees	4972272
quon	4972271
spectrometre	4972270
mancini	4972269
mousser	4972268
marquees	4972267
vita	4972266
deteint	4972265
appa	4972264
annulees	4972263
signalez	4972262
lateral	4972261
invitera	4972260
surexcite	4972259
enregistrait	4972258
states	4972257
scavo	4972256
orville	4972255
foss	4972254
etincelante	4972253
lf	4972252
haches	4972251
muppet	4972250
blairer	4972249
foies	4972248
percepteur	4972247
grazie	4972246
reagirais	4972245
progressiste	4972244
percant	4972243
virees	4972242
henrickson	4972241
arrachent	4972240
frottez	4972239
meeks	4972238
concretement	4972237
sautons	4972236
gertie	4972235
jc	4972234
banalites	4972233
scarrans	4972232
ustensiles	4972231
bancroft	4972230
recherchant	4972229
indicateurs	4972228
explosee	4972227
spasme	4972226
fonctionnerait	4972225
regenerer	4972224
gargouille	4972223
couteuse	4972222
greek	4972221
binome	4972220
mcgrath	4972219
ameliorera	4972218
aramis	4972217
heathrow	4972216
effrayait	4972215
aride	4972214
epicentre	4972213
delaisse	4972212
chapelier	4972211
penalty	4972210
entasses	4972209
chekov	4972208
hypnotique	4972207
desagrements	4972206
cognes	4972205
mug	4972204
commandons	4972203
invaincu	4972202
convoite	4972201
falsification	4972200
synchronise	4972199
obstinee	4972198
chassant	4972197
groove	4972196
remettrait	4972195
kavanaugh	4972194
maboul	4972193
enfantillages	4972192
lonesome	4972191
rondelles	4972190
archeologues	4972189
reconduis	4972188
clochettes	4972187
solennelle	4972186
downtown	4972185
piquait	4972184
lolly	4972183
barjot	4972182
weed	4972181
usher	4972180
xi	4972179
abimes	4972178
restreindre	4972177
guerisseuse	4972176
cheeta	4972175
anciennement	4972174
chuny	4972173
estheticienne	4972172
cassait	4972171
epis	4972170
derisoire	4972169
inimaginables	4972168
torrance	4972167
rechargez	4972166
vassal	4972165
crachent	4972164
fracturee	4972163
caline	4972162
apprivoiser	4972161
enlevais	4972160
inhalation	4972159
sorbet	4972158
neurochirurgie	4972157
recrutee	4972156
enverrez	4972155
previendra	4972154
mixage	4972153
bagatelle	4972152
typiques	4972151
charter	4972150
ginette	4972149
subsiste	4972148
fantomas	4972147
koji	4972146
capt	4972145
nagato	4972144
internement	4972143
clash	4972142
ouvertures	4972141
cesseront	4972140
raterais	4972139
calment	4972138
mcquaid	4972137
holbrook	4972136
retirera	4972135
decaler	4972134
bj	4972133
used	4972132
excentriques	4972131
extensions	4972130
cargaisons	4972129
troublante	4972128
regagne	4972127
abattra	4972126
debouche	4972125
ishikawa	4972124
redeviennent	4972123
emotionnelles	4972122
tran	4972121
derrieres	4972120
marrier	4972119
debardeur	4972118
mamelon	4972117
karla	4972116
exclusifs	4972115
centurion	4972114
nageait	4972113
identifiees	4972112
repugnants	4972111
deboussole	4972110
futs	4972109
battrait	4972108
semper	4972107
nn	4972106
poignards	4972105
controleurs	4972104
prononcee	4972103
envahisseur	4972102
darken	4972101
douzieme	4972100
bene	4972099
magellan	4972098
misha	4972097
demolit	4972096
telekinesie	4972095
traditionnellement	4972094
urnes	4972093
consentante	4972092
pertinentes	4972091
miro	4972090
citadins	4972089
metaphysique	4972088
gorgees	4972087
bent	4972086
brenna	4972085
demanderons	4972084
trognon	4972083
kruse	4972082
rollin	4972081
embarques	4972080
incertaine	4972079
pleuraient	4972078
eviterait	4972077
pittman	4972076
dupes	4972075
injustes	4972074
jeremiades	4972073
realisant	4972072
cors	4972071
toshio	4972070
rumba	4972069
assorties	4972068
tip	4972067
anchorage	4972066
sauteur	4972065
relativite	4972064
jamaicain	4972063
procedes	4972062
pickpocket	4972061
ayako	4972060
impatiemment	4972059
haies	4972058
ouistiti	4972057
greves	4972056
incarnee	4972055
construisait	4972054
dura	4972053
ganglions	4972052
separons	4972051
goal	4972050
hasch	4972049
lolo	4972048
preoccupez	4972047
hercules	4972046
prouvee	4972045
calomnies	4972044
croquet	4972043
sonate	4972042
juniors	4972041
realiseront	4972040
revolutionner	4972039
degrader	4972038
taekwondo	4972037
reduisent	4972036
prometteurs	4972035
erinn	4972034
marrantes	4972033
devisage	4972032
visionner	4972031
rouvre	4972030
dunphy	4972029
prononciation	4972028
korn	4972027
rancoeur	4972026
tama	4972025
sensualite	4972024
dressage	4972023
confondent	4972022
vaillants	4972021
fatiguent	4972020
bredouille	4972019
guenievre	4972018
pommier	4972017
algorithmes	4972016
menagers	4972015
forceps	4972014
comanche	4972013
centauri	4972012
adrienne	4972011
pilgrim	4972010
augusto	4972009
separatiste	4972008
polygamie	4972007
takada	4972006
ressentes	4972005
serrant	4972004
echouera	4972003
mullen	4972002
serguei	4972001
batit	4972000
chassais	4971999
compterais	4971998
plastic	4971997
avertit	4971996
farm	4971995
tibbs	4971994
introuvables	4971993
volage	4971992
enrhume	4971991
grimpent	4971990
tapin	4971989
tromaville	4971988
rickman	4971987
hlm	4971986
aston	4971985
recrache	4971984
tamura	4971983
fructueuse	4971982
astaire	4971981
mami	4971980
plonges	4971979
trombones	4971978
oedeme	4971977
reapparait	4971976
inouie	4971975
promoteurs	4971974
spectaculaires	4971973
approvisionner	4971972
assistera	4971971
butterfly	4971970
deposera	4971969
cheesecake	4971968
signalisation	4971967
ottawa	4971966
atteindrons	4971965
ilona	4971964
abordable	4971963
culturelles	4971962
ratent	4971961
bragg	4971960
ensanglantee	4971959
inga	4971958
legendaires	4971957
rabat	4971956
reprochez	4971955
redacteurs	4971954
habitueras	4971953
leches	4971952
infligee	4971951
debrouillent	4971950
verbale	4971949
neutres	4971948
darrow	4971947
depravation	4971946
tachee	4971945
pastrami	4971944
orbe	4971943
neelix	4971942
apprehension	4971941
boise	4971940
raclement	4971939
katerina	4971938
obtemperer	4971937
vanity	4971936
deserter	4971935
apnee	4971934
annoncee	4971933
rs	4971932
dormeur	4971931
cil	4971930
ritals	4971929
nuremberg	4971928
mollet	4971927
fogg	4971926
tricheuse	4971925
embaumement	4971924
acosta	4971923
delores	4971922
att	4971921
sig	4971920
trahisons	4971919
cobain	4971918
prejuge	4971917
rosita	4971916
malek	4971915
pliez	4971914
reparerai	4971913
amicalement	4971912
pillards	4971911
lino	4971910
magouille	4971909
fringant	4971908
deuce	4971907
seminaires	4971906
soutienne	4971905
faussement	4971904
liposuccion	4971903
controlees	4971902
transmises	4971901
shania	4971900
deshonorer	4971899
brelan	4971898
medieval	4971897
exactitude	4971896
courtiers	4971895
syllabe	4971894
molette	4971893
goddard	4971892
bartholomew	4971891
vaccine	4971890
cabriolet	4971889
camino	4971888
comptage	4971887
considerais	4971886
abolir	4971885
reposera	4971884
insupportables	4971883
forsythe	4971882
appartenons	4971881
faillit	4971880
lerner	4971879
year	4971878
ecrasera	4971877
agitant	4971876
wave	4971875
agamemnon	4971874
freinage	4971873
genantes	4971872
specifications	4971871
messes	4971870
relayer	4971869
elkins	4971868
arch	4971867
lauderdale	4971866
nuisance	4971865
monteur	4971864
autocar	4971863
comprendraient	4971862
vec	4971861
juno	4971860
tabloids	4971859
blow	4971858
travaillerons	4971857
runkle	4971856
ecrasement	4971855
xu	4971854
combattrai	4971853
horizontal	4971852
impressionant	4971851
saori	4971850
pesanteur	4971849
ak	4971848
leningrad	4971847
distillerie	4971846
allegresse	4971845
existerait	4971844
jingles	4971843
expliquerez	4971842
apprises	4971841
reinventer	4971840
objectivement	4971839
lotissement	4971838
soufflait	4971837
amochee	4971836
televisee	4971835
waits	4971834
statuette	4971833
entourloupe	4971832
embarquent	4971831
autorisent	4971830
narguer	4971829
poursuivais	4971828
enverras	4971827
chocolate	4971826
catalogues	4971825
thriller	4971824
coachs	4971823
etonnez	4971822
hemorragies	4971821
loren	4971820
gentry	4971819
reglerai	4971818
ambigu	4971817
prononcez	4971816
cineastes	4971815
burrell	4971814
lavait	4971813
sylvain	4971812
performant	4971811
crecher	4971810
divague	4971809
sharpe	4971808
croate	4971807
apprendrait	4971806
deleguee	4971805
eclates	4971804
toulouse	4971803
hematomes	4971802
aristocrates	4971801
treuil	4971800
hyenes	4971799
toranaga	4971798
auf	4971797
cosgrove	4971796
polars	4971795
ballot	4971794
renoir	4971793
click	4971792
pedagogique	4971791
mathers	4971790
scoubi	4971789
convenables	4971788
holliday	4971787
lynchage	4971786
soutenons	4971785
gillespie	4971784
sanglantes	4971783
subway	4971782
somnambulisme	4971781
gar	4971780
imprenable	4971779
chenes	4971778
brusques	4971777
bowden	4971776
oncologie	4971775
drink	4971774
corona	4971773
aryen	4971772
diese	4971771
aboutit	4971770
clairvoyant	4971769
extraordinairement	4971768
elastiques	4971767
ez	4971766
menais	4971765
corporelles	4971764
narcissisme	4971763
instit	4971762
deterioration	4971761
oxycodone	4971760
grow	4971759
recouverts	4971758
virtuose	4971757
cinco	4971756
accepta	4971755
ziegler	4971754
racolage	4971753
selby	4971752
securites	4971751
vrombissement	4971750
sicilien	4971749
raiders	4971748
presider	4971747
possedais	4971746
oublierait	4971745
longevite	4971744
primordiale	4971743
jb	4971742
hbo	4971741
eterniser	4971740
machado	4971739
pendules	4971738
eczema	4971737
aviateurs	4971736
pointant	4971735
samcro	4971734
incinerateur	4971733
tabarnak	4971732
acceptables	4971731
dig	4971730
detenait	4971729
faconner	4971728
infames	4971727
impeccables	4971726
vail	4971725
inachevee	4971724
dico	4971723
moulage	4971722
dorsey	4971721
retrace	4971720
glaciers	4971719
contracter	4971718
meprisez	4971717
montoya	4971716
evidents	4971715
amenerait	4971714
tricycle	4971713
coloniale	4971712
acharner	4971711
ternir	4971710
astoria	4971709
frequents	4971708
entendrais	4971707
habillez	4971706
hermetique	4971705
sadako	4971704
bataillons	4971703
receptif	4971702
squatte	4971701
juma	4971700
battiez	4971699
glissement	4971698
serviras	4971697
adelaide	4971696
voltaire	4971695
subalterne	4971694
plaignais	4971693
idylle	4971692
attachant	4971691
grandissait	4971690
tetus	4971689
palestinien	4971688
predilection	4971687
agilite	4971686
sumo	4971685
slaughter	4971684
guzman	4971683
oubliettes	4971682
auditeur	4971681
inhibitions	4971680
banning	4971679
nest	4971678
tunisie	4971677
amasse	4971676
evanouissement	4971675
blesserait	4971674
ellsworth	4971673
signales	4971672
accouru	4971671
mouvants	4971670
engueules	4971669
supporterait	4971668
yong	4971667
mangues	4971666
catcheur	4971665
telepathique	4971664
concordance	4971663
ouvrages	4971662
minerve	4971661
considerees	4971660
humiliations	4971659
decents	4971658
sauveteur	4971657
myspace	4971656
aubergines	4971655
matons	4971654
gachons	4971653
generales	4971652
dechirant	4971651
divines	4971650
whip	4971649
insemination	4971648
participait	4971647
brulerai	4971646
approfondi	4971645
determinant	4971644
enseignais	4971643
retirons	4971642
sommers	4971641
residentiel	4971640
sautais	4971639
prejudiciable	4971638
surgissent	4971637
zig	4971636
hanako	4971635
irritee	4971634
rhumatismes	4971633
pourtoi	4971632
factory	4971631
realisait	4971630
knows	4971629
kardashian	4971628
rapportee	4971627
maniaques	4971626
snoopy	4971625
housse	4971624
lucian	4971623
boutonneux	4971622
choquante	4971621
hirono	4971620
ronaldo	4971619
bocaux	4971618
aquatiques	4971617
maquereaux	4971616
kaswell	4971615
narration	4971614
smoke	4971613
yuji	4971612
djinn	4971611
conquise	4971610
peignez	4971609
accolade	4971608
silencieuses	4971607
climatiseur	4971606
bouddhisme	4971605
giovanna	4971604
traques	4971603
manquiez	4971602
soph	4971601
sobres	4971600
bondee	4971599
suivras	4971598
irresponsables	4971597
rampants	4971596
irena	4971595
hordes	4971594
occupaient	4971593
bizarrerie	4971592
renzo	4971591
bunty	4971590
masseria	4971589
detraques	4971588
pouah	4971587
phantom	4971586
immorale	4971585
miner	4971584
desastreuse	4971583
mailles	4971582
opus	4971581
ravies	4971580
garderons	4971579
humvee	4971578
echangee	4971577
pompiste	4971576
bizness	4971575
zodiaque	4971574
julianna	4971573
mol	4971572
ops	4971571
brio	4971570
juliana	4971569
tueriez	4971568
thes	4971567
gaillots	4971566
fondamentales	4971565
nuisibles	4971564
repousses	4971563
denoncerai	4971562
fatma	4971561
armitage	4971560
glissait	4971559
accessibles	4971558
menahem	4971557
cordero	4971556
jugerai	4971555
crescent	4971554
comprises	4971553
froidement	4971552
ems	4971551
zi	4971550
gredenko	4971549
lividite	4971548
vadim	4971547
rencontrerais	4971546
import	4971545
incarner	4971544
cornouailles	4971543
hyung	4971542
commenceras	4971541
bornee	4971540
cochonnerie	4971539
degoutez	4971538
shimizu	4971537
nightmare	4971536
pap	4971535
mammifere	4971534
fournies	4971533
dressee	4971532
minutieuse	4971531
hematocrite	4971530
bolognaise	4971529
detournez	4971528
novices	4971527
correspondante	4971526
ions	4971525
youri	4971524
sifflets	4971523
excelsior	4971522
vanderbilt	4971521
whelan	4971520
broderick	4971519
empirent	4971518
philadelphia	4971517
fabrizio	4971516
reprehensible	4971515
bouffees	4971514
defendra	4971513
intellectuellement	4971512
noa	4971511
distinctement	4971510
surprendra	4971509
appliquez	4971508
entendrons	4971507
mayfair	4971506
sevit	4971505
notee	4971504
maille	4971503
heparine	4971502
inertie	4971501
daniela	4971500
silex	4971499
banales	4971498
gueux	4971497
brisant	4971496
salopette	4971495
temporels	4971494
dignitaires	4971493
filment	4971492
miliciens	4971491
promenant	4971490
inge	4971489
saperlipopette	4971488
schrader	4971487
wonka	4971486
milices	4971485
appropriees	4971484
dirent	4971483
moities	4971482
ayrton	4971481
admires	4971480
reprendrais	4971479
lobotomie	4971478
vipers	4971477
macha	4971476
deformer	4971475
padawan	4971474
entrevues	4971473
piercings	4971472
amarrage	4971471
missa	4971470
quartz	4971469
marions	4971468
chatouilleux	4971467
reportee	4971466
peridurale	4971465
electrocution	4971464
exeter	4971463
latif	4971462
voyance	4971461
fiacre	4971460
discerner	4971459
raoh	4971458
fraternites	4971457
jouvence	4971456
bliss	4971455
rassemblees	4971454
reprimander	4971453
encouragez	4971452
bohemienne	4971451
retouche	4971450
piranhas	4971449
cachotteries	4971448
blanchit	4971447
kamp	4971446
mobilisation	4971445
fourreau	4971444
radioactifs	4971443
raconterez	4971442
espiegle	4971441
baser	4971440
poudres	4971439
ravit	4971438
cheerios	4971437
gicle	4971436
such	4971435
affiner	4971434
deployes	4971433
interpretes	4971432
asystolie	4971431
possessif	4971430
tap	4971429
chiasse	4971428
mortiers	4971427
grades	4971426
everglades	4971425
shayne	4971424
hesiterais	4971423
fidji	4971422
singuliere	4971421
facial	4971420
siu	4971419
connaitrait	4971418
soulages	4971417
mouvementee	4971416
recuperees	4971415
tnt	4971414
soignent	4971413
garnett	4971412
ramsay	4971411
odo	4971410
braga	4971409
exigeons	4971408
cadaverique	4971407
swearengen	4971406
dub	4971405
credibles	4971404
cooperes	4971403
pecheresse	4971402
plouf	4971401
obligatoires	4971400
vexcor	4971399
grossesses	4971398
decompose	4971397
hippo	4971396
lupo	4971395
seasons	4971394
cassio	4971393
epauler	4971392
agissais	4971391
kaspar	4971390
raydor	4971389
ang	4971388
raben	4971387
hypoglycemie	4971386
annapolis	4971385
indeterminee	4971384
subterfuge	4971383
microscopique	4971382
wordy	4971381
prunelle	4971380
familiariser	4971379
linguistique	4971378
heroes	4971377
nevrosee	4971376
wilkinson	4971375
huis	4971374
kristy	4971373
bambous	4971372
tribunes	4971371
toxicos	4971370
anka	4971369
libanais	4971368
blitz	4971367
desirons	4971366
duels	4971365
equipages	4971364
mefiante	4971363
elargi	4971362
coloration	4971361
clemente	4971360
sauveuse	4971359
oserai	4971358
sejourner	4971357
streisand	4971356
delfino	4971355
omission	4971354
safran	4971353
verifiait	4971352
impossibilite	4971351
mycroft	4971350
sainement	4971349
ligues	4971348
reglementation	4971347
ecoules	4971346
kanbe	4971345
dad	4971344
opal	4971343
fordham	4971342
feves	4971341
infligees	4971340
repassage	4971339
epouvante	4971338
montants	4971337
rotule	4971336
cayenne	4971335
musculation	4971334
tweets	4971333
cooley	4971332
cambrousse	4971331
quadrille	4971330
tears	4971329
etroits	4971328
northern	4971327
mcfarland	4971326
loupes	4971325
pollue	4971324
pretendais	4971323
gellar	4971322
mcneil	4971321
grim	4971320
roulements	4971319
exiles	4971318
chopes	4971317
griffer	4971316
williamsburg	4971315
wessex	4971314
manon	4971313
guidon	4971312
abandonnerait	4971311
chargeurs	4971310
hun	4971309
clame	4971308
etoilee	4971307
gril	4971306
adebisi	4971305
gamble	4971304
aoki	4971303
copieur	4971302
tsui	4971301
preoccupait	4971300
ltd	4971299
congelee	4971298
provoques	4971297
vegetalien	4971296
letale	4971295
lle	4971294
pitoyables	4971293
intergalactique	4971292
forcerai	4971291
remettes	4971290
souk	4971289
ajournement	4971288
nordique	4971287
courrait	4971286
cab	4971285
fantasque	4971284
installera	4971283
decidiez	4971282
acupuncture	4971281
baiseur	4971280
remontait	4971279
bandana	4971278
frequentent	4971277
repoussez	4971276
liberees	4971275
marshmallow	4971274
argus	4971273
barons	4971272
assoupi	4971271
membrane	4971270
sith	4971269
palpable	4971268
brahms	4971267
trout	4971266
bannon	4971265
cueillette	4971264
michiko	4971263
pruitt	4971262
estimez	4971261
deputee	4971260
mesurez	4971259
dejoue	4971258
croutes	4971257
constitutionnel	4971256
environnemental	4971255
gente	4971254
competitive	4971253
ouvrieres	4971252
abi	4971251
texans	4971250
trahissez	4971249
planquee	4971248
litteraires	4971247
crematorium	4971246
irrecevable	4971245
anale	4971244
gagnees	4971243
nuisible	4971242
gazouillis	4971241
aida	4971240
zak	4971239
banlieues	4971238
koror	4971237
manfred	4971236
deviant	4971235
cot	4971234
prelude	4971233
respectera	4971232
aisha	4971231
gsm	4971230
fentanyl	4971229
selective	4971228
inaugurer	4971227
espheni	4971226
farcis	4971225
couperais	4971224
minotaure	4971223
fatah	4971222
downs	4971221
accule	4971220
tantinet	4971219
criss	4971218
dirigerai	4971217
dines	4971216
packer	4971215
yamamori	4971214
society	4971213
demene	4971212
aplatir	4971211
nic	4971210
mixtes	4971209
ignare	4971208
shoes	4971207
irish	4971206
attrapons	4971205
citizen	4971204
ajout	4971203
pailles	4971202
bulgare	4971201
massue	4971200
acerola	4971199
dresden	4971198
reparent	4971197
teigne	4971196
mj	4971195
logiques	4971194
imprevue	4971193
lattimer	4971192
litteral	4971191
garconniere	4971190
prusse	4971189
hem	4971188
mobylette	4971187
capituler	4971186
chatswin	4971185
mouron	4971184
rothman	4971183
crusoe	4971182
reniflements	4971181
leena	4971180
corpulence	4971179
battras	4971178
chretiennes	4971177
glaciaire	4971176
vecus	4971175
massives	4971174
obstetricien	4971173
blindees	4971172
tano	4971171
buissonniere	4971170
gelatine	4971169
braques	4971168
godasses	4971167
cagibi	4971166
promettent	4971165
rejouissances	4971164
finally	4971163
multinationales	4971162
marocain	4971161
zoltan	4971160
revendu	4971159
ombrelle	4971158
ulceres	4971157
integrale	4971156
kathie	4971155
libellule	4971154
piegees	4971153
patriot	4971152
deguerpissez	4971151
armoires	4971150
genghis	4971149
lia	4971148
frapperais	4971147
muni	4971146
licences	4971145
obligeant	4971144
mielleux	4971143
psaume	4971142
hagan	4971141
candidatures	4971140
generaliste	4971139
echapperez	4971138
saoudiens	4971137
kraft	4971136
cars	4971135
guess	4971134
immuable	4971133
baladait	4971132
repetee	4971131
emmeneront	4971130
peuplee	4971129
respectant	4971128
callum	4971127
capulet	4971126
salaries	4971125
navales	4971124
georg	4971123
judah	4971122
angoissant	4971121
bavards	4971120
isotopes	4971119
corrigan	4971118
independantes	4971117
oska	4971116
mucus	4971115
fouler	4971114
palme	4971113
melangees	4971112
ratio	4971111
fleurit	4971110
sucrerie	4971109
cornemuse	4971108
minds	4971107
nanna	4971106
emouvoir	4971105
parris	4971104
ventouse	4971103
fuzzy	4971102
explosives	4971101
partagerons	4971100
croco	4971099
janek	4971098
rapprochait	4971097
demantele	4971096
ventilateurs	4971095
irriter	4971094
impertinence	4971093
transformateur	4971092
kareem	4971091
affinites	4971090
zpm	4971089
juteuse	4971088
formations	4971087
kevlar	4971086
diagnostics	4971085
zheng	4971084
noises	4971083
banqueroute	4971082
tignasse	4971081
apart	4971080
obtiendrons	4971079
peses	4971078
balancant	4971077
paniquent	4971076
hesselboe	4971075
rejeton	4971074
desesperer	4971073
bronzee	4971072
inoue	4971071
thailandais	4971070
crustaces	4971069
clauses	4971068
casernes	4971067
fourmiliere	4971066
suspend	4971065
koo	4971064
preoccupent	4971063
remontons	4971062
fatales	4971061
kenna	4971060
siddharth	4971059
crevez	4971058
cesserai	4971057
baal	4971056
quasimodo	4971055
niels	4971054
visualise	4971053
nugent	4971052
sigma	4971051
douaniers	4971050
paparazzis	4971049
controlant	4971048
cantonais	4971047
souls	4971046
dang	4971045
gordy	4971044
burgundy	4971043
amenage	4971042
reussirais	4971041
ruminer	4971040
tilt	4971039
servirais	4971038
grandview	4971037
repondras	4971036
kilt	4971035
detournee	4971034
accabler	4971033
abaddon	4971032
regardions	4971031
agriculteur	4971030
archive	4971029
osseux	4971028
alger	4971027
capillaires	4971026
piazza	4971025
baiserai	4971024
recevant	4971023
sartre	4971022
avales	4971021
princess	4971020
sachiko	4971019
soren	4971018
convaincs	4971017
flamingo	4971016
admiratrice	4971015
tuteurs	4971014
contrecarrer	4971013
attraperas	4971012
neg	4971011
andersen	4971010
wolverine	4971009
considerations	4971008
succursale	4971007
mcgarry	4971006
chimeres	4971005
obligeance	4971004
ejection	4971003
conduiras	4971002
gunter	4971001
toubibs	4971000
kenshiro	4970999
mh	4970998
deboule	4970997
fredo	4970996
hacke	4970995
sometimes	4970994
pd	4970993
belette	4970992
entretenue	4970991
bracken	4970990
orsini	4970989
kal	4970988
consistant	4970987
enterprises	4970986
douloureusement	4970985
bluth	4970984
errent	4970983
hamish	4970982
ammoniaque	4970981
sleepy	4970980
flyer	4970979
masao	4970978
carabiniers	4970977
ant	4970976
fouillis	4970975
eben	4970974
finement	4970973
leicester	4970972
detendez	4970971
strickland	4970970
primate	4970969
spirituelles	4970968
intenter	4970967
kerrigan	4970966
ovide	4970965
vesuve	4970964
largues	4970963
terrifiants	4970962
deng	4970961
cederai	4970960
matou	4970959
chambouler	4970958
bordelique	4970957
quid	4970956
kan	4970955
alessandro	4970954
possiblement	4970953
icare	4970952
culturels	4970951
mississipi	4970950
representee	4970949
aisselle	4970948
floues	4970947
dover	4970946
foo	4970945
integrante	4970944
fife	4970943
cheddar	4970942
encephalite	4970941
dejeunons	4970940
though	4970939
bouille	4970938
repands	4970937
glisses	4970936
contenaient	4970935
behind	4970934
jemma	4970933
thyroide	4970932
expositions	4970931
hacienda	4970930
smalls	4970929
romney	4970928
sayuri	4970927
asano	4970926
pecan	4970925
kaji	4970924
connaitront	4970923
gifles	4970922
meat	4970921
sejours	4970920
statu	4970919
infirmes	4970918
restante	4970917
lover	4970916
saboteur	4970915
aboient	4970914
meera	4970913
immacule	4970912
blane	4970911
isolees	4970910
petillant	4970909
darwyn	4970908
reunification	4970907
poserais	4970906
iceman	4970905
boueux	4970904
immunisee	4970903
autrichiens	4970902
guam	4970901
papilles	4970900
suffise	4970899
dinera	4970898
compere	4970897
ecrasees	4970896
hubot	4970895
parme	4970894
pythagore	4970893
bottin	4970892
jase	4970891
comestibles	4970890
oncologue	4970889
cures	4970888
tgs	4970887
monogame	4970886
spaulding	4970885
stryker	4970884
courrais	4970883
pimenter	4970882
entrainez	4970881
harceles	4970880
servitude	4970879
coursiers	4970878
stahl	4970877
mantra	4970876
anticipation	4970875
grog	4970874
stegman	4970873
kamal	4970872
renfield	4970871
choisisses	4970870
fillmore	4970869
hachimaki	4970868
deering	4970867
gicler	4970866
alva	4970865
lanceurs	4970864
dicky	4970863
kujathemas	4970862
honoraire	4970861
developpements	4970860
sentimentaux	4970859
highlands	4970858
remettront	4970857
conservee	4970856
captif	4970855
saxons	4970854
rajoutes	4970853
criquet	4970852
attraperez	4970851
malhonnetes	4970850
wolowitz	4970849
reflechirais	4970848
brannigan	4970847
implantation	4970846
emplit	4970845
eeg	4970844
yuen	4970843
mijotez	4970842
republic	4970841
retourneront	4970840
filiales	4970839
terrer	4970838
refusiez	4970837
incas	4970836
dust	4970835
anodin	4970834
duce	4970833
economisez	4970832
teintees	4970831
syriens	4970830
formant	4970829
reconnaissait	4970828
aki	4970827
cath	4970826
pesee	4970825
delivree	4970824
pantins	4970823
accidente	4970822
danville	4970821
defoule	4970820
paisley	4970819
maximus	4970818
sectes	4970817
prononces	4970816
aubergine	4970815
salarie	4970814
valides	4970813
mourrant	4970812
fouines	4970811
compromet	4970810
gunderson	4970809
bligh	4970808
valkyrie	4970807
communicateur	4970806
itinerant	4970805
machete	4970804
fiat	4970803
dominent	4970802
ecouteras	4970801
crottin	4970800
cambriolee	4970799
grues	4970798
aryenne	4970797
kabir	4970796
both	4970795
waow	4970794
each	4970793
zebres	4970792
ajamais	4970791
cosmiques	4970790
emilia	4970789
deverse	4970788
repassera	4970787
manor	4970786
turbine	4970785
resistes	4970784
baraques	4970783
mak	4970782
ntac	4970781
jeremie	4970780
aspirines	4970779
habitiez	4970778
amarre	4970777
cacherait	4970776
veinards	4970775
frelon	4970774
doublee	4970773
doors	4970772
sayaka	4970771
ricains	4970770
mcclure	4970769
postiche	4970768
dodu	4970767
soc	4970766
veillait	4970765
stroud	4970764
slick	4970763
attachent	4970762
spatule	4970761
gisait	4970760
dumont	4970759
humilies	4970758
malveillance	4970757
enterrez	4970756
anaphylactique	4970755
thaddeus	4970754
ontario	4970753
delalande	4970752
chichis	4970751
eliminatoires	4970750
tick	4970749
ist	4970748
spin	4970747
toupie	4970746
instinctivement	4970745
concurrente	4970744
revolutions	4970743
soudee	4970742
emmerdant	4970741
penetrant	4970740
plafonds	4970739
hanover	4970738
sabina	4970737
breck	4970736
draguais	4970735
kimchi	4970734
denominateur	4970733
esta	4970732
emmerdeurs	4970731
caler	4970730
yagami	4970729
eponges	4970728
bluetooth	4970727
excitait	4970726
hodja	4970725
arrondissement	4970724
pennies	4970723
alo	4970722
quest	4970721
eightron	4970720
pollack	4970719
clac	4970718
propulseur	4970717
effy	4970716
xiang	4970715
orphee	4970714
amplifier	4970713
lobes	4970712
recupereras	4970711
sonnettes	4970710
souverainete	4970709
molotov	4970708
proust	4970707
accroupi	4970706
compteurs	4970705
boyz	4970704
stannis	4970703
merrin	4970702
insenses	4970701
calvert	4970700
ecologie	4970699
lancees	4970698
institute	4970697
lendemains	4970696
hilarante	4970695
freeze	4970694
dipesto	4970693
appretent	4970692
penetrent	4970691
surveillaient	4970690
pagaie	4970689
compressions	4970688
hongroise	4970687
demodee	4970686
liquidites	4970685
renforcement	4970684
permit	4970683
flanche	4970682
defiant	4970681
winnipeg	4970680
ecrabouiller	4970679
inculpes	4970678
naquit	4970677
mustangs	4970676
klux	4970675
nominee	4970674
etonnants	4970673
rafferty	4970672
ramenerait	4970671
dechaines	4970670
reconnaitras	4970669
grogner	4970668
budd	4970667
importune	4970666
douees	4970665
trahirait	4970664
bashir	4970663
decoree	4970662
denonces	4970661
engouement	4970660
cortisone	4970659
etreint	4970658
geishas	4970657
decideras	4970656
flirtais	4970655
florissante	4970654
huxley	4970653
surmene	4970652
phi	4970651
immunises	4970650
susanna	4970649
declenchez	4970648
indiquera	4970647
foutra	4970646
grease	4970645
scarabees	4970644
habillait	4970643
schwarzenegger	4970642
problemo	4970641
gisement	4970640
pequenauds	4970639
asterix	4970638
palanquin	4970637
descentes	4970636
chretiente	4970635
dresses	4970634
mannequinat	4970633
dt	4970632
elans	4970631
expliqueras	4970630
titiller	4970629
lebron	4970628
honorez	4970627
porky	4970626
garou	4970625
rushes	4970624
nevins	4970623
yamaguchi	4970622
montauk	4970621
anika	4970620
lumineuses	4970619
relis	4970618
excuseras	4970617
doren	4970616
residente	4970615
etroites	4970614
obscenites	4970613
invalidite	4970612
leavenworth	4970611
croule	4970610
delirante	4970609
glendale	4970608
mcfly	4970607
continuaient	4970606
impuni	4970605
ramassent	4970604
infrastructures	4970603
beast	4970602
bicoque	4970601
attestation	4970600
gastronomique	4970599
gachent	4970598
ianto	4970597
concernees	4970596
decode	4970595
tacite	4970594
proclamation	4970593
shower	4970592
palo	4970591
mouch	4970590
anyway	4970589
reagisse	4970588
criminologie	4970587
escalator	4970586
aiguiser	4970585
refoulee	4970584
conter	4970583
elance	4970582
zelle	4970581
varier	4970580
conduirait	4970579
pratiquez	4970578
chandni	4970577
gerais	4970576
deverrouiller	4970575
donkey	4970574
rafler	4970573
realiseras	4970572
lissa	4970571
walling	4970570
surhumaine	4970569
bullard	4970568
consentants	4970567
alignees	4970566
aeroportee	4970565
sheba	4970564
demis	4970563
terminons	4970562
peanut	4970561
tarek	4970560
divulgation	4970559
fretin	4970558
expliquerais	4970557
assommant	4970556
planes	4970555
maserati	4970554
soupconnent	4970553
signant	4970552
ecrasez	4970551
hutton	4970550
oye	4970549
driver	4970548
brocante	4970547
birds	4970546
douvres	4970545
myron	4970544
character	4970543
ramone	4970542
private	4970541
trempette	4970540
predicateur	4970539
ciceron	4970538
newsweek	4970537
laucass	4970536
iguane	4970535
camionneurs	4970534
marquage	4970533
rom	4970532
baviere	4970531
hymen	4970530
restitution	4970529
lottie	4970528
bousillee	4970527
defensif	4970526
declara	4970525
dominicaine	4970524
attirerait	4970523
obsessions	4970522
admettra	4970521
sosa	4970520
parfumees	4970519
ausculter	4970518
debutantes	4970517
emmenees	4970516
horloger	4970515
eduquee	4970514
brutaux	4970513
rejoignes	4970512
cartonne	4970511
marigold	4970510
tombons	4970509
pilleurs	4970508
cerisiers	4970507
imaginables	4970506
tailleurs	4970505
cafferty	4970504
cos	4970503
essayions	4970502
abatte	4970501
kallen	4970500
taxer	4970499
rememorer	4970498
psychotherapie	4970497
vecues	4970496
beauchamp	4970495
profitait	4970494
psyche	4970493
attraperont	4970492
lavais	4970491
estomacs	4970490
eventuelles	4970489
wil	4970488
rebondissement	4970487
echine	4970486
incoherences	4970485
adage	4970484
muscade	4970483
osti	4970482
redouble	4970481
urgents	4970480
majoritaire	4970479
brulaient	4970478
ouvriras	4970477
metisse	4970476
rd	4970475
croupe	4970474
juergens	4970473
echafaudage	4970472
risquant	4970471
trouducs	4970470
stabilisee	4970469
temperance	4970468
jardiniers	4970467
simplifie	4970466
meteores	4970465
raffinement	4970464
comateux	4970463
ponch	4970462
frappeur	4970461
decodeur	4970460
copperfield	4970459
hirsch	4970458
loving	4970457
convertie	4970456
investie	4970455
bitume	4970454
trilogie	4970453
parisiens	4970452
ng	4970451
plaquage	4970450
calling	4970449
parierai	4970448
hiromi	4970447
abondante	4970446
manoeuvrer	4970445
third	4970444
recurer	4970443
braises	4970442
songeais	4970441
cds	4970440
io	4970439
regretterais	4970438
pretera	4970437
louent	4970436
detournes	4970435
glue	4970434
preferiez	4970433
ivanovitch	4970432
jaquette	4970431
enfler	4970430
cuver	4970429
jacks	4970428
inventees	4970427
seema	4970426
inconscience	4970425
cosima	4970424
trepied	4970423
chaudasse	4970422
boxers	4970421
invitais	4970420
diminuent	4970419
turkey	4970418
efforcer	4970417
payerez	4970416
construirai	4970415
fema	4970414
signiez	4970413
druides	4970412
convergence	4970411
memos	4970410
hasta	4970409
gd	4970408
steriliser	4970407
rhubarbe	4970406
etayer	4970405
malhotra	4970404
parieur	4970403
edwina	4970402
baratineur	4970401
morrissey	4970400
sanglotant	4970399
tutoyer	4970398
votera	4970397
bouddhistes	4970396
divergences	4970395
doom	4970394
versements	4970393
zara	4970392
commencerait	4970391
engagerai	4970390
eprouvais	4970389
degonfles	4970388
tierce	4970387
renvoies	4970386
remorquage	4970385
joigne	4970384
outsider	4970383
pelvis	4970382
criminal	4970381
moquerie	4970380
zob	4970379
joplin	4970378
condamnees	4970377
liberant	4970376
brasier	4970375
dg	4970374
reconnaissons	4970373
planetarium	4970372
guerilleros	4970371
collage	4970370
intervalles	4970369
repensais	4970368
controlera	4970367
employez	4970366
affranchis	4970365
lisons	4970364
linderman	4970363
munson	4970362
ejaculation	4970361
judaisme	4970360
sacks	4970359
epineux	4970358
jacoby	4970357
morfle	4970356
oedipe	4970355
mali	4970354
kana	4970353
woolsey	4970352
kenyon	4970351
notable	4970350
confere	4970349
examinant	4970348
weller	4970347
inadvertance	4970346
polymere	4970345
glas	4970344
vacance	4970343
fouillait	4970342
interstellaire	4970341
stresses	4970340
engraisser	4970339
amazon	4970338
couronnee	4970337
charades	4970336
percussions	4970335
armoiries	4970334
palin	4970333
scoob	4970332
figee	4970331
morde	4970330
epousais	4970329
moucher	4970328
loufoque	4970327
londonien	4970326
okada	4970325
lnstitut	4970324
airbags	4970323
punissez	4970322
pickup	4970321
lubrique	4970320
barrette	4970319
scratchy	4970318
quadruple	4970317
judee	4970316
attardee	4970315
volerais	4970314
embetee	4970313
conseillerais	4970312
pharmacies	4970311
autorisant	4970310
crabtree	4970309
manipules	4970308
howdy	4970307
birk	4970306
cosaque	4970305
pistache	4970304
racontiez	4970303
clandestines	4970302
felee	4970301
admirablement	4970300
insurmontable	4970299
radins	4970298
orthodoxes	4970297
malfaiteur	4970296
sook	4970295
transcriptions	4970294
indian	4970293
positionner	4970292
impliquerait	4970291
presages	4970290
crues	4970289
tourette	4970288
demasquee	4970287
embeterai	4970286
durete	4970285
mioche	4970284
partageais	4970283
spermatozoides	4970282
takumi	4970281
ourlet	4970280
etalons	4970279
injustifiee	4970278
eloignait	4970277
lill	4970276
charrier	4970275
nanites	4970274
locations	4970273
fluctuations	4970272
altruisme	4970271
simba	4970270
attester	4970269
aveuglee	4970268
contours	4970267
suspectee	4970266
alia	4970265
pfeiffer	4970264
berges	4970263
dentition	4970262
moustachu	4970261
subordonnes	4970260
nantucket	4970259
affliction	4970258
angulaire	4970257
capricorne	4970256
sedan	4970255
culminant	4970254
movie	4970253
parton	4970252
empiler	4970251
reconnaissais	4970250
qa	4970249
zoila	4970248
nielsen	4970247
rancuniere	4970246
predecesseurs	4970245
blanchis	4970244
goupille	4970243
suzette	4970242
decouvrais	4970241
cyrano	4970240
mandchourie	4970239
mikado	4970238
humanoides	4970237
acajou	4970236
proprios	4970235
hospitalisation	4970234
newcastle	4970233
lient	4970232
aureole	4970231
incompatibles	4970230
torsion	4970229
canaris	4970228
offrit	4970227
nuys	4970226
constructive	4970225
jardiner	4970224
hologrammes	4970223
mangeuse	4970222
sansa	4970221
roquettes	4970220
boyer	4970219
luxembourg	4970218
trouverent	4970217
lyrique	4970216
villas	4970215
febrile	4970214
couillons	4970213
classic	4970212
etiquete	4970211
epousa	4970210
promettait	4970209
oates	4970208
hobson	4970207
vengera	4970206
pac	4970205
spanky	4970204
illicites	4970203
amenager	4970202
neons	4970201
shogunat	4970200
ruisseaux	4970199
moro	4970198
diete	4970197
poudlard	4970196
dealait	4970195
reduisant	4970194
rappeles	4970193
assistez	4970192
profilage	4970191
secoues	4970190
atterrissent	4970189
ennis	4970188
oahu	4970187
ecrives	4970186
lido	4970185
machos	4970184
agonise	4970183
cantiques	4970182
bergere	4970181
revendeurs	4970180
soignait	4970179
emir	4970178
beef	4970177
verrue	4970176
biz	4970175
ds	4970174
katana	4970173
gringalet	4970172
afflige	4970171
ferg	4970170
pharaons	4970169
epitaphe	4970168
ebruiter	4970167
deporte	4970166
irisa	4970165
loues	4970164
parentaux	4970163
remboursee	4970162
gauguin	4970161
inexact	4970160
detectes	4970159
dartmouth	4970158
licenciee	4970157
vexant	4970156
humiliante	4970155
dechargez	4970154
hellcats	4970153
courriels	4970152
tacoma	4970151
frappante	4970150
honduras	4970149
parentheses	4970148
revelera	4970147
friser	4970146
lohan	4970145
ouganda	4970144
fion	4970143
siri	4970142
sasaki	4970141
inversement	4970140
remplisse	4970139
finition	4970138
refermee	4970137
bourge	4970136
bombardee	4970135
baisera	4970134
acquisitions	4970133
animales	4970132
etouffement	4970131
durand	4970130
woh	4970129
suffisance	4970128
subira	4970127
jeanine	4970126
inactif	4970125
deshydratee	4970124
goo	4970123
germe	4970122
rappeurs	4970121
cambrioles	4970120
vhs	4970119
remettrais	4970118
langdon	4970117
pertinemment	4970116
raffines	4970115
bp	4970114
ardu	4970113
chirurgies	4970112
effectues	4970111
marierons	4970110
bookmakers	4970109
apercevra	4970108
redmond	4970107
banshee	4970106
absorption	4970105
aberdeen	4970104
sunbae	4970103
kass	4970102
atwater	4970101
finlay	4970100
comic	4970099
epopee	4970098
pathologiste	4970097
buzzer	4970096
curie	4970095
skies	4970094
hoche	4970093
retirerai	4970092
telepathes	4970091
grogan	4970090
separant	4970089
deposees	4970088
swarek	4970087
revoyais	4970086
healey	4970085
yann	4970084
shizu	4970083
zeste	4970082
hesitais	4970081
timberlake	4970080
mojitos	4970079
detenteur	4970078
rousses	4970077
toutous	4970076
emeut	4970075
ramenerons	4970074
madre	4970073
mineral	4970072
bercer	4970071
combo	4970070
danes	4970069
magnanime	4970068
maquis	4970067
drainage	4970066
afflux	4970065
obtenait	4970064
bannieres	4970063
vod	4970062
saturday	4970061
admette	4970060
baldrick	4970059
dah	4970058
etendard	4970057
pornographique	4970056
egaliser	4970055
rise	4970054
briseuse	4970053
knew	4970052
kendal	4970051
ouvrirait	4970050
rajeunis	4970049
amasser	4970048
accrochees	4970047
anvers	4970046
ashram	4970045
contrecœur	4970044
kazuo	4970043
partants	4970042
nintendo	4970041
porcher	4970040
stubbs	4970039
cuisinais	4970038
transportez	4970037
nikola	4970036
ponctuelle	4970035
signalent	4970034
maigrichonne	4970033
prestations	4970032
hales	4970031
matte	4970030
farid	4970029
fautive	4970028
turbulence	4970027
stimulants	4970026
decollez	4970025
mahler	4970024
codex	4970023
accelerant	4970022
indemnes	4970021
choppe	4970020
continuerait	4970019
detruirons	4970018
montreront	4970017
renouvelle	4970016
giflee	4970015
ignorions	4970014
pelican	4970013
spiritueux	4970012
reformer	4970011
ligament	4970010
cuivres	4970009
zeeland	4970008
contemporaine	4970007
servirez	4970006
abysse	4970005
marceau	4970004
verna	4970003
desesperant	4970002
fiabilite	4970001
retirant	4970000
aneantissement	4969999
flemmard	4969998
foutiez	4969997
bilal	4969996
renove	4969995
cid	4969994
rigolote	4969993
empiffrer	4969992
bern	4969991
repecher	4969990
pitre	4969989
concordent	4969988
emballons	4969987
carnivores	4969986
maquerelle	4969985
menacees	4969984
astronomique	4969983
sauterais	4969982
incluse	4969981
andouilles	4969980
geree	4969979
reunissez	4969978
manœuvrer	4969977
dramatiser	4969976
accrochait	4969975
geraldo	4969974
cougars	4969973
absorbee	4969972
suez	4969971
ameliores	4969970
fats	4969969
language	4969968
finnegan	4969967
soyeux	4969966
tomcat	4969965
mcdowell	4969964
interagir	4969963
gypsy	4969962
donjons	4969961
recouvrer	4969960
realisatrice	4969959
banquise	4969958
sigmund	4969957
brannan	4969956
mouvemente	4969955
subs	4969954
wraiths	4969953
imaginiez	4969952
racailles	4969951
dument	4969950
vegetale	4969949
alienation	4969948
souriais	4969947
katja	4969946
faucheur	4969945
affaiblie	4969944
nostradamus	4969943
singularite	4969942
trafics	4969941
courra	4969940
marat	4969939
traumas	4969938
decideront	4969937
enjouee	4969936
bottines	4969935
parcourant	4969934
coleres	4969933
experimentations	4969932
traumatisante	4969931
passeraient	4969930
emanant	4969929
glissez	4969928
eliminant	4969927
remord	4969926
agrement	4969925
luce	4969924
ruinerait	4969923
oursons	4969922
bonner	4969921
avisera	4969920
correctionnel	4969919
etouffait	4969918
alcide	4969917
broutille	4969916
sature	4969915
yasuko	4969914
westwood	4969913
braver	4969912
lineaire	4969911
ozzie	4969910
squad	4969909
eps	4969908
rajoutez	4969907
modesto	4969906
evacuee	4969905
loyalement	4969904
taillee	4969903
exploitent	4969902
frisco	4969901
palpitante	4969900
fossettes	4969899
partirent	4969898
partageaient	4969897
fetards	4969896
mothra	4969895
gourmande	4969894
eko	4969893
reprendront	4969892
mordez	4969891
shirt	4969890
lula	4969889
vetus	4969888
remplira	4969887
petty	4969886
interdisait	4969885
interrogera	4969884
classifie	4969883
intouchables	4969882
embouti	4969881
inhabituels	4969880
frustrations	4969879
guns	4969878
guardo	4969877
templiers	4969876
carne	4969875
attirees	4969874
emmerdent	4969873
corneille	4969872
gravi	4969871
elaboree	4969870
regnera	4969869
inapercue	4969868
bran	4969867
dejeunes	4969866
wallis	4969865
rostov	4969864
optimus	4969863
cierges	4969862
cryptes	4969861
noonan	4969860
immondes	4969859
scepticisme	4969858
excitants	4969857
ralston	4969856
eduques	4969855
convenances	4969854
risible	4969853
senna	4969852
paella	4969851
coulee	4969850
tripler	4969849
mitchee	4969848
digger	4969847
eliminez	4969846
bom	4969845
saumons	4969844
elevez	4969843
cakes	4969842
ashby	4969841
traiteurs	4969840
biologiquement	4969839
endommagees	4969838
demenagent	4969837
souffriras	4969836
muppets	4969835
bouboule	4969834
ask	4969833
incoherent	4969832
clementine	4969831
onzieme	4969830
meena	4969829
esperaient	4969828
laius	4969827
jaffe	4969826
lueurs	4969825
newt	4969824
therapeutes	4969823
guigne	4969822
teleporte	4969821
thom	4969820
dictateurs	4969819
africaines	4969818
telemetrie	4969817
apprivoise	4969816
lyme	4969815
accueillante	4969814
pussy	4969813
tenterai	4969812
nietzscheens	4969811
consens	4969810
soudure	4969809
midori	4969808
ridiculisee	4969807
tyrannique	4969806
alisa	4969805
embauches	4969804
urinoir	4969803
emi	4969802
violait	4969801
fever	4969800
ese	4969799
hiram	4969798
marlboro	4969797
enterrent	4969796
restituer	4969795
chiu	4969794
gr	4969793
injure	4969792
revere	4969791
saba	4969790
regarderez	4969789
incendiaires	4969788
individualite	4969787
machination	4969786
lesley	4969785
contentent	4969784
meprisant	4969783
gonzo	4969782
extermines	4969781
respectees	4969780
iggy	4969779
tourtes	4969778
etends	4969777
avancant	4969776
boleyn	4969775
marek	4969774
forgee	4969773
tracasser	4969772
chuchotement	4969771
risquerai	4969770
frelons	4969769
tenterait	4969768
read	4969767
truquees	4969766
rape	4969765
ikea	4969764
parfaire	4969763
torturent	4969762
aortique	4969761
sije	4969760
fullmetal	4969759
erotisme	4969758
viets	4969757
robustes	4969756
dramaturge	4969755
invetere	4969754
idealement	4969753
choisiras	4969752
phenomenale	4969751
humanoide	4969750
mena	4969749
wheaton	4969748
exhibition	4969747
embarassant	4969746
marieras	4969745
notables	4969744
huees	4969743
cheyennes	4969742
garages	4969741
pepite	4969740
mastic	4969739
leyla	4969738
recontacterai	4969737
burr	4969736
perses	4969735
flaherty	4969734
pistons	4969733
nympho	4969732
repetant	4969731
bidet	4969730
refaite	4969729
july	4969728
hardi	4969727
pruneau	4969726
fuselage	4969725
retenter	4969724
nymphomane	4969723
amortisseurs	4969722
dearing	4969721
propulse	4969720
tresse	4969719
sauterai	4969718
faa	4969717
frises	4969716
supprimes	4969715
rapaces	4969714
gannicus	4969713
mizoguchi	4969712
caiman	4969711
hallucinogenes	4969710
aises	4969709
rompus	4969708
paralyses	4969707
incluent	4969706
excitent	4969705
twayne	4969704
antiterroriste	4969703
maure	4969702
ecraserai	4969701
grossis	4969700
superbement	4969699
servants	4969698
luxueuse	4969697
gg	4969696
divagations	4969695
sergents	4969694
blottir	4969693
fournissez	4969692
past	4969691
hotline	4969690
entrevoir	4969689
infestee	4969688
pieuse	4969687
necessitent	4969686
hyeong	4969685
lz	4969684
win	4969683
engueulade	4969682
cruciales	4969681
renegocier	4969680
regents	4969679
calendriers	4969678
regente	4969677
noche	4969676
laureat	4969675
cedre	4969674
deportes	4969673
securisees	4969672
relevees	4969671
difforme	4969670
network	4969669
bourges	4969668
diction	4969667
catastrophiques	4969666
arete	4969665
oriente	4969664
enquetrice	4969663
deteriore	4969662
schuester	4969661
pissent	4969660
armurier	4969659
claudius	4969658
galoper	4969657
relient	4969656
marmelade	4969655
chamboulee	4969654
confions	4969653
rapporterait	4969652
toucheront	4969651
royalties	4969650
musashi	4969649
appartienne	4969648
amalia	4969647
wicked	4969646
ky	4969645
compliquez	4969644
guignols	4969643
gouttieres	4969642
vaginale	4969641
lewton	4969640
tibere	4969639
educateur	4969638
photons	4969637
decele	4969636
quark	4969635
devoree	4969634
assoiffee	4969633
rog	4969632
indiscutable	4969631
ammene	4969630
palpite	4969629
lentes	4969628
grinch	4969627
matsuda	4969626
ocho	4969625
surdoue	4969624
fetez	4969623
magma	4969622
magistral	4969621
grillons	4969620
gab	4969619
marierais	4969618
chauffee	4969617
levinson	4969616
eloignant	4969615
demeures	4969614
antigel	4969613
reglees	4969612
enfuira	4969611
cravache	4969610
tactile	4969609
mecontente	4969608
clemens	4969607
nymphe	4969606
versee	4969605
mosaique	4969604
bienheureux	4969603
trompiez	4969602
patine	4969601
balfour	4969600
renseignes	4969599
sonnee	4969598
tympans	4969597
cervicale	4969596
lock	4969595
poilues	4969594
calcaire	4969593
hurles	4969592
illisible	4969591
elly	4969590
respectueuse	4969589
skeffington	4969588
tarlouze	4969587
supernova	4969586
profaner	4969585
transylvanie	4969584
incisions	4969583
fessier	4969582
sour	4969581
couscous	4969580
clandestinite	4969579
fougueuse	4969578
arrachez	4969577
oreste	4969576
eichmann	4969575
vident	4969574
svend	4969573
dedain	4969572
segregation	4969571
hume	4969570
revente	4969569
supplies	4969568
iib	4969567
bassam	4969566
ahn	4969565
giancarlo	4969564
gondole	4969563
reality	4969562
chaudement	4969561
lingette	4969560
malnutrition	4969559
abasourdi	4969558
suki	4969557
hugues	4969556
enfouie	4969555
caddy	4969554
tirade	4969553
taeko	4969552
neutrons	4969551
degenerescence	4969550
cotiere	4969549
yost	4969548
daley	4969547
pardonnent	4969546
rassemblons	4969545
cintre	4969544
fuyard	4969543
majestic	4969542
transformait	4969541
desseche	4969540
sentiront	4969539
dunlop	4969538
jinx	4969537
lego	4969536
autonomes	4969535
treizieme	4969534
surcroit	4969533
chantiez	4969532
galveston	4969531
luit	4969530
masha	4969529
emmenaient	4969528
sommation	4969527
epoques	4969526
apprecieront	4969525
gaye	4969524
ensorcelee	4969523
proclamer	4969522
pena	4969521
psych	4969520
croisades	4969519
lombard	4969518
palms	4969517
jeannot	4969516
nooon	4969515
erafle	4969514
depp	4969513
illimitee	4969512
mun	4969511
barn	4969510
piero	4969509
satomi	4969508
arriveraient	4969507
homeland	4969506
paraitrait	4969505
etablissez	4969504
knoxville	4969503
incontestable	4969502
yuma	4969501
remunere	4969500
tiki	4969499
sursaut	4969498
determinera	4969497
itre	4969496
theta	4969495
insensibles	4969494
tisse	4969493
kiffes	4969492
fornell	4969491
persan	4969490
maltraites	4969489
caritatives	4969488
pakistanaise	4969487
fleurissent	4969486
encod	4969485
consent	4969484
brusquer	4969483
scarran	4969482
testait	4969481
porta	4969480
whittaker	4969479
affluent	4969478
ruches	4969477
pipelette	4969476
typhoide	4969475
tziganes	4969474
apporterais	4969473
splash	4969472
clothes	4969471
redempteur	4969470
tierney	4969469
tachycarde	4969468
plancton	4969467
andes	4969466
gump	4969465
markov	4969464
veracite	4969463
renflouer	4969462
bottom	4969461
kline	4969460
tournesols	4969459
monterais	4969458
deroulera	4969457
gastro	4969456
tron	4969455
mammaires	4969454
retablit	4969453
astral	4969452
avortements	4969451
pocket	4969450
laramie	4969449
disparaitrait	4969448
brumeux	4969447
jarl	4969446
aldous	4969445
albertine	4969444
impregner	4969443
appoint	4969442
refugiee	4969441
baladais	4969440
tio	4969439
juju	4969438
croiseurs	4969437
november	4969436
impopulaire	4969435
concretiser	4969434
rechaud	4969433
courageuses	4969432
cigales	4969431
browne	4969430
cooke	4969429
confederation	4969428
warriors	4969427
induire	4969426
envoyiez	4969425
droiture	4969424
chient	4969423
majorettes	4969422
eclos	4969421
incompatible	4969420
bonze	4969419
mott	4969418
fenner	4969417
grammy	4969416
asgards	4969415
rejoindrez	4969414
reveillerez	4969413
belvedere	4969412
espionnez	4969411
gutierrez	4969410
protegerait	4969409
vala	4969408
stillman	4969407
archaique	4969406
levin	4969405
dispersees	4969404
ralentissent	4969403
deshonoree	4969402
rutles	4969401
frey	4969400
millennium	4969399
voodoo	4969398
ajoutee	4969397
orque	4969396
hines	4969395
tissage	4969394
natif	4969393
sauverais	4969392
astro	4969391
murmurant	4969390
aboiement	4969389
lacroix	4969388
sniffe	4969387
aviser	4969386
fricote	4969385
chirurgicales	4969384
tribale	4969383
fingers	4969382
galon	4969381
pilotait	4969380
placant	4969379
enfuyant	4969378
fortuite	4969377
token	4969376
nairobi	4969375
puise	4969374
nettoiera	4969373
levais	4969372
duh	4969371
testons	4969370
puff	4969369
guan	4969368
soumet	4969367
meriterais	4969366
ilana	4969365
centaure	4969364
furets	4969363
edimbourg	4969362
tusk	4969361
aspirent	4969360
pendragon	4969359
dumas	4969358
bestial	4969357
meteque	4969356
inattendus	4969355
plaisantin	4969354
bruissement	4969353
honorons	4969352
sympathise	4969351
helices	4969350
eprouvante	4969349
allaitement	4969348
habiles	4969347
bourrees	4969346
yam	4969345
tondu	4969344
rendriez	4969343
copeaux	4969342
distraits	4969341
beijing	4969340
provoquerait	4969339
rejouissant	4969338
hachoir	4969337
invulnerable	4969336
pensai	4969335
cotoie	4969334
loosers	4969333
deliberer	4969332
poufiasse	4969331
montrerons	4969330
simons	4969329
alienes	4969328
conjugaux	4969327
intel	4969326
incalculable	4969325
rases	4969324
neural	4969323
snowboard	4969322
penseriez	4969321
allumons	4969320
wolff	4969319
shimada	4969318
josiah	4969317
nomment	4969316
intriguee	4969315
cargos	4969314
sismique	4969313
agrandis	4969312
sundae	4969311
order	4969310
poles	4969309
claus	4969308
arnaqueurs	4969307
interpelle	4969306
potus	4969305
galvin	4969304
psychotiques	4969303
belly	4969302
apprentis	4969301
patrouillent	4969300
broncher	4969299
soies	4969298
indiquez	4969297
nyu	4969296
intendance	4969295
deployee	4969294
rentraient	4969293
pasquale	4969292
philosophale	4969291
roxane	4969290
attaquees	4969289
verone	4969288
sauvais	4969287
ransom	4969286
coulter	4969285
siestes	4969284
proposais	4969283
stream	4969282
ope	4969281
bondit	4969280
mendel	4969279
eponger	4969278
flairer	4969277
auditif	4969276
kondo	4969275
poursuivaient	4969274
accompagnais	4969273
grossierement	4969272
filmees	4969271
vibrant	4969270
yeol	4969269
testais	4969268
devins	4969267
joachim	4969266
gravures	4969265
reconstitue	4969264
politesses	4969263
instaure	4969262
mask	4969261
suicident	4969260
knights	4969259
sulfate	4969258
detendus	4969257
courge	4969256
tzigane	4969255
plomber	4969254
stupidement	4969253
specifie	4969252
distribuent	4969251
souhaiterai	4969250
brainiac	4969249
œsophage	4969248
rosiers	4969247
barbade	4969246
christiane	4969245
epie	4969244
scope	4969243
atrocite	4969242
incantations	4969241
gagneront	4969240
paysagiste	4969239
tremblante	4969238
yuk	4969237
alexi	4969236
resoudrait	4969235
decrivant	4969234
daccord	4969233
insomniaque	4969232
sanguinaires	4969231
placebo	4969230
akron	4969229
volontariat	4969228
eblouir	4969227
weekends	4969226
origan	4969225
desobeis	4969224
desactivez	4969223
stalingrad	4969222
fonctionnaient	4969221
mozzarella	4969220
amazing	4969219
hypotension	4969218
inattendues	4969217
patriarche	4969216
transformez	4969215
wyler	4969214
littoral	4969213
surnommee	4969212
combattait	4969211
reza	4969210
whitfield	4969209
quad	4969208
guichets	4969207
henson	4969206
galope	4969205
ark	4969204
whiting	4969203
pang	4969202
discuterai	4969201
revolter	4969200
welcome	4969199
kenshin	4969198
derailles	4969197
strawberry	4969196
kfc	4969195
kryptonien	4969194
siam	4969193
givree	4969192
dissuade	4969191
fetarde	4969190
reputes	4969189
ajoutent	4969188
started	4969187
dependants	4969186
hefner	4969185
augmentant	4969184
abrasions	4969183
betsey	4969182
courrir	4969181
citee	4969180
suresh	4969179
marquera	4969178
dink	4969177
executifs	4969176
bachelor	4969175
crissements	4969174
obscenite	4969173
shari	4969172
implicite	4969171
voyageons	4969170
sienna	4969169
flamenco	4969168
gran	4969167
bassins	4969166
avalee	4969165
navres	4969164
douves	4969163
broots	4969162
surrey	4969161
sudistes	4969160
sponsorise	4969159
districts	4969158
henne	4969157
oy	4969156
trafiquee	4969155
omelettes	4969154
dorloter	4969153
janos	4969152
cales	4969151
respectifs	4969150
transplantations	4969149
crevasse	4969148
criquets	4969147
tenta	4969146
pianos	4969145
haruko	4969144
zoulou	4969143
brode	4969142
empoche	4969141
grandissez	4969140
neurologie	4969139
kurosawa	4969138
boat	4969137
dade	4969136
correlation	4969135
vagabonder	4969134
rameniez	4969133
montague	4969132
choco	4969131
outside	4969130
hierarchique	4969129
emory	4969128
boudreau	4969127
richelieu	4969126
huissiers	4969125
impressionnez	4969124
beltran	4969123
flolo	4969122
rechauffera	4969121
phalanges	4969120
kingdom	4969119
abaissez	4969118
jetiez	4969117
deleguer	4969116
chevauchee	4969115
suspendues	4969114
roark	4969113
reconnaitrez	4969112
affrontes	4969111
massacree	4969110
cernee	4969109
situes	4969108
rescue	4969107
trivial	4969106
sentinel	4969105
foins	4969104
construira	4969103
blossom	4969102
enferment	4969101
ola	4969100
suturer	4969099
inopportun	4969098
heard	4969097
rhoda	4969096
ldiot	4969095
winona	4969094
cantor	4969093
immatriculations	4969092
desarmes	4969091
kingman	4969090
mesaventure	4969089
nzt	4969088
track	4969087
sofie	4969086
parrains	4969085
kringle	4969084
recycle	4969083
picture	4969082
accroit	4969081
leopards	4969080
yoshio	4969079
philtre	4969078
babiole	4969077
snot	4969076
faiblir	4969075
ecusson	4969074
antisemite	4969073
plaints	4969072
anse	4969071
duggan	4969070
gervais	4969069
epaisses	4969068
luger	4969067
evening	4969066
abattent	4969065
appelleriez	4969064
routeur	4969063
broie	4969062
whiteside	4969061
coincera	4969060
sciatique	4969059
couguar	4969058
dias	4969057
bahts	4969056
felin	4969055
signees	4969054
negligente	4969053
entube	4969052
parsa	4969051
yung	4969050
pesto	4969049
rugir	4969048
hooch	4969047
empale	4969046
chadwick	4969045
decadent	4969044
selfie	4969043
flous	4969042
sweetie	4969041
halstead	4969040
luo	4969039
defaillant	4969038
azteque	4969037
derision	4969036
bubber	4969035
anatole	4969034
gouverneurs	4969033
ramiro	4969032
koala	4969031
reperent	4969030
hearts	4969029
vaporiser	4969028
rince	4969027
relevera	4969026
aileron	4969025
filant	4969024
entreras	4969023
yachts	4969022
desiriez	4969021
moquant	4969020
beto	4969019
vitree	4969018
poirier	4969017
prenatale	4969016
aiko	4969015
exposez	4969014
ashford	4969013
thurman	4969012
jointe	4969011
josue	4969010
esquisse	4969009
centrifugeuse	4969008
ressler	4969007
classification	4969006
decoule	4969005
kaylee	4969004
obtenues	4969003
devastatrice	4969002
latham	4969001
cumberland	4969000
cordons	4968999
grassement	4968998
tigrou	4968997
kyon	4968996
papeterie	4968995
agirai	4968994
ruer	4968993
mcclane	4968992
malpolie	4968991
vraisemblable	4968990
racheterai	4968989
arbitres	4968988
intensifier	4968987
intrigant	4968986
ophelia	4968985
microscopiques	4968984
chauffes	4968983
discutes	4968982
canasson	4968981
initialement	4968980
dysenterie	4968979
stottlemeyer	4968978
habilitation	4968977
tapas	4968976
mangouste	4968975
nettoyes	4968974
reessaye	4968973
engageons	4968972
incineree	4968971
prima	4968970
sombrero	4968969
piccolo	4968968
dechus	4968967
chevalet	4968966
souverains	4968965
parcmetre	4968964
sutra	4968963
cardiologie	4968962
bless	4968961
murata	4968960
affirmations	4968959
arriviste	4968958
galloway	4968957
cannettes	4968956
isolant	4968955
soviets	4968954
congedier	4968953
cag	4968952
suzerain	4968951
bienveillante	4968950
hesitant	4968949
jetteront	4968948
rappels	4968947
palper	4968946
harcelent	4968945
standish	4968944
milf	4968943
yuka	4968942
syndicale	4968941
readaptation	4968940
incontournable	4968939
usurpation	4968938
costas	4968937
deductions	4968936
tirages	4968935
trident	4968934
shaggy	4968933
stretch	4968932
hoshino	4968931
benedicite	4968930
abdullah	4968929
codeine	4968928
collectes	4968927
demesure	4968926
drexler	4968925
optiques	4968924
moisissures	4968923
graisseux	4968922
compositeurs	4968921
vizir	4968920
salinger	4968919
hawaien	4968918
environnementale	4968917
nudiste	4968916
everyone	4968915
globalement	4968914
instinctif	4968913
costards	4968912
nursery	4968911
kaan	4968910
rejetees	4968909
accrue	4968908
morley	4968907
incineration	4968906
abusee	4968905
rattacher	4968904
shhh	4968903
cicatriser	4968902
coit	4968901
binoclard	4968900
bubble	4968899
almanach	4968898
klaxonner	4968897
sony	4968896
presumes	4968895
kitsch	4968894
exasperant	4968893
benigne	4968892
braquee	4968891
deguerpis	4968890
projectiles	4968889
traduisez	4968888
nasal	4968887
savourez	4968886
lmbecile	4968885
matures	4968884
liane	4968883
midas	4968882
fusilles	4968881
encherir	4968880
surpoids	4968879
rusk	4968878
salvo	4968877
reevaluer	4968876
inevitables	4968875
sondra	4968874
noi	4968873
calamity	4968872
lay	4968871
trainons	4968870
cartoon	4968869
libererai	4968868
munition	4968867
arav	4968866
marston	4968865
menaient	4968864
refusaient	4968863
mcpherson	4968862
allai	4968861
sade	4968860
reconnaitrai	4968859
cabernet	4968858
intervenus	4968857
onces	4968856
blames	4968855
rojas	4968854
schrute	4968853
tracassez	4968852
jouerons	4968851
mojito	4968850
citadin	4968849
empressement	4968848
neff	4968847
cuisinerai	4968846
robson	4968845
winterfell	4968844
takahiro	4968843
jong	4968842
tipi	4968841
yup	4968840
cancun	4968839
mosley	4968838
schindler	4968837
dansante	4968836
most	4968835
navajo	4968834
barrez	4968833
torturait	4968832
desinteressee	4968831
salud	4968830
preparera	4968829
centieme	4968828
confuses	4968827
sympathisants	4968826
persuasive	4968825
hallucinogene	4968824
hortense	4968823
donneuse	4968822
subjectif	4968821
coloscopie	4968820
ptit	4968819
naru	4968818
scratch	4968817
rasseoir	4968816
gita	4968815
delirait	4968814
recueillie	4968813
tremblais	4968812
bling	4968811
dramatises	4968810
vex	4968809
colvin	4968808
bonjours	4968807
imparable	4968806
confitures	4968805
betterave	4968804
broder	4968803
murder	4968802
posaient	4968801
reprimande	4968800
militante	4968799
ahjussi	4968798
fessees	4968797
assaillants	4968796
affamer	4968795
canterbury	4968794
semantique	4968793
bombardent	4968792
ameres	4968791
nationalistes	4968790
mesurent	4968789
hollander	4968788
salter	4968787
balustrade	4968786
crampons	4968785
prescris	4968784
liddy	4968783
documenter	4968782
merritt	4968781
retirait	4968780
affranchi	4968779
tiques	4968778
ingerence	4968777
croissante	4968776
absous	4968775
feminisme	4968774
rehabiliter	4968773
pritchett	4968772
yorkais	4968771
maritimes	4968770
hilly	4968769
deliberee	4968768
emphyseme	4968767
solidement	4968766
shalimarfox	4968765
moumoute	4968764
effondrera	4968763
wainwright	4968762
veterinaires	4968761
tomoko	4968760
foyle	4968759
ramen	4968758
upton	4968757
tug	4968756
fedex	4968755
compatir	4968754
chemical	4968753
definissez	4968752
grillades	4968751
insuffisante	4968750
bernice	4968749
alunissage	4968748
deviendrons	4968747
envoute	4968746
trie	4968745
demarco	4968744
distrayant	4968743
estimes	4968742
nocif	4968741
ethiques	4968740
cliniquement	4968739
raconterais	4968738
krystal	4968737
collet	4968736
quick	4968735
chaloupe	4968734
desavantage	4968733
youpin	4968732
fornication	4968731
carrousel	4968730
argos	4968729
aberration	4968728
chromosome	4968727
mecaniciens	4968726
partagiez	4968725
debouler	4968724
malhonnetete	4968723
souffrons	4968722
ronflement	4968721
affleck	4968720
soufflant	4968719
tansy	4968718
premonitions	4968717
helmut	4968716
satanees	4968715
compositions	4968714
copyright	4968713
evince	4968712
cragen	4968711
etablies	4968710
denommee	4968709
ginseng	4968708
terrell	4968707
incursion	4968706
imprimee	4968705
emmenagement	4968704
brindilles	4968703
incubation	4968702
conspirations	4968701
inapercus	4968700
charbons	4968699
mammaire	4968698
echarpes	4968697
entendis	4968696
commonwealth	4968695
split	4968694
maradona	4968693
reinhold	4968692
lyceennes	4968691
ristourne	4968690
sauvagerie	4968689
eugenia	4968688
essaierons	4968687
posthume	4968686
avertissez	4968685
perdrix	4968684
coloree	4968683
kee	4968682
euphorique	4968681
trahisse	4968680
viables	4968679
triangles	4968678
jouable	4968677
eat	4968676
remplacerai	4968675
desquels	4968674
bougeais	4968673
kaye	4968672
telethon	4968671
eclabousse	4968670
croyions	4968669
aguets	4968668
chassons	4968667
ulong	4968666
abominables	4968665
pincement	4968664
coolidge	4968663
bruleront	4968662
forcees	4968661
mangees	4968660
pants	4968659
flutes	4968658
demanderiez	4968657
radioactives	4968656
systematique	4968655
diagonale	4968654
bosquet	4968653
bisexuel	4968652
dior	4968651
rosenthal	4968650
eminents	4968649
bobos	4968648
buse	4968647
artichaut	4968646
publiees	4968645
debiter	4968644
heimlich	4968643
submerges	4968642
accaparer	4968641
beh	4968640
hakuoro	4968639
vases	4968638
wills	4968637
affrontez	4968636
vanya	4968635
pelage	4968634
reformule	4968633
laurier	4968632
cpt	4968631
nauseeux	4968630
endo	4968629
mitia	4968628
calibres	4968627
montrees	4968626
dulles	4968625
ogres	4968624
pelouses	4968623
pertinents	4968622
exageration	4968621
machiniste	4968620
neck	4968619
requiem	4968618
conners	4968617
dag	4968616
fiscales	4968615
fouillons	4968614
paley	4968613
hypnotiseur	4968612
pousserait	4968611
piccadilly	4968610
plombes	4968609
restreinte	4968608
reily	4968607
prevoyais	4968606
electoral	4968605
portails	4968604
bloods	4968603
metrage	4968602
ruinez	4968601
replacer	4968600
helm	4968599
comptine	4968598
fausser	4968597
woaw	4968596
cyborgs	4968595
rentra	4968594
impregne	4968593
renversement	4968592
nases	4968591
influencee	4968590
accueillera	4968589
tortillas	4968588
physiciens	4968587
goinfrer	4968586
deckard	4968585
ei	4968584
leno	4968583
dilatee	4968582
admissible	4968581
demener	4968580
system	4968579
crouton	4968578
hypnotisee	4968577
calderon	4968576
concretes	4968575
plantees	4968574
riddick	4968573
galaxy	4968572
simpliste	4968571
foutrait	4968570
snap	4968569
duvall	4968568
amore	4968567
connaitrons	4968566
drazen	4968565
bandante	4968564
agressives	4968563
porcinet	4968562
batteurs	4968561
ornement	4968560
electrolytes	4968559
reussissait	4968558
calloway	4968557
evelyne	4968556
cliquer	4968555
soupape	4968554
stroheim	4968553
visiere	4968552
marmaduke	4968551
deciderent	4968550
assortie	4968549
masochiste	4968548
emparent	4968547
cumin	4968546
kiyomi	4968545
suivirent	4968544
urge	4968543
teach	4968542
reussissons	4968541
vermouth	4968540
remettais	4968539
terminait	4968538
deverser	4968537
yano	4968536
agitez	4968535
baja	4968534
epuisees	4968533
acetone	4968532
alak	4968531
metropolitan	4968530
aggie	4968529
pl	4968528
cordell	4968527
palissade	4968526
incidence	4968525
hameau	4968524
affrontera	4968523
saladin	4968522
frottis	4968521
gravees	4968520
coacher	4968519
sha	4968518
verbalement	4968517
mighty	4968516
tchaeok	4968515
kingsbridge	4968514
angoissante	4968513
escortes	4968512
vautrer	4968511
planchers	4968510
fido	4968509
suceuse	4968508
bronchite	4968507
centristes	4968506
aqua	4968505
barillet	4968504
compatissante	4968503
jem	4968502
garbo	4968501
rappelleront	4968500
sauveras	4968499
intube	4968498
randonneurs	4968497
cascadeurs	4968496
entraves	4968495
fuguer	4968494
mather	4968493
infinite	4968492
demandeur	4968491
capitule	4968490
embrouillee	4968489
fricoter	4968488
recommandons	4968487
guggenheim	4968486
essuyez	4968485
pudique	4968484
concentrent	4968483
reconnecter	4968482
lanka	4968481
vitro	4968480
depecer	4968479
examines	4968478
septicemie	4968477
morveuse	4968476
portoricains	4968475
polar	4968474
submerger	4968473
sautees	4968472
surtension	4968471
calum	4968470
cicero	4968469
judge	4968468
gentilshommes	4968467
raz	4968466
foutaient	4968465
torturez	4968464
zaf	4968463
wales	4968462
vassaux	4968461
motrices	4968460
secretions	4968459
playoffs	4968458
celsius	4968457
austere	4968456
versets	4968455
ressentiez	4968454
simran	4968453
bises	4968452
minami	4968451
enlace	4968450
dice	4968449
plata	4968448
idealisme	4968447
eperons	4968446
rena	4968445
taperais	4968444
eckhart	4968443
flamboyant	4968442
contraries	4968441
vicodine	4968440
allongez	4968439
ludlow	4968438
keanu	4968437
uhm	4968436
introduis	4968435
loutres	4968434
lieberman	4968433
gillis	4968432
halliday	4968431
norbac	4968430
adonis	4968429
maton	4968428
essayee	4968427
deroulait	4968426
langford	4968425
courbettes	4968424
compilation	4968423
ayiez	4968422
nona	4968421
rohypnol	4968420
pollard	4968419
tancredi	4968418
introspection	4968417
hormonal	4968416
traitiez	4968415
deluxe	4968414
empaille	4968413
atteler	4968412
hollister	4968411
penchants	4968410
laughlin	4968409
recuperons	4968408
amar	4968407
embauchent	4968406
carambolage	4968405
paranoiaques	4968404
attrapait	4968403
compromettantes	4968402
proverbes	4968401
ligaments	4968400
parias	4968399
chatier	4968398
bienseance	4968397
since	4968396
nettoyons	4968395
amusaient	4968394
duquesne	4968393
garni	4968392
pino	4968391
kururugi	4968390
reconnaissable	4968389
abimees	4968388
espagnoles	4968387
pompons	4968386
obtus	4968385
frustres	4968384
artificiellement	4968383
microsoft	4968382
nomines	4968381
anymore	4968380
impala	4968379
seabiscuit	4968378
jacobson	4968377
looks	4968376
erm	4968375
lacheur	4968374
halloran	4968373
referendum	4968372
reflechissent	4968371
stationner	4968370
uhura	4968369
atterrira	4968368
hebdomadaires	4968367
egratigne	4968366
finissant	4968365
affectations	4968364
enrayer	4968363
moo	4968362
matrimonial	4968361
demerder	4968360
omoplate	4968359
gags	4968358
hennissement	4968357
necrologique	4968356
towler	4968355
islandais	4968354
midtown	4968353
foxxy	4968352
elocution	4968351
norvegiens	4968350
spitter	4968349
skin	4968348
suceurs	4968347
marges	4968346
encombrer	4968345
pondent	4968344
bousculade	4968343
foufoune	4968342
decafeine	4968341
harans	4968340
etirements	4968339
accoste	4968338
portieres	4968337
nominations	4968336
reina	4968335
botterai	4968334
visionne	4968333
meetings	4968332
vigilante	4968331
barricader	4968330
guiderai	4968329
frissonne	4968328
elargit	4968327
coure	4968326
inhabitee	4968325
realisees	4968324
bells	4968323
victimologie	4968322
ning	4968321
dejeunait	4968320
subtiles	4968319
bolt	4968318
tunes	4968317
heurtee	4968316
button	4968315
excursions	4968314
dimaggio	4968313
examinent	4968312
imbibe	4968311
reglent	4968310
haas	4968309
soong	4968308
bombshell	4968307
colibri	4968306
voiler	4968305
rapprochez	4968304
father	4968303
sharks	4968302
pucelle	4968301
conduirais	4968300
repondrait	4968299
tadashi	4968298
camembert	4968297
chanteras	4968296
fmi	4968295
autoriserai	4968294
combi	4968293
rowland	4968292
sommeille	4968291
amplifie	4968290
reposais	4968289
ry	4968288
tanuki	4968287
sugiyama	4968286
surpassee	4968285
mayans	4968284
conformite	4968283
ciseau	4968282
obtiendrais	4968281
shields	4968280
pourchassent	4968279
ailerons	4968278
soap	4968277
mammy	4968276
acronyme	4968275
fission	4968274
mandarine	4968273
zeb	4968272
metz	4968271
inedite	4968270
shaka	4968269
serrano	4968268
attitudes	4968267
genii	4968266
miramar	4968265
allegra	4968264
carry	4968263
repetees	4968262
aldrin	4968261
umm	4968260
violes	4968259
inexperimente	4968258
alley	4968257
mordra	4968256
palmes	4968255
inscrivez	4968254
delano	4968253
presomptions	4968252
froissee	4968251
ballades	4968250
jaunisse	4968249
manipulations	4968248
quinlan	4968247
yue	4968246
thebes	4968245
clairvoyance	4968244
paola	4968243
gwyneth	4968242
serotonine	4968241
soupconnee	4968240
torchons	4968239
contrefiche	4968238
usuriers	4968237
haverford	4968236
syndic	4968235
fiske	4968234
matisse	4968233
vp	4968232
debutera	4968231
voterai	4968230
regiments	4968229
montra	4968228
restaurateur	4968227
perdure	4968226
suave	4968225
etron	4968224
ancestral	4968223
sabbath	4968222
dementir	4968221
detaillees	4968220
averses	4968219
meticuleusement	4968218
ecarts	4968217
furies	4968216
extenue	4968215
belize	4968214
hardin	4968213
quereller	4968212
vamos	4968211
amicales	4968210
pim	4968209
anyone	4968208
plantent	4968207
municipales	4968206
enflee	4968205
soixantaine	4968204
brandir	4968203
hippocampe	4968202
fendue	4968201
couver	4968200
rem	4968199
accommoder	4968198
gagna	4968197
redressez	4968196
segment	4968195
vegetal	4968194
plagiat	4968193
punjabi	4968192
jaye	4968191
pesticide	4968190
initiee	4968189
aideraient	4968188
boiras	4968187
differentiel	4968186
pubis	4968185
yamato	4968184
silicon	4968183
choice	4968182
convainquant	4968181
afis	4968180
tocards	4968179
assignes	4968178
quemander	4968177
manchots	4968176
reunira	4968175
indecente	4968174
yasmin	4968173
maloney	4968172
prologue	4968171
yoshi	4968170
niaiseries	4968169
biochimie	4968168
filleule	4968167
provinciale	4968166
burroughs	4968165
dietetique	4968164
charity	4968163
urs	4968162
appareiller	4968161
hazard	4968160
detruisait	4968159
borneo	4968158
controversee	4968157
rona	4968156
cachottier	4968155
finlandais	4968154
solos	4968153
daigne	4968152
chamailleries	4968151
personnalise	4968150
petent	4968149
traquee	4968148
fanfaron	4968147
nix	4968146
zoidberg	4968145
choisirez	4968144
dressent	4968143
tamaki	4968142
amidon	4968141
hits	4968140
reprendrez	4968139
fripon	4968138
mado	4968137
instigateur	4968136
symbiose	4968135
usant	4968134
sumac	4968133
coiffures	4968132
maeve	4968131
reagirait	4968130
embarrassantes	4968129
resigne	4968128
costanza	4968127
traquenard	4968126
zhong	4968125
notification	4968124
appellait	4968123
ecoulee	4968122
begaiement	4968121
cursus	4968120
schlingue	4968119
preconise	4968118
plongent	4968117
culasse	4968116
meritiez	4968115
accepteras	4968114
lips	4968113
pulsation	4968112
caries	4968111
prennez	4968110
anaconda	4968109
cl	4968108
pra	4968107
dramatise	4968106
indirectes	4968105
fugueuse	4968104
conteur	4968103
rythmique	4968102
quitteront	4968101
wildcats	4968100
gregoire	4968099
perverti	4968098
emplettes	4968097
incontestablement	4968096
orifices	4968095
harald	4968094
irrecuperable	4968093
emerveillement	4968092
heterosexuel	4968091
hummel	4968090
adjectif	4968089
diversifier	4968088
cally	4968087
gallons	4968086
enfermait	4968085
willows	4968084
flambe	4968083
infinis	4968082
kanna	4968081
chuckles	4968080
agh	4968079
tropicales	4968078
aigus	4968077
thousand	4968076
mohawk	4968075
recrutes	4968074
chutent	4968073
heisenberg	4968072
valens	4968071
cu	4968070
audi	4968069
decapitee	4968068
hashtag	4968067
destitue	4968066
rayure	4968065
feuillage	4968064
laguna	4968063
reconcilie	4968062
ankara	4968061
plunkett	4968060
tarmac	4968059
irrevocable	4968058
jailli	4968057
marrakech	4968056
charries	4968055
hammam	4968054
katsu	4968053
renegats	4968052
participera	4968051
imperialisme	4968050
gem	4968049
supprimee	4968048
rougit	4968047
hamas	4968046
bilbon	4968045
leda	4968044
ajax	4968043
loves	4968042
bjarne	4968041
enseignerai	4968040
assumes	4968039
marierait	4968038
dissidents	4968037
horst	4968036
skinhead	4968035
fauteur	4968034
striker	4968033
confies	4968032
colbert	4968031
averent	4968030
redouter	4968029
earhart	4968028
vibromasseur	4968027
interrogeait	4968026
jeffers	4968025
congenitale	4968024
perpetre	4968023
hail	4968022
derouter	4968021
footballeurs	4968020
regulation	4968019
caspar	4968018
soieii	4968017
aidaient	4968016
mizuki	4968015
desodorisant	4968014
restructuration	4968013
taulards	4968012
diablement	4968011
zinzin	4968010
bray	4968009
genereuses	4968008
rhett	4968007
berce	4968006
soignera	4968005
gue	4968004
rognons	4968003
habilement	4968002
heritera	4968001
grevistes	4968000
senteur	4967999
graystone	4967998
estimons	4967997
mp	4967996
tomahawk	4967995
parry	4967994
delaissee	4967993
gravitationnelle	4967992
elegantes	4967991
amender	4967990
magoo	4967989
dim	4967988
arpenter	4967987
paienne	4967986
calculateur	4967985
sum	4967984
aladin	4967983
sherri	4967982
remonterait	4967981
rebuts	4967980
bordee	4967979
waring	4967978
salvadoriens	4967977
infimes	4967976
pratiquait	4967975
enjoue	4967974
wants	4967973
boycott	4967972
entraient	4967971
pezuela	4967970
tangibles	4967969
alonso	4967968
pax	4967967
ratera	4967966
rassasie	4967965
menacants	4967964
convie	4967963
geographic	4967962
brides	4967961
insignifiantes	4967960
construisant	4967959
remplirai	4967958
odyssey	4967957
marrie	4967956
figueroa	4967955
ovaire	4967954
payton	4967953
endorment	4967952
barstow	4967951
denham	4967950
mechancetes	4967949
alite	4967948
complotent	4967947
hurlaient	4967946
ronchon	4967945
confisques	4967944
calotte	4967943
voyageais	4967942
decevante	4967941
thermale	4967940
tiret	4967939
backgammon	4967938
paturage	4967937
conseilles	4967936
martel	4967935
etincelant	4967934
demarquer	4967933
recracher	4967932
peler	4967931
onereux	4967930
rongee	4967929
datak	4967928
tigers	4967927
curieuses	4967926
baez	4967925
poivrots	4967924
camoufle	4967923
vans	4967922
murat	4967921
opposera	4967920
susy	4967919
satire	4967918
joute	4967917
estpas	4967916
pelham	4967915
grassouillet	4967914
svr	4967913
cohabiter	4967912
integres	4967911
feels	4967910
radine	4967909
rameneront	4967908
nein	4967907
ginsberg	4967906
papaye	4967905
aviron	4967904
navrant	4967903
pokemon	4967902
habitations	4967901
terrifiantes	4967900
localisez	4967899
hachee	4967898
desserrer	4967897
paper	4967896
abondamment	4967895
commandera	4967894
rejoindront	4967893
autobots	4967892
valjean	4967891
surveillees	4967890
cremeux	4967889
grouillez	4967888
kanai	4967887
emmenerez	4967886
calista	4967885
chroniqueur	4967884
perruche	4967883
couvrais	4967882
ecolos	4967881
adeline	4967880
fibrille	4967879
extenuee	4967878
coionei	4967877
recapitule	4967876
preteurs	4967875
reapprendre	4967874
loic	4967873
mandi	4967872
sentimentales	4967871
poseront	4967870
educative	4967869
sakai	4967868
indy	4967867
relevait	4967866
approximative	4967865
pacifiquement	4967864
armadillo	4967863
exportation	4967862
foudroye	4967861
campo	4967860
tyrolienne	4967859
dechirez	4967858
cutanee	4967857
aka	4967856
bouillotte	4967855
hollywoodien	4967854
hysterectomie	4967853
coiffes	4967852
bibliques	4967851
hippolyte	4967850
benet	4967849
cogiter	4967848
danton	4967847
figurent	4967846
connectees	4967845
camus	4967844
ox	4967843
brochettes	4967842
rejoindras	4967841
avaries	4967840
huntley	4967839
mig	4967838
stavros	4967837
rube	4967836
maitland	4967835
revoquer	4967834
ameriques	4967833
packard	4967832
drum	4967831
hud	4967830
beauf	4967829
younger	4967828
retardez	4967827
constellations	4967826
groot	4967825
edwardes	4967824
knock	4967823
canarder	4967822
jongle	4967821
ingerable	4967820
droguent	4967819
adorateurs	4967818
portfolio	4967817
paranos	4967816
essieu	4967815
nageant	4967814
commentateur	4967813
rishi	4967812
shibuya	4967811
gestation	4967810
aldridge	4967809
chatsworth	4967808
mirror	4967807
sangria	4967806
poughkeepsie	4967805
impies	4967804
ordonna	4967803
majestee	4967802
lev	4967801
belldandy	4967800
islamabad	4967799
adorera	4967798
aerosol	4967797
ebene	4967796
panzer	4967795
karachi	4967794
hydrater	4967793
nankin	4967792
decoupage	4967791
darfour	4967790
tuppy	4967789
boykewich	4967788
mariant	4967787
acrobaties	4967786
hooker	4967785
lafferty	4967784
raglan	4967783
demarres	4967782
piquets	4967781
espresso	4967780
prevoyons	4967779
vagabondage	4967778
cannette	4967777
virgin	4967776
aster	4967775
roanoke	4967774
couchers	4967773
vacille	4967772
disponibilite	4967771
produirait	4967770
anemique	4967769
gabriela	4967768
constipation	4967767
darkness	4967766
bettina	4967765
rembourses	4967764
imposante	4967763
cutie	4967762
skippy	4967761
girafes	4967760
paradoxal	4967759
ecervelee	4967758
phobies	4967757
vitrail	4967756
jareau	4967755
homonculus	4967754
participerai	4967753
kearns	4967752
commissaires	4967751
ruinent	4967750
espn	4967749
flambeur	4967748
bousilles	4967747
pointage	4967746
souriants	4967745
hippocrate	4967744
danno	4967743
panther	4967742
incompetente	4967741
palmares	4967740
dougal	4967739
eclatait	4967738
detraquee	4967737
rivales	4967736
gracen	4967735
zoya	4967734
bacterienne	4967733
pupitre	4967732
impressionnantes	4967731
dotes	4967730
impayes	4967729
inculquer	4967728
tomans	4967727
letty	4967726
coe	4967725
breaking	4967724
gravitation	4967723
ter	4967722
nuisette	4967721
poussaient	4967720
mikami	4967719
accordons	4967718
baionnettes	4967717
provoquera	4967716
hayashi	4967715
rougeur	4967714
letterman	4967713
boulimique	4967712
goules	4967711
sociopathes	4967710
connes	4967709
dupee	4967708
ranjit	4967707
hebreux	4967706
sympathiser	4967705
ke	4967704
souterraines	4967703
pointera	4967702
matait	4967701
authentifier	4967700
enseveli	4967699
mensuelle	4967698
none	4967697
junction	4967696
yamazaki	4967695
cates	4967694
declenchent	4967693
cork	4967692
languit	4967691
maniement	4967690
rappellerait	4967689
mclean	4967688
wheels	4967687
arrimage	4967686
luciole	4967685
attribuee	4967684
eclaboussure	4967683
constituee	4967682
tourna	4967681
riordan	4967680
easton	4967679
inger	4967678
contentera	4967677
hezbollah	4967676
harriette	4967675
gisborne	4967674
decoudre	4967673
immisce	4967672
contentieux	4967671
cloturer	4967670
voltage	4967669
udo	4967668
topeka	4967667
gangsta	4967666
darrah	4967665
gertrud	4967664
pretendus	4967663
combattrons	4967662
figer	4967661
denuee	4967660
relou	4967659
persistant	4967658
supplements	4967657
montaient	4967656
enright	4967655
surprenne	4967654
stages	4967653
ennuiera	4967652
vantes	4967651
encodage	4967650
fastidieux	4967649
bethleem	4967648
branchies	4967647
refont	4967646
indelicat	4967645
croiraient	4967644
paupiere	4967643
kangourous	4967642
flatteuse	4967641
prouves	4967640
alteration	4967639
ammoniac	4967638
rodolphe	4967637
modules	4967636
rising	4967635
philharmonique	4967634
chanteuses	4967633
oppenheimer	4967632
whitley	4967631
ecrirez	4967630
guerrieres	4967629
croustillants	4967628
symetrique	4967627
lazlo	4967626
protegeront	4967625
freebo	4967624
lirais	4967623
refroidis	4967622
protegiez	4967621
cruella	4967620
jurait	4967619
organisees	4967618
crocheter	4967617
retrovirus	4967616
commanderai	4967615
eparpille	4967614
claquant	4967613
treillis	4967612
tibetain	4967611
monteras	4967610
demonstrations	4967609
etripe	4967608
coriandre	4967607
gulf	4967606
ressemblons	4967605
baroque	4967604
recherchaient	4967603
scottsdale	4967602
mefient	4967601
mfp	4967600
tireuse	4967599
greenpeace	4967598
petrovich	4967597
ulrik	4967596
vagabonde	4967595
titille	4967594
joni	4967593
rejoindrais	4967592
chenapan	4967591
pedaler	4967590
annonceurs	4967589
repondront	4967588
wii	4967587
ambassades	4967586
strychnine	4967585
amortir	4967584
raclees	4967583
leclair	4967582
compact	4967581
troncs	4967580
baves	4967579
frissonner	4967578
radius	4967577
tonio	4967576
sapphire	4967575
maintenait	4967574
reki	4967573
monumentale	4967572
allergiques	4967571
consistance	4967570
alek	4967569
scorsese	4967568
christi	4967567
normand	4967566
broad	4967565
entetee	4967564
collette	4967563
rejetons	4967562
guardian	4967561
impudence	4967560
zing	4967559
babouins	4967558
consentir	4967557
bambino	4967556
ibuprofene	4967555
deshabilles	4967554
informel	4967553
redirai	4967552
upon	4967551
boggs	4967550
concerner	4967549
motown	4967548
edgehill	4967547
glissee	4967546
idol	4967545
couv	4967544
destroyers	4967543
hoi	4967542
dal	4967541
habeas	4967540
cagney	4967539
lives	4967538
broches	4967537
ciblee	4967536
respectives	4967535
tremblaient	4967534
sucent	4967533
filippo	4967532
gilligan	4967531
haye	4967530
morel	4967529
preparees	4967528
mariano	4967527
slave	4967526
affamees	4967525
silk	4967524
einar	4967523
coquines	4967522
reparera	4967521
assoupir	4967520
aere	4967519
lamont	4967518
desordonne	4967517
barabbas	4967516
skeeter	4967515
protegerais	4967514
compost	4967513
surveillants	4967512
balls	4967511
suffiraient	4967510
exigez	4967509
ressortira	4967508
apercoivent	4967507
houmous	4967506
letitia	4967505
rediriger	4967504
ferre	4967503
noboru	4967502
ryusuke	4967501
rayonnant	4967500
becasse	4967499
achab	4967498
colorees	4967497
uppercut	4967496
cajou	4967495
sru	4967494
ent	4967493
huns	4967492
plaindrai	4967491
medication	4967490
vlado	4967489
dirigeaient	4967488
nemesis	4967487
aleister	4967486
aventureux	4967485
swissair	4967484
gm	4967483
ecope	4967482
montrose	4967481
raffolent	4967480
luisant	4967479
detectent	4967478
fonctionnelle	4967477
decerne	4967476
enfuirai	4967475
fumiko	4967474
tally	4967473
dessinais	4967472
inventif	4967471
jenks	4967470
financial	4967469
confirmant	4967468
calgary	4967467
creerait	4967466
somptueuse	4967465
degonflee	4967464
duplex	4967463
knapp	4967462
flippants	4967461
abusent	4967460
beaufort	4967459
hondo	4967458
hargneux	4967457
frottement	4967456
buggy	4967455
rawlings	4967454
lucrative	4967453
parcourent	4967452
truques	4967451
rappellerez	4967450
perimee	4967449
garuda	4967448
laugesen	4967447
commissariats	4967446
esquisses	4967445
pressent	4967444
pressante	4967443
soupirer	4967442
tertio	4967441
emportait	4967440
menelas	4967439
corrompt	4967438
landers	4967437
guadalcanal	4967436
fleet	4967435
kam	4967434
perdriez	4967433
antigang	4967432
coincident	4967431
allers	4967430
trichez	4967429
cellulite	4967428
nullite	4967427
chrissie	4967426
estrada	4967425
lancerai	4967424
chargeait	4967423
precipites	4967422
henley	4967421
beauregard	4967420
gourmandise	4967419
sevir	4967418
arriveriez	4967417
rawls	4967416
inconsolable	4967415
concentrons	4967414
antipathique	4967413
rangeais	4967412
cognitive	4967411
prout	4967410
installait	4967409
limehouse	4967408
focalise	4967407
canines	4967406
eprise	4967405
fermiere	4967404
caribou	4967403
banderoles	4967402
utiliseras	4967401
packs	4967400
blaise	4967399
insertion	4967398
abandonnait	4967397
fluo	4967396
milano	4967395
recherchiez	4967394
artemis	4967393
deprimes	4967392
tentaient	4967391
kart	4967390
balistiques	4967389
explicitement	4967388
shackleton	4967387
destabilise	4967386
bombardes	4967385
mosca	4967384
riff	4967383
brouillee	4967382
electron	4967381
tricote	4967380
fermiez	4967379
gravitationnel	4967378
visser	4967377
hikari	4967376
radicales	4967375
norvegienne	4967374
ludovic	4967373
flicka	4967372
jura	4967371
crotale	4967370
perquisitionner	4967369
decrypte	4967368
arbor	4967367
croupir	4967366
inspections	4967365
analysez	4967364
hewlett	4967363
impartiale	4967362
comparant	4967361
rebatir	4967360
commemorer	4967359
expressement	4967358
lafeelicita	4967357
soignant	4967356
appretes	4967355
attica	4967354
ammonium	4967353
boirons	4967352
condescendante	4967351
refermez	4967350
bafoue	4967349
percue	4967348
destitution	4967347
csu	4967346
moxon	4967345
jourdain	4967344
galette	4967343
bannissement	4967342
forums	4967341
stimuli	4967340
operant	4967339
idyllique	4967338
encouragent	4967337
moralisateur	4967336
remplissage	4967335
retrouvant	4967334
evolues	4967333
dirigeante	4967332
remarche	4967331
caniches	4967330
lyre	4967329
encadre	4967328
contrefacons	4967327
degomme	4967326
probables	4967325
assurerais	4967324
cucul	4967323
assailli	4967322
toxicologiques	4967321
hemorragique	4967320
gomorrhe	4967319
ajouterais	4967318
luau	4967317
bravement	4967316
satyre	4967315
montmartre	4967314
remues	4967313
yancey	4967312
adaptent	4967311
pieuter	4967310
chir	4967309
sadler	4967308
elyse	4967307
ecsta	4967306
relationnel	4967305
funeraires	4967304
ideales	4967303
chique	4967302
garez	4967301
interrogerai	4967300
sauvait	4967299
potomac	4967298
ronfles	4967297
ooooh	4967296
kanan	4967295
revasser	4967294
cheerleading	4967293
entasser	4967292
protestante	4967291
avises	4967290
bancal	4967289
bucherons	4967288
pygmees	4967287
pistols	4967286
taira	4967285
stapleton	4967284
infortune	4967283
travolta	4967282
arno	4967281
collera	4967280
conjoints	4967279
calmerai	4967278
parleriez	4967277
berenson	4967276
verges	4967275
bouffeur	4967274
apra	4967273
osvaldo	4967272
animalier	4967271
itsuki	4967270
playlist	4967269
ode	4967268
avouera	4967267
enivrant	4967266
adressait	4967265
witch	4967264
unifier	4967263
survenir	4967262
definissent	4967261
dexterite	4967260
polystyrene	4967259
nageoire	4967258
grossiste	4967257
revoque	4967256
burlesque	4967255
persee	4967254
aptes	4967253
passeriez	4967252
pronostics	4967251
restauree	4967250
parviendra	4967249
tigh	4967248
nourrira	4967247
tambourin	4967246
chaka	4967245
augmentee	4967244
petrie	4967243
attributions	4967242
tie	4967241
chiquita	4967240
denonciation	4967239
gwendolyn	4967238
islamistes	4967237
delier	4967236
tracage	4967235
scrubs	4967234
exigeants	4967233
abbot	4967232
unification	4967231
koizumi	4967230
hymnes	4967229
tiare	4967228
resync	4967227
dostoievski	4967226
sf	4967225
expliquiez	4967224
gribouillis	4967223
chantelle	4967222
redescendez	4967221
reactif	4967220
vexez	4967219
essaieras	4967218
dare	4967217
festive	4967216
usurpe	4967215
contemplez	4967214
phaseur	4967213
bic	4967212
concoit	4967211
renal	4967210
exagerent	4967209
irremediablement	4967208
fenwick	4967207
tira	4967206
thesee	4967205
braxton	4967204
joindra	4967203
degouter	4967202
bouledogue	4967201
butee	4967200
hamza	4967199
collecteurs	4967198
nº	4967197
serizawa	4967196
violant	4967195
boeing	4967194
vespa	4967193
asservir	4967192
chenilles	4967191
effractions	4967190
attaquaient	4967189
derangerais	4967188
escabeau	4967187
tronches	4967186
accueillent	4967185
relai	4967184
avisee	4967183
finallement	4967182
superficie	4967181
sussex	4967180
catatonique	4967179
sis	4967178
deconnectee	4967177
cultives	4967176
trags	4967175
inestimables	4967174
pascale	4967173
erosion	4967172
brunette	4967171
musclee	4967170
clegg	4967169
rye	4967168
subalternes	4967167
deliberations	4967166
penchez	4967165
profiterai	4967164
stagg	4967163
defient	4967162
popaul	4967161
mycose	4967160
transsexuel	4967159
provocante	4967158
myriam	4967157
pettigrew	4967156
assemblees	4967155
gachees	4967154
ambiguite	4967153
tash	4967152
dreamz	4967151
ouvriez	4967150
aiguisee	4967149
medee	4967148
deontologie	4967147
albie	4967146
enfoncent	4967145
flirtes	4967144
appreciaient	4967143
haletante	4967142
appreciable	4967141
tchetchene	4967140
carruthers	4967139
decores	4967138
chica	4967137
motor	4967136
rambarde	4967135
deviants	4967134
mcfadden	4967133
sweety	4967132
eagleton	4967131
lansky	4967130
entrants	4967129
nautiques	4967128
malachi	4967127
anselmo	4967126
engrenage	4967125
planait	4967124
codage	4967123
cr	4967122
jakarta	4967121
negocions	4967120
enchanteresse	4967119
mears	4967118
arrakis	4967117
transcende	4967116
descendes	4967115
pappas	4967114
culpepper	4967113
emmerdez	4967112
erections	4967111
cyniques	4967110
effacement	4967109
crimson	4967108
celebrent	4967107
kou	4967106
trainaient	4967105
nient	4967104
permise	4967103
conlon	4967102
fouets	4967101
annulent	4967100
conseillez	4967099
tribun	4967098
revelez	4967097
cohesion	4967096
isi	4967095
culpabilises	4967094
ines	4967093
firefly	4967092
hanlon	4967091
dunkerque	4967090
called	4967089
dessinez	4967088
phœnix	4967087
depravee	4967086
observatrice	4967085
followers	4967084
carje	4967083
nanette	4967082
habitable	4967081
traduits	4967080
blackburn	4967079
sagittaire	4967078
revons	4967077
callison	4967076
reconnaitront	4967075
aigrie	4967074
ecarteur	4967073
dmv	4967072
ejaculer	4967071
grincer	4967070
daedalus	4967069
rossum	4967068
hardwick	4967067
mame	4967066
noreen	4967065
dissimulee	4967064
interactions	4967063
hypotheques	4967062
quitterons	4967061
epidemies	4967060
nacho	4967059
amal	4967058
henriette	4967057
succion	4967056
cedera	4967055
boudes	4967054
vecteurs	4967053
encerclee	4967052
mercier	4967051
parmenter	4967050
sisko	4967049
reussirons	4967048
borde	4967047
xixe	4967046
pele	4967045
aerodynamique	4967044
goren	4967043
aliene	4967042
transmutation	4967041
decrivait	4967040
ratisse	4967039
stoddard	4967038
sauverez	4967037
modem	4967036
modus	4967035
spectator	4967034
modifiees	4967033
spinal	4967032
convaincants	4967031
grievous	4967030
tergiverser	4967029
hyatt	4967028
helsinki	4967027
autoradio	4967026
juree	4967025
elementaires	4967024
fronde	4967023
magnitude	4967022
penalites	4967021
rasgotra	4967020
kazan	4967019
talmud	4967018
oesophage	4967017
cloques	4967016
acquises	4967015
eternuement	4967014
teletota	4967013
perrier	4967012
mitraille	4967011
assumez	4967010
cloaque	4967009
malte	4967008
andres	4967007
nils	4967006
bulldozers	4967005
remus	4967004
assit	4967003
fetichisme	4967002
permissions	4967001
convulse	4967000
rda	4966999
bluebird	4966998
flow	4966997
majors	4966996
sechent	4966995
epuisent	4966994
elie	4966993
interpretations	4966992
requierent	4966991
convoitise	4966990
crest	4966989
juda	4966988
communiques	4966987
fenway	4966986
desertes	4966985
fog	4966984
zarkov	4966983
endormez	4966982
singing	4966981
styx	4966980
siciliens	4966979
satoshi	4966978
ethanol	4966977
odie	4966976
ecoper	4966975
epanouit	4966974
salaces	4966973
blase	4966972
jordy	4966971
habituerai	4966970
echangez	4966969
claquent	4966968
homere	4966967
vaporise	4966966
attribution	4966965
developpees	4966964
limitation	4966963
circonference	4966962
teague	4966961
brain	4966960
veil	4966959
cataclysme	4966958
defies	4966957
cotisations	4966956
viii	4966955
demarque	4966954
children	4966953
pointue	4966952
stonebridge	4966951
grouillent	4966950
glouton	4966949
mutee	4966948
larrabee	4966947
employait	4966946
chanceuses	4966945
gisant	4966944
gt	4966943
amplificateur	4966942
munro	4966941
uzi	4966940
epiceries	4966939
ajoutons	4966938
elitiste	4966937
commutateur	4966936
dividendes	4966935
detaches	4966934
respirons	4966933
examinerai	4966932
dod	4966931
debraille	4966930
lassant	4966929
cones	4966928
akashi	4966927
hispaniques	4966926
pantoute	4966925
chirurgicaux	4966924
evoluee	4966923
appelions	4966922
payiez	4966921
toussez	4966920
lourdaud	4966919
vane	4966918
amaro	4966917
repande	4966916
velcro	4966915
conjonctivite	4966914
zelena	4966913
moquera	4966912
nuptial	4966911
frauduleux	4966910
brogan	4966909
juveniles	4966908
ukrainienne	4966907
erudits	4966906
ilan	4966905
organisera	4966904
kajal	4966903
spartiates	4966902
dociles	4966901
portugaise	4966900
carney	4966899
immobilieres	4966898
mediane	4966897
medoc	4966896
frottes	4966895
orties	4966894
meritant	4966893
rennie	4966892
servit	4966891
lenteur	4966890
hative	4966889
riziere	4966888
diantre	4966887
nights	4966886
energy	4966885
sement	4966884
marres	4966883
meteorologique	4966882
snickers	4966881
lubies	4966880
zimmer	4966879
langouste	4966878
reguler	4966877
majuscules	4966876
dirigiez	4966875
contentez	4966874
trouillards	4966873
divergent	4966872
plairez	4966871
chiko	4966870
strings	4966869
doll	4966868
morgenstern	4966867
occidentales	4966866
monotonie	4966865
souillon	4966864
communiquez	4966863
scintille	4966862
asako	4966861
permanentes	4966860
polluee	4966859
geary	4966858
luftwaffe	4966857
phallus	4966856
commandais	4966855
posterieure	4966854
beowulf	4966853
biometrique	4966852
winifred	4966851
faiblement	4966850
indulgents	4966849
reposerai	4966848
remballez	4966847
goodson	4966846
elinor	4966845
connery	4966844
etudiee	4966843
feds	4966842
astronomes	4966841
pasteurs	4966840
frosty	4966839
radiologue	4966838
irreguliers	4966837
comprehensifs	4966836
which	4966835
kun	4966834
graceland	4966833
effraies	4966832
pedigree	4966831
bitte	4966830
demarreur	4966829
pincait	4966828
glad	4966827
arastoo	4966826
repoudrer	4966825
virils	4966824
dynamiques	4966823
corman	4966822
robb	4966821
angio	4966820
dreyer	4966819
kandi	4966818
salop	4966817
dissoute	4966816
clarisse	4966815
sonora	4966814
aplati	4966813
cocorico	4966812
gromit	4966811
payerais	4966810
bodega	4966809
plombe	4966808
imperiaux	4966807
yau	4966806
toxicite	4966805
mackie	4966804
bousculee	4966803
materialiste	4966802
balzac	4966801
sora	4966800
danke	4966799
cmdt	4966798
liberace	4966797
krampus	4966796
astrologue	4966795
limitations	4966794
incomprehensibles	4966793
deconcerte	4966792
choriste	4966791
maneges	4966790
abreviation	4966789
couperet	4966788
occipital	4966787
peaufiner	4966786
tourniquet	4966785
exprimee	4966784
goode	4966783
canneberge	4966782
skinheads	4966781
repartirai	4966780
persecutes	4966779
embrassera	4966778
cheech	4966777
signait	4966776
moshe	4966775
arachides	4966774
electro	4966773
annoncerai	4966772
tanne	4966771
tournoyer	4966770
inculpations	4966769
repoussante	4966768
illustrations	4966767
vingtieme	4966766
atherton	4966765
integralement	4966764
renoncent	4966763
presentais	4966762
redman	4966761
facilitera	4966760
worry	4966759
atypique	4966758
taillade	4966757
pinto	4966756
surnommait	4966755
pacifistes	4966754
arbitrage	4966753
retracte	4966752
yeager	4966751
coraline	4966750
documente	4966749
frique	4966748
xo	4966747
bourgeons	4966746
surveillante	4966745
arabella	4966744
aruba	4966743
promenez	4966742
bonshommes	4966741
toys	4966740
debarrasserai	4966739
eriksen	4966738
class	4966737
paradisiaque	4966736
repondons	4966735
dynamics	4966734
pullo	4966733
bryn	4966732
holm	4966731
daniella	4966730
salinas	4966729
profiteur	4966728
wimbledon	4966727
fiancees	4966726
magog	4966725
acquiert	4966724
becs	4966723
conditionnement	4966722
estomper	4966721
secourue	4966720
streep	4966719
chewbacca	4966718
rauque	4966717
correspondaient	4966716
telemaque	4966715
reincarne	4966714
nannoo	4966713
shaq	4966712
bodnar	4966711
bhuvan	4966710
baladeuses	4966709
cuves	4966708
embobine	4966707
prodiges	4966706
arnaqueuse	4966705
devastation	4966704
desintegrer	4966703
kiffer	4966702
matsu	4966701
crosses	4966700
obeira	4966699
danni	4966698
depassant	4966697
footing	4966696
mutante	4966695
weathers	4966694
buildings	4966693
pillages	4966692
kelli	4966691
sheik	4966690
assumerai	4966689
tutorat	4966688
lovelace	4966687
nao	4966686
denning	4966685
pentagramme	4966684
washburn	4966683
gardiner	4966682
publiez	4966681
capes	4966680
precipitent	4966679
honor	4966678
mullins	4966677
crispe	4966676
adressais	4966675
shakira	4966674
terrorises	4966673
thoraciques	4966672
liant	4966671
abandonneront	4966670
dompteur	4966669
inexplicables	4966668
oki	4966667
inspectez	4966666
saoules	4966665
kawada	4966664
topless	4966663
arracherais	4966662
durango	4966661
macklin	4966660
poursuivrons	4966659
cob	4966658
accablantes	4966657
indigo	4966656
yours	4966655
harmonieux	4966654
takes	4966653
officieuse	4966652
lynda	4966651
agitateur	4966650
kamali	4966649
wolcott	4966648
localement	4966647
defendus	4966646
vaillamment	4966645
pissait	4966644
brassard	4966643
postez	4966642
lachlan	4966641
vandalise	4966640
chalmers	4966639
bassett	4966638
indubitablement	4966637
menottee	4966636
westside	4966635
minsk	4966634
masculines	4966633
mutilations	4966632
pignon	4966631
careme	4966630
progressive	4966629
popper	4966628
preparatoire	4966627
endurcis	4966626
haqqani	4966625
lasky	4966624
detesterai	4966623
serf	4966622
exposant	4966621
virera	4966620
inconfort	4966619
fresques	4966618
decollent	4966617
disposent	4966616
groggy	4966615
malfaisants	4966614
hellman	4966613
assistee	4966612
grisant	4966611
impersonnel	4966610
fermetures	4966609
reintegration	4966608
runes	4966607
reinitialiser	4966606
banalite	4966605
mehmet	4966604
spoiler	4966603
shekels	4966602
florida	4966601
revoltes	4966600
habillais	4966599
dedicaces	4966598
caspere	4966597
meir	4966596
trefonds	4966595
moussant	4966594
compliquent	4966593
deplairait	4966592
rattache	4966591
abdominal	4966590
hawke	4966589
liege	4966588
evoquent	4966587
transpirez	4966586
monticule	4966585
celestine	4966584
goethe	4966583
grattes	4966582
jukebox	4966581
anja	4966580
masaru	4966579
ts	4966578
clarifie	4966577
clain	4966576
recapituler	4966575
embarrasses	4966574
corwin	4966573
agripper	4966572
pesante	4966571
megaphone	4966570
heliport	4966569
joke	4966568
quorum	4966567
arrachera	4966566
zulu	4966565
claridge	4966564
obsoletes	4966563
plays	4966562
enfuies	4966561
advenir	4966560
dejeunez	4966559
parcelles	4966558
convergent	4966557
chevaleresque	4966556
deliberation	4966555
zou	4966554
abattoirs	4966553
fourgons	4966552
romuliens	4966551
reflechissiez	4966550
carence	4966549
dollhouse	4966548
superposes	4966547
saoudien	4966546
encourages	4966545
bonita	4966544
ookouchi	4966543
parchemins	4966542
financent	4966541
elevateur	4966540
survivrais	4966539
disciplinaires	4966538
incorpore	4966537
ballantine	4966536
ouvrirais	4966535
seduisants	4966534
pina	4966533
glaucome	4966532
reviez	4966531
crevant	4966530
operez	4966529
remuant	4966528
fellini	4966527
adolphe	4966526
eldorado	4966525
tactactac	4966524
extincteurs	4966523
khrouchtchev	4966522
raspoutine	4966521
fender	4966520
representaient	4966519
sg	4966518
maroney	4966517
epuisante	4966516
depeint	4966515
meggie	4966514
poltergeist	4966513
piocher	4966512
rameau	4966511
ramones	4966510
ridgeway	4966509
distinctif	4966508
survenue	4966507
maintenons	4966506
starlight	4966505
roper	4966504
prospect	4966503
disparaissaient	4966502
rembourrage	4966501
comprende	4966500
quantum	4966499
ceinturon	4966498
engagees	4966497
franges	4966496
fonzie	4966495
rapper	4966494
echouons	4966493
epaissit	4966492
erige	4966491
elric	4966490
inculte	4966489
touristiques	4966488
flood	4966487
dockers	4966486
finaliste	4966485
neo	4966484
prenomme	4966483
formol	4966482
trainera	4966481
acrobates	4966480
stram	4966479
demenageait	4966478
encourageait	4966477
quan	4966476
brouter	4966475
kaya	4966474
desarmee	4966473
franchie	4966472
reparable	4966471
figurait	4966470
forcene	4966469
coupais	4966468
rurale	4966467
goinfre	4966466
fawn	4966465
volupte	4966464
aidees	4966463
chercherons	4966462
mitchum	4966461
provenaient	4966460
paravent	4966459
trianguler	4966458
affinite	4966457
talus	4966456
thurston	4966455
hah	4966454
confierais	4966453
cristo	4966452
ronronne	4966451
pulaski	4966450
calamars	4966449
regroupement	4966448
shinkichi	4966447
goss	4966446
croisieres	4966445
meuh	4966444
aperitifs	4966443
stirling	4966442
abricots	4966441
obligera	4966440
rural	4966439
konrad	4966438
follow	4966437
plies	4966436
zenith	4966435
egg	4966434
ecclesiastique	4966433
killing	4966432
ecroulee	4966431
edite	4966430
affrontant	4966429
marriott	4966428
farber	4966427
above	4966426
rollie	4966425
immatures	4966424
alberta	4966423
voyeurs	4966422
marchions	4966421
а	4966420
fichera	4966419
remettiez	4966418
usc	4966417
preservee	4966416
tatoueur	4966415
reunissons	4966414
ecaille	4966413
buches	4966412
eboulement	4966411
farcie	4966410
continuiez	4966409
monta	4966408
cellophane	4966407
contour	4966406
distribues	4966405
proposant	4966404
atteindront	4966403
boiter	4966402
coby	4966401
provincial	4966400
boon	4966399
echols	4966398
plumard	4966397
millieme	4966396
guirlande	4966395
rattrapez	4966394
trouee	4966393
ombra	4966392
supposais	4966391
memere	4966390
gurney	4966389
ammener	4966388
pise	4966387
votee	4966386
valencia	4966385
resultant	4966384
braconnier	4966383
roslin	4966382
medavoy	4966381
eveques	4966380
goering	4966379
zion	4966378
instruite	4966377
sieger	4966376
antilope	4966375
affolee	4966374
syrien	4966373
bakshi	4966372
surnaturelles	4966371
echouee	4966370
carmelo	4966369
evasif	4966368
rosier	4966367
excitees	4966366
assistait	4966365
sophistiquees	4966364
sauveurs	4966363
acceleree	4966362
northman	4966361
gopal	4966360
monika	4966359
carthage	4966358
finalite	4966357
macons	4966356
humpty	4966355
aslan	4966354
billion	4966353
weeks	4966352
casserais	4966351
engelures	4966350
sataniques	4966349
duty	4966348
sourie	4966347
whew	4966346
fremir	4966345
couperait	4966344
montrerez	4966343
fumette	4966342
condensateur	4966341
ginnie	4966340
predator	4966339
naissant	4966338
afraid	4966337
faconne	4966336
olympic	4966335
feliz	4966334
saisissant	4966333
cupides	4966332
flancher	4966331
offrirait	4966330
sion	4966329
confiez	4966328
untel	4966327
demarrent	4966326
tetard	4966325
ganmen	4966324
martino	4966323
desemparee	4966322
ornements	4966321
systems	4966320
nisha	4966319
averait	4966318
nando	4966317
lompoc	4966316
pruneaux	4966315
abhay	4966314
limbo	4966313
superficiels	4966312
echappant	4966311
consecutives	4966310
infirmite	4966309
croquemitaine	4966308
colts	4966307
feuilletons	4966306
auriculaire	4966305
exploserait	4966304
clouee	4966303
cultes	4966302
newhouse	4966301
detestera	4966300
steadman	4966299
pico	4966298
lumen	4966297
filantes	4966296
contenus	4966295
manga	4966294
tuco	4966293
affranchir	4966292
menagerie	4966291
mengele	4966290
peintes	4966289
sentimentalisme	4966288
cinnamon	4966287
ventres	4966286
ct	4966285
ferrer	4966284
kunal	4966283
debrouillais	4966282
deperir	4966281
enterrerai	4966280
bhai	4966279
dokey	4966278
spiritus	4966277
mordait	4966276
hamsters	4966275
ingestion	4966274
pends	4966273
tripoli	4966272
acre	4966271
artificielles	4966270
multiplication	4966269
stacie	4966268
croquant	4966267
geologique	4966266
cuckoo	4966265
coexister	4966264
incessant	4966263
ema	4966262
hoffmann	4966261
luminosite	4966260
sauterie	4966259
prod	4966258
diggle	4966257
babi	4966256
rouiller	4966255
aram	4966254
converser	4966253
medicinales	4966252
ripper	4966251
cherirai	4966250
courtise	4966249
sassy	4966248
offraient	4966247
chlamydia	4966246
ecklie	4966245
rescape	4966244
procreation	4966243
progressif	4966242
regrettons	4966241
possedaient	4966240
portman	4966239
rampent	4966238
pulmonaires	4966237
deconcentre	4966236
cheap	4966235
reserviste	4966234
motte	4966233
lora	4966232
alexandria	4966231
macmillan	4966230
midway	4966229
perira	4966228
impures	4966227
tus	4966226
omc	4966225
reba	4966224
fables	4966223
preches	4966222
imparfaite	4966221
suspectez	4966220
telescopes	4966219
hennessey	4966218
gachera	4966217
incluait	4966216
indelebile	4966215
juristes	4966214
indiquerait	4966213
inoubliables	4966212
redskins	4966211
chatain	4966210
keene	4966209
eriger	4966208
pioncer	4966207
bougeotte	4966206
tiriez	4966205
antiseptique	4966204
percants	4966203
annulaire	4966202
kanye	4966201
barrington	4966200
familieres	4966199
emporterai	4966198
portsmouth	4966197
spenser	4966196
moissons	4966195
gaeta	4966194
degoutent	4966193
joueuses	4966192
hadar	4966191
hunsruck	4966190
yoshie	4966189
assurons	4966188
diya	4966187
gumbo	4966186
litiges	4966185
tian	4966184
joignent	4966183
extrader	4966182
milkha	4966181
drh	4966180
waouw	4966179
sanctionne	4966178
pericarde	4966177
mckinney	4966176
recree	4966175
sectionnee	4966174
candide	4966173
claustrophobie	4966172
demangeaison	4966171
coffey	4966170
vitali	4966169
obelisque	4966168
approuvent	4966167
suspicieuse	4966166
wolsey	4966165
souviendrait	4966164
matias	4966163
accablante	4966162
adviendra	4966161
rajeuni	4966160
cinglees	4966159
damoiselle	4966158
contrariant	4966157
hantes	4966156
having	4966155
ons	4966154
concede	4966153
ramassait	4966152
endorphines	4966151
recele	4966150
caffee	4966149
alameda	4966148
ecus	4966147
formulation	4966146
confirmees	4966145
kyra	4966144
frenetique	4966143
humanitaires	4966142
parbleu	4966141
emerald	4966140
bohm	4966139
jeunesses	4966138
grundy	4966137
vergogne	4966136
scelerats	4966135
debarbouiller	4966134
humerus	4966133
pissant	4966132
gan	4966131
voleras	4966130
vindicatif	4966129
absorbent	4966128
mariah	4966127
victorienne	4966126
trempees	4966125
defendons	4966124
hachette	4966123
spoutnik	4966122
introduits	4966121
sly	4966120
taie	4966119
illusoire	4966118
kama	4966117
ecoutilles	4966116
ilaria	4966115
anagramme	4966114
ouazo	4966113
orientales	4966112
depourvue	4966111
harbour	4966110
hideyoshi	4966109
youhou	4966108
tripodes	4966107
avram	4966106
rapprochons	4966105
clamer	4966104
herisson	4966103
revoyure	4966102
recontacter	4966101
peniblement	4966100
conglomerat	4966099
disjoncter	4966098
bergerie	4966097
salisbury	4966096
eaton	4966095
reprogramme	4966094
plaiit	4966093
destinations	4966092
fertiles	4966091
schaeffer	4966090
courber	4966089
cotoye	4966088
bolcheviks	4966087
apeuree	4966086
doran	4966085
nurserie	4966084
parasol	4966083
sonnet	4966082
dechiquetes	4966081
comm	4966080
juridiquement	4966079
extermine	4966078
batis	4966077
agrafe	4966076
sl	4966075
alvarado	4966074
jeuner	4966073
compil	4966072
eastern	4966071
galeuse	4966070
sandstrom	4966069
ochoa	4966068
inoperable	4966067
ahurissant	4966066
prunier	4966065
nationaliste	4966064
provence	4966063
asha	4966062
rushmore	4966061
soliste	4966060
jud	4966059
egarees	4966058
mija	4966057
alitee	4966056
monstruosite	4966055
eventrer	4966054
desintegre	4966053
assombrit	4966052
sautiller	4966051
bunting	4966050
couchaient	4966049
sheng	4966048
jetterait	4966047
mentes	4966046
pai	4966045
froler	4966044
engourdie	4966043
captifs	4966042
priee	4966041
thomson	4966040
inspirait	4966039
empiles	4966038
uruguay	4966037
achevera	4966036
rb	4966035
temporelles	4966034
maquilleuse	4966033
stockes	4966032
moignon	4966031
rogan	4966030
silences	4966029
mensurations	4966028
vine	4966027
soutane	4966026
actionner	4966025
administratives	4966024
horvath	4966023
mieze	4966022
improvisee	4966021
lobbyiste	4966020
jenner	4966019
tardez	4966018
amato	4966017
reprendras	4966016
subtilement	4966015
sacquet	4966014
matthias	4966013
severite	4966012
leipzig	4966011
eleverai	4966010
coucheras	4966009
androides	4966008
inviolable	4966007
jazzy	4966006
atrians	4966005
elia	4966004
renter	4966003
soules	4966002
puta	4966001
evaporer	4966000
debrouillard	4965999
blagueur	4965998
vallon	4965997
obeissante	4965996
argyle	4965995
enverraient	4965994
vegetatif	4965993
laiton	4965992
graduellement	4965991
evidences	4965990
gange	4965989
sana	4965988
forniquer	4965987
applejack	4965986
prouesse	4965985
apprecieras	4965984
martins	4965983
timmons	4965982
amara	4965981
chairs	4965980
mentionnes	4965979
mioches	4965978
turbines	4965977
prudentes	4965976
cochrane	4965975
stoppee	4965974
bernhardt	4965973
negociez	4965972
decedees	4965971
honorifique	4965970
decommander	4965969
frog	4965968
bettie	4965967
chewie	4965966
tasser	4965965
azteques	4965964
thornhill	4965963
parr	4965962
picotements	4965961
preleves	4965960
lovell	4965959
ganz	4965958
sumatra	4965957
selectif	4965956
pavane	4965955
rotterdam	4965954
goures	4965953
cria	4965952
machiavelique	4965951
hiroyuki	4965950
decrits	4965949
icones	4965948
chiffe	4965947
combattante	4965946
visitent	4965945
bun	4965944
cervelles	4965943
breves	4965942
sacrifiant	4965941
griggs	4965940
matsumoto	4965939
parachutiste	4965938
gunny	4965937
mue	4965936
offensif	4965935
tortille	4965934
monumental	4965933
rehan	4965932
jakey	4965931
coogan	4965930
cuisinent	4965929
apathie	4965928
usurpateur	4965927
photographiee	4965926
coiffeurs	4965925
catins	4965924
granville	4965923
md	4965922
sechees	4965921
consentant	4965920
voyelles	4965919
indirecte	4965918
malmo	4965917
okita	4965916
suk	4965915
condiments	4965914
alucard	4965913
udon	4965912
pemberton	4965911
parades	4965910
yagyu	4965909
asticot	4965908
tarr	4965907
tournante	4965906
convoquez	4965905
contestation	4965904
irradiation	4965903
psychosomatique	4965902
nong	4965901
rosser	4965900
albright	4965899
excedent	4965898
pendront	4965897
financee	4965896
emus	4965895
attrayante	4965894
echeant	4965893
abusive	4965892
guident	4965891
lewicki	4965890
fourrage	4965889
percees	4965888
rassures	4965887
debordant	4965886
burnside	4965885
macedoine	4965884
merton	4965883
preceptes	4965882
baignait	4965881
abimez	4965880
sammi	4965879
risa	4965878
aggravee	4965877
decouvrirait	4965876
gets	4965875
celtics	4965874
wouh	4965873
assoies	4965872
blondinet	4965871
fiduciaire	4965870
assistent	4965869
marchandage	4965868
winfield	4965867
survivez	4965866
hesitent	4965865
desarmement	4965864
vaporisateur	4965863
autorisera	4965862
carbonique	4965861
raleur	4965860
assistes	4965859
ferrara	4965858
deporter	4965857
pillule	4965856
tough	4965855
mcbain	4965854
luxan	4965853
plaa	4965852
rancart	4965851
hubots	4965850
bonbonne	4965849
munna	4965848
fayots	4965847
maisie	4965846
aspirants	4965845
feeney	4965844
bogie	4965843
sheri	4965842
gato	4965841
brava	4965840
poursuivront	4965839
soyiez	4965838
faste	4965837
facturation	4965836
pandas	4965835
boucs	4965834
retenant	4965833
transformations	4965832
tum	4965831
durcir	4965830
surveillances	4965829
hanzo	4965828
leni	4965827
chargeons	4965826
thrombose	4965825
willem	4965824
wise	4965823
ressorte	4965822
festivals	4965821
apocalyptique	4965820
rassemblements	4965819
cartographie	4965818
mall	4965817
enquetant	4965816
justaucorps	4965815
frequentee	4965814
mourriez	4965813
ireland	4965812
suzuran	4965811
lacere	4965810
decoupes	4965809
ion	4965808
sapotille	4965807
nec	4965806
extravagante	4965805
portoricaine	4965804
reticente	4965803
confines	4965802
etouffais	4965801
promettons	4965800
unijambiste	4965799
desobeit	4965798
peak	4965797
laideron	4965796
imposition	4965795
enieme	4965794
appliquees	4965793
gauchiste	4965792
soutenant	4965791
export	4965790
eclaires	4965789
refuseront	4965788
rarity	4965787
furlong	4965786
joujoux	4965785
amiraute	4965784
aujourdhui	4965783
antidepresseur	4965782
hacher	4965781
huggy	4965780
etouffent	4965779
victorieuse	4965778
puez	4965777
bronches	4965776
luth	4965775
squadra	4965774
flemming	4965773
partagerez	4965772
bouler	4965771
mariole	4965770
immediats	4965769
armature	4965768
maurizio	4965767
hunger	4965766
koch	4965765
alissa	4965764
dunk	4965763
algue	4965762
vioque	4965761
versace	4965760
proletariat	4965759
honorablement	4965758
puantes	4965757
ecrou	4965756
ficherais	4965755
dolls	4965754
lemoine	4965753
hydromel	4965752
harv	4965751
tobby	4965750
doctoresse	4965749
figue	4965748
redit	4965747
dispersez	4965746
colloque	4965745
weenie	4965744
masaki	4965743
amples	4965742
impresario	4965741
exhibe	4965740
breton	4965739
bou	4965738
leif	4965737
deloyale	4965736
poussais	4965735
motivant	4965734
aiio	4965733
anu	4965732
impayees	4965731
retablis	4965730
saquer	4965729
ricanement	4965728
focus	4965727
cometes	4965726
pardonneront	4965725
eventre	4965724
archeologique	4965723
perdaient	4965722
ymca	4965721
caracterise	4965720
narcotique	4965719
lead	4965718
exhibitionniste	4965717
magistrats	4965716
phipps	4965715
illegalite	4965714
occlusion	4965713
dolph	4965712
kipling	4965711
couveuse	4965710
ionique	4965709
precisez	4965708
camila	4965707
ramenees	4965706
apporteras	4965705
ameniez	4965704
tabasco	4965703
buckman	4965702
hypocondriaque	4965701
sinusal	4965700
steppe	4965699
poireau	4965698
topper	4965697
cajun	4965696
matsui	4965695
beigne	4965694
pleasant	4965693
voyions	4965692
devances	4965691
manigancez	4965690
toot	4965689
prepuce	4965688
depassees	4965687
conduises	4965686
farragut	4965685
croisera	4965684
argumentation	4965683
ramifications	4965682
pissais	4965681
yahoo	4965680
hye	4965679
envolees	4965678
apparament	4965677
zoulous	4965676
tabous	4965675
samar	4965674
ecrivons	4965673
takagi	4965672
kearney	4965671
pourcentages	4965670
etendait	4965669
odum	4965668
passeurs	4965667
percutee	4965666
heathcliff	4965665
hattori	4965664
jesuites	4965663
hesse	4965662
pullman	4965661
gollum	4965660
pliant	4965659
grieve	4965658
playa	4965657
defaits	4965656
formaldehyde	4965655
butter	4965654
docker	4965653
cult	4965652
anonymous	4965651
fugace	4965650
tenions	4965649
ressentirais	4965648
creatives	4965647
butterfield	4965646
interpose	4965645
inefficaces	4965644
animaniacs	4965643
marylin	4965642
neigeait	4965641
pensacola	4965640
walkman	4965639
suspends	4965638
kilometrage	4965637
publiciste	4965636
giacomo	4965635
cranston	4965634
miche	4965633
progressent	4965632
consomment	4965631
panade	4965630
semi	4965629
loky	4965628
wiedersehen	4965627
voliez	4965626
kawasaki	4965625
essoufflee	4965624
luann	4965623
roseaux	4965622
echangeons	4965621
hantera	4965620
thinking	4965619
fournirai	4965618
mcmillan	4965617
concis	4965616
gonflent	4965615
jetter	4965614
geraldine	4965613
colleges	4965612
against	4965611
indifferents	4965610
gastriques	4965609
croutons	4965608
goody	4965607
kuvira	4965606
plaigne	4965605
kabuki	4965604
marvel	4965603
dijon	4965602
manettes	4965601
vetir	4965600
ancrage	4965599
farmington	4965598
detesterait	4965597
reussies	4965596
capisce	4965595
imprevues	4965594
impure	4965593
provo	4965592
frasques	4965591
maladroits	4965590
superstitieuse	4965589
ennuierai	4965588
bogota	4965587
cannoli	4965586
caterina	4965585
costner	4965584
lagos	4965583
feignasse	4965582
maryann	4965581
enlaces	4965580
radon	4965579
minous	4965578
ferocite	4965577
innover	4965576
travailleront	4965575
streets	4965574
salees	4965573
anatoly	4965572
atteste	4965571
harkonnen	4965570
oseront	4965569
administratifs	4965568
immerge	4965567
combattra	4965566
commemorative	4965565
grandissante	4965564
mutilee	4965563
anesthesier	4965562
firmes	4965561
commandees	4965560
macchabees	4965559
reclusion	4965558
desordres	4965557
disquettes	4965556
macleod	4965555
journalistique	4965554
electromenager	4965553
winstone	4965552
dribble	4965551
junko	4965550
relachent	4965549
parietal	4965548
mefait	4965547
frigos	4965546
subirez	4965545
cliques	4965544
inhumaine	4965543
problem	4965542
lab	4965541
synergie	4965540
poto	4965539
aaaaah	4965538
muscler	4965537
hippy	4965536
frenchie	4965535
menue	4965534
mordus	4965533
gent	4965532
envenimer	4965531
barbouille	4965530
aboli	4965529
hekawis	4965528
okey	4965527
visualisation	4965526
mordor	4965525
subordonne	4965524
belong	4965523
arreteraient	4965522
farhad	4965521
votants	4965520
contenterais	4965519
pretait	4965518
ovulation	4965517
derogation	4965516
envolera	4965515
dedicacee	4965514
amusees	4965513
nageuse	4965512
supports	4965511
niners	4965510
florian	4965509
degageons	4965508
catwoman	4965507
partagerait	4965506
ralentira	4965505
unser	4965504
pseudos	4965503
afghane	4965502
bellefleur	4965501
romy	4965500
malfaisante	4965499
saurions	4965498
reveillerait	4965497
ups	4965496
bigoudis	4965495
surhomme	4965494
traumatiser	4965493
decimer	4965492
hotchkiss	4965491
ponzi	4965490
incassable	4965489
realisations	4965488
vaziri	4965487
calliope	4965486
pequenot	4965485
pbs	4965484
loir	4965483
widmore	4965482
colique	4965481
vulcaine	4965480
ecrirait	4965479
bousculent	4965478
vassili	4965477
goulag	4965476
hay	4965475
flemme	4965474
verge	4965473
damme	4965472
erwin	4965471
deverrouille	4965470
tatsuo	4965469
echangeait	4965468
cime	4965467
pliee	4965466
variees	4965465
conjecture	4965464
salace	4965463
synthetiser	4965462
sifflant	4965461
majestueuse	4965460
garante	4965459
furtive	4965458
theater	4965457
hershel	4965456
carina	4965455
dorset	4965454
empaler	4965453
concluante	4965452
distribuait	4965451
farik	4965450
devorant	4965449
ejectee	4965448
noies	4965447
fumeuse	4965446
flamand	4965445
interrupteurs	4965444
metzger	4965443
ftl	4965442
deciderez	4965441
ficele	4965440
depliant	4965439
aspirez	4965438
rodin	4965437
excitez	4965436
argentins	4965435
bloquant	4965434
snowden	4965433
sorbonne	4965432
cueillies	4965431
walther	4965430
beneficiaires	4965429
zander	4965428
rolo	4965427
carie	4965426
etendus	4965425
validite	4965424
mentons	4965423
hautbois	4965422
minx	4965421
faciales	4965420
hokuto	4965419
rumple	4965418
retenais	4965417
noyaux	4965416
pootie	4965415
brutaliser	4965414
mehra	4965413
uchida	4965412
pandemie	4965411
warlock	4965410
draguez	4965409
bohemiens	4965408
etta	4965407
hasards	4965406
clameur	4965405
insuffisantes	4965404
amorcer	4965403
polarite	4965402
batonnet	4965401
boives	4965400
flatteries	4965399
fazio	4965398
suspectait	4965397
uvre	4965396
bambin	4965395
influencable	4965394
anand	4965393
vorace	4965392
televisions	4965391
apartheid	4965390
implorons	4965389
meunier	4965388
yasuda	4965387
kes	4965386
reveuse	4965385
laney	4965384
voleront	4965383
rinaldi	4965382
effleurer	4965381
singleton	4965380
telex	4965379
barca	4965378
verseau	4965377
doi	4965376
arroseur	4965375
tarentule	4965374
pardons	4965373
knut	4965372
turques	4965371
kissinger	4965370
juli	4965369
intermittence	4965368
organiserai	4965367
balayeur	4965366
fouineuse	4965365
ricochet	4965364
zelande	4965363
creole	4965362
kilmer	4965361
mathematiquement	4965360
piranha	4965359
nordistes	4965358
lamas	4965357
paons	4965356
imposait	4965355
lisette	4965354
friteuse	4965353
marmonner	4965352
kamina	4965351
alton	4965350
punisse	4965349
vinick	4965348
rosamund	4965347
indeniablement	4965346
errance	4965345
breen	4965344
disher	4965343
videoclub	4965342
floraison	4965341
niet	4965340
perimes	4965339
interrogeais	4965338
liao	4965337
parenthese	4965336
octavio	4965335
nexus	4965334
dissert	4965333
miyamoto	4965332
badminton	4965331
fairfield	4965330
sav	4965329
dogg	4965328
dingos	4965327
noient	4965326
grincements	4965325
yasmine	4965324
pedophilie	4965323
feuillete	4965322
antichambre	4965321
illustres	4965320
sprite	4965319
hilliard	4965318
presentoir	4965317
mila	4965316
raza	4965315
cailles	4965314
sahir	4965313
sigrid	4965312
nimrod	4965311
scalps	4965310
entendions	4965309
ouaf	4965308
bellick	4965307
baratine	4965306
casca	4965305
lestat	4965304
aeronavale	4965303
ingenieuse	4965302
accrochant	4965301
reservistes	4965300
manipulent	4965299
ingerer	4965298
bonhommes	4965297
grendel	4965296
kif	4965295
escher	4965294
pressees	4965293
initialisation	4965292
aconit	4965291
adjectifs	4965290
fractions	4965289
presenta	4965288
philippin	4965287
avertirai	4965286
vigie	4965285
muddy	4965284
脿	4965283
apothicaire	4965282
butt	4965281
jacinto	4965280
derevko	4965279
monospace	4965278
hutt	4965277
susumu	4965276
attaquants	4965275
brockman	4965274
herrick	4965273
mite	4965272
clapton	4965271
reconduit	4965270
littleton	4965269
coquard	4965268
soames	4965267
emigrer	4965266
parlante	4965265
bogey	4965264
plenitude	4965263
vraiement	4965262
pavlov	4965261
attiser	4965260
branca	4965259
conduisaient	4965258
pepito	4965257
higuchi	4965256
benjie	4965255
creex	4965254
refoules	4965253
actionne	4965252
simcoe	4965251
nuna	4965250
vigoureusement	4965249
chargeront	4965248
remplissant	4965247
vocaux	4965246
sinai	4965245
agresses	4965244
deambuler	4965243
antalgiques	4965242
perilleuse	4965241
suffocation	4965240
masa	4965239
sensorielle	4965238
pep	4965237
forster	4965236
souhaiteriez	4965235
davie	4965234
kazuya	4965233
subies	4965232
deniers	4965231
orbitale	4965230
exploites	4965229
couds	4965228
pane	4965227
yakusa	4965226
hurst	4965225
guetteurs	4965224
sieg	4965223
abolition	4965222
reussirait	4965221
montiez	4965220
cobras	4965219
ayoye	4965218
livrais	4965217
baryton	4965216
macgregor	4965215
deva	4965214
cinoche	4965213
errait	4965212
rendraient	4965211
lonny	4965210
retournees	4965209
dei	4965208
nacelles	4965207
gibet	4965206
volatilisee	4965205
transporteurs	4965204
signorina	4965203
tombeaux	4965202
murnau	4965201
complementaires	4965200
flashes	4965199
reverbere	4965198
chimiquement	4965197
excusons	4965196
working	4965195
assange	4965194
raconta	4965193
bulldogs	4965192
ronin	4965191
arrondi	4965190
vivacite	4965189
patapouf	4965188
ecologistes	4965187
salander	4965186
accusateur	4965185
paves	4965184
aboutissement	4965183
coloriage	4965182
kristi	4965181
rack	4965180
diffusent	4965179
misereux	4965178
maeby	4965177
ventilo	4965176
examinera	4965175
hurlais	4965174
couine	4965173
fredonner	4965172
barret	4965171
oreillettes	4965170
bloquait	4965169
tranchants	4965168
resonner	4965167
caputo	4965166
gaillards	4965165
limited	4965164
detailles	4965163
neutralite	4965162
hashimoto	4965161
boniche	4965160
lancais	4965159
bigre	4965158
castration	4965157
embarcation	4965156
gecko	4965155
tuniques	4965154
sequestre	4965153
courgettes	4965152
adressees	4965151
petale	4965150
degouline	4965149
fixais	4965148
whitehead	4965147
bondage	4965146
clanton	4965145
hertz	4965144
temoignent	4965143
copy	4965142
charpente	4965141
affectees	4965140
niera	4965139
appliques	4965138
charnel	4965137
galen	4965136
mefiants	4965135
promises	4965134
scellez	4965133
pivoter	4965132
scandinave	4965131
kersey	4965130
subtilites	4965129
taillader	4965128
toaster	4965127
contentait	4965126
vicelard	4965125
competentes	4965124
mcgovern	4965123
jugeons	4965122
nourrisse	4965121
exley	4965120
souhaitable	4965119
deuxiemes	4965118
deportation	4965117
cardassiens	4965116
rencontrions	4965115
tachibana	4965114
enclenchee	4965113
culbute	4965112
zeek	4965111
felice	4965110
mishima	4965109
seong	4965108
mangas	4965107
flottes	4965106
analgesique	4965105
espadon	4965104
galina	4965103
rompe	4965102
estella	4965101
accueillants	4965100
catholicisme	4965099
gobelin	4965098
negation	4965097
roulons	4965096
bunkers	4965095
onn	4965094
bionique	4965093
dormiront	4965092
porgy	4965091
salissez	4965090
injectes	4965089
depoussierer	4965088
pecho	4965087
michelin	4965086
doutiez	4965085
negocient	4965084
relachera	4965083
prevenons	4965082
renverses	4965081
mijotent	4965080
jurant	4965079
knightley	4965078
dispenser	4965077
colada	4965076
agostino	4965075
croisant	4965074
gifford	4965073
traductions	4965072
rectal	4965071
domina	4965070
boirez	4965069
cavites	4965068
xindis	4965067
philistins	4965066
eames	4965065
fuyaient	4965064
farfelue	4965063
calife	4965062
guapo	4965061
reprenant	4965060
jett	4965059
kurde	4965058
pringle	4965057
contrefous	4965056
metastases	4965055
ueda	4965054
quebecois	4965053
freezer	4965052
tsarine	4965051
sidere	4965050
encombrant	4965049
stationnaire	4965048
offensez	4965047
picote	4965046
cracovie	4965045
infectieuses	4965044
houle	4965043
bosseur	4965042
interrogeons	4965041
journalier	4965040
regroupes	4965039
cushing	4965038
hoffa	4965037
tabassee	4965036
courre	4965035
sponsoriser	4965034
pistaches	4965033
leach	4965032
campos	4965031
complaisance	4965030
touchaient	4965029
protegeaient	4965028
jakes	4965027
divinites	4965026
aqueduc	4965025
combustibles	4965024
chazz	4965023
oblique	4965022
deposent	4965021
atreides	4965020
feuilleter	4965019
octavia	4965018
exutoire	4965017
antivol	4965016
abysses	4965015
brentwood	4965014
coquet	4965013
cogneur	4965012
cerceau	4965011
reussiront	4965010
housses	4965009
aspiree	4965008
molaire	4965007
torero	4965006
paradigme	4965005
autodetruira	4965004
empares	4965003
balaise	4965002
pinson	4965001
engloutie	4965000
atterrissez	4964999
changeaient	4964998
florentine	4964997
attaquerai	4964996
resteriez	4964995
hakam	4964994
concilier	4964993
emparee	4964992
shinkuro	4964991
taurus	4964990
guardia	4964989
nugget	4964988
apitoie	4964987
kao	4964986
prehistoriques	4964985
scintillant	4964984
stabilisateur	4964983
seppuku	4964982
neuronal	4964981
pivote	4964980
plain	4964979
tompkins	4964978
suedoises	4964977
bilans	4964976
dispatch	4964975
engageait	4964974
installerai	4964973
bienfait	4964972
prevoyant	4964971
evanouisse	4964970
survivrons	4964969
consciences	4964968
saules	4964967
yukon	4964966
luk	4964965
powerpoint	4964964
depister	4964963
visons	4964962
provoquait	4964961
bixby	4964960
papale	4964959
feles	4964958
immatricule	4964957
indistincts	4964956
apaisera	4964955
dorothea	4964954
evacuent	4964953
projetait	4964952
neuneu	4964951
alambic	4964950
ghul	4964949
palladium	4964948
bacchus	4964947
mandataire	4964946
denoncera	4964945
comparution	4964944
zelig	4964943
propagent	4964942
privez	4964941
sidorov	4964940
designers	4964939
surdose	4964938
pillent	4964937
apporteront	4964936
stanhope	4964935
draco	4964934
falk	4964933
entourait	4964932
kano	4964931
menacaient	4964930
coordonne	4964929
hangars	4964928
amphitheatre	4964927
barques	4964926
psychedelique	4964925
talkie	4964924
shaker	4964923
crying	4964922
serviez	4964921
repetitif	4964920
trucage	4964919
ahmet	4964918
appendicectomie	4964917
reutiliser	4964916
quequette	4964915
tenteront	4964914
reperez	4964913
cataracte	4964912
gianna	4964911
berets	4964910
obsedait	4964909
dirigees	4964908
illuminee	4964907
camionette	4964906
savane	4964905
meringue	4964904
sosies	4964903
elgin	4964902
fredericks	4964901
galants	4964900
montaigu	4964899
epuration	4964898
bleme	4964897
worm	4964896
rallie	4964895
supprimez	4964894
petee	4964893
eruru	4964892
yet	4964891
jubile	4964890
endormais	4964889
degas	4964888
delabre	4964887
lierre	4964886
chainon	4964885
engrosser	4964884
shigure	4964883
gourmands	4964882
aguilar	4964881
moyennement	4964880
pornographiques	4964879
propulser	4964878
achetiez	4964877
kiyoshi	4964876
shiloh	4964875
dansiez	4964874
injustifie	4964873
zobelle	4964872
batarde	4964871
stew	4964870
artisanal	4964869
buenas	4964868
empecheront	4964867
seller	4964866
amena	4964865
esphenis	4964864
violoncelliste	4964863
rompent	4964862
stallone	4964861
peigner	4964860
chii	4964859
immortaliser	4964858
maroni	4964857
genisse	4964856
existons	4964855
geometre	4964854
sauveront	4964853
raccompagnes	4964852
skitters	4964851
recuperait	4964850
fester	4964849
sandman	4964848
triomphant	4964847
aieul	4964846
bosley	4964845
flexibles	4964844
weinstein	4964843
mccallum	4964842
online	4964841
mangeable	4964840
visuellement	4964839
coccyx	4964838
defiguree	4964837
ruinera	4964836
receveurs	4964835
deglingue	4964834
radcliffe	4964833
kraken	4964832
martienne	4964831
verglas	4964830
vien	4964829
concluants	4964828
accru	4964827
susana	4964826
hannigan	4964825
confedere	4964824
apporterez	4964823
singham	4964822
mondanites	4964821
tags	4964820
mani	4964819
rosalind	4964818
murailles	4964817
sequestration	4964816
satisfaites	4964815
enivrer	4964814
matlock	4964813
wladimir	4964812
nargue	4964811
drusilla	4964810
carcasses	4964809
irs	4964808
gaies	4964807
trouvai	4964806
polisson	4964805
cilla	4964804
pauly	4964803
devores	4964802
freedman	4964801
sonnes	4964800
parachutisme	4964799
avalent	4964798
pleurons	4964797
stup	4964796
dessechee	4964795
culinaires	4964794
grattent	4964793
fange	4964792
ardeurs	4964791
abandonna	4964790
pentes	4964789
ajoutera	4964788
vertigo	4964787
fractale	4964786
venges	4964785
surcharger	4964784
alignent	4964783
sensas	4964782
negativite	4964781
affrontements	4964780
reprit	4964779
jarret	4964778
rina	4964777
stimulus	4964776
terrasser	4964775
refusees	4964774
lax	4964773
etiqueter	4964772
decouvrirais	4964771
ecologiste	4964770
prepariez	4964769
leith	4964768
empiete	4964767
situent	4964766
ivar	4964765
soumises	4964764
bru	4964763
secourus	4964762
queer	4964761
blackwood	4964760
flight	4964759
pratiquee	4964758
khillaree	4964757
cliquez	4964756
fichee	4964755
degel	4964754
paillasse	4964753
mantle	4964752
cosa	4964751
fleaux	4964750
verifiees	4964749
matrimoniale	4964748
shih	4964747
bodie	4964746
naphtaline	4964745
nettie	4964744
psaumes	4964743
lift	4964742
epanchement	4964741
kohl	4964740
laitiere	4964739
shing	4964738
modern	4964737
tcheques	4964736
prescrits	4964735
linotte	4964734
diamonds	4964733
jamaicains	4964732
shady	4964731
batisse	4964730
harumi	4964729
akash	4964728
ameliorees	4964727
obtiendront	4964726
kamui	4964725
elucide	4964724
claudine	4964723
mcbeal	4964722
putride	4964721
cicatrise	4964720
fujiwara	4964719
cognait	4964718
goy	4964717
estimait	4964716
lucarne	4964715
regrettait	4964714
larue	4964713
enquetais	4964712
nageais	4964711
pager	4964710
chyna	4964709
barrent	4964708
unissons	4964707
impertinente	4964706
eton	4964705
asakura	4964704
tamanna	4964703
marcelo	4964702
baignoires	4964701
rebby	4964700
apotheose	4964699
chappelle	4964698
redeviendras	4964697
mahdi	4964696
colonisation	4964695
jeju	4964694
doberman	4964693
gladstone	4964692
nita	4964691
aden	4964690
cantique	4964689
prodigieuse	4964688
verrouilles	4964687
tatou	4964686
kyushu	4964685
censurer	4964684
deteriorer	4964683
ethiopie	4964682
confisquee	4964681
rachetee	4964680
datee	4964679
yasu	4964678
satsuma	4964677
incubateur	4964676
avila	4964675
ophtalmo	4964674
dermot	4964673
jos	4964672
ecchymose	4964671
zandra	4964670
manifs	4964669
exprimait	4964668
truly	4964667
warrior	4964666
chesterton	4964665
verdi	4964664
miwa	4964663
fortiche	4964662
revelees	4964661
khanna	4964660
merlotte	4964659
hantait	4964658
flats	4964657
rosy	4964656
flor	4964655
douanier	4964654
respirais	4964653
bharat	4964652
spartiate	4964651
accordait	4964650
mackay	4964649
jilly	4964648
warblers	4964647
flambee	4964646
identifient	4964645
boulimie	4964644
rosaire	4964643
sourira	4964642
desempare	4964641
murmurent	4964640
bahia	4964639
joon	4964638
manion	4964637
remboursez	4964636
telephonait	4964635
lutteurs	4964634
interviennent	4964633
durables	4964632
keung	4964631
shotgun	4964630
rebrousser	4964629
hoboken	4964628
percival	4964627
etrier	4964626
solvant	4964625
nautilus	4964624
taipei	4964623
trompeuse	4964622
metamorphes	4964621
tortilla	4964620
prone	4964619
rapatrie	4964618
ashland	4964617
approximatif	4964616
paque	4964615
silverman	4964614
diggs	4964613
comparaisons	4964612
illettre	4964611
hula	4964610
tyree	4964609
visitait	4964608
nawab	4964607
epitheliales	4964606
posner	4964605
tombstone	4964604
futilites	4964603
prerogative	4964602
prednisone	4964601
fist	4964600
hypoxie	4964599
colombo	4964598
incrustee	4964597
duluth	4964596
kazumi	4964595
smoothies	4964594
hanoukka	4964593
assauts	4964592
cosmetique	4964591
regroupent	4964590
mettriez	4964589
starkwood	4964588
fixees	4964587
demembre	4964586
intensive	4964585
pier	4964584
millesime	4964583
salissant	4964582
denigre	4964581
atmospheriques	4964580
hays	4964579
dominick	4964578
woodruff	4964577
epa	4964576
eleni	4964575
parjour	4964574
crandall	4964573
devolu	4964572
exhale	4964571
abdel	4964570
astheure	4964569
norrie	4964568
accorderai	4964567
lilli	4964566
envahissant	4964565
tifs	4964564
coherence	4964563
iago	4964562
mortadelle	4964561
troels	4964560
rectification	4964559
castellano	4964558
humoriste	4964557
banditisme	4964556
app	4964555
stabilisateurs	4964554
miyazawa	4964553
kiwi	4964552
ravissement	4964551
regrettent	4964550
creusait	4964549
xiv	4964548
canadiennes	4964547
tracheotomie	4964546
rouliez	4964545
projettent	4964544
depensait	4964543
lavant	4964542
crabb	4964541
liasses	4964540
trainerai	4964539
assimile	4964538
epiderme	4964537
casseur	4964536
sedona	4964535
adoucit	4964534
irrealiste	4964533
mettions	4964532
akazab	4964531
escudos	4964530
blaguez	4964529
dissident	4964528
enclencher	4964527
remorqueur	4964526
collerait	4964525
across	4964524
tchetchenes	4964523
levrette	4964522
debaucher	4964521
bikers	4964520
scruter	4964519
griselda	4964518
teints	4964517
augmentait	4964516
bohemien	4964515
brit	4964514
glossop	4964513
pistage	4964512
cintres	4964511
etouffante	4964510
livrant	4964509
epele	4964508
tracheo	4964507
prolongement	4964506
ricanements	4964505
constable	4964504
conna	4964503
rattrapes	4964502
substituts	4964501
attenue	4964500
jabberwocky	4964499
astre	4964498
asami	4964497
conquerants	4964496
voiturette	4964495
vaughan	4964494
rammer	4964493
bryson	4964492
haitien	4964491
saying	4964490
georgette	4964489
evitement	4964488
imp	4964487
proxenetisme	4964486
effectuees	4964485
billions	4964484
crachait	4964483
rosette	4964482
supplieras	4964481
rent	4964480
orientaux	4964479
analysons	4964478
tp	4964477
verbes	4964476
desintoxiquer	4964475
crescendo	4964474
impressionnable	4964473
ghettos	4964472
chocolatees	4964471
tenzin	4964470
prehistoire	4964469
berthier	4964468
allegation	4964467
xeres	4964466
destituer	4964465
hamoudi	4964464
professions	4964463
jedikiah	4964462
abusait	4964461
echasses	4964460
danner	4964459
allumera	4964458
quietude	4964457
rarete	4964456
bunk	4964455
infeld	4964454
chandeliers	4964453
turell	4964452
epaulettes	4964451
licencies	4964450
resolvez	4964449
tereza	4964448
hesitera	4964447
embouchure	4964446
empailler	4964445
interruptions	4964444
ee	4964443
embrassaient	4964442
brandissant	4964441
concurrencer	4964440
chakras	4964439
ends	4964438
katniss	4964437
pourcent	4964436
zo	4964435
fuyards	4964434
hennessy	4964433
turlupine	4964432
elaboration	4964431
catapulte	4964430
boxes	4964429
tanzanie	4964428
athees	4964427
mandragore	4964426
hautain	4964425
desai	4964424
debarrasseras	4964423
amorti	4964422
ejacule	4964421
fulgurante	4964420
dictaphone	4964419
lark	4964418
decoratif	4964417
belenko	4964416
woolf	4964415
parvenez	4964414
varies	4964413
vils	4964412
yoshino	4964411
grotesques	4964410
acuite	4964409
equipees	4964408
localises	4964407
kokuto	4964406
industrielles	4964405
umberto	4964404
copeland	4964403
gaffes	4964402
tris	4964401
spam	4964400
farah	4964399
lassee	4964398
democratiques	4964397
ethniques	4964396
tirerons	4964395
detenons	4964394
tada	4964393
rihanna	4964392
rizieres	4964391
choo	4964390
huff	4964389
koh	4964388
nommait	4964387
nouvellement	4964386
halpert	4964385
legionnaire	4964384
simagrees	4964383
desintegration	4964382
pater	4964381
cocons	4964380
survint	4964379
roan	4964378
velocite	4964377
waterman	4964376
avera	4964375
troquer	4964374
explosait	4964373
boorman	4964372
enleverais	4964371
salutation	4964370
resolve	4964369
foutrai	4964368
aveuglante	4964367
soucieuse	4964366
ephemeres	4964365
debrouillait	4964364
cayman	4964363
quintus	4964362
thanks	4964361
contrefait	4964360
sugata	4964359
josette	4964358
concentrant	4964357
empruntez	4964356
compromettante	4964355
wilmington	4964354
parvienne	4964353
lacherais	4964352
dizzy	4964351
chatie	4964350
renvois	4964349
zafer	4964348
lowenstein	4964347
cooperent	4964346
raquettes	4964345
compagnes	4964344
droguees	4964343
recuser	4964342
aim	4964341
telefilm	4964340
prompteur	4964339
vola	4964338
strand	4964337
rancunes	4964336
kolya	4964335
chicanos	4964334
bonney	4964333
poissonnier	4964332
cacahouetes	4964331
scaphandre	4964330
prussiens	4964329
remo	4964328
cleve	4964327
conservent	4964326
chamallows	4964325
deconnait	4964324
collectionnait	4964323
alpiniste	4964322
cigue	4964321
frappons	4964320
eight	4964319
percocet	4964318
dimitrios	4964317
martinet	4964316
sujette	4964315
enfouir	4964314
pissenlits	4964313
earle	4964312
dynamic	4964311
hyperpropulsion	4964310
ravagee	4964309
kita	4964308
halifax	4964307
denree	4964306
profiterait	4964305
laxatifs	4964304
gnomes	4964303
marcherais	4964302
porteuses	4964301
taciturne	4964300
peteux	4964299
deplaise	4964298
entrerait	4964297
sexisme	4964296
nudistes	4964295
comparees	4964294
devoilee	4964293
hobbits	4964292
choristes	4964291
distincte	4964290
mandibule	4964289
bougeant	4964288
glynn	4964287
windy	4964286
decoincer	4964285
caplan	4964284
polluer	4964283
envisageons	4964282
hesitations	4964281
mors	4964280
mulholland	4964279
cabosse	4964278
selectionnee	4964277
obtiendrait	4964276
chul	4964275
pincettes	4964274
pleurnicheur	4964273
redites	4964272
ecorchures	4964271
pepee	4964270
qasim	4964269
morticia	4964268
bale	4964267
sayers	4964266
verifiant	4964265
financements	4964264
assureurs	4964263
cabots	4964262
sicilienne	4964261
rembourseras	4964260
malina	4964259
sots	4964258
amusiez	4964257
bacs	4964256
abstraite	4964255
noirci	4964254
accentuer	4964253
rappellerons	4964252
valois	4964251
ecologiques	4964250
iwo	4964249
miho	4964248
bue	4964247
swayze	4964246
says	4964245
mathison	4964244
beryl	4964243
margarine	4964242
soupconnes	4964241
guerisseurs	4964240
bohort	4964239
trinidad	4964238
utilisions	4964237
rote	4964236
stigmates	4964235
revelait	4964234
cireur	4964233
attribues	4964232
community	4964231
robespierre	4964230
encadrement	4964229
impasses	4964228
faucheurs	4964227
ardennes	4964226
eprouvent	4964225
napier	4964224
nuee	4964223
pippin	4964222
inventait	4964221
isotope	4964220
disputant	4964219
draine	4964218
ouailles	4964217
neary	4964216
gonflees	4964215
navals	4964214
oksana	4964213
huttes	4964212
strategiquement	4964211
divagues	4964210
hack	4964209
battrez	4964208
operette	4964207
repandra	4964206
naissante	4964205
traumato	4964204
charlton	4964203
mabuse	4964202
combles	4964201
soledad	4964200
casserait	4964199
bits	4964198
colloc	4964197
aneantit	4964196
wok	4964195
superpose	4964194
desaffecte	4964193
hoynes	4964192
romanesque	4964191
congelation	4964190
retardataires	4964189
attaquerait	4964188
verole	4964187
guten	4964186
phuong	4964185
surexcitee	4964184
tract	4964183
deregle	4964182
contingent	4964181
billu	4964180
impliquez	4964179
mochete	4964178
escapades	4964177
courtisanes	4964176
rigoureuse	4964175
leviter	4964174
enrichissant	4964173
radote	4964172
kerr	4964171
shrapnel	4964170
penseurs	4964169
metatron	4964168
alfa	4964167
ago	4964166
consigner	4964165
promit	4964164
tonino	4964163
rentrions	4964162
developpez	4964161
menthol	4964160
cedent	4964159
professeure	4964158
nymphes	4964157
teinturerie	4964156
rouen	4964155
voorhees	4964154
saratoga	4964153
pixels	4964152
rouilles	4964151
danko	4964150
honteusement	4964149
dar	4964148
formera	4964147
intervenant	4964146
lavabos	4964145
aylin	4964144
nakajima	4964143
annuels	4964142
riens	4964141
incorrecte	4964140
ugly	4964139
purvis	4964138
surmenage	4964137
tombiez	4964136
leighton	4964135
produisant	4964134
suffis	4964133
existentielle	4964132
choeurs	4964131
quelqun	4964130
lorena	4964129
tribeca	4964128
depannage	4964127
opa	4964126
aut	4964125
formees	4964124
fo	4964123
erronees	4964122
impatienter	4964121
cisailles	4964120
gorgone	4964119
horrifiee	4964118
imperfection	4964117
needs	4964116
pig	4964115
gemme	4964114
irreversibles	4964113
plombages	4964112
messagere	4964111
yeung	4964110
archimede	4964109
kishen	4964108
americano	4964107
gravats	4964106
enclins	4964105
muses	4964104
daisuke	4964103
avp	4964102
inepuisable	4964101
mongole	4964100
este	4964099
tentante	4964098
woodhull	4964097
vroum	4964096
bourdonne	4964095
mentis	4964094
ecrevisses	4964093
haldol	4964092
stupeur	4964091
mecanos	4964090
pneumatique	4964089
sona	4964088
quizz	4964087
starter	4964086
indomptable	4964085
emanations	4964084
syndique	4964083
descartes	4964082
perone	4964081
dyslexique	4964080
amarillo	4964079
naufrages	4964078
narine	4964077
cock	4964076
blob	4964075
october	4964074
mousquets	4964073
identifiable	4964072
wilber	4964071
coliques	4964070
transmettra	4964069
technicienne	4964068
originaires	4964067
illimitees	4964066
mons	4964065
sieu	4964064
desaffectee	4964063
mesurant	4964062
bouleversement	4964061
exalte	4964060
reglait	4964059
lexy	4964058
lanca	4964057
reuter	4964056
agrippe	4964055
attirants	4964054
sham	4964053
lemaitre	4964052
madras	4964051
lisiere	4964050
sandler	4964049
bitsy	4964048
subtils	4964047
voteront	4964046
planant	4964045
verso	4964044
myles	4964043
yip	4964042
reculent	4964041
schumann	4964040
hyah	4964039
between	4964038
eiko	4964037
tabourets	4964036
chill	4964035
mercutio	4964034
garfunkel	4964033
imaginatif	4964032
preneurs	4964031
litt	4964030
arun	4964029
retrospective	4964028
nauseeuse	4964027
laos	4964026
goulot	4964025
opter	4964024
corporations	4964023
balancera	4964022
bren	4964021
fardeaux	4964020
amerement	4964019
recommanderai	4964018
dermatologue	4964017
vaudeville	4964016
organisais	4964015
colocation	4964014
kidman	4964013
suspicions	4964012
inutilisables	4964011
reiner	4964010
patir	4964009
empoisonnent	4964008
holcomb	4964007
compensations	4964006
inaccessibles	4964005
megarde	4964004
ronces	4964003
gazer	4964002
moucharder	4964001
narnia	4964000
verses	4963999
maraudeurs	4963998
reactionnaire	4963997
wikipedia	4963996
hado	4963995
draft	4963994
dhani	4963993
tal	4963992
inadapte	4963991
remarqueras	4963990
strikes	4963989
bobonne	4963988
cops	4963987
grosso	4963986
pickett	4963985
ajourner	4963984
phalange	4963983
sauva	4963982
markos	4963981
trappeur	4963980
privatisation	4963979
regardees	4963978
gazeux	4963977
plongeoir	4963976
mose	4963975
inlassablement	4963974
planquent	4963973
assisterai	4963972
gon	4963971
jaden	4963970
testamentaire	4963969
ridiculises	4963968
combinee	4963967
olympiades	4963966
aboye	4963965
claquez	4963964
barges	4963963
maybelle	4963962
nerveusement	4963961
humanichs	4963960
nefastes	4963959
oni	4963958
tague	4963957
ouija	4963956
exhume	4963955
chumhum	4963954
negligeant	4963953
flaques	4963952
agitateurs	4963951
comfort	4963950
facilites	4963949
koto	4963948
incessantes	4963947
sauvegardes	4963946
materner	4963945
dominee	4963944
revelerai	4963943
mailer	4963942
renonciation	4963941
steinmetz	4963940
parvenait	4963939
sphincter	4963938
autruches	4963937
bump	4963936
frequentation	4963935
cordial	4963934
fumoir	4963933
murakami	4963932
less	4963931
slash	4963930
polichinelle	4963929
concentrees	4963928
mimsy	4963927
zooey	4963926
percutant	4963925
rameneras	4963924
goin	4963923
habituerez	4963922
djihad	4963921
comptees	4963920
consolidated	4963919
vomisse	4963918
whoua	4963917
vinyles	4963916
kidnappings	4963915
playing	4963914
recommencerais	4963913
repoussera	4963912
affolez	4963911
tramait	4963910
mauricio	4963909
loquace	4963908
fouillais	4963907
importee	4963906
symbolisme	4963905
imbu	4963904
alcoolise	4963903
suze	4963902
ainsley	4963901
redescendu	4963900
arrachait	4963899
bubbles	4963898
radek	4963897
mentaient	4963896
oseraient	4963895
autrichienne	4963894
hypothequer	4963893
malefice	4963892
copiez	4963891
bianchi	4963890
eliminons	4963889
richissime	4963888
bachman	4963887
operandi	4963886
depassement	4963885
woodcock	4963884
hyeon	4963883
communier	4963882
xerxes	4963881
faciliterait	4963880
bouvier	4963879
bering	4963878
immoralite	4963877
catcheurs	4963876
rougi	4963875
outrepasse	4963874
oublis	4963873
ceremonial	4963872
exigee	4963871
zimbabwe	4963870
blondasse	4963869
moderniser	4963868
wiggum	4963867
smartphone	4963866
enflammes	4963865
aneantira	4963864
britten	4963863
digby	4963862
holger	4963861
laudanum	4963860
caramba	4963859
cohabitation	4963858
tombouctou	4963857
liston	4963856
bossaient	4963855
maximiser	4963854
perversite	4963853
boot	4963852
boutonniere	4963851
pulpe	4963850
empecheras	4963849
degagement	4963848
telford	4963847
repugnantes	4963846
recomptage	4963845
masculinite	4963844
situees	4963843
trafalgar	4963842
giron	4963841
durga	4963840
battery	4963839
recrutent	4963838
entrainerait	4963837
lignees	4963836
baptises	4963835
discount	4963834
stripteaseuses	4963833
mamelles	4963832
confection	4963831
vijay	4963830
translation	4963829
profiteurs	4963828
chianti	4963827
infondees	4963826
videurs	4963825
exiler	4963824
peacock	4963823
corrigee	4963822
malencontreux	4963821
crimee	4963820
duperie	4963819
acclame	4963818
bagwell	4963817
cancan	4963816
brigham	4963815
tentiez	4963814
teleconference	4963813
sterilite	4963812
culver	4963811
bosserai	4963810
jarick	4963809
doutera	4963808
assourdissant	4963807
denoncant	4963806
aragon	4963805
jarretiere	4963804
commente	4963803
yuria	4963802
cancereuses	4963801
organisant	4963800
stefania	4963799
polina	4963798
wobbly	4963797
caissons	4963796
teter	4963795
caron	4963794
din	4963793
boitait	4963792
walken	4963791
mischa	4963790
prierais	4963789
attachait	4963788
wibbly	4963787
uranus	4963786
indicible	4963785
consecutifs	4963784
ninon	4963783
rez	4963782
ut	4963781
gerbille	4963780
periodique	4963779
comeback	4963778
visaient	4963777
imposees	4963776
rodrigue	4963775
bennes	4963774
mendiante	4963773
accepteraient	4963772
lipton	4963771
hesitait	4963770
vichy	4963769
jiminy	4963768
kodak	4963767
subie	4963766
milena	4963765
rash	4963764
perplexes	4963763
slitheen	4963762
meteorologiques	4963761
terebenthine	4963760
bizzy	4963759
bruleras	4963758
rhesus	4963757
ahuri	4963756
overton	4963755
seok	4963754
arne	4963753
conferencier	4963752
affective	4963751
trepas	4963750
enrichissent	4963749
bucks	4963748
dauphine	4963747
mahone	4963746
leads	4963745
epouserez	4963744
bletch	4963743
blaguait	4963742
scientologie	4963741
exploitee	4963740
ensuit	4963739
kroger	4963738
riras	4963737
toller	4963736
surestimez	4963735
rappellez	4963734
nuirait	4963733
joconde	4963732
debarasse	4963731
tripotee	4963730
signifiera	4963729
orchestres	4963728
nitouche	4963727
fansub	4963726
prolongations	4963725
masayuki	4963724
perforer	4963723
bilingue	4963722
digest	4963721
tympan	4963720
amatrice	4963719
bajor	4963718
lafleur	4963717
irrefutables	4963716
quarles	4963715
tetsuro	4963714
rolly	4963713
basketteur	4963712
golan	4963711
inhumains	4963710
churros	4963709
maximilien	4963708
goya	4963707
archiduc	4963706
bayonne	4963705
moderes	4963704
relatives	4963703
obeisse	4963702
apex	4963701
rugit	4963700
traumatises	4963699
reciproquement	4963698
mclaughlin	4963697
ecroulent	4963696
rallumez	4963695
furoncle	4963694
souza	4963693
brunson	4963692
paras	4963691
stamford	4963690
raciales	4963689
arrangees	4963688
orthodontiste	4963687
hollywoodienne	4963686
anterieurs	4963685
briscoe	4963684
lopin	4963683
adorerez	4963682
deboussolee	4963681
temoignes	4963680
cubitus	4963679
concrets	4963678
elodie	4963677
cordova	4963676
finito	4963675
contemporains	4963674
cauchemardesque	4963673
apportiez	4963672
enoncer	4963671
atteindrez	4963670
warehouse	4963669
cherubin	4963668
sheikh	4963667
brins	4963666
incorruptible	4963665
fournissons	4963664
emerveille	4963663
reclamant	4963662
fortunee	4963661
protestent	4963660
sparkle	4963659
remportera	4963658
consignee	4963657
rationnels	4963656
torticolis	4963655
matent	4963654
mazette	4963653
enoch	4963652
tight	4963651
bluffait	4963650
ishii	4963649
singeries	4963648
prouverons	4963647
moucheron	4963646
embranchement	4963645
climatiques	4963644
yuriko	4963643
pacquiao	4963642
eloignera	4963641
radiographie	4963640
cene	4963639
seduis	4963638
glu	4963637
acn	4963636
debordement	4963635
resumons	4963634
carli	4963633
sucrees	4963632
atom	4963631
jeopardy	4963630
celebrations	4963629
osee	4963628
scribe	4963627
hei	4963626
baille	4963625
demandai	4963624
rovere	4963623
marcella	4963622
entrouverte	4963621
obnubile	4963620
misery	4963619
kurdes	4963618
litchfield	4963617
montenegro	4963616
idealistes	4963615
affichee	4963614
cedra	4963613
ivo	4963612
toga	4963611
electrocardiogramme	4963610
kool	4963609
solly	4963608
atterrisse	4963607
flopee	4963606
putter	4963605
blakely	4963604
emballees	4963603
mckee	4963602
exploitant	4963601
oranger	4963600
pookie	4963599
gaynor	4963598
abandonnais	4963597
tombales	4963596
xiomara	4963595
exaspere	4963594
zaheer	4963593
mouriez	4963592
domenico	4963591
taki	4963590
appuient	4963589
curriculum	4963588
ventiler	4963587
brumby	4963586
mcdermott	4963585
stanfield	4963584
envisageait	4963583
proteus	4963582
precipitez	4963581
millenium	4963580
noona	4963579
fermerais	4963578
monopoliser	4963577
modernite	4963576
odelle	4963575
aggravez	4963574
surdite	4963573
surdoues	4963572
breches	4963571
grief	4963570
combatif	4963569
lj	4963568
cyclistes	4963567
sick	4963566
denrees	4963565
concocter	4963564
oceanic	4963563
vergetures	4963562
bancale	4963561
reglerons	4963560
matobo	4963559
melanome	4963558
hiroko	4963557
nandini	4963556
asseche	4963555
amira	4963554
collegienne	4963553
brutales	4963552
traqueurs	4963551
tosa	4963550
hawley	4963549
atteindras	4963548
killers	4963547
dren	4963546
cecily	4963545
massacrent	4963544
hy	4963543
loud	4963542
conseillee	4963541
fends	4963540
pitch	4963539
peignent	4963538
boop	4963537
rejoindrons	4963536
taking	4963535
board	4963534
biftons	4963533
novotny	4963532
ciblage	4963531
embellit	4963530
conklin	4963529
closer	4963528
tsa	4963527
agiles	4963526
stuttgart	4963525
nourrissons	4963524
nader	4963523
tui	4963522
polack	4963521
assiege	4963520
egarement	4963519
foireuse	4963518
craft	4963517
folklorique	4963516
reflechira	4963515
tmz	4963514
vuitton	4963513
fentes	4963512
yamashita	4963511
electeur	4963510
envisagent	4963509
caressant	4963508
salues	4963507
infatigable	4963506
holdings	4963505
juanito	4963504
stimulante	4963503
khun	4963502
detaillant	4963501
pourchasses	4963500
plaquette	4963499
califat	4963498
ganga	4963497
debutent	4963496
rudd	4963495
trev	4963494
dechiqueteuse	4963493
cravat	4963492
rencontreront	4963491
foudres	4963490
grillon	4963489
consuelo	4963488
compterait	4963487
zoos	4963486
aleikum	4963485
enfumer	4963484
mytho	4963483
schtroumpfette	4963482
reouvrir	4963481
diminuee	4963480
podcast	4963479
miserablement	4963478
similarites	4963477
colonna	4963476
opprime	4963475
seaworld	4963474
decompresse	4963473
cuvee	4963472
occasionnelle	4963471
ossature	4963470
soulevent	4963469
refaisons	4963468
tartares	4963467
chuy	4963466
mcclain	4963465
meprendre	4963464
roque	4963463
slide	4963462
nika	4963461
rejoui	4963460
franchira	4963459
lilah	4963458
ramses	4963457
blanchisseur	4963456
oisivete	4963455
desillusion	4963454
complementaire	4963453
escadre	4963452
fortifier	4963451
conviendrez	4963450
noyais	4963449
balancerai	4963448
enflees	4963447
grunge	4963446
alchimistes	4963445
denoncez	4963444
exaltation	4963443
indecise	4963442
metcalf	4963441
swenson	4963440
cagoules	4963439
rongeait	4963438
fideicommis	4963437
taguchi	4963436
affichez	4963435
randonnees	4963434
kemper	4963433
intrepides	4963432
baa	4963431
giant	4963430
granite	4963429
enrichis	4963428
gigue	4963427
size	4963426
morin	4963425
esclandre	4963424
costumee	4963423
constants	4963422
perpetue	4963421
trench	4963420
embuches	4963419
shall	4963418
chevaliere	4963417
caro	4963416
lygie	4963415
donf	4963414
dao	4963413
expiation	4963412
arrachant	4963411
gagnantes	4963410
towne	4963409
rembobiner	4963408
descendit	4963407
picotement	4963406
badger	4963405
greco	4963404
chopent	4963403
mundy	4963402
cafte	4963401
crevera	4963400
hidalgo	4963399
sh	4963398
ogi	4963397
peignais	4963396
flechir	4963395
aspirateurs	4963394
plombage	4963393
insultent	4963392
claymore	4963391
incriminant	4963390
mefies	4963389
alban	4963388
keel	4963387
abordee	4963386
gateries	4963385
ronson	4963384
profitais	4963383
lra	4963382
transmette	4963381
couvreur	4963380
turing	4963379
rimer	4963378
darin	4963377
soulevee	4963376
jie	4963375
allerent	4963374
dirigerez	4963373
phonographe	4963372
oust	4963371
rickey	4963370
epousent	4963369
mokon	4963368
onguent	4963367
harken	4963366
salutaire	4963365
bucket	4963364
artichauts	4963363
toph	4963362
esperai	4963361
kurdy	4963360
imbattables	4963359
catho	4963358
telerealite	4963357
librairies	4963356
convoyeur	4963355
dorado	4963354
valiant	4963353
enf	4963352
conjectures	4963351
cec	4963350
chevauchant	4963349
effervescence	4963348
cassandre	4963347
cessiez	4963346
biberons	4963345
somerset	4963344
interrogateur	4963343
beagle	4963342
grossieretes	4963341
attrapper	4963340
origami	4963339
garvin	4963338
embauchez	4963337
blesserai	4963336
boiteuse	4963335
tapi	4963334
retablira	4963333
epoustouflante	4963332
fortuit	4963331
reconfortante	4963330
cato	4963329
liesse	4963328
arya	4963327
papote	4963326
diocese	4963325
aborigenes	4963324
padme	4963323
dinent	4963322
º	4963321
unifie	4963320
rowena	4963319
abercrombie	4963318
longer	4963317
roulera	4963316
kiran	4963315
oseras	4963314
cretes	4963313
velu	4963312
natesville	4963311
intolerant	4963310
prieure	4963309
toros	4963308
synchroniser	4963307
harcourt	4963306
rustres	4963305
inanime	4963304
irascible	4963303
percoivent	4963302
cloues	4963301
greffon	4963300
charpie	4963299
convaincrai	4963298
casquer	4963297
passable	4963296
maraudeur	4963295
stitch	4963294
veer	4963293
hazzard	4963292
selim	4963291
ibn	4963290
cognent	4963289
requisitionner	4963288
capella	4963287
barnard	4963286
reclamee	4963285
voilee	4963284
receptacle	4963283
tremousser	4963282
radiotherapie	4963281
coo	4963280
rembourre	4963279
irregulieres	4963278
godfather	4963277
cuilleree	4963276
midland	4963275
baraquements	4963274
hyoide	4963273
toquer	4963272
grandiras	4963271
reactives	4963270
disparaitrai	4963269
schneizel	4963268
brasses	4963267
benj	4963266
poussa	4963265
recherchees	4963264
moulants	4963263
aberrant	4963262
aventuriere	4963261
zigzag	4963260
hebdo	4963259
entremelees	4963258
redemarrage	4963257
fascines	4963256
organiste	4963255
enervante	4963254
vidait	4963253
luper	4963252
junichi	4963251
reparait	4963250
ig	4963249
debordent	4963248
spanish	4963247
virements	4963246
soutiendrais	4963245
anis	4963244
prosperes	4963243
shigeru	4963242
tyrion	4963241
cauchemard	4963240
auburn	4963239
conservez	4963238
courrai	4963237
linux	4963236
frapperait	4963235
soutifs	4963234
couettes	4963233
perturbent	4963232
olympus	4963231
suffisaient	4963230
toundra	4963229
dechirees	4963228
inexistante	4963227
bomb	4963226
gusto	4963225
propagee	4963224
carceral	4963223
esclavagiste	4963222
ressurgir	4963221
maures	4963220
entreprenant	4963219
eggs	4963218
dominateur	4963217
bcbg	4963216
chome	4963215
caltech	4963214
ponyville	4963213
connaitriez	4963212
kray	4963211
dentelles	4963210
dresde	4963209
soigneux	4963208
salute	4963207
landing	4963206
igloo	4963205
wehrmacht	4963204
avancerait	4963203
enleviez	4963202
indistinctement	4963201
creusons	4963200
detruirais	4963199
frigorifique	4963198
decapites	4963197
ota	4963196
aoshima	4963195
attirantes	4963194
provocations	4963193
fanees	4963192
parution	4963191
syntaxe	4963190
eurydice	4963189
fraterniser	4963188
negligents	4963187
sautille	4963186
eloise	4963185
inhaler	4963184
calumet	4963183
tiramisu	4963182
deales	4963181
pygmee	4963180
mortuaires	4963179
comportant	4963178
brulants	4963177
ravioli	4963176
soudeur	4963175
moyer	4963174
fermeront	4963173
obscurcir	4963172
defection	4963171
enleverait	4963170
rath	4963169
profanation	4963168
patrouilleurs	4963167
hatif	4963166
mcginty	4963165
marlow	4963164
mentionnent	4963163
huber	4963162
colereux	4963161
konstantin	4963160
botaniste	4963159
ledger	4963158
deflecteur	4963157
destructeurs	4963156
sauverons	4963155
zephyr	4963154
lothbrok	4963153
ag	4963152
oppresseur	4963151
pilon	4963150
enonce	4963149
informelle	4963148
gisements	4963147
indemnisation	4963146
emballent	4963145
scorbut	4963144
spalding	4963143
margherita	4963142
manilow	4963141
shout	4963140
wada	4963139
sheperd	4963138
evers	4963137
clopinettes	4963136
robocop	4963135
kumiko	4963134
kharis	4963133
tutoie	4963132
saignee	4963131
verserai	4963130
inexistant	4963129
jonquilles	4963128
girouette	4963127
motions	4963126
condamnent	4963125
metabolique	4963124
dido	4963123
troufion	4963122
coon	4963121
fraternelle	4963120
planifiez	4963119
zoran	4963118
sympathisant	4963117
sketches	4963116
regrettais	4963115
eploree	4963114
tatoues	4963113
chauffante	4963112
enervement	4963111
grossissent	4963110
genealogie	4963109
leonora	4963108
ramollis	4963107
variety	4963106
swingue	4963105
nettoyees	4963104
officialiser	4963103
genants	4963102
sandi	4963101
appleby	4963100
jørgen	4963099
geneva	4963098
presenterez	4963097
farnum	4963096
paquetage	4963095
westbrook	4963094
maitrisee	4963093
stoique	4963092
deedee	4963091
coronaire	4963090
insinuation	4963089
souhaiterions	4963088
basiquement	4963087
constatez	4963086
ments	4963085
repasses	4963084
zanuck	4963083
astique	4963082
stinger	4963081
clignez	4963080
limitent	4963079
escalope	4963078
frottant	4963077
daltonien	4963076
flippent	4963075
chaperonner	4963074
goure	4963073
entrainante	4963072
sadisme	4963071
visceres	4963070
poulie	4963069
sussman	4963068
reverifie	4963067
astucieuse	4963066
rapprochera	4963065
shraga	4963064
nagoya	4963063
mayhew	4963062
chœurs	4963061
bisbee	4963060
bouillonne	4963059
insouciants	4963058
appelleraient	4963057
rejets	4963056
harlock	4963055
masako	4963054
pourrisse	4963053
mojave	4963052
bruts	4963051
larcins	4963050
poisseux	4963049
graysons	4963048
planquez	4963047
sagan	4963046
ramassant	4963045
referas	4963044
pawan	4963043
hellsing	4963042
cohn	4963041
seimei	4963040
intonation	4963039
chetif	4963038
drayton	4963037
reunisse	4963036
depressions	4963035
maiden	4963034
arraªte	4963033
tremblay	4963032
faufilee	4963031
sourciller	4963030
fallujah	4963029
sp	4963028
designes	4963027
immensement	4963026
imploser	4963025
alvey	4963024
barbus	4963023
jamil	4963022
polenta	4963021
adonner	4963020
anorexie	4963019
pe	4963018
wives	4963017
sacrifierais	4963016
platines	4963015
minos	4963014
hydratante	4963013
trafiquait	4963012
imitent	4963011
matinees	4963010
cybernetique	4963009
deposais	4963008
analphabete	4963007
cendriers	4963006
apercut	4963005
chuchotes	4963004
suinte	4963003
kiara	4963002
paragraphes	4963001
fluttershy	4963000
stooges	4962999
pechait	4962998
engloutis	4962997
costco	4962996
recommanderais	4962995
promus	4962994
journey	4962993
bitcoin	4962992
diffusez	4962991
surpopulation	4962990
kurtz	4962989
verrat	4962988
riva	4962987
bunchy	4962986
mozambique	4962985
projetee	4962984
inoffensives	4962983
eduard	4962982
emets	4962981
suvarov	4962980
sacrifiez	4962979
laredo	4962978
servies	4962977
devonshire	4962976
sackett	4962975
lapsus	4962974
gimme	4962973
pourchassait	4962972
apprendrons	4962971
deauville	4962970
miroiter	4962969
complimente	4962968
smic	4962967
magner	4962966
stockwell	4962965
lyra	4962964
hayworth	4962963
perchoir	4962962
craquera	4962961
adressent	4962960
bhagat	4962959
panini	4962958
impayable	4962957
rotis	4962956
raiponce	4962955
barbituriques	4962954
pogo	4962953
entrerons	4962952
embaume	4962951
lattes	4962950
sensees	4962949
interrogations	4962948
verticales	4962947
natures	4962946
pressenti	4962945
tapantes	4962944
renverront	4962943
nunuche	4962942
ebranlee	4962941
lncroyable	4962940
paranormaux	4962939
gerty	4962938
critiquez	4962937
exploratrice	4962936
detestons	4962935
connotation	4962934
vaniteuse	4962933
bousculez	4962932
fecondation	4962931
pesez	4962930
minoru	4962929
droguez	4962928
genny	4962927
deepak	4962926
acheteront	4962925
weinberg	4962924
repartait	4962923
aretha	4962922
morello	4962921
bot	4962920
eclairages	4962919
chess	4962918
raider	4962917
pointures	4962916
adaptees	4962915
sakurai	4962914
montures	4962913
cristalline	4962912
reverende	4962911
murderface	4962910
desoler	4962909
scat	4962908
fumigenes	4962907
lille	4962906
informera	4962905
pernille	4962904
volt	4962903
hex	4962902
draguent	4962901
oc	4962900
serrais	4962899
lampadaires	4962898
abonnements	4962897
antidouleur	4962896
geiss	4962895
chauffent	4962894
tried	4962893
adderall	4962892
eleven	4962891
collegien	4962890
basset	4962889
rv	4962888
altan	4962887
hooligans	4962886
sensibilisation	4962885
penches	4962884
remplacait	4962883
soufflent	4962882
falstaff	4962881
zalman	4962880
magogs	4962879
ligotes	4962878
lachement	4962877
paradine	4962876
lascar	4962875
emmenagez	4962874
raph	4962873
rouage	4962872
valerio	4962871
shintaro	4962870
mcveigh	4962869
piney	4962868
indiffere	4962867
zizanie	4962866
fesser	4962865
fool	4962864
futuriste	4962863
gauchere	4962862
seeger	4962861
uri	4962860
stamper	4962859
staples	4962858
interpeller	4962857
protagoniste	4962856
exponentielle	4962855
soulagerait	4962854
composent	4962853
bustier	4962852
echangerai	4962851
enterrons	4962850
clover	4962849
fatigante	4962848
thrones	4962847
chopee	4962846
bangladesh	4962845
decerner	4962844
reparles	4962843
escalante	4962842
ill	4962841
representais	4962840
vulve	4962839
commandante	4962838
ensuive	4962837
portuaire	4962836
probant	4962835
copper	4962834
orientee	4962833
goule	4962832
corners	4962831
pelotage	4962830
etanches	4962829
affligeant	4962828
garnitures	4962827
neuronale	4962826
eclairera	4962825
revenge	4962824
mireille	4962823
oisillon	4962822
californiens	4962821
beans	4962820
surprennent	4962819
malicieux	4962818
renoncera	4962817
cindi	4962816
cryogenique	4962815
livide	4962814
effusions	4962813
atrium	4962812
fugueurs	4962811
ricain	4962810
urquhart	4962809
lad	4962808
instruits	4962807
scream	4962806
orwell	4962805
kin	4962804
blasphemes	4962803
urbaines	4962802
plummer	4962801
dima	4962800
fleischman	4962799
depraves	4962798
sixtine	4962797
fra	4962796
rakka	4962795
claquements	4962794
appuyee	4962793
oppresseurs	4962792
thoreau	4962791
sauron	4962790
vestige	4962789
akio	4962788
dobie	4962787
clins	4962786
tarik	4962785
wembley	4962784
macgruber	4962783
admettent	4962782
contacterons	4962781
mohammad	4962780
deviendraient	4962779
basane	4962778
bougeaient	4962777
cute	4962776
lumpy	4962775
libertin	4962774
condom	4962773
delinquante	4962772
ois	4962771
pingre	4962770
reussisses	4962769
leto	4962768
tiffy	4962767
veen	4962766
mud	4962765
hel	4962764
lago	4962763
sd	4962762
cautions	4962761
animatrice	4962760
insolation	4962759
encerclez	4962758
montero	4962757
janette	4962756
ardue	4962755
toshiko	4962754
gower	4962753
millet	4962752
apprecieraient	4962751
courtage	4962750
akley	4962749
sexys	4962748
honorent	4962747
cassais	4962746
refourguer	4962745
ruan	4962744
chiches	4962743
comportementale	4962742
carbure	4962741
anormales	4962740
lrlandais	4962739
kuroda	4962738
gammee	4962737
epanouissement	4962736
medellin	4962735
consequente	4962734
halen	4962733
boulogne	4962732
urinoirs	4962731
ihab	4962730
dennison	4962729
arrosee	4962728
congestion	4962727
collie	4962726
herzog	4962725
dattes	4962724
chichi	4962723
lauryn	4962722
revetir	4962721
bavasser	4962720
pokemons	4962719
grodd	4962718
windows	4962717
bedaine	4962716
inaudibles	4962715
charognard	4962714
seconder	4962713
humaniste	4962712
osier	4962711
khartoum	4962710
fratrie	4962709
moucharde	4962708
reveillons	4962707
qua	4962706
emmenerons	4962705
taryn	4962704
arena	4962703
activent	4962702
pilori	4962701
hosanna	4962700
doppler	4962699
autumn	4962698
xxl	4962697
plairais	4962696
uta	4962695
rafting	4962694
nickie	4962693
voulus	4962692
emerite	4962691
poussiereuse	4962690
bowery	4962689
ueno	4962688
entretenait	4962687
lris	4962686
necrose	4962685
articuler	4962684
biscotte	4962683
condisciple	4962682
œdipe	4962681
denses	4962680
admirons	4962679
jah	4962678
fiji	4962677
elargis	4962676
sifflez	4962675
pretendons	4962674
hirondelles	4962673
kowloon	4962672
creighton	4962671
synapses	4962670
eclabousser	4962669
roach	4962668
vaginales	4962667
telecoms	4962666
imperialistes	4962665
prefereraient	4962664
saiyan	4962663
diminuera	4962662
ogata	4962661
acierie	4962660
soporifique	4962659
certifiee	4962658
ecourter	4962657
dahmer	4962656
detende	4962655
conventionnels	4962654
opiaces	4962653
grimpes	4962652
declencheurs	4962651
orthopedique	4962650
indochine	4962649
pretentions	4962648
sho	4962647
kiry	4962646
plebe	4962645
revaient	4962644
fenouil	4962643
phelan	4962642
vaincrai	4962641
lamentablement	4962640
lyne	4962639
norad	4962638
roadie	4962637
kimonos	4962636
bidonville	4962635
cafter	4962634
miaule	4962633
construirons	4962632
demeles	4962631
platinum	4962630
ajumma	4962629
inspirations	4962628
demasques	4962627
dements	4962626
approuvera	4962625
fedes	4962624
revoici	4962623
greenfield	4962622
bronzes	4962621
intestinal	4962620
bulbe	4962619
decouvriez	4962618
watching	4962617
whatever	4962616
transitoire	4962615
remplacees	4962614
hera	4962613
romanov	4962612
sergeant	4962611
ecrasait	4962610
jugerez	4962609
jorgen	4962608
elin	4962607
lineu	4962606
fourches	4962605
nono	4962604
gennaro	4962603
antivirus	4962602
innocemment	4962601
begaie	4962600
foulards	4962599
graff	4962598
officer	4962597
mima	4962596
passante	4962595
cocker	4962594
dietz	4962593
decimee	4962592
solidite	4962591
neutralisee	4962590
silhouettes	4962589
contrepoids	4962588
differer	4962587
fontana	4962586
robie	4962585
ridee	4962584
willi	4962583
affolement	4962582
chakra	4962581
starks	4962580
tiner	4962579
substantiel	4962578
ecervele	4962577
etreintes	4962576
evergreen	4962575
automatise	4962574
marbella	4962573
macarons	4962572
enquerir	4962571
bremer	4962570
conceptions	4962569
colmater	4962568
activees	4962567
ramenerez	4962566
tsao	4962565
hermine	4962564
toleree	4962563
oceanique	4962562
graf	4962561
conformes	4962560
jugeait	4962559
malleable	4962558
strudel	4962557
desolant	4962556
damocles	4962555
plasticien	4962554
huckleberry	4962553
yume	4962552
poursuivants	4962551
echardes	4962550
saks	4962549
legislatif	4962548
sortants	4962547
octopus	4962546
presenterais	4962545
riquiqui	4962544
sayoko	4962543
scoliose	4962542
brulantes	4962541
regionaux	4962540
desorientation	4962539
sest	4962538
interviendra	4962537
coltiner	4962536
frappaient	4962535
resolvent	4962534
exprimant	4962533
fructueux	4962532
payeras	4962531
insatisfait	4962530
bartleby	4962529
deblayer	4962528
frankel	4962527
marquait	4962526
yum	4962525
interurbain	4962524
marmonnement	4962523
pitreries	4962522
renifleur	4962521
rafraichis	4962520
hen	4962519
incertitudes	4962518
courut	4962517
sillon	4962516
fureter	4962515
shinobu	4962514
debine	4962513
poivron	4962512
sejalik	4962511
abnegation	4962510
methodiste	4962509
engourdissement	4962508
allaite	4962507
holling	4962506
underzero	4962505
chrysanthemes	4962504
oshima	4962503
notifie	4962502
renforcez	4962501
barometre	4962500
biotechnologie	4962499
dusseldorf	4962498
moyennant	4962497
grattez	4962496
metropolitaine	4962495
uchimoto	4962494
emmele	4962493
chocottes	4962492
edifices	4962491
collaboratrice	4962490
renvoyees	4962489
ephraim	4962488
signerais	4962487
herc	4962486
moururent	4962485
mensuels	4962484
trimbaler	4962483
encourageons	4962482
kidd	4962481
fayeed	4962480
doublons	4962479
promiscuite	4962478
graydon	4962477
asuka	4962476
pisteur	4962475
elogieux	4962474
copieux	4962473
conventionnelles	4962472
tivo	4962471
dez	4962470
corniaud	4962469
merchant	4962468
vaccination	4962467
joufflu	4962466
touchiez	4962465
chirurgicalement	4962464
juni	4962463
demontrent	4962462
rhumes	4962461
declinez	4962460
banquets	4962459
rehabilite	4962458
semonce	4962457
maso	4962456
boreale	4962455
rabin	4962454
homonyme	4962453
rancards	4962452
ites	4962451
vietnamienne	4962450
hocher	4962449
beatriz	4962448
curiosites	4962447
tibetains	4962446
fighters	4962445
gerda	4962444
cezanne	4962443
semtex	4962442
arroseurs	4962441
isaak	4962440
hydre	4962439
melman	4962438
admirables	4962437
lacer	4962436
ship	4962435
ouvrirez	4962434
changeante	4962433
eugen	4962432
holst	4962431
yardley	4962430
taquinais	4962429
fiente	4962428
bukowski	4962427
criera	4962426
manipulait	4962425
entraineuse	4962424
babine	4962423
apr	4962422
boniments	4962421
juana	4962420
rapprochees	4962419
bosworth	4962418
consecration	4962417
affronterai	4962416
compterai	4962415
transferent	4962414
chon	4962413
hammersmith	4962412
composite	4962411
vendront	4962410
encode	4962409
radiateurs	4962408
wooldoor	4962407
larcin	4962406
accompagneront	4962405
corso	4962404
bada	4962403
seems	4962402
alright	4962401
remarqueront	4962400
iliaque	4962399
sterilisation	4962398
opry	4962397
intracranienne	4962396
balancoires	4962395
cosse	4962394
obeirez	4962393
imprimees	4962392
resistait	4962391
amphets	4962390
wax	4962389
admit	4962388
cristiano	4962387
reglos	4962386
yvon	4962385
parcourue	4962384
mandoline	4962383
pasha	4962382
lombardi	4962381
telling	4962380
jima	4962379
jeunette	4962378
operait	4962377
positionne	4962376
gaffney	4962375
epsilon	4962374
carillons	4962373
mudd	4962372
engloutit	4962371
kaleb	4962370
compulsive	4962369
abbs	4962368
reset	4962367
busy	4962366
habitions	4962365
planeur	4962364
finiriez	4962363
astrophysique	4962362
quiproquo	4962361
its	4962360
payante	4962359
peureuse	4962358
rassemblant	4962357
blush	4962356
fantassins	4962355
villeneuve	4962354
epates	4962353
communiquait	4962352
elisha	4962351
palestinienne	4962350
accessoiriste	4962349
sentiriez	4962348
def	4962347
juicy	4962346
muerte	4962345
allumait	4962344
incomprehension	4962343
zu	4962342
spicer	4962341
faucille	4962340
nikos	4962339
ramollit	4962338
machettes	4962337
sulfure	4962336
poignant	4962335
coordonnee	4962334
lamia	4962333
tunis	4962332
amplitude	4962331
vegetalienne	4962330
abdo	4962329
placons	4962328
puritains	4962327
rallonger	4962326
affirmait	4962325
quittaient	4962324
ballets	4962323
gentillement	4962322
affecterait	4962321
jockeys	4962320
hanne	4962319
dispersee	4962318
annonceur	4962317
machinerie	4962316
deveraux	4962315
commanditaires	4962314
objecter	4962313
serpico	4962312
asseye	4962311
kallie	4962310
pirelli	4962309
hochet	4962308
rafraichissante	4962307
auditive	4962306
familiarite	4962305
bruyere	4962304
parkes	4962303
lunaires	4962302
cregg	4962301
socle	4962300
dealeur	4962299
obturateur	4962298
presenteras	4962297
admiree	4962296
pk	4962295
molosse	4962294
npr	4962293
crook	4962292
tamponne	4962291
laxiste	4962290
induction	4962289
tylenol	4962288
amerindiens	4962287
bonn	4962286
retombent	4962285
parlementer	4962284
salto	4962283
berthe	4962282
quelconques	4962281
johansson	4962280
ministeres	4962279
finissiez	4962278
legitimement	4962277
glorifier	4962276
yossi	4962275
mohan	4962274
finaux	4962273
ottoman	4962272
cow	4962271
rangoon	4962270
impartialite	4962269
tantouze	4962268
raccord	4962267
wtc	4962266
testaments	4962265
bassesse	4962264
malignes	4962263
bounty	4962262
arches	4962261
dying	4962260
racontees	4962259
loman	4962258
eunuques	4962257
leonid	4962256
latnok	4962255
deconnectes	4962254
benning	4962253
reiden	4962252
serra	4962251
etudierai	4962250
retribution	4962249
barbante	4962248
inciser	4962247
selleck	4962246
grandeurs	4962245
benef	4962244
fievreuse	4962243
spirales	4962242
mellon	4962241
thorin	4962240
infectieux	4962239
exaucees	4962238
spooner	4962237
valda	4962236
christo	4962235
aruru	4962234
cardiomyopathie	4962233
mensualites	4962232
rally	4962231
reniflement	4962230
reprochait	4962229
diffusees	4962228
nevroses	4962227
ecroulait	4962226
pitance	4962225
suspectent	4962224
cruciaux	4962223
schabbach	4962222
morpion	4962221
deandra	4962220
conciliant	4962219
cedes	4962218
gaspar	4962217
vendras	4962216
crickett	4962215
buren	4962214
inoxydable	4962213
rains	4962212
evaporee	4962211
marsden	4962210
planifiait	4962209
purin	4962208
wilkerson	4962207
pilleur	4962206
visuelles	4962205
coleopteres	4962204
payable	4962203
sycamore	4962202
elroy	4962201
reorganisation	4962200
impudent	4962199
prechez	4962198
ideologique	4962197
mimes	4962196
deboires	4962195
bluffais	4962194
cohue	4962193
simulacre	4962192
brushing	4962191
respectaient	4962190
designent	4962189
hibiscus	4962188
paroxysme	4962187
pestes	4962186
fauteurs	4962185
mousseline	4962184
parvint	4962183
ralentissement	4962182
doucet	4962181
saphirs	4962180
partagerais	4962179
rer	4962178
somewhere	4962177
flannery	4962176
assisterez	4962175
pero	4962174
elanna	4962173
tortionnaire	4962172
singhania	4962171
gagniez	4962170
hibbert	4962169
chorizo	4962168
acerees	4962167
curran	4962166
hillside	4962165
belote	4962164
krokmou	4962163
ricaner	4962162
keri	4962161
tinker	4962160
seahawk	4962159
guenon	4962158
guinevere	4962157
mtac	4962156
fantaisistes	4962155
nomad	4962154
retriever	4962153
kaito	4962152
maldives	4962151
roky	4962150
accablee	4962149
suppliais	4962148
cee	4962147
stormy	4962146
debrouilleras	4962145
versus	4962144
pignons	4962143
accouplent	4962142
tranchante	4962141
minh	4962140
cooperatifs	4962139
tweek	4962138
thin	4962137
ponctuation	4962136
enregistreuse	4962135
visualize	4962134
electorat	4962133
sciuto	4962132
mirroir	4962131
changeriez	4962130
persecutions	4962129
echangeur	4962128
shima	4962127
clements	4962126
gemis	4962125
menteuses	4962124
defiez	4962123
ahjumma	4962122
flexibilite	4962121
conn	4962120
toru	4962119
reincarner	4962118
malotru	4962117
butes	4962116
aline	4962115
tolson	4962114
rotie	4962113
sacrifient	4962112
irresponsabilite	4962111
chataignes	4962110
transgresse	4962109
chesterfield	4962108
beetle	4962107
giordino	4962106
tromperait	4962105
cami	4962104
gonflables	4962103
pavillons	4962102
bleep	4962101
hantees	4962100
meehan	4962099
connivence	4962098
olin	4962097
convertit	4962096
soju	4962095
pendez	4962094
eliminera	4962093
multimillionnaire	4962092
partial	4962091
acrylique	4962090
invocation	4962089
moneypenny	4962088
captent	4962087
hoke	4962086
protagonistes	4962085
reveillerais	4962084
confient	4962083
baum	4962082
articule	4962081
lita	4962080
ponyo	4962079
patchi	4962078
entriez	4962077
pedrosa	4962076
gouvernent	4962075
bradbury	4962074
emo	4962073
minimise	4962072
escroqueries	4962071
tolerera	4962070
cachots	4962069
sasquatch	4962068
whisperer	4962067
chatiments	4962066
jarrod	4962065
svelte	4962064
trouvailles	4962063
garber	4962062
pussycat	4962061
nani	4962060
cyper	4962059
apaisement	4962058
flagstaff	4962057
airways	4962056
propension	4962055
vivaldi	4962054
atteignant	4962053
metronome	4962052
atchoum	4962051
sapes	4962050
apporta	4962049
soutenais	4962048
levon	4962047
history	4962046
deambulateur	4962045
nierait	4962044
watari	4962043
adm	4962042
renaldo	4962041
opposait	4962040
electorales	4962039
rationnellement	4962038
sanae	4962037
durcit	4962036
tennyson	4962035
lorca	4962034
frero	4962033
sax	4962032
conjurer	4962031
tropicaux	4962030
mayumi	4962029
kiku	4962028
hindenburg	4962027
vomissait	4962026
cordy	4962025
jal	4962024
rosso	4962023
polygame	4962022
dormirait	4962021
paranormale	4962020
amuseras	4962019
ussing	4962018
memorables	4962017
assiduite	4962016
ravn	4962015
attitre	4962014
intimidante	4962013
alimentee	4962012
scandaleuses	4962011
dradis	4962010
ecrin	4962009
shishio	4962008
comedy	4962007
discretes	4962006
jambieres	4962005
laiterie	4962004
substantielle	4962003
evasions	4962002
maiitre	4962001
mahalo	4962000
gastronomie	4961999
resteraient	4961998
crissent	4961997
leprechaun	4961996
wasabi	4961995
baladant	4961994
tomoe	4961993
elites	4961992
oyuki	4961991
preferera	4961990
respectiez	4961989
bainbridge	4961988
combinant	4961987
bateman	4961986
synonymes	4961985
throw	4961984
palefrenier	4961983
eonni	4961982
mordred	4961981
animateurs	4961980
aliocha	4961979
claybourne	4961978
aretes	4961977
fol	4961976
lovett	4961975
koi	4961974
desactivation	4961973
roumains	4961972
tamra	4961971
belladone	4961970
shanna	4961969
september	4961968
triangulaire	4961967
ecroulera	4961966
tangente	4961965
craigslist	4961964
mendie	4961963
girardi	4961962
moustiquaire	4961961
rugueux	4961960
legaliser	4961959
jace	4961958
risqueriez	4961957
courbatures	4961956
canneberges	4961955
tempes	4961954
bei	4961953
nyada	4961952
futal	4961951
attentionnes	4961950
annulera	4961949
triangulation	4961948
thackery	4961947
matais	4961946
persistante	4961945
affrontons	4961944
conserverie	4961943
assistons	4961942
carpien	4961941
lorie	4961940
boost	4961939
modo	4961938
tarantino	4961937
tarrant	4961936
redondant	4961935
realisons	4961934
ukulele	4961933
averes	4961932
etourdissements	4961931
batmobile	4961930
renko	4961929
fructifier	4961928
traductrice	4961927
target	4961926
starlette	4961925
aladdin	4961924
veep	4961923
cabarets	4961922
delivres	4961921
chalutier	4961920
indecence	4961919
speck	4961918
deion	4961917
blennorragie	4961916
uhtred	4961915
unicef	4961914
dashwood	4961913
dechirait	4961912
chiaki	4961911
dressez	4961910
ameneront	4961909
coconut	4961908
aleas	4961907
caught	4961906
chasserai	4961905
espinosa	4961904
analysant	4961903
bios	4961902
gert	4961901
gillette	4961900
challenges	4961899
rager	4961898
remit	4961897
clea	4961896
crasseuse	4961895
chausson	4961894
homes	4961893
ruser	4961892
forstman	4961891
anchor	4961890
scies	4961889
plant	4961888
masucci	4961887
juments	4961886
icebergs	4961885
forcats	4961884
travelling	4961883
echangistes	4961882
trafiques	4961881
tannee	4961880
winry	4961879
bisexuelle	4961878
logeait	4961877
chavire	4961876
gigote	4961875
memsahib	4961874
intellectuelles	4961873
craquements	4961872
ecouterons	4961871
diagrammes	4961870
intoxique	4961869
compete	4961868
invivable	4961867
cymbales	4961866
ramollir	4961865
masuka	4961864
otite	4961863
ila	4961862
camel	4961861
yesung	4961860
plut	4961859
marcheras	4961858
prestance	4961857
petait	4961856
cavaler	4961855
epatee	4961854
economiste	4961853
ae	4961852
franchissez	4961851
frampton	4961850
perdraient	4961849
electra	4961848
majestes	4961847
transformees	4961846
subaru	4961845
brinkley	4961844
ani	4961843
accompagnateur	4961842
desi	4961841
kettle	4961840
ingenue	4961839
fondes	4961838
cresus	4961837
lagune	4961836
poesies	4961835
vir	4961834
eviterai	4961833
ecouterez	4961832
omer	4961831
omec	4961830
engrosse	4961829
alteree	4961828
warlow	4961827
tournerai	4961826
prosterner	4961825
filip	4961824
angoisser	4961823
allegee	4961822
scoubidou	4961821
riton	4961820
chanteront	4961819
caulfield	4961818
chamallow	4961817
ultraviolets	4961816
effie	4961815
itunes	4961814
suri	4961813
forestiers	4961812
helvetica	4961811
injectez	4961810
desorganise	4961809
saindoux	4961808
butoir	4961807
acclamer	4961806
intriguant	4961805
recoupe	4961804
executive	4961803
bouchard	4961802
nichol	4961801
supplient	4961800
revends	4961799
reapprovisionner	4961798
diams	4961797
timo	4961796
superbowl	4961795
plaisaient	4961794
mana	4961793
ambroisie	4961792
irreparables	4961791
allechant	4961790
publient	4961789
tenaces	4961788
piet	4961787
koenig	4961786
clio	4961785
riverdale	4961784
traveler	4961783
perfidie	4961782
confirmeront	4961781
riot	4961780
dubenko	4961779
greeley	4961778
echangees	4961777
eprouvette	4961776
astronef	4961775
similitude	4961774
courier	4961773
vegetaux	4961772
consterne	4961771
vassar	4961770
minnelli	4961769
metcalfe	4961768
baissera	4961767
bronche	4961766
zelenka	4961765
whoopi	4961764
tosca	4961763
few	4961762
dangeureux	4961761
playback	4961760
newlin	4961759
paperasses	4961758
tullius	4961757
protegerons	4961756
stace	4961755
assaisonnement	4961754
flashback	4961753
electrochoc	4961752
tromperies	4961751
wire	4961750
putrefaction	4961749
stabilisation	4961748
tracassin	4961747
meo	4961746
pepiniere	4961745
operas	4961744
recevrons	4961743
daph	4961742
quaker	4961741
equestre	4961740
remettant	4961739
inscrites	4961738
archet	4961737
hoss	4961736
lander	4961735
alaikum	4961734
obscurcit	4961733
symbolisent	4961732
rions	4961731
roumaine	4961730
versees	4961729
poutine	4961728
bolo	4961727
wedding	4961726
inquietiez	4961725
contribuent	4961724
capturez	4961723
joules	4961722
sidle	4961721
partagees	4961720
balafre	4961719
tenaille	4961718
londoniens	4961717
detendra	4961716
manigancer	4961715
discredite	4961714
alcootest	4961713
infidelites	4961712
flasher	4961711
effrayees	4961710
dakara	4961709
venitien	4961708
bruleur	4961707
cerbere	4961706
paracetamol	4961705
vivienne	4961704
traducteurs	4961703
bouffez	4961702
reconnaitriez	4961701
copacabana	4961700
bavette	4961699
transportaient	4961698
kojak	4961697
bruyantes	4961696
mafioso	4961695
brixton	4961694
cultivateur	4961693
deniz	4961692
walls	4961691
deer	4961690
vergers	4961689
ultrason	4961688
knightmare	4961687
defaillante	4961686
gauss	4961685
tracassait	4961684
jugeant	4961683
traquez	4961682
combattus	4961681
krumitz	4961680
vika	4961679
nodules	4961678
ulterieurement	4961677
hydravion	4961676
couillu	4961675
sla	4961674
zarek	4961673
amidala	4961672
filee	4961671
peyotl	4961670
kovak	4961669
prouvait	4961668
oliviers	4961667
pounds	4961666
mononucleose	4961665
israelites	4961664
iota	4961663
pretextant	4961662
sacrifiees	4961661
consideraient	4961660
burin	4961659
crado	4961658
nog	4961657
moliere	4961656
apparaissez	4961655
surmontera	4961654
banzai	4961653
mannion	4961652
rationner	4961651
brumes	4961650
weird	4961649
viet	4961648
galas	4961647
residant	4961646
gerable	4961645
mardle	4961644
sevrer	4961643
lahiri	4961642
orrin	4961641
pochettes	4961640
pinard	4961639
wheel	4961638
saab	4961637
jimenez	4961636
tapioca	4961635
balayes	4961634
peruvien	4961633
commeres	4961632
degeu	4961631
charitables	4961630
seefra	4961629
quinine	4961628
corsaire	4961627
consuela	4961626
sats	4961625
pad	4961624
seropositive	4961623
signons	4961622
tendant	4961621
ellington	4961620
imprimantes	4961619
gregorio	4961618
snif	4961617
chiyo	4961616
derice	4961615
witherspoon	4961614
resnick	4961613
rhetta	4961612
inchange	4961611
deplacons	4961610
enigma	4961609
shizuku	4961608
surveilliez	4961607
samy	4961606
incontinence	4961605
paleur	4961604
voguer	4961603
prady	4961602
saheb	4961601
sophistication	4961600
touffu	4961599
instar	4961598
niaise	4961597
longworth	4961596
golgi	4961595
torturees	4961594
annihiler	4961593
acheterez	4961592
discutaient	4961591
suits	4961590
soussigne	4961589
sikes	4961588
cession	4961587
vidant	4961586
ambigue	4961585
rappliquent	4961584
promptement	4961583
gettin	4961582
animees	4961581
instructeurs	4961580
urgentistes	4961579
realiserez	4961578
recouvertes	4961577
ahab	4961576
orchestra	4961575
depouilles	4961574
scarsdale	4961573
rangerai	4961572
medici	4961571
macchiato	4961570
noches	4961569
atlantide	4961568
bouillabaisse	4961567
beaujolais	4961566
cosimo	4961565
bok	4961564
croqueuse	4961563
entremetteur	4961562
defaillances	4961561
dianne	4961560
admises	4961559
marjee	4961558
degarni	4961557
ieyasu	4961556
oda	4961555
endormira	4961554
pei	4961553
injectee	4961552
tendait	4961551
accomplisse	4961550
beatty	4961549
descendrais	4961548
enrobe	4961547
enraye	4961546
axis	4961545
lascars	4961544
literie	4961543
influer	4961542
naevia	4961541
agissiez	4961540
charnelle	4961539
redemanderai	4961538
mert	4961537
plum	4961536
guilford	4961535
england	4961534
codee	4961533
conduiront	4961532
ancree	4961531
analyseur	4961530
nails	4961529
rouillees	4961528
occulteur	4961527
tonus	4961526
oula	4961525
bisque	4961524
intimides	4961523
lenoir	4961522
harbin	4961521
musc	4961520
surprenantes	4961519
vra	4961518
rawlins	4961517
reaffecte	4961516
paddington	4961515
hypothalamus	4961514
floral	4961513
ashe	4961512
ruinees	4961511
syndicaliste	4961510
ajustez	4961509
suge	4961508
bubby	4961507
fougere	4961506
toxicomanes	4961505
vomissent	4961504
fitzroy	4961503
spartan	4961502
models	4961501
electrogene	4961500
poppers	4961499
placera	4961498
raine	4961497
racer	4961496
piou	4961495
peignes	4961494
xl	4961493
epicees	4961492
peignoirs	4961491
enfermement	4961490
lisible	4961489
euphemia	4961488
begue	4961487
jadzia	4961486
maitrisent	4961485
intuitive	4961484
ricin	4961483
jarrett	4961482
troubadour	4961481
ogm	4961480
fluffy	4961479
bonanza	4961478
jamaicaine	4961477
attouchements	4961476
impatientent	4961475
dilate	4961474
iono	4961473
takuya	4961472
revela	4961471
soignerai	4961470
publiera	4961469
desdemone	4961468
wellesley	4961467
reparees	4961466
ritsuko	4961465
ware	4961464
spiller	4961463
tilly	4961462
optimale	4961461
shreveport	4961460
annexes	4961459
seki	4961458
ner	4961457
empieter	4961456
bouclage	4961455
fortifiee	4961454
amniotique	4961453
ariana	4961452
chief	4961451
kia	4961450
lar	4961449
zacharie	4961448
kinsella	4961447
darrel	4961446
nasedo	4961445
satoru	4961444
mander	4961443
amers	4961442
pincus	4961441
souffriez	4961440
frimousse	4961439
renoncerais	4961438
localisateur	4961437
zipper	4961436
brutalise	4961435
favelas	4961434
concierges	4961433
fleetwood	4961432
assignations	4961431
airai	4961430
mcconaughey	4961429
demenageur	4961428
lessing	4961427
tractions	4961426
echangera	4961425
resplendissant	4961424
cageot	4961423
dir	4961422
desequilibree	4961421
divorcez	4961420
munoz	4961419
retrouvaient	4961418
punirai	4961417
accelerent	4961416
gondo	4961415
racontaient	4961414
cooter	4961413
rumplestiltskin	4961412
negligez	4961411
fayot	4961410
fourgue	4961409
maladif	4961408
tweete	4961407
molloy	4961406
grandisses	4961405
moderement	4961404
schumacher	4961403
tremblote	4961402
garda	4961401
sucant	4961400
contessa	4961399
indiscrets	4961398
valmont	4961397
patauger	4961396
rigides	4961395
kagan	4961394
krull	4961393
jango	4961392
depassera	4961391
bougeront	4961390
rather	4961389
obtiennes	4961388
tamponner	4961387
communautaires	4961386
deconnent	4961385
oree	4961384
wine	4961383
riario	4961382
theory	4961381
craquait	4961380
imposez	4961379
dessouler	4961378
hawkeye	4961377
albinou	4961376
mecreants	4961375
disparaisses	4961374
illumines	4961373
timonier	4961372
tamales	4961371
uncle	4961370
citerai	4961369
dechargee	4961368
chatains	4961367
aiguillage	4961366
televises	4961365
stoolbend	4961364
godard	4961363
descendront	4961362
enfoiree	4961361
arbustes	4961360
sylvestre	4961359
futilite	4961358
needles	4961357
lasagne	4961356
regit	4961355
hon	4961354
mastercard	4961353
ratatouille	4961352
desinformation	4961351
falafel	4961350
latins	4961349
yoichi	4961348
explicites	4961347
amico	4961346
negociera	4961345
crut	4961344
textiles	4961343
dori	4961342
rosalia	4961341
degagees	4961340
fabriquons	4961339
armin	4961338
whiskys	4961337
editer	4961336
roupiller	4961335
tracker	4961334
marilla	4961333
monterez	4961332
eparpillees	4961331
illusionniste	4961330
goodrich	4961329
vacherie	4961328
gammes	4961327
trimble	4961326
saskia	4961325
mitrailleur	4961324
kazuko	4961323
grrr	4961322
ouvrirons	4961321
kasumi	4961320
passionnantes	4961319
keefer	4961318
pleuvent	4961317
rahel	4961316
exprimez	4961315
privations	4961314
rayonner	4961313
dena	4961312
semak	4961311
mamours	4961310
doctorats	4961309
maladive	4961308
brillaient	4961307
decepticons	4961306
superflue	4961305
forcat	4961304
niquee	4961303
toutim	4961302
intuitif	4961301
amarrer	4961300
parut	4961299
creancier	4961298
hermaphrodite	4961297
perseverant	4961296
mauser	4961295
izumo	4961294
noiraud	4961293
sorrento	4961292
faisans	4961291
eren	4961290
achetaient	4961289
renaux	4961288
mah	4961287
rapprochant	4961286
dress	4961285
yelp	4961284
fergie	4961283
conjonction	4961282
baissees	4961281
bandant	4961280
orhan	4961279
bastogne	4961278
existante	4961277
coltrane	4961276
totallement	4961275
arrangeant	4961274
renversez	4961273
chaperons	4961272
naoki	4961271
brotherhood	4961270
gallon	4961269
confidente	4961268
dating	4961267
ergo	4961266
crusher	4961265
reveilla	4961264
acclamation	4961263
ragot	4961262
trichent	4961261
remportent	4961260
jeguk	4961259
souleves	4961258
appelerais	4961257
beals	4961256
ilot	4961255
lez	4961254
emmenagent	4961253
orpheus	4961252
recentrer	4961251
deleuvre	4961250
lotions	4961249
aerospatiale	4961248
nissan	4961247
noni	4961246
acquittee	4961245
embarrassez	4961244
padma	4961243
medford	4961242
desserre	4961241
seem	4961240
birdyben	4961239
desastreuses	4961238
inaction	4961237
healer	4961236
repondrons	4961235
signerez	4961234
marcherons	4961233
respectabilite	4961232
rectifie	4961231
gracier	4961230
vignobles	4961229
agitees	4961228
crachats	4961227
utopia	4961226
brevete	4961225
polanski	4961224
innee	4961223
maho	4961222
manchu	4961221
ugo	4961220
cheminot	4961219
waikiki	4961218
tetards	4961217
ginko	4961216
saborder	4961215
evadee	4961214
huston	4961213
elektra	4961212
brix	4961211
cigognes	4961210
piron	4961209
anarchy	4961208
inexorablement	4961207
tetsuo	4961206
danson	4961205
reconstruite	4961204
laissions	4961203
maigret	4961202
natte	4961201
gedeon	4961200
otomo	4961199
felt	4961198
rub	4961197
eprouvait	4961196
trefles	4961195
patissiere	4961194
appetissante	4961193
faro	4961192
recueillis	4961191
paquin	4961190
eclairez	4961189
boueuse	4961188
negliges	4961187
fanatisme	4961186
pretrise	4961185
plateformes	4961184
refuserai	4961183
fondus	4961182
varices	4961181
pzs	4961180
marky	4961179
acidite	4961178
clotilde	4961177
clot	4961176
bichonner	4961175
convives	4961174
voues	4961173
payerait	4961172
realisable	4961171
chaucer	4961170
sign	4961169
lamente	4961168
obstines	4961167
albrecht	4961166
exhumation	4961165
angry	4961164
expliquee	4961163
ehonte	4961162
treblinka	4961161
opulence	4961160
rafraichi	4961159
redorer	4961158
regarderons	4961157
maches	4961156
deo	4961155
gna	4961154
baratheon	4961153
breath	4961152
philippine	4961151
biscayne	4961150
flasques	4961149
emmanuelle	4961148
centaures	4961147
stas	4961146
generent	4961145
osmose	4961144
enfanter	4961143
survol	4961142
roulants	4961141
transfusions	4961140
shame	4961139
fumaient	4961138
filais	4961137
reena	4961136
eucalyptus	4961135
crachant	4961134
importateur	4961133
indetermine	4961132
repetera	4961131
tessie	4961130
varick	4961129
noyait	4961128
melina	4961127
dilapide	4961126
privant	4961125
yak	4961124
leny	4961123
barnabe	4961122
becks	4961121
attrappe	4961120
bouleau	4961119
tournages	4961118
metrique	4961117
bandeaux	4961116
inhibiteurs	4961115
racontars	4961114
gueries	4961113
receviez	4961112
endettes	4961111
reduise	4961110
seduisantes	4961109
dechainent	4961108
ishval	4961107
toda	4961106
clavo	4961105
subissait	4961104
liront	4961103
fork	4961102
juteuses	4961101
exuberant	4961100
mcmartin	4961099
allenby	4961098
crush	4961097
droguais	4961096
defcon	4961095
hourrah	4961094
intendante	4961093
yosemite	4961092
eminem	4961091
academiques	4961090
carcetti	4961089
desapprobation	4961088
mickael	4961087
belzebuth	4961086
campent	4961085
fuira	4961084
epilogue	4961083
prevoyance	4961082
comet	4961081
kebabs	4961080
patagonie	4961079
acheteuse	4961078
sirotant	4961077
mollusque	4961076
plongeons	4961075
mitsuru	4961074
estjamais	4961073
dormis	4961072
mulets	4961071
recevaient	4961070
courbure	4961069
mayweather	4961068
gamineries	4961067
raccommoder	4961066
chansonnette	4961065
coincent	4961064
satisfera	4961063
dmitry	4961062
brisbane	4961061
enfante	4961060
confinee	4961059
toiture	4961058
deguste	4961057
abominations	4961056
rad	4961055
ecouteur	4961054
cryptee	4961053
voyeurisme	4961052
herrera	4961051
moufles	4961050
morita	4961049
wolfram	4961048
couvrons	4961047
moves	4961046
benz	4961045
perches	4961044
monocle	4961043
tibias	4961042
volcaniques	4961041
lemmy	4961040
chenal	4961039
exceller	4961038
deadwood	4961037
gonorrhee	4961036
denude	4961035
suey	4961034
noon	4961033
experimentaux	4961032
reactive	4961031
alena	4961030
charcuter	4961029
geordi	4961028
appuierai	4961027
darkseid	4961026
classeurs	4961025
couvrirait	4961024
suspendez	4961023
volga	4961022
mmhmm	4961021
reparais	4961020
guerirai	4961019
ondine	4961018
bower	4961017
cosme	4961016
edredon	4961015
write	4961014
coles	4961013
malbouffe	4961012
influente	4961011
accompagniez	4961010
monopolise	4961009
evey	4961008
blancheur	4961007
ecrivaient	4961006
manifestes	4961005
warm	4961004
baraquement	4961003
satisfais	4961002
halliburton	4961001
transgressions	4961000
rivalites	4960999
petrovitch	4960998
built	4960997
schaefer	4960996
epousait	4960995
divaguer	4960994
coventry	4960993
begin	4960992
bacteriologique	4960991
tapoter	4960990
faisceaux	4960989
arm	4960988
mohinder	4960987
tourelles	4960986
engueulait	4960985
trigonometrie	4960984
finish	4960983
terriennes	4960982
strasbourg	4960981
silky	4960980
chain	4960979
trickster	4960978
radoter	4960977
tungstene	4960976
validation	4960975
frictions	4960974
visse	4960973
faineante	4960972
kati	4960971
plumage	4960970
monahan	4960969
deche	4960968
veracruz	4960967
barnum	4960966
condamnera	4960965
guettent	4960964
acme	4960963
divas	4960962
perces	4960961
sedition	4960960
dialoguer	4960959
asocial	4960958
gombo	4960957
circulait	4960956
buckland	4960955
poor	4960954
sanctuaires	4960953
maximal	4960952
tries	4960951
sembla	4960950
achevement	4960949
dilue	4960948
holi	4960947
janko	4960946
festoyer	4960945
fuseau	4960944
youth	4960943
economiquement	4960942
siphon	4960941
whitlock	4960940
filigrane	4960939
treadwell	4960938
rejoigniez	4960937
jovial	4960936
livrons	4960935
avariee	4960934
insondable	4960933
etrangles	4960932
issa	4960931
travailleuses	4960930
marxiste	4960929
dinky	4960928
kino	4960927
oyster	4960926
mcintyre	4960925
gouda	4960924
advil	4960923
tumbleweed	4960922
badaboum	4960921
urologue	4960920
imites	4960919
gut	4960918
retors	4960917
commodites	4960916
persistent	4960915
tarin	4960914
agua	4960913
mageste	4960912
orignal	4960911
jaulin	4960910
adela	4960909
datait	4960908
honeybunny	4960907
biographe	4960906
espionnee	4960905
forestiere	4960904
canaveral	4960903
recuperais	4960902
gluante	4960901
questionnee	4960900
myocarde	4960899
diddy	4960898
transistor	4960897
perverses	4960896
sosuke	4960895
ringer	4960894
exercee	4960893
persistes	4960892
mesquins	4960891
tva	4960890
buses	4960889
rafistoler	4960888
pourvous	4960887
kaz	4960886
gatorade	4960885
deconcentrer	4960884
showtime	4960883
takako	4960882
repens	4960881
rudo	4960880
perversions	4960879
crin	4960878
deciderons	4960877
tico	4960876
rectangle	4960875
baymax	4960874
izawa	4960873
runs	4960872
orthopediste	4960871
entreposer	4960870
rotations	4960869
garees	4960868
creches	4960867
aahh	4960866
solaris	4960865
maciste	4960864
peroxyde	4960863
assiegee	4960862
bm	4960861
modestement	4960860
harceleuse	4960859
dragees	4960858
zajac	4960857
irreprochables	4960856
invalides	4960855
aiguises	4960854
delancey	4960853
crater	4960852
quadrillage	4960851
welsh	4960850
tiff	4960849
distribuees	4960848
incisives	4960847
minas	4960846
ecoulent	4960845
assembles	4960844
transforma	4960843
habiterai	4960842
theoreme	4960841
scalpels	4960840
affilie	4960839
ansel	4960838
schilling	4960837
existantes	4960836
voyelle	4960835
heston	4960834
soulard	4960833
iranienne	4960832
bullshit	4960831
bolus	4960830
vot	4960829
craintif	4960828
stoke	4960827
disciplines	4960826
ryuuji	4960825
saeba	4960824
chouia	4960823
superviseurs	4960822
dopage	4960821
subsistance	4960820
innovations	4960819
triathlon	4960818
dechargement	4960817
douairiere	4960816
panisse	4960815
chahuter	4960814
eradique	4960813
colporteur	4960812
ramassais	4960811
enfume	4960810
photocopier	4960809
circulaires	4960808
dawg	4960807
endormait	4960806
natsuki	4960805
urbains	4960804
serves	4960803
attraperons	4960802
examinateur	4960801
hin	4960800
recompensera	4960799
harmonique	4960798
palermo	4960797
fadaises	4960796
emise	4960795
gravity	4960794
sarrasin	4960793
concevable	4960792
defaillir	4960791
methodologie	4960790
eliminent	4960789
bookman	4960788
rictus	4960787
incarcerer	4960786
vasculaires	4960785
entremetteuse	4960784
repertories	4960783
feline	4960782
encyclopedies	4960781
auda	4960780
bamboula	4960779
lorenz	4960778
savoureuse	4960777
souffrirez	4960776
glissade	4960775
oss	4960774
souteneur	4960773
ioi	4960772
chato	4960771
heterosexuels	4960770
incommensurable	4960769
produisit	4960768
lø	4960767
fuego	4960766
ricki	4960765
transgresser	4960764
gerants	4960763
therapeutiques	4960762
rassemblait	4960761
ahhhh	4960760
maja	4960759
expedies	4960758
alcoolos	4960757
putt	4960756
transpirant	4960755
inespere	4960754
huppe	4960753
africa	4960752
christoph	4960751
posa	4960750
egorgee	4960749
lingot	4960748
claypool	4960747
debandade	4960746
engeance	4960745
wolves	4960744
mink	4960743
rotor	4960742
mobilises	4960741
cuis	4960740
rejoignant	4960739
madigan	4960738
exercez	4960737
sixers	4960736
investissez	4960735
mathematiciens	4960734
affections	4960733
coppola	4960732
percent	4960731
tchaikovski	4960730
clito	4960729
zoomez	4960728
tenterais	4960727
rist	4960726
binky	4960725
diseuse	4960724
narval	4960723
pulp	4960722
devdas	4960721
brea	4960720
vengeurs	4960719
esquinte	4960718
subversif	4960717
proton	4960716
chicane	4960715
verden	4960714
specialisation	4960713
alcoolisees	4960712
benies	4960711
nuira	4960710
ballerines	4960709
adouci	4960708
poseurs	4960707
chastity	4960706
debiner	4960705
ddass	4960704
barbosa	4960703
perchee	4960702
quintana	4960701
braithwaite	4960700
inaugure	4960699
incorporation	4960698
vieillot	4960697
recouvrait	4960696
peremption	4960695
fessiers	4960694
correspondrait	4960693
fake	4960692
parn	4960691
flattes	4960690
desirant	4960689
mccormack	4960688
livingstone	4960687
collagene	4960686
already	4960685
kolia	4960684
edit	4960683
drastique	4960682
trompera	4960681
petrifiee	4960680
cappella	4960679
gordie	4960678
carpette	4960677
quarter	4960676
edifiant	4960675
hiromasa	4960674
accrochais	4960673
hamecons	4960672
exhibitionnisme	4960671
delirants	4960670
apaisee	4960669
possessive	4960668
perth	4960667
demenagera	4960666
synchronisee	4960665
nin	4960664
flagg	4960663
ishihara	4960662
petitions	4960661
survet	4960660
ajourne	4960659
someday	4960658
xy	4960657
spokane	4960656
defaitiste	4960655
avenant	4960654
fryer	4960653
descendiez	4960652
escarpins	4960651
gemmes	4960650
isao	4960649
empathique	4960648
means	4960647
mentira	4960646
accapare	4960645
agree	4960644
gymnastes	4960643
bumpy	4960642
arrhes	4960641
desquelles	4960640
boel	4960639
vineyard	4960638
spoon	4960637
trees	4960636
deals	4960635
fusiliers	4960634
creveras	4960633
raki	4960632
argon	4960631
ressentis	4960630
metaphorique	4960629
mauro	4960628
mangions	4960627
witness	4960626
trompettiste	4960625
dinerons	4960624
citadine	4960623
player	4960622
cotisation	4960621
stasi	4960620
manly	4960619
malaises	4960618
souffraient	4960617
riesen	4960616
divergence	4960615
sudoku	4960614
lavera	4960613
captaine	4960612
epanoui	4960611
nunez	4960610
saccagee	4960609
chug	4960608
stupidites	4960607
broussailles	4960606
dotty	4960605
stockees	4960604
cracheur	4960603
bitosse	4960602
luminol	4960601
corrobore	4960600
naboo	4960599
lnutile	4960598
additionne	4960597
syed	4960596
monterait	4960595
ombrage	4960594
relatifs	4960593
professionel	4960592
contaminees	4960591
tapote	4960590
katsuragi	4960589
lechent	4960588
engrossee	4960587
arteriel	4960586
hwa	4960585
pizarro	4960584
fioritures	4960583
bles	4960582
territoriales	4960581
fairy	4960580
saku	4960579
punies	4960578
cavendish	4960577
automobilistes	4960576
shimmer	4960575
mentors	4960574
ressuscitee	4960573
dyer	4960572
answer	4960571
discutiez	4960570
yannick	4960569
contredisent	4960568
flotteur	4960567
reducteur	4960566
ferraro	4960565
trubel	4960564
apportaient	4960563
gottfried	4960562
rompues	4960561
rigolant	4960560
telegraph	4960559
terminaux	4960558
formels	4960557
enchiladas	4960556
bovary	4960555
meticuleuse	4960554
effendi	4960553
autochtone	4960552
kirara	4960551
memory	4960550
inacceptables	4960549
scrupuleux	4960548
laguardia	4960547
orly	4960546
lessives	4960545
fouineurs	4960544
agonisant	4960543
accalmie	4960542
attendues	4960541
renaitra	4960540
couchettes	4960539
nakada	4960538
lugo	4960537
kendo	4960536
rosetta	4960535
denouer	4960534
bernardino	4960533
respirable	4960532
autours	4960531
kiyokawa	4960530
coraux	4960529
woodley	4960528
obligerait	4960527
chevronne	4960526
fachees	4960525
crevaison	4960524
reddick	4960523
proposera	4960522
treat	4960521
smokings	4960520
gazelles	4960519
delorean	4960518
affiliation	4960517
enroulee	4960516
ecartent	4960515
essayages	4960514
mecha	4960513
kutner	4960512
echolls	4960511
glorieuses	4960510
brulerez	4960509
neurale	4960508
gusteau	4960507
eclosent	4960506
hindley	4960505
hao	4960504
mba	4960503
candyman	4960502
avengers	4960501
vigoureuse	4960500
gauthier	4960499
strass	4960498
rocheux	4960497
pivoine	4960496
dillard	4960495
detracteurs	4960494
gousset	4960493
shalu	4960492
craquante	4960491
shootee	4960490
attendit	4960489
umh	4960488
intestinaux	4960487
bielorussie	4960486
tint	4960485
blondinette	4960484
brouillent	4960483
transparents	4960482
collector	4960481
veu	4960480
jurys	4960479
finissaient	4960478
swami	4960477
pourritures	4960476
gabarit	4960475
allechante	4960474
creusee	4960473
maintiendra	4960472
hyperventilation	4960471
broussard	4960470
pleurnicheuse	4960469
liqueurs	4960468
pirouettes	4960467
avouerai	4960466
titularisation	4960465
gres	4960464
confiseries	4960463
griswold	4960462
perturbateur	4960461
craigniez	4960460
pissenlit	4960459
asseyant	4960458
bellini	4960457
baltique	4960456
goonies	4960455
hornet	4960454
sheen	4960453
antisocial	4960452
atrophie	4960451
arbitrer	4960450
tangue	4960449
zlotys	4960448
competiteur	4960447
cui	4960446
metas	4960445
tosaka	4960444
calomnier	4960443
forks	4960442
charpentiers	4960441
materialiser	4960440
imaginable	4960439
postees	4960438
enterrait	4960437
telecommunications	4960436
creverai	4960435
turnbull	4960434
mizushima	4960433
preferaient	4960432
ukrainiens	4960431
pistonne	4960430
cathedrales	4960429
rejetant	4960428
logez	4960427
spivak	4960426
cajoler	4960425
worthington	4960424
reduirai	4960423
mecreant	4960422
kohler	4960421
galahad	4960420
branco	4960419
fofolle	4960418
repandues	4960417
dinais	4960416
armenienne	4960415
byrnes	4960414
coureuse	4960413
demesuree	4960412
exsanguination	4960411
miaulement	4960410
esquives	4960409
infaisable	4960408
supernatural	4960407
consideriez	4960406
conspirateur	4960405
prolifique	4960404
tawney	4960403
psychisme	4960402
fortifie	4960401
flavius	4960400
pachinko	4960399
sonic	4960398
gottlieb	4960397
obeissait	4960396
pessimisme	4960395
negocies	4960394
vii	4960393
palliatifs	4960392
tops	4960391
salamandre	4960390
norwood	4960389
desapprouvez	4960388
dachau	4960387
pindar	4960386
collectivite	4960385
lahore	4960384
dou	4960383
lupita	4960382
trottinette	4960381
rechapper	4960380
homophobie	4960379
toxic	4960378
ler	4960377
pressait	4960376
imperialiste	4960375
bram	4960374
hubbell	4960373
escortera	4960372
atteignez	4960371
clavecin	4960370
lacrymogenes	4960369
quies	4960368
gagnaient	4960367
bwana	4960366
bigweld	4960365
rajesh	4960364
debiteur	4960363
franches	4960362
etonnera	4960361
cypres	4960360
fahrenheit	4960359
civic	4960358
enfermera	4960357
aphasie	4960356
dalila	4960355
amina	4960354
endormies	4960353
enviable	4960352
deroutante	4960351
kasher	4960350
ducks	4960349
voleuses	4960348
pineda	4960347
atours	4960346
famous	4960345
swinguer	4960344
croustillante	4960343
slava	4960342
repreniez	4960341
manipulez	4960340
souciera	4960339
abjecte	4960338
enfles	4960337
shredder	4960336
continentale	4960335
deficient	4960334
brisait	4960333
nicks	4960332
teal	4960331
discipliner	4960330
emili	4960329
knees	4960328
reading	4960327
boirait	4960326
romulus	4960325
bureaucratique	4960324
usent	4960323
grimaldi	4960322
loques	4960321
mito	4960320
geo	4960319
sommelier	4960318
inexplique	4960317
supergirl	4960316
autoportrait	4960315
predisent	4960314
pugsley	4960313
retrospectivement	4960312
soulevant	4960311
hesiterait	4960310
wizard	4960309
dessinent	4960308
faussaires	4960307
deplacera	4960306
ivanov	4960305
airelles	4960304
importes	4960303
pinkman	4960302
dejeunera	4960301
cocotier	4960300
frileux	4960299
hogg	4960298
corresponds	4960297
cognant	4960296
levrier	4960295
plairont	4960294
figgins	4960293
folks	4960292
precipitons	4960291
autodidacte	4960290
glaber	4960289
cautionne	4960288
sauterait	4960287
habitera	4960286
rasent	4960285
psychotropes	4960284
holtz	4960283
mchugh	4960282
rossiu	4960281
protons	4960280
eclata	4960279
essaierez	4960278
redirige	4960277
recopier	4960276
affligee	4960275
pecule	4960274
koda	4960273
lymphocytes	4960272
inattention	4960271
hickory	4960270
repechage	4960269
freed	4960268
deandre	4960267
micha	4960266
jiao	4960265
pulsar	4960264
relec	4960263
mccrae	4960262
sumida	4960261
cori	4960260
kmetko	4960259
runway	4960258
fruite	4960257
doleances	4960256
crateres	4960255
malory	4960254
baignee	4960253
indispose	4960252
millar	4960251
twa	4960250
hoff	4960249
reykjavik	4960248
chirac	4960247
hendrick	4960246
morrigan	4960245
moonlight	4960244
lazar	4960243
coldplay	4960242
etouffez	4960241
safety	4960240
ecrous	4960239
greed	4960238
debarrassent	4960237
desordonnee	4960236
echoppe	4960235
roulaient	4960234
agustina	4960233
symetriques	4960232
empestes	4960231
mahatma	4960230
darmody	4960229
gosling	4960228
greggs	4960227
fujita	4960226
kikuko	4960225
demissionnerai	4960224
penner	4960223
inegal	4960222
outrepasser	4960221
sortiraient	4960220
embrassiez	4960219
termina	4960218
annulerai	4960217
demembrer	4960216
residentielle	4960215
automate	4960214
feries	4960213
irradie	4960212
mandate	4960211
sollicitation	4960210
fletan	4960209
ennuierais	4960208
amputee	4960207
guadalajara	4960206
eternise	4960205
crudites	4960204
condamnant	4960203
farsi	4960202
constitutionnels	4960201
survenus	4960200
occulter	4960199
faon	4960198
traversaient	4960197
exquises	4960196
taiaut	4960195
mowgli	4960194
rockland	4960193
involontaires	4960192
complements	4960191
resignation	4960190
entiche	4960189
triomphes	4960188
taffy	4960187
quandje	4960186
rabbins	4960185
caressait	4960184
retrouvions	4960183
kasim	4960182
debby	4960181
nini	4960180
peeta	4960179
mykes	4960178
existants	4960177
ledit	4960176
environnementaux	4960175
accidentee	4960174
dickson	4960173
eblouit	4960172
decathlon	4960171
wat	4960170
roseau	4960169
etourdissement	4960168
complotez	4960167
hausser	4960166
enviais	4960165
harrisburg	4960164
lethargique	4960163
helo	4960162
capturent	4960161
cybercafe	4960160
engueulent	4960159
enceint	4960158
executent	4960157
chronologique	4960156
pousserai	4960155
kittredge	4960154
mitchel	4960153
mathews	4960152
aveuglant	4960151
consacres	4960150
chassaient	4960149
jacquou	4960148
kadhafi	4960147
mitrale	4960146
nomar	4960145
etrangete	4960144
ramena	4960143
menem	4960142
eyal	4960141
synchronises	4960140
dispos	4960139
purificateur	4960138
chaim	4960137
fichiez	4960136
minimal	4960135
semblons	4960134
malakal	4960133
regate	4960132
impolis	4960131
survivons	4960130
tabloid	4960129
rodait	4960128
ina	4960127
za	4960126
sets	4960125
shahir	4960124
extorque	4960123
malveillante	4960122
emblematique	4960121
brunel	4960120
rickie	4960119
defigurer	4960118
bichon	4960117
argentes	4960116
calmerait	4960115
peiner	4960114
fibrose	4960113
predisposition	4960112
hasardeux	4960111
enrichissante	4960110
refute	4960109
nommerai	4960108
filmais	4960107
accomplira	4960106
triumvirat	4960105
entretues	4960104
boers	4960103
choisiront	4960102
allumant	4960101
enfreignez	4960100
preeti	4960099
enfuyais	4960098
archipel	4960097
clearwater	4960096
lysias	4960095
vendrez	4960094
propofol	4960093
barba	4960092
simona	4960091
molaires	4960090
trichait	4960089
pimbeche	4960088
horizontales	4960087
odell	4960086
departager	4960085
clipper	4960084
nsc	4960083
woof	4960082
loved	4960081
pelleteuse	4960080
boutonner	4960079
pissez	4960078
heurtent	4960077
twitch	4960076
beche	4960075
nesbitt	4960074
evanouissent	4960073
lucienne	4960072
desinvolture	4960071
wham	4960070
fermin	4960069
profusion	4960068
hydroxyde	4960067
guinde	4960066
reservait	4960065
blesserais	4960064
todo	4960063
bodaway	4960062
dyad	4960061
habituent	4960060
jermaine	4960059
renfermee	4960058
cloitre	4960057
maeda	4960056
leticia	4960055
conspirer	4960054
reecouter	4960053
ikey	4960052
effondrait	4960051
concluons	4960050
instances	4960049
jozef	4960048
aiken	4960047
excusera	4960046
fantasia	4960045
alinea	4960044
jurassic	4960043
keiichi	4960042
saliver	4960041
demoraliser	4960040
yoni	4960039
firewall	4960038
orageux	4960037
tonto	4960036
inesperee	4960035
investissent	4960034
tray	4960033
compadre	4960032
soupconnera	4960031
varrick	4960030
fremis	4960029
tracez	4960028
irregularite	4960027
inaugural	4960026
ferrante	4960025
outsiders	4960024
donnions	4960023
license	4960022
lambeau	4960021
imparti	4960020
ulysses	4960019
legislateurs	4960018
pennington	4960017
sight	4960016
devouer	4960015
vaciller	4960014
geppetto	4960013
candeur	4960012
geist	4960011
effectuez	4960010
supp	4960009
tamponnade	4960008
quintessence	4960007
foncait	4960006
equivalente	4960005
aspires	4960004
share	4960003
reprendrait	4960002
laputa	4960001
lese	4960000
hatake	4959999
deflecteurs	4959998
doge	4959997
shawna	4959996
leonidas	4959995
croulant	4959994
yim	4959993
informons	4959992
complainte	4959991
bim	4959990
fbl	4959989
fawlty	4959988
manus	4959987
repartirez	4959986
inquietons	4959985
deductible	4959984
randonneur	4959983
aprem	4959982
enduire	4959981
paulina	4959980
charmee	4959979
archi	4959978
chopra	4959977
statuer	4959976
thorsen	4959975
marteler	4959974
approchaient	4959973
ones	4959972
accompagnerez	4959971
codees	4959970
cuillers	4959969
changerons	4959968
belleville	4959967
witten	4959966
derry	4959965
linguini	4959964
fossette	4959963
eprouvee	4959962
rockers	4959961
diver	4959960
fragmentation	4959959
louange	4959958
consoles	4959957
levitt	4959956
hurricane	4959955
miura	4959954
parkway	4959953
jambons	4959952
apaisante	4959951
precurseur	4959950
merlan	4959949
deployees	4959948
rirai	4959947
liberons	4959946
dependons	4959945
carcerale	4959944
ritsu	4959943
foy	4959942
chicos	4959941
bunsen	4959940
debranchez	4959939
fanta	4959938
celebrait	4959937
mcnair	4959936
influentes	4959935
forains	4959934
obsessionnelle	4959933
weevil	4959932
pigent	4959931
native	4959930
redecouvrir	4959929
embrase	4959928
weight	4959927
suwa	4959926
inventeurs	4959925
niger	4959924
independence	4959923
volailles	4959922
mamba	4959921
freinez	4959920
farcies	4959919
rostro	4959918
prestes	4959917
cthulhu	4959916
pistol	4959915
rechuter	4959914
apercevez	4959913
persevere	4959912
keita	4959911
marly	4959910
emportons	4959909
implorant	4959908
chilien	4959907
marchiez	4959906
vivi	4959905
confessez	4959904
grattait	4959903
stupefaite	4959902
varient	4959901
blackpool	4959900
potiche	4959899
bibliothecaires	4959898
tied	4959897
hsu	4959896
chipe	4959895
blu	4959894
exigera	4959893
benefiques	4959892
hummm	4959891
ereinte	4959890
pilotez	4959889
capoue	4959888
quinoa	4959887
mandel	4959886
hydrate	4959885
pagne	4959884
crick	4959883
pierrafeu	4959882
chalky	4959881
absoudre	4959880
brinkman	4959879
chlorhydrique	4959878
engagerais	4959877
volpone	4959876
others	4959875
emiya	4959874
count	4959873
sacrifierai	4959872
programmees	4959871
pioches	4959870
lowery	4959869
ulla	4959868
shruti	4959867
alternatifs	4959866
stonehaven	4959865
urban	4959864
unalaq	4959863
attack	4959862
rosse	4959861
abrasion	4959860
versent	4959859
goku	4959858
goring	4959857
flat	4959856
lun	4959855
veritas	4959854
wendigo	4959853
affichent	4959852
nakata	4959851
whale	4959850
cloitree	4959849
chipmunks	4959848
indiscretions	4959847
cousus	4959846
paro	4959845
rassemblee	4959844
miria	4959843
gladney	4959842
humphries	4959841
courtoise	4959840
refroidie	4959839
mcmann	4959838
heineken	4959837
ricci	4959836
semee	4959835
hooters	4959834
carpes	4959833
gilou	4959832
winkler	4959831
centree	4959830
th	4959829
satanistes	4959828
fanee	4959827
balcons	4959826
raquer	4959825
trappeurs	4959824
acheta	4959823
denoncent	4959822
fournissant	4959821
dyle	4959820
shinbei	4959819
prerogatives	4959818
demantelement	4959817
travaillistes	4959816
accuserait	4959815
boursiere	4959814
frame	4959813
melangeant	4959812
melodieux	4959811
stimulateur	4959810
bouees	4959809
branchees	4959808
sereinement	4959807
refroidissent	4959806
parure	4959805
botulisme	4959804
ramu	4959803
cracks	4959802
redefinir	4959801
pervenche	4959800
insoluble	4959799
convertisseur	4959798
laborieux	4959797
designs	4959796
avalant	4959795
concluez	4959794
chanterais	4959793
jackass	4959792
chancellerie	4959791
exprimes	4959790
interplanetaire	4959789
pleurnicheries	4959788
heredite	4959787
ayers	4959786
szura	4959785
entraident	4959784
cramoisi	4959783
ducs	4959782
behrooz	4959781
spontanes	4959780
copuler	4959779
coal	4959778
barnabas	4959777
sechez	4959776
oursins	4959775
missive	4959774
modalites	4959773
prompte	4959772
schofield	4959771
ecrabouille	4959770
apoplexie	4959769
thunderbird	4959768
valons	4959767
wrigley	4959766
decrirais	4959765
corinthe	4959764
daughter	4959763
tourneur	4959762
fanfan	4959761
flatbush	4959760
frisky	4959759
nour	4959758
debourser	4959757
megatonnes	4959756
factices	4959755
affluer	4959754
ly	4959753
lyn	4959752
royston	4959751
goto	4959750
elasticite	4959749
emergence	4959748
quinceanera	4959747
voyagera	4959746
yogourt	4959745
kagame	4959744
massivement	4959743
latrell	4959742
raiko	4959741
mandrake	4959740
revenions	4959739
asymetrique	4959738
ferrees	4959737
gear	4959736
victorien	4959735
decampez	4959734
sunder	4959733
supplierai	4959732
pablito	4959731
reconnaissantes	4959730
parleraient	4959729
mitrailler	4959728
conclave	4959727
pariant	4959726
promeneur	4959725
verona	4959724
bans	4959723
projetes	4959722
fuirai	4959721
emeche	4959720
iun	4959719
cantrell	4959718
henshaw	4959717
parabolique	4959716
aventureuse	4959715
chinetoques	4959714
daffy	4959713
boswell	4959712
fibonacci	4959711
vaillance	4959710
subjective	4959709
causons	4959708
indistincte	4959707
cca	4959706
corser	4959705
chaco	4959704
clock	4959703
mikkel	4959702
lavettes	4959701
linds	4959700
ouzbekistan	4959699
patchouli	4959698
corrigez	4959697
eclaircira	4959696
molto	4959695
vandale	4959694
importees	4959693
abandonneras	4959692
gallery	4959691
saboga	4959690
algernon	4959689
vaudront	4959688
jauger	4959687
haroun	4959686
insultante	4959685
malucci	4959684
pietinee	4959683
elegamment	4959682
disparaissais	4959681
substituer	4959680
ressuscitera	4959679
seb	4959678
magasines	4959677
joana	4959676
agrafer	4959675
previennent	4959674
phallique	4959673
machez	4959672
dispersent	4959671
women	4959670
accentue	4959669
agrippa	4959668
agoniser	4959667
thornfield	4959666
pivoines	4959665
wayward	4959664
demobilise	4959663
zag	4959662
zia	4959661
arracherait	4959660
formions	4959659
claquee	4959658
dominik	4959657
complaisant	4959656
appleton	4959655
nou	4959654
lowrey	4959653
pastis	4959652
detale	4959651
demuni	4959650
sounds	4959649
bourdonnent	4959648
gothiques	4959647
shaunie	4959646
degeler	4959645
wallenberg	4959644
amnesty	4959643
gruner	4959642
neeley	4959641
atari	4959640
stele	4959639
rapha	4959638
lanier	4959637
barrique	4959636
geai	4959635
intente	4959634
designant	4959633
grignote	4959632
courtisee	4959631
tomberent	4959630
astrale	4959629
rowdy	4959628
bekir	4959627
hardwicke	4959626
debattait	4959625
hotelier	4959624
embout	4959623
mimosas	4959622
daya	4959621
analysee	4959620
meant	4959619
lymphatiques	4959618
persona	4959617
chegwidden	4959616
gasoil	4959615
vivable	4959614
ezequiel	4959613
trimballes	4959612
pivert	4959611
plannings	4959610
oona	4959609
regresser	4959608
gelent	4959607
rcp	4959606
pongo	4959605
associent	4959604
gekko	4959603
fournier	4959602
espenson	4959601
malouines	4959600
disseque	4959599
survolent	4959598
brochet	4959597
transferees	4959596
servile	4959595
rattraperont	4959594
kimberley	4959593
antidrogue	4959592
gilberte	4959591
identifiera	4959590
cappuccinos	4959589
guerirait	4959588
souscrit	4959587
lebrac	4959586
nordiste	4959585
enter	4959584
bordereau	4959583
blanchisseuse	4959582
colorier	4959581
construise	4959580
entouraient	4959579
barth	4959578
scrute	4959577
cell	4959576
software	4959575
limitez	4959574
escortee	4959573
gatez	4959572
superboy	4959571
endicott	4959570
hind	4959569
intraitable	4959568
subsister	4959567
dandelion	4959566
godemiche	4959565
transgression	4959564
liddell	4959563
mefiez	4959562
marconi	4959561
ficus	4959560
cline	4959559
jesuite	4959558
decodage	4959557
endoscopie	4959556
beech	4959555
laniere	4959554
peanuts	4959553
reservent	4959552
rentables	4959551
disparaissant	4959550
shizuko	4959549
contrariete	4959548
jessy	4959547
spore	4959546
shivam	4959545
philippins	4959544
kovacs	4959543
cognitives	4959542
bigamie	4959541
operationnelles	4959540
rosco	4959539
effondres	4959538
tourbillons	4959537
autodetruire	4959536
gondor	4959535
enclenchez	4959534
fraiser	4959533
reticences	4959532
poonam	4959531
quince	4959530
transformerait	4959529
visionnaires	4959528
becoter	4959527
labels	4959526
couiner	4959525
maltraitait	4959524
clignotent	4959523
environnementales	4959522
proposerais	4959521
grossieres	4959520
linette	4959519
interrogeant	4959518
hexenbiest	4959517
briareos	4959516
asta	4959515
ep	4959514
baisable	4959513
fauntleroy	4959512
hillman	4959511
tommaso	4959510
inondes	4959509
pujol	4959508
reluque	4959507
piya	4959506
rassurante	4959505
primeur	4959504
animations	4959503
detendes	4959502
mugen	4959501
narita	4959500
callas	4959499
particularites	4959498
beatitude	4959497
tolerante	4959496
ramoneur	4959495
hossein	4959494
arianna	4959493
assoupie	4959492
generai	4959491
fabre	4959490
ravale	4959489
tourmentez	4959488
angiographie	4959487
gramercy	4959486
num	4959485
dinerai	4959484
affres	4959483
kronos	4959482
conduisit	4959481
galapagos	4959480
winkle	4959479
patchs	4959478
attrapant	4959477
debarrassant	4959476
blackstone	4959475
composante	4959474
scalpe	4959473
sanka	4959472
figuier	4959471
magnificence	4959470
imitateurs	4959469
impairs	4959468
millionieme	4959467
hours	4959466
zhan	4959465
telegraphie	4959464
sacrament	4959463
rondins	4959462
meteorologue	4959461
nogales	4959460
bafouille	4959459
detournements	4959458
billot	4959457
arcades	4959456
ways	4959455
alpinistes	4959454
contrecoeur	4959453
roter	4959452
perdions	4959451
regi	4959450
visqueuse	4959449
inquieterait	4959448
chizuko	4959447
bambins	4959446
lotta	4959445
regenere	4959444
leviers	4959443
sanju	4959442
ogami	4959441
narcos	4959440
ger	4959439
maisonnee	4959438
blessait	4959437
kiff	4959436
conciliation	4959435
tashi	4959434
kawai	4959433
retape	4959432
manta	4959431
branlettes	4959430
rika	4959429
retransmission	4959428
plaidera	4959427
insuffler	4959426
tribales	4959425
detournent	4959424
hutchins	4959423
gaspard	4959422
lalo	4959421
diphterie	4959420
lechant	4959419
proposerai	4959418
mukesh	4959417
metros	4959416
kwanzaa	4959415
development	4959414
rasez	4959413
blackwater	4959412
sortiriez	4959411
plairas	4959410
harmonies	4959409
leap	4959408
houx	4959407
alta	4959406
odd	4959405
preserves	4959404
normandy	4959403
garnements	4959402
imprimez	4959401
pubien	4959400
bak	4959399
poireaux	4959398
diiner	4959397
mannitol	4959396
chouchous	4959395
bicyclettes	4959394
ubba	4959393
dementiel	4959392
structurelle	4959391
attrapeur	4959390
homophobes	4959389
ridges	4959388
survenant	4959387
fanent	4959386
cagliostro	4959385
symboliquement	4959384
etriers	4959383
neutron	4959382
captivante	4959381
indiscipline	4959380
admettes	4959379
proscrit	4959378
linz	4959377
noren	4959376
glissiere	4959375
obteniez	4959374
teenager	4959373
contrition	4959372
hammerstein	4959371
prems	4959370
alpine	4959369
concord	4959368
hagrid	4959367
terminerai	4959366
haissaient	4959365
mariais	4959364
attorney	4959363
electriciens	4959362
provocant	4959361
guimauves	4959360
factor	4959359
emergent	4959358
gerons	4959357
pinter	4959356
luciana	4959355
grizzli	4959354
coud	4959353
construisais	4959352
participiez	4959351
clamper	4959350
monstrueuses	4959349
fusionnent	4959348
biden	4959347
walid	4959346
aboyait	4959345
detachant	4959344
arrosez	4959343
robles	4959342
endiguer	4959341
inconsidere	4959340
xv	4959339
tavern	4959338
tannen	4959337
ryoko	4959336
taye	4959335
rando	4959334
imposes	4959333
whittier	4959332
frimeurs	4959331
retransmis	4959330
friand	4959329
trappes	4959328
majorque	4959327
controlaient	4959326
expropriation	4959325
meprisait	4959324
caza	4959323
sanada	4959322
joann	4959321
tita	4959320
projettes	4959319
lain	4959318
german	4959317
lobbyistes	4959316
attenborough	4959315
hitch	4959314
incendiee	4959313
planquait	4959312
torrents	4959311
voyageuse	4959310
muguet	4959309
usv	4959308
transformerai	4959307
magasiner	4959306
scone	4959305
appetits	4959304
ltalien	4959303
exposent	4959302
frivoles	4959301
groucho	4959300
kisha	4959299
okubo	4959298
magenta	4959297
reconnues	4959296
tomberaient	4959295
trompant	4959294
manav	4959293
celebrant	4959292
sheldrake	4959291
boniment	4959290
imbuvable	4959289
souhaitaient	4959288
nosferatu	4959287
tardivement	4959286
sanglot	4959285
passifs	4959284
nicolette	4959283
seger	4959282
baisaient	4959281
wiggins	4959280
marelle	4959279
pyromanes	4959278
amphore	4959277
craneur	4959276
affute	4959275
esme	4959274
cimes	4959273
grelots	4959272
desertique	4959271
rebondissements	4959270
dejeunais	4959269
incredule	4959268
cuervo	4959267
enregistrons	4959266
phillipe	4959265
andalousie	4959264
kojima	4959263
mcenroe	4959262
purent	4959261
appalaches	4959260
lievres	4959259
teeth	4959258
labors	4959257
sifflote	4959256
guerissez	4959255
texane	4959254
devisser	4959253
routieres	4959252
puritain	4959251
kima	4959250
fabriquais	4959249
tat	4959248
saltimbanque	4959247
zankou	4959246
joua	4959245
contactent	4959244
culpabilisez	4959243
works	4959242
lesbos	4959241
malpropre	4959240
vaca	4959239
barjos	4959238
pathogenes	4959237
immerger	4959236
riki	4959235
exauces	4959234
chevrotine	4959233
annonca	4959232
glousser	4959231
sarita	4959230
chaotiques	4959229
riccardo	4959228
exit	4959227
relachement	4959226
touchdowns	4959225
cessa	4959224
maudisse	4959223
levitation	4959222
calculee	4959221
murmurait	4959220
int	4959219
bovins	4959218
axes	4959217
sexton	4959216
figurante	4959215
overdoses	4959214
senhor	4959213
sep	4959212
higgs	4959211
monteront	4959210
incarceres	4959209
roseanna	4959208
skull	4959207
programmeurs	4959206
ternes	4959205
figes	4959204
bloqueur	4959203
malkovich	4959202
transformers	4959201
marcelle	4959200
evita	4959199
trucider	4959198
xanadu	4959197
capp	4959196
progressistes	4959195
indiquaient	4959194
moritz	4959193
rezian	4959192
recommandez	4959191
arty	4959190
leekie	4959189
ryogi	4959188
accrocs	4959187
ashur	4959186
heylia	4959185
allumerai	4959184
troque	4959183
emrys	4959182
malabar	4959181
excentricites	4959180
flamboyante	4959179
superstars	4959178
sola	4959177
canalise	4959176
bennigan	4959175
payement	4959174
deposait	4959173
resolument	4959172
laugh	4959171
ape	4959170
dem	4959169
installant	4959168
lirait	4959167
bisounours	4959166
tartiner	4959165
essayerait	4959164
basilique	4959163
mil	4959162
enfouies	4959161
londonienne	4959160
xiaoyan	4959159
cabossee	4959158
kazama	4959157
informatrice	4959156
sequestree	4959155
pennsylvania	4959154
bougiez	4959153
reversible	4959152
lemarchal	4959151
conque	4959150
petersbourg	4959149
hash	4959148
forages	4959147
ets	4959146
croisait	4959145
eclosion	4959144
kaput	4959143
shasta	4959142
viaduc	4959141
milli	4959140
defendrons	4959139
linwelin	4959138
empailles	4959137
decongeler	4959136
illimites	4959135
stenographe	4959134
comin	4959133
ithaca	4959132
romulien	4959131
hernan	4959130
tej	4959129
maintenus	4959128
incessamment	4959127
representatif	4959126
putsch	4959125
foldingue	4959124
rashad	4959123
malebete	4959122
surcharges	4959121
schecter	4959120
jointures	4959119
possesseur	4959118
flambeaux	4959117
leapinlar	4959116
demodes	4959115
confiait	4959114
bolivar	4959113
placait	4959112
irakienne	4959111
fontainebleau	4959110
satanisme	4959109
bienfaiteurs	4959108
moudre	4959107
hotte	4959106
goetz	4959105
transcender	4959104
grognent	4959103
dynamo	4959102
fichaient	4959101
deverrouillee	4959100
seizieme	4959099
biberkopf	4959098
couvriront	4959097
veus	4959096
pensif	4959095
tolerent	4959094
superintendant	4959093
conduirez	4959092
repondaient	4959091
kwok	4959090
commemoratif	4959089
donati	4959088
expressif	4959087
hanukkah	4959086
hortensias	4959085
kippa	4959084
sososeries	4959083
lituanie	4959082
obtenais	4959081
shaughnessy	4959080
huo	4959079
mizuno	4959078
algerien	4959077
milford	4959076
nazim	4959075
vendeuses	4959074
cardoza	4959073
chorales	4959072
incorporated	4959071
health	4959070
usurper	4959069
collegiens	4959068
dwarf	4959067
fella	4959066
tiberius	4959065
trouilles	4959064
poignardes	4959063
slovaquie	4959062
shelbyville	4959061
boyau	4959060
abattront	4959059
tolerable	4959058
nabab	4959057
pseudonymes	4959056
recommenceras	4959055
brubaker	4959054
woodland	4959053
prager	4959052
precedement	4959051
surviennent	4959050
mok	4959049
uma	4959048
enjoy	4959047
hecatombe	4959046
sillons	4959045
infestation	4959044
securisant	4959043
venerait	4959042
kotaro	4959041
assistiez	4959040
rimini	4959039
bouffeurs	4959038
prouvons	4959037
orden	4959036
whiskies	4959035
redoutent	4959034
reduirait	4959033
matraques	4959032
commette	4959031
vicieuses	4959030
oraison	4959029
arretions	4959028
pelvien	4959027
walnut	4959026
sucez	4959025
appliquant	4959024
shooters	4959023
ryerson	4959022
infertilite	4959021
demetrius	4959020
depuceler	4959019
hoyle	4959018
tammi	4959017
nommant	4959016
ecrivaine	4959015
deversement	4959014
pollux	4959013
carlinhos	4959012
okazaki	4959011
tringler	4959010
kepi	4959009
coyle	4959008
rodrick	4959007
mic	4959006
candi	4959005
pompage	4959004
debuta	4959003
elysalys	4959002
palma	4959001
miso	4959000
cleaver	4958999
annihilation	4958998
echappees	4958997
mitaines	4958996
moisie	4958995
rapids	4958994
composait	4958993
incisive	4958992
exodus	4958991
yoshimura	4958990
fudge	4958989
grognant	4958988
rok	4958987
fugues	4958986
augmenterait	4958985
lavees	4958984
ratait	4958983
exploitez	4958982
optimal	4958981
dinant	4958980
knife	4958979
minbaris	4958978
exclamations	4958977
harpo	4958976
florent	4958975
rabats	4958974
inconditionnelle	4958973
bouffera	4958972
mica	4958971
sextape	4958970
renforcent	4958969
expertes	4958968
swear	4958967
decouvraient	4958966
alcott	4958965
gacherais	4958964
saturn	4958963
cordoba	4958962
pratap	4958961
executant	4958960
inclination	4958959
fades	4958958
bridgeport	4958957
reason	4958956
cisjordanie	4958955
togusa	4958954
person	4958953
grimpait	4958952
conformiste	4958951
briar	4958950
taguer	4958949
mamies	4958948
belli	4958947
rhythm	4958946
stratosphere	4958945
terni	4958944
reglerait	4958943
harkin	4958942
defavorable	4958941
brasser	4958940
drucker	4958939
tati	4958938
symphony	4958937
reprenais	4958936
spacieuse	4958935
checker	4958934
vomissais	4958933
baillonnee	4958932
gueriras	4958931
kant	4958930
noooon	4958929
vouer	4958928
derouille	4958927
recoltent	4958926
micheal	4958925
eradication	4958924
inversez	4958923
castelo	4958922
abattrai	4958921
norwich	4958920
biquet	4958919
telly	4958918
utilisables	4958917
fiel	4958916
abdominaux	4958915
mensongere	4958914
interdise	4958913
affairs	4958912
tabassait	4958911
ratais	4958910
sangloter	4958909
javadi	4958908
mountains	4958907
backstrom	4958906
fagin	4958905
fia	4958904
rencarder	4958903
sacco	4958902
tease	4958901
ressembliez	4958900
arrondis	4958899
baudelaire	4958898
calypso	4958897
khaleesi	4958896
brancards	4958895
extravagance	4958894
maranzano	4958893
tourneront	4958892
fictions	4958891
elbe	4958890
produisons	4958889
malvenu	4958888
inconfortables	4958887
relativiser	4958886
mangeoire	4958885
novateur	4958884
hernando	4958883
etables	4958882
mescaline	4958881
rayes	4958880
competitifs	4958879
enseignee	4958878
generee	4958877
deuxio	4958876
dicaprio	4958875
devale	4958874
bayard	4958873
avignon	4958872
hectare	4958871
reunissant	4958870
reflechissait	4958869
blum	4958868
approchais	4958867
belson	4958866
comprenions	4958865
inquietantes	4958864
allied	4958863
byzance	4958862
department	4958861
finger	4958860
planterai	4958859
agirais	4958858
entrainerai	4958857
leaving	4958856
impardonnables	4958855
outrageant	4958854
ouvraient	4958853
remboursements	4958852
nowt	4958851
komodo	4958850
poeles	4958849
freak	4958848
charniere	4958847
oeilleres	4958846
cadastre	4958845
roslyn	4958844
elam	4958843
swahili	4958842
melba	4958841
martell	4958840
desactives	4958839
asseyons	4958838
abrahams	4958837
shephard	4958836
manforti	4958835
projectionniste	4958834
traiteront	4958833
demetri	4958832
trepidante	4958831
gorbatchev	4958830
danbury	4958829
gein	4958828
survecut	4958827
couchons	4958826
maboule	4958825
wilt	4958824
wabash	4958823
cosmopolitan	4958822
tatsuya	4958821
hinckley	4958820
uk	4958819
rigoureusement	4958818
hyperactif	4958817
havisham	4958816
genievre	4958815
insupporte	4958814
lemurien	4958813
frittata	4958812
demarrait	4958811
scandinavie	4958810
benedicte	4958809
perceval	4958808
darko	4958807
runyon	4958806
degra	4958805
scintillent	4958804
meal	4958803
dogme	4958802
dougherty	4958801
pembleton	4958800
rediffusion	4958799
debranchee	4958798
taani	4958797
boba	4958796
parfumes	4958795
iz	4958794
errante	4958793
hongkong	4958792
subisse	4958791
savoie	4958790
obtint	4958789
refletait	4958788
adamson	4958787
follicules	4958786
indiques	4958785
anjou	4958784
nandu	4958783
taxidermiste	4958782
edvard	4958781
owari	4958780
lda	4958779
meconnu	4958778
seed	4958777
lymphatique	4958776
probla	4958775
cyndi	4958774
samira	4958773
poseras	4958772
œillets	4958771
bradycardie	4958770
annulons	4958769
frs	4958768
bourgmestre	4958767
micheton	4958766
tequilas	4958765
tond	4958764
rainures	4958763
asseois	4958762
munis	4958761
ignorees	4958760
postaux	4958759
apparaissant	4958758
deteindre	4958757
explorons	4958756
terrifiait	4958755
compacte	4958754
fcc	4958753
roublard	4958752
waris	4958751
reanime	4958750
demerde	4958749
affectait	4958748
compromets	4958747
jazeera	4958746
peignant	4958745
meniez	4958744
bretons	4958743
obeiras	4958742
definitions	4958741
ressemblances	4958740
danseras	4958739
review	4958738
burley	4958737
perdurer	4958736
maisy	4958735
gretzky	4958734
poincon	4958733
rafraichira	4958732
emp	4958731
synthetiseur	4958730
blanchie	4958729
gobi	4958728
illuminent	4958727
superflus	4958726
auberges	4958725
encaissez	4958724
geneticien	4958723
scrupuleusement	4958722
saignais	4958721
ayla	4958720
cardassia	4958719
sorenson	4958718
ol	4958717
symposium	4958716
instructive	4958715
analytique	4958714
tandi	4958713
bernay	4958712
renversante	4958711
torch	4958710
amantes	4958709
brandit	4958708
fawcett	4958707
engagerait	4958706
exercent	4958705
delle	4958704
surgele	4958703
engueulee	4958702
proliferation	4958701
chibs	4958700
fumiez	4958699
quelquun	4958698
peng	4958697
entretemps	4958696
hakuna	4958695
dissolvant	4958694
oleoduc	4958693
tsan	4958692
confrontations	4958691
matata	4958690
dechirement	4958689
nose	4958688
wasp	4958687
xxie	4958686
deplaisent	4958685
ferocement	4958684
satine	4958683
remarqua	4958682
bagagiste	4958681
agitait	4958680
macadam	4958679
spoilers	4958678
empirait	4958677
arbuste	4958676
inexpliquees	4958675
pustules	4958674
emplis	4958673
kandinsky	4958672
subversion	4958671
maniac	4958670
repetiez	4958669
lanieres	4958668
nowhere	4958667
caucase	4958666
pressurisation	4958665
batiste	4958664
doughnuts	4958663
oeillets	4958662
progressons	4958661
gaelique	4958660
additions	4958659
leguee	4958658
gagarine	4958657
abandonnerons	4958656
copernic	4958655
exorbitant	4958654
mortifiee	4958653
radotes	4958652
museliere	4958651
hammett	4958650
kirsty	4958649
traiterais	4958648
bonheurs	4958647
melant	4958646
taperai	4958645
latente	4958644
suspectais	4958643
malo	4958642
chouchoute	4958641
privilegier	4958640
subversifs	4958639
schiste	4958638
rapportant	4958637
lines	4958636
honoria	4958635
pourchassee	4958634
hideki	4958633
thons	4958632
ozaki	4958631
echangeant	4958630
embuscades	4958629
orne	4958628
bourgeon	4958627
troublantes	4958626
masahiro	4958625
facilitez	4958624
degainez	4958623
chevreau	4958622
communal	4958621
loupee	4958620
fremen	4958619
erlich	4958618
cletus	4958617
patineur	4958616
quadriller	4958615
preoccupant	4958614
beyond	4958613
asservi	4958612
espionnent	4958611
canary	4958610
hotellerie	4958609
tgv	4958608
baloo	4958607
energisante	4958606
coulez	4958605
chausse	4958604
thym	4958603
soignees	4958602
autopsier	4958601
hazmat	4958600
raterait	4958599
stupid	4958598
hatem	4958597
ebenezer	4958596
cro	4958595
lovejoy	4958594
vomissement	4958593
tresser	4958592
causalite	4958591
rankol	4958590
eph	4958589
nullard	4958588
regain	4958587
ischemie	4958586
doubtfire	4958585
milligramme	4958584
herschel	4958583
verity	4958582
fusions	4958581
surprenants	4958580
beignes	4958579
waylon	4958578
expos	4958577
quayle	4958576
bills	4958575
destructions	4958574
hinkle	4958573
commettant	4958572
ressentiments	4958571
remonterai	4958570
teigneux	4958569
analogique	4958568
ine	4958567
reapparaitra	4958566
pekinois	4958565
trang	4958564
miyuki	4958563
relacheront	4958562
atsushi	4958561
pell	4958560
clignoter	4958559
nordiques	4958558
tatsu	4958557
baignent	4958556
lindus	4958555
chanterons	4958554
trancherai	4958553
hofstadter	4958552
stud	4958551
religieusement	4958550
ressentiras	4958549
procurent	4958548
porterons	4958547
desuet	4958546
veillais	4958545
banshees	4958544
plantera	4958543
ladite	4958542
consommations	4958541
booty	4958540
ladonna	4958539
adria	4958538
mesquinerie	4958537
prelasser	4958536
forfaits	4958535
rencontrerait	4958534
declenchant	4958533
saoulee	4958532
frontaliere	4958531
abondant	4958530
baclee	4958529
dechirures	4958528
bimbos	4958527
stagne	4958526
bonbonnes	4958525
staphylocoque	4958524
scalper	4958523
trajectoires	4958522
choquantes	4958521
terminologie	4958520
sto	4958519
doublures	4958518
entassent	4958517
zidane	4958516
gagneriez	4958515
crades	4958514
colossus	4958513
glaise	4958512
charade	4958511
dart	4958510
routinier	4958509
affile	4958508
aves	4958507
dalles	4958506
tafiole	4958505
vivifiant	4958504
tchad	4958503
cicatriciel	4958502
adventure	4958501
remarquerais	4958500
processeurs	4958499
nutritif	4958498
muraoka	4958497
ravager	4958496
cappy	4958495
rivkin	4958494
verticalement	4958493
benzene	4958492
tyrol	4958491
devi	4958490
shade	4958489
happened	4958488
coercition	4958487
railroad	4958486
pyrame	4958485
dae	4958484
mulan	4958483
etranglait	4958482
mangal	4958481
succulente	4958480
descendaient	4958479
intentionnelle	4958478
crions	4958477
thermes	4958476
suivraient	4958475
allocution	4958474
perceptions	4958473
requinquer	4958472
homologue	4958471
charnieres	4958470
coli	4958469
dickerson	4958468
kuai	4958467
cassons	4958466
stoney	4958465
javelot	4958464
peinee	4958463
climats	4958462
hajime	4958461
leffingwell	4958460
rondo	4958459
ajussi	4958458
percussion	4958457
retentissant	4958456
souffriront	4958455
exagerees	4958454
interpellation	4958453
surplombe	4958452
brillance	4958451
gonflant	4958450
connut	4958449
regulateurs	4958448
ronges	4958447
maints	4958446
foutes	4958445
succede	4958444
davos	4958443
tabernacle	4958442
schwab	4958441
karmique	4958440
paddock	4958439
wicker	4958438
amalgame	4958437
devorera	4958436
spitz	4958435
radiohead	4958434
deplaisait	4958433
langham	4958432
mundt	4958431
remplacable	4958430
clocharde	4958429
rayez	4958428
kiosques	4958427
rapelles	4958426
exploses	4958425
brunswick	4958424
ginza	4958423
parlementaires	4958422
mello	4958421
fracturer	4958420
esthetiques	4958419
belliqueux	4958418
autobronzant	4958417
chargements	4958416
jule	4958415
pequenots	4958414
sympathies	4958413
divisent	4958412
sela	4958411
canyons	4958410
mccandless	4958409
apitoiement	4958408
decevra	4958407
columbine	4958406
petrova	4958405
lajournee	4958404
andersson	4958403
consensuel	4958402
signalant	4958401
sima	4958400
fantastic	4958399
derouillee	4958398
estes	4958397
confiees	4958396
taku	4958395
souffrirait	4958394
fuie	4958393
degringole	4958392
adoreront	4958391
highlander	4958390
correcteur	4958389
tabassent	4958388
chambree	4958387
trapu	4958386
cord	4958385
virtuels	4958384
jarndyce	4958383
soapy	4958382
macaron	4958381
guitaristes	4958380
stylistes	4958379
noircir	4958378
effacant	4958377
neurotoxine	4958376
flirtez	4958375
cun	4958374
dominicains	4958373
crips	4958372
yom	4958371
eoliennes	4958370
nagumo	4958369
astrolabe	4958368
battage	4958367
amit	4958366
desherite	4958365
omettre	4958364
additionner	4958363
engraisse	4958362
stardust	4958361
brisons	4958360
parka	4958359
smithson	4958358
intemporel	4958357
amines	4958356
potele	4958355
pressentiments	4958354
ntsb	4958353
abreuvoir	4958352
nanotechnologie	4958351
imprudents	4958350
prisme	4958349
nativite	4958348
tortueux	4958347
research	4958346
jungles	4958345
recouper	4958344
baignant	4958343
omnipresent	4958342
ecolieres	4958341
dobey	4958340
munni	4958339
temerite	4958338
whoop	4958337
chaleurs	4958336
boz	4958335
rapatriement	4958334
kaka	4958333
attrapais	4958332
checkers	4958331
jumpers	4958330
facto	4958329
toxicomanie	4958328
informant	4958327
fermoir	4958326
observaient	4958325
skwisgaar	4958324
loyalistes	4958323
repu	4958322
reussissais	4958321
irriguer	4958320
traversees	4958319
chercha	4958318
jemaine	4958317
neely	4958316
turbin	4958315
ven	4958314
corinthiens	4958313
gringue	4958312
fraudeur	4958311
saboteurs	4958310
rondeurs	4958309
sanna	4958308
rituelle	4958307
bavent	4958306
vibe	4958305
brilles	4958304
ikari	4958303
argents	4958302
parmentier	4958301
meatball	4958300
sursaute	4958299
beatrix	4958298
nazareen	4958297
lib	4958296
ima	4958295
longmire	4958294
dureront	4958293
xuan	4958292
egocentriques	4958291
equinoxe	4958290
fourberie	4958289
comstock	4958288
paraplegique	4958287
soutenaient	4958286
decoivent	4958285
guepards	4958284
entretenez	4958283
chiefs	4958282
polaroid	4958281
obligerai	4958280
rottweiler	4958279
mcginnis	4958278
renvoyons	4958277
toes	4958276
jolinar	4958275
monologues	4958274
jeez	4958273
jointes	4958272
petri	4958271
tenebreuse	4958270
cronus	4958269
haggerty	4958268
curling	4958267
andrzej	4958266
bougres	4958265
erratique	4958264
lapointe	4958263
fievres	4958262
risqueraient	4958261
traversa	4958260
miyazaki	4958259
abondent	4958258
alcoolisee	4958257
mcavoy	4958256
wataru	4958255
galweather	4958254
rabacher	4958253
benissent	4958252
carmelita	4958251
habillement	4958250
galavant	4958249
zina	4958248
transversale	4958247
stinky	4958246
conditionnel	4958245
mainmise	4958244
tide	4958243
orchard	4958242
chffff	4958241
grandiront	4958240
musclees	4958239
opaque	4958238
cognez	4958237
blasphemer	4958236
freudien	4958235
telephonais	4958234
shayla	4958233
majoritairement	4958232
sanctuary	4958231
etal	4958230
incarceree	4958229
bloomfield	4958228
crosetti	4958227
adolfo	4958226
rasmussen	4958225
nesbit	4958224
birkoff	4958223
grattant	4958222
yiu	4958221
prefixe	4958220
maires	4958219
poteries	4958218
obtenant	4958217
terreau	4958216
compromises	4958215
compulsion	4958214
nano	4958213
ayse	4958212
matheux	4958211
lavender	4958210
tarees	4958209
uretre	4958208
prevot	4958207
tutti	4958206
photographiez	4958205
isolez	4958204
piquera	4958203
concubines	4958202
maroussia	4958201
radier	4958200
udinov	4958199
interrompe	4958198
riverton	4958197
beeper	4958196
fumante	4958195
alderman	4958194
abattant	4958193
gramophone	4958192
messires	4958191
lrlande	4958190
ouaih	4958189
elevons	4958188
turbulent	4958187
rockaway	4958186
sokar	4958185
bock	4958184
musicalement	4958183
railleries	4958182
curer	4958181
huileux	4958180
promos	4958179
bouleversante	4958178
jardine	4958177
immangeable	4958176
cigale	4958175
rosebud	4958174
finiraient	4958173
repandez	4958172
despereaux	4958171
implantee	4958170
marinade	4958169
physiologiques	4958168
contrebasse	4958167
agendas	4958166
furieusement	4958165
accroupis	4958164
lamentables	4958163
dominicain	4958162
mew	4958161
indigents	4958160
keira	4958159
chiquer	4958158
fixons	4958157
sketchs	4958156
justifient	4958155
deshonorant	4958154
dowling	4958153
penchait	4958152
hooli	4958151
groseilles	4958150
mutual	4958149
charnier	4958148
esbroufe	4958147
melerai	4958146
credules	4958145
mcdougal	4958144
urkel	4958143
avinash	4958142
climatise	4958141
follet	4958140
intercom	4958139
assierai	4958138
stillwell	4958137
elk	4958136
meprisee	4958135
becket	4958134
rocheuse	4958133
demeuree	4958132
pitts	4958131
courges	4958130
ralentisse	4958129
soutiennes	4958128
delphi	4958127
babel	4958126
glaner	4958125
meeker	4958124
theoriques	4958123
estropies	4958122
masquee	4958121
coefficient	4958120
coburn	4958119
agacee	4958118
haddock	4958117
luncheonette	4958116
chiper	4958115
yukie	4958114
xvi	4958113
citant	4958112
absorbant	4958111
rencarde	4958110
encaisses	4958109
dragonfly	4958108
eros	4958107
aquila	4958106
eligible	4958105
suraj	4958104
deus	4958103
suxi	4958102
persique	4958101
loca	4958100
depensier	4958099
diabetiques	4958098
meteques	4958097
telephonie	4958096
assermente	4958095
briserais	4958094
gardions	4958093
nems	4958092
collaborez	4958091
prevaut	4958090
aniston	4958089
nourrissais	4958088
decoiffer	4958087
diaporama	4958086
agrumes	4958085
tatillon	4958084
tss	4958083
necessitait	4958082
renais	4958081
suspensions	4958080
choisissais	4958079
allocs	4958078
residuelle	4958077
dew	4958076
godiva	4958075
islamiste	4958074
laryngite	4958073
franchissent	4958072
kudo	4958071
edmunds	4958070
choisissiez	4958069
timon	4958068
ahead	4958067
jongleur	4958066
impunie	4958065
remerciant	4958064
vishnu	4958063
skittles	4958062
trempait	4958061
utiliseraient	4958060
crispin	4958059
chappie	4958058
traquerai	4958057
seltz	4958056
optimiser	4958055
insp	4958054
meldrick	4958053
hecky	4958052
aoyama	4958051
consecutive	4958050
spats	4958049
kevorkian	4958048
beeman	4958047
maternelles	4958046
assemblent	4958045
padoue	4958044
jacs	4958043
ck	4958042
sharkey	4958041
landru	4958040
fransisco	4958039
armements	4958038
risquera	4958037
pauley	4958036
myrrhe	4958035
demandeurs	4958034
rangeait	4958033
eclaircie	4958032
acharnes	4958031
rl	4958030
donnerent	4958029
betadine	4958028
koothrappali	4958027
cherish	4958026
pourquo	4958025
accourt	4958024
serviraient	4958023
inhabituellement	4958022
contraignant	4958021
kingo	4958020
escalopes	4958019
johansen	4958018
purifiee	4958017
osmond	4958016
obscurci	4958015
paysannes	4958014
coagule	4958013
dechue	4958012
destrier	4958011
kimi	4958010
oka	4958009
toho	4958008
yank	4958007
barra	4958006
entretiennent	4958005
ameliorant	4958004
audiovisuel	4958003
gault	4958002
pendrai	4958001
porcelet	4958000
replient	4957999
vostfr	4957998
iga	4957997
nourrirai	4957996
haller	4957995
hershey	4957994
nostra	4957993
impulsifs	4957992
charlemagne	4957991
evoquait	4957990
tattoo	4957989
alternateur	4957988
abritait	4957987
noyant	4957986
legrand	4957985
demeurera	4957984
horror	4957983
meprisables	4957982
syndiques	4957981
presentateurs	4957980
depressurisation	4957979
jenson	4957978
pappy	4957977
ravitailleur	4957976
lassitude	4957975
homecoming	4957974
calculez	4957973
jeet	4957972
amuserez	4957971
mollusques	4957970
coudonc	4957969
invariablement	4957968
stradivarius	4957967
torgeir	4957966
menstruel	4957965
indestructibles	4957964
liliana	4957963
autistes	4957962
veillerons	4957961
shiv	4957960
wuornos	4957959
helmer	4957958
icarus	4957957
verax	4957956
collectivement	4957955
chiantes	4957954
determinent	4957953
genital	4957952
fondatrice	4957951
beu	4957950
rachetera	4957949
blousons	4957948
gengis	4957947
pez	4957946
leste	4957945
moderee	4957944
mollasson	4957943
surle	4957942
importun	4957941
obeissons	4957940
siphonne	4957939
oppressant	4957938
arlette	4957937
inattaquable	4957936
lauer	4957935
fredrik	4957934
lenox	4957933
forain	4957932
bierko	4957931
enfiles	4957930
ralentie	4957929
demos	4957928
gommes	4957927
calcine	4957926
antipodes	4957925
sardaigne	4957924
nguyen	4957923
semant	4957922
sucait	4957921
gacherai	4957920
haku	4957919
maribel	4957918
euphie	4957917
planifient	4957916
gorski	4957915
pylone	4957914
fam	4957913
raffinees	4957912
envient	4957911
remodelage	4957910
fighter	4957909
mentionnait	4957908
drastiques	4957907
suiveur	4957906
sada	4957905
rivalise	4957904
souffrirai	4957903
carlitos	4957902
spit	4957901
creegan	4957900
sentox	4957899
kens	4957898
cohorte	4957897
hermetiquement	4957896
devanture	4957895
jacobi	4957894
shao	4957893
cyclopes	4957892
shlomo	4957891
chelem	4957890
fondamentalistes	4957889
branlant	4957888
zigouiller	4957887
dilly	4957886
musclor	4957885
neuros	4957884
inappropries	4957883
spy	4957882
vanilla	4957881
detenteurs	4957880
rahm	4957879
approuvait	4957878
gitmo	4957877
incorporer	4957876
rejouissais	4957875
raifort	4957874
dietrichson	4957873
kgs	4957872
blackmire	4957871
mccourt	4957870
terminant	4957869
solvable	4957868
dermato	4957867
amantha	4957866
desinfection	4957865
cirques	4957864
divorcees	4957863
macro	4957862
eblouis	4957861
charrettes	4957860
excusant	4957859
gru	4957858
evoquant	4957857
agressivement	4957856
blaster	4957855
eri	4957854
installa	4957853
evasive	4957852
intentionne	4957851
sureau	4957850
cataloguer	4957849
piers	4957848
electronics	4957847
atteignait	4957846
jou	4957845
rapido	4957844
begayer	4957843
codetenu	4957842
surintendant	4957841
bumper	4957840
vantent	4957839
detailler	4957838
buddha	4957837
rickford	4957836
reparlerai	4957835
suu	4957834
inexpliques	4957833
retrograder	4957832
retenti	4957831
empoigne	4957830
haldeman	4957829
paniquait	4957828
transfuser	4957827
faner	4957826
lowen	4957825
informent	4957824
bridger	4957823
explosant	4957822
resisterait	4957821
seductrice	4957820
soudanais	4957819
aaa	4957818
guadalupe	4957817
fiv	4957816
replicateur	4957815
affaiblissent	4957814
cherien	4957813
known	4957812
maconnerie	4957811
aimerons	4957810
mdma	4957809
resterent	4957808
dessoule	4957807
loker	4957806
amusons	4957805
latina	4957804
louvain	4957803
scotchee	4957802
aurelio	4957801
geyser	4957800
epancher	4957799
entourees	4957798
effroyables	4957797
arrivederci	4957796
izo	4957795
dissuasion	4957794
reverais	4957793
cheetos	4957792
paraffine	4957791
qqch	4957790
havana	4957789
infranchissable	4957788
manuelles	4957787
salie	4957786
boku	4957785
accrocherai	4957784
amplis	4957783
dimensionnelle	4957782
pejoratif	4957781
rotary	4957780
lysandre	4957779
chamaillent	4957778
soumettrai	4957777
piquette	4957776
chercheras	4957775
coordonnes	4957774
empecherez	4957773
grimpant	4957772
orphelines	4957771
pechez	4957770
odi	4957769
ghana	4957768
morgues	4957767
blitzer	4957766
burlington	4957765
gara	4957764
vendraient	4957763
mariachi	4957762
transmetteurs	4957761
pennie	4957760
oublia	4957759
exempte	4957758
nutritionniste	4957757
ravive	4957756
econduit	4957755
gillingham	4957754
badauds	4957753
couard	4957752
colonels	4957751
romanciere	4957750
descendras	4957749
witham	4957748
amuserais	4957747
dindons	4957746
bigot	4957745
chieko	4957744
degageait	4957743
hickman	4957742
popol	4957741
designation	4957740
poupon	4957739
chablis	4957738
junk	4957737
toretto	4957736
vino	4957735
accomplissent	4957734
torrides	4957733
foudroyant	4957732
sorrow	4957731
necessitant	4957730
quittees	4957729
autorisait	4957728
repandit	4957727
coronado	4957726
nepotisme	4957725
exxon	4957724
krach	4957723
discutables	4957722
enrhumer	4957721
pylones	4957720
intransigeant	4957719
creel	4957718
maleforce	4957717
ambulants	4957716
coucherait	4957715
susanne	4957714
tchatche	4957713
fagan	4957712
thursby	4957711
naoko	4957710
scotcher	4957709
taoiste	4957708
puckerman	4957707
arlequin	4957706
agissaient	4957705
anticoagulants	4957704
jubal	4957703
bibelot	4957702
avouent	4957701
contreras	4957700
epoustoufle	4957699
recluse	4957698
modifiez	4957697
pommiers	4957696
locked	4957695
soldier	4957694
rao	4957693
decollera	4957692
gabor	4957691
pvc	4957690
otes	4957689
jugees	4957688
yusef	4957687
expediee	4957686
poulains	4957685
reecriture	4957684
bonham	4957683
reduc	4957682
naz	4957681
egoistement	4957680
chums	4957679
himura	4957678
hayato	4957677
send	4957676
utilisa	4957675
rais	4957674
empotee	4957673
revendait	4957672
weeds	4957671
accomplissements	4957670
karpov	4957669
arrangerais	4957668
ncaa	4957667
hanging	4957666
schafer	4957665
baissons	4957664
jamey	4957663
tolerants	4957662
gourdes	4957661
digues	4957660
bitter	4957659
intercepteurs	4957658
venom	4957657
rifkin	4957656
exosquelette	4957655
sonoma	4957654
enfoncant	4957653
shii	4957652
devorait	4957651
pharmaceuticals	4957650
tinter	4957649
endurcie	4957648
planais	4957647
mieu	4957646
rocha	4957645
hesitante	4957644
redevenus	4957643
guest	4957642
narcissiques	4957641
nantes	4957640
blast	4957639
ritalin	4957638
scoops	4957637
pogne	4957636
inserez	4957635
ranchs	4957634
acheminer	4957633
gremlins	4957632
bouleversements	4957631
deportee	4957630
reclamera	4957629
emmeles	4957628
feinberg	4957627
voterais	4957626
variantes	4957625
finalise	4957624
nunchaku	4957623
goulasch	4957622
doutee	4957621
krod	4957620
idolatre	4957619
mentie	4957618
absenteisme	4957617
leonore	4957616
recalee	4957615
repulsion	4957614
determinees	4957613
bastien	4957612
trouv	4957611
rasheed	4957610
renseignerai	4957609
embardee	4957608
foggy	4957607
feerique	4957606
adaptateur	4957605
decourageant	4957604
domo	4957603
condensation	4957602
enchanter	4957601
daiquiri	4957600
embry	4957599
walmart	4957598
embelli	4957597
flushing	4957596
triomphera	4957595
incommode	4957594
stauffenberg	4957593
auerbach	4957592
fatalement	4957591
lennart	4957590
personnalisee	4957589
biscottes	4957588
sachi	4957587
dunbrook	4957586
zan	4957585
bipper	4957584
carsten	4957583
apathique	4957582
adequates	4957581
tromperais	4957580
lachais	4957579
bavures	4957578
marburg	4957577
culturellement	4957576
decoiffe	4957575
suppliez	4957574
ayano	4957573
frequentaient	4957572
carabines	4957571
enrhumee	4957570
commodite	4957569
groupement	4957568
pesais	4957567
soufflee	4957566
mouillez	4957565
glycerine	4957564
grandioses	4957563
yougoslave	4957562
bangor	4957561
temeraires	4957560
duveteux	4957559
redigez	4957558
passablement	4957557
cypher	4957556
inquietaient	4957555
confierai	4957554
embrocher	4957553
sauvageons	4957552
detruiras	4957551
zaara	4957550
grouillait	4957549
toddy	4957548
vibrante	4957547
friendly	4957546
titubant	4957545
muchas	4957544
beardsley	4957543
moulures	4957542
progresses	4957541
jeannine	4957540
godot	4957539
briana	4957538
alimentent	4957537
receptive	4957536
grenadine	4957535
gambader	4957534
rana	4957533
dupliquer	4957532
portatif	4957531
hesiteront	4957530
spangler	4957529
atteignons	4957528
furoncles	4957527
stetson	4957526
fourbes	4957525
capua	4957524
ruzek	4957523
questionnaires	4957522
dejantee	4957521
percuteur	4957520
cognitif	4957519
swinton	4957518
reunissait	4957517
jamm	4957516
dissipee	4957515
tyrus	4957514
stahma	4957513
traverserons	4957512
vitus	4957511
imran	4957510
tremaine	4957509
sei	4957508
inconteste	4957507
laetitia	4957506
risquiez	4957505
deltaplane	4957504
rififi	4957503
pickpockets	4957502
wouhou	4957501
intemperies	4957500
otarie	4957499
reef	4957498
cauteriser	4957497
torpeur	4957496
conjoncture	4957495
poudrier	4957494
recompter	4957493
provoquees	4957492
denker	4957491
roku	4957490
usagees	4957489
armateur	4957488
antigua	4957487
castille	4957486
dab	4957485
surround	4957484
diapason	4957483
jutland	4957482
coffin	4957481
transmissible	4957480
mino	4957479
egbert	4957478
confondue	4957477
giardella	4957476
zippy	4957475
enumerer	4957474
creance	4957473
rationaliser	4957472
affluence	4957471
yoshiko	4957470
prichard	4957469
polytechnique	4957468
perceptible	4957467
wilkie	4957466
surencherir	4957465
drexel	4957464
benford	4957463
nitrogene	4957462
dagmar	4957461
terrifier	4957460
brink	4957459
nougat	4957458
baquet	4957457
honk	4957456
fumerai	4957455
accompagnant	4957454
gunner	4957453
yukino	4957452
emanuel	4957451
leyden	4957450
semestres	4957449
cancre	4957448
racler	4957447
filous	4957446
guerra	4957445
iverson	4957444
bilaterale	4957443
astra	4957442
bossiez	4957441
exfiltration	4957440
bruiser	4957439
rentabilite	4957438
hanadarko	4957437
envahissante	4957436
telepherique	4957435
nobuo	4957434
revaudras	4957433
rechauffee	4957432
chasing	4957431
mutisme	4957430
renoncons	4957429
samara	4957428
musette	4957427
approcha	4957426
inviterait	4957425
indisposee	4957424
deplaisantes	4957423
proposa	4957422
crasses	4957421
giga	4957420
demembrement	4957419
rechappe	4957418
suzi	4957417
entichee	4957416
aborigene	4957415
gloutons	4957414
poursuivit	4957413
blackbird	4957412
painter	4957411
soutire	4957410
lombaires	4957409
schizophrenes	4957408
matahachi	4957407
amamiya	4957406
mignone	4957405
soham	4957404
pikachu	4957403
northumberland	4957402
mallettes	4957401
polyvalent	4957400
katsushiro	4957399
adressera	4957398
condamnons	4957397
ramasseur	4957396
punjab	4957395
gabon	4957394
pedant	4957393
motorise	4957392
hustler	4957391
banalisee	4957390
eliminees	4957389
solarium	4957388
ensorceler	4957387
veloute	4957386
ajoutait	4957385
accomplirai	4957384
conga	4957383
macey	4957382
pouchkine	4957381
clete	4957380
profanes	4957379
nietzscheen	4957378
shino	4957377
sacoches	4957376
traverserai	4957375
neutralises	4957374
watty	4957373
dynasty	4957372
conquiert	4957371
haras	4957370
fœtal	4957369
dhs	4957368
tenailles	4957367
bourru	4957366
marga	4957365
amputes	4957364
orme	4957363
opossums	4957362
ches	4957361
parcourait	4957360
connasses	4957359
gueulait	4957358
recommandable	4957357
perignon	4957356
ensanglantes	4957355
inappropriees	4957354
captez	4957353
traviata	4957352
greniers	4957351
etablissent	4957350
kayo	4957349
akechi	4957348
appreciees	4957347
sprinter	4957346
vikass	4957345
surratt	4957344
decoloree	4957343
curley	4957342
ikeda	4957341
yeats	4957340
dormions	4957339
affale	4957338
transiger	4957337
ameneras	4957336
dunlap	4957335
joaquim	4957334
critiquent	4957333
edgardo	4957332
automobiliste	4957331
ach	4957330
atterrissages	4957329
seaborn	4957328
torpiller	4957327
feconder	4957326
barin	4957325
csivore	4957324
delirantes	4957323
capa	4957322
benevolement	4957321
milky	4957320
tetsuya	4957319
incredulite	4957318
profiterais	4957317
sergey	4957316
katharina	4957315
mitsuo	4957314
sacristain	4957313
eventualites	4957312
jemima	4957311
scarlatine	4957310
meubler	4957309
eclatement	4957308
enleveras	4957307
decrets	4957306
omniscient	4957305
kohei	4957304
oj	4957303
aristide	4957302
radford	4957301
electrocutee	4957300
diosa	4957299
salah	4957298
camionnettes	4957297
gauri	4957296
arpente	4957295
aid	4957294
mondialisation	4957293
nationalisme	4957292
prenatal	4957291
gaspacho	4957290
kester	4957289
volms	4957288
theon	4957287
diverti	4957286
abd	4957285
rolla	4957284
acquiesce	4957283
asservis	4957282
philosophiques	4957281
grumeaux	4957280
deguisent	4957279
permettaient	4957278
ansari	4957277
classifies	4957276
winchell	4957275
beam	4957274
haddad	4957273
ala	4957272
balayee	4957271
capeside	4957270
caster	4957269
dmt	4957268
bau	4957267
spooky	4957266
envisagiez	4957265
tucci	4957264
litterale	4957263
danilo	4957262
concha	4957261
entrainees	4957260
immediates	4957259
talmadge	4957258
coreennes	4957257
baissait	4957256
subissons	4957255
bernes	4957254
rorschach	4957253
psychotherapeute	4957252
raise	4957251
crows	4957250
amphibie	4957249
murtaugh	4957248
blackadder	4957247
octavius	4957246
ania	4957245
excentricite	4957244
farfadet	4957243
shipley	4957242
employons	4957241
ralf	4957240
reptiliens	4957239
lando	4957238
pencherais	4957237
pamphlet	4957236
rp	4957235
conscription	4957234
rencarts	4957233
oscille	4957232
indirect	4957231
ele	4957230
arliss	4957229
pressure	4957228
accordant	4957227
mancuso	4957226
marcheurs	4957225
emplie	4957224
claw	4957223
jouees	4957222
normands	4957221
budweiser	4957220
magnats	4957219
leviez	4957218
couchees	4957217
reniflant	4957216
poussons	4957215
absentes	4957214
ufs	4957213
fromm	4957212
jaimie	4957211
fanion	4957210
renvoyait	4957209
yoshiwara	4957208
gaspillent	4957207
fourniture	4957206
kui	4957205
villanueva	4957204
mirakuru	4957203
vieira	4957202
amulettes	4957201
atteindrai	4957200
trail	4957199
woodbury	4957198
dernia	4957197
whao	4957196
rupins	4957195
nome	4957194
egalent	4957193
desinfecte	4957192
gauffres	4957191
marietta	4957190
romances	4957189
empecherais	4957188
harceleurs	4957187
olav	4957186
hypodermique	4957185
sonotone	4957184
ameliorez	4957183
opposez	4957182
thames	4957181
hamlin	4957180
zaki	4957179
guermantes	4957178
brouillons	4957177
absentee	4957176
culottee	4957175
intervenants	4957174
incessante	4957173
grooms	4957172
remarquait	4957171
maisonnette	4957170
patineurs	4957169
bolero	4957168
corrado	4957167
rough	4957166
innommable	4957165
hikaru	4957164
sautaient	4957163
meiji	4957162
omni	4957161
decouragez	4957160
visees	4957159
javert	4957158
auteure	4957157
sbire	4957156
douillette	4957155
inventais	4957154
radium	4957153
aviserai	4957152
jinora	4957151
landes	4957150
fonctionnant	4957149
detournait	4957148
impressionnent	4957147
voil	4957146
touts	4957145
tornado	4957144
amaurote	4957143
recontactera	4957142
saliere	4957141
seon	4957140
fairmont	4957139
muffy	4957138
appuyait	4957137
monberg	4957136
voltige	4957135
immoler	4957134
biarritz	4957133
coates	4957132
belov	4957131
revinrent	4957130
concetta	4957129
stingray	4957128
debridee	4957127
theoricien	4957126
milverton	4957125
osawa	4957124
simi	4957123
appate	4957122
maker	4957121
silice	4957120
mms	4957119
premium	4957118
tribulations	4957117
sentions	4957116
yoshioka	4957115
earnhardt	4957114
kala	4957113
equestria	4957112
minoritaire	4957111
impetueuse	4957110
kasai	4957109
brulais	4957108
casaya	4957107
stuyvesant	4957106
assidu	4957105
ailee	4957104
epiphanie	4957103
kleinman	4957102
sectaire	4957101
gacy	4957100
cusack	4957099
horseman	4957098
craner	4957097
porcine	4957096
derangeante	4957095
vitreux	4957094
gelula	4957093
thisbe	4957092
incertains	4957091
nicolai	4957090
etancher	4957089
aps	4957088
capo	4957087
southwest	4957086
gunaddict	4957085
rajah	4957084
gto	4957083
zita	4957082
hoskins	4957081
larmoyant	4957080
tintouin	4957079
ewings	4957078
florale	4957077
agrestic	4957076
depouillee	4957075
malchanceuse	4957074
surchargee	4957073
arides	4957072
ulterieure	4957071
bounce	4957070
fiait	4957069
espo	4957068
machu	4957067
jarmon	4957066
minijupe	4957065
chopez	4957064
kawaguchi	4957063
enerverait	4957062
fongique	4957061
asphyxier	4957060
rackham	4957059
etablira	4957058
salerno	4957057
roturier	4957056
chronometrer	4957055
murale	4957054
rules	4957053
dressait	4957052
maxence	4957051
plaides	4957050
proof	4957049
acidose	4957048
transi	4957047
louerai	4957046
schell	4957045
endettee	4957044
carmody	4957043
passionnants	4957042
rucker	4957041
crans	4957040
essayerons	4957039
disputions	4957038
mythomane	4957037
naquadria	4957036
universe	4957035
butcher	4957034
publierai	4957033
pommeau	4957032
haywood	4957031
fdle	4957030
adresserai	4957029
clouds	4957028
collectifs	4957027
interceptes	4957026
resille	4957025
hygieniques	4957024
omo	4957023
duchamp	4957022
genoa	4957021
graviers	4957020
troublent	4957019
braconnage	4957018
heloise	4957017
roulis	4957016
engourdis	4957015
frottait	4957014
bidonvilles	4957013
deakins	4957012
shilo	4957011
build	4957010
ramassees	4957009
pickford	4957008
kikuchiyo	4957007
directorat	4957006
darry	4957005
quantiques	4957004
crenom	4957003
nenni	4957002
sheraton	4957001
berserker	4957000
trumpet	4956999
wilmer	4956998
vantant	4956997
selznick	4956996
omicron	4956995
balayez	4956994
commentje	4956993
cowan	4956992
rassurez	4956991
frist	4956990
frapperont	4956989
dakar	4956988
caliente	4956987
accourir	4956986
concentrait	4956985
sechait	4956984
filmant	4956983
kusanagi	4956982
quaid	4956981
frappees	4956980
lass	4956979
hanovre	4956978
finissants	4956977
zweig	4956976
sargent	4956975
gelait	4956974
coley	4956973
tomi	4956972
baccarat	4956971
emancipee	4956970
serenity	4956969
ravenswood	4956968
oisillons	4956967
racketter	4956966
wysocki	4956965
sodomiser	4956964
greenleaf	4956963
perturbez	4956962
groin	4956961
shingen	4956960
partiraient	4956959
checke	4956958
lobbying	4956957
listing	4956956
gnocchi	4956955
entendriez	4956954
flippee	4956953
caddies	4956952
lemansky	4956951
leveront	4956950
tltra	4956949
musulmanes	4956948
corrompues	4956947
underlay	4956946
shiatsu	4956945
kromaggs	4956944
puppy	4956943
filerais	4956942
influe	4956941
indetectables	4956940
terreux	4956939
appelera	4956938
coaching	4956937
genovese	4956936
vendes	4956935
nouba	4956934
appliquait	4956933
retablissez	4956932
apeures	4956931
kidley	4956930
accouchant	4956929
levriers	4956928
humoristique	4956927
manufacture	4956926
laparotomie	4956925
bosniaque	4956924
tinle	4956923
poireaute	4956922
amerloque	4956921
sanshiro	4956920
demenageons	4956919
clippers	4956918
insensibilite	4956917
seagal	4956916
coest	4956915
elargie	4956914
avouant	4956913
rui	4956912
tairais	4956911
wald	4956910
tutsis	4956909
mma	4956908
kristoff	4956907
rediffusions	4956906
ignominie	4956905
profiterez	4956904
picorer	4956903
bonny	4956902
lodi	4956901
dorer	4956900
evaluee	4956899
biographies	4956898
nra	4956897
meadowlands	4956896
cersei	4956895
eclairant	4956894
sweats	4956893
halls	4956892
caquet	4956891
injecteurs	4956890
philanthropie	4956889
later	4956888
developpait	4956887
xiaoyu	4956886
schwimmer	4956885
devaster	4956884
hotdog	4956883
dedalus	4956882
teck	4956881
mmes	4956880
zona	4956879
bourrin	4956878
pleura	4956877
riddle	4956876
ricoche	4956875
taquet	4956874
foirez	4956873
deterree	4956872
collapsus	4956871
hasegawa	4956870
elis	4956869
lieber	4956868
ouri	4956867
reapparue	4956866
bavoir	4956865
adena	4956864
furious	4956863
collingridge	4956862
chochottes	4956861
envoit	4956860
ehlert	4956859
enivre	4956858
italia	4956857
foncierement	4956856
wou	4956855
kitano	4956854
matilde	4956853
dionysos	4956852
medusa	4956851
pagode	4956850
detruirez	4956849
zeng	4956848
mance	4956847
hallucines	4956846
mordrai	4956845
loueur	4956844
moll	4956843
shiring	4956842
contemplation	4956841
meer	4956840
markoff	4956839
hormonale	4956838
naturaliste	4956837
croates	4956836
gull	4956835
rechauffent	4956834
incurables	4956833
parvenons	4956832
decibels	4956831
schuyler	4956830
objecte	4956829
portique	4956828
fonceur	4956827
granada	4956826
cotillon	4956825
carbonate	4956824
chiricahuas	4956823
surligne	4956822
decatur	4956821
alloue	4956820
berlusconi	4956819
degeneree	4956818
associant	4956817
corneilles	4956816
mastropiero	4956815
gc	4956814
aneantirait	4956813
lisaient	4956812
vaillante	4956811
consciencieuse	4956810
ensevelie	4956809
traiterait	4956808
jaguars	4956807
hippique	4956806
respecteront	4956805
camelias	4956804
westley	4956803
steinberg	4956802
ir	4956801
jian	4956800
cpe	4956799
moulu	4956798
morbides	4956797
fourmille	4956796
servirons	4956795
nullos	4956794
approximation	4956793
crumble	4956792
subissez	4956791
pea	4956790
sandale	4956789
cataplasme	4956788
grier	4956787
fluctuation	4956786
scintillement	4956785
civilisees	4956784
mandchous	4956783
depensons	4956782
hanbyul	4956781
inchangee	4956780
foncant	4956779
meurtrie	4956778
decimes	4956777
stepford	4956776
filatures	4956775
jada	4956774
scandalise	4956773
surin	4956772
gogos	4956771
tripotes	4956770
certification	4956769
gigolos	4956768
prost	4956767
indio	4956766
felon	4956765
reveilleront	4956764
godric	4956763
rajan	4956762
faisal	4956761
lurette	4956760
croisais	4956759
nop	4956758
controlerai	4956757
insisterai	4956756
plient	4956755
resolvons	4956754
chaudieres	4956753
bop	4956752
demarrera	4956751
submersible	4956750
connectent	4956749
combinees	4956748
campagnard	4956747
tywin	4956746
chuut	4956745
exploseront	4956744
suggerais	4956743
january	4956742
veillerais	4956741
attraits	4956740
japp	4956739
hydrauliques	4956738
shikoku	4956737
bernhard	4956736
asakawa	4956735
avarie	4956734
wonderland	4956733
construisaient	4956732
proxy	4956731
cecilie	4956730
delivrera	4956729
jeeps	4956728
rubio	4956727
deformes	4956726
renner	4956725
poudriere	4956724
merdeuse	4956723
astronomiques	4956722
chesney	4956721
hp	4956720
bannock	4956719
ambrosia	4956718
acheterons	4956717
ecoeure	4956716
acclament	4956715
celte	4956714
assassinent	4956713
distinct	4956712
baillonner	4956711
pyongyang	4956710
paludisme	4956709
approcherai	4956708
couperont	4956707
agencement	4956706
favre	4956705
bienfaitrice	4956704
guepier	4956703
stratagemes	4956702
delabree	4956701
comparons	4956700
interviewee	4956699
incoherence	4956698
opale	4956697
marmonnes	4956696
galerer	4956695
junte	4956694
portiers	4956693
dompte	4956692
individualisme	4956691
choir	4956690
tintent	4956689
repandus	4956688
chimistes	4956687
rondin	4956686
participais	4956685
insuffisants	4956684
chasseront	4956683
saverio	4956682
decues	4956681
mikaelson	4956680
kuala	4956679
pionniere	4956678
hessington	4956677
goh	4956676
uptown	4956675
calculon	4956674
remix	4956673
eblouie	4956672
orphelinats	4956671
iniquite	4956670
desactivees	4956669
authentification	4956668
dinesh	4956667
femmelettes	4956666
tab	4956665
fermeras	4956664
calmait	4956663
parees	4956662
huntzberger	4956661
plaidant	4956660
donzelle	4956659
carrer	4956658
cray	4956657
binghamton	4956656
impotent	4956655
gaucho	4956654
ribambelle	4956653
ciblent	4956652
virerai	4956651
petunia	4956650
jool	4956649
probatoire	4956648
defoncent	4956647
effacerai	4956646
momma	4956645
franchises	4956644
gibby	4956643
inculpez	4956642
kosuke	4956641
oxycontin	4956640
tasmanie	4956639
phineas	4956638
canaries	4956637
oms	4956636
munchausen	4956635
busan	4956634
declencherait	4956633
giacinto	4956632
redecore	4956631
gueuse	4956630
eskimo	4956629
pomponner	4956628
trompeurs	4956627
terek	4956626
wegener	4956625
courrant	4956624
mango	4956623
rook	4956622
broadsky	4956621
zuckerberg	4956620
revigorant	4956619
abrupte	4956618
serrerai	4956617
stork	4956616
wilberforce	4956615
ciboulot	4956614
sigle	4956613
necessites	4956612
zohar	4956611
inconvenante	4956610
bontes	4956609
plaidoiries	4956608
ornithologue	4956607
greenville	4956606
cooperera	4956605
orthopediques	4956604
irrepressible	4956603
girofle	4956602
gazeuses	4956601
promenee	4956600
stratford	4956599
resurgir	4956598
began	4956597
rampez	4956596
enemy	4956595
heidelberg	4956594
vodkas	4956593
refuseriez	4956592
nitrique	4956591
hush	4956590
tsukamoto	4956589
mondains	4956588
prouveront	4956587
davison	4956586
fountain	4956585
arriba	4956584
galway	4956583
sifflait	4956582
tay	4956581
soumettez	4956580
panic	4956579
narquois	4956578
manderley	4956577
appellee	4956576
visualisez	4956575
arabesque	4956574
diarrhees	4956573
dysfonctionnelle	4956572
cypress	4956571
testees	4956570
athelstan	4956569
unr	4956568
timbale	4956567
lounds	4956566
alterner	4956565
egarez	4956564
korby	4956563
whisper	4956562
recaler	4956561
barmen	4956560
honorerai	4956559
ood	4956558
guppy	4956557
dormants	4956556
euthanasier	4956555
mandalore	4956554
snobisme	4956553
louveteau	4956552
proferer	4956551
terminerait	4956550
guru	4956549
moulante	4956548
granges	4956547
duplicite	4956546
schraeder	4956545
bavardons	4956544
poserez	4956543
cicatrisation	4956542
eldon	4956541
saburo	4956540
extrapoler	4956539
representerait	4956538
eviterez	4956537
incompatibilite	4956536
courtisans	4956535
anticoagulant	4956534
ronan	4956533
shuichi	4956532
generalise	4956531
tauron	4956530
agaces	4956529
dairy	4956528
mortifie	4956527
bms	4956526
estimais	4956525
evangiles	4956524
suggerait	4956523
pourait	4956522
flottaient	4956521
glendenning	4956520
lslam	4956519
mixe	4956518
restitue	4956517
haskins	4956516
unni	4956515
magistrature	4956514
campait	4956513
surpassent	4956512
marital	4956511
returners	4956510
bomber	4956509
nieman	4956508
bourrelets	4956507
seacrest	4956506
pazzi	4956505
inopinement	4956504
mentit	4956503
kirkwood	4956502
lapine	4956501
quoyle	4956500
urinaires	4956499
islamiques	4956498
nanto	4956497
rejouissez	4956496
potin	4956495
quigley	4956494
qb	4956493
dabney	4956492
sensoriel	4956491
admettrai	4956490
yegor	4956489
emousse	4956488
remboursable	4956487
sacristie	4956486
iem	4956485
nines	4956484
motrice	4956483
sikh	4956482
affirmative	4956481
siffles	4956480
imogene	4956479
hauru	4956478
dali	4956477
tripots	4956476
utter	4956475
fitzwilliam	4956474
bubonique	4956473
ecraserait	4956472
fitzy	4956471
barmans	4956470
griffon	4956469
indra	4956468
slattery	4956467
arrangeront	4956466
magee	4956465
whoops	4956464
gainsley	4956463
thailandaise	4956462
remuent	4956461
katey	4956460
bouffant	4956459
moderer	4956458
caustique	4956457
esplanade	4956456
endosse	4956455
bouffie	4956454
clignement	4956453
installons	4956452
gauchistes	4956451
pippi	4956450
celebrity	4956449
eum	4956448
rainier	4956447
telecommandes	4956446
ruskin	4956445
crawl	4956444
gangnam	4956443
roms	4956442
malveillants	4956441
necromancien	4956440
yuichi	4956439
preambule	4956438
yash	4956437
empile	4956436
collusion	4956435
raciaux	4956434
redigee	4956433
choshu	4956432
diapo	4956431
seuss	4956430
cadrage	4956429
putney	4956428
faciaux	4956427
rassasier	4956426
gloves	4956425
generalisee	4956424
mayberry	4956423
raves	4956422
corolla	4956421
kaitlyn	4956420
elway	4956419
asiles	4956418
usman	4956417
poudrer	4956416
birth	4956415
punissait	4956414
ethylique	4956413
braquez	4956412
cojones	4956411
impermeables	4956410
limiers	4956409
irreflechie	4956408
autobiographique	4956407
mathusalem	4956406
haschich	4956405
gance	4956404
pendues	4956403
intemporelle	4956402
sant	4956401
blessantes	4956400
preventif	4956399
informaticiens	4956398
foudroyante	4956397
succedent	4956396
kidnappees	4956395
physiotherapie	4956394
pourpres	4956393
sauta	4956392
diapositives	4956391
chanterez	4956390
noh	4956389
geet	4956388
bavarois	4956387
facho	4956386
rincon	4956385
envi	4956384
seu	4956383
nasir	4956382
minerva	4956381
stonehenge	4956380
ressortez	4956379
cherbourg	4956378
balla	4956377
ryker	4956376
breaker	4956375
juiz	4956374
dill	4956373
umrao	4956372
infiltrent	4956371
renfrogne	4956370
soignais	4956369
epile	4956368
chauffant	4956367
pisseux	4956366
cis	4956365
valoriser	4956364
dealeuse	4956363
blasphemateur	4956362
bavardait	4956361
newberg	4956360
messner	4956359
queeg	4956358
valance	4956357
nox	4956356
status	4956355
differement	4956354
lavomatic	4956353
lean	4956352
portuaires	4956351
perforations	4956350
fayette	4956349
annuaires	4956348
mesaventures	4956347
krug	4956346
sia	4956345
quinzieme	4956344
bushrod	4956343
empty	4956342
derapages	4956341
suvek	4956340
atteindrait	4956339
sanctionner	4956338
credite	4956337
interlude	4956336
glycol	4956335
beacoup	4956334
buccale	4956333
chisholm	4956332
remplissons	4956331
loo	4956330
cryptees	4956329
brodeur	4956328
bodine	4956327
entropie	4956326
gables	4956325
petoche	4956324
hori	4956323
chau	4956322
inexplore	4956321
veineuse	4956320
parions	4956319
veilleras	4956318
galvan	4956317
injecteur	4956316
visiteuse	4956315
pressens	4956314
bizarro	4956313
questionnez	4956312
dunston	4956311
lechez	4956310
frazer	4956309
adlai	4956308
hemlock	4956307
thallium	4956306
abbesse	4956305
deguerpi	4956304
renarde	4956303
sentences	4956302
brancardier	4956301
ficherait	4956300
speer	4956299
vaccinee	4956298
inexperimentee	4956297
contraceptif	4956296
suivions	4956295
nantis	4956294
souviendrons	4956293
neddy	4956292
ecrevisse	4956291
akbari	4956290
norrell	4956289
broke	4956288
lycra	4956287
zsa	4956286
foxx	4956285
guili	4956284
rings	4956283
margate	4956282
millionaire	4956281
raies	4956280
invita	4956279
mora	4956278
toya	4956277
attirais	4956276
affectifs	4956275
qualifiees	4956274
carrees	4956273
mosquees	4956272
etole	4956271
geno	4956270
osborn	4956269
figuration	4956268
fanning	4956267
frequentiez	4956266
haibane	4956265
prononcent	4956264
uriel	4956263
brennen	4956262
langes	4956261
reflechiras	4956260
broom	4956259
deblaterer	4956258
sinead	4956257
baisees	4956256
improbables	4956255
lmpressionnant	4956254
frappiez	4956253
thumper	4956252
florin	4956251
battants	4956250
boyards	4956249
guimbarde	4956248
crevait	4956247
qaida	4956246
barm	4956245
ballistique	4956244
ferrais	4956243
abordes	4956242
sonnets	4956241
ricine	4956240
connaisseurs	4956239
lancaient	4956238
impurs	4956237
impressione	4956236
blogueur	4956235
installais	4956234
chauffez	4956233
stash	4956232
cesseras	4956231
takei	4956230
absorbes	4956229
boursiers	4956228
praticien	4956227
dominait	4956226
cheshire	4956225
veneration	4956224
newell	4956223
task	4956222
claremont	4956221
inquietants	4956220
berceuses	4956219
inhabite	4956218
parrainer	4956217
emportees	4956216
horus	4956215
roquefort	4956214
methanol	4956213
samaritains	4956212
exchange	4956211
demeurait	4956210
manne	4956209
inhabitable	4956208
concentrations	4956207
enfuyez	4956206
baisons	4956205
ged	4956204
smooth	4956203
rappe	4956202
nicht	4956201
auditives	4956200
surmenee	4956199
artisanales	4956198
remuee	4956197
lateraux	4956196
dialectique	4956195
vius	4956194
confirmons	4956193
onction	4956192
ripostez	4956191
glacer	4956190
accours	4956189
fautifs	4956188
marble	4956187
grimpeur	4956186
enjamber	4956185
naguere	4956184
contorsionniste	4956183
pleureras	4956182
deshabillent	4956181
evanston	4956180
diablotin	4956179
chargeais	4956178
damner	4956177
harrigan	4956176
constantino	4956175
mentalist	4956174
shinohara	4956173
altimetre	4956172
barak	4956171
buteur	4956170
lechait	4956169
muettes	4956168
pucci	4956167
tapera	4956166
bartley	4956165
alcove	4956164
thorazine	4956163
cic	4956162
epousiez	4956161
cunt	4956160
banals	4956159
brodsky	4956158
creerai	4956157
coulis	4956156
backstage	4956155
spontanees	4956154
semoule	4956153
ramassera	4956152
maitrisais	4956151
lachie	4956150
itait	4956149
dressera	4956148
giclee	4956147
paint	4956146
analysent	4956145
latent	4956144
saira	4956143
compromettrait	4956142
belcher	4956141
gentillesses	4956140
solonius	4956139
mysticisme	4956138
masturbes	4956137
amenagements	4956136
sisyphe	4956135
perfides	4956134
whipple	4956133
illes	4956132
vendrons	4956131
accumulee	4956130
breckenridge	4956129
phillies	4956128
doublera	4956127
heho	4956126
decouche	4956125
mocha	4956124
stockee	4956123
negociateurs	4956122
tulse	4956121
chatouilleuse	4956120
dacodac	4956119
heywood	4956118
ligatures	4956117
commerage	4956116
mole	4956115
saltzman	4956114
empirique	4956113
biltmore	4956112
clinquant	4956111
chunhyang	4956110
entache	4956109
conchita	4956108
multiplies	4956107
apporterons	4956106
geologiques	4956105
pomeroy	4956104
calle	4956103
astraeus	4956102
norbit	4956101
devoiles	4956100
asif	4956099
dechiquetee	4956098
kanbei	4956097
gemissent	4956096
ressentaient	4956095
dobby	4956094
debordait	4956093
etirement	4956092
chtouille	4956091
abrupt	4956090
surpeuple	4956089
depressifs	4956088
vautre	4956087
exuberance	4956086
retiriez	4956085
demerol	4956084
bihaedangjip	4956083
venerienne	4956082
waleikum	4956081
bormann	4956080
cabeza	4956079
crocos	4956078
cervical	4956077
kippour	4956076
multipliez	4956075
cautionner	4956074
dependances	4956073
enseignera	4956072
bees	4956071
extrade	4956070
trompaient	4956069
duche	4956068
nara	4956067
ily	4956066
cadi	4956065
regorgent	4956064
engagea	4956063
ensanglantees	4956062
palir	4956061
arigato	4956060
excusait	4956059
luisinha	4956058
alignez	4956057
ouin	4956056
ayanami	4956055
essoufflement	4956054
cedars	4956053
affrete	4956052
envoutant	4956051
quidam	4956050
rawley	4956049
enrayee	4956048
craigne	4956047
geologues	4956046
cernik	4956045
accumulees	4956044
membranes	4956043
hermano	4956042
stephie	4956041
abdiquer	4956040
arendelle	4956039
exploitable	4956038
grable	4956037
oris	4956036
togo	4956035
chamois	4956034
couenne	4956033
stellaires	4956032
verifierais	4956031
demenagements	4956030
cover	4956029
concurrentes	4956028
tatons	4956027
confondus	4956026
supprimant	4956025
enflammees	4956024
scorch	4956023
negociait	4956022
pointeur	4956021
transcendant	4956020
repandant	4956019
denonciateur	4956018
adelina	4956017
relevement	4956016
invasions	4956015
infantiles	4956014
murch	4956013
allures	4956012
dat	4956011
composees	4956010
examinait	4956009
gerrard	4956008
doinel	4956007
warfield	4956006
bubs	4956005
recommandes	4956004
entrevu	4956003
buxton	4956002
haplin	4956001
emoussee	4956000
hiko	4955999
pauv	4955998
cham	4955997
telechargee	4955996
fouteur	4955995
doogie	4955994
amo	4955993
supply	4955992
entrerais	4955991
collabo	4955990
augmentons	4955989
parleurs	4955988
laminer	4955987
harponner	4955986
desaxe	4955985
lani	4955984
flotteurs	4955983
caryn	4955982
huggins	4955981
kite	4955980
tentatrice	4955979
stuck	4955978
monorail	4955977
senseurs	4955976
convaincantes	4955975
fracassee	4955974
divertissante	4955973
medea	4955972
ambassador	4955971
sirote	4955970
krav	4955969
hecht	4955968
strident	4955967
muqueuse	4955966
lapinou	4955965
berkowitz	4955964
madero	4955963
recommandables	4955962
taªte	4955961
existences	4955960
rejouissent	4955959
debordements	4955958
toujour	4955957
rissalah	4955956
window	4955955
puerils	4955954
encline	4955953
bruges	4955952
reclames	4955951
amphetes	4955950
battions	4955949
trichant	4955948
talismans	4955947
descendues	4955946
bebete	4955945
prevenante	4955944
seyant	4955943
chupacabra	4955942
champetre	4955941
botterais	4955940
endocardite	4955939
demerdes	4955938
baer	4955937
spectrale	4955936
walcott	4955935
seeker	4955934
pout	4955933
opposerai	4955932
versera	4955931
craniotomie	4955930
lsrael	4955929
parient	4955928
vermisseau	4955927
spongieux	4955926
instantanees	4955925
cryogenie	4955924
avancais	4955923
sonna	4955922
voirie	4955921
taises	4955920
redeviendrai	4955919
legation	4955918
puccini	4955917
rendors	4955916
kd	4955915
probl	4955914
ventile	4955913
recopie	4955912
assecher	4955911
pendry	4955910
marmot	4955909
excusent	4955908
fiottes	4955907
aiguillon	4955906
cancans	4955905
kujo	4955904
commercialiser	4955903
camilo	4955902
collyre	4955901
ignares	4955900
unifiee	4955899
ester	4955898
lissy	4955897
calzone	4955896
emises	4955895
zaza	4955894
mondo	4955893
yalta	4955892
tomographie	4955891
bulgares	4955890
riront	4955889
verriere	4955888
gremlin	4955887
recup	4955886
alim	4955885
falsifies	4955884
tchekhov	4955883
bazdebaz	4955882
puceaux	4955881
germanicus	4955880
lakeshore	4955879
margery	4955878
serpillere	4955877
ens	4955876
gamberger	4955875
insistons	4955874
motocyclette	4955873
inhibition	4955872
entasse	4955871
recueillies	4955870
coincez	4955869
malp	4955868
rabibocher	4955867
televiseurs	4955866
javais	4955865
violetta	4955864
importations	4955863
sechage	4955862
erectus	4955861
vosu	4955860
enfuirait	4955859
echappez	4955858
exclusives	4955857
cuthbert	4955856
revolutionne	4955855
decidant	4955854
flashbacks	4955853
temudjin	4955852
fichtrement	4955851
hospitalises	4955850
inquieterai	4955849
mestre	4955848
flaco	4955847
petersburg	4955846
pilosite	4955845
reaper	4955844
ewa	4955843
gresillement	4955842
jorgensen	4955841
lutie	4955840
engourdies	4955839
guidees	4955838
fournirons	4955837
loose	4955836
logent	4955835
svu	4955834
bellagio	4955833
raseur	4955832
detroner	4955831
linder	4955830
indisciplines	4955829
regule	4955828
carbonises	4955827
epiques	4955826
dilettante	4955825
eloquente	4955824
moribond	4955823
poucelina	4955822
socrates	4955821
marcherez	4955820
sucrer	4955819
relacherai	4955818
bethlehem	4955817
lemond	4955816
embaumer	4955815
brest	4955814
relaie	4955813
motoneige	4955812
nigga	4955811
oestrogenes	4955810
gaspillee	4955809
noterez	4955808
prussien	4955807
takechi	4955806
dongo	4955805
specialiser	4955804
zebraman	4955803
accroissement	4955802
gommage	4955801
minier	4955800
glorifie	4955799
harrisson	4955798
pinochet	4955797
patineuse	4955796
opportunistes	4955795
soya	4955794
martinelli	4955793
dedoublement	4955792
jarnac	4955791
azt	4955790
arjuna	4955789
durite	4955788
raclures	4955787
eff	4955786
apparat	4955785
madelyn	4955784
bedlam	4955783
moussa	4955782
usez	4955781
freluquet	4955780
excusais	4955779
goelette	4955778
loredana	4955777
remmy	4955776
anaheim	4955775
asterisque	4955774
shelburne	4955773
kumbaya	4955772
precipitations	4955771
assistais	4955770
rayonnes	4955769
taffetas	4955768
cassis	4955767
reunirons	4955766
preterais	4955765
larsan	4955764
darzac	4955763
blockbuster	4955762
senegal	4955761
winky	4955760
dinsdale	4955759
repoussait	4955758
mombasa	4955757
fig	4955756
slider	4955755
monnaies	4955754
apparentes	4955753
pleureur	4955752
requiers	4955751
foc	4955750
crepitement	4955749
schulz	4955748
ressemblerais	4955747
chuchotent	4955746
pavee	4955745
layne	4955744
bidules	4955743
justifiees	4955742
looping	4955741
pourvoyeur	4955740
infectieuse	4955739
feins	4955738
baladeur	4955737
uber	4955736
scusi	4955735
foyet	4955734
hedy	4955733
shock	4955732
shige	4955731
relaxez	4955730
voliere	4955729
hanoi	4955728
garantira	4955727
amphes	4955726
frauder	4955725
ivana	4955724
serpentins	4955723
impromptue	4955722
aig	4955721
bafouer	4955720
consciencieusement	4955719
reclamez	4955718
psychedeliques	4955717
incessants	4955716
allongent	4955715
coruscant	4955714
celebree	4955713
parlotte	4955712
buvette	4955711
combs	4955710
divertis	4955709
stabilisez	4955708
favorisent	4955707
marierez	4955706
mobley	4955705
reelire	4955704
avenger	4955703
luxation	4955702
victuailles	4955701
formateur	4955700
trahissant	4955699
snart	4955698
faberge	4955697
dio	4955696
rembarre	4955695
inegale	4955694
mathew	4955693
beant	4955692
elmore	4955691
sequoia	4955690
redfern	4955689
empresse	4955688
cherit	4955687
energiquement	4955686
recevrait	4955685
eolienne	4955684
depucele	4955683
chew	4955682
keuf	4955681
guenilles	4955680
kiefer	4955679
lamm	4955678
epicer	4955677
semez	4955676
follies	4955675
remercierais	4955674
midian	4955673
aguerri	4955672
tardives	4955671
vacante	4955670
cashmere	4955669
dribbler	4955668
hilde	4955667
friques	4955666
thane	4955665
pelletier	4955664
greenway	4955663
reduisons	4955662
baz	4955661
neandertal	4955660
adelle	4955659
leech	4955658
tootsie	4955657
outdoor	4955656
impitoyablement	4955655
irrealisable	4955654
adriano	4955653
tsu	4955652
tsuchiya	4955651
taste	4955650
productifs	4955649
eclairent	4955648
bertrix	4955647
honeycutt	4955646
tyrannosaure	4955645
oracles	4955644
shim	4955643
zorba	4955642
mifune	4955641
malmenee	4955640
estivale	4955639
broome	4955638
kehoe	4955637
echangiste	4955636
changeur	4955635
virerais	4955634
illyria	4955633
troquet	4955632
obeissais	4955631
microns	4955630
sakuma	4955629
œillet	4955628
wilke	4955627
engendree	4955626
wharf	4955625
edelstein	4955624
eclairante	4955623
sandwicherie	4955622
adulteres	4955621
fujii	4955620
birdy	4955619
eckland	4955618
kerouac	4955617
territoriale	4955616
accordees	4955615
agrandissez	4955614
saisissent	4955613
autoriserait	4955612
raya	4955611
schlomo	4955610
mchale	4955609
humidificateur	4955608
tric	4955607
clamse	4955606
praªt	4955605
join	4955604
alarmante	4955603
esseulee	4955602
renoncant	4955601
revoyait	4955600
insistante	4955599
zzz	4955598
fascinent	4955597
lacherait	4955596
tacle	4955595
cambouis	4955594
justifies	4955593
sindy	4955592
cortes	4955591
rirais	4955590
conceptuel	4955589
maitrisait	4955588
renforcera	4955587
kush	4955586
flottais	4955585
humbert	4955584
incomplets	4955583
michelangelo	4955582
wicca	4955581
sauviez	4955580
nenette	4955579
beurrer	4955578
reengager	4955577
nak	4955576
dionne	4955575
gord	4955574
stills	4955573
remettrons	4955572
affectant	4955571
ravissants	4955570
malini	4955569
sancti	4955568
refractaire	4955567
padilla	4955566
gribble	4955565
formidablement	4955564
bonsai	4955563
degueule	4955562
piquais	4955561
accordiez	4955560
lapidus	4955559
conley	4955558
educatrice	4955557
oldman	4955556
estropier	4955555
demissions	4955554
lucci	4955553
tomo	4955552
ismael	4955551
entrecote	4955550
definies	4955549
garnet	4955548
prom	4955547
hantise	4955546
snuff	4955545
excommunie	4955544
kenton	4955543
als	4955542
applicable	4955541
avancaient	4955540
camillo	4955539
attractif	4955538
profere	4955537
inexperience	4955536
virulent	4955535
disqualifier	4955534
pecs	4955533
entreprend	4955532
comptoirs	4955531
delirium	4955530
antony	4955529
varek	4955528
cruiser	4955527
tomek	4955526
lavery	4955525
pasa	4955524
dor	4955523
recuperant	4955522
logos	4955521
plongera	4955520
farscape	4955519
kasius	4955518
exaltante	4955517
fervents	4955516
napolitain	4955515
giardello	4955514
azusa	4955513
conduisons	4955512
giuliani	4955511
quelquepart	4955510
prononcant	4955509
deflagration	4955508
arash	4955507
charretier	4955506
resistantes	4955505
foucault	4955504
acclimater	4955503
indians	4955502
radu	4955501
coulaient	4955500
ponctuels	4955499
fatso	4955498
mcneal	4955497
luiz	4955496
sayo	4955495
sentimentalement	4955494
ghislaine	4955493
numerotation	4955492
paraissaient	4955491
hazlit	4955490
detachent	4955489
occasionnels	4955488
ballonne	4955487
convoiter	4955486
abritent	4955485
relisez	4955484
corinna	4955483
reconfortee	4955482
palets	4955481
mcnab	4955480
riders	4955479
warcraft	4955478
calibrer	4955477
tiendraient	4955476
kuen	4955475
nourritures	4955474
pammy	4955473
suppliera	4955472
nommera	4955471
addictions	4955470
nishida	4955469
comescu	4955468
exercant	4955467
impuretes	4955466
envoyeur	4955465
lewinsky	4955464
manda	4955463
amp	4955462
esp	4955461
ratatine	4955460
exterminateurs	4955459
viggo	4955458
villains	4955457
stilton	4955456
amman	4955455
moussaillon	4955454
westmoreland	4955453
piedmont	4955452
gascogne	4955451
specialisees	4955450
ennuyes	4955449
turned	4955448
cotieres	4955447
jouissent	4955446
tomlin	4955445
xandir	4955444
douglass	4955443
rement	4955442
morpheus	4955441
merdez	4955440
voluptueuse	4955439
massifs	4955438
mandalay	4955437
multitache	4955436
supposement	4955435
ineptie	4955434
grisonnant	4955433
teckel	4955432
sacerdoce	4955431
зa	4955430
insolites	4955429
soutiendront	4955428
nip	4955427
gaylord	4955426
kiryu	4955425
focker	4955424
examinais	4955423
hasty	4955422
accusees	4955421
germer	4955420
encino	4955419
kimmel	4955418
empoisonneur	4955417
embusque	4955416
amendements	4955415
influencent	4955414
controlerons	4955413
œuvrer	4955412
robins	4955411
interessons	4955410
versait	4955409
prior	4955408
visitee	4955407
periront	4955406
jordi	4955405
larguees	4955404
patauge	4955403
telegraphier	4955402
traders	4955401
coules	4955400
bouffait	4955399
pechais	4955398
bizzare	4955397
apparaissaient	4955396
plaid	4955395
vindaloo	4955394
leclerc	4955393
narrow	4955392
cyclones	4955391
triomphale	4955390
alphabetisation	4955389
heroines	4955388
flandre	4955387
murrow	4955386
zozo	4955385
insoumis	4955384
visitant	4955383
mondaines	4955382
reparties	4955381
mecenes	4955380
bruner	4955379
kyuzo	4955378
wayland	4955377
tilda	4955376
gentatsu	4955375
frusques	4955374
tribaux	4955373
arcy	4955372
latines	4955371
cherement	4955370
schopenhauer	4955369
polonium	4955368
santoro	4955367
aoi	4955366
extravagantes	4955365
coloniser	4955364
illegitimes	4955363
toshiro	4955362
illustrated	4955361
inflammables	4955360
salman	4955359
electroniquement	4955358
mattis	4955357
borderline	4955356
shoji	4955355
emerveiller	4955354
plimpton	4955353
divination	4955352
dissocier	4955351
malaga	4955350
monasteres	4955349
floki	4955348
nuts	4955347
scooters	4955346
michal	4955345
buterai	4955344
environnements	4955343
mezzanine	4955342
videes	4955341
corvo	4955340
stump	4955339
pincez	4955338
dualite	4955337
quality	4955336
chanterait	4955335
emotifs	4955334
planchet	4955333
jibraan	4955332
widener	4955331
bueller	4955330
morolto	4955329
devaler	4955328
baillonne	4955327
viabilite	4955326
timer	4955325
accepterons	4955324
libertador	4955323
mantus	4955322
marieuse	4955321
feve	4955320
cassoulet	4955319
recouvrent	4955318
shakur	4955317
redescende	4955316
declarera	4955315
cochonnet	4955314
disposait	4955313
cucaracha	4955312
intracables	4955311
wit	4955310
fleuristes	4955309
alpagas	4955308
elementary	4955307
krebs	4955306
notoires	4955305
yn	4955304
dirlo	4955303
silly	4955302
orton	4955301
ellery	4955300
financait	4955299
stockdale	4955298
bougee	4955297
dimensionnel	4955296
cessna	4955295
repartirons	4955294
cronkite	4955293
legionnaires	4955292
cilenti	4955291
debarrasserais	4955290
cast	4955289
etalee	4955288
brill	4955287
carrel	4955286
accomplissez	4955285
dixiemes	4955284
claviers	4955283
blas	4955282
princier	4955281
pats	4955280
enregistrais	4955279
semyon	4955278
tabagisme	4955277
formelles	4955276
fedora	4955275
niska	4955274
ranime	4955273
snipes	4955272
competiteurs	4955271
croisements	4955270
transgeniques	4955269
mulberry	4955268
rampart	4955267
vanning	4955266
confisquees	4955265
travaillee	4955264
habituees	4955263
irritabilite	4955262
marseillaise	4955261
katsuko	4955260
vaseux	4955259
soup	4955258
thaw	4955257
cousteau	4955256
piak	4955255
malformations	4955254
babines	4955253
decentes	4955252
briquets	4955251
grateful	4955250
abuela	4955249
blart	4955248
compromettez	4955247
basra	4955246
prep	4955245
escompte	4955244
intrusions	4955243
maxillaire	4955242
huilee	4955241
priaient	4955240
macaques	4955239
empruntent	4955238
alastair	4955237
poudreuse	4955236
temoignant	4955235
brouillees	4955234
goken	4955233
corrosion	4955232
pastel	4955231
enfoncait	4955230
orbital	4955229
greenwood	4955228
legat	4955227
wratten	4955226
calee	4955225
abdallah	4955224
return	4955223
affoles	4955222
cultivateurs	4955221
campeur	4955220
mecas	4955219
lidia	4955218
dmbmh	4955217
marmottes	4955216
vixen	4955215
livie	4955214
despote	4955213
luttaient	4955212
radial	4955211
demineur	4955210
fujino	4955209
saleh	4955208
fonctionnels	4955207
centurions	4955206
browns	4955205
atta	4955204
grunwald	4955203
creuset	4955202
abordons	4955201
ic	4955200
marita	4955199
wired	4955198
etudiees	4955197
koga	4955196
reaffectation	4955195
holman	4955194
parrainage	4955193
sculptee	4955192
proletaires	4955191
croupion	4955190
oir	4955189
spud	4955188
parlees	4955187
debite	4955186
jebediah	4955185
representiez	4955184
rejouissons	4955183
isle	4955182
parraine	4955181
punching	4955180
tallis	4955179
ehontee	4955178
ensevelis	4955177
approfondies	4955176
remontees	4955175
rassurerait	4955174
traduite	4955173
insolents	4955172
chamaille	4955171
betel	4955170
offensives	4955169
incineres	4955168
administree	4955167
malencontreusement	4955166
dole	4955165
jurerait	4955164
cornflakes	4955163
islands	4955162
garson	4955161
emanciper	4955160
renouvelee	4955159
fumigene	4955158
muer	4955157
effective	4955156
enquetiez	4955155
evitiez	4955154
jacket	4955153
dorchester	4955152
vtt	4955151
sodomise	4955150
trompees	4955149
lash	4955148
viel	4955147
matsuko	4955146
filmore	4955145
junuh	4955144
diwali	4955143
eglee	4955142
chrysalide	4955141
brulerait	4955140
acrobatie	4955139
consommait	4955138
imperativement	4955137
doggie	4955136
wolfie	4955135
breed	4955134
doublage	4955133
reconnaissances	4955132
borough	4955131
rebondis	4955130
attraperais	4955129
santal	4955128
prophetique	4955127
bevan	4955126
irrespect	4955125
ngo	4955124
affliges	4955123
raptors	4955122
pil	4955121
luli	4955120
conasse	4955119
parue	4955118
weiner	4955117
secourisme	4955116
pavlova	4955115
apre	4955114
talos	4955113
embrassees	4955112
baches	4955111
maximilian	4955110
manami	4955109
auvent	4955108
haggis	4955107
sheehan	4955106
micki	4955105
deplacaient	4955104
germanique	4955103
saris	4955102
medaillons	4955101
kostya	4955100
maquilleur	4955099
tear	4955098
socialiser	4955097
lorde	4955096
shinkai	4955095
plaisantiez	4955094
agirons	4955093
manipulant	4955092
toscanni	4955091
cadmus	4955090
zibeline	4955089
callaway	4955088
nene	4955087
baisserai	4955086
soubrette	4955085
takayama	4955084
superpouvoirs	4955083
coto	4955082
formiez	4955081
guidez	4955080
verdun	4955079
chercherez	4955078
theis	4955077
bartok	4955076
incestueux	4955075
sandhya	4955074
assimilation	4955073
sarrasins	4955072
trudeau	4955071
sarkozy	4955070
valery	4955069
yakko	4955068
sodomite	4955067
elfy	4955066
gueriront	4955065
chataigne	4955064
penchent	4955063
pp	4955062
lethargie	4955061
lawford	4955060
stockent	4955059
charriot	4955058
rockstar	4955057
bourricot	4955056
vrp	4955055
softitler	4955054
revoyant	4955053
targaryen	4955052
eparpiller	4955051
batelier	4955050
notifier	4955049
irremediable	4955048
voi	4955047
chest	4955046
wray	4955045
paya	4955044
fukushima	4955043
embraser	4955042
moin	4955041
toyo	4955040
surhumain	4955039
couic	4955038
concluantes	4955037
echouerai	4955036
danserons	4955035
mals	4955034
bonniche	4955033
informatise	4955032
poursuivrais	4955031
dryden	4955030
oxygenee	4955029
chatelain	4955028
disproportionne	4955027
dynamisme	4955026
twix	4955025
devastes	4955024
dissimules	4955023
carris	4955022
accroupir	4955021
cageots	4955020
mccracken	4955019
wakko	4955018
pantomime	4955017
poncherello	4955016
tamoul	4955015
reinhard	4955014
westeros	4955013
lebowski	4955012
deraillement	4955011
tentacule	4955010
kellog	4955009
regicide	4955008
peinards	4955007
paralysees	4955006
salissent	4955005
couric	4955004
hautaine	4955003
modigliani	4955002
manoel	4955001
vallarta	4955000
cinetique	4954999
mouvante	4954998
suiveurs	4954997
simulant	4954996
bast	4954995
otaries	4954994
bourdonnements	4954993
mitsubishi	4954992
kieren	4954991
filtration	4954990
nyc	4954989
traumatologie	4954988
causerai	4954987
enflamment	4954986
retinien	4954985
resilier	4954984
chiales	4954983
fajitas	4954982
mievre	4954981
alpinisme	4954980
maltais	4954979
versatile	4954978
simeon	4954977
wintergreen	4954976
flakes	4954975
madere	4954974
detestables	4954973
crochus	4954972
viennois	4954971
inculque	4954970
barjots	4954969
retractation	4954968
noyees	4954967
devenions	4954966
zaborgar	4954965
etablissons	4954964
desobeissez	4954963
recompte	4954962
gabbana	4954961
fortifications	4954960
journaliers	4954959
biochimique	4954958
scarborough	4954957
proportionnelle	4954956
transatlantique	4954955
lefevre	4954954
clamser	4954953
empruntait	4954952
poissonnerie	4954951
arctic	4954950
jaymes	4954949
dignitaire	4954948
plagie	4954947
debarquant	4954946
osees	4954945
elabores	4954944
etuis	4954943
prayer	4954942
kettering	4954941
eteignait	4954940
daan	4954939
pendaisons	4954938
warsaw	4954937
errais	4954936
catherina	4954935
brynn	4954934
etancheite	4954933
bitches	4954932
baldy	4954931
pleurnichards	4954930
hydratation	4954929
villiers	4954928
enfuirais	4954927
generiques	4954926
carling	4954925
essuies	4954924
serano	4954923
convies	4954922
boog	4954921
dansions	4954920
inactifs	4954919
revet	4954918
tez	4954917
incrimine	4954916
triomphante	4954915
thx	4954914
chuuut	4954913
embarasse	4954912
caris	4954911
twinkle	4954910
freestyle	4954909
retiendront	4954908
flirts	4954907
jacquot	4954906
abhorre	4954905
bethel	4954904
muzzy	4954903
mariam	4954902
leu	4954901
oversight	4954900
distribuee	4954899
ivanhoe	4954898
liesel	4954897
soufflera	4954896
prononcera	4954895
cortexiphan	4954894
deshonorez	4954893
gribouillages	4954892
gabbo	4954891
consommez	4954890
dreadlocks	4954889
yashiro	4954888
morphologie	4954887
boxon	4954886
crain	4954885
steppes	4954884
soupirants	4954883
chandails	4954882
brantley	4954881
platitudes	4954880
ix	4954879
thermonucleaire	4954878
sauvette	4954877
geometrique	4954876
argumentaire	4954875
dd	4954874
amorcee	4954873
patriots	4954872
coward	4954871
karr	4954870
remportez	4954869
arnaquent	4954868
jez	4954867
anouk	4954866
moisis	4954865
bengali	4954864
koontz	4954863
contreplaque	4954862
dominants	4954861
referment	4954860
felins	4954859
argentees	4954858
fronce	4954857
gauchers	4954856
reagissait	4954855
stamp	4954854
sesterces	4954853
glade	4954852
select	4954851
szabo	4954850
carabinier	4954849
descendrait	4954848
orr	4954847
cachetons	4954846
ozawa	4954845
rikyu	4954844
frottent	4954843
bangs	4954842
punissable	4954841
cunnilingus	4954840
kimiko	4954839
dirigeables	4954838
beekman	4954837
inexpliquee	4954836
nasty	4954835
continus	4954834
majid	4954833
schnitzel	4954832
heads	4954831
avocates	4954830
patriotiques	4954829
baccalaureat	4954828
twins	4954827
ries	4954826
liars	4954825
derider	4954824
amazonienne	4954823
enfoncerai	4954822
prenommee	4954821
vantardise	4954820
defoncez	4954819
convulser	4954818
shinsengumi	4954817
lionnes	4954816
terrasses	4954815
rinaldo	4954814
kuan	4954813
miao	4954812
hollingsworth	4954811
mercerie	4954810
correspondra	4954809
proctologue	4954808
enfermant	4954807
nadir	4954806
marquette	4954805
zaire	4954804
enjoliveurs	4954803
balancement	4954802
magruder	4954801
hemophile	4954800
thc	4954799
selfies	4954798
sauteront	4954797
descendrez	4954796
precoces	4954795
toulon	4954794
imelda	4954793
sporting	4954792
lancerait	4954791
canulars	4954790
debarquait	4954789
baladez	4954788
yakov	4954787
goutent	4954786
husky	4954785
mijo	4954784
copulation	4954783
saisonnier	4954782
adriatique	4954781
justifiait	4954780
nor	4954779
noyez	4954778
exercait	4954777
dn	4954776
balneaire	4954775
yacouba	4954774
briseront	4954773
playmate	4954772
lettie	4954771
monsanto	4954770
pousseront	4954769
gardenia	4954768
beek	4954767
reem	4954766
ressortis	4954765
satsuki	4954764
eustache	4954763
aung	4954762
bottera	4954761
polymeres	4954760
cuirasses	4954759
jeunots	4954758
fondra	4954757
sweetback	4954756
caissiers	4954755
sabreur	4954754
sues	4954753
exclues	4954752
moochie	4954751
mcknight	4954750
primus	4954749
videodrome	4954748
claud	4954747
steack	4954746
beene	4954745
mamiya	4954744
avalait	4954743
dejeunent	4954742
telemarketing	4954741
commit	4954740
volerez	4954739
lucrece	4954738
tarn	4954737
minard	4954736
ventress	4954735
jayson	4954734
fixette	4954733
rouquins	4954732
integra	4954731
casseurs	4954730
alys	4954729
brilliant	4954728
pernell	4954727
anais	4954726
dominera	4954725
freda	4954724
agustin	4954723
decadente	4954722
corrosif	4954721
arns	4954720
koufax	4954719
emascule	4954718
tsurugi	4954717
limoges	4954716
transsexuels	4954715
blessante	4954714
politicienne	4954713
grata	4954712
sword	4954711
alarmez	4954710
sterilise	4954709
raffi	4954708
linguiste	4954707
espa	4954706
vindicative	4954705
rirez	4954704
suppot	4954703
demontee	4954702
congenital	4954701
archiviste	4954700
comparait	4954699
fluidite	4954698
interceptee	4954697
embrassades	4954696
vaatu	4954695
caricatures	4954694
reconsidere	4954693
pryor	4954692
lipo	4954691
recupererons	4954690
cheminement	4954689
cra	4954688
hirano	4954687
arriv	4954686
secretion	4954685
nuisent	4954684
hydrocarbures	4954683
hungry	4954682
picchu	4954681
agrandie	4954680
interactif	4954679
mutt	4954678
autodestructeur	4954677
dysfonctionnements	4954676
cruchot	4954675
perk	4954674
quintero	4954673
englobe	4954672
entretue	4954671
branchement	4954670
nyssa	4954669
anabel	4954668
anger	4954667
reiser	4954666
falafels	4954665
shogo	4954664
linton	4954663
taxidermie	4954662
hirsute	4954661
scared	4954660
hamada	4954659
decapsuleur	4954658
penetree	4954657
cicely	4954656
onda	4954655
djaq	4954654
virulente	4954653
hawes	4954652
thursday	4954651
tibre	4954650
fabriquaient	4954649
unions	4954648
newly	4954647
zap	4954646
rimait	4954645
neviplanchisme	4954644
marriee	4954643
rendirent	4954642
soupconnons	4954641
zoloft	4954640
avni	4954639
peruviens	4954638
maga	4954637
chisum	4954636
stowe	4954635
chore	4954634
invoquant	4954633
breathe	4954632
klimt	4954631
gael	4954630
congeneres	4954629
jano	4954628
guzo	4954627
marmots	4954626
mouvant	4954625
tabliers	4954624
lauda	4954623
monitoring	4954622
devancee	4954621
mazarin	4954620
nunchakus	4954619
dru	4954618
proxenetes	4954617
brejnev	4954616
bourdes	4954615
verve	4954614
inclinez	4954613
soupapes	4954612
votant	4954611
predestine	4954610
freck	4954609
korman	4954608
coques	4954607
kuma	4954606
rejoindrait	4954605
cujo	4954604
avalera	4954603
nakagawa	4954602
divisees	4954601
fourth	4954600
virait	4954599
phoebus	4954598
roussel	4954597
burdette	4954596
noriaki	4954595
retirais	4954594
cosmonautes	4954593
gelules	4954592
barrel	4954591
catriona	4954590
reverifiez	4954589
froggy	4954588
sourdes	4954587
grappa	4954586
packers	4954585
disproportionnee	4954584
barbichette	4954583
lunatiques	4954582
reproductions	4954581
puffy	4954580
gambettes	4954579
rougissez	4954578
manquees	4954577
barris	4954576
recherchions	4954575
biotech	4954574
aparte	4954573
woodford	4954572
keitel	4954571
torrio	4954570
terriers	4954569
karyu	4954568
degueux	4954567
petros	4954566
economisera	4954565
contractuel	4954564
mcgowan	4954563
piratee	4954562
cameramen	4954561
dupre	4954560
nye	4954559
vampirisme	4954558
brandenburg	4954557
megha	4954556
pneumo	4954555
gagnon	4954554
moreland	4954553
nagel	4954552
attise	4954551
hur	4954550
craquez	4954549
crevasses	4954548
coucous	4954547
antibios	4954546
reparant	4954545
insidieux	4954544
jettez	4954543
batisseurs	4954542
interpretez	4954541
charognes	4954540
ordonnant	4954539
ivanova	4954538
machiavel	4954537
genique	4954536
lucides	4954535
diluant	4954534
prometteuses	4954533
cmr	4954532
moquerais	4954531
ambidextre	4954530
darpa	4954529
repeupler	4954528
shashi	4954527
surenchere	4954526
indira	4954525
poly	4954524
chiez	4954523
aerosmith	4954522
plumedephenix	4954521
transgenique	4954520
moldavie	4954519
modique	4954518
hoteliere	4954517
huseyin	4954516
penetrez	4954515
fairplay	4954514
deformez	4954513
charo	4954512
miep	4954511
haiku	4954510
legos	4954509
observiez	4954508
resection	4954507
cherif	4954506
millard	4954505
siringo	4954504
ziani	4954503
crumb	4954502
manifestant	4954501
krill	4954500
easter	4954499
eastside	4954498
garous	4954497
addictif	4954496
flandres	4954495
repensez	4954494
doodle	4954493
abreuver	4954492
huntsville	4954491
pogner	4954490
isaacs	4954489
admiratrices	4954488
monsta	4954487
smack	4954486
beuveries	4954485
ohara	4954484
narns	4954483
narcan	4954482
sournoisement	4954481
chambrer	4954480
renforces	4954479
fring	4954478
contractee	4954477
consacrerai	4954476
ltaliens	4954475
kiowas	4954474
mcmahon	4954473
demangeait	4954472
invasive	4954471
barley	4954470
flamants	4954469
parlants	4954468
renly	4954467
marcheur	4954466
droitiere	4954465
flax	4954464
specule	4954463
comparent	4954462
cacahouete	4954461
farfelus	4954460
couffin	4954459
rapportees	4954458
cvous	4954457
pringles	4954456
lainey	4954455
backstreet	4954454
inoccupee	4954453
miniers	4954452
botticelli	4954451
chaques	4954450
rubens	4954449
raccorder	4954448
reproducteur	4954447
adoptent	4954446
shuffle	4954445
fermaient	4954444
bromure	4954443
sousa	4954442
lustrer	4954441
redoutait	4954440
felure	4954439
bous	4954438
paramilitaires	4954437
sectionner	4954436
repent	4954435
ferma	4954434
ledoux	4954433
sblourg	4954432
nitrogenc	4954431
feru	4954430
yetaxa	4954429
interdisez	4954428
weyland	4954427
retraitee	4954426
souvenant	4954425
extraites	4954424
spratt	4954423
rongent	4954422
convoyeurs	4954421
authentifie	4954420
skidmore	4954419
collerai	4954418
perquisitionne	4954417
fill	4954416
locos	4954415
adequats	4954414
gisent	4954413
antiquaires	4954412
karting	4954411
ecourte	4954410
fatty	4954409
belxander	4954408
bleuets	4954407
corrie	4954406
essayai	4954405
pillsbury	4954404
gouters	4954403
convenez	4954402
lumbago	4954401
bubblegum	4954400
puckett	4954399
geddes	4954398
demographique	4954397
heritee	4954396
serrerais	4954395
lynche	4954394
corpulent	4954393
celtes	4954392
plaiderai	4954391
otre	4954390
comptions	4954389
smiiil	4954388
niques	4954387
sharpay	4954386
batcave	4954385
etangs	4954384
wilks	4954383
deroulees	4954382
weasley	4954381
furieuses	4954380
joignant	4954379
evoquez	4954378
kimblee	4954377
tippy	4954376
mobilisez	4954375
projetez	4954374
vulcan	4954373
nay	4954372
corsets	4954371
norway	4954370
arkin	4954369
resilie	4954368
azalees	4954367
tremont	4954366
gonflez	4954365
associates	4954364
colum	4954363
weapon	4954362
golfeurs	4954361
celtique	4954360
rumsfeld	4954359
monarques	4954358
accompagneras	4954357
degringoler	4954356
tripper	4954355
poplar	4954354
studieux	4954353
scandal	4954352
refaisait	4954351
introduisant	4954350
pallier	4954349
feather	4954348
julliard	4954347
moult	4954346
muldoon	4954345
tallulah	4954344
emploies	4954343
assortir	4954342
ananka	4954341
synthe	4954340
macarena	4954339
ressentira	4954338
zhi	4954337
grafton	4954336
pharmacienne	4954335
sarina	4954334
pinewood	4954333
hindoue	4954332
lanny	4954331
losing	4954330
mims	4954329
interferent	4954328
rikki	4954327
beanie	4954326
fringue	4954325
parallelement	4954324
mckibben	4954323
egerie	4954322
perfuseur	4954321
deck	4954320
nishimura	4954319
pecker	4954318
cogite	4954317
stillwater	4954316
recitez	4954315
bouchez	4954314
davros	4954313
detaler	4954312
pechent	4954311
causa	4954310
chamane	4954309
garantissez	4954308
milkshakes	4954307
eyeliner	4954306
steam	4954305
faris	4954304
piquants	4954303
forcais	4954302
ishida	4954301
bepi	4954300
respecterez	4954299
yussef	4954298
amphibiens	4954297
arafat	4954296
empirera	4954295
recalibrer	4954294
grab	4954293
austerite	4954292
fabienne	4954291
biddle	4954290
rus	4954289
stops	4954288
hargrove	4954287
gnocchis	4954286
ariadne	4954285
foetale	4954284
forgerons	4954283
foundation	4954282
slayton	4954281
specificites	4954280
tibby	4954279
gae	4954278
ebahi	4954277
lndeed	4954276
buff	4954275
inepte	4954274
mamacita	4954273
revetu	4954272
roupillon	4954271
forges	4954270
quinton	4954269
abattues	4954268
chatter	4954267
zurg	4954266
chaumiere	4954265
ikuko	4954264
dorfman	4954263
memories	4954262
persistance	4954261
muir	4954260
cannot	4954259
cocoa	4954258
papes	4954257
graphisme	4954256
dedaigneux	4954255
heron	4954254
voyageaient	4954253
deposant	4954252
burk	4954251
aizawa	4954250
executerai	4954249
westmore	4954248
wear	4954247
democratiquement	4954246
constitutionnelle	4954245
arlen	4954244
accroupie	4954243
parnell	4954242
cubby	4954241
ternie	4954240
hilarants	4954239
quiet	4954238
pleurerait	4954237
samia	4954236
gourmets	4954235
retablisse	4954234
exilee	4954233
zapp	4954232
renvoyant	4954231
plexiglas	4954230
southland	4954229
blomkvist	4954228
lemay	4954227
filmera	4954226
alti	4954225
numeration	4954224
violeta	4954223
shoop	4954222
fumio	4954221
immobilises	4954220
quiero	4954219
albatre	4954218
enos	4954217
sashimi	4954216
renouvelable	4954215
zetrov	4954214
rimbaud	4954213
contemplant	4954212
planent	4954211
archetype	4954210
judicieusement	4954209
etomidate	4954208
roarke	4954207
leveras	4954206
venteux	4954205
toquee	4954204
nauseabonde	4954203
sash	4954202
kaneko	4954201
fore	4954200
forteresses	4954199
spivey	4954198
takeo	4954197
tet	4954196
woodall	4954195
eda	4954194
irresistibles	4954193
trumbull	4954192
refrigeration	4954191
dasher	4954190
stout	4954189
lodz	4954188
grognasse	4954187
tsutomu	4954186
perturbateurs	4954185
recousue	4954184
schnell	4954183
toxie	4954182
couvraient	4954181
rikichi	4954180
epic	4954179
conspirent	4954178
actually	4954177
metallise	4954176
twinkies	4954175
powder	4954174
agisses	4954173
roseanne	4954172
troisiemes	4954171
reds	4954170
keppler	4954169
insalubre	4954168
inventant	4954167
journaliere	4954166
frans	4954165
witter	4954164
lydie	4954163
decompter	4954162
referait	4954161
lopettes	4954160
salmonelle	4954159
negociables	4954158
aigues	4954157
frigg	4954156
nutella	4954155
gypo	4954154
hodes	4954153
wotan	4954152
epineuse	4954151
prophetesse	4954150
hirayama	4954149
rebeca	4954148
buttons	4954147
renaud	4954146
derangeons	4954145
pistolero	4954144
desapprouves	4954143
terrine	4954142
lookin	4954141
viles	4954140
ascendance	4954139
whooo	4954138
inquietera	4954137
dangerous	4954136
requisition	4954135
cobblepot	4954134
drewe	4954133
cousues	4954132
fixera	4954131
millman	4954130
fervente	4954129
vengent	4954128
chumley	4954127
djibril	4954126
garcetti	4954125
darkevil	4954124
sumi	4954123
happens	4954122
salina	4954121
vai	4954120
hideuses	4954119
marsten	4954118
roar	4954117
bredouilles	4954116
denfer	4954115
squatteurs	4954114
carvel	4954113
corticoides	4954112
menard	4954111
bangalore	4954110
nena	4954109
rectale	4954108
spode	4954107
borzage	4954106
gnb	4954105
ninjaw	4954104
placerai	4954103
tsigane	4954102
mortensen	4954101
oural	4954100
skates	4954099
trumbo	4954098
recompenserai	4954097
desesperez	4954096
homosexuelles	4954095
hughie	4954094
pepi	4954093
clary	4954092
ereintant	4954091
antipathie	4954090
amenaient	4954089
leverais	4954088
practice	4954087
wolverines	4954086
vaincras	4954085
ondule	4954084
positionnement	4954083
surestimes	4954082
ecœure	4954081
bougon	4954080
duan	4954079
petant	4954078
aimablement	4954077
veillons	4954076
zorin	4954075
secouait	4954074
assombrir	4954073
handicaps	4954072
reputations	4954071
gatees	4954070
habillerai	4954069
chocolaterie	4954068
monogames	4954067
hippopotames	4954066
acerbe	4954065
catane	4954064
buee	4954063
agnese	4954062
immoraux	4954061
castings	4954060
pies	4954059
litton	4954058
rencontraient	4954057
cornets	4954056
farouchement	4954055
shang	4954054
wolverton	4954053
disparaissiez	4954052
transfuge	4954051
poursuiviez	4954050
larrons	4954049
rarissime	4954048
venimeuse	4954047
introverti	4954046
comblera	4954045
pensante	4954044
renfermer	4954043
emporta	4954042
raideur	4954041
montagnard	4954040
ostrov	4954039
interferon	4954038
entourloupes	4954037
terminaisons	4954036
fries	4954035
peindrai	4954034
defrise	4954033
burl	4954032
comptines	4954031
furio	4954030
mman	4954029
manifestee	4954028
inexplicablement	4954027
gaalan	4954026
marocaine	4954025
plongeait	4954024
deglinguee	4954023
venture	4954022
malka	4954021
beverley	4954020
ignorera	4954019
stonewall	4954018
riding	4954017
accomplies	4954016
rappelerai	4954015
kodiak	4954014
jaillissent	4954013
legitimer	4954012
ivanovna	4954011
theremin	4954010
sine	4954009
kiley	4954008
engendrent	4954007
bourrasque	4954006
sic	4954005
apparaitront	4954004
vladivostok	4954003
sonorite	4954002
traynor	4954001
borias	4954000
inoccupe	4953999
conditionnes	4953998
zippo	4953997
perruches	4953996
paracelsus	4953995
changeraient	4953994
surveillerons	4953993
shunt	4953992
sorel	4953991
newgate	4953990
airport	4953989
eloignons	4953988
libyens	4953987
dearborn	4953986
coutant	4953985
kuhoin	4953984
kraus	4953983
justifiez	4953982
ramesh	4953981
treadstone	4953980
gredins	4953979
audacieuses	4953978
hates	4953977
incultes	4953976
pyrenees	4953975
glissera	4953974
rosetti	4953973
swell	4953972
edgington	4953971
yasuo	4953970
misskelley	4953969
accrochera	4953968
bondissant	4953967
testera	4953966
aldebaran	4953965
infliges	4953964
bourguignon	4953963
refutation	4953962
imprudemment	4953961
savings	4953960
saturees	4953959
precedes	4953958
sedgwick	4953957
sangala	4953956
pavarotti	4953955
premeditee	4953954
ripp	4953953
immacules	4953952
rouky	4953951
brassards	4953950
peripheriques	4953949
riment	4953948
hef	4953947
devoilera	4953946
operes	4953945
cad	4953944
chutney	4953943
collectionnes	4953942
chihiro	4953941
patris	4953940
enfaite	4953939
voraces	4953938
polynesie	4953937
tibor	4953936
poetesse	4953935
silos	4953934
imitait	4953933
retamer	4953932
encrier	4953931
ambiant	4953930
carbonara	4953929
excavation	4953928
mordiller	4953927
roby	4953926
enleveront	4953925
deville	4953924
necessiter	4953923
vassia	4953922
exempt	4953921
accouchements	4953920
eastwick	4953919
engrenages	4953918
irritations	4953917
dormirons	4953916
diligences	4953915
ulf	4953914
ita	4953913
connectez	4953912
paratonnerre	4953911
perit	4953910
offices	4953909
permettons	4953908
minets	4953907
distinguent	4953906
orageuse	4953905
engel	4953904
marcela	4953903
cholo	4953902
lut	4953901
arai	4953900
assainissement	4953899
subjugue	4953898
dissipera	4953897
thibault	4953896
demolissent	4953895
bosie	4953894
defendrais	4953893
baissant	4953892
camry	4953891
bodhi	4953890
tilman	4953889
bruckner	4953888
executera	4953887
steroide	4953886
celebrez	4953885
poldark	4953884
vicious	4953883
pourrira	4953882
pariait	4953881
butez	4953880
segments	4953879
vibro	4953878
vorenus	4953877
plouffe	4953876
rule	4953875
fantassin	4953874
lettonie	4953873
bijouteries	4953872
daniele	4953871
rocca	4953870
affuter	4953869
giordano	4953868
commotions	4953867
emancipe	4953866
telepathiques	4953865
empilent	4953864
handball	4953863
sanskrit	4953862
endormes	4953861
fizz	4953860
edito	4953859
fab	4953858
gallifrey	4953857
realisiez	4953856
depanne	4953855
beats	4953854
vomissez	4953853
tulio	4953852
assurees	4953851
souillure	4953850
pietres	4953849
saving	4953848
relevant	4953847
christensen	4953846
repandait	4953845
barrettes	4953844
coupante	4953843
teins	4953842
punissent	4953841
innovateur	4953840
burchell	4953839
defequer	4953838
nigerian	4953837
vader	4953836
coupole	4953835
desorientes	4953834
decouvris	4953833
spender	4953832
casseras	4953831
votans	4953830
irritante	4953829
confessee	4953828
kurokawa	4953827
decrites	4953826
oomment	4953825
mesange	4953824
galileo	4953823
ancestrales	4953822
ameliorerait	4953821
envoutee	4953820
arbitraires	4953819
repertoriee	4953818
scission	4953817
bafouee	4953816
mintz	4953815
neutralisation	4953814
scenar	4953813
couturiers	4953812
aplatis	4953811
croatoan	4953810
pointees	4953809
vengeresse	4953808
irrespectueuse	4953807
montezuma	4953806
osten	4953805
mutuels	4953804
regence	4953803
loan	4953802
exorbites	4953801
malhouin	4953800
mensa	4953799
saluee	4953798
impriment	4953797
grozny	4953796
reveils	4953795
jugeront	4953794
boycotter	4953793
cessation	4953792
echappa	4953791
olmo	4953790
hourras	4953789
harcelais	4953788
lisser	4953787
nippon	4953786
tubby	4953785
benira	4953784
dislocation	4953783
couronnees	4953782
indiquerai	4953781
alamos	4953780
anthologie	4953779
photomaton	4953778
plumeau	4953777
tilden	4953776
elliptique	4953775
kalle	4953774
undercovers	4953773
amerindien	4953772
ginn	4953771
sioniste	4953770
selkie	4953769
supersonique	4953768
poivree	4953767
gizmo	4953766
delbert	4953765
catalan	4953764
catskills	4953763
rutland	4953762
voituriers	4953761
empechaient	4953760
datation	4953759
epargnees	4953758
martun	4953757
terrorisent	4953756
arthrose	4953755
vestimentaires	4953754
xxx	4953753
vaccines	4953752
meublee	4953751
directoire	4953750
topographie	4953749
oei	4953748
cairo	4953747
tillie	4953746
wilford	4953745
attacherai	4953744
secouant	4953743
supprimees	4953742
balezes	4953741
soy	4953740
haisse	4953739
retira	4953738
yorick	4953737
koba	4953736
vania	4953735
fiducie	4953734
excuserais	4953733
meandres	4953732
soigneur	4953731
foutant	4953730
croustillantes	4953729
bousillent	4953728
ishtar	4953727
entamee	4953726
plaisance	4953725
mus	4953724
orthographie	4953723
unanimes	4953722
remorquee	4953721
milliken	4953720
boylan	4953719
tituber	4953718
shoko	4953717
bax	4953716
whistle	4953715
zambrano	4953714
approvisionne	4953713
albin	4953712
howser	4953711
coder	4953710
brig	4953709
shochiku	4953708
biologistes	4953707
prospecter	4953706
chuen	4953705
decortiquer	4953704
nacre	4953703
reflecteur	4953702
giving	4953701
rennick	4953700
mcelroy	4953699
xx	4953698
haze	4953697
dierdre	4953696
bigame	4953695
relegue	4953694
invoquez	4953693
also	4953692
altmann	4953691
sood	4953690
carnahan	4953689
demangent	4953688
dimas	4953687
tanguer	4953686
reprochent	4953685
hinatai	4953684
calculette	4953683
souvenons	4953682
shoo	4953681
fourrez	4953680
trapp	4953679
jaya	4953678
jouissif	4953677
hasselhoff	4953676
marybeth	4953675
varia	4953674
cherise	4953673
minton	4953672
ingurgiter	4953671
sopranos	4953670
oke	4953669
outillage	4953668
sling	4953667
fructose	4953666
hayakawa	4953665
ohyaku	4953664
podologue	4953663
koen	4953662
ganglion	4953661
supremes	4953660
batailler	4953659
alvo	4953658
esseule	4953657
botteur	4953656
eclaircissement	4953655
notation	4953654
maitrisons	4953653
loire	4953652
katagiri	4953651
ratissent	4953650
wormwood	4953649
albanaise	4953648
mathayus	4953647
zombi	4953646
vivace	4953645
exporter	4953644
esha	4953643
frayeurs	4953642
ruger	4953641
vomissant	4953640
fermerait	4953639
disposees	4953638
kleinfelter	4953637
antioche	4953636
habituez	4953635
mesuree	4953634
difformite	4953633
reconstitutions	4953632
risquees	4953631
redac	4953630
heffernan	4953629
meutres	4953628
enquiquiner	4953627
prevenues	4953626
jetteras	4953625
reessayons	4953624
vx	4953623
casimir	4953622
sabra	4953621
pigmentation	4953620
harder	4953619
solvabilite	4953618
tonds	4953617
devo	4953616
dissensions	4953615
tawny	4953614
zira	4953613
ferrailleur	4953612
salisse	4953611
dissuasif	4953610
qian	4953609
feebles	4953608
gign	4953607
rouspeter	4953606
mansi	4953605
soze	4953604
erasmus	4953603
croquette	4953602
revendiquent	4953601
kort	4953600
fecondite	4953599
hsiao	4953598
albion	4953597
engueulades	4953596
hymie	4953595
idris	4953594
consultes	4953593
enveloppait	4953592
muris	4953591
hereditaires	4953590
irreelle	4953589
sismiques	4953588
strength	4953587
conseillent	4953586
tivoli	4953585
crepus	4953584
djinns	4953583
giraud	4953582
rayborn	4953581
cluedo	4953580
nikko	4953579
eliminerai	4953578
exiges	4953577
bamba	4953576
cesium	4953575
juron	4953574
mungo	4953573
recipients	4953572
sashi	4953571
souffleur	4953570
debarrassait	4953569
sway	4953568
poochie	4953567
saler	4953566
guard	4953565
finitions	4953564
duos	4953563
euclide	4953562
madoff	4953561
quotient	4953560
pumas	4953559
dirigeras	4953558
severin	4953557
outback	4953556
sanne	4953555
clericuzio	4953554
chevauchent	4953553
remplaceront	4953552
jacuzzis	4953551
pigments	4953550
jezabel	4953549
retenaient	4953548
plexus	4953547
discution	4953546
kitchener	4953545
flatteurs	4953544
rejetait	4953543
fricotes	4953542
entrepose	4953541
magna	4953540
nettoieras	4953539
meechum	4953538
cai	4953537
gaelle	4953536
pulpeuses	4953535
sobotka	4953534
estompent	4953533
terminais	4953532
panco	4953531
kiril	4953530
maybourne	4953529
hereford	4953528
arenes	4953527
genta	4953526
delmar	4953525
corley	4953524
ryuji	4953523
coutes	4953522
vacheries	4953521
adoptions	4953520
devoilent	4953519
youpins	4953518
execre	4953517
rageant	4953516
rejettera	4953515
keyser	4953514
tantrique	4953513
ressuscites	4953512
offriront	4953511
grayza	4953510
georgien	4953509
crs	4953508
enchainent	4953507
petage	4953506
jamel	4953505
esquire	4953504
nigerians	4953503
aillez	4953502
sitcoms	4953501
ouzo	4953500
crematoire	4953499
goth	4953498
capoeira	4953497
osen	4953496
arreteriez	4953495
inconditionnellement	4953494
invasif	4953493
poul	4953492
lazy	4953491
rendions	4953490
gsf	4953489
novick	4953488
shirai	4953487
desherites	4953486
echapperait	4953485
matinaux	4953484
pickle	4953483
migre	4953482
mathilda	4953481
lambiner	4953480
noma	4953479
damages	4953478
beneficiera	4953477
devils	4953476
estonie	4953475
topez	4953474
pavlovitch	4953473
brimstone	4953472
feconde	4953471
reactionnaires	4953470
ermitage	4953469
coment	4953468
roquet	4953467
lanciers	4953466
fluorescent	4953465
texter	4953464
reussissiez	4953463
zagreb	4953462
salzbourg	4953461
quite	4953460
tobi	4953459
glaude	4953458
csis	4953457
jurerai	4953456
utopique	4953455
reims	4953454
gosh	4953453
fabien	4953452
melnikov	4953451
senilite	4953450
gnangnan	4953449
jaikant	4953448
circonstanciel	4953447
bardo	4953446
ouvreur	4953445
ricochets	4953444
stumpy	4953443
contractuelle	4953442
tobrouk	4953441
ux	4953440
papotage	4953439
faillir	4953438
desister	4953437
xylocaine	4953436
cassiopee	4953435
irvin	4953434
rembarrer	4953433
cador	4953432
randal	4953431
eclatantes	4953430
tobe	4953429
resumait	4953428
insultait	4953427
samoa	4953426
enflent	4953425
triomphal	4953424
monsieurs	4953423
portants	4953422
corvax	4953421
alarmiste	4953420
sataniste	4953419
encanailler	4953418
furtifs	4953417
bannion	4953416
transitions	4953415
depeindre	4953414
maintenat	4953413
reeve	4953412
briseurs	4953411
inondees	4953410
televisees	4953409
partiriez	4953408
pamphlets	4953407
angele	4953406
niccolo	4953405
gatent	4953404
hypophyse	4953403
desireuse	4953402
huiler	4953401
package	4953400
kodai	4953399
solan	4953398
rescapee	4953397
contention	4953396
kure	4953395
repartiras	4953394
mainteant	4953393
pisseuse	4953392
hostetler	4953391
introduisez	4953390
penserons	4953389
insatisfaite	4953388
altruistes	4953387
takeuchi	4953386
delancy	4953385
retardateur	4953384
resumes	4953383
energumene	4953382
attenter	4953381
partageront	4953380
rejointe	4953379
seneca	4953378
fugueur	4953377
disqualifiee	4953376
fujio	4953375
routines	4953374
sexistes	4953373
thorndyke	4953372
contrefaits	4953371
departementale	4953370
rots	4953369
bipolaires	4953368
showcase	4953367
palaces	4953366
sarcome	4953365
nobuko	4953364
criser	4953363
refiles	4953362
clam	4953361
computer	4953360
tapisseries	4953359
franchissant	4953358
letha	4953357
krause	4953356
supportant	4953355
harpies	4953354
louboutin	4953353
foa	4953352
anpe	4953351
simulait	4953350
musgrave	4953349
streaming	4953348
ejectes	4953347
adressant	4953346
eurk	4953345
jamaica	4953344
kilimandjaro	4953343
malsaines	4953342
nadja	4953341
reluisant	4953340
tranchera	4953339
audible	4953338
offriras	4953337
altos	4953336
manqueraient	4953335
gernevie	4953334
definitifs	4953333
inactive	4953332
sticker	4953331
etranglees	4953330
pray	4953329
produisaient	4953328
decouragee	4953327
borch	4953326
cmc	4953325
courrons	4953324
zahra	4953323
citait	4953322
mutuelles	4953321
monday	4953320
briseras	4953319
musa	4953318
recapitulatif	4953317
cleaves	4953316
dorne	4953315
etendra	4953314
pretendiez	4953313
gotti	4953312
donge	4953311
fies	4953310
arracheur	4953309
referent	4953308
incompletes	4953307
rubicon	4953306
overland	4953305
abordables	4953304
timmins	4953303
effondrerait	4953302
zim	4953301
serrera	4953300
rangent	4953299
appellation	4953298
soudoie	4953297
wilco	4953296
calmees	4953295
collantes	4953294
ecoutees	4953293
tro	4953292
bex	4953291
boitant	4953290
ridiculisez	4953289
osama	4953288
verbaliser	4953287
pigment	4953286
japan	4953285
saisonniers	4953284
gyrophare	4953283
musculature	4953282
dodds	4953281
gerera	4953280
negrier	4953279
lampert	4953278
tchou	4953277
bose	4953276
taquinez	4953275
ironman	4953274
shinko	4953273
bondis	4953272
vesta	4953271
desosser	4953270
cabral	4953269
bailler	4953268
disparurent	4953267
marseillais	4953266
restructurer	4953265
turning	4953264
rebute	4953263
msnbc	4953262
chuchotez	4953261
assombri	4953260
accredite	4953259
christelle	4953258
œilleres	4953257
excessifs	4953256
vengez	4953255
fried	4953254
flottants	4953253
assieges	4953252
gershwin	4953251
kir	4953250
irlandaises	4953249
grandissais	4953248
franklyn	4953247
resignee	4953246
lakewood	4953245
exterioriser	4953244
whitewood	4953243
leopoldo	4953242
reliure	4953241
nef	4953240
arg	4953239
naked	4953238
kaguya	4953237
adoreras	4953236
recolle	4953235
cherubins	4953234
anarkali	4953233
recommandent	4953232
fliquette	4953231
cinematographiques	4953230
dechainees	4953229
pretais	4953228
spark	4953227
nabil	4953226
gauler	4953225
ciboulette	4953224
prevaloir	4953223
separations	4953222
chis	4953221
continuelle	4953220
visu	4953219
trapeziste	4953218
skolnick	4953217
berkshire	4953216
ritaline	4953215
stupefaits	4953214
happen	4953213
distal	4953212
vraisemblance	4953211
atomiser	4953210
phan	4953209
fonciers	4953208
bidouiller	4953207
dumpty	4953206
cortland	4953205
brom	4953204
manquerons	4953203
schuster	4953202
frapperas	4953201
babybello	4953200
drakkar	4953199
dorcas	4953198
ecluse	4953197
volleyball	4953196
volm	4953195
grass	4953194
outree	4953193
injurier	4953192
zoologie	4953191
dvds	4953190
dolphin	4953189
bellas	4953188
conjointement	4953187
elevaient	4953186
anxiolytiques	4953185
rockets	4953184
shayes	4953183
amibe	4953182
anodine	4953181
martens	4953180
sandusky	4953179
veillerez	4953178
sonnerait	4953177
ultimes	4953176
anales	4953175
greenpoint	4953174
synaptique	4953173
tousses	4953172
prescrite	4953171
aditi	4953170
gargamel	4953169
gerbes	4953168
craniens	4953167
nourrissaient	4953166
coordinatrice	4953165
embarrassants	4953164
sionistes	4953163
isla	4953162
cervelet	4953161
shinsuke	4953160
vicksburg	4953159
faiblard	4953158
cessais	4953157
nenuphars	4953156
ivanovich	4953155
bevue	4953154
sticks	4953153
trimestriel	4953152
correspondez	4953151
enfreignent	4953150
tuna	4953149
dereglement	4953148
congelees	4953147
calmars	4953146
cadrer	4953145
mundo	4953144
cultivent	4953143
togashi	4953142
mutiny	4953141
elysee	4953140
rabaisses	4953139
mcintosh	4953138
norville	4953137
ofer	4953136
cuisinant	4953135
cornu	4953134
analogue	4953133
quittions	4953132
experimentales	4953131
infondee	4953130
apparaitrait	4953129
concentrais	4953128
retenons	4953127
bovin	4953126
nomura	4953125
ogawa	4953124
depliants	4953123
shaquille	4953122
etendant	4953121
andoriens	4953120
gath	4953119
sheena	4953118
inch	4953117
mingo	4953116
desobeissant	4953115
arameen	4953114
oxnard	4953113
desobligeant	4953112
wordsworth	4953111
laboure	4953110
defendiez	4953109
reycraft	4953108
pump	4953107
ressortissants	4953106
ambien	4953105
reexamine	4953104
magnet	4953103
japonnais	4953102
luzerne	4953101
picnic	4953100
entendants	4953099
reprimee	4953098
pendejo	4953097
prosperent	4953096
tt	4953095
executees	4953094
verrerie	4953093
balalaika	4953092
croiseront	4953091
accompagnaient	4953090
nickels	4953089
chauffait	4953088
priera	4953087
fetichistes	4953086
oralement	4953085
juna	4953084
etoffer	4953083
fishman	4953082
heroiquement	4953081
educatifs	4953080
fabuleusement	4953079
allegorie	4953078
escarres	4953077
divaguez	4953076
lindstrom	4953075
wynant	4953074
ecartele	4953073
lampion	4953072
attaqua	4953071
vermeer	4953070
amadeus	4953069
italy	4953068
kc	4953067
mastectomie	4953066
oldsmobile	4953065
meutes	4953064
confit	4953063
tachete	4953062
mouvoir	4953061
renouvelables	4953060
notait	4953059
retrecis	4953058
freemont	4953057
akalitus	4953056
