# lemma	count — freq ranking for --freq/--maxEntries (must-keep 20M+, top50k 5M-). MIT.
いぬ	23000000
ねこ	23000000
犬	23000000
猫	23000000
人は夜に言葉を話す	22000000
古い家の小さな男は毎朝良い本を読む	22000000
女は生活を見て新しい話を書く	22000000
子供は大きな町と世界の話が好きだ	22000000
私たちは水を飲んで学校へ行く	22000000
い	21000000
き	21000000
きだ	21000000
く	21000000
さ	21000000
しい	21000000
す	21000000
する	21000000
たち	21000000
な	21000000
む	21000000
ん	21000000
世界	21000000
人	21000000
仕事	21000000
古	21000000
国	21000000
夜	21000000
大	21000000
大きい	21000000
女	21000000
好	21000000
子供	21000000
学校	21000000
家	21000000
小	21000000
小さい	21000000
新	21000000
新しい	21000000
時間	21000000
書	21000000
本	21000000
来る	21000000
毎朝	21000000
毎朝良	21000000
水	21000000
生活	21000000
男	21000000
町	21000000
目	21000000
私	21000000
良い	21000000
行	21000000
行く	21000000
見	21000000
見る	21000000
言葉	21000000
話	21000000
話す	21000000
読	21000000
読む	21000000
食べる	21000000
飲	21000000
飲む	21000000
あたらしい	20000000
ある	20000000
いく	20000000
いる	20000000
おおきい	20000000
がっこう	20000000
くる	20000000
ことば	20000000
こども	20000000
しる	20000000
じかん	20000000
たべる	20000000
ちいさい	20000000
のむ	20000000
はなす	20000000
みる	20000000
よい	20000000
よむ	20000000
愛	20000000
日	20000000
知る	20000000
の	5000000
は	4999999
て	4999998
た	4999997
に	4999996
を	4999995
る	4999994
だ	4999993
が	4999992
で	4999991
し	4999990
っ	4999989
か	4999988
と	4999987
も	4999986
よ	4999985
う	4999984
ま	4999983
ら	4999982
何	4999981
わ	4999980
から	4999979
あ	4999978
れ	4999977
ね	4999976
それ	4999975
彼	4999974
ろ	4999973
こと	4999972
そう	4999971
あなた	4999970
お	4999969
どう	4999968
君	4999967
せ	4999966
言	4999965
俺	4999964
や	4999963
じゃ	4999962
り	4999961
かっ	4999960
よう	4999959
くれ	4999958
これ	4999957
この	4999956
事	4999955
ここ	4999954
知	4999953
ば	4999952
その	4999951
誰	4999950
彼女	4999949
思	4999948
って	4999947
お前	4999946
だっ	4999945
つ	4999944
ぞ	4999943
さん	4999942
もう	4999941
来	4999940
僕	4999939
しょ	4999938
でき	4999937
だけ	4999936
なら	4999935
者	4999934
わか	4999933
今	4999932
分か	4999931
聞	4999930
出	4999929
まで	4999928
けど	4999927
どこ	4999926
られ	4999925
死	4999924
へ	4999923
時	4999922
殺	4999921
達	4999920
ああ	4999919
前	4999918
中	4999917
必要	4999916
み	4999915
ため	4999914
もの	4999913
あの	4999912
待	4999911
奴	4999910
気	4999909
無	4999908
良	4999907
大丈夫	4999906
我々	4999905
自分	4999904
持	4999903
一	4999902
なぜ	4999901
本当	4999900
まだ	4999899
そんな	4999898
的	4999897
戻	4999896
ありがとう	4999895
いや	4999894
考え	4999893
会	4999892
年	4999891
方	4999890
そして	4999889
手	4999888
見つけ	4999887
ちょっと	4999886
じ	4999885
いつ	4999884
出来	4999883
違	4999882
後	4999881
他	4999880
そこ	4999879
一緒	4999878
電話	4999877
すぐ	4999876
悪	4999875
なさ	4999874
入	4999873
助け	4999872
ええ	4999871
なんて	4999870
所	4999869
やめ	4999868
車	4999867
居	4999866
分	4999865
なん	4999864
みたい	4999863
より	4999862
様	4999861
あんた	4999860
こ	4999859
また	4999858
場所	4999857
みんな	4999856
父	4999855
度	4999854
べ	4999853
欲し	4999852
同じ	4999851
金	4999850
しろ	4999849
問題	4999848
こんな	4999847
おい	4999846
え	4999845
名前	4999844
帰	4999843
子	4999842
もし	4999841
ただ	4999840
はず	4999839
信	4999838
全て	4999837
けれ	4999836
好き	4999835
ご	4999834
使	4999833
少し	4999832
くださ	4999831
さあ	4999830
見え	4999829
通り	4999828
教え	4999827
皆	4999826
ー	4999825
為	4999824
入れ	4999823
よく	4999822
つもり	4999821
早	4999820
探	4999819
物	4999818
人間	4999817
ダメ	4999816
パパ	4999815
上	4999814
どんな	4999813
もっと	4999812
ママ	4999811
頼	4999810
ちゃ	4999809
l	4999808
行け	4999807
よし	4999806
止め	4999805
呼	4999804
警察	4999803
心配	4999802
ぜ	4999801
ぬ	4999800
願	4999799
今日	4999798
逃げ	4999797
官	4999796
ところ	4999795
こっち	4999794
関係	4999793
生き	4999792
すべて	4999791
家族	4999790
連れ	4999789
撃	4999788
外	4999787
ごめん	4999786
母	4999785
起き	4999784
いいえ	4999783
神	4999782
力	4999781
しま	4999780
ず	4999779
じゃあ	4999778
捜査	4999777
あれ	4999776
忘れ	4999775
意味	4999774
しかし	4999773
最後	4999772
息子	4999771
きゃ	4999770
娘	4999769
次	4999768
取	4999767
ねえ	4999766
間	4999765
終わ	4999764
殺人	4999763
しれ	4999762
つけ	4999761
全部	4999760
情報	4999759
起こ	4999758
作	4999757
頭	4999756
銃	4999755
事件	4999754
調べ	4999753
理由	4999752
もちろん	4999751
もら	4999750
ジョン	4999749
数	4999748
準備	4999747
とても	4999746
うん	4999745
しか	4999744
連絡	4999743
残	4999742
別	4999741
心	4999740
一人	4999739
以上	4999738
長	4999737
ずっと	4999736
回	4999735
部屋	4999734
下さ	4999733
守	4999732
見せ	4999731
始め	4999730
丶	4999729
人生	4999728
危険	4999727
続け	4999726
覚え	4999725
女性	4999724
すれ	4999723
ぶ	4999722
安全	4999721
こう	4999720
貴方	4999719
急	4999718
新し	4999717
最初	4999716
万	4999715
約束	4999714
なに	4999713
ドル	4999712
結婚	4999711
下	4999710
方法	4999709
得	4999708
二	4999707
わけ	4999706
友達	4999705
食べ	4999704
オレ	4999703
すぎ	4999702
すご	4999701
計画	4999700
無理	4999699
楽し	4999698
顔	4999697
仲間	4999696
送	4999695
こちら	4999694
可能	4999693
聞こえ	4999692
あいつ	4999691
友人	4999690
犯人	4999689
はい	4999688
性	4999687
まあ	4999686
i	4999685
まま	4999684
先	4999683
かけ	4999682
バカ	4999681
どうぞ	4999680
いけ	4999679
せい	4999678
ほど	4999677
かしら	4999676
嘘	4999675
変わ	4999674
命	4999673
失	4999672
確認	4999671
そ	4999670
最高	4999669
あと	4999668
感じ	4999667
とき	4999666
着	4999665
動	4999664
the	4999663
け	4999662
船	4999661
ほら	4999660
機	4999659
与え	4999658
明日	4999657
全員	4999656
二人	4999655
くらい	4999654
開け	4999653
あげ	4999652
理解	4999651
質問	4999650
たら	4999649
不	4999648
確か	4999647
怖	4999646
こいつ	4999645
あぁ	4999644
離れ	4999643
どの	4999642
答え	4999641
たり	4999640
とも	4999639
置	4999638
素晴らし	4999637
今夜	4999636
言え	4999635
見つか	4999634
こそ	4999633
黙	4999632
イ	4999631
つまり	4999630
受け	4999629
you	4999628
伝え	4999627
第	4999626
クソ	4999625
感謝	4999624
ドア	4999623
用	4999622
妻	4999621
写真	4999620
街	4999619
盗	4999618
うち	4999617
感	4999616
渡	4999615
博士	4999614
説明	4999613
かか	4999612
証拠	4999611
うま	4999610
向か	4999609
望	4999608
乗	4999607
道	4999606
だめ	4999605
正し	4999604
寝	4999603
買	4999602
働	4999601
失礼	4999600
攻撃	4999599
夢	4999598
立	4999597
逮捕	4999596
歳	4999595
たぶん	4999594
名	4999593
野郎	4999592
隠	4999591
戦	4999590
座	4999589
終わり	4999588
強	4999587
どれ	4999586
ちゃん	4999585
件	4999584
救	4999583
きっと	4999582
絶対	4999581
警官	4999580
血	4999579
刑事	4999578
先生	4999577
なし	4999576
まず	4999575
父親	4999574
状況	4999573
会社	4999572
番	4999571
間違い	4999570
嫌	4999569
重要	4999568
捕まえ	4999567
室	4999566
員	4999565
週間	4999564
了解	4999563
a	4999562
なんか	4999561
十分	4999560
秘密	4999559
変え	4999558
元気	4999557
一番	4999556
やあ	4999555
やつ	4999554
大統領	4999553
一体	4999552
ち	4999551
会え	4999550
犯	4999549
犯罪	4999548
過ぎ	4999547
残念	4999546
自由	4999545
士	4999544
敵	4999543
報告	4999542
やれ	4999541
もん	4999540
簡単	4999539
音	4999538
消え	4999537
命令	4999536
相手	4999535
声	4999534
王	4999533
ござ	4999532
おまえ	4999531
対	4999530
多く	4999529
アメリカ	4999528
チーム	4999527
通	4999526
ひど	4999525
自身	4999524
等	4999523
語	4999522
母親	4999521
選	4999520
ヤツ	4999519
何処	4999518
切	4999517
らし	4999516
元	4999515
昔	4999514
人々	4999513
被害	4999512
ジャック	4999511
大変	4999510
口	4999509
奥	4999508
要	4999507
あそこ	4999506
真実	4999505
記録	4999504
戦争	4999503
決め	4999502
病院	4999501
携帯	4999500
店	4999499
許	4999498
深	4999497
月	4999496
監視	4999495
実	4999494
学	4999493
体	4999492
初めて	4999491
思い出	4999490
運	4999489
高	4999488
武器	4999487
手伝	4999486
to	4999485
など	4999484
責任	4999483
間違	4999482
ほう	4999481
変	4999480
ばかり	4999479
協力	4999478
役	4999477
落ち着	4999476
頃	4999475
行動	4999474
実際	4999473
存在	4999472
発見	4999471
解決	4999470
刑務	4999469
追	4999468
番号	4999467
捨て	4999466
兄	4999465
こんにちは	4999464
大きな	4999463
サム	4999462
返	4999461
罪	4999460
足	4999459
いえ	4999458
研究	4999457
ボス	4999456
させ	4999455
歩	4999454
さえ	4999453
軍	4999452
結果	4999451
冗談	4999450
かなり	4999449
ながら	4999448
薬	4999447
ジェーン	4999446
ほし	4999445
驚	4999444
気持ち	4999443
破壊	4999442
任せ	4999441
興味	4999440
カメラ	4999439
場	4999438
上手	4999437
弁護	4999436
払	4999435
住	4999434
fbi	4999433
死体	4999432
怒	4999431
状態	4999430
調査	4999429
気分	4999428
ヶ月	4999427
なれ	4999426
来い	4999425
ゲーム	4999424
近く	4999423
夫	4999422
済	4999421
地球	4999420
願い	4999419
止ま	4999418
そいつ	4999417
兄弟	4999416
嬉し	4999415
信用	4999414
何故	4999413
以外	4999412
大き	4999411
運転	4999410
なあ	4999409
ぼく	4999408
売	4999407
普通	4999406
事故	4999405
後ろ	4999404
歌	4999403
おかし	4999402
今度	4999401
大事	4999400
医者	4999399
場合	4999398
政府	4999397
チャンス	4999396
あまり	4999395
有	4999394
サラ	4999393
開	4999392
不明	4999391
装置	4999390
現場	4999389
遅	4999388
邪魔	4999387
目的	4999386
静か	4999385
限り	4999384
もしもし	4999383
少な	4999382
飛行	4999381
精神	4999380
朝	4999379
映画	4999378
幸せ	4999377
さて	4999376
取引	4999375
ガ	4999374
話せ	4999373
連中	4999372
ちゃんと	4999371
人物	4999370
多分	4999369
弟	4999368
特別	4999367
恐れ	4999366
唯一	4999365
容疑	4999364
認め	4999363
多	4999362
共	4999361
ねぇ	4999360
互い	4999359
移動	4999358
銀行	4999357
用意	4999356
たくさん	4999355
警備	4999354
面白	4999353
最近	4999352
裁判	4999351
全く	4999350
とおり	4999349
犠牲	4999348
昨日	4999347
ぐ	4999346
傷	4999345
あら	4999344
信じ	4999343
傷つけ	4999342
過去	4999341
キミ	4999340
落ち	4999339
完全	4999338
求め	4999337
システム	4999336
始ま	4999335
失敗	4999334
さぁ	4999333
選択	4999332
あんな	4999331
信頼	4999330
無事	4999329
生	4999328
美し	4999327
島	4999326
客	4999325
くそ	4999324
隠れ	4999323
付け	4999322
素敵	4999321
若	4999320
リスト	4999319
想像	4999318
気づ	4999317
決して	4999316
馬鹿	4999315
鍵	4999314
聞け	4999313
とにかく	4999312
身	4999311
判	4999310
証明	4999309
やす	4999308
女の子	4999307
姿	4999306
嫌い	4999305
価値	4999304
and	4999303
もらえ	4999302
州	4999301
服	4999300
未来	4999299
必ず	4999298
カ	4999297
ビル	4999296
め	4999295
以前	4999294
奪	4999293
まるで	4999292
ウソ	4999291
三	4999290
ピーター	4999289
マジ	4999288
両親	4999287
痛	4999286
非常	4999285
壁	4999284
妹	4999283
違い	4999282
借り	4999281
無駄	4999280
丿	4999279
待て	4999278
思え	4999277
ホテル	4999276
治療	4999275
まさか	4999274
大学	4999273
降り	4999272
メール	4999271
年間	4999270
記憶	4999269
カード	4999268
部	4999267
現れ	4999266
病気	4999265
爆弾	4999264
経験	4999263
難し	4999262
注意	4999261
レッド	4999260
腕	4999259
走	4999258
正直	4999257
今回	4999256
最も	4999255
任務	4999254
ハイ	4999253
許可	4999252
ホント	4999251
生まれ	4999250
関	4999249
空	4999248
貸	4999247
とこ	4999246
品	4999245
組織	4999244
本気	4999243
風	4999242
氏	4999241
化	4999240
宇宙	4999239
げ	4999238
近づ	4999237
おはよう	4999236
訳	4999235
事実	4999234
昨夜	4999233
本物	4999232
予定	4999231
科学	4999230
内	4999229
えっ	4999228
放	4999227
ショー	4999226
ス	4999225
やが	4999224
狂	4999223
ひと	4999222
完璧	4999221
最悪	4999220
秒	4999219
点	4999218
首	4999217
進	4999216
追跡	4999215
笑	4999214
少年	4999213
望み	4999212
頑張	4999211
我	4999210
従	4999209
襲	4999208
いま	4999207
爆発	4999206
時代	4999205
消	4999204
悪魔	4999203
ちょうど	4999202
勝	4999201
あっ	4999200
法	4999199
小さな	4999198
ベッド	4999197
階	4999196
ニュース	4999195
戦い	4999194
成功	4999193
式	4999192
個人	4999191
ジョー	4999190
保護	4999189
地下	4999188
作戦	4999187
光	4999186
ミス	4999185
どっち	4999184
無し	4999183
残り	4999182
レンジャー	4999181
疲れ	4999180
眠	4999179
困	4999178
利用	4999177
狙	4999176
期待	4999175
忙し	4999174
調子	4999173
向こう	4999172
技術	4999171
下が	4999170
やぁ	4999169
ほとんど	4999168
わし	4999167
落ち着け	4999166
今朝	4999165
使え	4999164
試	4999163
我が	4999162
平気	4999161
パーティー	4999160
駄目	4999159
明らか	4999158
患者	4999157
くそっ	4999156
局	4999155
線	4999154
さっき	4999153
当然	4999152
喜	4999151
しっかり	4999150
警部	4999149
付	4999148
申し訳	4999147
地	4999146
マシン	4999145
骨	4999144
検査	4999143
主人	4999142
コーヒー	4999141
遅れ	4999140
別れ	4999139
現実	4999138
館	4999137
ジム	4999136
全	4999135
誓	4999134
去	4999133
触	4999132
地獄	4999131
メッセージ	4999130
気付	4999129
誘拐	4999128
ニューヨーク	4999127
脳	4999126
毎日	4999125
部下	4999124
そっち	4999123
合	4999122
過ご	4999121
船長	4999120
貰	4999119
似	4999118
フランク	4999117
侵入	4999116
マイケル	4999115
殴	4999114
立て	4999113
酒	4999112
マイク	4999111
魔法	4999110
そりゃ	4999109
きみ	4999108
陛下	4999107
どちら	4999106
ゆっくり	4999105
麻薬	4999104
ボク	4999103
遺体	4999102
兵士	4999101
姉	4999100
ファイル	4999099
食	4999098
幸運	4999097
捜	4999096
結構	4999095
おお	4999094
能力	4999093
of	4999092
側	4999091
関わ	4999090
森	4999089
it	4999088
原因	4999087
まったく	4999086
続	4999085
小さ	4999084
少女	4999083
キス	4999082
トラック	4999081
耳	4999080
世話	4999079
動物	4999078
ロック	4999077
食事	4999076
捕ま	4999075
バー	4999074
夕食	4999073
大切	4999072
び	4999071
構	4999070
泣	4999069
ぐらい	4999068
赤	4999067
隊	4999066
酷	4999065
行方	4999064
パワー	4999063
行為	4999062
日本	4999061
現在	4999060
おそらく	4999059
たが	4999058
まぁ	4999057
号	4999056
緊急	4999055
チャーリー	4999054
警告	4999053
箱	4999052
切れ	4999051
要求	4999050
火	4999049
右	4999048
せよ	4999047
支配	4999046
ちま	4999045
海	4999044
永遠	4999043
到着	4999042
赤ちゃん	4999041
特に	4999040
ウォルター	4999039
ヘンリー	4999038
全然	4999037
負け	4999036
屋	4999035
希望	4999034
管理	4999033
自殺	4999032
魂	4999031
代わり	4999030
影響	4999029
休	4999028
スパイ	4999027
集め	4999026
一部	4999025
雇	4999024
権利	4999023
飛	4999022
窓	4999021
位	4999020
オフィス	4999019
なぁ	4999018
えぇ	4999017
あー	4999016
賢	4999015
何者	4999014
助か	4999013
常	4999012
髪	4999011
マーク	4999010
山	4999009
いた	4999008
メガ	4999007
デート	4999006
いくら	4999005
色々	4999004
me	4999003
運命	4999002
オリバー	4999001
心臓	4999000
イヤ	4998999
コード	4998998
誕生	4998997
ミスター	4998996
馬	4998995
向け	4998994
音楽	4998993
殺せ	4998992
半分	4998991
受け入れ	4998990
議員	4998989
保安	4998988
正確	4998987
混乱	4998986
撮	4998985
施設	4998984
あたし	4998983
活動	4998982
可愛	4998981
ベン	4998980
木	4998979
たって	4998978
手紙	4998977
映像	4998976
判断	4998975
殺害	4998974
in	4998973
しばらく	4998972
将軍	4998971
反応	4998970
親父	4998969
師	4998968
たった	4998967
ドイツ	4998966
億	4998965
疑	4998964
チェック	4998963
やっと	4998962
訓練	4998961
部隊	4998960
強盗	4998959
テスト	4998958
再	4998957
はっきり	4998956
迎え	4998955
上げ	4998954
意見	4998953
面倒	4998952
フィンチ	4998951
だれ	4998950
壊	4998949
行き	4998948
めでと	4998947
左	4998946
引	4998945
機会	4998944
指示	4998943
弾	4998942
おかげ	4998941
トム	4998940
解	4998939
感情	4998938
ブラック	4998937
ロシア	4998936
ヘイ	4998935
主	4998934
担当	4998933
ナイフ	4998932
相棒	4998931
こい	4998930
通信	4998929
s	4998928
星	4998927
事務	4998926
器	4998925
歴史	4998924
反対	4998923
データ	4998922
亡くな	4998921
勝手	4998920
no	4998919
料理	4998918
事態	4998917
捜索	4998916
異常	4998915
鳥	4998914
社	4998913
my	4998912
出発	4998911
祈	4998910
以来	4998909
テレビ	4998908
遊	4998907
一杯	4998906
沢山	4998905
住所	4998904
結局	4998903
ガス	4998902
大好き	4998901
直	4998900
取り戻	4998899
ほんと	4998898
偉大	4998897
近	4998896
男性	4998895
速	4998894
戻れ	4998893
知れ	4998892
殺し	4998891
証言	4998890
示	4998889
ビデオ	4998888
みな	4998887
一致	4998886
脱出	4998885
恐怖	4998884
紹介	4998883
触れ	4998882
礼	4998881
ネット	4998880
突然	4998879
裏	4998878
打	4998877
発	4998876
意識	4998875
尋ね	4998874
きれい	4998873
人類	4998872
晩	4998871
開始	4998870
アア	4998869
目撃	4998868
解放	4998867
平和	4998866
真	4998865
集中	4998864
よろしく	4998863
アンタ	4998862
刺	4998861
わたし	4998860
様子	4998859
専門	4998858
スーツ	4998857
かい	4998856
賭け	4998855
e	4998854
悲し	4998853
オーケー	4998852
クラブ	4998851
嬢	4998850
司令	4998849
完了	4998848
信号	4998847
ok	4998846
契約	4998845
部分	4998844
クリスマス	4998843
d	4998842
穴	4998841
すでに	4998840
教会	4998839
マイル	4998838
途中	4998837
is	4998836
出かけ	4998835
凄	4998834
楽しみ	4998833
バス	4998832
あっち	4998831
絵	4998830
動き	4998829
剣	4998828
指	4998827
筈	4998826
上が	4998825
痛み	4998824
やら	4998823
歯	4998822
裏切	4998821
位置	4998820
掛け	4998819
良く	4998818
おけ	4998817
ウォーカー	4998816
種	4998815
席	4998814
ふざけ	4998813
魔女	4998812
that	4998811
靴	4998810
瞬間	4998809
受け取	4998808
確かめ	4998807
取れ	4998806
教授	4998805
恐ろし	4998804
落と	4998803
フォース	4998802
ボート	4998801
奇妙	4998800
キャリー	4998799
弱	4998798
ども	4998797
天使	4998796
息	4998795
熱	4998794
黒	4998793
吸	4998792
参加	4998791
by	4998790
建物	4998789
優し	4998788
出せ	4998787
うーん	4998786
ワン	4998785
サイン	4998784
やっぱり	4998783
苦し	4998782
主義	4998781
腹	4998780
ダニー	4998779
からだ	4998778
ぶり	4998777
超	4998776
届	4998775
旅	4998774
ちょうだい	4998773
中国	4998772
伏せ	4998771
決ま	4998770
リズボン	4998769
重	4998768
なるほど	4998767
提供	4998766
ど	4998765
会議	4998764
死亡	4998763
壊れ	4998762
フランス	4998761
離	4998760
確信	4998759
プログラム	4998758
荷物	4998757
避け	4998756
台	4998755
アラン	4998754
我慢	4998753
危な	4998752
時々	4998751
書類	4998750
自然	4998749
目標	4998748
剤	4998747
依頼	4998746
安心	4998745
cia	4998744
北	4998743
耐え	4998742
社会	4998741
詳し	4998740
ロンドン	4998739
スターク	4998738
怪我	4998737
カーター	4998736
毒	4998735
以内	4998734
ビール	4998733
前回	4998732
さま	4998731
基地	4998730
恋人	4998729
汚	4998728
会話	4998727
支援	4998726
旅行	4998725
副	4998724
t	4998723
ウィル	4998722
キー	4998721
マン	4998720
騙	4998719
既に	4998718
出会	4998717
停止	4998716
案内	4998715
指紋	4998714
アンナ	4998713
実験	4998712
いったい	4998711
ニック	4998710
シャーロック	4998709
暮ら	4998708
話し	4998707
怪物	4998706
アレックス	4998705
ええと	4998704
on	4998703
謝	4998702
女王	4998701
ありがと	4998700
色	4998699
ぇ	4998698
使用	4998697
周り	4998696
偶然	4998695
リース	4998694
処理	4998693
直ぐ	4998692
諦め	4998691
ルール	4998690
曲	4998689
市民	4998688
川	4998687
よろし	4998686
トイレ	4998685
機械	4998684
ハロルド	4998683
感染	4998682
うれし	4998681
破	4998680
隣	4998679
アパート	4998678
勝利	4998677
ポール	4998676
白	4998675
全体	4998674
尽く	4998673
dna	4998672
パートナー	4998671
鬼	4998670
手術	4998669
親	4998668
ドラゴン	4998667
直接	4998666
テロ	4998665
実行	4998664
軍隊	4998663
新聞	4998662
寂し	4998661
付き合	4998660
味方	4998659
所有	4998658
兄貴	4998657
王子	4998656
回復	4998655
知り合い	4998654
っけ	4998653
クリス	4998652
制御	4998651
いただ	4998650
市	4998649
さらに	4998648
次第	4998647
禁止	4998646
花	4998645
不思議	4998644
帰れ	4998643
倒	4998642
手段	4998641
匂い	4998640
資金	4998639
乗せ	4998638
当た	4998637
進め	4998636
病	4998635
後悔	4998634
脅威	4998633
ひとり	4998632
胸	4998631
諸君	4998630
指揮	4998629
this	4998628
愚か	4998627
レベル	4998626
避難	4998625
努力	4998624
呼吸	4998623
誇り	4998622
遠	4998621
同意	4998620
辛	4998619
いっぱい	4998618
断	4998617
闇	4998616
what	4998615
ガキ	4998614
時計	4998613
無視	4998612
有名	4998611
無実	4998610
よせ	4998609
神経	4998608
セックス	4998607
親友	4998606
金持ち	4998605
気の毒	4998604
だい	4998603
署	4998602
怒り	4998601
いずれ	4998600
おれ	4998599
分析	4998598
血液	4998597
代	4998596
恋	4998595
足り	4998594
個	4998593
生き残	4998592
さら	4998591
噂	4998590
医	4998589
応答	4998588
スカイ	4998587
扱	4998586
救急	4998585
ライト	4998584
手がかり	4998583
思い	4998582
かわい	4998581
ゾンビ	4998580
安定	4998579
勇気	4998578
距離	4998577
m	4998576
ワイン	4998575
交換	4998574
踊	4998573
確保	4998572
夫人	4998571
エンジン	4998570
兵器	4998569
アクセス	4998568
方向	4998567
症	4998566
限	4998565
奴隷	4998564
バリー	4998563
生徒	4998562
御	4998561
同様	4998560
ライン	4998559
叫	4998558
満足	4998557
立場	4998556
勇敢	4998555
決定	4998554
ヒーロー	4998553
両方	4998552
ダンス	4998551
慣れ	4998550
ホームズ	4998549
発生	4998548
金庫	4998547
パーティ	4998546
起動	4998545
政治	4998544
具合	4998543
乾杯	4998542
アダム	4998541
喋	4998540
クレア	4998539
パトリック	4998538
一生	4998537
高校	4998536
ドクター	4998535
南	4998534
まさに	4998533
エネルギー	4998532
we	4998531
いろいろ	4998530
雨	4998529
身体	4998528
レイ	4998527
成長	4998526
閣下	4998525
遠く	4998524
対処	4998523
優秀	4998522
最終	4998521
枚	4998520
連邦	4998519
才能	4998518
最大	4998517
動か	4998516
条件	4998515
サー	4998514
魅力	4998513
惑星	4998512
眠れ	4998511
暴力	4998510
ベル	4998509
ブロディ	4998508
責め	4998507
指輪	4998506
フレンド	4998505
戦闘	4998504
流	4998503
効果	4998502
大人	4998501
特定	4998500
マスター	4998499
ブース	4998498
妊娠	4998497
復讐	4998496
向	4998495
そろそろ	4998494
ジェシー	4998493
掃除	4998492
マックス	4998491
権	4998490
複雑	4998489
経	4998488
手配	4998487
青	4998486
修理	4998485
太陽	4998484
相談	4998483
最低	4998482
テープ	4998481
見張	4998480
暗	4998479
提案	4998478
閉じ	4998477
ホワイト	4998476
兵	4998475
支払	4998474
巻き込	4998473
そば	4998472
ボール	4998471
ロボット	4998470
庫	4998469
ファン	4998468
他人	4998467
英雄	4998466
ダニエル	4998465
さっさと	4998464
日間	4998463
規則	4998462
バッグ	4998461
厳し	4998460
苦労	4998459
交渉	4998458
流れ	4998457
標的	4998456
寒	4998455
本部	4998454
無線	4998453
赤ん坊	4998452
抜	4998451
集ま	4998450
組	4998449
ノー	4998448
法律	4998447
繰り返	4998446
招待	4998445
医療	4998444
確実	4998443
釈放	4998442
列車	4998441
最	4998440
面	4998439
おっと	4998438
おいで	4998437
説得	4998436
くせ	4998435
うるさ	4998434
記事	4998433
同僚	4998432
r	4998431
土地	4998430
トニー	4998429
あるいは	4998428
片付け	4998427
口座	4998426
誤解	4998425
かね	4998424
楽	4998423
正義	4998422
ア	4998421
内部	4998420
トミー	4998419
例	4998418
吐	4998417
団	4998416
プロ	4998415
興奮	4998414
新た	4998413
都市	4998412
再び	4998411
あらゆる	4998410
タイム	4998409
リーダー	4998408
タバコ	4998407
不安	4998406
保険	4998405
しょう	4998404
サン	4998403
電気	4998402
for	4998401
練習	4998400
表	4998399
接触	4998398
ジョージ	4998397
変更	4998396
ワトソン	4998395
仕業	4998394
グループ	4998393
値	4998392
工場	4998391
ごと	4998390
u	4998389
試合	4998388
自己	4998387
押	4998386
抜け	4998385
すら	4998384
納得	4998383
物語	4998382
閉じ込め	4998381
誘	4998380
ショーン	4998379
罰	4998378
クイーン	4998377
生命	4998376
c	4998375
スーパー	4998374
台無し	4998373
久し	4998372
メンバー	4998371
効	4998370
描	4998369
かつて	4998368
噛	4998367
脅	4998366
退屈	4998365
障害	4998364
カール	4998363
立派	4998362
貴様	4998361
ライアン	4998360
すばらし	4998359
チップ	4998358
取り	4998357
頂	4998356
ブロック	4998355
いただけ	4998354
名誉	4998353
導	4998352
半	4998351
倉庫	4998350
午後	4998349
y	4998348
予想	4998347
バレ	4998346
公園	4998345
字幕	4998344
治	4998343
閉め	4998342
非	4998341
保証	4998340
キロ	4998339
綺麗	4998338
おじ	4998337
じゃん	4998336
覚悟	4998335
スター	4998334
ちが	4998333
正体	4998332
話し合	4998331
石	4998330
辞め	4998329
トラブル	4998328
倍	4998327
光栄	4998326
発射	4998325
your	4998324
上司	4998323
クビ	4998322
イエス	4998321
子ども	4998320
タクシー	4998319
大した	4998318
ハンク	4998317
機能	4998316
省	4998315
床	4998314
oh	4998313
評価	4998312
ヤバ	4998311
プレゼント	4998310
小屋	4998309
さよなら	4998308
開発	4998307
しかも	4998306
届け	4998305
ワシ	4998304
歓迎	4998303
変化	4998302
得意	4998301
とんでも	4998300
間違え	4998299
掴	4998298
突き止め	4998297
だらけ	4998296
テロリスト	4998295
違反	4998294
勉強	4998293
西	4998292
形	4998291
機関	4998290
出身	4998289
加え	4998288
メキシコ	4998287
もたら	4998286
聴	4998285
現金	4998284
合わせ	4998283
鼻	4998282
キャロル	4998281
疑問	4998280
将来	4998279
パリ	4998278
泥棒	4998277
ビジネス	4998276
関連	4998275
作業	4998274
センター	4998273
贈り物	4998272
駐車	4998271
国家	4998270
艦隊	4998269
b	4998268
喧嘩	4998267
婦	4998266
証	4998265
追いかけ	4998264
目覚め	4998263
大勢	4998262
じっと	4998261
未	4998260
ほんの	4998259
追い出	4998258
バック	4998257
知らせ	4998256
叔父	4998255
承知	4998254
ジェダイ	4998253
焼	4998252
シャツ	4998251
コンピューター	4998250
約	4998249
階段	4998248
鉄	4998247
暗号	4998246
中止	4998245
肉	4998244
空気	4998243
抵抗	4998242
ギャング	4998241
出血	4998240
見逃	4998239
加減	4998238
かま	4998237
社長	4998236
h	4998235
関心	4998234
量	4998233
健康	4998232
尋問	4998231
ケツ	4998230
離婚	4998229
アナタ	4998228
タイラー	4998227
男の子	4998226
道路	4998225
do	4998224
食料	4998223
リサ	4998222
憶え	4998221
マシ	4998220
時期	4998219
キャンプ	4998218
有難う	4998217
グリーン	4998216
帽子	4998215
謎	4998214
ドライブ	4998213
医師	4998212
j	4998211
獣	4998210
越え	4998209
巨大	4998208
タイプ	4998207
アイツ	4998206
有罪	4998205
詳細	4998204
始末	4998203
臭	4998202
たとえ	4998201
発表	4998200
ロス	4998199
カリフォルニア	4998198
繋が	4998197
ラボ	4998196
例えば	4998195
マスク	4998194
化学	4998193
フィル	4998192
ハウス	4998191
維持	4998190
尻	4998189
なり	4998188
物質	4998187
リー	4998186
匹	4998185
地図	4998184
存知	4998183
be	4998182
貴女	4998181
空港	4998180
マーフィー	4998179
東	4998178
奇跡	4998177
ハリー	4998176
ヴァン	4998175
ボブ	4998174
戦士	4998173
事情	4998172
卿	4998171
恐らく	4998170
食べ物	4998169
卒業	4998168
地域	4998167
大佐	4998166
エリック	4998165
低	4998164
才	4998163
公	4998162
横	4998161
都合	4998160
ジミー	4998159
背	4998158
系	4998157
ダン	4998156
育	4998155
仕方な	4998154
身元	4998153
生存	4998152
挨拶	4998151
育て	4998150
扱い	4998149
待機	4998148
マズ	4998147
間に合	4998146
村	4998145
テーブル	4998144
保管	4998143
数え	4998142
ゾード	4998141
通報	4998140
爆破	4998139
こりゃ	4998138
機密	4998137
学生	4998136
入り	4998135
軍曹	4998134
大量	4998133
義務	4998132
見失	4998131
さようなら	4998130
ド	4998129
英語	4998128
バン	4998127
当て	4998126
天才	4998125
大使	4998124
アップ	4998123
人質	4998122
メアリー	4998121
出来事	4998120
ポンド	4998119
慎重	4998118
内容	4998117
味	4998116
要請	4998115
割	4998114
ジェイク	4998113
令状	4998112
違法	4998111
ゾーイ	4998110
ほか	4998109
単純	4998108
倒れ	4998107
核	4998106
正気	4998105
肢	4998104
エージェント	4998103
掛か	4998102
遺伝	4998101
予約	4998100
ソール	4998099
班	4998098
サービス	4998097
茶	4998096
ドレス	4998095
駅	4998094
注文	4998093
暗殺	4998092
孤独	4998091
ネズミ	4998090
逆	4998089
コール	4998088
お腹	4998087
ロバート	4998086
保障	4998085
all	4998084
撮影	4998083
逃が	4998082
甘	4998081
乗れ	4998080
クソッ	4998079
機嫌	4998078
長官	4998077
here	4998076
いかが	4998075
アホ	4998074
あり	4998073
段階	4998072
埋め	4998071
闘	4998070
出口	4998069
証人	4998068
シー	4998067
パン	4998066
仕掛け	4998065
彼氏	4998064
ジェームズ	4998063
叩	4998062
課	4998061
オン	4998060
辺	4998059
ジュリアン	4998058
アーサー	4998057
ウッド	4998056
親切	4998055
バンド	4998054
いらっしゃ	4998053
ボーイ	4998052
魚	4998051
地元	4998050
卵	4998049
賛成	4998048
逃亡	4998047
not	4998046
さも	4998045
エミリー	4998044
know	4998043
ケーキ	4998042
裏切り	4998041
観	4998040
v	4998039
動機	4998038
売春	4998037
乙	4998036
広	4998035
鳴	4998034
バイ	4998033
設計	4998032
投げ	4998031
生物	4998030
脱	4998029
悪夢	4998028
委員	4998027
優先	4998026
企業	4998025
王国	4998024
文句	4998023
主張	4998022
ポケット	4998021
始まり	4998020
ホーム	4998019
週末	4998018
のみ	4998017
見事	4998016
注目	4998015
超え	4998014
婚約	4998013
百	4998012
o	4998011
くだ	4998010
囚人	4998009
ディーン	4998008
酔	4998007
返事	4998006
拷問	4998005
果た	4998004
守れ	4998003
罠	4998002
ホール	4998001
紙	4998000
救え	4997999
まい	4997998
ワシントン	4997997
閉鎖	4997996
ジョニー	4997995
オリビア	4997994
have	4997993
市長	4997992
燃え	4997991
移	4997990
椅子	4997989
アリス	4997988
教師	4997987
拒否	4997986
文字	4997985
橋	4997984
どけ	4997983
着陸	4997982
背中	4997981
リック	4997980
ビリー	4997979
小僧	4997978
犯行	4997977
程	4997976
ぉ	4997975
傷つ	4997974
衛星	4997973
夜中	4997972
完成	4997971
先週	4997970
ジェイ	4997969
人形	4997968
なく	4997967
バウアー	4997966
終え	4997965
畜生	4997964
カー	4997963
知ら	4997962
ジェイソン	4997961
たれ	4997960
自ら	4997959
虫	4997958
弾丸	4997957
ゲート	4997956
友	4997955
今後	4997954
記念	4997953
城	4997952
コントロール	4997951
喉	4997950
シーズン	4997949
知識	4997948
自信	4997947
米国	4997946
厄介	4997945
イカ	4997944
反	4997943
投資	4997942
ブルー	4997941
are	4997940
武装	4997939
終了	4997938
稼	4997937
拘束	4997936
態度	4997935
ローレル	4997934
嵐	4997933
経営	4997932
脅迫	4997931
ケース	4997930
休暇	4997929
道具	4997928
源	4997927
抱え	4997926
抱	4997925
クイン	4997924
つか	4997923
詐欺	4997922
議論	4997921
牛	4997920
朝食	4997919
殺し屋	4997918
どうせ	4997917
ベイビー	4997916
ジュリア	4997915
レストラン	4997914
ヘリ	4997913
世紀	4997912
中毒	4997911
鏡	4997910
迷	4997909
つま	4997908
カイル	4997907
手助け	4997906
指導	4997905
否定	4997904
記者	4997903
備え	4997902
ケイト	4997901
幽霊	4997900
見捨て	4997899
もと	4997898
操作	4997897
殿	4997896
跡	4997895
ついに	4997894
扉	4997893
持て	4997892
痕跡	4997891
一般	4997890
チャールズ	4997889
ウェイン	4997888
ケビン	4997887
激し	4997886
パイ	4997885
手伝い	4997884
民	4997883
イギリス	4997882
非難	4997881
決断	4997880
寄	4997879
妄想	4997878
狙い	4997877
注射	4997876
訴え	4997875
リード	4997874
伝言	4997873
程度	4997872
妨害	4997871
一方	4997870
アイデア	4997869
艦	4997868
伝説	4997867
同時	4997866
ラ	4997865
呼び出	4997864
最善	4997863
there	4997862
頼み	4997861
策	4997860
科	4997859
順調	4997858
種類	4997857
役立	4997856
いろ	4997855
ロイ	4997854
環境	4997853
思い出せ	4997852
チーズ	4997851
握	4997850
授業	4997849
ザ	4997848
エマ	4997847
休み	4997846
豚	4997845
ウイルス	4997844
強力	4997843
大尉	4997842
エイミー	4997841
トップ	4997840
デ	4997839
がんば	4997838
放せ	4997837
汚れ	4997836
危機	4997835
驚き	4997834
あきらめ	4997833
救出	4997832
型	4997831
ケガ	4997830
コート	4997829
ベス	4997828
休憩	4997827
怪し	4997826
援護	4997825
吸血	4997824
法廷	4997823
従業	4997822
除	4997821
死者	4997820
コナー	4997819
姫	4997818
けれど	4997817
冷静	4997816
読め	4997815
キング	4997814
午前	4997813
ショック	4997812
x	4997811
短	4997810
クラス	4997809
尊敬	4997808
ガール	4997807
正当	4997806
go	4997805
試験	4997804
放射	4997803
恥	4997802
ローマ	4997801
減	4997800
降ろ	4997799
ラリー	4997798
ナンバー	4997797
cbi	4997796
大金	4997795
ルート	4997794
ぁ	4997793
コピー	4997792
国境	4997791
貰え	4997790
シャワー	4997789
ブルース	4997788
おいし	4997787
つなが	4997786
年代	4997785
自動	4997784
適切	4997783
モーガン	4997782
ミサイル	4997781
冷た	4997780
困難	4997779
親し	4997778
それぞれ	4997777
軽	4997776
芸術	4997775
ゴミ	4997774
白人	4997773
逃	4997772
飲み物	4997771
近所	4997770
たい	4997769
格好	4997768
手遅れ	4997767
緊張	4997766
アンディ	4997765
この世	4997764
地上	4997763
放送	4997762
看護	4997761
防衛	4997760
番組	4997759
got	4997758
チャン	4997757
天国	4997756
夏	4997755
呼べ	4997754
推測	4997753
燃料	4997752
グレース	4997751
特殊	4997750
感覚	4997749
警戒	4997748
範囲	4997747
with	4997746
旦那	4997745
作品	4997744
状	4997743
しゃべ	4997742
ホット	4997741
ファック	4997740
ガン	4997739
エディ	4997738
対応	4997737
動け	4997736
七	4997735
配置	4997734
サイト	4997733
候補	4997732
ゴメン	4997731
氷	4997730
院	4997729
応援	4997728
デレク	4997727
スコット	4997726
週	4997725
中心	4997724
両手	4997723
っぽ	4997722
演奏	4997721
モノ	4997720
マギー	4997719
カレン	4997718
監督	4997717
勝て	4997716
単なる	4997715
散歩	4997714
逃げ出	4997713
利益	4997712
航空	4997711
押さえ	4997710
接近	4997709
とけ	4997708
id	4997707
資料	4997706
捧げ	4997705
フ	4997704
ドラッグ	4997703
遠慮	4997702
抑え	4997701
チケット	4997700
ウィルス	4997699
真剣	4997698
炎	4997697
ク	4997696
財布	4997695
諜報	4997694
代表	4997693
ペン	4997692
半沢	4997691
レイチェル	4997690
人殺し	4997689
影	4997688
無人	4997687
発作	4997686
国民	4997685
なかなか	4997684
観察	4997683
サンプル	4997682
動揺	4997681
支持	4997680
ゴードン	4997679
なくな	4997678
角	4997677
勿論	4997676
慈悲	4997675
ハロー	4997674
ドーム	4997673
洗	4997672
接続	4997671
数字	4997670
おや	4997669
レース	4997668
妙	4997667
アマンダ	4997666
エイリアン	4997665
権力	4997664
リンダ	4997663
此処	4997662
ルーク	4997661
憎	4997660
ちく	4997659
遊び	4997658
笑顔	4997657
地区	4997656
ココ	4997655
渡せ	4997654
生か	4997653
んな	4997652
ポイント	4997651
今晩	4997650
か月	4997649
補	4997648
屋根	4997647
自宅	4997646
警報	4997645
市場	4997644
着け	4997643
未だ	4997642
アイス	4997641
外れ	4997640
増え	4997639
骨折	4997638
うんざり	4997637
取得	4997636
宝石	4997635
輸送	4997634
コンピュータ	4997633
連れ出	4997632
ベルト	4997631
来れ	4997630
似合	4997629
負	4997628
訪問	4997627
スペイン	4997626
夢中	4997625
怯え	4997624
ボックス	4997623
判事	4997622
just	4997621
ゼロ	4997620
家庭	4997619
ジェイコブ	4997618
ラニスター	4997617
中身	4997616
いで	4997615
哀れ	4997614
陪審	4997613
シスター	4997612
恥ずかし	4997611
負傷	4997610
見かけ	4997609
was	4997608
同士	4997607
失踪	4997606
ベスト	4997605
迫	4997604
マリー	4997603
リスク	4997602
金属	4997601
最新	4997600
can	4997599
座れ	4997598
ごらん	4997597
関与	4997596
ばあ	4997595
連続	4997594
載	4997593
逃れ	4997592
登録	4997591
ページ	4997590
パソコン	4997589
千	4997588
ぎ	4997587
庭	4997586
迷惑	4997585
案	4997584
ｏｋ	4997583
リチャード	4997582
ジョーンズ	4997581
燃や	4997580
おば	4997579
スピード	4997578
不足	4997577
門	4997576
捕らえ	4997575
覚ま	4997574
so	4997573
成	4997572
パイロット	4997571
アーロン	4997570
失望	4997569
プール	4997568
浴び	4997567
塔	4997566
無罪	4997565
銃撃	4997564
机	4997563
騒ぎ	4997562
糞	4997561
黒人	4997560
取り引き	4997559
フラッシュ	4997558
故郷	4997557
浮気	4997556
凶器	4997555
共通	4997554
若者	4997553
正	4997552
とって	4997551
不正	4997550
ン	4997549
貴重	4997548
運動	4997547
余地	4997546
寝室	4997545
カット	4997544
細胞	4997543
持ち	4997542
初	4997541
余計	4997540
ネルソン	4997539
通常	4997538
タイ	4997537
解除	4997536
ニキータ	4997535
何事	4997534
マーカス	4997533
ö	4997532
集団	4997531
中尉	4997530
ずつ	4997529
共有	4997528
太	4997527
カギ	4997526
敬意	4997525
まとも	4997524
薬物	4997523
ずいぶん	4997522
悩	4997521
かわいそう	4997520
からか	4997519
リグスビー	4997518
農場	4997517
拾	4997516
勝ち	4997515
ハニー	4997514
老人	4997513
投票	4997512
ビッグ	4997511
でか	4997510
限界	4997509
くん	4997508
ケンカ	4997507
まとめ	4997506
保	4997505
回収	4997504
ターゲット	4997503
メモ	4997502
he	4997501
スティーブ	4997500
袋	4997499
湖	4997498
but	4997497
強制	4997496
ルーム	4997495
もはや	4997494
リラックス	4997493
そちら	4997492
ナイト	4997491
セット	4997490
入手	4997489
刺激	4997488
救助	4997487
事業	4997486
襲撃	4997485
操	4997484
テア	4997483
神々	4997482
作れ	4997481
海岸	4997480
イー	4997479
狼	4997478
好み	4997477
死因	4997476
珍し	4997475
教育	4997474
金曜	4997473
重大	4997472
しまい	4997471
念	4997470
何百	4997469
いやいや	4997468
トーマス	4997467
ボタン	4997466
巨	4997465
登	4997464
下ろ	4997463
カネ	4997462
こんばんは	4997461
送信	4997460
ラジオ	4997459
処分	4997458
留守	4997457
額	4997456
ノア	4997455
ステキ	4997454
外出	4997453
マシュー	4997452
墓	4997451
国王	4997450
認識	4997449
ょ	4997448
係	4997447
ハンター	4997446
忠誠	4997445
ふう	4997444
今年	4997443
謝罪	4997442
当局	4997441
セキュリティ	4997440
世間	4997439
フィールド	4997438
発砲	4997437
不能	4997436
ミルク	4997435
ルイス	4997434
火事	4997433
ぼ	4997432
損傷	4997431
ビーチ	4997430
神父	4997429
不幸	4997428
飛ば	4997427
術	4997426
盗聴	4997425
集会	4997424
余裕	4997423
サイモン	4997422
だま	4997421
基本	4997420
助手	4997419
暇	4997418
邪悪	4997417
肩	4997416
縛	4997415
杯	4997414
はや	4997413
ショット	4997412
帝国	4997411
独り	4997410
分け	4997409
理論	4997408
封鎖	4997407
阻止	4997406
艦長	4997405
離せ	4997404
相当	4997403
招	4997402
死刑	4997401
リンク	4997400
叔母	4997399
優れ	4997398
選挙	4997397
加わ	4997396
祝い	4997395
クロエ	4997394
滞在	4997393
アレ	4997392
帰り	4997391
配達	4997390
崩壊	4997389
産	4997388
当時	4997387
たま	4997386
初め	4997385
反逆	4997384
電源	4997383
よこせ	4997382
映	4997381
衝突	4997380
悲劇	4997379
英国	4997378
ピザ	4997377
告白	4997376
トリック	4997375
えー	4997374
国際	4997373
仕え	4997372
販売	4997371
手錠	4997370
イン	4997369
一言	4997368
翻訳	4997367
ガラス	4997366
いろんな	4997365
サンタ	4997364
全力	4997363
騎士	4997362
陰	4997361
破滅	4997360
速度	4997359
医学	4997358
深刻	4997357
派	4997356
辺り	4997355
安	4997354
含	4997353
売れ	4997352
不満	4997351
告発	4997350
中央	4997349
心当たり	4997348
代理	4997347
アリバイ	4997346
ランド	4997345
権限	4997344
尾行	4997343
着替え	4997342
リリー	4997341
美術	4997340
顧客	4997339
嫉妬	4997338
セクシー	4997337
交通	4997336
苦痛	4997335
必死	4997334
脚	4997333
財産	4997332
トンネル	4997331
どおり	4997330
ドン	4997329
趣味	4997328
ヤ	4997327
ロー	4997326
come	4997325
トランク	4997324
ネットワーク	4997323
g	4997322
z	4997321
紳士	4997320
臆病	4997319
じい	4997318
引っ張	4997317
疑い	4997316
単に	4997315
挑戦	4997314
停め	4997313
レスター	4997312
ケリー	4997311
浮か	4997310
馬鹿げ	4997309
like	4997308
レベッカ	4997307
ダグ	4997306
海賊	4997305
軍人	4997304
抜け出	4997303
降	4997302
サマリア	4997301
ダウン	4997300
アニー	4997299
えっと	4997298
金融	4997297
地面	4997296
申し上げ	4997295
四	4997294
キレイ	4997293
去年	4997292
聖	4997291
仲	4997290
喜び	4997289
わずか	4997288
車両	4997287
思いつ	4997286
署名	4997285
結	4997284
みせ	4997283
済み	4997282
意志	4997281
業	4997280
計算	4997279
輝	4997278
ドロイド	4997277
対策	4997276
じゃぁ	4997275
つな	4997274
捕虜	4997273
酸素	4997272
体験	4997271
クリア	4997270
暗闇	4997269
援助	4997268
探偵	4997267
キャプテン	4997266
やっつけ	4997265
k	4997264
グレッグ	4997263
ふり	4997262
静流	4997261
呪い	4997260
更に	4997259
何時	4997258
進行	4997257
コイツ	4997256
支え	4997255
ジョーダン	4997254
民間	4997253
意思	4997252
わざわざ	4997251
デカ	4997250
おかしな	4997249
愛し	4997248
留ま	4997247
極めて	4997246
ハッキング	4997245
過ち	4997244
質	4997243
嘘つき	4997242
一族	4997241
充分	4997240
作用	4997239
見つめ	4997238
助言	4997237
緑	4997236
乗り越え	4997235
規模	4997234
ルーシー	4997233
アレク	4997232
偽	4997231
予測	4997230
チョウ	4997229
創造	4997228
言い訳	4997227
一瞬	4997226
ヤク	4997225
人気	4997224
さすが	4997223
物事	4997222
検死	4997221
執行	4997220
便	4997219
手掛かり	4997218
ユダヤ	4997217
下げ	4997216
皇帝	4997215
re	4997214
製	4997213
臭い	4997212
ロビー	4997211
トッド	4997210
公式	4997209
ほぼ	4997208
きり	4997207
心理	4997206
用事	4997205
図	4997204
遅刻	4997203
仮	4997202
スーザン	4997201
一員	4997200
引き受け	4997199
取り出	4997198
女房	4997197
正常	4997196
幾	4997195
ガソリン	4997194
ねー	4997193
今週	4997192
エド	4997191
実現	4997190
隠れ家	4997189
ソ	4997188
期間	4997187
パターン	4997186
公平	4997185
悪化	4997184
コース	4997183
歩け	4997182
ドク	4997181
たまに	4997180
涙	4997179
ブレナン	4997178
ライリー	4997177
引き起こ	4997176
軍事	4997175
指令	4997174
護衛	4997173
夫婦	4997172
ブリッジ	4997171
飲め	4997170
クール	4997169
つかま	4997168
雪	4997167
メイ	4997166
狩り	4997165
身分	4997164
勘弁	4997163
ありがた	4997162
庁	4997161
選手	4997160
帰還	4997159
明確	4997158
クズ	4997157
冬	4997156
モデル	4997155
明る	4997154
トラヴィス	4997153
底	4997152
誠人	4997151
どっ	4997150
up	4997149
ジュニア	4997148
フィート	4997147
撤退	4997146
むしろ	4997145
来週	4997144
ダイヤ	4997143
頂戴	4997142
泳	4997141
東京	4997140
合衆	4997139
争	4997138
mr	4997137
モンロー	4997136
報道	4997135
少佐	4997134
申し出	4997133
報酬	4997132
デイブ	4997131
フード	4997130
イラク	4997129
合図	4997128
対象	4997127
不要	4997126
試み	4997125
復帰	4997124
際	4997123
生き延び	4997122
墜落	4997121
修正	4997120
戦略	4997119
操縦	4997118
共犯	4997117
ビクター	4997116
娼婦	4997115
つら	4997114
メートル	4997113
支払い	4997112
yeah	4997111
マネ	4997110
カラム	4997109
仕方	4997108
冒険	4997107
サイズ	4997106
祭	4997105
無くな	4997104
忠告	4997103
隔離	4997102
派遣	4997101
円	4997100
マット	4997099
使命	4997098
ビジター	4997097
五	4997096
モンスター	4997095
パティ	4997094
隊長	4997093
脱獄	4997092
暑	4997091
存	4997090
革命	4997089
融資	4997088
上げろ	4997087
マルセル	4997086
置き去り	4997085
バッジ	4997084
祖父	4997083
テレサ	4997082
巡査	4997081
目立	4997080
スポーツ	4997079
云	4997078
分離	4997077
カルロス	4997076
砂漠	4997075
免許	4997074
造	4997073
制服	4997072
共和	4997071
工作	4997070
役割	4997069
lj	4997068
用件	4997067
爪	4997066
パーカー	4997065
right	4997064
結論	4997063
代わ	4997062
最中	4997061
ご覧	4997060
キャメロン	4997059
ふさわし	4997058
姉妹	4997057
オフ	4997056
きれ	4997055
修復	4997054
給料	4997053
ピンク	4997052
勤務	4997051
はじめ	4997050
ゲイ	4997049
囲	4997048
園	4997047
ロ	4997046
含め	4997045
アブ	4997044
覚め	4997043
虐殺	4997042
フィフス	4997041
ゆ	4997040
アウト	4997039
アン	4997038
至	4997037
防	4997036
婦人	4997035
検察	4997034
料	4997033
中佐	4997032
ジャンプ	4997031
海兵	4997030
監禁	4997029
診断	4997028
キッチン	4997027
広が	4997026
撃て	4997025
訪ね	4997024
ルーカス	4997023
グレン	4997022
美人	4997021
ピート	4997020
考慮	4997019
オイ	4997018
建て	4997017
シカゴ	4997016
労働	4997015
ハ	4997014
処刑	4997013
賞	4997012
潰	4997011
一時	4997010
ステージ	4997009
あた	4997008
表現	4997007
通過	4997006
調整	4997005
意図	4997004
そっくり	4997003
カップ	4997002
下り	4997001
get	4997000
美味し	4996999
キャシー	4996998
狙撃	4996997
スキャン	4996996
勝負	4996995
つく	4996994
エレベーター	4996993
訴訟	4996992
故障	4996991
話しかけ	4996990
おっ	4996989
ローズ	4996988
引きず	4996987
株	4996986
潜入	4996985
イタリア	4996984
探し	4996983
ミッション	4996982
レオ	4996981
供給	4996980
陰謀	4996979
ロープ	4996978
公開	4996977
司法	4996976
連行	4996975
岩	4996974
シティ	4996973
印	4996972
資産	4996971
建設	4996970
ざる	4996969
たいした	4996968
正解	4996967
勘違い	4996966
買え	4996965
海軍	4996964
皮膚	4996963
野朗	4996962
成果	4996961
逃走	4996960
悲しみ	4996959
主任	4996958
復活	4996957
舌	4996956
ぜひ	4996955
票	4996954
付き	4996953
借金	4996952
ノック	4996951
正式	4996950
議長	4996949
普段	4996948
発信	4996947
図書	4996946
ロブ	4996945
オーケイ	4996944
牧師	4996943
日々	4996942
真面目	4996941
検討	4996940
癌	4996939
排除	4996938
衣装	4996937
裸	4996936
決まり	4996935
ミラー	4996934
共同	4996933
now	4996932
エリザベス	4996931
セント	4996930
症状	4996929
走れ	4996928
数百	4996927
p	4996926
ｆｂｉ	4996925
出番	4996924
土曜	4996923
信念	4996922
昨晩	4996921
進展	4996920
前進	4996919
振	4996918
引っ越	4996917
電子	4996916
取り組	4996915
失せ	4996914
眺め	4996913
用心	4996912
企	4996911
異な	4996910
ストレス	4996909
満た	4996908
ただいま	4996907
探し出	4996906
よお	4996905
テッド	4996904
切断	4996903
騒	4996902
波	4996901
針	4996900
シート	4996899
アドバイス	4996898
難	4996897
頂け	4996896
訊	4996895
期	4996894
暴行	4996893
とりあえず	4996892
笑い	4996891
カッコ	4996890
舞台	4996889
転送	4996888
膝	4996887
祈り	4996886
年齢	4996885
ボストン	4996884
十	4996883
ハメ	4996882
どころ	4996881
信仰	4996880
la	4996879
ウィルソン	4996878
フリ	4996877
メイン	4996876
並	4996875
祝福	4996874
ランチ	4996873
教	4996872
射撃	4996871
絶望	4996870
タンク	4996869
見当	4996868
死人	4996867
うそ	4996866
スイッチ	4996865
見れ	4996864
思考	4996863
昼	4996862
楽しめ	4996861
アイリス	4996860
検事	4996859
議会	4996858
資格	4996857
晒	4996856
マリア	4996855
鑑識	4996854
背後	4996853
at	4996852
訪れ	4996851
たまえ	4996850
テキサス	4996849
祖母	4996848
種族	4996847
毎晩	4996846
スキー	4996845
入院	4996844
やはり	4996843
ライオン	4996842
玄関	4996841
遭	4996840
will	4996839
コ	4996838
汚染	4996837
トロン	4996836
昼食	4996835
時刻	4996834
商売	4996833
近づけ	4996832
判明	4996831
社員	4996830
面会	4996829
out	4996828
呪	4996827
連れ去	4996826
キム	4996825
睡眠	4996824
風呂	4996823
チョコレート	4996822
殆ど	4996821
直面	4996820
被告	4996819
ラッキー	4996818
猿	4996817
自慢	4996816
ドッグ	4996815
本人	4996814
レ	4996813
指名	4996812
整理	4996811
上昇	4996810
虐待	4996809
筋	4996808
f	4996807
気味	4996806
ジェレミー	4996805
チビ	4996804
把握	4996803
追加	4996802
乗客	4996801
him	4996800
びっくり	4996799
天	4996798
ブライアン	4996797
ボビー	4996796
ハンナ	4996795
メス	4996794
あんまり	4996793
理想	4996792
クーパー	4996791
続き	4996790
泊ま	4996789
挙げ	4996788
正面	4996787
真似	4996786
もしくは	4996785
消防	4996784
出ろ	4996783
でも	4996782
マーティン	4996781
コカイン	4996780
越	4996779
作動	4996778
儀式	4996777
クリーム	4996776
呪文	4996775
パス	4996774
発明	4996773
告げ	4996772
再生	4996771
スタッフ	4996770
及	4996769
パニック	4996768
まっすぐ	4996767
降伏	4996766
ジェームス	4996765
知恵	4996764
問	4996763
捕え	4996762
トラビス	4996761
シールド	4996760
スターリング	4996759
時点	4996758
刑	4996757
新鮮	4996756
つい	4996755
かえ	4996754
乗り	4996753
愛情	4996752
妖精	4996751
評議	4996750
画像	4996749
掘	4996748
never	4996747
祝	4996746
ベラ	4996745
手続き	4996744
幻覚	4996743
頭痛	4996742
バイク	4996741
外科	4996740
毛	4996739
ハンサム	4996738
王女	4996737
反乱	4996736
釣り	4996735
突っ込	4996734
センサー	4996733
ウチ	4996732
不法	4996731
オ	4996730
ヵ月	4996729
仲良く	4996728
鋭	4996727
ペット	4996726
解雇	4996725
ナジール	4996724
じき	4996723
スゴ	4996722
マーティ	4996721
モード	4996720
複数	4996719
暖か	4996718
印象	4996717
ゲイリー	4996716
王妃	4996715
アル	4996714
折れ	4996713
スレイド	4996712
ベイ	4996711
羽	4996710
クモ	4996709
話題	4996708
承認	4996707
love	4996706
ジェシカ	4996705
久利生	4996704
職場	4996703
誤	4996702
エリカ	4996701
外国	4996700
腐	4996699
飢え	4996698
カバー	4996697
管	4996696
振り	4996695
自転	4996694
素早	4996693
世	4996692
スミス	4996691
収集	4996690
暮らし	4996689
直ちに	4996688
高速	4996687
匿名	4996686
good	4996685
直前	4996684
溺れ	4996683
ばか	4996682
療法	4996681
gonna	4996680
群れ	4996679
沈	4996678
獲物	4996677
煙	4996676
衝撃	4996675
リバー	4996674
間抜け	4996673
周辺	4996672
餌	4996671
槍	4996670
死後	4996669
検索	4996668
ヒル	4996667
北部	4996666
漏れ	4996665
追い詰め	4996664
入り口	4996663
バーグ	4996662
皮	4996661
引退	4996660
無効	4996659
評判	4996658
クルー	4996657
当たり前	4996656
one	4996655
博物	4996654
クレジット	4996653
網	4996652
かな	4996651
誓い	4996650
レイプ	4996649
わざと	4996648
ビショップ	4996647
まく	4996646
変身	4996645
どなた	4996644
ムダ	4996643
寄付	4996642
部長	4996641
物理	4996640
ジェリー	4996639
眼	4996638
ライオネル	4996637
同盟	4996636
支店	4996635
高級	4996634
族	4996633
競争	4996632
ボーンズ	4996631
折	4996630
豆	4996629
ばっかり	4996628
にく	4996627
悪人	4996626
発電	4996625
アビー	4996624
受信	4996623
比べ	4996622
売人	4996621
世代	4996620
タイミング	4996619
帰宅	4996618
手順	4996617
生涯	4996616
月曜	4996615
if	4996614
自警	4996613
パンツ	4996612
立ち向か	4996611
生き物	4996610
脅か	4996609
詩	4996608
下ろせ	4996607
録音	4996606
w	4996605
狩	4996604
使い	4996603
伝統	4996602
イヴ	4996601
勧め	4996600
買い物	4996599
しゃべり	4996598
リンカーン	4996597
突入	4996596
高度	4996595
設定	4996594
聖書	4996593
稼ぎ	4996592
地点	4996591
ヘン	4996590
拘留	4996589
分間	4996588
チキン	4996587
連れ戻	4996586
see	4996585
dr	4996584
大物	4996583
具体	4996582
製造	4996581
見付け	4996580
勤め	4996579
キリスト	4996578
ハンニバル	4996577
サーバー	4996576
レナ	4996575
苦しみ	4996574
飼	4996573
もっとも	4996572
周囲	4996571
トロイ	4996570
コイン	4996569
職員	4996568
何千	4996567
頭蓋	4996566
進化	4996565
電力	4996564
感動	4996563
トン	4996562
曲が	4996561
同情	4996560
キエラ	4996559
極秘	4996558
マーチン	4996557
上院	4996556
愉快	4996555
現	4996554
盗み	4996553
エレン	4996552
内側	4996551
バッテリー	4996550
置け	4996549
悪党	4996548
カップル	4996547
きちんと	4996546
多少	4996545
構築	4996544
新人	4996543
ヨーロッパ	4996542
アディ	4996541
グリム	4996540
きつ	4996539
廊下	4996538
立ち上が	4996537
郵便	4996536
苦手	4996535
取締	4996534
hr	4996533
数千	4996532
矢	4996531
引き金	4996530
アイリーン	4996529
類	4996528
ビ	4996527
校長	4996526
ケイティ	4996525
デルタ	4996524
積	4996523
又	4996522
毎年	4996521
セバス	4996520
ソフィー	4996519
昇進	4996518
スピーチ	4996517
起訴	4996516
あちこち	4996515
発言	4996514
あたり	4996513
ころ	4996512
包	4996511
宝	4996510
km	4996509
おう	4996508
預け	4996507
ｍ	4996506
ヒット	4996505
解読	4996504
先日	4996503
埋葬	4996502
選べ	4996501
ソン	4996500
葬儀	4996499
スタート	4996498
領域	4996497
まえ	4996496
つつ	4996495
提督	4996494
十字	4996493
りゃ	4996492
潜	4996491
クローン	4996490
ゴッ	4996489
タイヤ	4996488
ジェット	4996487
同然	4996486
ダリル	4996485
目指	4996484
皮肉	4996483
無料	4996482
黄金	4996481
はぁ	4996480
繋	4996479
とっく	4996478
パーシー	4996477
古代	4996476
ハッカー	4996475
ハッピー	4996474
商品	4996473
利口	4996472
バット	4996471
経済	4996470
港	4996469
御免	4996468
処置	4996467
ny	4996466
部品	4996465
筋肉	4996464
n	4996463
予備	4996462
アーチャー	4996461
引け	4996460
冷蔵	4996459
ガード	4996458
防御	4996457
真ん中	4996456
代償	4996455
イメージ	4996454
ランス	4996453
界	4996452
震え	4996451
吹き飛ば	4996450
ギリシャ	4996449
カム	4996448
孤児	4996447
役目	4996446
繋がり	4996445
戦え	4996444
達成	4996443
マルコム	4996442
イケ	4996441
雑誌	4996440
笑え	4996439
放棄	4996438
容易	4996437
down	4996436
蹴	4996435
電車	4996434
リング	4996433
アルファ	4996432
人工	4996431
請求	4996430
事項	4996429
ドライバー	4996428
一切	4996427
宗教	4996426
タフ	4996425
ブラウン	4996424
徹底	4996423
せっかく	4996422
アボット	4996421
そうそう	4996420
開放	4996419
部門	4996418
タトゥー	4996417
小便	4996416
特徴	4996415
ハム	4996414
肺	4996413
海外	4996412
覆	4996411
取り上げ	4996410
パンチ	4996409
屋上	4996408
まかせ	4996407
手下	4996406
黄色	4996405
フューリー	4996404
プラン	4996403
ノート	4996402
ジョフリー	4996401
巣	4996400
おぉ	4996399
菓子	4996398
率直	4996397
潜水	4996396
クラウス	4996395
バラ	4996394
アーメン	4996393
取り除	4996392
相	4996391
グラス	4996390
銃弾	4996389
永久	4996388
築	4996387
when	4996386
たび	4996385
明かり	4996384
地震	4996383
礼儀	4996382
幸福	4996381
フェリシティ	4996380
ジョーク	4996379
イカレ	4996378
快適	4996377
ノ	4996376
引き上げ	4996375
冒	4996374
日曜	4996373
ヘレン	4996372
召喚	4996371
手放	4996370
狭	4996369
gps	4996368
やる気	4996367
谷	4996366
ティム	4996365
世の中	4996364
下手	4996363
一丿	4996362
保存	4996361
述べ	4996360
被	4996359
ロニー	4996358
悲鳴	4996357
テディ	4996356
列	4996355
瓶	4996354
メリー	4996353
分野	4996352
死に	4996351
タワー	4996350
再開	4996349
畑	4996348
売り	4996347
宅	4996346
熊	4996345
エリス	4996344
インチ	4996343
一晩	4996342
偵察	4996341
公表	4996340
原子	4996339
恋し	4996338
ナンシー	4996337
出入り	4996336
砂糖	4996335
無用	4996334
クルマ	4996333
貸し	4996332
拡大	4996331
フロリダ	4996330
ブラボー	4996329
クマ	4996328
弱点	4996327
随分	4996326
長年	4996325
強化	4996324
ハント	4996323
ディナー	4996322
丁度	4996321
此奴	4996320
キャリア	4996319
持ち主	4996318
ライアス	4996317
巨人	4996316
濡れ	4996315
提出	4996314
フェンス	4996313
待ち	4996312
パスポート	4996311
一歩	4996310
カ月	4996309
エンタープライズ	4996308
座標	4996307
ショウ	4996306
戦場	4996305
フランキー	4996304
動脈	4996303
通話	4996302
ピン	4996301
首相	4996300
マック	4996299
色んな	4996298
預か	4996297
誠実	4996296
はめ	4996295
ハッキリ	4996294
グレイ	4996293
ウォード	4996292
立ち去	4996291
ムリ	4996290
オリー	4996289
デバイス	4996288
侮辱	4996287
死ね	4996286
追いつ	4996285
ロード	4996284
土	4996283
葬式	4996282
見守	4996281
見覚え	4996280
過剰	4996279
ライフル	4996278
懸命	4996277
バラバラ	4996276
アンジェラ	4996275
友情	4996274
催眠	4996273
こっそり	4996272
エル	4996271
デビッド	4996270
天気	4996269
退	4996268
親愛	4996267
装備	4996266
だり	4996265
about	4996264
少々	4996263
魔術	4996262
植物	4996261
許せ	4996260
収穫	4996259
半年	4996258
党	4996257
スイーツ	4996256
出会い	4996255
デクスター	4996254
しよう	4996253
端	4996252
イアン	4996251
シャトル	4996250
送れ	4996249
終	4996248
オー	4996247
自体	4996246
ニュー	4996245
偽物	4996244
やば	4996243
コンサルタント	4996242
合法	4996241
今頃	4996240
国防	4996239
凵	4996238
売買	4996237
マヤ	4996236
デュバク	4996235
棒	4996234
イライジャ	4996233
兆候	4996232
粒子	4996231
体制	4996230
神聖	4996229
満ち	4996228
ううん	4996227
ジャケット	4996226
揃	4996225
サル	4996224
ダイノ	4996223
シロ	4996222
誘惑	4996221
そら	4996220
総督	4996219
パーク	4996218
クッキー	4996217
狂気	4996216
働き	4996215
診	4996214
デブ	4996213
伊勢	4996212
押し入	4996211
双子	4996210
追放	4996209
がっかり	4996208
ウェルズ	4996207
from	4996206
キット	4996205
残酷	4996204
銀	4996203
報復	4996202
灰	4996201
恋愛	4996200
傍	4996199
いかに	4996198
インタビュー	4996197
大声	4996196
エリオット	4996195
how	4996194
マ	4996193
収容	4996192
付き合い	4996191
明白	4996190
損失	4996189
引き渡	4996188
所持	4996187
区	4996186
ハワード	4996185
果て	4996184
been	4996183
独身	4996182
眠り	4996181
マイアミ	4996180
ウィリアム	4996179
大会	4996178
宿題	4996177
広げ	4996176
サイド	4996175
米	4996174
凍	4996173
空腹	4996172
レクター	4996171
争い	4996170
フランクリン	4996169
ダナ	4996168
閉ま	4996167
圧力	4996166
エドワード	4996165
地方	4996164
オーナー	4996163
足跡	4996162
告訴	4996161
イライラ	4996160
まし	4996159
チョー	4996158
デニス	4996157
根拠	4996156
杖	4996155
こな	4996154
爽太	4996153
値段	4996152
住民	4996151
ベルリン	4996150
ようやく	4996149
抜き	4996148
メイド	4996147
善	4996146
不利	4996145
肉体	4996144
丘	4996143
洗濯	4996142
ユニット	4996141
予言	4996140
モーテル	4996139
容赦	4996138
クソッタレ	4996137
紗絵子	4996136
手伝え	4996135
偉	4996134
無く	4996133
忠実	4996132
指環	4996131
小説	4996130
電波	4996129
郡	4996128
ひ	4996127
同志	4996126
ジュリエット	4996125
済ま	4996124
基づ	4996123
ゴセイ	4996122
履	4996121
スタニス	4996120
缶	4996119
ネイサン	4996118
イベント	4996117
バーバラ	4996116
ドローン	4996115
台所	4996114
純粋	4996113
保釈	4996112
ハート	4996111
ぅ	4996110
肌	4996109
インド	4996108
ミル	4996107
ペニー	4996106
亡く	4996105
野球	4996104
丸	4996103
ほっ	4996102
地位	4996101
日付	4996100
ハード	4996099
ぴったり	4996098
ポー	4996097
ナタリー	4996096
time	4996095
サリー	4996094
かかわ	4996093
man	4996092
貨物	4996091
ズボン	4996090
最適	4996089
参	4996088
本日	4996087
バター	4996086
モニター	4996085
デッド	4996084
すっかり	4996083
模合	4996082
アナキン	4996081
ベニー	4996080
ジュース	4996079
想	4996078
ワープ	4996077
送り込	4996076
塗	4996075
エリア	4996074
上着	4996073
演技	4996072
白状	4996071
けりゃ	4996070
自白	4996069
外交	4996068
飛べ	4996067
うわ	4996066
解明	4996065
教わ	4996064
スー	4996063
ザック	4996062
どんどん	4996061
結末	4996060
ウサギ	4996059
頼り	4996058
オール	4996057
ウェスト	4996056
血痕	4996055
番地	4996054
見せかけ	4996053
孫	4996052
えーと	4996051
習	4996050
児	4996049
爆撃	4996048
吹	4996047
クレイ	4996046
引き継	4996045
救い	4996044
録	4996043
前科	4996042
ラナ	4996041
劇場	4996040
テイラー	4996039
模様	4996038
職	4996037
フライト	4996036
ブラッド	4996035
がた	4996034
くさ	4996033
蘇	4996032
侵略	4996031
脱走	4996030
多数	4996029
文化	4996028
やり遂げ	4996027
やり	4996026
nsa	4996025
モスクワ	4996024
アンドリュー	4996023
会見	4996022
隣人	4996021
有効	4996020
会計	4996019
率	4996018
作り	4996017
スープ	4996016
賢明	4996015
hey	4996014
割れ	4996013
継続	4996012
六	4996011
いとこ	4996010
ベティ	4996009
ぶつか	4996008
突	4996007
who	4996006
オオカミ	4996005
致	4996004
わが	4996003
蛇	4996002
任	4996001
声明	4996000
たわ	4995999
数学	4995998
香り	4995997
バカげ	4995996
イラン	4995995
ニコラス	4995994
エナジェム	4995993
同行	4995992
ケイトリン	4995991
ハリス	4995990
演	4995989
鳴ら	4995988
費や	4995987
醜	4995986
やり直	4995985
尊重	4995984
変人	4995983
ジン	4995982
ホリー	4995981
ゴーゴー	4995980
ステュー	4995979
最強	4995978
they	4995977
年寄り	4995976
例え	4995975
シドニー	4995974
プロジェクト	4995973
以下	4995972
凶悪	4995971
伺	4995970
いきなり	4995969
材料	4995968
暴	4995967
すっご	4995966
独房	4995965
メガネ	4995964
宣言	4995963
まじ	4995962
パキスタン	4995961
とれ	4995960
澪	4995959
プレイ	4995958
登場	4995957
詰ま	4995956
構造	4995955
ツアー	4995954
設置	4995953
護	4995952
翼	4995951
アフガニスタン	4995950
カーティス	4995949
危害	4995948
エサ	4995947
ルー	4995946
ソース	4995945
クールソン	4995944
サンフランシスコ	4995943
たか	4995942
いっしょ	4995941
見張り	4995940
本名	4995939
持ち込	4995938
ウィン	4995937
ウォルト	4995936
飽き	4995935
フリン	4995934
音声	4995933
マイ	4995932
踏	4995931
ヨ	4995930
伴	4995929
文書	4995928
降下	4995927
ともかく	4995926
鎖	4995925
フィリップ	4995924
トレント	4995923
逆ら	4995922
陸軍	4995921
ハリソン	4995920
スタン	4995919
アフリカ	4995918
すりゃ	4995917
購入	4995916
調達	4995915
マリファナ	4995914
費用	4995913
よこ	4995912
グッド	4995911
市警	4995910
級	4995909
高価	4995908
夫妻	4995907
データベース	4995906
マフィア	4995905
タラ	4995904
行き先	4995903
決心	4995902
国内	4995901
蜂	4995900
軌道	4995899
リズ	4995898
経歴	4995897
夜明け	4995896
職業	4995895
ネックレス	4995894
クルーズ	4995893
買収	4995892
胃	4995891
花嫁	4995890
単独	4995889
履歴	4995888
マリ	4995887
ほ	4995886
回避	4995885
ロッカー	4995884
ゴールド	4995883
破片	4995882
ストリート	4995881
内緒	4995880
テリー	4995879
チーフ	4995878
オーウェン	4995877
集合	4995876
見解	4995875
士官	4995874
知り合	4995873
苦しめ	4995872
いれ	4995871
停電	4995870
載せ	4995869
玉	4995868
チェス	4995867
できん	4995866
ペンギン	4995865
判決	4995864
反撃	4995863
カラス	4995862
呼び出し	4995861
レジー	4995860
まだまだ	4995859
変異	4995858
悪者	4995857
ロジャー	4995856
痕	4995855
幸い	4995854
はるか	4995853
漏ら	4995852
制限	4995851
作家	4995850
伸ば	4995849
want	4995848
削除	4995847
絶	4995846
へえ	4995845
シルバー	4995844
応	4995843
pc	4995842
かっこ	4995841
東田	4995840
惚れ	4995839
たっぷり	4995838
展開	4995837
パイプ	4995836
インターネット	4995835
惜し	4995834
拠点	4995833
健	4995832
欠け	4995831
徒	4995830
晴れ	4995829
フル	4995828
旗	4995827
落ち込	4995826
ウエスト	4995825
tv	4995824
充電	4995823
王冠	4995822
拍手	4995821
ジュード	4995820
逃げろ	4995819
コーチ	4995818
民衆	4995817
ガレージ	4995816
ヴァンペルト	4995815
take	4995814
善人	4995813
味わ	4995812
你	4995811
恐	4995810
飛び降り	4995809
懐かし	4995808
ハン	4995807
加速	4995806
慰め	4995805
芝居	4995804
レイン	4995803
鹿	4995802
利	4995801
ゲスト	4995800
洞窟	4995799
look	4995798
報	4995797
戻せ	4995796
一家	4995795
空軍	4995794
隻	4995793
着信	4995792
適当	4995791
スキラー	4995790
民主	4995789
春	4995788
飾	4995787
比較	4995786
盗難	4995785
泥	4995784
メンタ	4995783
隊員	4995782
リッチ	4995781
離陸	4995780
慈善	4995779
偽装	4995778
クリスティン	4995777
詰め	4995776
性的	4995775
ナチ	4995774
遺産	4995773
リン	4995772
サンダー	4995771
創	4995770
鎮静	4995769
固定	4995768
許し	4995767
ハンマー	4995766
慌て	4995765
検視	4995764
ガブリエル	4995763
産業	4995762
面接	4995761
製品	4995760
干渉	4995759
探知	4995758
さっぱり	4995757
罪悪	4995756
ドーン	4995755
意地	4995754
進歩	4995753
レックス	4995752
ブタ	4995751
戦車	4995750
レニー	4995749
デール	4995748
近寄	4995747
sub	4995746
表示	4995745
仮説	4995744
人数	4995743
和解	4995742
費	4995741
ｏ	4995740
検出	4995739
雨宮	4995738
巧	4995737
墓地	4995736
ハル	4995735
叶	4995734
出所	4995733
ただし	4995732
謹	4995731
リトル	4995730
スイス	4995729
ダ	4995728
良心	4995727
期限	4995726
腰	4995725
ウイスラー	4995724
ビジョン	4995723
銃声	4995722
ヘイリー	4995721
ａ	4995720
変態	4995719
ドニー	4995718
汗	4995717
文明	4995716
たわごと	4995715
恨み	4995714
サイヤ	4995713
偽造	4995712
化け物	4995711
なー	4995710
情熱	4995709
おっしゃ	4995708
栄光	4995707
プライベート	4995706
グローブ	4995705
キャス	4995704
ホープ	4995703
タダ	4995702
張	4995701
誘導	4995700
宿	4995699
フィッシュ	4995698
振り返	4995697
メディア	4995696
ぶつけ	4995695
エラ	4995694
意外	4995693
例外	4995692
マジック	4995691
参照	4995690
保持	4995689
ない	4995688
秘書	4995687
待ち伏せ	4995686
スノー	4995685
セリフ	4995684
デイビッド	4995683
okay	4995682
かろ	4995681
了	4995680
動産	4995679
包囲	4995678
ワイルド	4995677
ムショ	4995676
窃盗	4995675
ベース	4995674
取り返	4995673
サクラメント	4995672
直感	4995671
パスワード	4995670
贈	4995669
ベビー	4995668
送り	4995667
版	4995666
ロケット	4995665
木曜	4995664
手首	4995663
ファスコ	4995662
コリンズ	4995661
確率	4995660
よーし	4995659
アリ	4995658
ブログ	4995657
大臣	4995656
回線	4995655
棚	4995654
ｂ	4995653
ケーブル	4995652
脅し	4995651
隠し	4995650
処方	4995649
本能	4995648
チャージ	4995647
火曜	4995646
償	4995645
相応し	4995644
論文	4995643
ジェイミー	4995642
ディラン	4995641
恐竜	4995640
見返り	4995639
止	4995638
ストーン	4995637
聴取	4995636
大和田	4995635
パック	4995634
サンサ	4995633
書け	4995632
形跡	4995631
頼め	4995630
論理	4995629
領主	4995628
座り	4995627
かれ	4995626
日記	4995625
ボット	4995624
大胆	4995623
替え	4995622
バーンズ	4995621
出席	4995620
雲	4995619
菌	4995618
建築	4995617
払え	4995616
合意	4995615
アライグマ	4995614
持ち出	4995613
シモンズ	4995612
損害	4995611
仕上げ	4995610
ルース	4995609
義理	4995608
アドレス	4995607
一種	4995606
乗り込	4995605
ビッチ	4995604
守護	4995603
クロス	4995602
有利	4995601
飛び出	4995600
ゴ	4995599
征服	4995598
ブレイク	4995597
ショップ	4995596
よー	4995595
ドミニク	4995594
シェーン	4995593
対抗	4995592
セラピー	4995591
注	4995590
バービー	4995589
通路	4995588
直後	4995587
キッド	4995586
ビックリ	4995585
フィッツ	4995584
体重	4995583
是非	4995582
did	4995581
闘い	4995580
想定	4995579
羊	4995578
ランディ	4995577
性格	4995576
エンジニア	4995575
同	4995574
とっとと	4995573
手口	4995572
従え	4995571
めちゃくちゃ	4995570
仕返し	4995569
食え	4995568
細か	4995567
遠ざけ	4995566
悪気	4995565
団体	4995564
言語	4995563
狂人	4995562
チャック	4995561
メルリン	4995560
昏睡	4995559
爺	4995558
パズル	4995557
サイバー	4995556
ドワーフ	4995555
好奇	4995554
法的	4995553
合流	4995552
ヘラクレス	4995551
習慣	4995550
ルームメイト	4995549
霊	4995548
チャド	4995547
倒せ	4995546
論	4995545
崖	4995544
スカイラー	4995543
オレンジ	4995542
ローラ	4995541
戦術	4995540
現象	4995539
けっこう	4995538
ダブル	4995537
カルテル	4995536
坊や	4995535
錠	4995534
クラーク	4995533
負え	4995532
技	4995531
フランシス	4995530
アイザック	4995529
スペース	4995528
レディ	4995527
意気	4995526
腫瘍	4995525
麦	4995524
道徳	4995523
覗	4995522
ごく	4995521
良し	4995520
ヘビ	4995519
境界	4995518
不快	4995517
秩序	4995516
以降	4995515
区域	4995514
ジャングル	4995513
せめて	4995512
マルコ	4995511
到達	4995510
マヌケ	4995509
坊	4995508
先だ	4995507
ヴィッキー	4995506
ウィンターフェル	4995505
カン	4995504
様々	4995503
尽き	4995502
皆殺し	4995501
引き出	4995500
巻	4995499
下着	4995498
悲惨	4995497
think	4995496
先ず	4995495
ネタ	4995494
グラハム	4995493
先月	4995492
解け	4995491
いかん	4995490
カジノ	4995489
現地	4995488
致命	4995487
キツ	4995486
見込み	4995485
当たり	4995484
力丶	4995483
表情	4995482
恩	4995481
テッサ	4995480
直せ	4995479
お袋	4995478
デイ	4995477
コレ	4995476
害	4995475
ブロンド	4995474
タオル	4995473
藻	4995472
持ち帰	4995471
おー	4995470
卜	4995469
ブツ	4995468
差	4995467
more	4995466
ローレンス	4995465
おもしろ	4995464
熱心	4995463
料金	4995462
侵攻	4995461
主に	4995460
上出来	4995459
大嫌い	4995458
フォー	4995457
癖	4995456
どうしろ	4995455
アジア	4995454
シーン	4995453
ガム	4995452
向こう側	4995451
獲得	4995450
祐司	4995449
そもそも	4995448
有能	4995447
us	4995446
初めまして	4995445
異星	4995444
こんにちわ	4995443
制	4995442
ウォール	4995441
ロマンチック	4995440
日常	4995439
going	4995438
供述	4995437
突破	4995436
家賃	4995435
愛人	4995434
たな	4995433
政権	4995432
中断	4995431
インディアン	4995430
予感	4995429
仕組	4995428
ウォーレン	4995427
投与	4995426
無力	4995425
マディソン	4995424
アルコール	4995423
再会	4995422
シスコ	4995421
増や	4995420
話し合い	4995419
仕切	4995418
同じく	4995417
ローン	4995416
コフ	4995415
おとなし	4995414
モリー	4995413
バックアップ	4995412
都	4995411
ベトナム	4995410
薄	4995409
女子	4995408
リス	4995407
サンドイッチ	4995406
シーッ	4995405
レーン	4995404
滅ぼ	4995403
ヘリコプター	4995402
賞賛	4995401
タマ	4995400
ホ	4995399
鉄道	4995398
デタラメ	4995397
way	4995396
屋敷	4995395
合格	4995394
コロンビア	4995393
コーナー	4995392
立ち寄	4995391
歴	4995390
推理	4995389
消せ	4995388
何に	4995387
チャージャー	4995386
カバン	4995385
カスパー	4995384
すま	4995383
マイクロフト	4995382
バージニア	4995381
カーン	4995380
作成	4995379
知性	4995378
拭	4995377
着せ	4995376
悩み	4995375
裁	4995374
レコード	4995373
生き返	4995372
ベンジャミン	4995371
オタク	4995370
ネーム	4995369
迷子	4995368
職務	4995367
口論	4995366
ケン	4995365
つながり	4995364
雰囲気	4995363
well	4995362
絵画	4995361
ゴースト	4995360
チョコ	4995359
洗浄	4995358
フリー	4995357
モーリス	4995356
紅茶	4995355
空間	4995354
付近	4995353
編集	4995352
写	4995351
サッカー	4995350
史上	4995349
交代	4995348
じや	4995347
say	4995346
刃	4995345
ホッブズ	4995344
kahorim	4995343
リンゴン	4995342
フォード	4995341
署長	4995340
ピーターソン	4995339
精	4995338
デザイン	4995337
暴露	4995336
ピアノ	4995335
かぶ	4995334
レーザー	4995333
フロド	4995332
管制	4995331
刀	4995330
板	4995329
管轄	4995328
頑固	4995327
飛び込	4995326
バード	4995325
連合	4995324
組合	4995323
衝動	4995322
応え	4995321
マーシャル	4995320
気絶	4995319
シャンパン	4995318
不審	4995317
ヘクター	4995316
アレン	4995315
過ごせ	4995314
ワオ	4995313
タッカー	4995312
プライバシー	4995311
考え直	4995310
貧し	4995309
控え	4995308
ずる	4995307
ナ	4995306
とっても	4995305
別人	4995304
休め	4995303
勝者	4995302
欲	4995301
誤り	4995300
ドナルド	4995299
荷	4995298
真相	4995297
婆	4995296
摂取	4995295
とう	4995294
かしこま	4995293
回転	4995292
独立	4995291
炉	4995290
隠し事	4995289
フィン	4995288
ハグ	4995287
昨年	4995286
いじめ	4995285
決意	4995284
差し出	4995283
改造	4995282
母国	4995281
素直	4995280
出動	4995279
沙汰	4995278
キングズ	4995277
穏やか	4995276
黙示	4995275
俳優	4995274
エヴァ	4995273
各	4995272
ガイ	4995271
ル	4995270
層	4995269
ヴァルカン	4995268
人種	4995267
オイル	4995266
初期	4995265
瞳	4995264
神秘	4995263
不運	4995262
ハッチ	4995261
キャロライン	4995260
変わり	4995259
無限	4995258
田舎	4995257
傾け	4995256
スーキー	4995255
ファー	4995254
モイラ	4995253
キャサリン	4995252
レポート	4995251
身長	4995250
サツ	4995249
脇	4995248
チャンネル	4995247
オート	4995246
つぶ	4995245
握手	4995244
焼け	4995243
潜在	4995242
as	4995241
ダーク	4995240
彩矢	4995239
ソフト	4995238
汝	4995237
予算	4995236
アイディア	4995235
ロビン	4995234
次回	4995233
タウン	4995232
目だ	4995231
好意	4995230
坊主	4995229
法案	4995228
友だち	4995227
くっ	4995226
成績	4995225
推薦	4995224
キャッスル	4995223
無礼	4995222
ネコ	4995221
back	4995220
迄	4995219
ボトル	4995218
風邪	4995217
章	4995216
明か	4995215
儲け	4995214
檻	4995213
エア	4995212
動かせ	4995211
ケイレブ	4995210
ウォーター	4995209
マスコミ	4995208
守り	4995207
初日	4995206
住宅	4995205
かつ	4995204
採取	4995203
地帯	4995202
窒息	4995201
だいたい	4995200
大げさ	4995199
名簿	4995198
ケイ	4995197
ジェニー	4995196
知的	4995195
たば	4995194
能	4995193
cm	4995192
メ	4995191
不死	4995190
鉱山	4995189
ふたり	4995188
更新	4995187
ポルノ	4995186
クリストファー	4995185
チャンピオン	4995184
親戚	4995183
小切手	4995182
絶滅	4995181
ミスターリース	4995180
ファースト	4995179
ふーん	4995178
密輸	4995177
象徴	4995176
タグ	4995175
トワイライト	4995174
サマンサ	4995173
警視	4995172
アンジー	4995171
遮断	4995170
是	4995169
粉	4995168
引き換え	4995167
伯爵	4995166
キャンディ	4995165
パトロール	4995164
フレディー	4995163
合理	4995162
サメ	4995161
鍛え	4995160
配	4995159
フレッド	4995158
おーい	4995157
ゲラー	4995156
至急	4995155
たまたま	4995154
引き裂	4995153
マダム	4995152
ブーツ	4995151
スティーブン	4995150
狙え	4995149
大体	4995148
yes	4995147
ライラ	4995146
ローレライ	4995145
ooh	4995144
すげえ	4995143
ベガ	4995142
石油	4995141
ホモ	4995140
説教	4995139
クリフ	4995138
末	4995137
スタンド	4995136
ブルックリン	4995135
卑劣	4995134
ロボ	4995133
デューク	4995132
空け	4995131
沈黙	4995130
在	4995129
野蛮	4995128
捉え	4995127
ヴィジュアライズ	4995126
バイト	4995125
申	4995124
韓国	4995123
ジーン	4995122
チャウ	4995121
異議	4995120
周波	4995119
託	4995118
ラウンド	4995117
退却	4995116
アンドリア	4995115
サーシャ	4995114
首都	4995113
偽名	4995112
展示	4995111
基準	4995110
南部	4995109
陥	4995108
ジャクソン	4995107
常識	4995106
成し遂げ	4995105
フェア	4995104
ホッジンズ	4995103
固	4995102
金額	4995101
麻酔	4995100
本来	4995099
リジー	4995098
オースティン	4995097
明信	4995096
断り	4995095
ソフィア	4995094
ラブ	4995093
エ	4995092
譲	4995091
ジョイ	4995090
リッパー	4995089
動画	4995088
フィオナ	4995087
沿	4995086
派手	4995085
ビビ	4995084
tell	4995083
移送	4995082
追え	4995081
取り戻せ	4995080
カナダ	4995079
プレート	4995078
カエル	4995077
ｔ	4995076
ソ連	4995075
ドロシー	4995074
レーダー	4995073
スタイルズ	4995072
終い	4995071
重力	4995070
惹	4995069
どん	4995068
生き残れ	4995067
乱暴	4995066
うわっ	4995065
バトル	4995064
ケイシー	4995063
外部	4995062
おご	4995061
大気	4995060
タナー	4995059
最良	4995058
良好	4995057
long	4995056
ニッキー	4995055
ファルコーネ	4995054
広場	4995053
稼げ	4995052
皿	4995051
降参	4995050
縁	4995049
手間	4995048
嫁	4995047
補佐	4995046
ーブ	4995045
抱きしめ	4995044
再建	4995043
切符	4995042
テント	4995041
良さ	4995040
マトボ	4995039
毎週	4995038
アルフレッド	4995037
フロビシャー	4995036
食堂	4995035
温度	4995034
修道	4995033
整	4995032
ばれ	4995031
中継	4995030
ハッカニ	4995029
ドラム	4995028
いよいよ	4995027
防犯	4995026
デイジー	4995025
ゲイル	4995024
厳重	4995023
need	4995022
ハエ	4995021
メタ	4995020
こら	4995019
優勝	4995018
リタ	4995017
統合	4995016
女優	4995015
養子	4995014
しくじ	4995013
標準	4995012
サイコ	4995011
文	4995010
路地	4995009
教室	4995008
部署	4995007
大人し	4995006
おき	4995005
診療	4995004
村田	4995003
増加	4995002
血清	4995001
すてき	4995000
なか	4994999
業界	4994998
幼	4994997
忍耐	4994996
his	4994995
ステーション	4994994
改善	4994993
ナイス	4994992
ろくで	4994991
そっと	4994990
働け	4994989
すげ	4994988
暫く	4994987
ストライク	4994986
肋骨	4994985
消滅	4994984
うるせ	4994983
笑い声	4994982
find	4994981
磨	4994980
臓器	4994979
タ	4994978
宮殿	4994977
カル	4994976
おぅ	4994975
化粧	4994974
退院	4994973
ヤギ	4994972
専用	4994971
貴族	4994970
伝わ	4994969
ヤッ	4994968
郊外	4994967
主要	4994966
出掛け	4994965
please	4994964
滑	4994963
スタイル	4994962
バランス	4994961
しも	4994960
つかまえ	4994959
アー	4994958
てらっしゃ	4994957
統治	4994956
設備	4994955
向き合	4994954
救命	4994953
オペラ	4994952
腐敗	4994951
宣伝	4994950
heart	4994949
おもちゃ	4994948
恨	4994947
シャロン	4994946
大戦	4994945
構え	4994944
オヤジ	4994943
説	4994942
ビクトリア	4994941
マシーン	4994940
照合	4994939
退職	4994938
ハーパー	4994937
ビット	4994936
でたらめ	4994935
したが	4994934
ゴルフ	4994933
アイルランド	4994932
たいてい	4994931
プリンセス	4994930
拉致	4994929
dc	4994928
she	4994927
営業	4994926
トレーニング	4994925
ゴール	4994924
兵隊	4994923
ブランドン	4994922
さわ	4994921
相続	4994920
仮定	4994919
字	4994918
隠せ	4994917
デジタル	4994916
あが	4994915
ソーニャ	4994914
我が家	4994913
じろ	4994912
プ	4994911
ヘッド	4994910
塩	4994909
放置	4994908
うが	4994907
疑わし	4994906
徹信	4994905
へん	4994904
賞金	4994903
アルバート	4994902
マス	4994901
現状	4994900
乗組	4994899
シャドウ	4994898
ゴミ箱	4994897
伝染	4994896
貸せ	4994895
よぉ	4994894
価格	4994893
茶色	4994892
アレルギー	4994891
ストーカー	4994890
運営	4994889
怒鳴	4994888
男達	4994887
気楽	4994886
事前	4994885
ノーマン	4994884
人員	4994883
ハーバード	4994882
分かれ	4994881
ニール	4994880
片方	4994879
ブライス	4994878
返し	4994877
草	4994876
火災	4994875
エバンス	4994874
ワクチン	4994873
乗っ取	4994872
務め	4994871
密告	4994870
猶予	4994869
グランド	4994868
街中	4994867
制度	4994866
手袋	4994865
暴動	4994864
見知	4994863
ありゃ	4994862
見直	4994861
電池	4994860
そなた	4994859
ジル	4994858
幹部	4994857
未知	4994856
生き残り	4994855
反抗	4994854
採用	4994853
人口	4994852
階級	4994851
旧	4994850
裕福	4994849
ログ	4994848
退治	4994847
群	4994846
再現	4994845
前線	4994844
ジョシュア	4994843
飲酒	4994842
名乗	4994841
わた	4994840
ヒント	4994839
わぁ	4994838
スキュラ	4994837
ソーダ	4994836
ッ	4994835
ミー	4994834
動作	4994833
オズ	4994832
竜巻	4994831
込	4994830
照明	4994829
経路	4994828
堕落	4994827
カミーユ	4994826
備後	4994825
照ら	4994824
懸念	4994823
課題	4994822
締め	4994821
交差	4994820
丈	4994819
ピッタリ	4994818
エイブリー	4994817
回路	4994816
バディ	4994815
オーク	4994814
魔	4994813
ライブ	4994812
洋	4994811
レオン	4994810
住人	4994809
つかめ	4994808
暗黒	4994807
クロ	4994806
キャンセル	4994805
消去	4994804
甥	4994803
ダーリン	4994802
一応	4994801
フォスター	4994800
拳銃	4994799
ギター	4994798
コフィールド	4994797
トビー	4994796
サイラス	4994795
オビ	4994794
足元	4994793
ギャンブル	4994792
雇用	4994791
経過	4994790
モリアティー	4994789
申請	4994788
富	4994787
流行	4994786
ベネット	4994785
こん	4994784
喋り	4994783
たとえば	4994782
ベリー	4994781
マディ	4994780
傷跡	4994779
表面	4994778
グ	4994777
浅野	4994776
アイ	4994775
出産	4994774
殿下	4994773
業務	4994772
探検	4994771
ボード	4994770
及び	4994769
模倣	4994768
まさしく	4994767
キチガイ	4994766
ヘロイン	4994765
喪失	4994764
ストーム	4994763
ディグル	4994762
服役	4994761
渇	4994760
卑怯	4994759
出れ	4994758
接	4994757
ネクタイ	4994756
片づけ	4994755
毎回	4994754
出版	4994753
マンハッタン	4994752
冷酷	4994751
雷	4994750
ロン	4994749
アンドレア	4994748
ラッセル	4994747
冷凍	4994746
交わ	4994745
野生	4994744
口径	4994743
探せ	4994742
ダナム	4994741
提示	4994740
次元	4994739
ヘルメット	4994738
感心	4994737
本質	4994736
成立	4994735
貢献	4994734
ラン	4994733
不在	4994732
たしか	4994731
入り込	4994730
カート	4994729
みゆき	4994728
鈍	4994727
麻痺	4994726
身代金	4994725
ハドソン	4994724
聞き	4994723
真下	4994722
づけ	4994721
毛布	4994720
実在	4994719
モリス	4994718
たどり着	4994717
あて	4994716
遥か	4994715
溶け	4994714
業者	4994713
子犬	4994712
軒	4994711
an	4994710
常務	4994709
うわー	4994708
落とせ	4994707
ブレット	4994706
am	4994705
酔っ払	4994704
ジャー	4994703
her	4994702
ト	4994701
攻め	4994700
mi	4994699
ミア	4994698
ハック	4994697
葉	4994696
弾薬	4994695
ve	4994694
組み合わせ	4994693
小人	4994692
崇拝	4994691
知能	4994690
機器	4994689
野菜	4994688
作り話	4994687
ブレーキ	4994686
箇所	4994685
ハリウッド	4994684
妨げ	4994683
スプリーム	4994682
ワケ	4994681
銀河	4994680
善良	4994679
せん	4994678
シェリー	4994677
シン	4994676
溢れ	4994675
唇	4994674
いかなる	4994673
コリン	4994672
切り裂	4994671
ビン	4994670
特権	4994669
トリス	4994668
金田一	4994667
デル	4994666
転換	4994665
抗議	4994664
放火	4994663
広告	4994662
セクション	4994661
アビゲイル	4994660
癒	4994659
レイモンド	4994658
ｋ	4994657
ムーア	4994656
起爆	4994655
嗅	4994654
肝臓	4994653
ちょっ	4994652
警	4994651
欠陥	4994650
デイビス	4994649
ジュリー	4994648
女神	4994647
ヒューズ	4994646
ハズ	4994645
ユージーン	4994644
オーバー	4994643
ハンドル	4994642
旨	4994641
焦	4994640
決着	4994639
服装	4994638
根	4994637
little	4994636
っこ	4994635
ブラシ	4994634
大騒ぎ	4994633
アカデミー	4994632
サプライズ	4994631
抹殺	4994630
フレディ	4994629
油	4994628
像	4994627
迅速	4994626
航海	4994625
絆	4994624
香港	4994623
ニ	4994622
神話	4994621
公共	4994620
近付	4994619
数十	4994618
エリー	4994617
ｃ	4994616
あちら	4994615
ｵﾘｳﾞｨｴ	4994614
やがて	4994613
グレアム	4994612
チェイス	4994611
野心	4994610
かば	4994609
低下	4994608
外側	4994607
集まり	4994606
見通し	4994605
牙	4994604
細工	4994603
トラ	4994602
可哀想	4994601
国外	4994600
苦情	4994599
ユー	4994598
先祖	4994597
外傷	4994596
our	4994595
天井	4994594
寄こ	4994593
would	4994592
カーク	4994591
フェイス	4994590
使者	4994589
奉仕	4994588
定め	4994587
方針	4994586
片	4994585
予防	4994584
堅	4994583
盲目	4994582
オープン	4994581
向き	4994580
似合い	4994579
別々	4994578
外せ	4994577
イスラエル	4994576
ステーキ	4994575
裏口	4994574
区画	4994573
射殺	4994572
鶏	4994571
スコッチ	4994570
トレイ	4994569
away	4994568
トラベル	4994567
サター	4994566
life	4994565
ヤード	4994564
競技	4994563
安らか	4994562
はいはい	4994561
ネッド	4994560
背負	4994559
追い払	4994558
わあ	4994557
順番	4994556
刻	4994555
湾	4994554
アロー	4994553
先端	4994552
ヒューストン	4994551
グリフィン	4994550
転が	4994549
批判	4994548
増	4994547
セントラル	4994546
産まれ	4994545
不良	4994544
観光	4994543
詫び	4994542
ポーカー	4994541
証券	4994540
考えだ	4994539
エジプト	4994538
ゴー	4994537
ブレード	4994536
通り抜け	4994535
演説	4994534
could	4994533
ばね	4994532
信じろ	4994531
打ち明け	4994530
押収	4994529
はっ	4994528
デモ	4994527
停ま	4994526
オモチャ	4994525
カウボーイ	4994524
クレイジー	4994523
アッシュ	4994522
ちょ	4994521
電	4994520
ケーシー	4994519
厳密	4994518
画面	4994517
ワイリー	4994516
終り	4994515
ジョシュ	4994514
微	4994513
ティー	4994512
ソウ	4994511
ソー	4994510
ポテト	4994509
まじめ	4994508
リハビリ	4994507
マーテル	4994506
ピエロ	4994505
移植	4994504
ハーイ	4994503
降ろせ	4994502
取材	4994501
オマール	4994500
課長	4994499
ｄ	4994498
録画	4994497
カウント	4994496
危う	4994495
場面	4994494
褒め	4994493
差別	4994492
柱	4994491
稲妻	4994490
公衆	4994489
キ	4994488
ハロウィン	4994487
夢見	4994486
アルマ	4994485
および	4994484
いまだ	4994483
悔や	4994482
乾	4994481
其処	4994480
まわ	4994479
就	4994478
傭兵	4994477
レジェンド	4994476
ため息	4994475
メリッサ	4994474
深夜	4994473
地雷	4994472
万歳	4994471
志願	4994470
審査	4994469
参考	4994468
全身	4994467
だいぶ	4994466
作り出	4994465
抗	4994464
思いやり	4994463
why	4994462
ピアース	4994461
イスラム	4994460
魚雷	4994459
復元	4994458
便利	4994457
オーストリア	4994456
己	4994455
強烈	4994454
エバ	4994453
ミリ	4994452
後部	4994451
納屋	4994450
グレーズ	4994449
発動	4994448
単語	4994447
西村	4994446
通用	4994445
におい	4994444
新入り	4994443
サポート	4994442
転	4994441
廃棄	4994440
留め	4994439
やさし	4994438
受け取れ	4994437
ジア	4994436
突き刺	4994435
身内	4994434
コーン	4994433
リーク	4994432
診察	4994431
通知	4994430
フットボール	4994429
ｘ	4994428
協定	4994427
オーロラ	4994426
野獣	4994425
人格	4994424
フォルカー	4994423
急ぎ	4994422
ジャマ	4994421
プラスチック	4994420
とめ	4994419
コレクション	4994418
惨め	4994417
アーチー	4994416
後退	4994415
クソっ	4994414
クラウリー	4994413
ジョーイ	4994412
ブラスター	4994411
ホー	4994410
右側	4994409
仕留め	4994408
恥じ	4994407
劇	4994406
over	4994405
破れ	4994404
ダウンロード	4994403
飲み込	4994402
ジャズ	4994401
チャット	4994400
テラ	4994399
くつろ	4994398
パトカー	4994397
ブラザー	4994396
憧れ	4994395
券	4994394
拒絶	4994393
回り	4994392
ペラント	4994391
エディー	4994390
ステファニー	4994389
路	4994388
凶暴	4994387
糸	4994386
井戸	4994385
再度	4994384
めまい	4994383
コブ	4994382
マティソン	4994381
レディー	4994380
税金	4994379
塊	4994378
別荘	4994377
オリジナル	4994376
温か	4994375
ボランティア	4994374
悟	4994373
親指	4994372
あえて	4994371
知事	4994370
きっかけ	4994369
掴め	4994368
葬	4994367
ジュディス	4994366
共謀	4994365
大抵	4994364
グレグソン	4994363
サトル	4994362
ホームレス	4994361
ソロモン	4994360
にて	4994359
エイブ	4994358
グレート	4994357
ブ	4994356
エリソン	4994355
追求	4994354
国土	4994353
こずえ	4994352
チンコ	4994351
荷造り	4994350
高貴	4994349
構成	4994348
内臓	4994347
受け継	4994346
テン	4994345
食い物	4994344
馬車	4994343
節約	4994342
スノウ	4994341
座席	4994340
立ち入り	4994339
ソファ	4994338
重ね	4994337
アート	4994336
スパルタ	4994335
ラスト	4994334
処女	4994333
リッチー	4994332
シェフ	4994331
バーン	4994330
暴れ	4994329
ものすご	4994328
並べ	4994327
歌手	4994326
ウーン	4994325
たて	4994324
ジョンソン	4994323
ふむ	4994322
略奪	4994321
家具	4994320
ハンソン	4994319
オードリー	4994318
聞か	4994317
引き出し	4994316
長者	4994315
推定	4994314
子守	4994313
入力	4994312
結合	4994311
国連	4994310
言い	4994309
切り落と	4994308
食らえ	4994307
塞	4994306
デッキ	4994305
or	4994304
リアル	4994303
イス	4994302
バート	4994301
合成	4994300
株式	4994299
昇	4994298
ダンサー	4994297
キューバ	4994296
金髪	4994295
生まれ変わ	4994294
ソウル	4994293
聖職	4994292
香水	4994291
素人	4994290
レッスン	4994289
ラップトップ	4994288
公正	4994287
モス	4994286
無謀	4994285
黒幕	4994284
エヴァン	4994283
マッド	4994282
バルカン	4994281
アナ	4994280
財宝	4994279
ジョナサン	4994278
プライス	4994277
隠蔽	4994276
団結	4994275
共産	4994274
中隊	4994273
ウィック	4994272
叶え	4994271
入口	4994270
学者	4994269
パブ	4994268
不死身	4994267
失業	4994266
アリソン	4994265
前方	4994264
変装	4994263
和尚	4994262
自爆	4994261
ブルーム	4994260
踊り	4994259
伍長	4994258
アリシア	4994257
寸前	4994256
盾	4994255
脈	4994254
メダル	4994253
ブランド	4994252
ルビー	4994251
生産	4994250
っぱなし	4994249
髪型	4994248
適	4994247
叫び	4994246
貧乏	4994245
測定	4994244
救世	4994243
ウォーキング	4994242
救済	4994241
スレッジ	4994240
遅く	4994239
煙草	4994238
ターナー	4994237
性交	4994236
最愛	4994235
ダム	4994234
解剖	4994233
持ち上げ	4994232
立証	4994231
無茶	4994230
ピア	4994229
mero	4994228
美味	4994227
ロング	4994226
スタジオ	4994225
山田	4994224
ヴァイオレット	4994223
しつこ	4994222
道のり	4994221
ガードナー	4994220
抑制	4994219
鼓動	4994218
ランディング	4994217
役者	4994216
were	4994215
フロント	4994214
投稿	4994213
ポッド	4994212
恩人	4994211
宣告	4994210
ストップ	4994209
些細	4994208
ニコール	4994207
やれやれ	4994206
被験	4994205
カットニス	4994204
全国	4994203
棟	4994202
パイア	4994201
ラム	4994200
ラテン	4994199
寛大	4994198
柔らか	4994197
現代	4994196
遭遇	4994195
スカウト	4994194
敗北	4994193
左側	4994192
一掃	4994191
クリスタル	4994190
宣誓	4994189
立ち	4994188
砲	4994187
補給	4994186
ブラジル	4994185
将校	4994184
過	4994183
交信	4994182
クリスティーナ	4994181
トロール	4994180
あけ	4994179
上官	4994178
収ま	4994177
防備	4994176
詮索	4994175
延期	4994174
つれ	4994173
剥	4994172
イブ	4994171
ねば	4994170
キャノン	4994169
茜	4994168
油断	4994167
哲学	4994166
ジャーナリスト	4994165
ソーン	4994164
所属	4994163
工学	4994162
ダラス	4994161
引き返	4994160
ねん	4994159
近藤	4994158
ボー	4994157
酔い	4994156
パール	4994155
生み出	4994154
観客	4994153
免疫	4994152
マイルズ	4994151
何十	4994150
生え	4994149
友好	4994148
うっ	4994147
明朝	4994146
カーリー	4994145
テーマ	4994144
姪	4994143
ミラ	4994142
揺れ	4994141
信者	4994140
ジークフリート	4994139
会合	4994138
本心	4994137
酸	4994136
酔っ払い	4994135
通訳	4994134
ケイン	4994133
サミュエル	4994132
メーカー	4994131
ブローカー	4994130
貼	4994129
痩せ	4994128
ガラクタ	4994127
旧友	4994126
ダメージ	4994125
欲望	4994124
赤毛	4994123
フスコ	4994122
ソナ	4994121
いまし	4994120
季節	4994119
追い込	4994118
適任	4994117
過激	4994116
おまけ	4994115
コメント	4994114
毎	4994113
食い止め	4994112
レジスタンス	4994111
牛乳	4994110
ソフトウェア	4994109
よっ	4994108
加護	4994107
血圧	4994106
火星	4994105
きょう	4994104
名刺	4994103
せいぜい	4994102
年上	4994101
引っかか	4994100
チェン	4994099
拒	4994098
いたずら	4994097
遂行	4994096
オランダ	4994095
上級	4994094
滴	4994093
役員	4994092
驚異	4994091
断片	4994090
有り	4994089
タイタス	4994088
運べ	4994087
ディビジョン	4994086
透明	4994085
驚か	4994084
重罪	4994083
ますます	4994082
参り	4994081
大将	4994080
挟	4994079
やっぱ	4994078
認証	4994077
フライ	4994076
行い	4994075
ヒュー	4994074
見当た	4994073
ミラクル	4994072
傾向	4994071
ヘイゼル	4994070
渋滞	4994069
余	4994068
ウェイド	4994067
分類	4994066
有力	4994065
逝	4994064
トルコ	4994063
寄せ	4994062
晴ら	4994061
大麻	4994060
派閥	4994059
ポット	4994058
シンボル	4994057
ｒ	4994056
札	4994055
勇士	4994054
舞踏	4994053
微妙	4994052
豊か	4994051
微笑	4994050
エレナ	4994049
策略	4994048
空想	4994047
しめ	4994046
ウンザリ	4994045
ギデオン	4994044
ダンカン	4994043
送金	4994042
効率	4994041
取り消	4994040
会場	4994039
アーニー	4994038
解釈	4994037
フィッシャー	4994036
空っぽ	4994035
コーラ	4994034
ジュマ	4994033
男子	4994032
軍団	4994031
翌日	4994030
最期	4994029
ワイアット	4994028
ホース	4994027
不気味	4994026
ペッパー	4994025
砦	4994024
一連	4994023
体調	4994022
コネ	4994021
ロイド	4994020
デヴィッド	4994019
them	4994018
チクショウ	4994017
ジョディ	4994016
亡命	4994015
シフト	4994014
罪人	4994013
分子	4994012
欠点	4994011
ヴィンセント	4994010
痛め	4994009
真っ	4994008
右手	4994007
こだわ	4994006
ヒトラー	4994005
マンディ	4994004
カンパニー	4994003
払い	4994002
ローリ	4994001
叫び声	4994000
ファミリー	4993999
ダチ	4993998
宝物	4993997
試練	4993996
釘	4993995
ズ	4993994
角度	4993993
脱げ	4993992
まつり	4993991
カフェ	4993990
ライフ	4993989
マーシー	4993988
ガンダルフ	4993987
ハンス	4993986
ミーティング	4993985
へぇ	4993984
損	4993983
サンドラ	4993982
喰ら	4993981
そぅ	4993980
ギブス	4993979
生体	4993978
おっぱい	4993977
設立	4993976
売却	4993975
マホーン	4993974
浜辺	4993973
花火	4993972
楽器	4993971
シークレット	4993970
国務	4993969
留置	4993968
手柄	4993967
絶え	4993966
マシューズ	4993965
撤回	4993964
仲直り	4993963
組み立て	4993962
講義	4993961
解散	4993960
ウォッカ	4993959
水曜	4993958
侵害	4993957
隅	4993956
エリート	4993955
鞄	4993954
ペニス	4993953
ピーク	4993952
振り向	4993951
活躍	4993950
食物	4993949
負担	4993948
ひっくり返	4993947
通り過ぎ	4993946
ジンジャー	4993945
たた	4993944
ディ	4993943
持ち去	4993942
うろつ	4993941
人手	4993940
あふれ	4993939
およそ	4993938
引き離	4993937
遠隔	4993936
砂	4993935
勢力	4993934
徹夜	4993933
分解	4993932
make	4993931
点火	4993930
看守	4993929
スポック	4993928
ぶち込	4993927
ミッシー	4993926
液体	4993925
アイアン	4993924
フォーク	4993923
カレブ	4993922
ヘレナ	4993921
ゲット	4993920
ディスク	4993919
バレンタイン	4993918
固め	4993917
ダウンタウン	4993916
じっくり	4993915
来年	4993914
セキュリティー	4993913
ドラマ	4993912
鑑定	4993911
みた	4993910
無敵	4993909
怖れ	4993908
家内	4993907
全滅	4993906
faith	4993905
審判	4993904
可笑し	4993903
お爺	4993902
ステファン	4993901
フェリックス	4993900
帰国	4993899
独特	4993898
解析	4993897
エッシャー	4993896
名付け	4993895
デービッド	4993894
措置	4993893
アンソニー	4993892
古典	4993891
破裂	4993890
バレー	4993889
寄越	4993888
元老	4993887
対立	4993886
乗員	4993885
ワールド	4993884
切り離	4993883
トゥポル	4993882
後方	4993881
バナナ	4993880
早め	4993879
マウンテン	4993878
克服	4993877
マネージャー	4993876
ジャン	4993875
勘	4993874
嫌がらせ	4993873
強要	4993872
ルッソ	4993871
ヘマ	4993870
ツー	4993869
残忍	4993868
上品	4993867
総	4993866
未亡人	4993865
斧	4993864
ほんとう	4993863
警護	4993862
片付	4993861
傲慢	4993860
封筒	4993859
セラピスト	4993858
負け犬	4993857
定期	4993856
パナマ	4993855
出頭	4993854
ステップ	4993853
清掃	4993852
休息	4993851
モーゼ	4993850
sync	4993849
搭乗	4993848
人材	4993847
感知	4993846
平均	4993845
ワナ	4993844
鋼	4993843
入国	4993842
老	4993841
指定	4993840
夜間	4993839
アップロード	4993838
アバドン	4993837
怪獣	4993836
ウルトラ	4993835
サムライ	4993834
持ちこたえ	4993833
平凡	4993832
かわり	4993831
圏	4993830
液	4993829
架	4993828
崩れ	4993827
腎臓	4993826
new	4993825
dvd	4993824
一気	4993823
枕	4993822
夕方	4993821
キャッチ	4993820
ちっとも	4993819
指摘	4993818
強姦	4993817
パム	4993816
灯	4993815
酔っぱら	4993814
ワイヤー	4993813
mind	4993812
渡り	4993811
飾り	4993810
ゴム	4993809
殺戮	4993808
剃	4993807
平穏	4993806
群衆	4993805
ドリー	4993804
要点	4993803
ダース	4993802
浄化	4993801
ヨット	4993800
よさ	4993799
宜し	4993798
ピアス	4993797
hati	4993796
some	4993795
リコ	4993794
リハーサル	4993793
さらば	4993792
メイソン	4993791
ティミー	4993790
評決	4993789
ロキ	4993788
モール	4993787
ソル	4993786
込め	4993785
企み	4993784
クローゼット	4993783
救援	4993782
たど	4993781
グレー	4993780
マーゴ	4993779
トラウマ	4993778
センチ	4993777
画	4993776
キレ	4993775
当	4993774
閉店	4993773
マッチ	4993772
world	4993771
ヒューゴ	4993770
通れ	4993769
祭り	4993768
読書	4993767
不倫	4993766
減ら	4993765
呼び	4993764
撃ち	4993763
遺言	4993762
サヨナラ	4993761
ジャスティン	4993760
傍受	4993759
then	4993758
ヒド	4993757
ディーラー	4993756
新品	4993755
すん	4993754
うむ	4993753
ボルト	4993752
大陸	4993751
持ち物	4993750
ム	4993749
ろう	4993748
率い	4993747
浮	4993746
光景	4993745
ファラガット	4993744
規制	4993743
爆薬	4993742
センス	4993741
取り付け	4993740
手入れ	4993739
該当	4993738
がい	4993737
戻り	4993736
炭素	4993735
火傷	4993734
サマー	4993733
ジョセフ	4993732
デザート	4993731
ラウダ	4993730
シャープ	4993729
調理	4993728
切り替え	4993727
向かえ	4993726
別名	4993725
color	4993724
躊躇	4993723
フォックス	4993722
破産	4993721
ぜんぜん	4993720
裏庭	4993719
物件	4993718
血まみれ	4993717
屈辱	4993716
アンダーソン	4993715
ヴァネッサ	4993714
所在	4993713
われ	4993712
撃ち殺	4993711
シャーマン	4993710
サンディ	4993709
ニーナ	4993708
資源	4993707
堂々	4993706
行儀	4993705
いっ	4993704
整え	4993703
じま	4993702
オブライエン	4993701
舐め	4993700
向かい	4993699
装	4993698
大勢い	4993697
肝心	4993696
役人	4993695
お巡り	4993694
薬品	4993693
親密	4993692
学べ	4993691
let	4993690
野人	4993689
一旦	4993688
預言	4993687
依存	4993686
エドガー	4993685
顔色	4993684
姿勢	4993683
体内	4993682
食欲	4993681
して	4993680
潜伏	4993679
ター	4993678
報い	4993677
ローレン	4993676
ワル	4993675
とうとう	4993674
バーガー	4993673
霧	4993672
機体	4993671
脂肪	4993670
アイビー	4993669
ナチス	4993668
破棄	4993667
仰	4993666
頂き	4993665
乱	4993664
看板	4993663
要素	4993662
サイキック	4993661
疫病	4993660
物体	4993659
ドリル	4993658
出世	4993657
出演	4993656
ヘ	4993655
シンシア	4993654
浪費	4993653
もったい	4993652
ミシェル	4993651
度胸	4993650
オーディション	4993649
ひざまず	4993648
ジェニファー	4993647
ブック	4993646
憎しみ	4993645
day	4993644
えれ	4993643
デスク	4993642
さが	4993641
ボナイト	4993640
長期	4993639
真っ直ぐ	4993638
溝	4993637
疑惑	4993636
雇い主	4993635
カワイ	4993634
大砲	4993633
移民	4993632
複製	4993631
印刷	4993630
モン	4993629
ゾーン	4993628
バグ	4993627
プリンス	4993626
上空	4993625
名義	4993624
識別	4993623
同感	4993622
いか	4993621
学習	4993620
食品	4993619
ウェイ	4993618
繊維	4993617
ミリアム	4993616
横たわ	4993615
心得	4993614
ふん	4993613
baby	4993612
メルル	4993611
キップ	4993610
ceo	4993609
プロポーズ	4993608
路上	4993607
夕飯	4993606
エイドリアン	4993605
おびえ	4993604
トリップ	4993603
ロナルド	4993602
大いに	4993601
クライアント	4993600
解体	4993599
ffff	4993598
轢	4993597
トリニティ	4993596
テス	4993595
経緯	4993594
hold	4993593
取り掛か	4993592
青年	4993591
モルヒネ	4993590
悪霊	4993589
思い込	4993588
傑作	4993587
祖国	4993586
ルディ	4993585
オーストラリア	4993584
吸収	4993583
クリーン	4993582
私立	4993581
メニュー	4993580
昼間	4993579
キックアス	4993578
下水	4993577
弓	4993576
シュミット	4993575
スタンプ	4993574
コン	4993573
丁	4993572
スティック	4993571
酸化	4993570
占領	4993569
盗品	4993568
live	4993567
絞	4993566
ちそう	4993565
ヤン	4993564
部族	4993563
シーザー	4993562
究極	4993561
壊滅	4993560
却下	4993559
破損	4993558
マイキー	4993557
森田	4993556
頭部	4993555
倫理	4993554
孤立	4993553
拳	4993552
冷え	4993551
前向き	4993550
化け	4993549
投獄	4993548
免れ	4993547
ペース	4993546
バスルーム	4993545
っきり	4993544
にゃ	4993543
アデル	4993542
ウェル	4993541
家出	4993540
秋	4993539
継	4993538
みそ	4993537
クローバー	4993536
レイラ	4993535
オリーブ	4993534
ダイヤモンド	4993533
全面	4993532
政策	4993531
ルーサー	4993530
独自	4993529
収監	4993528
エンジェル	4993527
拘置	4993526
ウォッチ	4993525
うつ	4993524
スケジュール	4993523
格納	4993522
ウイスキー	4993521
ウー	4993520
勲章	4993519
マーサ	4993518
まね	4993517
迷路	4993516
クライド	4993515
容器	4993514
プラス	4993513
キック	4993512
高め	4993511
シンプル	4993510
イザベル	4993509
身近	4993508
ウェブ	4993507
ナポレオン	4993506
安置	4993505
やっかい	4993504
ペテン	4993503
プロトコル	4993502
吊る	4993501
計	4993500
トマト	4993499
あくまで	4993498
ランプ	4993497
窮地	4993496
アンドレ	4993495
幻想	4993494
景色	4993493
専攻	4993492
突撃	4993491
仕打ち	4993490
賄賂	4993489
レンリー	4993488
ディー	4993487
ザンダー	4993486
機長	4993485
豪華	4993484
まわり	4993483
よそ者	4993482
パネル	4993481
プロファイル	4993480
ジュリ	4993479
返せ	4993478
ドック	4993477
ティリオン	4993476
ハイジ	4993475
教官	4993474
エイプリル	4993473
ギル	4993472
マッサージ	4993471
巴	4993470
ぶち壊	4993469
義父	4993468
粉々	4993467
ボケ	4993466
確証	4993465
丁寧	4993464
居住	4993463
ライバル	4993462
平等	4993461
ネ	4993460
手当て	4993459
空爆	4993458
キャット	4993457
ヒゲ	4993456
バーネット	4993455
会長	4993454
そそ	4993453
飲み	4993452
ホードー	4993451
伸び	4993450
ロサンゼルス	4993449
ローブ	4993448
段	4993447
魔力	4993446
プレッシャー	4993445
リンゴ	4993444
ゆえ	4993443
ライダー	4993442
名声	4993441
had	4993440
寝かせ	4993439
情け	4993438
チャッピー	4993437
教訓	4993436
敵対	4993435
埋め込	4993434
意義	4993433
洗脳	4993432
打撃	4993431
自首	4993430
駆けつけ	4993429
シャットダウン	4993428
バージョン	4993427
give	4993426
かた	4993425
ベ	4993424
進路	4993423
物資	4993422
基礎	4993421
辛抱	4993420
あえぎ	4993419
気晴らし	4993418
止まり	4993417
大半	4993416
sorry	4993415
奨学	4993414
ナビ	4993413
feel	4993412
スグ	4993411
インク	4993410
補助	4993409
支度	4993408
区別	4993407
棺	4993406
外見	4993405
民族	4993404
なっ	4993403
大衆	4993402
レン	4993401
里親	4993400
オリンピック	4993399
給油	4993398
切り取	4993397
育ち	4993396
ドーナツ	4993395
まあまあ	4993394
治せ	4993393
放題	4993392
切り	4993391
バートン	4993390
サイコー	4993389
スリー	4993388
枝	4993387
役所	4993386
感想	4993385
終身	4993384
散	4993383
校	4993382
暮らせ	4993381
モル	4993380
一撃	4993379
アトランタ	4993378
早く	4993377
物音	4993376
フン	4993375
工事	4993374
シェルター	4993373
財務	4993372
バートラム	4993371
アナベル	4993370
ベーコン	4993369
手品	4993368
偽り	4993367
下院	4993366
nypd	4993365
ばっか	4993364
絡	4993363
マーガレット	4993362
おたく	4993361
力強	4993360
研修	4993359
圧倒	4993358
かわ	4993357
なお	4993356
進入	4993355
イタズラ	4993354
対面	4993353
依然	4993352
歩き回	4993351
レストレード	4993350
サーカス	4993349
経由	4993348
融合	4993347
探索	4993346
ブラン	4993345
グスタフ	4993344
トール	4993343
一流	4993342
混ぜ	4993341
栄養	4993340
なめ	4993339
狩猟	4993338
バーニー	4993337
輝き	4993336
ふ	4993335
スコフィールド	4993334
除外	4993333
いたわ	4993332
勢い	4993331
かせ	4993330
チェーン	4993329
パレード	4993328
岸川	4993327
起	4993326
次々	4993325
チンピラ	4993324
一夕	4993323
いわゆる	4993322
巧妙	4993321
贅沢	4993320
泊	4993319
早速	4993318
デシマ	4993317
知人	4993316
テクノロジー	4993315
恵み	4993314
意	4993313
協会	4993312
つき	4993311
新婚	4993310
捜し	4993309
悪意	4993308
パーセント	4993307
ジャヴァディ	4993306
ちっちゃ	4993305
余分	4993304
まみれ	4993303
目当て	4993302
っつ	4993301
マルチネス	4993300
検問	4993299
ジャニス	4993298
同胞	4993297
取り調べ	4993296
ウィリー	4993295
余り	4993294
心拍	4993293
相互	4993292
厚	4993291
暗示	4993290
ライトニング	4993289
気配	4993288
要望	4993287
キラー	4993286
やり直せ	4993285
ぶっ飛ば	4993284
美	4993283
豊富	4993282
少尉	4993281
退学	4993280
社交	4993279
オーブリー	4993278
幕	4993277
過程	4993276
カーテン	4993275
屈	4993274
ムカつ	4993273
uh	4993272
corrected	4993271
除去	4993270
態勢	4993269
男女	4993268
一目	4993267
来月	4993266
ヒック	4993265
規定	4993264
愛し合	4993263
予期	4993262
ニューオリンズ	4993261
カプセル	4993260
灯り	4993259
没収	4993258
振動	4993257
絞め	4993256
ビンセント	4993255
空中	4993254
唱え	4993253
ゃ	4993252
若干	4993251
スージー	4993250
乗り切	4993249
ビンゴ	4993248
側面	4993247
オブ	4993246
硬	4993245
ぶっ殺	4993244
アクション	4993243
断言	4993242
エッグ	4993241
助け合	4993240
ヴィクター	4993239
しー	4993238
ドール	4993237
スーツケース	4993236
人違い	4993235
包帯	4993234
こも	4993233
ツイ	4993232
ウェブサイト	4993231
ソロ	4993230
ケチ	4993229
盛	4993228
暮れ	4993227
エリ	4993226
サ	4993225
ビザ	4993224
見舞い	4993223
ウォー	4993222
近道	4993221
金塊	4993220
出張	4993219
ハウル	4993218
放り出	4993217
収入	4993216
吹っ飛ば	4993215
定義	4993214
打ち	4993213
クスリ	4993212
防弾	4993211
オスカー	4993210
おめでと	4993209
ベッキー	4993208
拝見	4993207
切り抜け	4993206
居心地	4993205
プロム	4993204
禁	4993203
委ね	4993202
ウィスキー	4993201
土産	4993200
長生き	4993199
ポートランド	4993198
楽勝	4993197
デイリー	4993196
カメ	4993195
スルタン	4993194
加害	4993193
レモン	4993192
ても	4993191
said	4993190
出向	4993189
衛生	4993188
一線	4993187
アルビン	4993186
イラつ	4993185
腸	4993184
girl	4993183
起こせ	4993182
同居	4993181
王座	4993180
カウンセラー	4993179
破綻	4993178
デー	4993177
カトリック	4993176
風船	4993175
裂け	4993174
マトリックス	4993173
商人	4993172
挑	4993171
バカバカし	4993170
エンド	4993169
足止め	4993168
スパイク	4993167
多田	4993166
nasa	4993165
見分け	4993164
房	4993163
チェスターズ	4993162
病人	4993161
陥れ	4993160
居所	4993159
大阪	4993158
解毒	4993157
記	4993156
残骸	4993155
箋	4993154
ジェラルド	4993153
左手	4993152
滅茶苦茶	4993151
あん	4993150
沈め	4993149
注入	4993148
児童	4993147
先頭	4993146
コンタクト	4993145
凍え	4993144
ニュージャージー	4993143
ウ	4993142
つて	4993141
連れ出せ	4993140
エルフ	4993139
夕	4993138
ニガー	4993137
のど	4993136
プライム	4993135
装填	4993134
デズモンド	4993133
打ち上げ	4993132
乗船	4993131
重荷	4993130
後継	4993129
ナシ	4993128
チョット	4993127
とんだ	4993126
エイブラハム	4993125
マザー	4993124
ヾーサイヤ	4993123
たぁ	4993122
安らぎ	4993121
生死	4993120
ウソつき	4993119
ポスト	4993118
発行	4993117
製作	4993116
或いは	4993115
放て	4993114
短剣	4993113
視界	4993112
ケ	4993111
悔やみ	4993110
q	4993109
副官	4993108
リチャーズ	4993107
靴下	4993106
封印	4993105
ペンキ	4993104
掟	4993103
fuck	4993102
リ	4993101
ジェフ	4993100
ヘイズ	4993099
果物	4993098
浴室	4993097
クリステン	4993096
独占	4993095
った	4993094
フェニックス	4993093
トカゲ	4993092
授け	4993091
インターポール	4993090
呼び戻	4993089
ｃｍ	4993088
スプリング	4993087
パンケーキ	4993086
無能	4993085
八	4993084
へー	4993083
落下	4993082
洪水	4993081
アルメイダ	4993080
ハット	4993079
制圧	4993078
好物	4993077
キューブ	4993076
出くわ	4993075
親子	4993074
職人	4993073
スイート	4993072
捕獲	4993071
ドゥーク	4993070
cha	4993069
鬼頭	4993068
未遂	4993067
パークマン	4993066
辿	4993065
無傷	4993064
解き放	4993063
縫	4993062
養	4993061
合体	4993060
打て	4993059
見落と	4993058
イースト	4993057
マンション	4993056
住まい	4993055
ウィンチェスター	4993054
ごまか	4993053
サラダ	4993052
コサック	4993051
頬	4993050
elderman	4993049
サミー	4993048
絶好	4993047
敷地	4993046
占め	4993045
泡	4993044
内密	4993043
太平	4993042
ファッション	4993041
欺	4993040
タイガー	4993039
ローガン	4993038
出し	4993037
かん	4993036
通じ	4993035
記入	4993034
冷め	4993033
おなか	4993032
押せ	4993031
概念	4993030
フォーエバー	4993029
光線	4993028
両	4993027
デカイ	4993026
一同	4993025
思想	4993024
中東	4993023
恵まれ	4993022
ブレスレット	4993021
シフター	4993020
少数	4993019
発達	4993018
早急	4993017
チリ	4993016
潔白	4993015
シ	4993014
バローズ	4993013
反省	4993012
共感	4993011
doing	4993010
償い	4993009
理	4993008
申し立て	4993007
小鳥	4993006
下品	4993005
ソーセージ	4993004
ラック	4993003
star	4993002
吐き気	4993001
有機	4993000
head	4992999
家系	4992998
理性	4992997
鎮痛	4992996
国税	4992995
輪	4992994
ニモ	4992993
反射	4992992
尻尾	4992991
電磁	4992990
食ら	4992989
仮面	4992988
照準	4992987
復旧	4992986
視聴	4992985
池	4992984
ラジャ	4992983
バラシオン	4992982
バッチリ	4992981
指図	4992980
消耗	4992979
悪事	4992978
整備	4992977
滅び	4992976
令	4992975
故	4992974
引っ越し	4992973
ビジネスマン	4992972
season	4992971
見張れ	4992970
ワード	4992969
インチキ	4992968
ラスベガス	4992967
受付	4992966
ホルモン	4992965
致死	4992964
コツ	4992963
ジョアン	4992962
テンプル	4992961
羽根	4992960
ブッシュ	4992959
ドナー	4992958
ｅ	4992957
妥協	4992956
誌	4992955
易	4992954
ヘス	4992953
プラット	4992952
差し上げ	4992951
ダグラス	4992950
法則	4992949
傷付け	4992948
ロッキー	4992947
買い手	4992946
本音	4992945
ゼウス	4992944
ピーナッツ	4992943
ウェイトレス	4992942
和平	4992941
グリッド	4992940
クジラ	4992939
クリニック	4992938
画家	4992937
典型	4992936
冷や	4992935
顧問	4992934
如何	4992933
ケンゾー	4992932
クウィン	4992931
只	4992930
店員	4992929
止血	4992928
貫	4992927
自覚	4992926
出資	4992925
喰	4992924
形成	4992923
アンバー	4992922
バンク	4992921
マイクロ	4992920
子孫	4992919
スライド	4992918
マーヴィン	4992917
ファイン	4992916
駆除	4992915
極端	4992914
踊れ	4992913
コーディ	4992912
局長	4992911
ユーモア	4992910
プライド	4992909
軽蔑	4992908
出勤	4992907
ためら	4992906
自得	4992905
ごう	4992904
会員	4992903
ドレイク	4992902
美女	4992901
フォート	4992900
繰り返し	4992899
フック	4992898
スパイダーマン	4992897
ディエゴ	4992896
就職	4992895
ポンコツ	4992894
アヒル	4992893
踏み込	4992892
伯父	4992891
カウンター	4992890
放出	4992889
パイク	4992888
people	4992887
読み	4992886
願望	4992885
口説	4992884
宛て	4992883
入学	4992882
仇	4992881
分別	4992880
要員	4992879
仕向け	4992878
ジョージア	4992877
撮れ	4992876
引き取	4992875
ミニ	4992874
容態	4992873
こんばんわ	4992872
静寂	4992871
てえ	4992870
扱え	4992869
気違い	4992868
連隊	4992867
遺書	4992866
トレーラー	4992865
bad	4992864
束	4992863
ープ	4992862
停職	4992861
吧	4992860
さぞ	4992859
早う	4992858
stop	4992857
ミ	4992856
天然	4992855
タール	4992854
子猫	4992853
北東	4992852
通行	4992851
ダイエット	4992850
ever	4992849
本題	4992848
元々	4992847
冊	4992846
マイナス	4992845
お陰	4992844
召	4992843
人民	4992842
誘い	4992841
分裂	4992840
配備	4992839
統計	4992838
カルト	4992837
属	4992836
人事	4992835
アントン	4992834
cdc	4992833
サニー	4992832
臨時	4992831
イエロー	4992830
ボクシング	4992829
only	4992828
フィリップス	4992827
アッラー	4992826
窒	4992825
薬局	4992824
たー	4992823
のんびり	4992822
ｎｙ	4992821
上等	4992820
正午	4992819
発展	4992818
パンク	4992817
響	4992816
応じ	4992815
ボロボロ	4992814
god	4992813
コンサート	4992812
欲求	4992811
リセット	4992810
ご飯	4992809
レジ	4992808
越し	4992807
身柄	4992806
ポンプ	4992805
配線	4992804
スマート	4992803
ボロ	4992802
毒殺	4992801
自業	4992800
ヒマ	4992799
ティモシー	4992798
体育	4992797
つた	4992796
成年	4992795
主役	4992794
儲か	4992793
冒涜	4992792
ワース	4992791
肉屋	4992790
みつけ	4992789
なるべく	4992788
返答	4992787
突きつけ	4992786
天皇	4992785
づら	4992784
アスガルド	4992783
あいにく	4992782
引き	4992781
マリク	4992780
バイオ	4992779
ｓ	4992778
トゥギャザー	4992777
ペルシャ	4992776
飯	4992775
妥当	4992774
確定	4992773
家畜	4992772
ベック	4992771
足首	4992770
デクスタ	4992769
メタル	4992768
打ち合わせ	4992767
ランボー	4992766
受け止め	4992765
night	4992764
介入	4992763
カラ	4992762
んー	4992761
スカーフ	4992760
取り乱	4992759
曲げ	4992758
アザ	4992757
おとり	4992756
思い知ら	4992755
出力	4992754
忍び込	4992753
alex	4992752
むこう	4992751
大地	4992750
ホラー	4992749
コア	4992748
マーケット	4992747
格闘	4992746
同性	4992745
接点	4992744
イヤー	4992743
吠え	4992742
つきあ	4992741
ついで	4992740
抗生	4992739
てっきり	4992738
縄張り	4992737
祖先	4992736
チェサ	4992735
帳	4992734
乾燥	4992733
すこし	4992732
感傷	4992731
ボディー	4992730
隙間	4992729
そっか	4992728
ゼット	4992727
君主	4992726
ビタミン	4992725
干	4992724
名案	4992723
名字	4992722
日焼け	4992721
湯	4992720
人身	4992719
ワット	4992718
ミセス	4992717
イーライ	4992716
タッチ	4992715
ヨガ	4992714
洋服	4992713
テイト	4992712
執着	4992711
曹操	4992710
サイレン	4992709
ロッド	4992708
榎本	4992707
演出	4992706
弟子	4992705
tel	4992704
作り上げ	4992703
通せ	4992702
トレーナー	4992701
とまれ	4992700
退役	4992699
ブライア	4992698
ライター	4992697
桃	4992696
追悼	4992695
イケメン	4992694
ガッカリ	4992693
貫通	4992692
隙	4992691
ウルフ	4992690
頭取	4992689
ファイト	4992688
リオ	4992687
称え	4992686
着用	4992685
傘	4992684
ボルトン	4992683
壮大	4992682
工	4992681
泉	4992680
言い分	4992679
栄誉	4992678
殻	4992677
ネジ	4992676
継承	4992675
いら	4992674
割り当て	4992673
パーム	4992672
聖人	4992671
故意	4992670
イーグル	4992669
天候	4992668
強大	4992667
セス	4992666
チェロ	4992665
体温	4992664
減少	4992663
ばかげ	4992662
そろ	4992661
ウォーリー	4992660
金貨	4992659
眼鏡	4992658
隠密	4992657
ハワイ	4992656
売女	4992655
シオン	4992654
出現	4992653
収め	4992652
ガーデン	4992651
ロジャース	4992650
人体	4992649
枯れ	4992648
湯浅	4992647
デボ	4992646
スローン	4992645
固ま	4992644
too	4992643
任命	4992642
苦悩	4992641
潰れ	4992640
はね	4992639
炭疽	4992638
スプレー	4992637
ペレス	4992636
ソード	4992635
ペック	4992634
寮	4992633
透視	4992632
ジョエル	4992631
ロザリー	4992630
助け出	4992629
一夜	4992628
dea	4992627
暴走	4992626
コム	4992625
悪口	4992624
口出し	4992623
途絶え	4992622
two	4992621
沿岸	4992620
楽園	4992619
立ち直	4992618
ｖ	4992617
待ち合わせ	4992616
キモ	4992615
おごり	4992614
黒崎	4992613
酒場	4992612
撃墜	4992611
はま	4992610
ハイブリッド	4992609
マークス	4992608
傷口	4992607
一味	4992606
クリーニング	4992605
コック	4992604
ワクワク	4992603
響き	4992602
視	4992601
滅多	4992600
改良	4992599
船員	4992598
フレイ	4992597
人狼	4992596
不潔	4992595
でっか	4992594
幻	4992593
国中	4992592
引用	4992591
入隊	4992590
膨大	4992589
最小	4992588
ランチョー	4992587
憲法	4992586
由美子	4992585
功績	4992584
火薬	4992583
諸島	4992582
積極	4992581
フロスト	4992580
ブロイルズ	4992579
スタック	4992578
スキル	4992577
very	4992576
ごきげん	4992575
シアトル	4992574
健全	4992573
ライザ	4992572
シナリオ	4992571
寝返	4992570
みえ	4992569
結びつけ	4992568
方々	4992567
変換	4992566
ピンクマン	4992565
半径	4992564
見な	4992563
点け	4992562
代金	4992561
視線	4992560
挑発	4992559
牢屋	4992558
カガミ	4992557
ヴィヴィアン	4992556
雑音	4992555
だんだん	4992554
メモリー	4992553
まぬけ	4992552
はずれ	4992551
莫大	4992550
モ	4992549
埋め合わせ	4992548
番人	4992547
マー	4992546
まて	4992545
カス	4992544
命中	4992543
くしろ	4992542
もー	4992541
水中	4992540
ハルト	4992539
ジプシー	4992538
really	4992537
告	4992536
周	4992535
並み	4992534
アーヤ	4992533
シェルビー	4992532
採掘	4992531
んん	4992530
似顔	4992529
メーガン	4992528
ストゥー	4992527
ベジ	4992526
甲板	4992525
活発	4992524
ヘイデン	4992523
呼びかけ	4992522
苦	4992521
担	4992520
寄生	4992519
手動	4992518
イワン	4992517
ショート	4992516
曖昧	4992515
リビング	4992514
鞭	4992513
不可解	4992512
カンフー	4992511
ホーン	4992510
アレック	4992509
感激	4992508
電灯	4992507
今更	4992506
キーン	4992505
頭脳	4992504
扇	4992503
老いぼれ	4992502
滝	4992501
ジュディ	4992500
戯言	4992499
フレーム	4992498
ゴーヤ	4992497
気まぐれ	4992496
かげん	4992495
辿り着	4992494
シリアル	4992493
グラント	4992492
至る所	4992491
広報	4992490
ボ	4992489
仕立て	4992488
カーソン	4992487
もともと	4992486
言い聞かせ	4992485
ヘザー	4992484
漫画	4992483
矛盾	4992482
ハイツ	4992481
直美	4992480
一面	4992479
ユーロ	4992478
いやー	4992477
ep	4992476
裁き	4992475
点検	4992474
従兄弟	4992473
相違	4992472
琥珀	4992471
ミッキー	4992470
決勝	4992469
住め	4992468
返済	4992467
フロア	4992466
対戦	4992465
ムント	4992464
献身	4992463
エコー	4992462
消毒	4992461
アルバム	4992460
立ち止ま	4992459
学園	4992458
主催	4992457
僅か	4992456
次長	4992455
あの世	4992454
thing	4992453
振る舞い	4992452
ミルズ	4992451
北西	4992450
仕様	4992449
練	4992448
実力	4992447
トラブ	4992446
走り	4992445
不可欠	4992444
デリンジャー	4992443
ウォンカ	4992442
ニーブ	4992441
マクナマラ	4992440
ロラス	4992439
植民	4992438
駒	4992437
ミショーン	4992436
年金	4992435
ごっこ	4992434
繋げ	4992433
案件	4992432
授か	4992431
執事	4992430
捕捉	4992429
彼方	4992428
真犯人	4992427
適合	4992426
バケツ	4992425
西部	4992424
シリーズ	4992423
ブリュンヒルデ	4992422
花岡	4992421
突っ立	4992420
ジャッキー	4992419
仕込	4992418
泳げ	4992417
ハマ	4992416
骨董	4992415
オプティ	4992414
フッド	4992413
again	4992412
決闘	4992411
玉座	4992410
arrow	4992409
小児	4992408
フリンジ	4992407
ホーネット	4992406
言い争	4992405
トコ	4992404
探査	4992403
交戦	4992402
キティ	4992401
アベル	4992400
ターク	4992399
溺死	4992398
盛り上が	4992397
屁	4992396
デス	4992395
残虐	4992394
関わり	4992393
使い捨て	4992392
後半	4992391
演じ	4992390
こぼ	4992389
出会え	4992388
アインシュタイン	4992387
フィルム	4992386
アルゴリズム	4992385
繊細	4992384
特許	4992383
遣	4992382
リスボン	4992381
試作	4992380
最上	4992379
バル	4992378
ダヴィーナ	4992377
行進	4992376
アレクス	4992375
ストリッパー	4992374
コンドーム	4992373
オハイオ	4992372
相模	4992371
ジェローム	4992370
代役	4992369
ミッチ	4992368
リブ	4992367
ビー	4992366
横断	4992365
フォン	4992364
勝ち目	4992363
キャビン	4992362
アラーム	4992361
歌え	4992360
レム	4992359
血管	4992358
オゥ	4992357
マンス	4992356
ドム	4992355
城壁	4992354
実施	4992353
アリー	4992352
災害	4992351
示唆	4992350
オォ	4992349
えら	4992348
預金	4992347
貿易	4992346
オークション	4992345
暖炉	4992344
ｇ	4992343
延長	4992342
弄	4992341
ティナ	4992340
密か	4992339
焦点	4992338
ウォレス	4992337
象	4992336
工業	4992335
ケリ	4992334
昆虫	4992333
万が一	4992332
フラッド	4992331
巡回	4992330
プロセス	4992329
陽	4992328
アシスタント	4992327
バーク	4992326
マックイーン	4992325
激怒	4992324
スピーカー	4992323
見抜	4992322
方角	4992321
ディック	4992320
浮浪	4992319
休日	4992318
褒美	4992317
毒物	4992316
モーター	4992315
ミール	4992314
アメリカン	4992313
万全	4992312
秘め	4992311
ベレンソン	4992310
病棟	4992309
ナオミ	4992308
カーラ	4992307
やっ	4992306
狼獣	4992305
エドワーズ	4992304
気取り	4992303
宛	4992302
気遣い	4992301
住居	4992300
じゃあまた	4992299
称賛	4992298
小銭	4992297
パク	4992296
愛想	4992295
聖堂	4992294
カクテル	4992293
パドメ	4992292
操り	4992291
続行	4992290
マール	4992289
ちっぽけ	4992288
バ	4992287
戦艦	4992286
端末	4992285
当事	4992284
translated	4992283
縄	4992282
退避	4992281
タイトル	4992280
デトロイト	4992279
凍結	4992278
亡霊	4992277
北朝鮮	4992276
回せ	4992275
わん	4992274
ったく	4992273
メチャクチャ	4992272
失格	4992271
存続	4992270
アーム	4992269
刺青	4992268
コーダ	4992267
モー	4992266
シグナル	4992265
上陸	4992264
わせ	4992263
始動	4992262
スタイン	4992261
レイナ	4992260
ピエール	4992259
ボディ	4992258
同類	4992257
火炎	4992256
弱み	4992255
シャルロット	4992254
ムッシュー	4992253
ジャスミン	4992252
ｉｄ	4992251
フリーク	4992250
セクター	4992249
where	4992248
切開	4992247
先ほど	4992246
視点	4992245
パーツ	4992244
三角	4992243
北極	4992242
困惑	4992241
セッション	4992240
引き続	4992239
シングル	4992238
這	4992237
掴ま	4992236
グラム	4992235
シリル	4992234
人助け	4992233
フォワード	4992232
あわせ	4992231
タイレル	4992230
災難	4992229
持ち場	4992228
カラー	4992227
仕組み	4992226
視覚	4992225
災い	4992224
アリゾナ	4992223
ギャレット	4992222
ｊ	4992221
home	4992220
口実	4992219
奪え	4992218
マチェーテ	4992217
押さえつけ	4992216
スタンバイ	4992215
マクギー	4992214
ユ	4992213
ビルボ	4992212
学長	4992211
途方	4992210
服従	4992209
時速	4992208
チャズ	4992207
未熟	4992206
手当	4992205
アーヤン	4992204
ドーラン	4992203
ぁぁ	4992202
溶か	4992201
射手	4992200
消費	4992199
装甲	4992198
西側	4992197
同一	4992196
広め	4992195
所長	4992194
支局	4992193
吸い込	4992192
集	4992191
モーゼス	4992190
っと	4992189
詩人	4992188
基金	4992187
スクリーン	4992186
中華	4992185
ピース	4992184
ジェド	4992183
権威	4992182
給	4992181
頂上	4992180
帳簿	4992179
あいつら	4992178
お早う	4992177
トレバー	4992176
タン	4992175
先輩	4992174
ポーラ	4992173
痛めつけ	4992172
無理やり	4992171
スクール	4992170
静脈	4992169
ワォ	4992168
言及	4992167
長居	4992166
単位	4992165
封じ込め	4992164
自供	4992163
ちょい	4992162
ブルック	4992161
フレンチ	4992160
メイト	4992159
終結	4992158
帯	4992157
若造	4992156
規律	4992155
本番	4992154
いじ	4992153
都会	4992152
無害	4992151
星系	4992150
南側	4992149
見学	4992148
leave	4992147
セオドア	4992146
関節	4992145
凶獣	4992144
捜せ	4992143
ブラスト	4992142
折り返	4992141
でっち上げ	4992140
ゴールデン	4992139
水道	4992138
横切	4992137
anything	4992136
エビ	4992135
バウワー	4992134
岸	4992133
around	4992132
ケージ	4992131
ひょっと	4992130
アカウント	4992129
打ちのめ	4992128
マニュアル	4992127
蘇生	4992126
ガら	4992125
冷却	4992124
ソファー	4992123
根性	4992122
反論	4992121
ダーシー	4992120
ハレルヤ	4992119
王族	4992118
高潔	4992117
ライサ	4992116
バレエ	4992115
ドリアン	4992114
しがみつ	4992113
嗾	4992112
アマ	4992111
チューブ	4992110
cip	4992109
心地	4992108
ハウンド	4992107
么	4992106
流血	4992105
砕	4992104
シュート	4992103
渡し	4992102
工藤	4992101
農家	4992100
繁殖	4992099
サットン	4992098
愛せ	4992097
ガリアン	4992096
真山	4992095
散らか	4992094
アル中	4992093
宿命	4992092
facebook	4992091
オブザーバー	4992090
フォッサ	4992089
てー	4992088
グレッチェン	4992087
抽出	4992086
小型	4992085
王家	4992084
kg	4992083
because	4992082
緑色	4992081
広ま	4992080
明け	4992079
蜂蜜	4992078
要塞	4992077
アソコ	4992076
浮上	4992075
宜しく	4992074
仲介	4992073
荒ら	4992072
結成	4992071
発進	4992070
本性	4992069
ジェイムズ	4992068
長引	4992067
シェパード	4992066
手出し	4992065
ハンド	4992064
萱	4992063
ディクソン	4992062
堂	4992061
検証	4992060
シチュー	4992059
フット	4992058
ビーコン	4992057
おろ	4992056
引き寄せ	4992055
オッケー	4992054
ハンバーガー	4992053
夕べ	4992052
原始	4992051
ひざ	4992050
目玉	4992049
ハッ	4992048
われわれ	4992047
同期	4992046
スペンサー	4992045
恩赦	4992044
子息	4992043
愛国	4992042
font	4992041
クロフォード	4992040
弾け	4992039
貯蔵	4992038
ウィテカー	4992037
糞野郎	4992036
刑期	4992035
上海	4992034
アンド	4992033
負債	4992032
中学	4992031
ローク	4992030
好調	4992029
引き抜	4992028
老い	4992027
廃墟	4992026
如何なる	4992025
ギフト	4992024
やり直し	4992023
防護	4992022
球	4992021
ハーブ	4992020
ミランダ	4992019
馴染み	4992018
早ま	4992017
衣服	4992016
うう	4992015
デッカー	4992014
バリケード	4992013
help	4992012
マイヤーズ	4992011
ズル	4992010
ケニー	4992009
昼寝	4992008
動転	4992007
大昔	4992006
おとぎ話	4992005
道理	4992004
mm	4992003
まん	4992002
どいつ	4992001
クイーンズ	4992000
絞首	4991999
シンジケート	4991998
ブルク	4991997
階下	4991996
アドレナリン	4991995
メラニー	4991994
always	4991993
連鎖	4991992
ジュールズ	4991991
コミュニティ	4991990
忘れ物	4991989
企て	4991988
開催	4991987
クラッシュ	4991986
ホラ	4991985
見届け	4991984
適用	4991983
稀	4991982
代替	4991981
取り下げ	4991980
禁煙	4991979
バイキング	4991978
囚われ	4991977
押し付け	4991976
うらやまし	4991975
kill	4991974
ヒール	4991973
無法	4991972
振る	4991971
グリーヴァス	4991970
出国	4991969
無口	4991968
ボルチモア	4991967
竇	4991966
should	4991965
装飾	4991964
今月	4991963
モリアーティ	4991962
エグジー	4991961
淑女	4991960
劇的	4991959
誤魔化	4991958
憎悪	4991957
出荷	4991956
公爵	4991955
アレキ	4991954
アンドレイ	4991953
条	4991952
彫刻	4991951
クラクション	4991950
家政	4991949
発揮	4991948
手数	4991947
ナース	4991946
人目	4991945
万一	4991944
混沌	4991943
やらか	4991942
既婚	4991941
遂に	4991940
総省	4991939
獅子	4991938
ドリンク	4991937
望め	4991936
一人ぼっち	4991935
手榴弾	4991934
クルミッツ	4991933
つる	4991932
くわ	4991931
トラスク	4991930
羨まし	4991929
手前	4991928
片手	4991927
プラグ	4991926
リパー	4991925
一定	4991924
ああっ	4991923
ノルウェー	4991922
悪臭	4991921
万事	4991920
友子	4991919
レシピ	4991918
元カレ	4991917
師団	4991916
専念	4991915
ノラ	4991914
キュート	4991913
any	4991912
インフルエンザ	4991911
揃え	4991910
敵意	4991909
鈴	4991908
ヾ一	4991907
マリーナ	4991906
キャンディー	4991905
昆	4991904
シェイプ	4991903
かろうじて	4991902
線路	4991901
紛れ	4991900
化石	4991899
想い	4991898
シティー	4991897
有害	4991896
バンチ	4991895
墓場	4991894
off	4991893
積荷	4991892
真っ暗	4991891
ラティマー	4991890
回答	4991889
植え	4991888
フッ	4991887
ターン	4991886
宿泊	4991885
器用	4991884
microsoft	4991883
アビゲール	4991882
治安	4991881
グレトゲン	4991880
旋回	4991879
業績	4991878
頼れ	4991877
射	4991876
ハネムーン	4991875
見回	4991874
落ち合	4991873
閉ざ	4991872
ロボナイト	4991871
ヴァートン	4991870
不滅	4991869
serif	4991868
バナー	4991867
sans	4991866
徐々	4991865
竹本	4991864
過小	4991863
性能	4991862
デイル	4991861
ナターシャ	4991860
不意	4991859
送還	4991858
シシ	4991857
なあに	4991856
吹き飛	4991855
事例	4991854
ホーク	4991853
毒素	4991852
娯楽	4991851
セリブ	4991850
ボーナス	4991849
シモン	4991848
おしっこ	4991847
ラング	4991846
コンテナ	4991845
従者	4991844
企画	4991843
奢	4991842
サイロン	4991841
カイ	4991840
オコナー	4991839
師匠	4991838
ガイド	4991837
監査	4991836
黙秘	4991835
デラ	4991834
ノリー	4991833
オーラ	4991832
シンデレラ	4991831
咲	4991830
誓約	4991829
レイク	4991828
桁	4991827
ブラント	4991826
マウス	4991825
まれ	4991824
ip	4991823
ディノ	4991822
アンテナ	4991821
認可	4991820
シルク	4991819
バーベキュー	4991818
テキスト	4991817
振る舞	4991816
がち	4991815
クラン	4991814
停車	4991813
てめえ	4991812
ジーナ	4991811
振舞	4991810
とどめ	4991809
牢	4991808
ハーリー	4991807
朝飯	4991806
跪	4991805
改革	4991804
マイカ	4991803
アール	4991802
取り合	4991801
投降	4991800
対決	4991799
牧場	4991798
クリスティ	4991797
ナイ	4991796
乗車	4991795
カンザス	4991794
ジェフリー	4991793
切り刻	4991792
手本	4991791
落ちろ	4991790
生理	4991789
おり	4991788
落書き	4991787
ビーム	4991786
農民	4991785
限定	4991784
つま先	4991783
小隊	4991782
用い	4991781
マク	4991780
亭主	4991779
メー	4991778
ハーヴィー	4991777
虎	4991776
そん	4991775
機材	4991774
よっしゃ	4991773
大型	4991772
ペーパー	4991771
北側	4991770
ヲ	4991769
ィ	4991768
thank	4991767
ジョージー	4991766
各地	4991765
アルカディア	4991764
アイランド	4991763
エム	4991762
イスラマバード	4991761
初心	4991760
ヨリ	4991759
ふた	4991758
メシ	4991757
南西	4991756
書斎	4991755
募集	4991754
リムジン	4991753
ラウル	4991752
ねが	4991751
礼拝	4991750
終末	4991749
ハウザー	4991748
ディセプティコン	4991747
パルス	4991746
更なる	4991745
ハードディスク	4991744
ファイナル	4991743
ハイウェイ	4991742
浸	4991741
及ぼ	4991740
パラシュート	4991739
カウンセリング	4991738
観念	4991737
マジシャン	4991736
不当	4991735
総合	4991734
改装	4991733
パート	4991732
葉巻	4991731
消え去	4991730
un	4991729
エレメンタリー	4991728
プレイヤー	4991727
ジジイ	4991726
フェリー	4991725
ピストル	4991724
ｄｎａ	4991723
追い出せ	4991722
動力	4991721
あだ名	4991720
気取	4991719
ダイナミック	4991718
福祉	4991717
きっちり	4991716
リーグ	4991715
something	4991714
がら	4991713
そっ	4991712
絞殺	4991711
見付か	4991710
監察	4991709
加担	4991708
ケント	4991707
place	4991706
ノース	4991705
推進	4991704
ビーン	4991703
シャーロット	4991702
ヘリウム	4991701
ルディー	4991700
チャンプ	4991699
間近	4991698
削	4991697
主婦	4991696
アラスカ	4991695
セル	4991694
手渡	4991693
じみ	4991692
アリン	4991691
シャドー	4991690
カサンドラ	4991689
電流	4991688
蝶	4991687
ハハハ	4991686
スペル	4991685
モニカ	4991684
成分	4991683
駆逐	4991682
ｃｉａ	4991681
懇願	4991680
転校	4991679
援軍	4991678
しだい	4991677
陣	4991676
染め	4991675
ロール	4991674
ノット	4991673
自力	4991672
生贄	4991671
ロディ	4991670
イヴァン	4991669
かかれ	4991668
司祭	4991667
ラベル	4991666
えーっと	4991665
温め	4991664
親族	4991663
has	4991662
ボイド	4991661
押し込	4991660
ブレンダ	4991659
ツリー	4991658
戦死	4991657
満月	4991656
ジャンキー	4991655
精子	4991654
燃焼	4991653
見上げ	4991652
チクショー	4991651
悩ま	4991650
キツネザル	4991649
ミート	4991648
ソーシャル	4991647
サンキュー	4991646
阿尔	4991645
車庫	4991644
覚醒	4991643
クリック	4991642
セム	4991641
めった	4991640
ケノービ	4991639
退去	4991638
鎧	4991637
詰	4991636
パジャマ	4991635
スティーブンス	4991634
首謀	4991633
入札	4991632
last	4991631
ロウソク	4991630
丁目	4991629
薪	4991628
break	4991627
貪欲	4991626
サイボーグ	4991625
道化	4991624
測	4991623
手元	4991622
悔し	4991621
ナッツ	4991620
ムーニー	4991619
急速	4991618
荒れ	4991617
毎月	4991616
ベアー	4991615
樽	4991614
早苗	4991613
くな	4991612
fi	4991611
渡真利	4991610
即座	4991609
ロートン	4991608
専務	4991607
個性	4991606
ベット	4991605
偽善	4991604
長旅	4991603
協議	4991602
車輪	4991601
セイバー	4991600
うぬぼれ	4991599
演習	4991598
適応	4991597
done	4991596
ハーディ	4991595
タリア	4991594
ミック	4991593
さまよ	4991592
無知	4991591
馳走	4991590
フィービー	4991589
白雪	4991588
タップ	4991587
情	4991586
大王	4991585
ベクター	4991584
清潔	4991583
フロックス	4991582
旅立	4991581
半数	4991580
クォーター	4991579
等し	4991578
騒音	4991577
作曲	4991576
王位	4991575
無数	4991574
学期	4991573
キャンパス	4991572
もろ	4991571
カーニバル	4991570
ボニー	4991569
防げ	4991568
おやじ	4991567
フィラデルフィア	4991566
偏見	4991565
発音	4991564
惨事	4991563
カレンダー	4991562
懐中	4991561
結びつ	4991560
用語	4991559
空き	4991558
水泳	4991557
配慮	4991556
ケータイ	4991555
キャピタル	4991554
組め	4991553
盤	4991552
誠	4991551
気温	4991550
スチュアート	4991549
総統	4991548
タリバーン	4991547
ヒト	4991546
謙虚	4991545
閉じこも	4991544
見極め	4991543
院長	4991542
ゲーリー	4991541
幹雄	4991540
招集	4991539
ポート	4991538
建造	4991537
ギリギリ	4991536
原稿	4991535
検知	4991534
なぞ	4991533
ブライトン	4991532
向上	4991531
北京	4991530
ほっと	4991529
ハーモン	4991528
こないだ	4991527
過ぎ去	4991526
ボーン	4991525
濃	4991524
削減	4991523
マティーニ	4991522
とぼけ	4991521
フレデリック	4991520
エール	4991519
チェスター	4991518
唯	4991517
無断	4991516
生まれつき	4991515
狂信	4991514
わぉ	4991513
listen	4991512
フーン	4991511
艦内	4991510
頻繁	4991509
アーカム	4991508
ネリー	4991507
ブードゥー	4991506
聡明	4991505
努め	4991504
九	4991503
サンガラ	4991502
幼稚	4991501
行使	4991500
温暖	4991499
公聴	4991498
答	4991497
くず	4991496
デイヴィス	4991495
リビー	4991494
分割	4991493
ヘア	4991492
バーボン	4991491
灰色	4991490
ピー	4991489
コップ	4991488
闘技	4991487
手始め	4991486
パージ	4991485
マサチューセッツ	4991484
遺族	4991483
とてつ	4991482
サックス	4991481
カーライル	4991480
侍	4991479
ベガス	4991478
振り回	4991477
グロリア	4991476
エアコン	4991475
does	4991474
訛り	4991473
いったん	4991472
ハイパー	4991471
導き	4991470
送り返	4991469
lost	4991468
全域	4991467
ストーリー	4991466
ブリス	4991465
ハンコック	4991464
仕置き	4991463
ウィンストン	4991462
ニセ	4991461
逆戻り	4991460
ドジ	4991459
清め	4991458
陽気	4991457
must	4991456
カリー	4991455
松	4991454
栽培	4991453
成り行き	4991452
壺	4991451
忌々し	4991450
中古	4991449
シリア	4991448
切り札	4991447
漁師	4991446
カトー	4991445
銅	4991444
仰せ	4991443
罰金	4991442
マーチ	4991441
条約	4991440
素性	4991439
手足	4991438
free	4991437
くらえ	4991436
ラウンズ	4991435
閉じろ	4991434
スタンフォード	4991433
射程	4991432
ミーガン	4991431
ダイアナ	4991430
リットル	4991429
気まず	4991428
向う	4991427
told	4991426
戦利	4991425
細	4991424
掘り出	4991423
蜘蛛	4991422
パディントン	4991421
ときどき	4991420
進軍	4991419
衰え	4991418
モート	4991417
ラス	4991416
尊	4991415
首輪	4991414
承諾	4991413
だいじょうぶ	4991412
主導	4991411
バスケット	4991410
marty	4991409
乳首	4991408
思い当た	4991407
ヤコブ	4991406
ぶっ飛	4991405
有望	4991404
ヴォータン	4991403
だぁ	4991402
コンクリート	4991401
ニキ	4991400
ｆ	4991399
うっかり	4991398
エバン	4991397
寺	4991396
エス	4991395
keep	4991394
ウェンデル	4991393
変形	4991392
基	4991391
気難し	4991390
エース	4991389
紙幣	4991388
さー	4991387
日誌	4991386
ブラット	4991385
幼児	4991384
バーナード	4991383
ミリー	4991382
損な	4991381
ジェン	4991380
洗練	4991379
巻き添え	4991378
肝	4991377
重傷	4991376
投げ込	4991375
ペリー	4991374
姓	4991373
中間	4991372
嫌悪	4991371
切除	4991370
まんが	4991369
ぁんた	4991368
本土	4991367
競売	4991366
伝達	4991365
ホン	4991364
同席	4991363
屋根裏	4991362
受賞	4991361
データー	4991360
抜け出せ	4991359
ローリー	4991358
頑丈	4991357
オウエン	4991356
ナメ	4991355
ポスター	4991354
上層	4991353
セルビア	4991352
弱虫	4991351
騒動	4991350
搬送	4991349
ジャネット	4991348
史	4991347
狡猾	4991346
監獄	4991345
持ち歩	4991344
プロデューサー	4991343
ブロード	4991342
双方	4991341
リンチ	4991340
異端	4991339
限度	4991338
レバー	4991337
レア	4991336
応用	4991335
ブリーフ	4991334
紫	4991333
節	4991332
ワニ	4991331
吗	4991330
ソナー	4991329
勘定	4991328
ノートン	4991327
リジミラリル	4991326
強引	4991325
葉っぱ	4991324
レポーター	4991323
顎	4991322
ai	4991321
難民	4991320
原則	4991319
アムステルダム	4991318
えと	4991317
兰花	4991316
チェット	4991315
投げ出	4991314
ケラー	4991313
縫合	4991312
達人	4991311
リア	4991310
実績	4991309
腹ペコ	4991308
メドウズ	4991307
トレイシー	4991306
フラー	4991305
すなわち	4991304
レノン	4991303
ターボ	4991302
治癒	4991301
呼び名	4991300
がん	4991299
大目	4991298
焼却	4991297
性質	4991296
咳	4991295
右腕	4991294
潮	4991293
出生	4991292
方面	4991291
実家	4991290
ｔｖ	4991289
保留	4991288
トースト	4991287
リグ	4991286
信託	4991285
餌食	4991284
消し去	4991283
鳴き声	4991282
ベラミー	4991281
身代わり	4991280
ナノ	4991279
往生	4991278
パ	4991277
大蛇	4991276
控えめ	4991275
披露	4991274
暴徒	4991273
乱れ	4991272
なんに	4991271
有毒	4991270
ルシファー	4991269
ミュータント	4991268
審議	4991267
everything	4991266
妊婦	4991265
下げろ	4991264
発掘	4991263
キッドマン	4991262
敗者	4991261
よみがえ	4991260
ギャラリー	4991259
吸引	4991258
無縁	4991257
論争	4991256
鶴	4991255
聞き出	4991254
トンプソン	4991253
粗末	4991252
器具	4991251
ギア	4991250
内通	4991249
生還	4991248
ハァ	4991247
地中	4991246
虹	4991245
这	4991244
自家	4991243
ウィーン	4991242
急行	4991241
ローザ	4991240
利点	4991239
施	4991238
ペルー	4991237
文章	4991236
具	4991235
藤沢	4991234
問い合わせ	4991233
ラルフ	4991232
ラローシュ	4991231
エミリ	4991230
real	4991229
手先	4991228
アラブ	4991227
市内	4991226
前例	4991225
ごみ	4991224
磁気	4991223
唾	4991222
聞き覚え	4991221
書き留め	4991220
ブリック	4991219
製薬	4991218
魅了	4991217
輝かし	4991216
イイ	4991215
埋ま	4991214
憑依	4991213
体操	4991212
クリーク	4991211
シェン	4991210
柵	4991209
フルーツ	4991208
タイマー	4991207
原告	4991206
ちくしょう	4991205
ナイトクラブ	4991204
fucking	4991203
量子	4991202
いざ	4991201
手作り	4991200
免責	4991199
緩め	4991198
調書	4991197
ふさ	4991196
病質	4991195
ありか	4991194
ロウ	4991193
餓死	4991192
メル	4991191
スマン	4991190
愚痴	4991189
アテネ	4991188
手帳	4991187
ネック	4991186
模範	4991185
移住	4991184
人前	4991183
バンカー	4991182
ポチ	4991181
スキャナー	4991180
ゴッド	4991179
沖	4991178
巡	4991177
弾頭	4991176
出航	4991175
モテ	4991174
ハゲ	4991173
ドーリー	4991172
コニー	4991171
突き落と	4991170
ループ	4991169
人道	4991168
里	4991167
dead	4991166
ヤクザ	4991165
プレーヤー	4991164
coming	4991163
バーテン	4991162
促進	4991161
スプーン	4991160
モンド	4991159
孝則	4991158
name	4991157
放り込	4991156
酔っぱらい	4991155
利己	4991154
漂	4991153
ウディ	4991152
ライナス	4991151
カッ	4991150
ポーチ	4991149
ポニー	4991148
交際	4991147
ホーマー	4991146
ひも	4991145
察	4991144
試し	4991143
タイチョー	4991142
面談	4991141
face	4991140
ウィーバー	4991139
ゎ	4991138
勝ち取	4991137
名乗り出	4991136
罵	4991135
コル	4991134
運用	4991133
懲役	4991132
スチール	4991131
嵌め	4991130
トレ	4991129
ナイガード	4991128
中西	4991127
イリア	4991126
根本	4991125
サウス	4991124
アップル	4991123
シミュレーション	4991122
どのみち	4991121
統一	4991120
スレッド	4991119
散々	4991118
subtitle	4991117
アーティ	4991116
確立	4991115
タイムズ	4991114
待ち望	4991113
シップ	4991112
村人	4991111
恩恵	4991110
エマーソン	4991109
迷い	4991108
早朝	4991107
リリアン	4991106
投下	4991105
布	4991104
テリ	4991103
徒歩	4991102
よけ	4991101
詰め込	4991100
のせ	4991099
いっつ	4991098
ヘック	4991097
安っぽ	4991096
廃止	4991095
ヘラルド	4991094
不吉	4991093
林	4991092
消息	4991091
マネキン	4991090
描け	4991089
歩兵	4991088
ハリケーン	4991087
ヵ丶	4991086
harry	4991085
ストレート	4991084
ホッパー	4991083
巡礼	4991082
待ち構え	4991081
甘やか	4991080
ニュートン	4991079
チャ	4991078
ニコ	4991077
トゥコ	4991076
張り込み	4991075
投げろ	4991074
イライアス	4991073
スポンサー	4991072
魔物	4991071
化合	4991070
領土	4991069
長老	4991068
ジェス	4991067
稼働	4991066
片目	4991065
後戻り	4991064
ドウェイン	4991063
結晶	4991062
一刻	4991061
広大	4991060
銃創	4991059
自尊	4991058
コンスタンティン	4991057
疾患	4991056
食器	4991055
swat	4991054
吐き出	4991053
アクセント	4991052
ささや	4991051
減速	4991050
有益	4991049
聞き込み	4991048
もど	4991047
トーク	4991046
マニー	4991045
類似	4991044
スケル	4991043
電報	4991042
公務	4991041
連れ帰	4991040
短気	4991039
紛失	4991038
亡	4991037
プレー	4991036
討論	4991035
素手	4991034
レンガ	4991033
ベイルート	4991032
ネオ	4991031
情けな	4991030
シアーシャ	4991029
カモ	4991028
消化	4991027
景気	4991026
スモーク	4991025
竹下	4991024
ろく	4991023
充填	4991022
台詞	4991021
リズム	4991020
ビクトリー	4991019
サバンナ	4991018
カシム	4991017
ユニコーン	4991016
ジュン	4991015
マロリー	4991014
デランシー	4991013
フフッ	4991012
残れ	4991011
スパロウ	4991010
やり取り	4991009
家宅	4991008
プロパン	4991007
ナイツ	4991006
人権	4991005
スナイパー	4991004
密売	4991003
ハロウィーン	4991002
gone	4991001
アメリア	4991000
スタジアム	4990999
wrong	4990998
ミゲル	4990997
サークル	4990996
崩	4990995
薬剤	4990994
しん	4990993
チェリー	4990992
歪	4990991
前後	4990990
あれこれ	4990989
送電	4990988
くすくす	4990987
理屈	4990986
直樹	4990985
バイヤー	4990984
弾道	4990983
町中	4990982
如	4990981
巧み	4990980
ディグ	4990979
ちなみ	4990978
残業	4990977
請	4990976
釣	4990975
into	4990974
原料	4990973
走り回	4990972
ぃ	4990971
教科	4990970
暖め	4990969
手短	4990968
ミュージカル	4990967
寺院	4990966
うえ	4990965
エンゲージ	4990964
蹴り	4990963
幅	4990962
愛らし	4990961
ムカデ	4990960
マント	4990959
南東	4990958
黒髪	4990957
所詮	4990956
積り	4990955
プレストン	4990954
裏側	4990953
ダイビング	4990952
シラ	4990951
吊	4990950
クロム	4990949
ヴィンス	4990948
どけろ	4990947
逆転	4990946
喋れ	4990945
末期	4990944
廻	4990943
投げ捨て	4990942
アンドロイド	4990941
取り決め	4990940
左右	4990939
テ	4990938
揉め	4990937
ジュピター	4990936
取調べ	4990935
あい	4990934
ゴキブリ	4990933
乱用	4990932
アレクサンダー	4990931
シッター	4990930
ただちに	4990929
静粛	4990928
突き飛ば	4990927
セルフ	4990926
ずーっと	4990925
毛皮	4990924
カリ	4990923
ペッター	4990922
公演	4990921
欧州	4990920
フロイド	4990919
処罰	4990918
開店	4990917
来客	4990916
とどま	4990915
人命	4990914
関口	4990913
くび	4990912
翌朝	4990911
ﾊﾘｰ	4990910
申し込	4990909
ロックハート	4990908
ダイアン	4990907
きさま	4990906
認知	4990905
観測	4990904
膨ら	4990903
テニス	4990902
艇	4990901
other	4990900
恐れ入	4990899
当選	4990898
サンディエゴ	4990897
呼ばわり	4990896
体力	4990895
迂回	4990894
レネ	4990893
集結	4990892
水素	4990891
寝れ	4990890
揺ら	4990889
結び	4990888
見送	4990887
担保	4990886
癒し	4990885
かばん	4990884
蓄え	4990883
スキャンダル	4990882
当分	4990881
くっつ	4990880
後任	4990879
きた	4990878
喫煙	4990877
懸賞	4990876
スゲ	4990875
寿命	4990874
活性	4990873
叩きのめ	4990872
おかわり	4990871
水平	4990870
たね	4990869
ヘタ	4990868
ベイン	4990867
国立	4990866
敏感	4990865
見ま	4990864
元帥	4990863
擁護	4990862
習得	4990861
鐘	4990860
捕	4990859
衛兵	4990858
当てはま	4990857
立ち上げ	4990856
上流	4990855
ヤリ	4990854
手法	4990853
信心	4990852
シャッター	4990851
盗人	4990850
嘆	4990849
アフガン	4990848
聴け	4990847
瞑想	4990846
竜	4990845
タブレット	4990844
おしえ	4990843
はーい	4990842
動員	4990841
さほど	4990840
てぇ	4990839
いとし	4990838
吹き込	4990837
歯科	4990836
途端	4990835
コンテスト	4990834
任意	4990833
保て	4990832
悪名	4990831
服用	4990830
スタンリー	4990829
迷信	4990828
屠殺	4990827
たく	4990826
優位	4990825
突き出	4990824
親権	4990823
顔面	4990822
アーデン	4990821
感銘	4990820
ジョナ	4990819
イェー	4990818
サンド	4990817
マリリン	4990816
デュラント	4990815
くら	4990814
仙崎	4990813
うわぁ	4990812
ディーター	4990811
議事	4990810
細菌	4990809
ボイル	4990808
バド	4990807
ティブス	4990806
ポップ	4990805
かぎり	4990804
配管	4990803
行な	4990802
リッキー	4990801
臨床	4990800
cd	4990799
鼻血	4990798
サボ	4990797
在庫	4990796
実感	4990795
無欲	4990794
要因	4990793
mx	4990792
直行	4990791
薫子	4990790
投入	4990789
安物	4990788
造船	4990787
ポッター	4990786
泊め	4990785
ブス	4990784
モーフィアス	4990783
移行	4990782
センチネル	4990781
メリーランド	4990780
サイ	4990779
ねっ	4990778
感電	4990777
足音	4990776
ヒーリング	4990775
來	4990774
走行	4990773
サンセット	4990772
ブリー	4990771
ひで	4990770
海底	4990769
濃度	4990768
中村	4990767
罪状	4990766
抹消	4990765
財政	4990764
気遣	4990763
経費	4990762
系統	4990761
アルド	4990760
ぶちのめ	4990759
プリンター	4990758
細部	4990757
オールド	4990756
マリオ	4990755
ｐ	4990754
差し押さえ	4990753
繁栄	4990752
子羊	4990751
シモーヌ	4990750
乗り物	4990749
カリーシ	4990748
蒸気	4990747
やけ	4990746
ユリア	4990745
ウイル	4990744
楽観	4990743
気持	4990742
ボイスメール	4990741
見せつけ	4990740
ディレクター	4990739
惑わ	4990738
成人	4990737
病的	4990736
よそ	4990735
lord	4990734
肖像	4990733
処	4990732
二十	4990731
いし	4990730
ドキドキ	4990729
カイン	4990728
ミルトン	4990727
セーター	4990726
標識	4990725
帰り道	4990724
野放し	4990723
各自	4990722
スパイス	4990721
ダレン	4990720
とりわけ	4990719
ビュー	4990718
ヴィンチ	4990717
ハーシェル	4990716
離脱	4990715
停	4990714
オス	4990713
カメラマン	4990712
恐喝	4990711
ハビエル	4990710
ドロップ	4990709
コゼット	4990708
メーター	4990707
混	4990706
解消	4990705
カーペット	4990704
国籍	4990703
強奪	4990702
クララ	4990701
隕石	4990700
吹き	4990699
陽動	4990698
トビアス	4990697
遮蔽	4990696
食糧	4990695
抗争	4990694
タリバン	4990693
ピット	4990692
マルティネス	4990691
書き換え	4990690
こっ	4990689
入れ墨	4990688
ダイン	4990687
デーモン	4990686
勾留	4990685
パット	4990684
レンチ	4990683
セレブ	4990682
ケロッグ	4990681
到	4990680
カンポ	4990679
瀕死	4990678
ヤル	4990677
suv	4990676
ウェンディ	4990675
関知	4990674
ドキュメント	4990673
丶ら	4990672
促	4990671
負か	4990670
召し上が	4990669
もめ	4990668
ジーザス	4990667
人殺	4990666
徴候	4990665
ラジュー	4990664
ミッシェル	4990663
believe	4990662
六道	4990661
遂げ	4990660
文学	4990659
ザン	4990658
はん	4990657
ジャスパー	4990656
ハミルトン	4990655
鈴木	4990654
バーテンダー	4990653
不全	4990652
ニオイ	4990651
落ちつけ	4990650
スケア	4990649
スッキリ	4990648
カタ	4990647
早期	4990646
乗り換え	4990645
察知	4990644
拘	4990643
河	4990642
ナット	4990641
洞察	4990640
学位	4990639
当初	4990638
エドマンド	4990637
申し分	4990636
大男	4990635
開き	4990634
マージェリー	4990633
汚職	4990632
air	4990631
コスト	4990630
グリ	4990629
ボーグ	4990628
アプリ	4990627
否	4990626
辞職	4990625
あげろ	4990624
デボラ	4990623
スロー	4990622
取り残	4990621
ドラ	4990620
裏付け	4990619
万端	4990618
撒	4990617
those	4990616
マクレーン	4990615
ぐっすり	4990614
石盤	4990613
踏み入れ	4990612
ミント	4990611
追いつめ	4990610
フォント	4990609
サージ	4990608
イブラヒム	4990607
船体	4990606
手強	4990605
マデリン	4990604
天塩	4990603
苦難	4990602
フラン	4990601
蹴飛ば	4990600
予知	4990599
ｄｅａ	4990598
フリング	4990597
バイター	4990596
未満	4990595
乞	4990594
見物	4990593
イラ	4990592
横取り	4990591
トロフィー	4990590
領収	4990589
イチゴ	4990588
復職	4990587
メトロ	4990586
ヒロ	4990585
作法	4990584
出馬	4990583
絞め殺	4990582
トランプ	4990581
やん	4990580
火山	4990579
through	4990578
their	4990577
監房	4990576
締め出	4990575
ソーレン	4990574
藝	4990573
見出し	4990572
一口	4990571
コロラド	4990570
ソラ	4990569
カークランド	4990568
取り替え	4990567
ｋｍ	4990566
缶詰	4990565
砕け	4990564
much	4990563
オーリー	4990562
クライブ	4990561
ソーカ	4990560
失態	4990559
貧困	4990558
left	4990557
操れ	4990556
ハモンド	4990555
バギンズ	4990554
コーディア	4990553
幾ら	4990552
メモリ	4990551
sex	4990550
サングラス	4990549
領事	4990548
そりゃあ	4990547
照会	4990546
好機	4990545
見放	4990544
クレイグ	4990543
mean	4990542
両者	4990541
ジ	4990540
従順	4990539
威力	4990538
見出	4990537
ビルマ	4990536
脚本	4990535
ワンダ	4990534
クィン	4990533
独裁	4990532
手荒	4990531
ザマ	4990530
ナニ	4990529
マローニ	4990528
弁当	4990527
元妻	4990526
くじ	4990525
ガドリエル	4990524
ブリキ	4990523
スパーク	4990522
ラズロ	4990521
ラー	4990520
浅	4990519
つめ	4990518
ブドウ	4990517
いやいやいや	4990516
じゅう	4990515
頂点	4990514
リーマス	4990513
拓馬	4990512
内務	4990511
レナード	4990510
全能	4990509
スチュー	4990508
当面	4990507
road	4990506
シス	4990505
pos	4990504
すべ	4990503
騙せ	4990502
入場	4990501
ペア	4990500
ルイ	4990499
分かち合	4990498
many	4990497
サミーン	4990496
レオニダス	4990495
ゴブリン	4990494
置き	4990493
スパー	4990492
由来	4990491
整形	4990490
ハーフ	4990489
家中	4990488
サイード	4990487
リーゼル	4990486
夜通し	4990485
素材	4990484
アッ	4990483
じん	4990482
私生	4990481
ダサ	4990480
青春	4990479
悟空	4990478
リディア	4990477
目印	4990476
優雅	4990475
逸ら	4990474
ヤー	4990473
聖杯	4990472
タリー	4990471
助力	4990470
一息	4990469
ジョナス	4990468
鮮明	4990467
追いや	4990466
イングランド	4990465
司会	4990464
ララ	4990463
決	4990462
腰抜け	4990461
起立	4990460
ラムセス	4990459
中庭	4990458
every	4990457
ダマ	4990456
掲示	4990455
ワーム	4990454
欠	4990453
ラップ	4990452
憑	4990451
narvik	4990450
流出	4990449
オックス	4990448
ボクサー	4990447
ホシ	4990446
ヴ	4990445
雪露	4990444
セラー	4990443
グレタ	4990442
ミッチェル	4990441
ネックス	4990440
乳	4990439
強い	4990438
勝野	4990437
叱	4990436
求女	4990435
cc	4990434
ロバーツ	4990433
人相	4990432
腕前	4990431
大家	4990430
辻	4990429
魅惑	4990428
スカート	4990427
つなげ	4990426
すり替え	4990425
連携	4990424
ガロン	4990423
磁石	4990422
中年	4990421
世辞	4990420
モラン	4990419
サブ	4990418
胎児	4990417
客人	4990416
ネル	4990415
調和	4990414
いちいち	4990413
すき	4990412
鋼鉄	4990411
沿い	4990410
護送	4990409
バイバイ	4990408
ビッキー	4990407
更生	4990406
焦げ	4990405
hear	4990404
アンダー	4990403
取り込	4990402
絞り込	4990401
欠片	4990400
けどー	4990399
boy	4990398
アーク	4990397
ブッチ	4990396
ベビ	4990395
順位	4990394
たまげ	4990393
召集	4990392
勇者	4990391
still	4990390
ヴァレリー	4990389
シュレック	4990388
ゴシップ	4990387
嘘つきだ	4990386
首長	4990385
日没	4990384
本山	4990383
スティエル	4990382
ポーランド	4990381
過酷	4990380
荒野	4990379
聞き出せ	4990378
エスティス	4990377
奇襲	4990376
バルコニー	4990375
ジョス	4990374
背景	4990373
レンタカー	4990372
ピラー	4990371
ホスト	4990370
ウォルデン	4990369
デヴ	4990368
取り付	4990367
笛	4990366
ブレンダン	4990365
でかけ	4990364
後援	4990363
考え出	4990362
實	4990361
シャベル	4990360
芝生	4990359
取り返し	4990358
技師	4990357
もてなし	4990356
ぶん殴	4990355
漏洩	4990354
タンパク	4990353
サイクル	4990352
ウクライナ	4990351
回れ	4990350
あきれ	4990349
形式	4990348
ほれ	4990347
nothing	4990346
標本	4990345
返還	4990344
ドワイト	4990343
同級	4990342
小川	4990341
制作	4990340
庇	4990339
壽	4990338
大いなる	4990337
かかせ	4990336
行き詰ま	4990335
失く	4990334
ブーム	4990333
消失	4990332
シャイ	4990331
湿	4990330
ロイヤル	4990329
トゥース	4990328
吹っ飛	4990327
改めて	4990326
大手	4990325
マードン	4990324
ささやか	4990323
ガーディアン	4990322
ノーム	4990321
せー	4990320
ドレ	4990319
柄	4990318
訂正	4990317
脆弱	4990316
アドラー	4990315
ミヤ	4990314
遺物	4990313
善意	4990312
モンシニョール	4990311
漕	4990310
滅亡	4990309
ヒットラー	4990308
染ま	4990307
エジソン	4990306
いき	4990305
えッ	4990304
横領	4990303
和らげ	4990302
軸	4990301
死神	4990300
ビスケット	4990299
美容	4990298
put	4990297
脱水	4990296
episode	4990295
こせ	4990294
破り	4990293
前日	4990292
レコーダー	4990291
重役	4990290
イオン	4990289
ポップコーン	4990288
ルゥ	4990287
腹部	4990286
バルセロナ	4990285
作物	4990284
貯金	4990283
アナリスト	4990282
ナン	4990281
ヨルダン	4990280
の毛	4990279
精霊	4990278
世論	4990277
after	4990276
怠け者	4990275
オオ	4990274
増援	4990273
開拓	4990272
速やか	4990271
火葬	4990270
返信	4990269
重症	4990268
取り込み	4990267
フーバー	4990266
蓋	4990265
相応	4990264
ダクト	4990263
ブルックス	4990262
エラー	4990261
引っ込	4990260
ufo	4990259
ラングレー	4990258
gotta	4990257
参謀	4990256
洗礼	4990255
パディー	4990254
部外	4990253
オーダー	4990252
縛り付け	4990251
レスリー	4990250
タキシード	4990249
フリント	4990248
停戦	4990247
大腿	4990246
森林	4990245
包装	4990244
白鳥	4990243
山脈	4990242
フェイ	4990241
代物	4990240
エレベータ	4990239
あいさつ	4990238
励ま	4990237
フクロウ	4990236
クレーン	4990235
骨髄	4990234
カーブ	4990233
輸入	4990232
運び出	4990231
混合	4990230
静	4990229
金色	4990228
ソルジャー	4990227
アスピリン	4990226
バースデー	4990225
引き取り	4990224
ヤング	4990223
取り分	4990222
異	4990221
ウェイター	4990220
ベリック	4990219
エメラルド	4990218
あなただ	4990217
オッパイ	4990216
フィルター	4990215
勧誘	4990214
対等	4990213
whoa	4990212
戦隊	4990211
ジープ	4990210
イニシャル	4990209
高ま	4990208
砲撃	4990207
ありふれ	4990206
die	4990205
ラモン	4990204
ヴァリス	4990203
バンビ	4990202
つぶれ	4990201
うわさ	4990200
弦	4990199
漬け	4990198
クマール	4990197
せいじゃ	4990196
エリーゼ	4990195
リッジ	4990194
xray	4990193
一見	4990192
送り出	4990191
ザル	4990190
サドラー	4990189
シェリル	4990188
ツケ	4990187
音波	4990186
守衛	4990185
放課	4990184
拡張	4990183
取り返せ	4990182
歩道	4990181
簡潔	4990180
倒産	4990179
塵	4990178
ベーカー	4990177
察し	4990176
ひげ	4990175
ってー	4990174
ロビンソン	4990173
白紙	4990172
排水	4990171
デクス	4990170
資本	4990169
ケア	4990168
ベンチ	4990167
連盟	4990166
キンブル	4990165
在住	4990164
end	4990163
ロマンス	4990162
ガーティ	4990161
内蔵	4990160
エディス	4990159
富樫	4990158
あのう	4990157
快楽	4990156
クリップ	4990155
ばかばかし	4990154
ユーリ	4990153
格子	4990152
ロージー	4990151
引き付け	4990150
落第	4990149
郎	4990148
スザンナ	4990147
囗	4990146
エボシ	4990145
タトル	4990144
ねずみ	4990143
守秘	4990142
水分	4990141
クセ	4990140
gcpd	4990139
タミー	4990138
トレーシー	4990137
荒	4990136
閉じこめ	4990135
ウワサ	4990134
アポロ	4990133
ハットン	4990132
官僚	4990131
エレニ	4990130
泣き声	4990129
押し寄せ	4990128
秘訣	4990127
大当たり	4990126
話せよ	4990125
私物	4990124
臨	4990123
暗証	4990122
ややこし	4990121
綱	4990120
シーツ	4990119
ぁなた	4990118
会談	4990117
どぅ	4990116
先導	4990115
実習	4990114
セールスマン	4990113
大口	4990112
凌	4990111
路線	4990110
stay	4990109
クラシック	4990108
脅え	4990107
ドレン	4990106
命じ	4990105
エイ	4990104
アイヴォ	4990103
ワッフル	4990102
側近	4990101
アダムス	4990100
鼠	4990099
芝山	4990098
ダニ	4990097
石版	4990096
っ子	4990095
搭載	4990094
思い付	4990093
残せ	4990092
日の出	4990091
しかけ	4990090
便所	4990089
シュラン	4990088
津波	4990087
依子	4990086
美穂	4990085
スケッチ	4990084
サィード	4990083
メンデス	4990082
血筋	4990081
クリスチャン	4990080
付き添	4990079
溶け込	4990078
ラファエル	4990077
忍び寄	4990076
コワル	4990075
ウィザード	4990074
浜	4990073
助	4990072
完ぺき	4990071
視力	4990070
男爵	4990069
押しつけ	4990068
気流	4990067
胸骨	4990066
プラズマ	4990065
ビーバー	4990064
くまなく	4990063
庭師	4990062
バルブ	4990061
真っ先	4990060
あらら	4990059
ツ	4990058
レンジ	4990057
チク	4990056
異論	4990055
スコットランド	4990054
誇	4990053
ヒ	4990052
外壁	4990051
切ら	4990050
気前	4990049
根絶	4990048
掌握	4990047
落	4990046
恐が	4990045
頼もし	4990044
効き	4990043
レイノルズ	4990042
半ば	4990041
トビン	4990040
ぞっと	4990039
撤収	4990038
年頃	4990037
ベンフォード	4990036
ガルシア	4990035
引きつけ	4990034
ミズーリ	4990033
オレゴン	4990032
書き	4990031
チルトン	4990030
選び	4990029
パリス	4990028
防止	4990027
sky	4990026
knows	4990025
あッ	4990024
つきまと	4990023
近頃	4990022
引越し	4990021
架空	4990020
羽目	4990019
輸血	4990018
ユーザー	4990017
かぼちゃ	4990016
心強	4990015
wi	4990014
ハーラン	4990013
粉砕	4990012
視野	4990011
ミュージシャン	4990010
老師	4990009
風景	4990008
カリウム	4990007
ゝ	4990006
骨格	4990005
ハンガリー	4990004
どもめ	4990003
曇	4990002
一貫	4990001
引き止め	4990000
da	4989999
诂	4989998
障	4989997
救い出	4989996
プリント	4989995
ﾃﾚﾋﾞ	4989994
最速	4989993
めでた	4989992
乙女	4989991
ブレア	4989990
コステロ	4989989
合計	4989988
テヘラン	4989987
ファウスト	4989986
不味	4989985
聴こえ	4989984
drn	4989983
しーっ	4989982
病原体	4989981
カボチャ	4989980
マーゴー	4989979
小娘	4989978
ピラミッド	4989977
就任	4989976
換気	4989975
ファラ	4989974
失調	4989973
機内	4989972
グル	4989971
ショコラ	4989970
即	4989969
ダイナー	4989968
渓谷	4989967
捕食	4989966
親類	4989965
抜き取	4989964
髭	4989963
セカンド	4989962
名づけ	4989961
オーエン	4989960
経理	4989959
パトリシア	4989958
ｃｄ	4989957
厭	4989956
割り出	4989955
カレー	4989954
スリル	4989953
演劇	4989952
順	4989951
食い	4989950
スト	4989949
サリ	4989948
スノーデン	4989947
セーフ	4989946
召使	4989945
白血	4989944
先手	4989943
賃金	4989942
ブルーク	4989941
蒲生	4989940
ムース	4989939
打ち負か	4989938
発想	4989937
ディミトリ	4989936
まぁまぁ	4989935
損ね	4989934
ブラガ	4989933
ライ	4989932
いたって	4989931
soul	4989930
断ち切	4989929
悲嘆	4989928
明細	4989927
コーラス	4989926
許容	4989925
コンビ	4989924
メチルアミン	4989923
ブラドック	4989922
基盤	4989921
こそこそ	4989920
特有	4989919
記述	4989918
マップ	4989917
式典	4989916
wait	4989915
ストロング	4989914
項目	4989913
怠	4989912
買い	4989911
宰相	4989910
亀裂	4989909
布告	4989908
大西	4989907
ノックアウト	4989906
レッカー	4989905
待ち遠し	4989904
ボーリング	4989903
聖域	4989902
がね	4989901
マミー	4989900
ブロードウェイ	4989899
歌詞	4989898
ショッピング	4989897
ボン	4989896
ヒルズ	4989895
感触	4989894
ライドン	4989893
マリカ	4989892
ティッシュ	4989891
落ちつ	4989890
牢獄	4989889
ナプキン	4989888
テキーラ	4989887
害虫	4989886
ルーズベルト	4989885
切望	4989884
ダイア	4989883
フェラーリ	4989882
田宮	4989881
クランク	4989880
ファイター	4989879
キリ	4989878
寝床	4989877
再発	4989876
見殺し	4989875
轟	4989874
ヨーグルト	4989873
クロウ	4989872
大隊	4989871
atm	4989870
捕らわれ	4989869
レイザー	4989868
散弾	4989867
大通り	4989866
一変	4989865
ゾン	4989864
庶子	4989863
ビースト	4989862
グローバル	4989861
蚊	4989860
イェーツ	4989859
軍用	4989858
奪還	4989857
スワン	4989856
遺骨	4989855
コマンド	4989854
生成	4989853
息苦し	4989852
ホリス	4989851
免除	4989850
捏造	4989849
審問	4989848
司教	4989847
ピッツバーグ	4989846
駆け引き	4989845
近隣	4989844
ミステリー	4989843
必然	4989842
アストリッド	4989841
アントニオ	4989840
コブラ	4989839
足取り	4989838
ひたすら	4989837
読み上げ	4989836
アニス	4989835
しかたな	4989834
敷	4989833
リアム	4989832
friend	4989831
野	4989830
ベケット	4989829
高官	4989828
孫娘	4989827
kind	4989826
エレーン	4989825
アレス	4989824
気候	4989823
ペンシルバニア	4989822
口紅	4989821
明	4989820
起源	4989819
martin	4989818
法務	4989817
気高	4989816
兎	4989815
くたば	4989814
軽率	4989813
まただ	4989812
ダイアモンド	4989811
通告	4989810
断れ	4989809
ニワトリ	4989808
ジャブ	4989807
イリノイ	4989806
アマデウ	4989805
サンティアゴ	4989804
song	4989803
クィーン	4989802
ハイテク	4989801
メイク	4989800
タルボット	4989799
ハイキング	4989798
室内	4989797
チャーチ	4989796
跳ね	4989795
泳ぎ	4989794
王都	4989793
赤子	4989792
ロマンティック	4989791
焼き払	4989790
日光	4989789
ドリーム	4989788
レンタル	4989787
ドーラ	4989786
ha	4989785
探求	4989784
アリーナ	4989783
スラク	4989782
金銭	4989781
見知り	4989780
湧	4989779
氷河	4989778
シャンペン	4989777
アース	4989776
キノコ	4989775
募金	4989774
トレット	4989773
コンスタンス	4989772
サマリタン	4989771
鍋	4989770
姉貴	4989769
革	4989768
ロースト	4989767
踏み出	4989766
ニクラウス	4989765
怒り狂	4989764
別居	4989763
デュポン	4989762
ランナー	4989761
早起き	4989760
コリアー	4989759
圏外	4989758
子宮	4989757
グレンジャー	4989756
推論	4989755
肯定	4989754
うさぎ	4989753
記載	4989752
面識	4989751
取り憑	4989750
鷹	4989749
ルイズ	4989748
ウィー	4989747
ジョアンナ	4989746
イルカ	4989745
錠剤	4989744
歌声	4989743
居眠り	4989742
remember	4989741
悪ふざけ	4989740
付きまと	4989739
誠意	4989738
ピータ	4989737
アーリーズ	4989736
ナバロ	4989735
ネバダ	4989734
コスタ	4989733
無さ	4989732
洗車	4989731
パウェル	4989730
キラ	4989729
満タン	4989728
見下	4989727
多大	4989726
賛同	4989725
隷	4989724
人魚	4989723
リモコン	4989722
退け	4989721
デュ	4989720
first	4989719
創設	4989718
ジョーカー	4989717
匂	4989716
ピル	4989715
ちょと	4989714
末次	4989713
個別	4989712
出撃	4989711
肥料	4989710
全額	4989709
ほお	4989708
ファイアウォール	4989707
取り出せ	4989706
表明	4989705
年取	4989704
ルーシィ	4989703
編	4989702
情緒	4989701
ダミー	4989700
掛け直	4989699
mrx	4989698
容姿	4989697
当社	4989696
つきもの	4989695
オックスフォード	4989694
ジャンゴ	4989693
ランダム	4989692
マッケイ	4989691
常連	4989690
花束	4989689
引き揚げ	4989688
ロゴ	4989687
レイヴン	4989686
海上	4989685
居間	4989684
アタマ	4989683
断念	4989682
シャー	4989681
目隠し	4989680
著名	4989679
飛躍	4989678
フェーズ	4989677
成り立	4989676
石炭	4989675
偽者	4989674
date	4989673
空手	4989672
埃	4989671
王室	4989670
タイソン	4989669
アグネス	4989668
先代	4989667
フラット	4989666
ムーン	4989665
受け取り	4989664
農業	4989663
万太	4989662
脈拍	4989661
コンビニ	4989660
南極	4989659
どき	4989658
すっきり	4989657
見舞	4989656
ヒッピー	4989655
キース	4989654
スポット	4989653
ナブー	4989652
ローランド	4989651
ゼリー	4989650
エンダー	4989649
うけ	4989648
original	4989647
呼び寄せ	4989646
邸	4989645
かすか	4989644
ピカピカ	4989643
平静	4989642
ゆうべ	4989641
形態	4989640
漬水	4989639
飛び立	4989638
待た	4989637
非道	4989636
産物	4989635
一斉	4989634
ジャガイモ	4989633
桟橋	4989632
个	4989631
東部	4989630
登れ	4989629
カストロ	4989628
カウントダウン	4989627
難破	4989626
ルナ	4989625
自制	4989624
エレノア	4989623
侵	4989622
シュルツ	4989621
シャネル	4989620
マグナス	4989619
同伴	4989618
リュック	4989617
猛	4989616
great	4989615
免	4989614
売り物	4989613
頭巾	4989612
ょぅ	4989611
プテラ	4989610
ローナン	4989609
落胆	4989608
スリップ	4989607
クラスター	4989606
フー	4989605
ワゴン	4989604
飲ま	4989603
威嚇	4989602
赤外	4989601
手際	4989600
バーロウ	4989599
ブラッディ	4989598
サウロン	4989597
迷宮	4989596
立入	4989595
小包	4989594
バイオリン	4989593
新型	4989592
血統	4989591
伝道	4989590
sing	4989589
ルイジアナ	4989588
溜ま	4989587
股	4989586
近親	4989585
同等	4989584
混同	4989583
メイジー	4989582
than	4989581
ノーザン	4989580
sure	4989579
壕	4989578
重量	4989577
ハハ	4989576
物的	4989575
立ち入	4989574
うそつき	4989573
秒間	4989572
長男	4989571
思い知	4989570
お手上げ	4989569
偏	4989568
プロフィール	4989567
before	4989566
光速	4989565
クラインフェルター	4989564
ｗ	4989563
melman	4989562
ブラノ	4989561
音量	4989560
マイヤー	4989559
カニ	4989558
家主	4989557
掲げ	4989556
米軍	4989555
吉森	4989554
掛	4989553
テック	4989552
マグ	4989551
思いっきり	4989550
カレ	4989549
ｑ	4989548
再婚	4989547
鎖骨	4989546
ヨーダ	4989545
本件	4989544
カゴ	4989543
江上	4989542
義母	4989541
オールドマン	4989540
草原	4989539
ドリス	4989538
飛び	4989537
ハービー	4989536
洗面	4989535
ガルザ	4989534
チューリング	4989533
表彰	4989532
エッタ	4989531
ラリ	4989530
スクエア	4989529
供	4989528
コロ	4989527
がまし	4989526
芽	4989525
総監	4989524
裂	4989523
軍服	4989522
店長	4989521
追っかけ	4989520
王者	4989519
拡散	4989518
回数	4989517
尾け	4989516
コソコソ	4989515
ゴーギ	4989514
自滅	4989513
シェイ	4989512
生意気	4989511
ダミアン	4989510
引き留め	4989509
プレス	4989508
bones	4989507
変動	4989506
ラッパ	4989505
夢遊	4989504
替わ	4989503
御座	4989502
見破	4989501
なんぞ	4989500
レス	4989499
guy	4989498
マニア	4989497
サロ	4989496
品質	4989495
木島	4989494
マナー	4989493
ヶ所	4989492
揚げ	4989491
江島	4989490
オファー	4989489
コバルト	4989488
表紙	4989487
ありのまま	4989486
ベア	4989485
エッチ	4989484
レダ	4989483
尊厳	4989482
マッシブ	4989481
きりだ	4989480
農園	4989479
枡	4989478
お出まし	4989477
ハブ	4989476
ワトニー	4989475
んだ	4989474
温室	4989473
あわて	4989472
オラ	4989471
よっぽど	4989470
ルーレット	4989469
伝	4989468
壊せ	4989467
財団	4989466
電線	4989465
中退	4989464
放浪	4989463
のぞ	4989462
やり手	4989461
導入	4989460
さっ	4989459
いわ	4989458
スコア	4989457
ヴァル	4989456
guys	4989455
証書	4989454
インディア	4989453
マチュー	4989452
清算	4989451
ホーキンス	4989450
誇らし	4989449
バレット	4989448
トラップ	4989447
いくさ	4989446
調節	4989445
ターニャ	4989444
アナル	4989443
病室	4989442
made	4989441
急激	4989440
崇高	4989439
トナカイ	4989438
ノミ	4989437
ペンタゴン	4989436
ラット	4989435
マルク	4989434
学び	4989433
摘出	4989432
チャリティー	4989431
コミュニケーション	4989430
重な	4989429
外観	4989428
ラグビー	4989427
ハッタリ	4989426
ふと	4989425
ジュール	4989424
ラングストン	4989423
奪い取	4989422
さらなる	4989421
学費	4989420
熱狂	4989419
多量	4989418
打ち込	4989417
賭博	4989416
彗星	4989415
デイヴ	4989414
あばずれ	4989413
目前	4989412
すんな	4989411
失神	4989410
ポープ	4989409
点滴	4989408
冷戦	4989407
フランチェスコ	4989406
ゆる	4989405
パンダ	4989404
ヴェルマ	4989403
パスタ	4989402
交配	4989401
義兄	4989400
japanese	4989399
ほぉ	4989398
derstand	4989397
前列	4989396
対価	4989395
だー	4989394
サイテー	4989393
妳	4989392
中世	4989391
樹	4989390
いやぁ	4989389
チ	4989388
鳩	4989387
嫌疑	4989386
噛み付	4989385
身動き	4989384
花本	4989383
整列	4989382
ハサン	4989381
引き込	4989380
フォガルソン	4989379
ポリグラフ	4989378
ミシガン	4989377
奥深	4989376
キャンドル	4989375
晩餐	4989374
ワーク	4989373
仲良し	4989372
薬莢	4989371
アクバリ	4989370
木馬	4989369
通称	4989368
トランス	4989367
収益	4989366
かくま	4989365
石鹸	4989364
sound	4989363
圧迫	4989362
ロドニー	4989361
チョッキ	4989360
通貨	4989359
ピノキオ	4989358
泣き叫	4989357
getting	4989356
ハップ	4989355
氏名	4989354
圭	4989353
新郎	4989352
仏	4989351
客観	4989350
ボーイズ	4989349
准将	4989348
遭難	4989347
ランタン	4989346
flower	4989345
赦	4989344
切り開	4989343
立た	4989342
教団	4989341
のけ	4989340
見掛け	4989339
あーあ	4989338
ドーソン	4989337
ヒドラ	4989336
じゃま	4989335
歯磨き	4989334
囮	4989333
アーカイブ	4989332
鎮圧	4989331
キャッシュ	4989330
グレゴリー	4989329
メルセデス	4989328
片道	4989327
追いつけ	4989326
パー	4989325
イジメ	4989324
保守	4989323
ブラッドリー	4989322
尻軽	4989321
may	4989320
maybe	4989319
things	4989318
見過ご	4989317
おろせ	4989316
包み	4989315
ホッケー	4989314
ｈ	4989313
ノブ	4989312
鉢	4989311
ミドル	4989310
主だ	4989309
パダ	4989308
エズラ	4989307
小遣い	4989306
動き回	4989305
傾	4989304
ミンディ	4989303
母校	4989302
アヘン	4989301
オーライ	4989300
異教	4989299
あああ	4989298
絨毯	4989297
哲希	4989296
eyes	4989295
盛大	4989294
フォール	4989293
ハング	4989292
どー	4989291
熱意	4989290
マーカー	4989289
言い張	4989288
哥	4989287
おびき寄せ	4989286
航行	4989285
観点	4989284
メイヤー	4989283
責務	4989282
むかつ	4989281
弁解	4989280
帽	4989279
沼	4989278
頭上	4989277
アックス	4989276
共存	4989275
ストリップ	4989274
はるばる	4989273
カールソン	4989272
デリック	4989271
引き返せ	4989270
走り去	4989269
マルコフ	4989268
染み	4989267
歓声	4989266
取り押さえ	4989265
薦め	4989264
掘り起こ	4989263
オメガ	4989262
イヌ	4989261
疑念	4989260
総長	4989259
散らば	4989258
ラゲル	4989257
オシッコ	4989256
デザイナー	4989255
ヨー	4989254
ニューオーリンズ	4989253
オーティス	4989252
行き着	4989251
ナイジェル	4989250
ランク	4989249
ガチョウ	4989248
大群	4989247
とらえ	4989246
特性	4989245
持参	4989244
府	4989243
実践	4989242
バウム	4989241
ネロ	4989240
ランドール	4989239
新年	4989238
マペッツ	4989237
レザー	4989236
雪枝	4989235
多額	4989234
付き添い	4989233
ガイスト	4989232
発火	4989231
ティファニー	4989230
メフメット	4989229
起き上が	4989228
宣戦	4989227
よっし	4989226
ビーチャー	4989225
ひと言	4989224
つよ	4989223
セン	4989222
団長	4989221
換え	4989220
善悪	4989219
わきまえ	4989218
補足	4989217
税関	4989216
読者	4989215
思い浮かべ	4989214
有難	4989213
殺意	4989212
デイモン	4989211
囚	4989210
トマス	4989209
ヴェイダー	4989208
レディントン	4989207
チェ	4989206
堕ち	4989205
支給	4989204
害者	4989203
オペレーター	4989202
リム	4989201
ああー	4989200
ウケ	4989199
飛び跳ね	4989198
賢者	4989197
乗務	4989196
そり	4989195
急げ	4989194
デキ	4989193
bluemoon	4989192
持ちかけ	4989191
たいへん	4989190
焼き	4989189
新作	4989188
コト	4989187
無垢	4989186
偽証	4989185
オライオン	4989184
変わり者	4989183
ハフナー	4989182
囲い	4989181
貯め	4989180
副長	4989179
話し合え	4989178
病状	4989177
金吾	4989176
hi	4989175
ノド	4989174
コールド	4989173
釣れ	4989172
ガル	4989171
運び屋	4989170
バスター	4989169
アァ	4989168
ラダ	4989167
ソビエト	4989166
陸	4989165
ゴリラ	4989164
ヘブライ	4989163
ハァー	4989162
下降	4989161
ウィルフォード	4989160
近辺	4989159
カリシー	4989158
ピクニック	4989157
淫売	4989156
レイエス	4989155
手間取	4989154
シャーク	4989153
リノ	4989152
恩寵	4989151
やり残	4989150
長谷川	4989149
コーデリア	4989148
アデライン	4989147
talk	4989146
even	4989145
すげー	4989144
デント	4989143
割り込	4989142
積もり	4989141
錯乱	4989140
勃起	4989139
出直	4989138
そうしろ	4989137
各国	4989136
投げつけ	4989135
跳	4989134
行事	4989133
バトラー	4989132
配送	4989131
貴男	4989130
シャノン	4989129
スコープ	4989128
ブロンクス	4989127
妬	4989126
腫れ	4989125
ノコギリ	4989124
中立	4989123
セリーナ	4989122
玩具	4989121
半端	4989120
ワンダー	4989119
ビート	4989118
グルジア	4989117
ぞー	4989116
ベイリッシュ	4989115
ギャビー	4989114
王殺し	4989113
尽くせ	4989112
アラー	4989111
自立	4989110
マキシマス	4989109
ニックス	4989108
域	4989107
あざ	4989106
バグダッド	4989105
雌犬	4989104
振り込	4989103
しみ	4989102
上位	4989101
相性	4989100
模型	4989099
ダール	4989098
総員	4989097
持続	4989096
牽引	4989095
先行	4989094
だね	4989093
時限	4989092
なおさら	4989091
見世物	4989090
ルイーズ	4989089
兆し	4989088
但し	4989087
抱擁	4989086
次期	4989085
一団	4989084
似非	4989083
童貞	4989082
ロリンズ	4989081
遠征	4989080
感度	4989079
wanna	4989078
駆	4989077
統制	4989076
グンター	4989075
ミネソタ	4989074
しら	4989073
懲らしめ	4989072
ぞぉ	4989071
シャン	4989070
ルーカ	4989069
更	4989068
強調	4989067
いやあ	4989066
ワトキンス	4989065
緩	4989064
滑走	4989063
運搬	4989062
マネー	4989061
レイブン	4989060
エブリン	4989059
たいして	4989058
久々	4989057
木箱	4989056
アルカイダ	4989055
先住	4989054
安静	4989053
失血	4989052
ダッシュ	4989051
切手	4989050
レバノン	4989049
着地	4989048
ミーメ	4989047
茶番	4989046
デイヴィッド	4989045
ミックス	4989044
スラム	4989043
引っ掻	4989042
ポーリー	4989041
メイスン	4989040
old	4989039
平方	4989038
足手	4989037
カントリー	4989036
進学	4989035
現役	4989034
けが	4989033
ステイシー	4989032
バニー	4989031
シッ	4989030
占拠	4989029
審理	4989028
遠藤	4989027
主演	4989026
ah	4989025
生け捕り	4989024
リプリー	4989023
用紙	4989022
グッドマン	4989021
燃え尽き	4989020
スペシャル	4989019
即死	4989018
ボウル	4989017
中傷	4989016
ビア	4989015
追及	4989014
痙攣	4989013
戸	4989012
ごはん	4989011
ラッシュ	4989010
実質	4989009
ディズニー	4989008
ヴォーン	4989007
固執	4989006
煙突	4989005
盗め	4989004
絵本	4989003
ラーメン	4989002
核心	4989001
アクセル	4989000
ヵヾ	4988999
覚	4988998
シェア	4988997
寄宿	4988996
スネーク	4988995
ままだ	4988994
ルーマニア	4988993
達者	4988992
山分け	4988991
子育て	4988990
コリーン	4988989
フィアンセ	4988988
レンズ	4988987
ネイト	4988986
トゥー	4988985
わがまま	4988984
オマエ	4988983
私有	4988982
邸宅	4988981
言い争い	4988980
半神	4988979
噛みつ	4988978
ひらめ	4988977
タスク	4988976
株主	4988975
自発	4988974
梅林	4988973
テラゾード	4988972
需要	4988971
採	4988970
パーセル	4988969
車内	4988968
どうり	4988967
武力	4988966
years	4988965
まとい	4988964
子豚	4988963
tonight	4988962
マニキュア	4988961
トラクター	4988960
ひき逃げ	4988959
逆らえ	4988958
強迫	4988957
どん底	4988956
溜め	4988955
雑貨	4988954
水着	4988953
欄	4988952
レシート	4988951
イチ	4988950
信じ込	4988949
見習	4988948
キャベツ	4988947
木々	4988946
ギャラクティカ	4988945
ワー	4988944
シルヴァ	4988943
発つ	4988942
味見	4988941
アタシ	4988940
精製	4988939
トリート	4988938
ゲインズ	4988937
フスキー	4988936
グラボ	4988935
堪え	4988934
受取	4988933
縮小	4988932
エマニュエル	4988931
キャンベル	4988930
表れ	4988929
遡	4988928
トラウト	4988927
たどり着け	4988926
陥落	4988925
厳格	4988924
ディア	4988923
ストック	4988922
タコ	4988921
ゲロ	4988920
果実	4988919
スパ	4988918
今ごろ	4988917
行政	4988916
ポジション	4988915
サーフィン	4988914
小麦	4988913
名人	4988912
ディール	4988911
ケンドラ	4988910
跡形	4988909
オニール	4988908
スキ	4988907
マインド	4988906
覆面	4988905
マーティンス	4988904
オフェリア	4988903
中味	4988902
スゲー	4988901
ウンチ	4988900
転職	4988899
フェリシア	4988898
しゃぶ	4988897
スプリングス	4988896
年月	4988895
レズ	4988894
台湾	4988893
ビーフ	4988892
症候	4988891
コーリー	4988890
オットー	4988889
ロミオ	4988888
ふれ	4988887
おこ	4988886
しばしば	4988885
夕暮れ	4988884
枢機	4988883
理事	4988882
憂鬱	4988881
味わえ	4988880
ワンゲル	4988879
セールス	4988878
タック	4988877
ホログラム	4988876
カーマイン	4988875
フレイザー	4988874
補充	4988873
パッケージ	4988872
落札	4988871
分隊	4988870
なりすま	4988869
忍者	4988868
群が	4988867
ソーリン	4988866
弓矢	4988865
時折	4988864
パイル	4988863
各々	4988862
フィリピン	4988861
死角	4988860
観衆	4988859
エスコート	4988858
用だ	4988857
まして	4988856
セ	4988855
紐	4988854
キャップ	4988853
拾え	4988852
初耳	4988851
特	4988850
気球	4988849
汚名	4988848
あせ	4988847
見えん	4988846
田舎者	4988845
間隔	4988844
パレス	4988843
憐れ	4988842
主な	4988841
ヘルメス	4988840
オーガスタス	4988839
さぞかし	4988838
ジーンズ	4988837
威厳	4988836
容体	4988835
メリンダ	4988834
リアクター	4988833
po	4988832
うー	4988831
薫	4988830
落ち着き	4988829
っ放し	4988828
ガー	4988827
bressler	4988826
農夫	4988825
シェル	4988824
運輸	4988823
穢れ	4988822
言わ	4988821
マルタ	4988820
バーティ	4988819
ゴーリイ	4988818
ジョギング	4988817
ファラデー	4988816
思慮	4988815
右舷	4988814
アパッチ	4988813
コルドロン	4988812
トーリン	4988811
these	4988810
カ丶	4988809
しるし	4988808
杭	4988807
オリンポス	4988806
上々	4988805
形見	4988804
blue	4988803
水飲	4988802
ゲネラル	4988801
ジャージー	4988800
へし折	4988799
ハーマン	4988798
添え	4988797
ずれ	4988796
軍勢	4988795
誇張	4988794
腺	4988793
モザイク	4988792
ランゴ	4988791
mine	4988790
オーキッド	4988789
アバズレ	4988788
通気	4988787
ゲン	4988786
スパルタン	4988785
海洋	4988784
オア	4988783
編成	4988782
ぼんやり	4988781
ボディガード	4988780
淹れ	4988779
ヒルダ	4988778
コヨーテ	4988777
有無	4988776
押し	4988775
乗り切れ	4988774
スナック	4988773
クレオ	4988772
アメ	4988771
腹減	4988770
行列	4988769
ミン	4988768
ジヴァ	4988767
替え玉	4988766
着手	4988765
介	4988764
解任	4988763
エピソード	4988762
快	4988761
ハサミ	4988760
ツラ	4988759
吸い取	4988758
食卓	4988757
オムツ	4988756
クラッカー	4988755
リーガン	4988754
支部	4988753
通し	4988752
モリアティ	4988751
デビット	4988750
フォレスト	4988749
公判	4988748
ライセンス	4988747
ｌ	4988746
交流	4988745
イングラム	4988744
ギグ	4988743
決めつけ	4988742
ムード	4988741
抜群	4988740
カオス	4988739
とま	4988738
劣	4988737
ハチ	4988736
対話	4988735
ナトリウム	4988734
満員	4988733
ベルギー	4988732
マリコ	4988731
富豪	4988730
見合	4988729
連れ込	4988728
ルドゥー	4988727
古く	4988726
パーソンズ	4988725
メイスター	4988724
蝕	4988723
時空	4988722
見習い	4988721
小学	4988720
モーリー	4988719
記号	4988718
デビー	4988717
call	4988716
ええっと	4988715
本意	4988714
言動	4988713
ヤロー	4988712
改ざん	4988711
回り道	4988710
ポルシェ	4988709
モラル	4988708
ロンバード	4988707
組み込	4988706
モナ	4988705
見せしめ	4988704
変質	4988703
乗馬	4988702
ベリコフ	4988701
ガーネット	4988700
リドリー	4988699
サーバ	4988698
喝采	4988697
賠償	4988696
デン	4988695
ヤマ	4988694
接種	4988693
おまわり	4988692
カツラ	4988691
アミダラ	4988690
春菜	4988689
貴	4988688
船内	4988687
カリス	4988686
歯型	4988685
技能	4988684
ロキシー	4988683
キーパー	4988682
しゃが	4988681
得点	4988680
グロス	4988679
まっ	4988678
予告	4988677
ノックス	4988676
チェックアウト	4988675
新婦	4988674
治ま	4988673
傷害	4988672
後ほど	4988671
小木曽	4988670
自	4988669
店主	4988668
ウイリアム	4988667
悪徳	4988666
追い	4988665
脳波	4988664
束縛	4988663
箱舟	4988662
大至急	4988661
上達	4988660
異様	4988659
オッド	4988658
平行	4988657
手ぶら	4988656
ジェマ	4988655
ビーンズ	4988654
悔い	4988653
ヒロシ	4988652
東側	4988651
物凄	4988650
誘発	4988649
丿丶	4988648
溶接	4988647
終焉	4988646
口止め	4988645
潜め	4988644
悲観	4988643
コマーシャル	4988642
徹	4988641
ミサ	4988640
片足	4988639
立て直	4988638
禁酒	4988637
求婚	4988636
アレクセイ	4988635
クソガキ	4988634
ウィリアムズ	4988633
マットレス	4988632
ランチョ	4988631
新車	4988630
まとま	4988629
big	4988628
ざっと	4988627
ver	4988626
床屋	4988625
スクレー	4988624
カルロ	4988623
チャップマン	4988622
高値	4988621
極	4988620
ブランチ	4988619
どうし	4988618
スターリン	4988617
実業	4988616
恵	4988615
しょっちゅう	4988614
マーリン	4988613
子分	4988612
李	4988611
榴弾	4988610
不通	4988609
ベンジー	4988608
苦境	4988607
ユニーク	4988606
小物	4988605
マシュマロ	4988604
花子	4988603
至近	4988602
挙げろ	4988601
弁明	4988600
全米	4988599
常習	4988598
唄	4988597
筋書き	4988596
方式	4988595
バンクス	4988594
税	4988593
バンコク	4988592
舞	4988591
診せ	4988590
強欲	4988589
引っ掛か	4988588
生き抜	4988587
パイパー	4988586
瑤子	4988585
フォネグラ	4988584
ランチャー	4988583
近付け	4988582
ベイカー	4988581
フラフラ	4988580
アガサ	4988579
剥が	4988578
あつ	4988577
さまで	4988576
坂	4988575
発売	4988574
スヌーピー	4988573
テンペランス	4988572
コルヴィル	4988571
ゴージャス	4988570
マクティアニー	4988569
power	4988568
引き入れ	4988567
水槽	4988566
金田	4988565
キライ	4988564
辱め	4988563
退散	4988562
空飛	4988561
懺悔	4988560
蕾	4988559
性愛	4988558
宴	4988557
アマゾン	4988556
飛び回	4988555
だあ	4988554
呑	4988553
だろ	4988552
はなし	4988551
外人	4988550
ランバート	4988549
苛立	4988548
myself	4988547
書面	4988546
スタントン	4988545
運び	4988544
ヘビー	4988543
高所	4988542
甘え	4988541
体格	4988540
健在	4988539
ジャム	4988538
フェリス	4988537
早々	4988536
グズグズ	4988535
シンディ	4988534
包丁	4988533
party	4988532
スコッティ	4988531
方程	4988530
シーリー	4988529
水面	4988528
夜勤	4988527
中枢	4988526
並外れ	4988525
一服	4988524
アーティスト	4988523
真珠	4988522
灯台	4988521
パラダイス	4988520
ぶらつ	4988519
シーラ	4988518
ワ	4988517
マートル	4988516
ズース	4988515
客室	4988514
飲ん	4988513
ピーナツ	4988512
ブレント	4988511
逢	4988510
クウェート	4988509
新顔	4988508
バッファロー	4988507
数値	4988506
タンゴ	4988505
月代	4988504
一帯	4988503
意向	4988502
ごろ	4988501
アゴ	4988500
両側	4988499
ノミオ	4988498
キツネ	4988497
クラック	4988496
明晰	4988495
衣	4988494
パーマー	4988493
手ごわ	4988492
アルツハイマー	4988491
生息	4988490
バッド	4988489
展望	4988488
脊椎	4988487
run	4988486
playing	4988485
ロフト	4988484
money	4988483
休戦	4988482
空白	4988481
ライジング	4988480
チップス	4988479
思い切	4988478
董	4988477
マーウッド	4988476
ファール	4988475
かえって	4988474
ダンテ	4988473
代々	4988472
仁丶	4988471
暖房	4988470
仕入れ	4988469
昇格	4988468
side	4988467
去勢	4988466
とり	4988465
アイリング	4988464
蔓延	4988463
静けさ	4988462
クック	4988461
dj	4988460
彫	4988459
かぁ	4988458
アップグレード	4988457
転移	4988456
密度	4988455
批評	4988454
harris	4988453
ええっ	4988452
送り届け	4988451
ストライキ	4988450
兵力	4988449
ヒッチハイク	4988448
cmr	4988447
ビニール	4988446
jfk	4988445
甦	4988444
撃退	4988443
ダイヤル	4988442
子守り	4988441
目覚まし	4988440
引き継ぎ	4988439
当日	4988438
沈没	4988437
不可	4988436
fire	4988435
瀬川	4988434
発車	4988433
弁償	4988432
逃げ回	4988431
心変わり	4988430
目視	4988429
ヴラック	4988428
重圧	4988427
マチルダ	4988426
サマーズ	4988425
サンギル	4988424
サウジ	4988423
work	4988422
一人暮らし	4988421
打開	4988420
ハイル	4988419
ch	4988418
猟犬	4988417
サンワーキン	4988416
進捗	4988415
焼き殺	4988414
活用	4988413
備品	4988412
アーリア	4988411
someone	4988410
手違い	4988409
画廊	4988408
バリア	4988407
フィンケ	4988406
適正	4988405
move	4988404
見違え	4988403
隅々	4988402
クイル	4988401
モービュース	4988400
封	4988399
進出	4988398
殴れ	4988397
気圧	4988396
アドバイザー	4988395
制裁	4988394
ガース	4988393
ヤスミン	4988392
差し伸べ	4988391
腱	4988390
マトモ	4988389
エキサイティング	4988388
手分け	4988387
原理	4988386
所為	4988385
薔薇	4988384
あらあら	4988383
ディオン	4988382
紋章	4988381
バスタブ	4988380
染色	4988379
飼育	4988378
民兵	4988377
black	4988376
売り上げ	4988375
ギボンズ	4988374
ターミナル	4988373
vip	4988372
カリスマ	4988371
貴殿	4988370
自閉	4988369
糧	4988368
苗字	4988367
サンダース	4988366
褒め言葉	4988365
きっかり	4988364
代え	4988363
左折	4988362
闘争	4988361
オークランド	4988360
ペイジ	4988359
スウェーデン	4988358
sir	4988357
極悪	4988356
差し金	4988355
高額	4988354
知り	4988353
登山	4988352
変貌	4988351
剥奪	4988350
瘤	4988349
執筆	4988348
思いがけ	4988347
ジュネーブ	4988346
thought	4988345
見抜け	4988344
台本	4988343
ナンセンス	4988342
代弁	4988341
ケイリー	4988340
延ば	4988339
レズビアン	4988338
エイズ	4988337
じゃー	4988336
ロベルタ	4988335
モルモット	4988334
ロイス	4988333
ミスティ	4988332
呼び起こ	4988331
マイルス	4988330
くば	4988329
引き下が	4988328
beca	4988327
ジッと	4988326
昔々	4988325
衛	4988324
ソレ	4988323
ソトー	4988322
簿	4988321
不平	4988320
フィッツロイ	4988319
かなた	4988318
持ちだ	4988317
タコス	4988316
医薬	4988315
エラゴン	4988314
ロブスター	4988313
alive	4988312
来世	4988311
工具	4988310
梯子	4988309
南アフリカ	4988308
ノイズ	4988307
いまさら	4988306
昼飯	4988305
ブラ	4988304
飲み干	4988303
ニーベルング	4988302
半身	4988301
かあ	4988300
汽車	4988299
真っ赤	4988298
シミ	4988297
提携	4988296
しな	4988295
超越	4988294
plan	4988293
吸え	4988292
しっ	4988291
ホッブス	4988290
過大	4988289
アイアンマン	4988288
右足	4988287
シンガポール	4988286
広瀬	4988285
新入	4988284
オムレツ	4988283
兜	4988282
丈夫	4988281
恐縮	4988280
ディロン	4988279
アルゼンチン	4988278
柔軟	4988277
騒がし	4988276
繋ぎ	4988275
順次	4988274
芯	4988273
アシュリー	4988272
悪用	4988271
力学	4988270
カブール	4988269
衰弱	4988268
チャイム	4988267
グリア	4988266
コケ	4988265
留学	4988264
ベテラン	4988263
日出男	4988262
オーバートン	4988261
マグワイア	4988260
beautiful	4988259
ロックスター	4988258
熟練	4988257
ローラン	4988256
ハズレ	4988255
別件	4988254
ctu	4988253
妃	4988252
時差	4988251
フレッチャー	4988250
什	4988249
配給	4988248
ブロー	4988247
カルテ	4988246
ヘルプ	4988245
革新	4988244
順応	4988243
ケスラー	4988242
欠席	4988241
ヴォルム	4988240
後頭	4988239
解き	4988238
上がり	4988237
了承	4988236
囁	4988235
命名	4988234
引き渡し	4988233
チューイー	4988232
こめ	4988231
言い換え	4988230
ドラゴ	4988229
ステロイド	4988228
ラモーン	4988227
サミット	4988226
シド	4988225
境遇	4988224
狂犬	4988223
立ち去れ	4988222
ファイヤー	4988221
縁起	4988220
ホビット	4988219
配属	4988218
brother	4988217
尽力	4988216
放り投げ	4988215
飛び散	4988214
ヘンドリック	4988213
ハイジャック	4988212
宅配	4988211
サロン	4988210
糖尿	4988209
ロバートソン	4988208
教皇	4988207
ブレナー	4988206
ゴンドール	4988205
ブリジット	4988204
かけら	4988203
トーナメント	4988202
絡み	4988201
辞任	4988200
啓示	4988199
すり抜け	4988198
だし	4988197
商業	4988196
アベンジャーズ	4988195
ジェニーン	4988194
名詞	4988193
手洗い	4988192
オリオン	4988191
ディレイ	4988190
認定	4988189
模擬	4988188
オベリン	4988187
トゥ	4988186
フフフ	4988185
配列	4988184
恥ず	4988183
系列	4988182
適格	4988181
砲火	4988180
滅	4988179
ヤオ	4988178
キャー	4988177
ティック	4988176
占い	4988175
エニグマ	4988174
矿	4988173
マルヴォ	4988172
讃え	4988171
岩瀬	4988170
思わ	4988169
匿	4988168
ラムジー	4988167
講演	4988166
養育	4988165
撤去	4988164
フィンガー	4988163
待遇	4988162
ドコ	4988161
電球	4988160
hand	4988159
アウレリウス	4988158
真上	4988157
殉教	4988156
ジェニングス	4988155
尿	4988154
夏子	4988153
見本	4988152
メジャー	4988151
素	4988150
入れ歯	4988149
生き生き	4988148
追尾	4988147
true	4988146
another	4988145
ルーター	4988144
万能	4988143
エリン	4988142
スクラップ	4988141
血球	4988140
キャストリー	4988139
僧侶	4988138
遊べ	4988137
白髪	4988136
茂	4988135
新規	4988134
デーブ	4988133
精鋭	4988132
try	4988131
ケンタッキー	4988130
ゴールディ	4988129
寛容	4988128
トラッカー	4988127
巻き上げ	4988126
混ざ	4988125
ベジタリアン	4988124
守備	4988123
wonderful	4988122
へっ	4988121
下座	4988120
内気	4988119
irving	4988118
んっ	4988117
過失	4988116
合併	4988115
クリプトン	4988114
抑圧	4988113
フリース	4988112
drop	4988111
襟	4988110
好転	4988109
キャンペーン	4988108
奏者	4988107
口外	4988106
わー	4988105
アポ	4988104
口笛	4988103
カフェイン	4988102
バーティネリ	4988101
リボン	4988100
クルーガー	4988099
今宵	4988098
あのー	4988097
逃げ場	4988096
独りぼっち	4988095
無茶苦茶	4988094
聴聞	4988093
失恋	4988092
本社	4988091
へえー	4988090
スーパースター	4988089
海水	4988088
抗体	4988087
ベッカー	4988086
疎開	4988085
エウロパ	4988084
バティスタ	4988083
everybody	4988082
ジューン	4988081
ソマリア	4988080
波止場	4988079
殺し合い	4988078
医務	4988077
長所	4988076
押しかけ	4988075
クー	4988074
だくれ	4988073
巻き戻	4988072
異動	4988071
レミー	4988070
自国	4988069
たくまし	4988068
ウィンター	4988067
オルソン	4988066
廣	4988065
保有	4988064
冬眠	4988063
three	4988062
ポル	4988061
引き渡せ	4988060
出来上が	4988059
従事	4988058
ヒビ	4988057
メリン	4988056
見込	4988055
サムソン	4988054
ハア	4988053
マクシーン	4988052
判定	4988051
駆け落ち	4988050
原	4988049
綾	4988048
泣き言	4988047
sec	4988046
死傷	4988045
痛み止め	4988044
ヘラー	4988043
ふつう	4988042
屋内	4988041
飛び乗	4988040
ロバ	4988039
もて	4988038
ドーマー	4988037
金儲け	4988036
考古	4988035
きまり	4988034
日程	4988033
泣け	4988032
一環	4988031
ボンド	4988030
づつ	4988029
フェルナンド	4988028
つづけ	4988027
ジャレド	4988026
毎度	4988025
ケード	4988024
可	4988023
bellas	4988022
アディソン	4988021
患	4988020
喜ばし	4988019
エーテル	4988018
塗料	4988017
スリ	4988016
リスター	4988015
ケルト	4988014
すすめ	4988013
屈服	4988012
閲覧	4988011
優勢	4988010
戦力	4988009
インターン	4988008
内輪	4988007
ハルク	4988006
憶測	4988005
ェ	4988004
乾か	4988003
堅苦し	4988002
アイロン	4988001
相対	4988000
見渡	4987999
電機	4987998
jenko	4987997
ヘンドリックス	4987996
シェイク	4987995
フライド	4987994
ハーバー	4987993
紛争	4987992
寝坊	4987991
ピギー	4987990
瓦礫	4987989
yourself	4987988
hell	4987987
鉛筆	4987986
エイダン	4987985
少	4987984
フリーランサー	4987983
ステルス	4987982
元素	4987981
規範	4987980
精通	4987979
クエストリア	4987978
傍観	4987977
吉田	4987976
ボスニア	4987975
トメン	4987974
ケネディ	4987973
打撲	4987972
信奉	4987971
山積み	4987970
フラ	4987969
ーブど	4987968
ガウン	4987967
結束	4987966
学年	4987965
裁量	4987964
気象	4987963
ツール	4987962
後尾	4987961
心構え	4987960
市街	4987959
排出	4987958
フェデロフ	4987957
付け加え	4987956
ワイス	4987955
ゲッジ	4987954
ジャージ	4987953
クレル	4987952
ローマン	4987951
シリコン	4987950
新種	4987949
飢餓	4987948
イカれ	4987947
ゆすり	4987946
大喜び	4987945
グルーバー	4987944
付着	4987943
発覚	4987942
アルトマン	4987941
通達	4987940
沼地	4987939
嘔吐	4987938
六坂	4987937
いと	4987936
ドット	4987935
水晶	4987934
ミアリーン	4987933
ひっかか	4987932
happened	4987931
いちゃつ	4987930
クライン	4987929
サバイバル	4987928
揺さぶ	4987927
アーノルド	4987926
オーブン	4987925
マックィーン	4987924
うぜ	4987923
ソニー	4987922
差し迫	4987921
日中	4987920
刺し	4987919
まる	4987918
私的	4987917
イェーガー	4987916
オーバーロード	4987915
ファックス	4987914
ゲティスバーグ	4987913
待ち受け	4987912
wtc	4987911
プログラマー	4987910
顕微	4987909
国会	4987908
プラザ	4987907
はじめて	4987906
万引き	4987905
クセルクセス	4987904
方位	4987903
棺桶	4987902
ビューティー	4987901
寅管	4987900
ヤモリ	4987899
商談	4987898
分散	4987897
ツキ	4987896
道端	4987895
自棄	4987894
稼動	4987893
デミ	4987892
尾	4987891
教区	4987890
残留	4987889
セミナー	4987888
チームワーク	4987887
パワーズ	4987886
複合	4987885
ダイバー	4987884
加工	4987883
レスリング	4987882
用済み	4987881
場違い	4987880
オーグメント	4987879
ミット	4987878
洞穴	4987877
群集	4987876
しっぽ	4987875
リサーチ	4987874
素質	4987873
ちよつと	4987872
thinking	4987871
ココア	4987870
入金	4987869
スピン	4987868
ちょいと	4987867
募	4987866
マグヌッセン	4987865
イスカウト	4987864
さてお	4987863
オンス	4987862
ファイドー	4987861
検挙	4987860
奥方	4987859
言いつけ	4987858
ポセイドン	4987857
受け付け	4987856
筆跡	4987855
新米	4987854
やせ	4987853
同窓	4987852
荒廃	4987851
団地	4987850
略	4987849
dream	4987848
砂嵐	4987847
コーク	4987846
深度	4987845
可愛らし	4987844
装着	4987843
三十	4987842
ブラッドショー	4987841
hard	4987840
チャンドラー	4987839
資質	4987838
ユング	4987837
ラザロ	4987836
デンマーク	4987835
途切れ	4987834
ティエリー	4987833
戴冠	4987832
ラプンツェル	4987831
ガンマ	4987830
立ち直れ	4987829
循環	4987828
増大	4987827
機動	4987826
通勤	4987825
誇大	4987824
表向き	4987823
エクスタシー	4987822
アーネスト	4987821
毒性	4987820
密	4987819
前任	4987818
野営	4987817
新任	4987816
かみ	4987815
空調	4987814
ソング	4987813
ベッカ	4987812
元カノ	4987811
没頭	4987810
評論	4987809
ウル	4987808
隠滅	4987807
ヴェガス	4987806
まんまと	4987805
炭酸	4987804
取り囲	4987803
列席	4987802
騒々し	4987801
睨	4987800
出迎え	4987799
芝	4987798
畜生め	4987797
震盪	4987796
ぜんぶ	4987795
ローグ	4987794
比喩	4987793
サリヴァン	4987792
たどれ	4987791
恩返し	4987790
和	4987789
慕	4987788
馬鹿馬鹿し	4987787
有用	4987786
女々し	4987785
血縁	4987784
むつ	4987783
岩山	4987782
元夫	4987781
シンプソン	4987780
モーフ	4987779
ムッシュ	4987778
いー	4987777
ノーベル	4987776
ナンパ	4987775
予選	4987774
事柄	4987773
泣き	4987772
テラー	4987771
敗れ	4987770
truth	4987769
オウム	4987768
チュー	4987767
ほい	4987766
ちな	4987765
ゲージ	4987764
alone	4987763
流儀	4987762
看病	4987761
テレンス	4987760
ささげ	4987759
パル	4987758
else	4987757
木星	4987756
ツボ	4987755
ヤダ	4987754
前半	4987753
果たして	4987752
燃え上が	4987751
ブロア	4987750
law	4987749
明後日	4987748
戦時	4987747
漂流	4987746
ジョッシュ	4987745
自我	4987744
かかし	4987743
キャスト	4987742
ピカソ	4987741
たむろ	4987740
縮	4987739
フェントン	4987738
セクハラ	4987737
パンナム	4987736
全速	4987735
祝杯	4987734
納税	4987733
オカマ	4987732
残高	4987731
勿体	4987730
肥満	4987729
スーパーマン	4987728
わる	4987727
甥っ子	4987726
あばよ	4987725
城門	4987724
地理	4987723
ベデル	4987722
ルートヴィヒ	4987721
尾根	4987720
うんこ	4987719
own	4987718
スティ	4987717
のろま	4987716
狐	4987715
砂浜	4987714
fringe	4987713
敬礼	4987712
塀	4987711
リベラ	4987710
ペントハウス	4987709
タネ	4987708
卑し	4987707
刃物	4987706
か所	4987705
シャンプー	4987704
ずら	4987703
ミシシッピ	4987702
作為	4987701
ひとりだ	4987700
アルハラジ	4987699
独創	4987698
イジー	4987697
背骨	4987696
栓	4987695
皿洗い	4987694
エロ	4987693
ユン	4987692
zo	4987691
立ち会	4987690
ペンダント	4987689
わくわく	4987688
ファイアー	4987687
チラシ	4987686
金魚	4987685
ケニス	4987684
トウモロコシ	4987683
ステイン	4987682
フロー	4987681
申告	4987680
フェラ	4987679
フライア	4987678
とたん	4987677
涼し	4987676
story	4987675
ソク	4987674
作り直	4987673
村長	4987672
収獲	4987671
探し出せ	4987670
バーソロミュー	4987669
歩き	4987668
東洋	4987667
フィードラー	4987666
無論	4987665
復習	4987664
ちきゅう	4987663
調合	4987662
国内外	4987661
キル	4987660
デンディ	4987659
シックス	4987658
カ所	4987657
イマイチ	4987656
デービス	4987655
絞れ	4987654
ウェスリー	4987653
洒落	4987652
剃刀	4987651
人食い	4987650
てめぇ	4987649
イージー	4987648
条項	4987647
電圧	4987646
懐	4987645
結集	4987644
野望	4987643
不屈	4987642
なだめ	4987641
ラモーナ	4987640
変革	4987639
においで	4987638
イヤリング	4987637
冠	4987636
cause	4987635
シマー	4987634
トゥービア	4987633
アルバカーキ	4987632
へい	4987631
垣	4987630
左足	4987629
war	4987628
駆動	4987627
淋し	4987626
ガラガラ	4987625
奥底	4987624
クイズ	4987623
可哀相	4987622
ニンジャ	4987621
著者	4987620
つぎ込	4987619
捜し出	4987618
船乗り	4987617
支障	4987616
休養	4987615
有権	4987614
黒んぼ	4987613
戸惑	4987612
仮装	4987611
クラフト	4987610
精密	4987609
olaf	4987608
ヴェルコロ	4987607
閃光	4987606
ご免	4987605
サタン	4987604
デネリス	4987603
あした	4987602
かくれんぼ	4987601
ファイアーズ	4987600
おいっ	4987599
博学	4987598
saw	4987597
役だ	4987596
混じ	4987595
疲労	4987594
流し	4987593
糸口	4987592
king	4987591
today	4987590
食べろ	4987589
うか	4987588
ナイジ	4987587
たくら	4987586
マンガ	4987585
マンゴー	4987584
彷徨	4987583
極め	4987582
仏教	4987581
サンシャイン	4987580
ぶちまけ	4987579
シャフト	4987578
ロッカビー	4987577
完治	4987576
烏	4987575
宴会	4987574
燃やせ	4987573
フォロー	4987572
子馬	4987571
もうけ	4987570
ヘーガン	4987569
セブン	4987568
ザイオン	4987567
アクス	4987566
立ち上がれ	4987565
特哥	4987564
地平	4987563
徘徊	4987562
说	4987561
コーブル	4987560
アンキロ	4987559
描写	4987558
おめえ	4987557
テーセウス	4987556
築き上げ	4987555
フナー	4987554
ルネ	4987553
代行	4987552
トゥルー	4987551
キャン	4987550
株価	4987549
信条	4987548
置き場	4987547
一覧	4987546
チッ	4987545
掻	4987544
抱っこ	4987543
遮	4987542
取りかか	4987541
概要	4987540
精液	4987539
ヒズボラ	4987538
ドラキ	4987537
かき集め	4987536
アナンジオ	4987535
一千	4987534
引き出せ	4987533
つまず	4987532
トムソン	4987531
found	4987530
宝探し	4987529
塗装	4987528
パブロ	4987527
闘え	4987526
バーカー	4987525
吹き抜け	4987524
取り外	4987523
寄り道	4987522
こっち側	4987521
開示	4987520
賛辞	4987519
獣医	4987518
獲	4987517
すっげ	4987516
丶ぁ	4987515
こぼれ	4987514
グレイス	4987513
ゴーグル	4987512
mc	4987511
戦線	4987510
话	4987509
isi	4987508
前夜	4987507
個々	4987506
林檎	4987505
月面	4987504
レティ	4987503
チェンジ	4987502
アンディー	4987501
メン	4987500
斎	4987499
混血	4987498
即興	4987497
アンジェロ	4987496
四方	4987495
ブリエン	4987494
襲来	4987493
究明	4987492
かじ	4987491
ピック	4987490
わしら	4987489
断固	4987488
hello	4987487
ウマ	4987486
張り	4987485
クレージー	4987484
兄妹	4987483
補強	4987482
夏休み	4987481
おかけ	4987480
強情	4987479
モンタナ	4987478
錯覚	4987477
人里	4987476
ハァッ	4987475
コラ	4987474
アスラン	4987473
ふぅ	4987472
婚姻	4987471
あやま	4987470
願い事	4987469
言い寄	4987468
明瞭	4987467
あらそう	4987466
ファラオ	4987465
スケート	4987464
マイロ	4987463
洗え	4987462
gether	4987461
クァース	4987460
釘付け	4987459
コスチューム	4987458
菫	4987457
レイフ	4987456
色男	4987455
グロック	4987454
聖水	4987453
マウント	4987452
矯正	4987451
特異	4987450
レヴィン	4987449
ptsd	4987448
はぐ	4987447
ピクルス	4987446
同業	4987445
欠かせ	4987444
水準	4987443
サロー	4987442
暴落	4987441
朗報	4987440
大工	4987439
ターミネーター	4987438
かすり傷	4987437
high	4987436
オウ	4987435
happen	4987434
速報	4987433
ハミッド	4987432
あぶな	4987431
ぐずぐず	4987430
貸金庫	4987429
奇麗	4987428
妻子	4987427
jp	4987426
老婆	4987425
ニュージーランド	4987424
land	4987423
合同	4987422
人参	4987421
塗り	4987420
アルビー	4987419
智彦	4987418
ディアス	4987417
バーナー	4987416
moment	4987415
ポン	4987414
呉	4987413
消火	4987412
可哀そう	4987411
チック	4987410
ディスコ	4987409
分担	4987408
ヨーク	4987407
でっちあげ	4987406
自衛	4987405
王雪	4987404
創作	4987403
規約	4987402
競	4987401
丁重	4987400
改め	4987399
霊能	4987398
セリア	4987397
ハッサン	4987396
パイナップル	4987395
近衛	4987394
パッド	4987393
悪行	4987392
ハイド	4987391
本格	4987390
必須	4987389
琶	4987388
体型	4987387
押し出	4987386
航路	4987385
タンタン	4987384
ハドック	4987383
嘆願	4987382
思い込み	4987381
春休み	4987380
名乗り	4987379
ブラヴォス	4987378
ｰ	4987377
だか	4987376
ゴン	4987375
ミントン	4987374
聴覚	4987373
言い切れ	4987372
ユニフォーム	4987371
ドリーン	4987370
襲いかか	4987369
ティーレックス	4987368
change	4987367
door	4987366
アタック	4987365
年長	4987364
ルス	4987363
うなされ	4987362
なる	4987361
帝王	4987360
talking	4987359
ミスティック	4987358
喘息	4987357
どお	4987356
クロマティ	4987355
ラース	4987354
息抜き	4987353
悪し	4987352
逆さま	4987351
秋穂	4987350
気づき	4987349
短期	4987348
町長	4987347
渦	4987346
デビュー	4987345
キズ	4987344
首脳	4987343
ナターリヤ	4987342
ハニ	4987341
扇動	4987340
ラーキン	4987339
着席	4987338
分岐	4987337
うなり声	4987336
アニキ	4987335
散ら	4987334
づ	4987333
アンヌ	4987332
名札	4987331
綿密	4987330
鎮め	4987329
男前	4987328
純真	4987327
病欠	4987326
ボイラー	4987325
土壌	4987324
差し込	4987323
フォージ	4987322
ホフ	4987321
フェスティバル	4987320
fine	4987319
強固	4987318
たちなら	4987317
ローフ	4987316
ナルニア	4987315
取りつ	4987314
唾液	4987313
面目	4987312
応募	4987311
ジェサップ	4987310
預かり	4987309
取り逃が	4987308
アイリッシュ	4987307
アルメニア	4987306
辞退	4987305
赤字	4987304
地表	4987303
もぅ	4987302
ブチ	4987301
空虚	4987300
縁組	4987299
キャラ	4987298
バルシル	4987297
抜刀	4987296
見做	4987295
jr	4987294
違和	4987293
充実	4987292
気がかり	4987291
墓穴	4987290
幸庵	4987289
フリーズ	4987288
無名	4987287
以後	4987286
左利き	4987285
釣籠	4987284
朧	4987283
とりつ	4987282
心中	4987281
遠回り	4987280
ストロー	4987279
脱落	4987278
一角	4987277
ラプター	4987276
モーファ	4987275
現われ	4987274
恐る	4987273
ジェイムス	4987272
ムキ	4987271
ウォルダー	4987270
os	4987269
あァ	4987268
ネイル	4987267
ギリー	4987266
ｄｃ	4987265
思惑	4987264
迎え入れ	4987263
ケイド	4987262
好まし	4987261
安ら	4987260
fall	4987259
他所	4987258
段取り	4987257
追い回	4987256
ラーウィ	4987255
しまえ	4987254
義足	4987253
手書き	4987252
係り	4987251
予報	4987250
公然	4987249
栄え	4987248
リーディス	4987247
決行	4987246
話さ	4987245
呼びだ	4987244
参列	4987243
メロン	4987242
公的	4987241
safe	4987240
ホルダー	4987239
木戸	4987238
生じ	4987237
金星	4987236
銃殺	4987235
ヨゴロ	4987234
かも	4987233
入れ替え	4987232
人的	4987231
ジャンク	4987230
ロミス	4987229
合金	4987228
モロッコ	4987227
lot	4987226
アルタ	4987225
ジョージタウン	4987224
best	4987223
代り	4987222
抜け道	4987221
吐け	4987220
behind	4987219
執務	4987218
テラス	4987217
デックス	4987216
ビグロー	4987215
ユニオン	4987214
ランドリー	4987213
ファイゼル	4987212
獰猛	4987211
吸入	4987210
食べれ	4987209
ノーマ	4987208
手早	4987207
ティースンス	4987206
無言	4987205
ロサ	4987204
呼び出せ	4987203
シルヴィア	4987202
くらま	4987201
ハンガー	4987200
枠	4987199
成れ	4987198
蒸発	4987197
高齢	4987196
セール	4987195
黒川	4987194
超人	4987193
脱線	4987192
こじ開け	4987191
機構	4987190
プラハ	4987189
爆風	4987188
looking	4987187
家業	4987186
受か	4987185
売上	4987184
マペット	4987183
コウモリ	4987182
巨額	4987181
有様	4987180
買い取	4987179
碑	4987178
フォールズ	4987177
ぶっ壊	4987176
ra	4987175
昇給	4987174
瞬き	4987173
ウィレム	4987172
詰めろ	4987171
請負	4987170
材	4987169
気力	4987168
因果	4987167
wand	4987166
スクーター	4987165
クエンティン	4987164
らせ	4987163
他界	4987162
陰性	4987161
クーン	4987160
陽性	4987159
切り上げ	4987158
时	4987157
モグラ	4987156
孵化	4987155
たばこ	4987154
バイオレット	4987153
報奨	4987152
看	4987151
フレズノ	4987150
ルーメン	4987149
さえずり	4987148
下痢	4987147
帰ら	4987146
日暮れ	4987145
ホセ	4987144
利害	4987143
武	4987142
大して	4987141
ドロ	4987140
着飾	4987139
word	4987138
オシップ	4987137
誘い込	4987136
オーディン	4987135
修行	4987134
関谷	4987133
流星	4987132
少量	4987131
ジェニン	4987130
上映	4987129
再選	4987128
ひねくれ	4987127
給与	4987126
著	4987125
出廷	4987124
ケチャップ	4987123
脳内	4987122
ポーリン	4987121
ヴォス	4987120
ドバイ	4987119
他言	4987118
コレクター	4987117
浴槽	4987116
天文	4987115
おしゃれ	4987114
貝	4987113
パンフレット	4987112
マドンナ	4987111
リナ	4987110
ブロンズ	4987109
偉業	4987108
渡れ	4987107
ゴメス	4987106
イエッサー	4987105
ぶっちゃけ	4987104
飛び越え	4987103
送りつけ	4987102
質屋	4987101
よほど	4987100
執念	4987099
ジーク	4987098
リアン	4987097
アリスター	4987096
american	4987095
チャラ	4987094
牛耳	4987093
塗り替え	4987092
モサド	4987091
あさって	4987090
しかた	4987089
エーブル	4987088
瞬時	4987087
ナス	4987086
ザマーニ	4987085
全焼	4987084
たわ言	4987083
先制	4987082
スールー	4987081
ジャガー	4987080
曼	4987079
ベンソン	4987078
投薬	4987077
ヴァリリア	4987076
はぐらか	4987075
どく	4987074
マリンズ	4987073
ウォレン	4987072
ハープ	4987071
炭鉱	4987070
給仕	4987069
壁画	4987068
落着	4987067
オズワルド	4987066
アジト	4987065
grunting	4987064
アルヴィー	4987063
何色	4987062
バンパイア	4987061
アメフト	4987060
駐留	4987059
カ国	4987058
あま	4987057
ゴンザレス	4987056
特捜	4987055
掘削	4987054
戸棚	4987053
ファイア	4987052
年少	4987051
皇	4987050
ポルトガル	4987049
はしゃ	4987048
露出	4987047
ドグ	4987046
直線	4987045
刺殺	4987044
倒錯	4987043
无	4987042
準	4987041
うわあ	4987040
あご	4987039
小磯	4987038
リハ	4987037
一人一人	4987036
エゴ	4987035
ドゥークー	4987034
伯母	4987033
潜り込	4987032
エネジャイズ	4987031
復興	4987030
パテル	4987029
ステゴ	4987028
ガンレイ	4987027
dota	4987026
スジーマンスキー	4987025
スクランブル	4987024
アッパー	4987023
撃ち合い	4987022
ガーフィールド	4987021
ファレル	4987020
毛髪	4987019
幸せよ	4987018
眩し	4987017
調教	4987016
荒っぽ	4987015
自暴	4987014
ウエル	4987013
こわ	4987012
レスラー	4987011
クッション	4987010
タヒチ	4987009
大笑い	4987008
球体	4987007
稽古	4987006
懸け	4987005
統率	4987004
芸	4987003
プリンストン	4987002
こす	4987001
サーキ	4987000
ダインディ	4986999
ゴル	4986998
生地	4986997
猛烈	4986996
rachel	4986995
ルダース	4986994
ジェスロ	4986993
オプション	4986992
ランダル	4986991
レイズ	4986990
亀	4986989
毛深	4986988
入れ替わ	4986987
マリン	4986986
同棲	4986985
口調	4986984
実証	4986983
バックス	4986982
法人	4986981
次官	4986980
やや	4986979
オッ	4986978
遣わ	4986977
part	4986976
生計	4986975
星座	4986974
welcome	4986973
教員	4986972
シロップ	4986971
取り消し	4986970
レノルズ	4986969
密接	4986968
つね	4986967
返品	4986966
不測	4986965
船団	4986964
山羊	4986963
失脚	4986962
めちゃ	4986961
移転	4986960
道連れ	4986959
whole	4986958
comes	4986957
特注	4986956
安藤	4986955
ゲリラ	4986954
釈明	4986953
だんな	4986952
ニセモノ	4986951
羊飼い	4986950
分け合	4986949
廷吏	4986948
商	4986947
crazy	4986946
自主	4986945
数々	4986944
弾倉	4986943
北方	4986942
carmine	4986941
物騒	4986940
モップ	4986939
欠如	4986938
西暦	4986937
知道	4986936
wow	4986935
ランジェリー	4986934
シェークスピア	4986933
前払い	4986932
輩	4986931
さっそく	4986930
入会	4986929
空振り	4986928
急用	4986927
ギャリー	4986926
芝刈り	4986925
マーマレード	4986924
ナッシュ	4986923
自問	4986922
マッキントッシュ	4986921
スチュワート	4986920
算数	4986919
古里	4986918
わめ	4986917
バフィー	4986916
ジェイミ	4986915
おも	4986914
キモイ	4986913
ポウン	4986912
無一文	4986911
いち	4986910
ダンナ	4986909
夕美	4986908
黒板	4986907
出場	4986906
很	4986905
エルサ	4986904
蛍光	4986903
幸	4986902
クィーンズ	4986901
ニコルズ	4986900
しわざ	4986899
人影	4986898
さまざま	4986897
反則	4986896
亡者	4986895
マッカーシー	4986894
cat	4986893
ランスロット	4986892
実用	4986891
シュレイダー	4986890
ウィンタース	4986889
ジョ	4986888
ヨセフ	4986887
片づ	4986886
吉	4986885
マレー	4986884
ダルトン	4986883
堀	4986882
レインボー	4986881
多忙	4986880
スキッパー	4986879
チタン	4986878
形状	4986877
上部	4986876
埋もれ	4986875
大門	4986874
締め切り	4986873
じゃまた	4986872
尖	4986871
緩和	4986870
こっちゃ	4986869
兼ね	4986868
touch	4986867
ジェンキンス	4986866
老け	4986865
ブローチ	4986864
hmm	4986863
ウェディング	4986862
モンキー	4986861
後回し	4986860
汚点	4986859
細心	4986858
ヴァージニア	4986857
セイザー	4986856
リリィ	4986855
虜	4986854
密閉	4986853
発令	4986852
マフィン	4986851
ろうそく	4986850
ムチ	4986849
blood	4986848
一層	4986847
等級	4986846
晩飯	4986845
チェチェン	4986844
両足	4986843
市会	4986842
痛まし	4986841
カレッジ	4986840
即時	4986839
バーカ	4986838
明快	4986837
巷	4986836
テッセラクト	4986835
タース	4986834
真っ白	4986833
ゴルド	4986832
おびき出	4986831
シンガー	4986830
ノルド	4986829
hyd	4986828
ベール	4986827
猟	4986826
引っ張り	4986825
オーイ	4986824
年老い	4986823
直撃	4986822
こんち	4986821
青色	4986820
ヒーター	4986819
ブッチャー	4986818
ズック	4986817
別物	4986816
公子	4986815
減圧	4986814
短縮	4986813
better	4986812
すが	4986811
ヒックス	4986810
セダン	4986809
笑い事	4986808
右利き	4986807
フラック	4986806
キチンと	4986805
ペースメーカー	4986804
モナコ	4986803
セロ	4986802
あなたね	4986801
予見	4986800
トロント	4986799
上下	4986798
ヘンダーソン	4986797
トーン	4986796
抵当	4986795
かゆ	4986794
ミネラル	4986793
为	4986792
ヤンキー	4986791
ツイッター	4986790
部位	4986789
ニンジン	4986788
とことん	4986787
割引	4986786
モタモタ	4986785
隠ぺい	4986784
ダディ	4986783
野原	4986782
隊列	4986781
アクバル	4986780
発注	4986779
大晦日	4986778
上回	4986777
散髪	4986776
ミュージック	4986775
汚らわし	4986774
一筋	4986773
怠け	4986772
コンパス	4986771
インストール	4986770
グエン	4986769
噂話	4986768
ちゃま	4986767
さす	4986766
オリヴィエ	4986765
あらすじ	4986764
ゆきえ	4986763
ハードウェア	4986762
言い残	4986761
パートリッジ	4986760
ゲーマー	4986759
地形	4986758
やー	4986757
店舗	4986756
マルベリー	4986755
スラッシュ	4986754
いかがわし	4986753
祖父母	4986752
トーラス	4986751
先決	4986750
ベーグル	4986749
領地	4986748
コーテキシ	4986747
見過ごせ	4986746
噴水	4986745
おやつ	4986744
運送	4986743
チェサニ	4986742
サントス	4986741
マグロ	4986740
逃げれ	4986739
夜空	4986738
横柄	4986737
周年	4986736
意欲	4986735
カリブ	4986734
特典	4986733
ファッカー	4986732
療養	4986731
辞儀	4986730
マンダリン	4986729
アーリントン	4986728
明るみ	4986727
mis	4986726
何歳	4986725
コールマン	4986724
高熱	4986723
アナウンス	4986722
壷蒙	4986721
実体	4986720
ぽせい	4986719
治験	4986718
代議	4986717
アンドリュース	4986716
パイン	4986715
セイ	4986714
薄汚	4986713
あえ	4986712
肘	4986711
っから	4986710
水銀	4986709
生け贄	4986708
叩け	4986707
逃げ出せ	4986706
韓	4986705
創り出	4986704
ヨン	4986703
隠れ蓑	4986702
mo	4986701
タミヤ	4986700
携わ	4986699
乗り気	4986698
代謝	4986697
超常	4986696
寿司	4986695
入居	4986694
番犬	4986693
順序	4986692
木材	4986691
クリントン	4986690
ローソン	4986689
漁	4986688
協調	4986687
飼い主	4986686
政界	4986685
バンブ	4986684
rangers	4986683
内面	4986682
オズボーン	4986681
メンテナンス	4986680
ヴィカス	4986679
読み取	4986678
切り離せ	4986677
必需	4986676
スナッチャー	4986675
行軍	4986674
ケヴィン	4986673
カブ	4986672
りんご	4986671
ミカ	4986670
局員	4986669
ソックス	4986668
ゲス	4986667
救護	4986666
ステファノ	4986665
バビロン	4986664
バクスター	4986663
加熱	4986662
袖	4986661
雑談	4986660
皮質	4986659
寄り	4986658
エミー	4986657
ホールド	4986656
ターミナス	4986655
悪役	4986654
蛙	4986653
うろたえ	4986652
近々	4986651
チョップ	4986650
切り捨て	4986649
まじない	4986648
積み重ね	4986647
なしか	4986646
いびき	4986645
シラフ	4986644
たっ	4986643
けんか	4986642
ウィンターズ	4986641
突起	4986640
懸か	4986639
million	4986638
敷物	4986637
シェリントン	4986636
モーモント	4986635
未樹	4986634
連れだ	4986633
粒	4986632
選出	4986631
まばたき	4986630
ギ	4986629
シンディー	4986628
言いなり	4986627
しわ	4986626
対峙	4986625
討	4986624
クラリサ	4986623
ur	4986622
ナディア	4986621
入室	4986620
コクラン	4986619
ライル	4986618
スカンク	4986617
コテュス	4986616
闔	4986615
キラキラ	4986614
nation	4986613
ポーズ	4986612
掘り下げ	4986611
長け	4986610
幻影	4986609
ボコボコ	4986608
優等	4986607
オアン	4986606
ウィスコンシン	4986605
ロベルト	4986604
pretty	4986603
イカサマ	4986602
トライタック	4986601
mri	4986600
サイレント	4986599
与三	4986598
殴り殺	4986597
ハッパ	4986596
スクレ	4986595
知れんが	4986594
カラカス	4986593
ちよっ	4986592
彡	4986591
宮廷	4986590
大儲け	4986589
レジーナ	4986588
全土	4986587
地質	4986586
sven	4986585
銃口	4986584
憤慨	4986583
くすね	4986582
流通	4986581
金玉	4986580
シャーリー	4986579
ピ	4986578
尽	4986577
眼球	4986576
トラジ	4986575
マンコ	4986574
スナート	4986573
ハリエット	4986572
直し	4986571
下宿	4986570
リフト	4986569
ブレーク	4986568
ウン	4986567
ヤペテ	4986566
生前	4986565
フェロモン	4986564
飛ばせ	4986563
伝書	4986562
フィット	4986561
統一郎	4986560
痣	4986559
ピンチ	4986558
エブリ	4986557
幼馴染	4986556
ヘイワード	4986555
引き戻	4986554
トライアド	4986553
かす	4986552
容認	4986551
マスタード	4986550
赤軍	4986549
馴染	4986548
ｌａ	4986547
盆	4986546
講師	4986545
フレッシュ	4986544
見回り	4986543
sf	4986542
tried	4986541
勇まし	4986540
活力	4986539
競馬	4986538
デュバル	4986537
大垣	4986536
目線	4986535
ゾ	4986534
串	4986533
口先	4986532
腕利き	4986531
いにしえ	4986530
ヒノキオ	4986529
ブランコ	4986528
ブライト	4986527
上物	4986526
トック	4986525
バックマン	4986524
phone	4986523
ヴィク	4986522
care	4986521
公立	4986520
黒ひげ	4986519
前歴	4986518
マジメ	4986517
滑らか	4986516
ずる賢	4986515
器官	4986514
professor	4986513
アスター	4986512
あや	4986511
finally	4986510
一文	4986509
まー	4986508
懲戒	4986507
シマ	4986506
カテゴリー	4986505
熟	4986504
カササギ	4986503
オフレコ	4986502
動向	4986501
合致	4986500
白昼	4986499
県	4986498
youtube	4986497
病歴	4986496
ペスト	4986495
フィスク	4986494
祝日	4986493
ベータ	4986492
拝借	4986491
持ち合わせ	4986490
クラッチ	4986489
ゾッと	4986488
タイロン	4986487
ブダペスト	4986486
ニックネーム	4986485
重視	4986484
教養	4986483
つかれ	4986482
義弟	4986481
哀れみ	4986480
花屋	4986479
ライム	4986478
渡瀬	4986477
フローレンス	4986476
通りかか	4986475
虫けら	4986474
次男	4986473
筒	4986472
ファシスト	4986471
中途	4986470
大脳	4986469
寝ぼけ	4986468
硝酸	4986467
零	4986466
代われ	4986465
took	4986464
なァ	4986463
dark	4986462
ラオス	4986461
重度	4986460
たいかい	4986459
ユタ	4986458
チャイナタウン	4986457
名乗れ	4986456
帆	4986455
均衡	4986454
自称	4986453
ｕ	4986452
ズタズタ	4986451
ms	4986450
ic	4986449
駐在	4986448
モレッティ	4986447
実態	4986446
てんかん	4986445
物乞い	4986444
ジェファーソン	4986443
忌	4986442
ポーリーン	4986441
強靭	4986440
古風	4986439
裸足	4986438
プロトタイプ	4986437
封じ	4986436
show	4986435
返却	4986434
アロンゾ	4986433
継母	4986432
ハノーヴァー	4986431
配偶	4986430
ワーカー	4986429
考案	4986428
到底	4986427
阻	4986426
わお	4986425
睾	4986424
不信	4986423
コンロン	4986422
伸ばせ	4986421
閤	4986420
付き人	4986419
potter	4986418
オスマン	4986417
牛肉	4986416
主君	4986415
シャムウェイ	4986414
軽視	4986413
凝固	4986412
シューズ	4986411
合唱	4986410
起業	4986409
ハンセン	4986408
ポーター	4986407
ワックス	4986406
忘れ去	4986405
配布	4986404
サンドウィッチ	4986403
キャラハン	4986402
隊形	4986401
キープ	4986400
エミル	4986399
建	4986398
札束	4986397
点灯	4986396
フム	4986395
アナベス	4986394
ウィンドウ	4986393
怒れ	4986392
ソーヤー	4986391
ドリュー	4986390
不眠	4986389
はな	4986388
たすけ	4986387
生態	4986386
スポルディング	4986385
マスタング	4986384
ラミレス	4986383
クセン	4986382
由	4986381
誉め	4986380
リクエスト	4986379
アブラ	4986378
望遠	4986377
不変	4986376
素晴し	4986375
遺灰	4986374
カーバー	4986373
ウイン	4986372
結び付け	4986371
議題	4986370
収納	4986369
大義	4986368
誘い出	4986367
無邪気	4986366
チャペル	4986365
錆び	4986364
局面	4986363
killed	4986362
現行	4986361
誇れ	4986360
逸	4986359
パニク	4986358
首尾	4986357
接着	4986356
帯び	4986355
レジナルド	4986354
カロリー	4986353
mit	4986352
辞表	4986351
カビ	4986350
下っ端	4986349
ジャ	4986348
探し回	4986347
試せ	4986346
此所	4986345
おぞまし	4986344
トル	4986343
フィジー	4986342
胴体	4986341
没	4986340
ｇｐｓ	4986339
バズ	4986338
舎	4986337
バイタル	4986336
さかのぼ	4986335
ラディン	4986334
いっそ	4986333
設け	4986332
急襲	4986331
落ちぶれ	4986330
申し込み	4986329
ローラー	4986328
アーリン	4986327
まと	4986326
ずうずうし	4986325
セメント	4986324
スマッシュ	4986323
knew	4986322
煽	4986321
スクープ	4986320
ポリシー	4986319
某	4986318
fansub	4986317
抜か	4986316
ポリス	4986315
カッター	4986314
旧姓	4986313
きけ	4986312
脊髄	4986311
滑稽	4986310
ライカーズ	4986309
ドキュメンタリー	4986308
見立て	4986307
しらふ	4986306
キングスマン	4986305
words	4986304
しつけ	4986303
タカ	4986302
パイプライン	4986301
ぶら下が	4986300
思い浮か	4986299
分断	4986298
情勢	4986297
圧縮	4986296
洗い流	4986295
裂傷	4986294
レノックス	4986293
窒素	4986292
ゴタゴタ	4986291
乗っ	4986290
最寄り	4986289
バール	4986288
チアリーダー	4986287
まぐれ	4986286
催し	4986285
墨	4986284
デンバー	4986283
連帯	4986282
試着	4986281
よーく	4986280
吹け	4986279
クリスティーン	4986278
紛れ込	4986277
こんちわ	4986276
題	4986275
片思い	4986274
クリスト	4986273
厨房	4986272
噴射	4986271
時給	4986270
ブラックジャック	4986269
当惑	4986268
タリン	4986267
危惧	4986266
粉飾	4986265
色あせ	4986264
ケー	4986263
ベンダー	4986262
ケンジ	4986261
エレイン	4986260
航星	4986259
遺品	4986258
iq	4986257
配下	4986256
忍	4986255
作者	4986254
fr	4986253
ちび	4986252
ヴィクトル	4986251
咎め	4986250
下僕	4986249
コペンハーゲン	4986248
すっ	4986247
面前	4986246
use	4986245
抱き合	4986244
ss	4986243
モルガン	4986242
望まし	4986241
難問	4986240
パーフェクト	4986239
ヘァ	4986238
命乞い	4986237
逃避	4986236
太古	4986235
おら	4986234
貴君	4986233
クレメンタイン	4986232
カールトン	4986231
ヘルム	4986230
ビーグル	4986229
クリスピー	4986228
華麗	4986227
測量	4986226
マービン	4986225
虚偽	4986224
乱闘	4986223
山犬	4986222
兆	4986221
降りかか	4986220
題名	4986219
ははは	4986218
ハイゼンベルク	4986217
アルバレス	4986216
増幅	4986215
平民	4986214
浸か	4986213
差し支え	4986212
前面	4986211
官邸	4986210
ちきしょう	4986209
太鼓	4986208
ろー	4986207
怪人	4986206
アルバイト	4986205
スティービー	4986204
開けれ	4986203
身勝手	4986202
籠	4986201
レオナ	4986200
何物	4986199
なにしろ	4986198
楽譜	4986197
ふけ	4986196
トレス	4986195
ゾウ	4986194
ウッドリュー	4986193
速力	4986192
私ドン	4986191
インプラント	4986190
右折	4986189
たっくん	4986188
ハマー	4986187
モット	4986186
謹慎	4986185
ベイリー	4986184
ひね	4986183
近代	4986182
ルーフ	4986181
レーサー	4986180
叫べ	4986179
だらしな	4986178
祈祷	4986177
冷血	4986176
ぶん	4986175
虐め	4986174
アプローチ	4986173
yayoi	4986172
アイサ	4986171
常用	4986170
エキスパート	4986169
打ち切	4986168
鍛錬	4986167
うぅ	4986166
挿	4986165
ハラー	4986164
ケイル	4986163
ホロウェイ	4986162
いじめっ子	4986161
モロゾフ	4986160
歩哨	4986159
ギャラ	4986158
シアン	4986157
エレ	4986156
追い越	4986155
友愛	4986154
goes	4986153
反動	4986152
ワイズマン	4986151
ゴット	4986150
drip	4986149
マリッサ	4986148
ニンニク	4986147
クラウディア	4986146
沖縄	4986145
憲兵	4986144
庭園	4986143
セルジオ	4986142
見送り	4986141
上腕	4986140
シベリア	4986139
スキップ	4986138
ガスリー	4986137
様式	4986136
禁物	4986135
殺し合	4986134
的確	4986133
変異体	4986132
管区	4986131
かわいこ	4986130
es	4986129
ギャンビット	4986128
ニーマン	4986127
頻度	4986126
安泰	4986125
到来	4986124
くすぐった	4986123
つべこべ	4986122
アレイ	4986121
積み込	4986120
プロメテウス	4986119
家事	4986118
クルーザー	4986117
もてな	4986116
堅物	4986115
燐	4986114
ロスト	4986113
始終	4986112
薬漬け	4986111
デュヴァル	4986110
発案	4986109
下山	4986108
下見	4986107
飲物	4986106
マレフィセント	4986105
垂れ	4986104
ブレイディ	4986103
修士	4986102
ポン引き	4986101
温ま	4986100
イヴェット	4986099
ぎりぎり	4986098
パッチ	4986097
炎症	4986096
奇遇	4986095
戦地	4986094
取調室	4986093
曰く	4986092
純度	4986091
はら	4986090
年度	4986089
反映	4986088
コースター	4986087
冒せ	4986086
ダイナマイト	4986085
アイスランド	4986084
手立て	4986083
身辺	4986082
治め	4986081
渋	4986080
込み	4986079
ささい	4986078
ウィット	4986077
埠頭	4986076
精力	4986075
ヒップ	4986074
踏みつけ	4986073
ションベン	4986072
収拾	4986071
ザッカー	4986070
ａｔｏｍ	4986069
未婚	4986068
アラビア	4986067
舵	4986066
発散	4986065
公認	4986064
失敬	4986063
ドライ	4986062
仕官	4986061
ｎｐ	4986060
外し	4986059
半日	4986058
防空	4986057
カミソリ	4986056
査定	4986055
david	4986054
ルーギー	4986053
ウィンド	4986052
講	4986051
網膜	4986050
サビ	4986049
省略	4986048
アラゴルン	4986047
告げ口	4986046
タロー	4986045
ネー	4986044
羞	4986043
ﾚｲﾁｪﾙ	4986042
性別	4986041
深海	4986040
グーグル	4986039
gonta	4986038
庇護	4986037
潮時	4986036
ncis	4986035
テレパス	4986034
val	4986033
テロット	4986032
elsa	4986031
歩行	4986030
インターセプト	4986029
エーカー	4986028
オーギュスティーヌ	4986027
火力	4986026
er	4986025
堕ちろ	4986024
オリィ	4986023
微笑み	4986022
グローバー	4986021
嗅ぎ回	4986020
打ち勝	4986019
聖母	4986018
噴火	4986017
fly	4986016
布団	4986015
ブルーベリー	4986014
イド	4986013
麟	4986012
なじ	4986011
エイト	4986010
浴	4986009
水上	4986008
しぶと	4986007
ボクス	4986006
open	4986005
ペイン	4986004
朝鮮	4986003
プレゼン	4986002
人斬り	4986001
フレドリ	4986000
くそ野郎	4985999
ばら	4985998
遺憾	4985997
熱中	4985996
個室	4985995
くれぐれ	4985994
ウォバシュ	4985993
アーッ	4985992
ブレイ	4985991
トラベラー	4985990
ドゥーガン	4985989
拭き取	4985988
ヒモ	4985987
畳	4985986
いちばん	4985985
自惚れ	4985984
ケンブリッジ	4985983
挿入	4985982
クープ	4985981
所得	4985980
補償	4985979
特製	4985978
武士	4985977
朽ち	4985976
粘土	4985975
ヴァージル	4985974
モスク	4985973
シンク	4985972
anyone	4985971
悪趣味	4985970
クロード	4985969
バニラ	4985968
範子	4985967
シーム	4985966
コルト	4985965
以	4985964
デジャー	4985963
バリ	4985962
項	4985961
コスプレ	4985960
スライス	4985959
後押し	4985958
グルグル	4985957
奪い去	4985956
キーボード	4985955
ヘドロ	4985954
宮	4985953
which	4985952
スティルス	4985951
気合	4985950
っぽっち	4985949
入り江	4985948
仮想	4985947
二番	4985946
ノリス	4985945
scpd	4985944
華やか	4985943
morning	4985942
ナイブス	4985941
ゴロゴロ	4985940
じじい	4985939
プライヤー	4985938
一昨	4985937
中絶	4985936
コンゴ	4985935
病原	4985934
突っ込め	4985933
ペコペコ	4985932
鉛	4985931
チークス	4985930
赦し	4985929
ランニング	4985928
喚	4985927
行っ	4985926
沸	4985925
ホッと	4985924
高圧	4985923
house	4985922
ｃｍｒ	4985921
ミナス	4985920
居合わせ	4985919
打ち砕	4985918
瞳孔	4985917
正に	4985916
ウォーズ	4985915
地味	4985914
らん	4985913
定住	4985912
運河	4985911
ファーム	4985910
シール	4985909
用途	4985908
総務	4985907
ふせ	4985906
バイパス	4985905
住処	4985904
バンパー	4985903
写し	4985902
ランデブー	4985901
撃つ	4985900
鷲	4985899
比	4985898
マーサー	4985897
一人っ子	4985896
インディアナ	4985895
恥辱	4985894
啓発	4985893
挽回	4985892
バリスタン	4985891
組み	4985890
速攻	4985889
解説	4985888
値打ち	4985887
ローゼン	4985886
ブーマー	4985885
さんざん	4985884
几帳面	4985883
積み上げ	4985882
オトリ	4985881
放免	4985880
重み	4985879
レール	4985878
being	4985877
メリット	4985876
reach	4985875
賜物	4985874
グルー	4985873
ビリヤード	4985872
突進	4985871
マーリーン	4985870
カタログ	4985869
快感	4985868
うせ	4985867
ヌード	4985866
カルラ	4985865
謙遜	4985864
わっ	4985863
穀物	4985862
事案	4985861
主題	4985860
ブル	4985859
ラパンゼル	4985858
掘れ	4985857
強度	4985856
得策	4985855
蛾	4985854
だぞ	4985853
正真	4985852
caught	4985851
新薬	4985850
合鍵	4985849
aah	4985848
まさ	4985847
マーラ	4985846
遠ざか	4985845
オクラホマ	4985844
galaxy	4985843
役職	4985842
暇つぶし	4985841
ラムゼイ	4985840
ホレイショ	4985839
宿舎	4985838
前提	4985837
ポケベル	4985836
斬新	4985835
クィーナン	4985834
聞え	4985833
非番	4985832
間宮	4985831
ビリーナ	4985830
直視	4985829
アンカー	4985828
抜け殻	4985827
かけがえ	4985826
靴跡	4985825
豆腐	4985824
matter	4985823
孤島	4985822
ウラン	4985821
nice	4985820
深み	4985819
ブランデー	4985818
かぶれ	4985817
フリーモント	4985816
シワ	4985815
断わ	4985814
シロアリ	4985813
導師	4985812
聖藝	4985811
リポーター	4985810
ヨルゲン	4985809
ゲッペルス	4985808
同調	4985807
蔭	4985806
ヨモギ	4985805
新曲	4985804
エダード	4985803
書き込	4985802
内戦	4985801
志	4985800
不調	4985799
中野渡	4985798
投影	4985797
口封じ	4985796
シア	4985795
ラク	4985794
エルパソ	4985793
ゲイブ	4985792
言葉遣い	4985791
ドラマー	4985790
ペンシルベニア	4985789
強み	4985788
図面	4985787
アカルド	4985786
ドディー	4985785
車種	4985784
英	4985783
ユージン	4985782
ドーヴァー	4985781
レーズン	4985780
ゲリエン	4985779
悪態	4985778
アウター	4985777
書き直	4985776
マスコット	4985775
トリプル	4985774
思春	4985773
刻印	4985772
呆れ	4985771
思いだ	4985770
狂王	4985769
奏で	4985768
厚かまし	4985767
べつ	4985766
惹きつけ	4985765
ストア	4985764
ハサウェイ	4985763
所定	4985762
飛び交	4985761
接客	4985760
ジャーヴィス	4985759
グーン	4985758
符	4985757
came	4985756
ベネズエラ	4985755
マージ	4985754
テレパシー	4985753
son	4985752
ダンブルドア	4985751
要件	4985750
かなえ	4985749
余生	4985748
一度	4985747
圧	4985746
純潔	4985745
コンボ	4985744
眉	4985743
hotel	4985742
両目	4985741
プエルトリコ	4985740
降ら	4985739
サイゴン	4985738
ブー	4985737
強硬	4985736
四六	4985735
ホップ	4985734
穿	4985733
コバ	4985732
たん	4985731
ハリ	4985730
kgb	4985729
まっぴら	4985728
berlin	4985727
背け	4985726
した	4985725
保全	4985724
理学	4985723
付き合え	4985722
ほうら	4985721
ランキング	4985720
シェ	4985719
ハンドラー	4985718
ウィリス	4985717
放映	4985716
クラウド	4985715
見合い	4985714
さみし	4985713
即刻	4985712
握れ	4985711
ハーマイオニー	4985710
ui	4985709
木の実	4985708
バージン	4985707
来場	4985706
ターリー	4985705
ca	4985704
バスケス	4985703
ぁたし	4985702
ダヴォス	4985701
start	4985700
美徳	4985699
芳	4985698
チェコ	4985697
消灯	4985696
ブキャナン	4985695
ドギー	4985694
ネブラ	4985693
断定	4985692
気付け	4985691
シリンダー	4985690
見逃せ	4985689
他国	4985688
半額	4985687
物置	4985686
はしご	4985685
蓄積	4985684
くそー	4985683
パフォーマンス	4985682
チン	4985681
けり	4985680
ポリネシア	4985679
花瓶	4985678
二千	4985677
メッセンジャー	4985676
ざけんな	4985675
暴君	4985674
原住民	4985673
バツ	4985672
満載	4985671
啊	4985670
言いがかり	4985669
殺しかけ	4985668
坑道	4985667
ジー	4985666
ジャレット	4985665
アカゲ	4985664
ワァ	4985663
拐	4985662
シル	4985661
救難	4985660
保健	4985659
オートバイ	4985658
小柄	4985657
誓え	4985656
バイカー	4985655
グリル	4985654
敬	4985653
ぴー	4985652
father	4985651
サンズ	4985650
タチ	4985649
えん	4985648
おおせ	4985647
ブロン	4985646
北米	4985645
口答え	4985644
クリーポックス	4985643
歯車	4985642
liber	4985641
灰皿	4985640
蟻	4985639
サウンド	4985638
斬	4985637
どか	4985636
エン	4985635
とらわれ	4985634
もてあそ	4985633
オナニー	4985632
プラチナ	4985631
ラファエロ	4985630
嫌気	4985629
ほのめか	4985628
ティアナ	4985627
跳べ	4985626
居座	4985625
シュレッダー	4985624
アラスト	4985623
判別	4985622
沸騰	4985621
ウィンク	4985620
裏返	4985619
私用	4985618
エメット	4985617
ウム	4985616
ジャンボ	4985615
ジッパー	4985614
リレー	4985613
ぶらぶら	4985612
いかれ	4985611
切り出	4985610
手っ取り	4985609
プファイファー	4985608
肉食	4985607
急か	4985606
ノール	4985605
アラバマ	4985604
ｒｖ	4985603
パンドラム	4985602
人で	4985601
酒屋	4985600
火花	4985599
エヴリー	4985598
ワッツ	4985597
置き換え	4985596
スーダン	4985595
負荷	4985594
ァ	4985593
バートック	4985592
マディバ	4985591
血流	4985590
首席	4985589
マラ	4985588
骨盤	4985587
やろ	4985586
モーション	4985585
分身	4985584
海難	4985583
貝瀬	4985582
スタッグ	4985581
アミーゴ	4985580
ボンベ	4985579
ドス	4985578
暦	4985577
流産	4985576
命運	4985575
鳥井	4985574
パターソン	4985573
血中	4985572
きのう	4985571
ブザー	4985570
セミ	4985569
ルピー	4985568
体勢	4985567
ブラザース	4985566
揉め事	4985565
dom	4985564
ミッ	4985563
ジェントリー	4985562
ケンドール	4985561
モリ	4985560
とて	4985559
画策	4985558
クリント	4985557
語りかけ	4985556
凍死	4985555
メディカル	4985554
往復	4985553
感じ取	4985552
キャビネット	4985551
サイエンス	4985550
持ち込め	4985549
願え	4985548
異例	4985547
蓄牛	4985546
ストラットン	4985545
コレット	4985544
バチ	4985543
ナショナル	4985542
仕切り	4985541
精巧	4985540
泡だ	4985539
培養	4985538
頼りな	4985537
ラスティ	4985536
おやまあ	4985535
追い返	4985534
懲り	4985533
ケダモノ	4985532
福山	4985531
跡継ぎ	4985530
オーケストラ	4985529
就寝	4985528
混入	4985527
ファーゴ	4985526
怖気づ	4985525
スルー	4985524
リビア	4985523
効力	4985522
展	4985521
ハミング	4985520
ディーク	4985519
ローズマリー	4985518
ブルナー	4985517
ライス	4985516
結核	4985515
満腹	4985514
ネガ	4985513
少将	4985512
car	4985511
プラットフォーム	4985510
ウエルズ	4985509
加瀬	4985508
リゾート	4985507
レイダー	4985506
エデン	4985505
あいだ	4985504
さてさて	4985503
tellegio	4985502
称号	4985501
全開	4985500
ヴァージャー	4985499
見取り	4985498
オペレーション	4985497
リンジー	4985496
ジュリアナ	4985495
へま	4985494
カルマ	4985493
ho	4985492
ドナ	4985491
ガぁ	4985490
ジャーナル	4985489
精査	4985488
打ち破	4985487
出前	4985486
チャールス	4985485
ミソ	4985484
テンポ	4985483
usb	4985482
オカルト	4985481
必	4985480
希少	4985479
疾病	4985478
ハイカー	4985477
忠義	4985476
承	4985475
澄	4985474
スクワッド	4985473
ask	4985472
更正	4985471
張り付	4985470
篁	4985469
銃器	4985468
ファミレス	4985467
セルゲイ	4985466
貧民	4985465
思い描	4985464
取り壊	4985463
ウェリントン	4985462
売り込	4985461
窓口	4985460
グリーンランド	4985459
キャデラック	4985458
near	4985457
陳腐	4985456
アンダース	4985455
close	4985454
取り扱	4985453
煩わ	4985452
アルフォンス	4985451
アデーレ	4985450
割り	4985449
gothic	4985448
ハーゲン	4985447
車線	4985446
ネス	4985445
質量	4985444
積も	4985443
ダンボ	4985442
無駄口	4985441
ミイラ	4985440
もどれ	4985439
ババア	4985438
停泊	4985437
マグナム	4985436
引き分け	4985435
伊賀	4985434
摂	4985433
デラウェア	4985432
語り合	4985431
バケモノ	4985430
手中	4985429
授与	4985428
がらみ	4985427
弱者	4985426
丸出し	4985425
コンプトン	4985424
ハッター	4985423
twinkle	4985422
ダンプ	4985421
舟	4985420
ディーゼル	4985419
頼み事	4985418
スペクトル	4985417
みつか	4985416
ガーゴン	4985415
極度	4985414
鈍器	4985413
胸部	4985412
ポーク	4985411
高慢	4985410
ハフ	4985409
エルザ	4985408
いやらし	4985407
巡り	4985406
ベニス	4985405
満々	4985404
ヒユン	4985403
スキン	4985402
course	4985401
摘	4985400
係官	4985399
問い	4985398
しのぎ	4985397
イスタンブール	4985396
居董	4985395
ひれ伏	4985394
電信	4985393
わたくし	4985392
黛	4985391
南米	4985390
しもべ	4985389
営利	4985388
タレコミ	4985387
結べ	4985386
弾痕	4985385
静め	4985384
活か	4985383
ボーマン	4985382
ネブラスカ	4985381
omg	4985380
アベニュー	4985379
さあさあ	4985378
マティス	4985377
スムーズ	4985376
未練	4985375
mol	4985374
コンラッド	4985373
キャミ	4985372
ホイアン	4985371
眼差し	4985370
ロミュラン	4985369
ジャイミ	4985368
賭	4985367
引っ掛け	4985366
リヴェラ	4985365
正銘	4985364
実話	4985363
ウィルファーマ	4985362
財前	4985361
東南	4985360
やり口	4985359
モント	4985358
キャンター	4985357
過度	4985356
アルバニア	4985355
茂み	4985354
バッハ	4985353
すれ違	4985352
誤報	4985351
ウンコ	4985350
碧	4985349
油圧	4985348
ba	4985347
キャラクター	4985346
剣心	4985345
ドレビン	4985344
模索	4985343
人造	4985342
敢えて	4985341
生身	4985340
ホブス	4985339
劉備	4985338
エゼキエル	4985337
多様	4985336
メンコ	4985335
戦後	4985334
vs	4985333
シュタール	4985332
azt	4985331
やり返	4985330
衣類	4985329
ワイラー	4985328
淵	4985327
ナウアー	4985326
グリーシャ	4985325
ブーン	4985324
赴任	4985323
スメア	4985322
マッシュルーム	4985321
キャスター	4985320
漠然	4985319
プレビュー	4985318
前兆	4985317
サンタクロース	4985316
後見	4985315
懐疑	4985314
空襲	4985313
ほこり	4985312
潜航	4985311
ヘルペス	4985310
本屋	4985309
口ひげ	4985308
手持ち	4985307
漂白	4985306
シーナ	4985305
曜	4985304
大分	4985303
ヤリマン	4985302
リバティ	4985301
心底	4985300
周期	4985299
mio	4985298
軟弱	4985297
フラワー	4985296
計り知れ	4985295
カッパ	4985294
産め	4985293
辻褄	4985292
リーパー	4985291
プリズン	4985290
コネチカット	4985289
game	4985288
たやす	4985287
除隊	4985286
マラソン	4985285
怠惰	4985284
汲	4985283
ツバ	4985282
barden	4985281
すく	4985280
アービン	4985279
銃身	4985278
厳戒	4985277
要領	4985276
さし	4985275
ストリゴイ	4985274
ピッチ	4985273
ピープル	4985272
硫黄	4985271
決め付け	4985270
雇え	4985269
フランチェスカ	4985268
ドッキング	4985267
ギャンブラー	4985266
嗜好	4985265
スン	4985264
まんま	4985263
北緯	4985262
いわば	4985261
壁紙	4985260
liz	4985259
ワゾウスキ	4985258
自慰	4985257
高層	4985256
エルウッド	4985255
カトラ	4985254
ジョイス	4985253
サーン	4985252
全う	4985251
断層	4985250
前妻	4985249
ダッキー	4985248
叩き	4985247
永続	4985246
かつら	4985245
再考	4985244
慢性	4985243
うな	4985242
かき回	4985241
walk	4985240
ピンキー	4985239
トリッシュ	4985238
いかだ	4985237
チャーミング	4985236
舞い	4985235
スーム	4985234
がし	4985233
南北	4985232
無職	4985231
モルト	4985230
誤認	4985229
ミューシキン	4985228
国旗	4985227
ターラン	4985226
アニメ	4985225
アテ	4985224
尺骨	4985223
完遂	4985222
スティール	4985221
チュン	4985220
タイフェル	4985219
いそい	4985218
孔	4985217
課程	4985216
ルシウス	4985215
真っすぐ	4985214
ランドルフ	4985213
おおよそ	4985212
挟ま	4985211
点呼	4985210
サイレンサー	4985209
駆り立て	4985208
テクニック	4985207
鰐	4985206
定着	4985205
エピネフリン	4985204
合え	4985203
逆さ	4985202
王朝	4985201
飲食	4985200
強打	4985199
やたら	4985198
切腹	4985197
ぬけ	4985196
曇り	4985195
よぅ	4985194
係わ	4985193
スリッパ	4985192
ほめ	4985191
スザン	4985190
真次	4985189
クッシング	4985188
肛門	4985187
turn	4985186
見積も	4985185
大違い	4985184
気質	4985183
屋台	4985182
貶め	4985181
みっともな	4985180
屋言	4985179
both	4985178
ドゥ	4985177
オバマ	4985176
旅客	4985175
騎馬	4985174
母国語	4985173
糞っ	4985172
美咲	4985171
盗賊	4985170
カメレオン	4985169
画期	4985168
トラキア	4985167
severus	4985166
すか	4985165
ユニス	4985164
競走	4985163
平原	4985162
スカイラーク	4985161
進言	4985160
bmw	4985159
目分	4985158
ウロウロ	4985157
逃げ込	4985156
爽快	4985155
ウフッ	4985154
見限	4985153
悼	4985152
おさえ	4985151
司	4985150
蹴り上げ	4985149
身の回り	4985148
注ぎ込	4985147
突き	4985146
中々	4985145
シュガー	4985144
叩きつけ	4985143
タイド	4985142
くれー	4985141
遺跡	4985140
谷間	4985139
掴まえ	4985138
ヴィック	4985137
振り出し	4985136
allinol	4985135
けしかけ	4985134
搾取	4985133
バニン	4985132
だべ	4985131
覗き	4985130
絞り込め	4985129
チョーク	4985128
よいしょ	4985127
ふい	4985126
モア	4985125
呂	4985124
雑草	4985123
疆董	4985122
ドウ	4985121
じろじろ	4985120
他者	4985119
御意	4985118
マンデラ	4985117
本業	4985116
ひとまず	4985115
風味	4985114
陣営	4985113
やったー	4985112
キメ	4985111
subtitles	4985110
ラファイエット	4985109
暴発	4985108
寄り添	4985107
読み込	4985106
平ら	4985105
欠勤	4985104
ソンダース	4985103
始	4985102
アフカミ	4985101
チャオ	4985100
発症	4985099
行え	4985098
特技	4985097
豪邸	4985096
戦友	4985095
推	4985094
アンダル	4985093
サディスト	4985092
dog	4985091
ガンガン	4985090
紙切れ	4985089
或る	4985088
合い	4985087
リーメック	4985086
格	4985085
非常口	4985084
昼夜	4985083
ギャラバン	4985082
フラップ	4985081
ジニー	4985080
irs	4985079
バクテリア	4985078
gold	4985077
卒中	4985076
マシクラ	4985075
疎遠	4985074
スムージー	4985073
持ち出し	4985072
全容	4985071
room	4985070
wife	4985069
サイス	4985068
サルドュア	4985067
スペア	4985066
甚大	4985065
アンネ	4985064
延々	4985063
斬首	4985062
ザー	4985061
ヘイル	4985060
盗み出	4985059
銭	4985058
大石	4985057
硫酸	4985056
タダシ	4985055
レズリー	4985054
シェクター	4985053
暁	4985052
偉人	4985051
モービル	4985050
加入	4985049
ピョートル	4985048
アシタカ	4985047
あなたの	4985046
birds	4985045
危篤	4985044
無理矢理	4985043
アソーカ	4985042
思い起こ	4985041
ベッツィー	4985040
出だし	4985039
マンチェスター	4985038
ハイネケン	4985037
実戦	4985036
聞き取	4985035
登校	4985034
事象	4985033
雑用	4985032
渇き	4985031
そろえ	4985030
ウナギ	4985029
ぶち抜	4985028
アーチ	4985027
浮かべ	4985026
レゴ	4985025
愛着	4985024
命懸け	4985023
ウウ	4985022
そそのか	4985021
dreams	4985020
ブサイク	4985019
ステラ	4985018
勧告	4985017
大急ぎ	4985016
割合	4985015
ミスタ	4985014
噛み切	4985013
下顎	4985012
ベイブ	4985011
漁船	4985010
英知	4985009
ブラブラ	4985008
士気	4985007
セロス	4985006
むなし	4985005
初夜	4985004
アーリーン	4985003
ワイズ	4985002
たちまち	4985001
earth	4985000
翻	4984999
フランケンシュタイン	4984998
red	4984997
什么	4984996
後者	4984995
days	4984994
鳴り響	4984993
北欧	4984992
うろうろ	4984991
chug	4984990
買い戻	4984989
納め	4984988
そぐ	4984987
感づ	4984986
タッパー	4984985
オーギー	4984984
煩	4984983
ヴェイル	4984982
反響	4984981
前頭	4984980
リンパ	4984979
デリア	4984978
imf	4984977
迫害	4984976
おめぇ	4984975
法王	4984974
バージル	4984973
特大	4984972
段々	4984971
嘲笑	4984970
下層	4984969
たげ	4984968
排斥	4984967
バトン	4984966
アマチュア	4984965
エッジ	4984964
マリブ	4984963
bye	4984962
ケイティー	4984961
幹線	4984960
ウィギン	4984959
特集	4984958
だら	4984957
大忙し	4984956
喜べ	4984955
永	4984954
探しだ	4984953
アンブレラ	4984952
いてー	4984951
直入	4984950
腐食	4984949
暗記	4984948
広がり	4984947
単刀	4984946
施錠	4984945
薄れ	4984944
ドビー	4984943
入れ込	4984942
本体	4984941
うんち	4984940
ランザー	4984939
ペルト	4984938
正統	4984937
帳消し	4984936
won	4984935
öu	4984934
ランデル	4984933
びしょ	4984932
ベイラー	4984931
増強	4984930
平	4984929
ともあれ	4984928
without	4984927
とん	4984926
在宅	4984925
執	4984924
ブルジェリア	4984923
休止	4984922
辿り着け	4984921
選別	4984920
プリペイド	4984919
依	4984918
ファンド	4984917
マート	4984916
さおり	4984915
口癖	4984914
チャップル	4984913
旺盛	4984912
キャンピング	4984911
テネシー	4984910
lp	4984909
撃ち落と	4984908
国債	4984907
コックス	4984906
木村	4984905
スリム	4984904
コメディ	4984903
マッケナ	4984902
woman	4984901
主席	4984900
ストーミー	4984899
入浴	4984898
閣僚	4984897
カミーノ	4984896
ホコリ	4984895
マロニ	4984894
ブルネット	4984893
屋外	4984892
濡ら	4984891
ステッカー	4984890
爆	4984889
踏みにじ	4984888
ガイドブック	4984887
八百	4984886
怠慢	4984885
ラロリー	4984884
鈍的	4984883
正規	4984882
watch	4984881
マクベス	4984880
キタイ	4984879
上演	4984878
低温	4984877
挫折	4984876
マター	4984875
オンボロ	4984874
もつれ	4984873
然	4984872
family	4984871
誇示	4984870
マーシュ	4984869
ウィンクル	4984868
サンダル	4984867
バーチ	4984866
現像	4984865
初耳だ	4984864
医大	4984863
プッシュ	4984862
ジャーナリズム	4984861
健闘	4984860
点数	4984859
据え	4984858
署内	4984857
ロザリンド	4984856
どな	4984855
引き連れ	4984854
モーニング	4984853
めっちゃ	4984852
三島	4984851
ヴァーガス	4984850
祝賀	4984849
mail	4984848
フグ	4984847
looked	4984846
ココナッツ	4984845
april	4984844
インサイダー	4984843
真是	4984842
ミクサ	4984841
丸腰	4984840
一握り	4984839
キサマ	4984838
ヘミングウェイ	4984837
メグ	4984836
パッ	4984835
ロルカ	4984834
ストッキング	4984833
イースター	4984832
一髪	4984831
cnri	4984830
ユリ	4984829
あーっ	4984828
ミリュウ	4984827
ヘスター	4984826
ヴァーン	4984825
つきあい	4984824
ダグマー	4984823
ぽ	4984822
仲裁	4984821
粘液	4984820
添付	4984819
チンポ	4984818
ノエル	4984817
骸骨	4984816
慎め	4984815
カミ	4984814
不明瞭	4984813
いて	4984812
さめ	4984811
サウナ	4984810
見晴らし	4984809
アルベリヒ	4984808
コロニー	4984807
樹皮	4984806
ブロデューア	4984805
cold	4984804
郷	4984803
祭壇	4984802
パルディロ	4984801
サイコロ	4984800
幹	4984799
嗅ぎつけ	4984798
睾丸	4984797
称	4984796
ストラボ	4984795
ミミズ	4984794
敷設	4984793
投げ落と	4984792
熱帯	4984791
声紋	4984790
取り寄せ	4984789
パンザー	4984788
スマイリー	4984787
決め手	4984786
セレスティア	4984785
シタデル	4984784
性欲	4984783
さい	4984782
コンスタンチノープル	4984781
christmas	4984780
レート	4984779
諸	4984778
わら	4984777
ブースター	4984776
浸透	4984775
煉獄	4984774
音響	4984773
ぼう	4984772
sun	4984771
崇め	4984770
ヨハン	4984769
ツナ	4984768
足下	4984767
断酒	4984766
ロメロ	4984765
ノートゥング	4984764
反発	4984763
ビバリー	4984762
寄れ	4984761
賞品	4984760
showtime	4984759
じら	4984758
よそう	4984757
発疹	4984756
inc	4984755
行き詰	4984754
食い込	4984753
先進	4984752
流れ出	4984751
美鈴	4984750
スポットライト	4984749
ボウマン	4984748
ギルバート	4984747
チャイルド	4984746
なじみ	4984745
フェラーズ	4984744
ククイ	4984743
グレード	4984742
潰せ	4984741
ｌｊ	4984740
サラーム	4984739
セシル	4984738
射出	4984737
乳母	4984736
追い払え	4984735
ケルビン	4984734
富裕	4984733
ピーチ	4984732
整然	4984731
イチャ	4984730
の根	4984729
応急	4984728
貫太	4984727
ヘル	4984726
丶ァ	4984725
ふっ	4984724
モンゴメリー	4984723
チベット	4984722
ズボフ	4984721
ニコル	4984720
頭領	4984719
カモフラージュ	4984718
ストーブ	4984717
shut	4984716
トランペット	4984715
代価	4984714
ゴーマン	4984713
待合	4984712
ラインキングダム	4984711
匹敵	4984710
マックスウェル	4984709
生殖	4984708
メンデル	4984707
議	4984706
勤勉	4984705
見直し	4984704
手のひら	4984703
おもむ	4984702
ロット	4984701
癒え	4984700
フロアー	4984699
炎上	4984698
ジェブ	4984697
ルパート	4984696
尺	4984695
烙印	4984694
手引き	4984693
ウェン	4984692
ピリピリ	4984691
精度	4984690
従い	4984689
深め	4984688
熟慮	4984687
supernatural	4984686
彫像	4984685
アンサリード	4984684
集計	4984683
カスティエル	4984682
給水	4984681
ボウリング	4984680
直進	4984679
給え	4984678
forget	4984677
脱税	4984676
シムコウ	4984675
うしろ	4984674
スレヤー	4984673
バンプ	4984672
ミッシャ	4984671
ババ	4984670
貸し借り	4984669
ウエブ	4984668
バズーカ	4984667
髙	4984666
ライダース	4984665
めずらし	4984664
ガレス	4984663
労力	4984662
アルファベット	4984661
enough	4984660
サーファー	4984659
ローバー	4984658
ドレッド	4984657
安易	4984656
ウルトラモード	4984655
慎	4984654
ゴラン	4984653
クーデター	4984652
ガーティー	4984651
蒔	4984650
血糖	4984649
先程	4984648
ジャド	4984647
サクス	4984646
スタンガン	4984645
マルガリータ	4984644
転属	4984643
ct	4984642
ウォル	4984641
受刑	4984640
折角	4984639
押し込め	4984638
gsa	4984637
サラマンカ	4984636
腹筋	4984635
性器	4984634
ファイブ	4984633
繁華	4984632
まやかし	4984631
夜更かし	4984630
服着	4984629
閉所	4984628
一寸	4984627
ワルド	4984626
禁断	4984625
絞り	4984624
辿れ	4984623
股間	4984622
フェル	4984621
heaven	4984620
鍔	4984619
ホリデー	4984618
モジュール	4984617
スイング	4984616
やまし	4984615
スタンレー	4984614
小声	4984613
excuse	4984612
グリーバー	4984611
高揚	4984610
レンフロ	4984609
防腐	4984608
ねじれ	4984607
手がけ	4984606
きっぱり	4984605
パイセル	4984604
運び込	4984603
可決	4984602
ホンモノ	4984601
周回	4984600
sos	4984599
デュナン	4984598
ジャンクション	4984597
細動	4984596
ロジャーズ	4984595
前金	4984594
来訪	4984593
聖徒	4984592
洗剤	4984591
クラゲ	4984590
銅像	4984589
嗅覚	4984588
点滅	4984587
抱え込	4984586
丸見え	4984585
粉末	4984584
交替	4984583
詩的	4984582
ディアナ	4984581
music	4984580
beauty	4984579
譲渡	4984578
アルミ	4984577
構想	4984576
遙か	4984575
突き破	4984574
深入り	4984573
丸太	4984572
ビングリー	4984571
ジェ	4984570
賃貸	4984569
飛びつ	4984568
あやつ	4984567
バーディン	4984566
ツル	4984565
エンリケ	4984564
売り渡	4984563
摩擦	4984562
six	4984561
国歌	4984560
マレキス	4984559
リマー	4984558
真っ当	4984557
アリガト	4984556
興行	4984555
ストラウス	4984554
voice	4984553
巨乳	4984552
モルグ	4984551
すわ	4984550
のぉ	4984549
フランソワ	4984548
混雑	4984547
ミセラ	4984546
がかり	4984545
ピルグリム	4984544
味覚	4984543
そこそこ	4984542
傷付	4984541
sm	4984540
line	4984539
ドゥームズデイ	4984538
酢	4984537
わき	4984536
儀礼	4984535
州兵	4984534
ハーシュ	4984533
ムラムラ	4984532
痛手	4984531
ファンタジー	4984530
名称	4984529
見もの	4984528
思いつき	4984527
たちゃ	4984526
ラヴ	4984525
楯	4984524
アーモンド	4984523
挙が	4984522
ジャマイカ	4984521
ドブネズミ	4984520
通夜	4984519
っち	4984518
高等	4984517
不妊	4984516
ポンテコーヴァ	4984515
竹蔵	4984514
接待	4984513
クロスワード	4984512
ちきしょ	4984511
テロリズム	4984510
öur	4984509
東ドイツ	4984508
デパート	4984507
ローダー	4984506
シンナー	4984505
言いかけ	4984504
ジロジロ	4984503
ボンネット	4984502
那	4984501
コマ	4984500
むずかし	4984499
bu	4984498
ラテ	4984497
泥酔	4984496
ガルヴァ	4984495
煮	4984494
新居	4984493
厳禁	4984492
te	4984491
メイス	4984490
ドルー	4984489
sim	4984488
delle	4984487
aren	4984486
癒や	4984485
退場	4984484
フラニー	4984483
mu	4984482
補填	4984481
殺れ	4984480
斡旋	4984479
気品	4984478
リチウム	4984477
コカ	4984476
くしゃみ	4984475
ディケンズ	4984474
スピネラ	4984473
旧式	4984472
エキゾチック	4984471
カーネリアン	4984470
ホイール	4984469
フレーズ	4984468
気性	4984467
town	4984466
従姉妹	4984465
かわいらし	4984464
タタラ	4984463
配信	4984462
カルビン	4984461
下劣	4984460
far	4984459
トリガー	4984458
丿丿	4984457
天地	4984456
虚栄	4984455
カケラ	4984454
タレ	4984453
證珪	4984452
陣地	4984451
クロニクルズ	4984450
安楽	4984449
ランカスター	4984448
她	4984447
雇い	4984446
ヨハネ	4984445
ニューバーグ	4984444
ヘアー	4984443
異変	4984442
売り払	4984441
追い立て	4984440
仏陀	4984439
おどか	4984438
さる	4984437
カティア	4984436
ウィドゥモア	4984435
パラディープ	4984434
ダリンド	4984433
homeland	4984432
ブライソン	4984431
アイドル	4984430
ウェデック	4984429
強敵	4984428
出で	4984427
閃	4984426
ベヴァリー	4984425
年配	4984424
元凶	4984423
レストン	4984422
ブラザーズ	4984421
太もも	4984420
問答	4984419
アラソルン	4984418
feeling	4984417
ローゲ	4984416
はみ出	4984415
よろこ	4984414
wanted	4984413
ミューラー	4984412
秀カ	4984411
might	4984410
アルマジロ	4984409
終止	4984408
リーチャー	4984407
サイフ	4984406
瀕	4984405
雑種	4984404
フェチ	4984403
easy	4984402
忍び	4984401
清	4984400
おんなじ	4984399
弱ま	4984398
一心	4984397
言わば	4984396
論点	4984395
空売り	4984394
連想	4984393
ウフーラ	4984392
寝袋	4984391
ノルマンディー	4984390
suliman	4984389
プリム	4984388
ミッドナイト	4984387
シェイド	4984386
八つ裂き	4984385
ラプトル	4984384
ポイズン	4984383
フレミング	4984382
決し	4984381
ボンジュール	4984380
hoge	4984379
教義	4984378
拙者	4984377
落ち度	4984376
ポンペイ	4984375
弱体	4984374
丸め	4984373
シールズ	4984372
過敏	4984371
仕立屋	4984370
満杯	4984369
双角	4984368
hope	4984367
キュクロプス	4984366
兵舎	4984365
遠心	4984364
うめき声	4984363
fuckin	4984362
候	4984361
猟師	4984360
サーク	4984359
逆だ	4984358
差し向け	4984357
fda	4984356
ストーク	4984355
込み入	4984354
連れ戻せ	4984353
さだ	4984352
ロックス	4984351
パコ	4984350
イノシシ	4984349
タイタニック	4984348
安息	4984347
キャニオン	4984346
バチカン	4984345
メート	4984344
剥ぎ取	4984343
bit	4984342
入念	4984341
play	4984340
曲線	4984339
チェコフ	4984338
ヴァロン	4984337
バイパー	4984336
嘘っぱち	4984335
コロンブス	4984334
バク	4984333
ナルセン	4984332
モーデット	4984331
計測	4984330
信憑	4984329
話し掛け	4984328
組み換え	4984327
聖者	4984326
海辺	4984325
ケイレン	4984324
盗み聞き	4984323
ざ	4984322
ダッジ	4984321
目録	4984320
ユーイング	4984319
閉館	4984318
sweet	4984317
蹴破	4984316
给	4984315
ムンバイ	4984314
ポリー	4984313
後日	4984312
善行	4984311
ハンプトン	4984310
喫茶	4984309
フェザー	4984308
湿気	4984307
湾岸	4984306
わから	4984305
間際	4984304
リコン	4984303
ロマノフ	4984302
メンドーサ	4984301
一人前	4984300
ビビッ	4984299
絶え間	4984298
女装	4984297
its	4984296
such	4984295
ヘッジ	4984294
バレル	4984293
傷痕	4984292
チャネル	4984291
ぐちゃぐちゃ	4984290
疎	4984289
コーネル	4984288
カナリア	4984287
ウィング	4984286
終点	4984285
ごろつき	4984284
ハーレム	4984283
ケンドリック	4984282
後ろめた	4984281
チャーチル	4984280
white	4984279
障壁	4984278
もち	4984277
moon	4984276
気管	4984275
ようし	4984274
ジュンソク	4984273
ミツバチ	4984272
光三	4984271
いつ頃	4984270
騎兵隊	4984269
ひん	4984268
映写	4984267
新宿	4984266
就け	4984265
前哨	4984264
方言	4984263
セラーズ	4984262
ポドリック	4984261
エルロンド	4984260
ペリット	4984259
アトランティック	4984258
独断	4984257
マリオン	4984256
オーソン	4984255
ハーケン	4984254
ロンダ	4984253
かし	4984252
リモート	4984251
盛り上げ	4984250
二手	4984249
兄士	4984248
ヨナス	4984247
貧弱	4984246
暖ま	4984245
天罰	4984244
吉良	4984243
拍子	4984242
ティーンエイジャー	4984241
パンティ	4984240
介護	4984239
ポータル	4984238
ボマー	4984237
逆行	4984236
ズレ	4984235
アセテート	4984234
通りすがり	4984233
親分	4984232
屑	4984231
イット	4984230
余興	4984229
デルフィン	4984228
ミートボール	4984227
かー	4984226
凝	4984225
バリン	4984224
アニマル	4984223
プログラミング	4984222
今来	4984221
ズーム	4984220
交友	4984219
イムラン	4984218
馬力	4984217
選考	4984216
従軍	4984215
新生	4984214
沢潟	4984213
小言	4984212
長女	4984211
誉れ	4984210
狩人	4984209
母船	4984208
カーミット	4984207
変ね	4984206
ラジャー	4984205
熱望	4984204
メラディス	4984203
一理	4984202
リリース	4984201
見下ろ	4984200
直々	4984199
日課	4984198
やり過ぎ	4984197
トーチ	4984196
話合	4984195
アーマー	4984194
ｐｃ	4984193
身なり	4984192
ノリ	4984191
荷台	4984190
クリケット	4984189
撃ち込	4984188
不便	4984187
エイムズ	4984186
こだわり	4984185
レディース	4984184
分娩	4984183
ふしだら	4984182
アトリー	4984181
ago	4984180
締め上げ	4984179
平然	4984178
植え付け	4984177
ぶち壊し	4984176
networks	4984175
叩き込	4984174
マデン	4984173
seen	4984172
バスケ	4984171
コギンス	4984170
真意	4984169
タイタン	4984168
微塵	4984167
オチ	4984166
増殖	4984165
御名	4984164
やりとり	4984163
コス	4984162
アジズ	4984161
プルトニウム	4984160
バーツ	4984159
汁	4984158
神殿	4984157
タマネギ	4984156
赴	4984155
オーケン	4984154
出港	4984153
だまし	4984152
エルビス	4984151
バーナビー	4984150
大きさ	4984149
cnn	4984148
育成	4984147
アイツラ	4984146
うめき	4984145
waiting	4984144
カプチーノ	4984143
引っかけ	4984142
クヌート	4984141
片岡	4984140
テディー	4984139
マーゴット	4984138
マルクス	4984137
切り口	4984136
著作	4984135
つぶし	4984134
マラカイ	4984133
ラフ	4984132
ひと時	4984131
嘘つきめ	4984130
チューリップ	4984129
ヒョウ	4984128
ババドック	4984127
曾	4984126
楽屋	4984125
篭	4984124
融け	4984123
講習	4984122
ナマズ	4984121
マケドニア	4984120
マティ	4984119
贖罪	4984118
母艦	4984117
一節	4984116
迎撃	4984115
発光	4984114
親衛	4984113
膀胱	4984112
アハハ	4984111
かが	4984110
撃破	4984109
キャベンディッシュ	4984108
トレーダー	4984107
従来	4984106
漕げ	4984105
飲料	4984104
脱臼	4984103
渦巻	4984102
把	4984101
州立	4984100
年下	4984099
悪女	4984098
美貌	4984097
流石	4984096
サーキット	4984095
ワザ	4984094
菜食	4984093
サーズ	4984092
アキレス	4984091
図形	4984090
咬	4984089
bring	4984088
スケートボード	4984087
ローマックス	4984086
ボスラー	4984085
アレッサ	4984084
見通せ	4984083
ahonymous	4984082
shake	4984081
もが	4984080
めちゃめちゃ	4984079
足場	4984078
メイズ	4984077
ground	4984076
ほどほど	4984075
見つけれ	4984074
聞き入れ	4984073
満点	4984072
惨殺	4984071
藪	4984070
エンパイア	4984069
リンド	4984068
居れ	4984067
セレステ	4984066
よしみ	4984065
クローディア	4984064
曽	4984063
乗り捨て	4984062
ナイトウォーカー	4984061
牡蠣	4984060
スポンジ	4984059
試薬	4984058
備蓄	4984057
せっかち	4984056
引力	4984055
視察	4984054
バニング	4984053
レーガン	4984052
背信	4984051
ヴィル	4984050
帰郷	4984049
巻物	4984048
チャトール	4984047
アントワーヌ	4984046
やべえ	4984045
非凡	4984044
ちや	4984043
仁	4984042
目下	4984041
目つき	4984040
降り注	4984039
ヴィカ	4984038
ゾクゾク	4984037
避妊	4984036
しガ	4984035
君子	4984034
魔王	4984033
小村	4984032
キャトリン	4984031
変色	4984030
エバレッツ	4984029
铛	4984028
停学	4984027
ラーク	4984026
個展	4984025
副業	4984024
心苦し	4984023
ニース	4984022
オーシャニック	4984021
掘り返	4984020
かく	4984019
愛犬	4984018
丶夜	4984017
せま	4984016
公証	4984015
再来	4984014
コルデロ	4984013
mother	4984012
プレスコット	4984011
おぼえ	4984010
飲み込め	4984009
はが	4984008
デブラ	4984007
ボウ	4984006
ムスコ	4984005
物狂い	4984004
ラスター	4984003
ナパ	4984002
アスティー	4984001
荒地	4984000
真空	4983999
部員	4983998
手並み	4983997
部局	4983996
リディック	4983995
ナーバス	4983994
しぐさ	4983993
hands	4983992
ひび	4983991
余命	4983990
ウィズ	4983989
ビビアン	4983988
追い求め	4983987
無駄遣い	4983986
meet	4983985
天体	4983984
スク	4983983
ソケット	4983982
アップデート	4983981
チェルシー	4983980
ヘインズ	4983979
アミン	4983978
スウィート	4983977
窮屈	4983976
shada	4983975
絹	4983974
ピックアップ	4983973
赤穂	4983972
のみだ	4983971
オープニング	4983970
呵責	4983969
ロストフ	4983968
ﾃﾞｳﾞｨｯﾄﾞ	4983967
置物	4983966
階層	4983965
light	4983964
修羅	4983963
ラスキー	4983962
thanks	4983961
カービー	4983960
受話	4983959
出し抜け	4983958
聴衆	4983957
右肩	4983956
酵素	4983955
赤坂	4983954
ベンチャー	4983953
あいこ	4983952
排気	4983951
心棒	4983950
吾	4983949
スキナー	4983948
enterprise	4983947
名手	4983946
トーリ	4983945
大差	4983944
性分	4983943
出せよ	4983942
気狂い	4983941
指数	4983940
要人	4983939
ダークネス	4983938
しり	4983937
ブラウス	4983936
バルーン	4983935
空き家	4983934
刺客	4983933
ゆう	4983932
ガタガタ	4983931
ダイ	4983930
計略	4983929
イライザ	4983928
ジョーン	4983927
ルックス	4983926
剥製	4983925
分配	4983924
上野	4983923
刺せ	4983922
塩水	4983921
デニー	4983920
魂胆	4983919
メレディス	4983918
ぶっ潰	4983917
地下道	4983916
ごちゃごちゃ	4983915
ペギー	4983914
シャレ	4983913
ビレッジ	4983912
招き	4983911
遠足	4983910
根源	4983909
生きがい	4983908
テミストクレス	4983907
恰好	4983906
懲罰	4983905
reason	4983904
ガージ	4983903
ディーツ	4983902
武君	4983901
フォジー	4983900
マルウェア	4983899
mcquaid	4983898
チャス	4983897
請け負	4983896
壷	4983895
プリン	4983894
暗がり	4983893
ニー	4983892
afraid	4983891
かすめ	4983890
突き進	4983889
サッパリ	4983888
野戦	4983887
御覧	4983886
フリッツ	4983885
勅	4983884
見切り	4983883
チャレンジ	4983882
よそよそし	4983881
里山	4983880
アルバ	4983879
タイニー	4983878
受け渡し	4983877
命取り	4983876
いやが	4983875
被せ	4983874
ストイック	4983873
ウゥ	4983872
みたく	4983871
洗い	4983870
高温	4983869
締め付け	4983868
サダム	4983867
差し入れ	4983866
外食	4983865
酒飲み	4983864
刈	4983863
タネン	4983862
綴り	4983861
トースター	4983860
くぐ	4983859
峡谷	4983858
bend	4983857
死に際	4983856
エアー	4983855
mercy	4983854
飾り付け	4983853
鹿間	4983852
角笛	4983851
肩書き	4983850
inside	4983849
いらし	4983848
ちょっかい	4983847
州境	4983846
マドックス	4983845
ベクトル	4983844
ウフフ	4983843
くつろげ	4983842
仕舞	4983841
携え	4983840
サンタマルタ	4983839
解約	4983838
冨	4983837
foosa	4983836
ディアズ	4983835
mmm	4983834
厳粛	4983833
砲弾	4983832
five	4983831
モンテ	4983830
エーデン	4983829
ヒラリー	4983828
子牛	4983827
軽減	4983826
摂政	4983825
グッズ	4983824
味噌	4983823
マハ	4983822
岩本	4983821
トリカブト	4983820
急進	4983819
告知	4983818
墓石	4983817
markl	4983816
ウーズマ	4983815
劉	4983814
ニキー	4983813
品物	4983812
梱包	4983811
働きかけ	4983810
あお	4983809
路面	4983808
大袈裟	4983807
引きちぎ	4983806
聖霊	4983805
言い返	4983804
新参	4983803
ファーザー	4983802
咥え	4983801
ランドリ	4983800
取り巻	4983799
サユリ	4983798
ひざまづけ	4983797
ビープ	4983796
ティモ	4983795
覆い	4983794
只今	4983793
鍛冶屋	4983792
カラット	4983791
嫌味	4983790
腑	4983789
ミスト	4983788
役立て	4983787
転落	4983786
ファウラー	4983785
ローチ	4983784
上書き	4983783
モメ	4983782
葛藤	4983781
仲買	4983780
ばらばら	4983779
鉄鋼	4983778
ビクトル	4983777
ハートリー	4983776
ケネックス	4983775
公女	4983774
固有	4983773
すかし	4983772
イブン	4983771
垂ら	4983770
フィニック	4983769
ヒルトン	4983768
コマンチ	4983767
引き延ば	4983766
風呂場	4983765
ヒート	4983764
養蜂	4983763
めぐ	4983762
腕立て	4983761
園芸	4983760
雹	4983759
リサイクル	4983758
数珠	4983757
バンバン	4983756
ハーレン	4983755
無鉄砲	4983754
悪質	4983753
アガ	4983752
ーえ	4983751
朝日	4983750
ディフェンス	4983749
wish	4983748
ハイハイ	4983747
たぐい	4983746
キリン	4983745
save	4983744
リマ	4983743
ハーヴィ	4983742
もみ消	4983741
詰め物	4983740
続編	4983739
ジェファソニアン	4983738
税務	4983737
参戦	4983736
釜山	4983735
ｉ	4983734
ガルベス	4983733
york	4983732
撲滅	4983731
バケット	4983730
ヨハネスブルグ	4983729
コロン	4983728
苛	4983727
ペドロ	4983726
駐屯	4983725
語り継	4983724
サンコープ	4983723
密航	4983722
フォレスター	4983721
止めれ	4983720
巻き	4983719
ホーキング	4983718
四半	4983717
アマドール	4983716
不尽	4983715
shot	4983714
垣内	4983713
見せ掛け	4983712
オナ	4983711
干し草	4983710
てろ	4983709
バース	4983708
投	4983707
聖地	4983706
对	4983705
宝くじ	4983704
鑑賞	4983703
飛ばし	4983702
つば	4983701
们	4983700
死に掛け	4983699
行く手	4983698
アニル	4983697
真理	4983696
トニック	4983695
重んじ	4983694
エブ	4983693
ゲル	4983692
飛び込み	4983691
程遠	4983690
みじめ	4983689
ティレル	4983688
ちんこ	4983687
加勢	4983686
みち子	4983685
聞き取れ	4983684
ドーズ	4983683
きわめて	4983682
仏語	4983681
ディミトリー	4983680
ノロマ	4983679
尻拭い	4983678
ようだ	4983677
four	4983676
トルク	4983675
だから	4983674
チャート	4983673
よだれ	4983672
氣	4983671
創業	4983670
高飛び	4983669
まつ	4983668
タタリ	4983667
ダーウィン	4983666
ぶつ	4983665
孝	4983664
縮め	4983663
助けれ	4983662
ジョフリ	4983661
やべ	4983660
乗り出	4983659
赤色	4983658
エッフェル	4983657
ブチ込	4983656
任期	4983655
カーボン	4983654
赤んぼ	4983653
催涙	4983652
控訴	4983651
オデッサ	4983650
水軍	4983649
庄	4983648
フィクション	4983647
かわい子	4983646
シーモア	4983645
キルガレン	4983644
ベルファスト	4983643
先見	4983642
採血	4983641
無駄足	4983640
アイモ	4983639
そー	4983638
芸能	4983637
剥離	4983636
またまた	4983635
ウィンドゥ	4983634
迫力	4983633
ブリ	4983632
山々	4983631
ツァー	4983630
そい	4983629
ハマッド	4983628
ラウンジ	4983627
コーウィン	4983626
統括	4983625
急増	4983624
メカゾード	4983623
爆竹	4983622
雌	4983621
恒例	4983620
擦	4983619
シリング	4983618
コルツ	4983617
継父	4983616
押しのけ	4983615
ブリーン	4983614
召使い	4983613
皆無	4983612
mav	4983611
マルチ	4983610
インフラ	4983609
th	4983608
付き物	4983607
ラビット	4983606
ミルキー	4983605
フィガロ	4983604
mnu	4983603
猛獣	4983602
遅ら	4983601
採石場	4983600
ウィ	4983599
探り	4983598
et	4983597
ぁれ	4983596
ごまかせ	4983595
兄者	4983594
にら	4983593
静ま	4983592
便器	4983591
雑魚	4983590
忌まわし	4983589
散開	4983588
グール	4983587
猪	4983586
ルイーザ	4983585
聖戦	4983584
郵送	4983583
空挺	4983582
ティキ	4983581
ねじ	4983580
ピエレット	4983579
些	4983578
死滅	4983577
ドンキー	4983576
宜	4983575
sh	4983574
ロペス	4983573
頬骨	4983572
宿敵	4983571
笑いかけ	4983570
渇望	4983569
奇形	4983568
雄鶏	4983567
ンボ	4983566
しるべ	4983565
聖歌	4983564
ありったけ	4983563
gloria	4983562
柴	4983561
ラジエーター	4983560
next	4983559
間接	4983558
庶	4983557
束ね	4983556
半島	4983555
エステファニア	4983554
奥田	4983553
口頭	4983552
保身	4983551
結社	4983550
連結	4983549
言い伝え	4983548
港湾	4983547
前菜	4983546
あげく	4983545
旅程	4983544
紫外	4983543
ｃａａ	4983542
発熱	4983541
ゴッホ	4983540
ガイヤー	4983539
cps	4983538
求刑	4983537
ダイブ	4983536
貯水	4983535
ディオゲネス	4983534
毒島	4983533
華	4983532
愁傷	4983531
ローハン	4983530
紀元	4983529
ドナテーロ	4983528
北上	4983527
フィンランド	4983526
引き鉄	4983525
ヴァラール	4983524
カモメ	4983523
強め	4983522
スカーレット	4983521
貞子	4983520
ランダー	4983519
熟知	4983518
取り除け	4983517
ヴィンディ	4983516
たの	4983515
trying	4983514
隔て	4983513
みごと	4983512
八つ	4983511
アルカトラズ	4983510
クリスティーヌ	4983509
水路	4983508
築け	4983507
イッ	4983506
なすりつけ	4983505
育児	4983504
耳元	4983503
ウエイトレス	4983502
どよめき	4983501
見苦し	4983500
呼び覚ま	4983499
ブリーフィング	4983498
ジュエル	4983497
ワルツ	4983496
アンティーク	4983495
ランティス	4983494
とー	4983493
ジェイデン	4983492
道中	4983491
キャッツ	4983490
主治	4983489
エベレスト	4983488
余儀	4983487
icu	4983486
赤道	4983485
おくれ	4983484
ヴェラ	4983483
seven	4983482
生や	4983481
前代	4983480
セルキー	4983479
採点	4983478
教え子	4983477
ゴード	4983476
デントン	4983475
のう	4983474
本棚	4983473
香	4983472
somebody	4983471
each	4983470
ウォァ	4983469
活気	4983468
スケアラー	4983467
騎兵	4983466
ワンワン	4983465
遊園	4983464
ベミジ	4983463
指先	4983462
ブラインド	4983461
アピール	4983460
驛	4983459
どっちみち	4983458
れー	4983457
ぅん	4983456
コッチ	4983455
利子	4983454
カウチ	4983453
志望	4983452
ｉｔ	4983451
気休め	4983450
シッポ	4983449
バレバレ	4983448
ヤシダ	4983447
理沙	4983446
グウェン	4983445
受けれ	4983444
裏づけ	4983443
过	4983442
キッズ	4983441
舞い上が	4983440
歓喜	4983439
ハーモニー	4983438
ブリンドル	4983437
解像	4983436
レモネード	4983435
見え透	4983434
サンチェス	4983433
shine	4983432
不発	4983431
ヤードリー	4983430
クアンティコ	4983429
野田	4983428
昼休み	4983427
クーリエ	4983426
高台	4983425
フーラー	4983424
あいまい	4983423
ring	4983422
レッツ	4983421
投げ入れ	4983420
ビテカー	4983419
押しつぶ	4983418
ケーン	4983417
アライクム	4983416
未聞	4983415
men	4983414
絵の具	4983413
マルドナード	4983412
strength	4983411
マコ	4983410
リンカン	4983409
おおー	4983408
強風	4983407
じゃこ	4983406
ブラセン	4983405
気付き	4983404
心肺	4983403
ばっちり	4983402
全般	4983401
クラレンス	4983400
えぐり出	4983399
後生	4983398
猛毒	4983397
くたびれ	4983396
セットアップ	4983395
フォーチュン	4983394
グッジョブ	4983393
彩	4983392
押し当て	4983391
iab	4983390
ネメック	4983389
チャーター	4983388
貸し出	4983387
足りん	4983386
登り	4983385
心境	4983384
天賦	4983383
鞭打ち	4983382
弱め	4983381
近況	4983380
エストニア	4983379
拉	4983378
ドーナッツ	4983377
csi	4983376
エーミ	4983375
コーリス	4983374
マザーシップ	4983373
かご	4983372
cross	4983371
イービー	4983370
従兄	4983369
置場	4983368
寶	4983367
弦之介	4983366
バルナバ	4983365
くっつけ	4983364
大嘘	4983363
柏田	4983362
改心	4983361
ナイチンゲール	4983360
へこみ	4983359
手腕	4983358
松葉	4983357
マゼラン	4983356
バジリ	4983355
トマ	4983354
両名	4983353
殴打	4983352
アレクサンドラ	4983351
うなず	4983350
ゼ	4983349
西洋	4983348
寄贈	4983347
skies	4983346
偏執	4983345
亜	4983344
タムナス	4983343
ピピン	4983342
リシン	4983341
ウディノフ	4983340
会食	4983339
ロシアン	4983338
出歩	4983337
階上	4983336
シフ	4983335
ジンクス	4983334
八重子	4983333
フリッグ	4983332
ダーザ	4983331
テックス	4983330
こき使	4983329
カルバン	4983328
力量	4983327
火炙り	4983326
ヤンコ	4983325
ズオ	4983324
一巻	4983323
あぁぁ	4983322
カリガリ	4983321
星条	4983320
アクセサリー	4983319
レイサム	4983318
出来上がり	4983317
ニシン	4983316
ストライカー	4983315
霊媒	4983314
輸出	4983313
死骸	4983312
すさ	4983311
ケルベロス	4983310
山頂	4983309
メカ	4983308
挙句	4983307
テンク	4983306
プロファイリング	4983305
メープル	4983304
ルック	4983303
ペピノ	4983302
メルトダウン	4983301
モニュメント	4983300
もののけ	4983299
ウィラ	4983298
族長	4983297
ブロイルス	4983296
浸水	4983295
気づけ	4983294
makes	4983293
内障	4983292
手なずけ	4983291
社内	4983290
容	4983289
がらくた	4983288
セニョール	4983287
遅らせ	4983286
私書	4983285
eyeborgs	4983284
幼少	4983283
まっとう	4983282
照れ	4983281
ファルコン	4983280
満喫	4983279
商店	4983278
fad	4983277
beth	4983276
スレイ	4983275
老化	4983274
ジャコブ	4983273
初歩	4983272
原作	4983271
化身	4983270
ジェラード	4983269
ランダ	4983268
さらい	4983267
フランシスコ	4983266
助っ人	4983265
宿主	4983264
肺炎	4983263
ｎ	4983262
コミック	4983261
ガヴァナー	4983260
セーセイ	4983259
周知	4983258
倍返し	4983257
wild	4983256
ヴァノウェン	4983255
ニコライ	4983254
ミッドタウン	4983253
クレナー	4983252
ちまえ	4983251
サンアントニオ	4983250
舗道	4983249
じょう	4983248
切迫	4983247
うかが	4983246
休職	4983245
エッ	4983244
ソフィ	4983243
旅人	4983242
ラッカム	4983241
持ち堪え	4983240
直近	4983239
カートライト	4983238
たし	4983237
乙事	4983236
窓際	4983235
レイガー	4983234
ろ過	4983233
太っちょ	4983232
チューリッヒ	4983231
皇太子	4983230
人肉	4983229
コミュニティー	4983228
くわえ	4983227
やり合	4983226
係員	4983225
还	4983224
恩義	4983223
盛り	4983222
tac	4983221
エレメント	4983220
ロックフェラー	4983219
巣箱	4983218
弔辞	4983217
アカ	4983216
once	4983215
付属	4983214
先入	4983213
デスクワーク	4983212
あらわ	4983211
ゲ	4983210
快方	4983209
サビーン	4983208
ヴェルヌ	4983207
焦が	4983206
施し	4983205
レオナルド	4983204
環	4983203
陣形	4983202
ウワー	4983201
pain	4983200
とやかく	4983199
コレステロール	4983198
の出	4983197
メロディー	4983196
縛り首	4983195
シカケス	4983194
密猟	4983193
フレイダ	4983192
ワーッ	4983191
サファイア	4983190
調停	4983189
たたえ	4983188
励	4983187
フドゥ	4983186
修道士	4983185
高利	4983184
案外	4983183
宣教	4983182
とある	4983181
益々	4983180
奏	4983179
取引き	4983178
フェース	4983177
マリアナ	4983176
ゞ	4983175
極上	4983174
飽き飽き	4983173
サンタモニカ	4983172
ばら撒	4983171
傷心	4983170
本位	4983169
綿	4983168
スパゲッティ	4983167
プーシキン	4983166
ローダ	4983165
レイシー	4983164
クジ	4983163
トックマン	4983162
磁場	4983161
企む	4983160
グートルーネ	4983159
アイテム	4983158
当直	4983157
投棄	4983156
though	4983155
カヤック	4983154
正装	4983153
軍需	4983152
ボクファー	4983151
あっさり	4983150
ビーズ	4983149
タラス	4983148
切り倒	4983147
立ちはだか	4983146
起き上がれ	4983145
ダスト	4983144
金切り	4983143
しゃがめ	4983142
爬虫	4983141
やつよ	4983140
クロゼット	4983139
パスコード	4983138
樹脂	4983137
シェード	4983136
外界	4983135
ライフワーク	4983134
ガマン	4983133
躍起	4983132
グレネード	4983131
イエーツ	4983130
ヴァルハル	4983129
剥がれ	4983128
砲塔	4983127
ヘリックス	4983126
ミンホ	4983125
厩舎	4983124
龍	4983123
よそ見	4983122
オーヴ	4983121
オコンネル	4983120
スイカ	4983119
広島	4983118
売り切れ	4983117
男らし	4983116
サウルス	4983115
ゾダンガ	4983114
凧	4983113
板橋	4983112
弾圧	4983111
戸締り	4983110
harazi	4983109
fun	4983108
レントゲン	4983107
グルート	4983106
イベットソン	4983105
濡れ衣	4983104
物言い	4983103
ヘブン	4983102
ジップ	4983101
阁	4983100
造り	4983099
足労	4983098
パンガー	4983097
ミイケル	4983096
トルーパー	4983095
門限	4983094
チタウリ	4983093
競合	4983092
オーマイ	4983091
year	4983090
硬直	4983089
レチェロ	4983088
理念	4983087
アレクシス	4983086
バッキー	4983085
大英	4983084
自答	4983083
図星	4983082
インスリン	4983081
見とれ	4983080
訴追	4983079
目障り	4983078
ワーォ	4983077
マンツ	4983076
交え	4983075
トロンボーン	4983074
発端	4983073
吹雪	4983072
事後	4983071
流動	4983070
ミンディー	4983069
ハーディング	4983068
国々	4983067
遺	4983066
大軍	4983065
モロイ	4983064
必殺	4983063
ガンバ	4983062
キャスティロ	4983061
押し入り	4983060
ドログ	4983059
四十	4983058
ジャレッド	4983057
分厚	4983056
幸先	4983055
満席	4983054
アラナ	4983053
シュミレーション	4983052
ぜいたく	4983051
ドイル	4983050
ニコラ	4983049
クービー	4983048
ザハラニ	4983047
ほらっ	4983046
ダンピア	4983045
オルティス	4983044
ゾゾ	4983043
やかまし	4983042
サドル	4983041
蹴っ飛ば	4983040
こっから	4983039
拝	4983038
淫ら	4983037
フランシーヌ	4983036
トニ	4983035
泊まり	4983034
ready	4983033
一休み	4983032
害獣	4983031
試食	4983030
わぁー	4983029
ゲール	4983028
政党	4983027
アバター	4983026
もめ事	4983025
せめ	4983024
um	4983023
コング	4983022
ヅラ	4983021
がり	4983020
電極	4983019
ミリオン	4983018
嗅げ	4983017
来襲	4983016
mg	4983015
sighs	4983014
lead	4983013
噴出	4983012
怎么	4983011
い物	4983010
引き剥が	4983009
ドレフュス	4983008
マーロウ	4983007
ノルマ	4983006
くそくらえ	4983005
陶芸	4983004
ヒレ	4983003
陸上	4983002
洗い出	4983001
インストラクター	4983000
megaforce	4982999
リーブ	4982998
集落	4982997
prince	4982996
小姐	4982995
引き離せ	4982994
どけよ	4982993
月光	4982992
こじつけ	4982991
はじま	4982990
解答	4982989
ウッ	4982988
感受	4982987
性病	4982986
ヘイミッシュ	4982985
則	4982984
證	4982983
五十	4982982
サーモン	4982981
アイズ	4982980
リル	4982979
ドラゴヴィッチ	4982978
無益	4982977
慰謝	4982976
已	4982975
ジェーソン	4982974
持ち込み	4982973
駆け込	4982972
アスリート	4982971
小指	4982970
サッサと	4982969
ラシャン	4982968
ルード	4982967
寛	4982966
そうか	4982965
しばらくだ	4982964
ジェラルディーン	4982963
過ぎん	4982962
厳守	4982961
あちら側	4982960
聞き分け	4982959
夜警	4982958
スミ	4982957
ハガキ	4982956
ちがい	4982955
マクサンス	4982954
メセドリン	4982953
口ぶり	4982952
青白	4982951
腰掛け	4982950
於	4982949
マリック	4982948
一揆	4982947
指差	4982946
転覆	4982945
やりがい	4982944
すさまじ	4982943
打倒	4982942
墾	4982941
踏み外	4982940
溜め込	4982939
富小路	4982938
アルトン	4982937
ya	4982936
スピッター	4982935
ツイート	4982934
ならび	4982933
シルバ	4982932
ハンリー	4982931
プリンタ	4982930
dad	4982929
ｯﾀｰ	4982928
ディッキー	4982927
ペトラ	4982926
静止	4982925
ぼけ	4982924
捻挫	4982923
speak	4982922
信管	4982921
ディヴィス	4982920
張本人	4982919
猿人	4982918
ファイバー	4982917
ポリ	4982916
ヴィヴ	4982915
until	4982914
パウンド	4982913
転勤	4982912
キロメートル	4982911
鈍感	4982910
京橋	4982909
日陰	4982908
ベイト	4982907
実物	4982906
一名	4982905
機敏	4982904
ブラド	4982903
ベリンダ	4982902
勃	4982901
宙	4982900
就是	4982899
同乗	4982898
清水	4982897
ネド	4982896
かぎ	4982895
ヒギンズ	4982894
late	4982893
コールドウェル	4982892
調	4982891
ウーマン	4982890
わく	4982889
ｖｓｉ	4982888
ファーガソン	4982887
ミラン	4982886
ローデス	4982885
ぴ	4982884
荒らし	4982883
いまいち	4982882
コストコ	4982881
打ち解け	4982880
happy	4982879
プロテクター	4982878
キマ	4982877
田	4982876
艦橋	4982875
ベルーカ	4982874
つじつま	4982873
日差し	4982872
クエル	4982871
cctv	4982870
同族	4982869
息切れ	4982868
ダルース	4982867
かぶり	4982866
ひよこ	4982865
小耳	4982864
ジャンパー	4982863
皮下	4982862
ヨークシャー	4982861
はつ	4982860
三脚	4982859
ゾイル	4982858
ジェミー	4982857
陶器	4982856
girls	4982855
ダーリヤ	4982854
ボウカン	4982853
言いな	4982852
マグネシウム	4982851
まりか	4982850
ニトログリセリン	4982849
くっそ	4982848
cpu	4982847
ジュディー	4982846
代わりだ	4982845
おはよ	4982844
カームンラー	4982843
激	4982842
収縮	4982841
いい	4982840
語り	4982839
バルジャン	4982838
ダスティン	4982837
串刺し	4982836
手形	4982835
シェルドン	4982834
くり抜	4982833
醤油	4982832
叩き出	4982831
チャリティ	4982830
間柄	4982829
我们	4982828
クレムリン	4982827
謝れ	4982826
イシルドゥア	4982825
出逢	4982824
離れ離れ	4982823
ヘタレ	4982822
ディリン	4982821
こぁ	4982820
学歴	4982819
island	4982818
読み取れ	4982817
四角	4982816
青空	4982815
鉄砲	4982814
夢想	4982813
左舷	4982812
ゴング	4982811
生み	4982810
スクインツ	4982809
殺到	4982808
met	4982807
あやし	4982806
カンボジア	4982805
メルシー	4982804
享	4982803
海原	4982802
攻略	4982801
力ずく	4982800
熱烈	4982799
あっそ	4982798
フラタシャイ	4982797
アリサー	4982796
楽天	4982795
ウエディング	4982794
空域	4982793
エバー	4982792
がな	4982791
激励	4982790
シナトラ	4982789
ヌードル	4982788
テジ	4982787
カルメン	4982786
譲歩	4982785
掲載	4982784
ロサンジェルス	4982783
橈骨	4982782
マキシン	4982781
ベティー	4982780
うれ	4982779
のー	4982778
蒸留	4982777
風速	4982776
ドミニカ	4982775
催	4982774
ピップ	4982773
脆	4982772
サンタフェ	4982771
ヤイラルパリル	4982770
四国	4982769
祈れ	4982768
イエーイ	4982767
チフス	4982766
ビリン	4982765
難解	4982764
ギャル	4982763
工科	4982762
チャッド	4982761
ライデン	4982760
ソニアン	4982759
nds	4982758
流れ者	4982757
サターフィールド	4982756
送りこ	4982755
キュー	4982754
シュワルツ	4982753
ほんま	4982752
いらつ	4982751
かかと	4982750
スタッツァー	4982749
小吉	4982748
難題	4982747
抽象	4982746
スムージ	4982745
ラーズ	4982744
グローブス	4982743
売国	4982742
スニーカー	4982741
落とし穴	4982740
生者	4982739
クソったれ	4982738
ヴォ	4982737
クルミィ	4982736
さぼ	4982735
毎分	4982734
ジェンセン	4982733
おさま	4982732
タガート	4982731
エミール	4982730
グランプリ	4982729
ティルマン	4982728
ロデオ	4982727
打ちつけ	4982726
ソド	4982725
奮闘	4982724
アイオワ	4982723
生い立ち	4982722
モットー	4982721
引越	4982720
朗読	4982719
バッタ	4982718
罪深	4982717
オーバーライド	4982716
ベルナデット	4982715
用心棒	4982714
スピロ	4982713
ベントン	4982712
困り	4982711
アサド	4982710
つなぎ	4982709
タル	4982708
ng	4982707
住ま	4982706
がや	4982705
溶解	4982704
藤原	4982703
学部	4982702
タービン	4982701
コテージ	4982700
caprican	4982699
でかく	4982698
スケール	4982697
僧	4982696
マル	4982695
土壇場	4982694
rock	4982693
売り場	4982692
フリッパー	4982691
セレナ	4982690
入社	4982689
香苗	4982688
頸	4982687
大幅	4982686
消極	4982685
濃縮	4982684
滅入	4982683
パキストン	4982682
信久	4982681
被疑	4982680
優良	4982679
エスプレッソ	4982678
ディディ	4982677
つき合	4982676
フィッチャー	4982675
ヴォーゲル	4982674
チー	4982673
不備	4982672
大っ嫌い	4982671
ミネアポリス	4982670
非情	4982669
グロ	4982668
衆	4982667
貢	4982666
タロス	4982665
チョッパー	4982664
ブレーカー	4982663
遠出	4982662
モールス	4982661
茎	4982660
原爆	4982659
劣化	4982658
汚物	4982657
ズーシュ	4982656
辞書	4982655
拾い	4982654
すす	4982653
ムチャ	4982652
たらし	4982651
更衣	4982650
云々	4982649
モリソン	4982648
あさり	4982647
オルハン	4982646
塾	4982645
命がけ	4982644
貯蓄	4982643
腹立たし	4982642
キャッチャー	4982641
茶化	4982640
コースト	4982639
秋山	4982638
売り飛ば	4982637
島田	4982636
遅延	4982635
否認	4982634
見いだ	4982633
花粉	4982632
calm	4982631
思い切り	4982630
マスーカ	4982629
隠し持	4982628
見通	4982627
てっぺん	4982626
エナジー	4982625
跳ね返	4982624
星雲	4982623
審	4982622
后	4982621
招き入れ	4982620
カスター	4982619
質疑	4982618
だせ	4982617
中部	4982616
タッチダウン	4982615
凍りつ	4982614
勝算	4982613
風俗	4982612
もの凄	4982611
目の	4982610
植えつけ	4982609
コンバット	4982608
無駄話	4982607
ノワリング	4982606
軍医	4982605
福音	4982604
撫で	4982603
陳述	4982602
喪	4982601
談	4982600
円盤	4982599
揉	4982598
カウフマン	4982597
無しか	4982596
交尾	4982595
リグズビー	4982594
タックル	4982593
穏便	4982592
忘却	4982591
ひざまづ	4982590
アドリアナ	4982589
trek	4982588
棄て	4982587
ウィトウィッキー	4982586
女め	4982585
ハウ	4982584
トライ	4982583
タイル	4982582
瓦	4982581
ふる	4982580
ステレオ	4982579
ブリュースター	4982578
堕	4982577
ドカン	4982576
おろか	4982575
トラン	4982574
ストリーム	4982573
保育	4982572
マスト	4982571
ウッディ	4982570
左目	4982569
こつ	4982568
えーっ	4982567
誤訳	4982566
メキシカン	4982565
被災	4982564
融通	4982563
崖っぷち	4982562
フィギュア	4982561
ミカエル	4982560
セントルイス	4982559
欠か	4982558
オル	4982557
改修	4982556
名家	4982555
clay	4982554
lies	4982553
ローリング	4982552
fool	4982551
噛み跡	4982550
カンプ	4982549
天空	4982548
松吉	4982547
適度	4982546
ジェナ	4982545
思案	4982544
真っ黒	4982543
霊感	4982542
念入り	4982541
ｋｇ	4982540
デリケート	4982539
スパイダー	4982538
だるま	4982537
道順	4982536
里子	4982535
亭	4982534
野外	4982533
廻り	4982532
改築	4982531
プロッサー	4982530
尚早	4982529
フレア	4982528
loves	4982527
ティボルト	4982526
サルマン	4982525
コイル	4982524
分泌	4982523
個体	4982522
童謡	4982521
おか	4982520
ワッ	4982519
眠た	4982518
ヴラド	4982517
武道	4982516
パッツイ	4982515
生き甲斐	4982514
売り手	4982513
放っ	4982512
広間	4982511
パラドックス	4982510
小石	4982509
ことわざ	4982508
みんなど	4982507
クレリック	4982506
stand	4982505
ツインズ	4982504
ｙ	4982503
ドゥリン	4982502
ナルシスト	4982501
石灰	4982500
果	4982499
受理	4982498
チンケ	4982497
コンバイン	4982496
クラックス	4982495
とびきり	4982494
ｬ	4982493
箸	4982492
初版	4982491
クィーニー	4982490
ブン	4982489
タートル	4982488
起て	4982487
キモサベ	4982486
舗装	4982485
運行	4982484
ハーヴェイ	4982483
ミアーズ	4982482
among	4982481
メディナ	4982480
偏屈	4982479
エコ	4982478
ずさん	4982477
特ダネ	4982476
へこ	4982475
手すり	4982474
ロケーション	4982473
車道	4982472
よる	4982471
エイモン	4982470
グアテマラ	4982469
弱々し	4982468
深ま	4982467
anna	4982466
悪性	4982465
グー	4982464
アレンジ	4982463
いそう	4982462
ゲノム	4982461
すっぽか	4982460
フレンザー	4982459
soon	4982458
カフェテリア	4982457
行き詰まり	4982456
ゾロ	4982455
木陰	4982454
生々し	4982453
erika	4982452
誘き出	4982451
ぶちこ	4982450
マッコイ	4982449
私情	4982448
ブリトー	4982447
百姓	4982446
片っ端	4982445
遺棄	4982444
異状	4982443
水圧	4982442
went	4982441
ライロス	4982440
ヘイブン	4982439
フォーメーション	4982438
モンティ	4982437
開幕	4982436
撃ち抜	4982435
イエー	4982434
秋葉	4982433
ニキビ	4982432
ムシ	4982431
腕力	4982430
アストラ	4982429
着水	4982428
オノ	4982427
台風	4982426
縞	4982425
マリオット	4982424
アマル	4982423
粘着	4982422
飛びかか	4982421
サキ	4982420
割り出せ	4982419
火あぶり	4982418
下落	4982417
ラザニア	4982416
チームメイト	4982415
本国	4982414
ホレ	4982413
構内	4982412
シュ	4982411
ホイット	4982410
高名	4982409
バーモント	4982408
カリカリ	4982407
周到	4982406
キミー	4982405
骨抜き	4982404
市議会	4982403
カーヴァー	4982402
アイヴァン	4982401
卍谷	4982400
シラン	4982399
ちっ	4982398
ブリッツ	4982397
ドラリュ	4982396
アストリド	4982395
使い物	4982394
謝礼	4982393
ソーヤ	4982392
左腕	4982391
レナート	4982390
having	4982389
小節	4982388
ドリフト	4982387
グレンダ	4982386
あっちこっち	4982385
カナン	4982384
ハーグ	4982383
ポリマー	4982382
見地	4982381
早退	4982380
委託	4982379
ホーテン	4982378
居残り	4982377
リーディング	4982376
取り入れ	4982375
主権	4982374
コラム	4982373
芽生え	4982372
ささやき	4982371
つづ	4982370
ユニダック	4982369
most	4982368
人妻	4982367
デミトリ	4982366
銘柄	4982365
サハリン	4982364
ボルティモア	4982363
張り込	4982362
ばったり	4982361
陰気	4982360
貰い	4982359
一式	4982358
渋谷	4982357
シナモン	4982356
コミューン	4982355
連動	4982354
ミーシャ	4982353
ぼやけ	4982352
晩ご飯	4982351
heard	4982350
ビンクス	4982349
当番	4982348
易し	4982347
占い師	4982346
くぞ	4982345
ワーウィック	4982344
法令	4982343
ろっ	4982342
音信	4982341
嘘つきよ	4982340
逸脱	4982339
諸国	4982338
バンドエイド	4982337
hurt	4982336
トレー	4982335
アンジェリーナ	4982334
一石	4982333
エクソシスト	4982332
ドゥネ	4982331
雄	4982330
ウイス	4982329
シャム	4982328
ヘルマン	4982327
グールド	4982326
老後	4982325
second	4982324
痔	4982323
ーパパ	4982322
しの	4982321
旬	4982320
電解	4982319
更迭	4982318
敬虔	4982317
足し	4982316
冥福	4982315
向かい合	4982314
居酒屋	4982313
空母	4982312
小野寺	4982311
fought	4982310
わり	4982309
パンドラ	4982308
早樹	4982307
機首	4982306
講座	4982305
家来	4982304
腹ぺこ	4982303
戦傷	4982302
けん	4982301
助成	4982300
ホス	4982299
地所	4982298
詈	4982297
海流	4982296
シエラ	4982295
バタリヤ	4982294
落雷	4982293
赤ちゃんと	4982292
クーラー	4982291
ガーヴィー	4982290
しびれ	4982289
単一	4982288
すね	4982287
弁	4982286
接合	4982285
フエンテス	4982284
だだ	4982283
お古	4982282
専制	4982281
堅実	4982280
塩素	4982279
フリーランス	4982278
白痴	4982277
狂言	4982276
天下	4982275
持ち株	4982274
まこと	4982273
ホイットニー	4982272
トレッド	4982271
富士	4982270
踏み込め	4982269
ろくでなし	4982268
平林	4982267
新兵	4982266
巣窟	4982265
夕日	4982264
仕上が	4982263
ググ	4982262
増やせ	4982261
ヴィンチグ	4982260
旅団	4982259
一挙	4982258
舎監	4982257
擦り傷	4982256
啼	4982255
カミラ	4982254
de	4982253
白水	4982252
same	4982251
見栄え	4982250
ダガー	4982249
沢渡	4982248
囁き	4982247
コーパス	4982246
行け行け	4982245
グリフ	4982244
献血	4982243
スズキ	4982242
フロッグ	4982241
パーリー	4982240
呈	4982239
アーサ	4982238
了沢	4982237
うってつけ	4982236
キャンバス	4982235
不振	4982234
磨き	4982233
どこだい	4982232
en	4982231
取り巻き	4982230
パイロン	4982229
エンテス	4982228
anymore	4982227
拡が	4982226
あごひげ	4982225
古傷	4982224
バラード	4982223
マカロニ	4982222
サベージ	4982221
ヤケ	4982220
パウエル	4982219
街角	4982218
ダート	4982217
フィッツジェラルド	4982216
気掛かり	4982215
ジャクソンビル	4982214
着弾	4982213
なな	4982212
キンタマ	4982211
ベネキー	4982210
分から	4982209
ハイチ	4982208
カルロッタ	4982207
フォーン	4982206
ロンダリング	4982205
文無し	4982204
淫婦	4982203
射止め	4982202
弛緩	4982201
捨て去	4982200
マッシー	4982199
ashes	4982198
丿レ	4982197
干上が	4982196
リーダ	4982195
パレット	4982194
査察	4982193
品種	4982192
不毛	4982191
バッジャー	4982190
銀色	4982189
マカリスター	4982188
もぎ取	4982187
シュタージ	4982186
ホリングス	4982185
テイクアウト	4982184
マガジン	4982183
クロノス	4982182
round	4982181
ハハッ	4982180
チェルノフ	4982179
莞	4982178
慶	4982177
虫歯	4982176
ノード	4982175
テト	4982174
山岳	4982173
ドラマチック	4982172
グラフ	4982171
アクシーニヤ	4982170
はなせ	4982169
ダビデ	4982168
アクア	4982167
エリジウム	4982166
ディープ	4982165
退位	4982164
査問	4982163
ベイル	4982162
漢	4982161
エンビー	4982160
移り	4982159
エスカレート	4982158
飛び去	4982157
ソイツ	4982156
ブラウ	4982155
欲張り	4982154
ソックリ	4982153
絶頂	4982152
屍	4982151
財	4982150
恥かし	4982149
オシャレ	4982148
手綱	4982147
はぐれ	4982146
台帳	4982145
結びつき	4982144
ヴァース	4982143
切り傷	4982142
ボレロ	4982141
照射	4982140
タキオン	4982139
オリュンポス	4982138
補聴	4982137
マダガスカル	4982136
フュリオサ	4982135
硬化	4982134
ブリア	4982133
総力	4982132
ジョルジェ	4982131
鞍	4982130
ジマーマン	4982129
粘り強	4982128
バブル	4982127
備わ	4982126
応戦	4982125
トゲ	4982124
ナヴィーン	4982123
格言	4982122
充満	4982121
粗	4982120
雫	4982119
諮問	4982118
レキシー	4982117
問いかけ	4982116
荒々し	4982115
引換	4982114
物証	4982113
あたしら	4982112
アクティブ	4982111
プリマ	4982110
確執	4982109
寸法	4982108
存分	4982107
ソマーズ	4982106
着実	4982105
繰り返せ	4982104
兵曹	4982103
侯爵	4982102
並び	4982101
カーチャ	4982100
殴り倒	4982099
奔	4982098
減刑	4982097
アンドレフ	4982096
フォークナー	4982095
ノウ	4982094
即位	4982093
本命	4982092
躍	4982091
食いつ	4982090
反転	4982089
退出	4982088
とりこ	4982087
言い渡	4982086
病理	4982085
クレーター	4982084
航法	4982083
along	4982082
ヤンキース	4982081
野次馬	4982080
贋作	4982079
取り去	4982078
ブルーノ	4982077
バーブ	4982076
しきたり	4982075
哀し	4982074
ブランク	4982073
テレポート	4982072
延び	4982071
落ちこぼれ	4982070
カモミール	4982069
ペイント	4982068
デリ	4982067
チョイス	4982066
ジェイス	4982065
ゆだね	4982064
両立	4982063
つり	4982062
護身	4982061
璽	4982060
吸い上げ	4982059
入門	4982058
コマロフ	4982057
スキャナ	4982056
風変わり	4982055
はいっ	4982054
メカニック	4982053
チョン	4982052
アラート	4982051
トゥパウル	4982050
ロッテ	4982049
ナイジェリア	4982048
果てし	4982047
カンター	4982046
確約	4982045
合間	4982044
開戦	4982043
見渡せ	4982042
エンディング	4982041
ピストン	4982040
軽食	4982039
ステータス	4982038
すごー	4982037
車体	4982036
ムンド	4982035
色目	4982034
answer	4982033
ヤシン	4982032
yo	4982031
パンティー	4982030
サウジアラビア	4982029
ススメ	4982028
はなえ	4982027
仰向け	4982026
マドリード	4982025
直径	4982024
ソティリス	4982023
クリムゾン	4982022
都護	4982021
常軌	4982020
isa	4982019
環状	4982018
演算	4982017
ヘヴィ	4982016
特訓	4982015
まぶし	4982014
ビキニ	4982013
鉱夫	4982012
ボウガン	4982011
ボダック	4982010
全車	4982009
カマ	4982008
フェイバー	4982007
ファイロ	4982006
角田	4982005
trust	4982004
務ま	4982003
開業	4982002
ロマン	4982001
明かせ	4982000
犯せ	4981999
協同	4981998
ザフラ	4981997
looks	4981996
スクリプト	4981995
sign	4981994
アリッサ	4981993
領	4981992
ううっ	4981991
桑	4981990
寅	4981989
むしり取	4981988
オルデラン	4981987
行先	4981986
レイディー	4981985
つかえ	4981984
アンリ	4981983
珪	4981982
ツテ	4981981
ハースト	4981980
とこね	4981979
おのれ	4981978
シャトー	4981977
ティア	4981976
セーバー	4981975
コメディアン	4981974
君臨	4981973
丶ぅ	4981972
終戦	4981971
キラン	4981970
ディマジオ	4981969
おなら	4981968
ウィスラー	4981967
パービス	4981966
売渡	4981965
チクタク	4981964
ワラビー	4981963
蔓	4981962
スプリンクラー	4981961
エッセイ	4981960
はらわた	4981959
ガイア	4981958
ファット	4981957
フフ	4981956
句	4981955
生まれ変わり	4981954
パーキンス	4981953
マッカーサー	4981952
ジェンキンズ	4981951
ロータス	4981950
ベリーズ	4981949
スクン	4981948
蛍	4981947
リーズ	4981946
ヴァラス	4981945
綿棒	4981944
何もの	4981943
ジャニーン	4981942
渡航	4981941
sns	4981940
崩れ落ち	4981939
博愛	4981938
スタンディッシュ	4981937
筋合い	4981936
光り輝	4981935
ナーダン	4981934
ニコチン	4981933
こなし	4981932
人知	4981931
キャピトル	4981930
のろ	4981929
見損な	4981928
多摩	4981927
ポピー	4981926
殲滅	4981925
nato	4981924
取り入	4981923
文法	4981922
学会	4981921
太田	4981920
ぅち	4981919
ij	4981918
小額	4981917
撃ち殺せ	4981916
ビートル	4981915
司書	4981914
なんかい	4981913
悪戯	4981912
レニハン	4981911
寡	4981910
登頂	4981909
シマウマ	4981908
ヤレ	4981907
マヨネーズ	4981906
不況	4981905
hit	4981904
台なし	4981903
除染	4981902
悔い改め	4981901
アロ	4981900
ダチョウ	4981899
リッツ	4981898
党員	4981897
火器	4981896
リップ	4981895
レコーディング	4981894
ブラウニング	4981893
スウィフト	4981892
エクアドル	4981891
処遇	4981890
ラスン	4981889
呢	4981888
救け	4981887
濁	4981886
ヨハンセン	4981885
総額	4981884
届け出	4981883
鍋島	4981882
占	4981881
湿度	4981880
ホーリー	4981879
リヨン	4981878
針路	4981877
アイヴァー	4981876
スモーキー	4981875
弱気	4981874
引きこも	4981873
アワー	4981872
テリア	4981871
アッカーマン	4981870
そこね	4981869
宿屋	4981868
セラノ	4981867
移せ	4981866
殴り合い	4981865
ミミ	4981864
ブルガリア	4981863
わび	4981862
ベッツィ	4981861
破水	4981860
奨め	4981859
ガーゼ	4981858
ナゲット	4981857
威張	4981856
ランズ	4981855
マッシュ	4981854
ペニシリン	4981853
瀬戸	4981852
バークレー	4981851
伺え	4981850
ウィップ	4981849
金持	4981848
解き明か	4981847
替わり	4981846
コンペ	4981845
じゅうぶん	4981844
デストロイヤー	4981843
鼻歌	4981842
何れ	4981841
急所	4981840
当行	4981839
ゲイター	4981838
青酸	4981837
イリーナ	4981836
アッティラ	4981835
ドスラキ	4981834
圭三	4981833
まわせ	4981832
聞き逃	4981831
ビデオテープ	4981830
絡ま	4981829
バルトーク	4981828
web	4981827
徳子	4981826
イヴィー	4981825
ボア	4981824
dhs	4981823
挙手	4981822
敵機	4981821
ジェイコブス	4981820
shield	4981819
見落とし	4981818
スパロー	4981817
公約	4981816
ライフスタイル	4981815
引受け	4981814
マリウス	4981813
凡人	4981812
流体	4981811
フィニッシュ	4981810
ゾッド	4981809
不貞	4981808
重病	4981807
洗いざらい	4981806
野口	4981805
くそ野朗	4981804
水兵	4981803
じつ	4981802
ヤメ	4981801
コンティニュア	4981800
法外	4981799
腹ばい	4981798
ファラッド	4981797
ビビックス	4981796
おく	4981795
テルネイ	4981794
殺め	4981793
メロディ	4981792
斜め	4981791
アリア	4981790
じんましん	4981789
アルキデス	4981788
ちゅ	4981787
シラミ	4981786
おでん	4981785
ともだち	4981784
採集	4981783
マイナー	4981782
不祥	4981781
プッシー	4981780
著し	4981779
半人	4981778
下垂	4981777
フランツ	4981776
ビクビク	4981775
考察	4981774
片側	4981773
ミンク	4981772
ベアトリス	4981771
ミープ	4981770
旅費	4981769
ターキー	4981768
不確か	4981767
コープ	4981766
なまり	4981765
茹で	4981764
精算	4981763
アルプス	4981762
ファントム	4981761
ニューアーク	4981760
先行き	4981759
ドルジェ	4981758
種子	4981757
打ちひし	4981756
ジョリー	4981755
シュー	4981754
よぎ	4981753
为了	4981752
虚し	4981751
うざ	4981750
乞食	4981749
未然	4981748
ヘラ	4981747
フォンテ	4981746
トイレット	4981745
ガイガー	4981744
ウーッ	4981743
考	4981742
フォーカス	4981741
覆い隠	4981740
オーレン	4981739
多勢	4981738
眉毛	4981737
ガンダーク	4981736
クリシー	4981735
ショコラティエ	4981734
エプロン	4981733
ｉｑ	4981732
ラナー	4981731
ベロニカ	4981730
見返	4981729
証し	4981728
アラーナ	4981727
顏	4981726
反感	4981725
菖	4981724
つぼ	4981723
二鳥	4981722
売店	4981721
成就	4981720
比類	4981719
中和	4981718
輝彦	4981717
ハンクス	4981716
デヴォン	4981715
こりゃあ	4981714
軟膏	4981713
ウィドモア	4981712
単	4981711
電撃	4981710
温泉	4981709
グランデ	4981708
ローカル	4981707
縦	4981706
エイワ	4981705
ing	4981704
千里	4981703
まずまず	4981702
ニーズ	4981701
可燃	4981700
アラ	4981699
雷雨	4981698
口髭	4981697
営	4981696
失言	4981695
住み	4981694
ウラジミール	4981693
疆	4981692
ワタシ	4981691
厘	4981690
aste	4981689
マロイ	4981688
押し上げ	4981687
コーウェン	4981686
委任	4981685
カヌー	4981684
寝台	4981683
カトリーナ	4981682
こく	4981681
マリアン	4981680
huh	4981679
ワイヤ	4981678
プー	4981677
掛け合	4981676
ベルヴェデーレ	4981675
鳴り	4981674
マジッド	4981673
補修	4981672
人め	4981671
ヒロイン	4981670
trouble	4981669
またが	4981668
松明	4981667
甲賀	4981666
ラスク	4981665
敬愛	4981664
ハース	4981663
ソベル	4981662
ヘルフェスト	4981661
クルミ	4981660
推奨	4981659
ジャベール	4981658
police	4981657
fーy	4981656
空し	4981655
開演	4981654
癇癪	4981653
堅固	4981652
マルワン	4981651
ファンタ	4981650
ローション	4981649
经	4981648
格別	4981647
麺	4981646
エドウィン	4981645
al	4981644
兰	4981643
パウダー	4981642
時ー	4981641
メイア	4981640
かがめ	4981639
ラパディット	4981638
ダイニング	4981637
荒れ地	4981636
所見	4981635
ガラ	4981634
探れ	4981633
ウール	4981632
パチンコ	4981631
カッカ	4981630
年中	4981629
hospital	4981628
とげ	4981627
うかつ	4981626
まぎれ	4981625
工芸	4981624
吹き飛ばせ	4981623
モダン	4981622
とりかか	4981621
ソリア	4981620
あープ	4981619
中西部	4981618
先々	4981617
メス犬	4981616
ヒステリー	4981615
すぎん	4981614
timberape	4981613
メンフィス	4981612
ジャイルズ	4981611
テイ	4981610
膨張	4981609
バーリン	4981608
眼窩	4981607
ニュート	4981606
潜り抜け	4981605
素顔	4981604
歲	4981603
計器	4981602
レスキュー	4981601
マナク	4981600
スクラム	4981599
指針	4981598
ニッケル	4981597
ジャンナ	4981596
刑罰	4981595
銀貨	4981594
リバーサイド	4981593
指さ	4981592
甲斐	4981591
st	4981590
スターバックス	4981589
良識	4981588
开	4981587
モータン	4981586
ホプキンス	4981585
ボデガ	4981584
作り変え	4981583
ピラフ	4981582
ヴェロニカ	4981581
バイユー	4981580
解凍	4981579
ありつけ	4981578
簡易	4981577
パットン	4981576
ステイ	4981575
生検	4981574
下位	4981573
メチャメチャ	4981572
墜ち	4981571
花びら	4981570
ボトム	4981569
ギヤ	4981568
ドラキュラ	4981567
ヒックマン	4981566
さび	4981565
渦巻き	4981564
リヴ	4981563
シェリフ	4981562
スカリス	4981561
ﾎﾃﾙ	4981560
バシリ	4981559
ホフマン	4981558
書き込み	4981557
クリー	4981556
さば	4981555
胞子	4981554
コー	4981553
ドルビー	4981552
高み	4981551
度重な	4981550
思し召し	4981549
ギービヒ	4981548
おおっ	4981547
覗き込	4981546
真昼間	4981545
グッチ	4981544
テイク	4981543
声帯	4981542
首吊り	4981541
円形	4981540
大罪	4981539
トント	4981538
アリウス	4981537
グレーム	4981536
若返	4981535
few	4981534
forever	4981533
ごまかし	4981532
駆使	4981531
入り込め	4981530
決戦	4981529
ヴィクトリア	4981528
叩き潰	4981527
シギ	4981526
デリン	4981525
立方	4981524
ダマスカス	4981523
魁	4981522
ジェフリーズ	4981521
儂	4981520
塩化	4981519
道筋	4981518
エイチ	4981517
邑	4981516
険し	4981515
伝票	4981514
レオス	4981513
ほーら	4981512
幹事	4981511
ティアー	4981510
建国	4981509
海峡	4981508
のび	4981507
釣り針	4981506
オーガー	4981505
シャフラ	4981504
クランツ	4981503
オリヴァー	4981502
まだい	4981501
かき切	4981500
ペンチ	4981499
オーランド	4981498
lives	4981497
詔	4981496
乗っか	4981495
流せ	4981494
半々	4981493
光学	4981492
草稿	4981491
ビリ	4981490
寒気	4981489
気色	4981488
シュア	4981487
パスファインダー	4981486
歩み	4981485
戴	4981484
泥沼	4981483
生き埋め	4981482
ウォルシュ	4981481
シーケンス	4981480
心遣い	4981479
鍵穴	4981478
メルマン	4981477
養護	4981476
ビンス	4981475
要約	4981474
ボンゾー	4981473
ブチ壊	4981472
通り道	4981471
ドアベル	4981470
歯向か	4981469
姬	4981468
八方	4981467
手懐け	4981466
ウェット	4981465
踊り子	4981464
大国	4981463
ださ	4981462
二の舞	4981461
孩子	4981460
長寿	4981459
朝一	4981458
出回	4981457
ニューハンプシャー	4981456
友花	4981455
吹きかけ	4981454
押し倒	4981453
にー	4981452
ストリックランド	4981451
谷子	4981450
ジングル	4981449
藁	4981448
雄牛	4981447
エレクトラ	4981446
道場	4981445
gave	4981444
諺	4981443
殺虫	4981442
ヘルナンデス	4981441
特売	4981440
思い付き	4981439
シンティック	4981438
プロテイン	4981437
バイブル	4981436
マッコール	4981435
出征	4981434
ディドリクソン	4981433
ハイッサム	4981432
立件	4981431
アニャ	4981430
勘当	4981429
ほうき	4981428
術師	4981427
手の	4981426
ナディーン	4981425
さらけ出	4981424
バンクーバー	4981423
コネクション	4981422
ティグレー	4981421
むやみ	4981420
イリン	4981419
成りすま	4981418
コーエン	4981417
切れ端	4981416
shit	4981415
土台	4981414
ブレンナー	4981413
返金	4981412
ジュニパー	4981411
野良犬	4981410
ヤッホー	4981409
銃士	4981408
エヘン	4981407
タンパ	4981406
縛り上げ	4981405
カロライナ	4981404
合わ	4981403
アハハハ	4981402
新星	4981401
イリナ	4981400
すだ	4981399
ドレスデン	4981398
はなれ	4981397
肉親	4981396
ニッキ	4981395
血しぶき	4981394
ワイプ	4981393
被弾	4981392
レター	4981391
ステイプルトン	4981390
密会	4981389
マーシャ	4981388
シナ	4981387
空き地	4981386
マッチョ	4981385
der	4981384
付添	4981383
ウッズ	4981382
経度	4981381
失明	4981380
担架	4981379
後世	4981378
インディ	4981377
フリオ	4981376
花婿	4981375
ヤケド	4981374
ボーカル	4981373
脾臓	4981372
剣士	4981371
水深	4981370
か弱	4981369
緯度	4981368
パックマン	4981367
倒し	4981366
しゃべれ	4981365
宇	4981364
入所	4981363
逆上	4981362
rio	4981361
不時	4981360
グリニッジ	4981359
譚	4981358
徴収	4981357
焼き付け	4981356
エストレ	4981355
ブレス	4981354
課税	4981353
ダコタ	4981352
マネージャ	4981351
ヘアピン	4981350
ケータリング	4981349
偶像	4981348
硬貨	4981347
オキシ	4981346
テオドロ	4981345
ハンカチ	4981344
ブライアント	4981343
神社	4981342
オカシイ	4981341
なめらか	4981340
交響	4981339
疎通	4981338
种	4981337
カラカラ	4981336
健やか	4981335
苛め	4981334
共鳴	4981333
踏ん張れ	4981332
すまん	4981331
欠落	4981330
前衛	4981329
アスタポー	4981328
エー	4981327
news	4981326
胆管	4981325
後遺	4981324
サンクス	4981323
みやげ	4981322
劣勢	4981321
館長	4981320
ケルティ	4981319
鉄槌	4981318
モーゼズ	4981317
ステ	4981316
ハテム	4981315
持ち帰り	4981314
プレイス	4981313
嘆き悲し	4981312
ルーピー	4981311
シュシュ	4981310
ギャップ	4981309
家臣	4981308
安否	4981307
いやっ	4981306
終わら	4981305
両国	4981304
凍て	4981303
野性	4981302
一新	4981301
譲れ	4981300
内心	4981299
自作	4981298
白黒	4981297
紅	4981296
モズ	4981295
卒	4981294
ベーリッシュ	4981293
苦闘	4981292
アディレス	4981291
モロ	4981290
ステッフ	4981289
グレイブ	4981288
まるっきり	4981287
妬み	4981286
休業	4981285
喂	4981284
拭け	4981283
矢代	4981282
つまみ	4981281
ガビ	4981280
マトリクス	4981279
ケタミン	4981278
プロキシ	4981277
マクダフ	4981276
匠悟	4981275
情事	4981274
エボラ	4981273
ギャヴィン	4981272
ウェイト	4981271
楼	4981270
ちっこ	4981269
磯	4981268
尾翼	4981267
吸殻	4981266
南ア	4981265
安住	4981264
ぐるぐる	4981263
青少年	4981262
媒介	4981261
散乱	4981260
デリー	4981259
山登り	4981258
チェックポイント	4981257
ぐっ	4981256
輝け	4981255
芸人	4981254
クロー	4981253
失くな	4981252
ことごとく	4981251
ニグマ	4981250
曲芸	4981249
戒	4981248
seem	4981247
ほえ	4981246
トライセラ	4981245
巨匠	4981244
エシュフェニ	4981243
クリングル	4981242
的中	4981241
薄暗	4981240
遊び場	4981239
テク	4981238
シェーリー	4981237
噛み砕	4981236
リアリティ	4981235
ヴィッチ	4981234
パナム	4981233
食らえだ	4981232
対称	4981231
ごど	4981230
条例	4981229
けな	4981228
グッ	4981227
正せ	4981226
もたれ	4981225
mcu	4981224
リーブズ	4981223
ベルフォート	4981222
ポートリー	4981221
ガーディナー	4981220
クギ	4981219
満	4981218
动	4981217
生後	4981216
ジキル	4981215
頭金	4981214
ボリューム	4981213
軍艦	4981212
今時	4981211
うぉ	4981210
とば	4981209
末裔	4981208
コノリー	4981207
ひらめき	4981206
但是	4981205
翻弄	4981204
啦	4981203
跨	4981202
ブルースター	4981201
傷め	4981200
キャビア	4981199
ツイン	4981198
性悪	4981197
不慣れ	4981196
ハニガン	4981195
巴ス	4981194
全軍	4981193
グアンタナモ	4981192
木製	4981191
チャッキー	4981190
トルーマン	4981189
半球	4981188
ミリグラム	4981187
くぐり抜け	4981186
ハィ	4981185
韻	4981184
他人事	4981183
バギー	4981182
メタンフェタミン	4981181
的外れ	4981180
悪評	4981179
校内	4981178
菫藝	4981177
ダブリン	4981176
elder	4981175
レッグ	4981174
鉱物	4981173
唱歌	4981172
良江	4981171
singing	4981170
派兵	4981169
ハヤ	4981168
否決	4981167
オスロ	4981166
運び出せ	4981165
居続け	4981164
小沼	4981163
堪能	4981162
ジャバ	4981161
強者	4981160
コルサント	4981159
見つ	4981158
正念	4981157
ひる	4981156
ウイトラ	4981155
糞女	4981154
熱源	4981153
姜	4981152
てん	4981151
生まれ育	4981150
事覚え	4981149
刃向か	4981148
ファンズワース	4981147
転々	4981146
ひとりぼっち	4981145
車中	4981144
蓮	4981143
キメラ	4981142
米兵	4981141
内藤	4981140
スティンガー	4981139
ハザスリウ	4981138
那个	4981137
ravenclaw	4981136
セーラム	4981135
read	4981134
発狂	4981133
軍法	4981132
deal	4981131
取り立て	4981130
ブリッグ	4981129
実務	4981128
アラモ	4981127
トランポリン	4981126
書き置き	4981125
流用	4981124
ふさげ	4981123
オルハ	4981122
フタ	4981121
マヒ	4981120
刻々	4981119
盲点	4981118
伝送	4981117
コロナ	4981116
トンプキンス	4981115
家宝	4981114
延命	4981113
達二人	4981112
直結	4981111
幽閉	4981110
見識	4981109
できみ	4981108
ブラウニー	4981107
震え上が	4981106
ヴァーソン	4981105
未払い	4981104
ワウ	4981103
フェー	4981102
実弾	4981101
滞納	4981100
ルースター	4981099
ヒザ	4981098
ばな	4981097
横流し	4981096
アイダ	4981095
南方	4981094
値引き	4981093
ブロウ	4981092
つくれ	4981091
となり	4981090
すー	4981089
ニクソン	4981088
ワーナー	4981087
合わん	4981086
ヴァルハラ	4981085
よこす	4981084
長続き	4981083
キンバリー	4981082
くじけ	4981081
蒸し返	4981080
ノーチラス	4981079
峠	4981078
無音	4981077
偶発	4981076
ダリア	4981075
水位	4981074
まあまあだ	4981073
可視	4981072
deep	4981071
ガルスカ	4981070
ドロドロ	4981069
殺菌	4981068
ガンボ	4981067
焚き火	4981066
テンダイン	4981065
スマイル	4981064
弔	4981063
siness	4981062
バスターズ	4981061
幾分	4981060
マクラーレン	4981059
おじけづ	4981058
振り切	4981057
応対	4981056
こころ	4981055
カラオケ	4981054
sunday	4981053
バーマン	4981052
ガナー	4981051
くちばし	4981050
ウォーム	4981049
線引き	4981048
終着	4981047
マシュウ	4981046
おふくろ	4981045
学問	4981044
あらっ	4981043
痘	4981042
送迎	4981041
コルヴス	4981040
ロドリック	4981039
スカッシュ	4981038
トレイン	4981037
マンソン	4981036
インパルス	4981035
ギリシア	4981034
飴	4981033
黒海	4981032
磁力	4981031
慎之助	4981030
物知り	4981029
ラマ	4981028
リーン	4981027
fisty	4981026
平安	4981025
実地	4981024
実権	4981023
フワフワ	4981022
揺りかご	4981021
節介	4981020
ヨナ	4981019
合わさ	4981018
教職	4981017
マランコフ	4981016
scared	4981015
代用	4981014
グリアー	4981013
スピロス	4981012
既知	4981011
家電	4981010
オンナ	4981009
シルバーブレイズ	4981008
ちょっぴり	4981007
掛かり	4981006
クラスメート	4981005
プロクター	4981004
シマンスキー	4981003
victor	4981002
これこれ	4981001
ショール	4981000
ヒッチ	4980999
譬	4980998
フェアモント	4980997
小銃	4980996
突破口	4980995
スピリット	4980994
決議	4980993
ほざ	4980992
肩書	4980991
ぶどう	4980990
せき	4980989
決算	4980988
引き合わ	4980987
飛び出し	4980986
懇意	4980985
引渡し	4980984
微量	4980983
逸れ	4980982
一丸	4980981
ぶら下げ	4980980
うわべ	4980979
耐久	4980978
全機	4980977
ナプスター	4980976
典子	4980975
歳月	4980974
人選	4980973
ゴラム	4980972
農地	4980971
蝶々	4980970
小夜子	4980969
桿	4980968
増員	4980967
くたばっ	4980966
つきとめ	4980965
何しろ	4980964
フィッシング	4980963
乱交	4980962
ゲイツ	4980961
タルス	4980960
コルナス	4980959
ｇｏ	4980958
咳払い	4980957
細切れ	4980956
たんまり	4980955
ちやん	4980954
フレドリック	4980953
グルミット	4980952
検診	4980951
ワイフ	4980950
惨劇	4980949
エエ	4980948
稟議	4980947
ウォルフォード	4980946
淫乱	4980945
ミングルー	4980944
アプリケーション	4980943
棄却	4980942
ice	4980941
脇線	4980940
すすり泣	4980939
南京	4980938
此	4980937
きし	4980936
突き刺さ	4980935
トーテム	4980934
攣	4980933
道楽	4980932
与	4980931
針金	4980930
ちんちん	4980929
happening	4980928
フルート	4980927
テール	4980926
damn	4980925
バンガロー	4980924
ハーデス	4980923
心的	4980922
蟲	4980921
騙し	4980920
腐れ	4980919
眼中	4980918
んど	4980917
ツイスト	4980916
麗し	4980915
母星	4980914
ティリス	4980913
貧血	4980912
急患	4980911
ルチン	4980910
クタクタ	4980909
もり	4980908
部分か	4980907
spell	4980906
暴風雨	4980905
まけ	4980904
passion	4980903
穴埋め	4980902
ウズウズ	4980901
大根	4980900
握りしめ	4980899
sion	4980898
while	4980897
チャル	4980896
マクマナス	4980895
垂直	4980894
貝殻	4980893
錠前	4980892
マンボ	4980891
遠吠え	4980890
質素	4980889
もみ	4980888
バラン	4980887
搾り取	4980886
グレープ	4980885
蜜	4980884
名高	4980883
ウェールズ	4980882
ぉも	4980881
隠匿	4980880
しだ	4980879
蘭	4980878
ルンパ	4980877
因子	4980876
発着	4980875
陸地	4980874
筋金	4980873
こたえ	4980872
大柄	4980871
胆	4980870
出来ん	4980869
引っぱ	4980868
絶縁	4980867
ああああ	4980866
マルコア	4980865
ナヴァロ	4980864
シュナイダーマン	4980863
カンヌ	4980862
alice	4980861
元締め	4980860
わあー	4980859
むだ	4980858
無情	4980857
アーヴィン	4980856
造れ	4980855
唐突	4980854
実刑	4980853
タブ	4980852
櫑	4980851
縛りつけ	4980850
分署	4980849
ルソー	4980848
日よ	4980847
ケネス	4980846
醒め	4980845
ウラジーミル	4980844
人柄	4980843
瞬	4980842
キャシャラ	4980841
ハマーシュ	4980840
飢え死に	4980839
拙	4980838
思い上が	4980837
鸞	4980836
グラウンド	4980835
訊ね	4980834
ラインハルト	4980833
勝敗	4980832
つかん	4980831
改名	4980830
絶叫	4980829
カースル	4980828
んさ	4980827
london	4980826
トラフィック	4980825
オムニ	4980824
先約	4980823
ギリアム	4980822
あかね	4980821
ピジョン	4980820
穴居	4980819
サトクリフ	4980818
背面	4980817
双眼	4980816
居ろ	4980815
奉公	4980814
奉	4980813
一日	4980812
床板	4980811
威圧	4980810
应	4980809
トリキシ	4980808
敵地	4980807
早死に	4980806
husband	4980805
よォ	4980804
會	4980803
クルチャール	4980802
下去	4980801
船舶	4980800
降格	4980799
武勇	4980798
公選	4980797
miss	4980796
オラクル	4980795
ジョンズ	4980794
インター	4980793
ボーっと	4980792
インテリ	4980791
ﾏｲｸ	4980790
通風	4980789
膳立て	4980788
留まれ	4980787
ーぞ	4980786
立腹	4980785
フィニー	4980784
復貴	4980783
モーツァルト	4980782
コロンブキル	4980781
ｎｓａ	4980780
法学	4980779
潔	4980778
シャカ	4980777
突き当たり	4980776
大概	4980775
ケルズ	4980774
kiss	4980773
ょく	4980772
主観	4980771
下心	4980770
チェドノフスキー	4980769
シャカウ	4980768
ダンディ	4980767
タウ	4980766
植木	4980765
街灯	4980764
振り払	4980763
everyone	4980762
やり過ご	4980761
幕開け	4980760
ガンジー	4980759
貼り付け	4980758
オックスレイ	4980757
散布	4980756
ミケランジェロ	4980755
野朗め	4980754
曹長	4980753
ウイ	4980752
たけ	4980751
重体	4980750
歩み寄	4980749
ハリデイ	4980748
ティアラ	4980747
踏ん張	4980746
俗物	4980745
サリバン	4980744
ウォ	4980743
二三	4980742
めく	4980741
借	4980740
ベロー	4980739
隣り	4980738
声かけ	4980737
民事	4980736
急落	4980735
ミキサー	4980734
打ち込め	4980733
ヒキガエル	4980732
偏向	4980731
申し入れ	4980730
オニオン	4980729
カカシ	4980728
甘美	4980727
ジェニシス	4980726
裁定	4980725
笑み	4980724
大豆	4980723
ケルン	4980722
全貌	4980721
トレーサー	4980720
目論	4980719
減量	4980718
ツーソン	4980717
関西	4980716
刎ね	4980715
ヘタクソ	4980714
接戦	4980713
オーレーリア	4980712
トロット	4980711
撒き散ら	4980710
ジェネシス	4980709
ピコ	4980708
わな	4980707
イムライ	4980706
大雨	4980705
bell	4980704
コロニアル	4980703
狼男	4980702
着れ	4980701
仲良	4980700
型破り	4980699
キャフリー	4980698
せえ	4980697
突如	4980696
ヘンリック	4980695
リヴァラン	4980694
ジャバウォッキー	4980693
ダーレン	4980692
錬金	4980691
レイア	4980690
そのー	4980689
折り合い	4980688
ガーナー	4980687
ダック	4980686
乗り移	4980685
文通	4980684
うんと	4980683
イチジク	4980682
償え	4980681
トントン	4980680
ムスタファ	4980679
氷山	4980678
双	4980677
pad	4980676
追っ手	4980675
グッドラック	4980674
インスピレーション	4980673
と殺	4980672
領空	4980671
カンペキ	4980670
イーヴァ	4980669
ズラ	4980668
脛骨	4980667
アイダホ	4980666
アムール	4980665
告解	4980664
ゆす	4980663
決死	4980662
ベーメン	4980661
むろん	4980660
デニング	4980659
外套	4980658
ポドチョルコフ	4980657
資材	4980656
フィールズ	4980655
騒乱	4980654
アルティ	4980653
心地よ	4980652
天職	4980651
だープ	4980650
ぶち	4980649
スカンノン	4980648
カペラ	4980647
艘	4980646
也	4980645
ベレー	4980644
靴底	4980643
ホームシック	4980642
ゆったり	4980641
ボーッと	4980640
需	4980639
船出	4980638
アザラシ	4980637
jesus	4980636
ヴィラ	4980635
五千	4980634
クルス	4980633
ミリメートル	4980632
スキンヘッド	4980631
常時	4980630
積み	4980629
クリァ	4980628
ガストン	4980627
もれ	4980626
アウグスト	4980625
つむ	4980624
ダブ	4980623
無二	4980622
ミネリ	4980621
塩分	4980620
ラクーン	4980619
ハンドバッグ	4980618
ライブラリ	4980617
現に	4980616
南軍	4980615
seems	4980614
ゴジラ	4980613
モリア	4980612
デューイ	4980611
アーキン	4980610
壊死	4980609
インプ	4980608
迎え撃	4980607
ジョラ	4980606
体面	4980605
ラドロー	4980604
うた	4980603
ビーガン	4980602
クロアチア	4980601
actually	4980600
新間	4980599
じゃが	4980598
スキニー	4980597
スロット	4980596
会費	4980595
スモール	4980594
アルロフ	4980593
ウィンシップ	4980592
boys	4980591
式場	4980590
検疫	4980589
名門	4980588
押し込み	4980587
どっぷり	4980586
げっ	4980585
統べ	4980584
浪人	4980583
ガッツ	4980582
縫い目	4980581
通帳	4980580
錨	4980579
スパム	4980578
創立	4980577
寝かしつけ	4980576
性急	4980575
縫い合わせ	4980574
ステフィ	4980573
制覇	4980572
逃げ足	4980571
小枝	4980570
タク	4980569
あなたしか	4980568
奮い立	4980567
炭	4980566
にぎやか	4980565
ピム	4980564
なま	4980563
チャリ	4980562
切な	4980561
塗れ	4980560
裏道	4980559
白鯨	4980558
signed	4980557
リヴァイアサン	4980556
ラスマス	4980555
飼え	4980554
ジグ	4980553
手当たり	4980552
タイツ	4980551
正々	4980550
リポート	4980549
ワーオ	4980548
窺	4980547
クロロホルム	4980546
ｅｎｃｏｍ	4980545
じまえ	4980544
炭水	4980543
主砲	4980542
眩	4980541
ケンゾウ	4980540
ミーナ	4980539
ダレル	4980538
想い出	4980537
treaty	4980536
ルアー	4980535
jack	4980534
托	4980533
激突	4980532
トロンド	4980531
ラングドン	4980530
ヘーリー	4980529
もっ	4980528
ブレークリー	4980527
自叙	4980526
バセラ	4980525
とこと	4980524
改変	4980523
ウザイ	4980522
マレーシア	4980521
バタバタ	4980520
low	4980519
近づき	4980518
イボンヌ	4980517
ハッハッハ	4980516
プラネット	4980515
ずば抜け	4980514
むかし	4980513
捻	4980512
親方	4980511
ベイツ	4980510
しょせん	4980509
ソジャット	4980508
ホルト	4980507
ペトロ	4980506
ファウクス	4980505
イベソル	4980504
スカイシップ	4980503
夜分	4980502
ハノイ	4980501
売り出	4980500
痒	4980499
星空	4980498
フィツュー	4980497
ロスチャイルド	4980496
毎秒	4980495
ホタル	4980494
ユダ	4980493
leaves	4980492
ドガ	4980491
パーミット	4980490
ヴィ	4980489
ひでぇ	4980488
找	4980487
走査	4980486
認否	4980485
因	4980484
prison	4980483
ハリントン	4980482
イオナ	4980481
ウィンターフェール	4980480
極限	4980479
マクリス	4980478
担任	4980477
引き締め	4980476
異国	4980475
鼻水	4980474
顧み	4980473
後れ	4980472
賛美	4980471
袋小路	4980470
演唱	4980469
チェンコ	4980468
幼なじみ	4980467
lsd	4980466
エリーズ	4980465
ジーター	4980464
つまづ	4980463
抱きつ	4980462
なつ	4980461
奇怪	4980460
マニング	4980459
チンチン	4980458
かかえ	4980457
受け持	4980456
モバイル	4980455
guess	4980454
プロジェクター	4980453
エスキモー	4980452
もったいぶ	4980451
サハラ	4980450
わが家	4980449
童話	4980448
けっして	4980447
揺るぎな	4980446
家路	4980445
ウジ虫	4980444
ピンチェロ	4980443
ヒアリング	4980442
ヤツラ	4980441
mp	4980440
鉄線	4980439
bitch	4980438
行く末	4980437
期日	4980436
金利	4980435
奨励	4980434
改竄	4980433
frontier	4980432
プロセト	4980431
跳び	4980430
running	4980429
minutes	4980428
絶妙	4980427
どっさり	4980426
メロメロ	4980425
キャシィ	4980424
em	4980423
もたもた	4980422
ムスタング	4980421
結託	4980420
フラスコ	4980419
買い占め	4980418
衣料	4980417
cry	4980416
定	4980415
呼び鈴	4980414
舌打ち	4980413
シーカー	4980412
名目	4980411
さばき	4980410
ラグナロク	4980409
噴	4980408
鯨	4980407
above	4980406
突っ切	4980405
クランプ	4980404
イザベラ	4980403
ずぶ	4980402
低俗	4980401
鳥類	4980400
ビフ	4980399
顕著	4980398
はびこ	4980397
ピスタチオ	4980396
水浸し	4980395
マクファーソン	4980394
ストレッチ	4980393
全盛	4980392
倉	4980391
痺れ	4980390
秘匿	4980389
ジューシー	4980388
stars	4980387
バチェラー	4980386
number	4980385
農薬	4980384
斜面	4980383
アリオ	4980382
通商	4980381
ミニー	4980380
ピール	4980379
勝機	4980378
ジリアン	4980377
メリ	4980376
母方	4980375
ジャーン	4980374
honey	4980373
麓	4980372
ヘーゲン	4980371
受験	4980370
よす	4980369
サンディー	4980368
光り	4980367
ロボトミー	4980366
バロウ	4980365
遠方	4980364
ドラモンド	4980363
半券	4980362
シェイクスピア	4980361
慧	4980360
ｼｭﾃﾌｧﾝ	4980359
灸	4980358
荷車	4980357
覗き見	4980356
取り計ら	4980355
肝炎	4980354
せいた	4980353
もぬけ	4980352
熨	4980351
続報	4980350
先物	4980349
青ざめ	4980348
jurgen	4980347
テーザー	4980346
留まり	4980345
自社	4980344
おぼれ	4980343
義輝	4980342
マルセイユ	4980341
音符	4980340
least	4980339
ふさが	4980338
凄腕	4980337
へぇー	4980336
幼虫	4980335
初代	4980334
恐魔	4980333
返上	4980332
スィート	4980331
ファイ	4980330
バックル	4980329
シンバル	4980328
エプス	4980327
朝メシ	4980326
肉片	4980325
雷鳴	4980324
pig	4980323
ねーぞ	4980322
スチュ	4980321
ウィラード	4980320
自治	4980319
わいせつ	4980318
書物	4980317
aimo	4980316
ヨンドゥ	4980315
やめれ	4980314
トゥック	4980313
さすらい	4980312
聞き飽き	4980311
ニトロ	4980310
ボリシェヴィキ	4980309
ショーナ	4980308
持ち出せ	4980307
床下	4980306
盛ん	4980305
ジェスチャー	4980304
滅菌	4980303
トロ	4980302
触媒	4980301
投合	4980300
急性	4980299
thrones	4980298
手直し	4980297
為よ	4980296
dra	4980295
たたけ	4980294
エルモント	4980293
工夫	4980292
耳鳴り	4980291
時機	4980290
収束	4980289
熱気	4980288
ベートーベン	4980287
振り向け	4980286
station	4980285
ソンミ	4980284
大公	4980283
採れ	4980282
キャロット	4980281
突き抜け	4980280
購読	4980279
挙動	4980278
迷え	4980277
り返	4980276
決済	4980275
adlon	4980274
suite	4980273
額縁	4980272
安堵	4980271
生気	4980270
心情	4980269
ボム	4980268
背筋	4980267
ポジ	4980266
天性	4980265
反復	4980264
小池	4980263
船外	4980262
フェラーラ	4980261
名士	4980260
うちだ	4980259
ニュニアス	4980258
ソーラー	4980257
ぬる	4980256
求む	4980255
ライナー	4980254
陶酔	4980253
はったり	4980252
レギュラー	4980251
被爆	4980250
クリーブランド	4980249
乗り回	4980248
振り付け	4980247
ワトスン	4980246
緒	4980245
榎木	4980244
提言	4980243
尚	4980242
他意	4980241
ルシア	4980240
支出	4980239
ロイヤリスト	4980238
体液	4980237
戯れ	4980236
ガルト	4980235
ナタリア	4980234
左肩	4980233
ｃｅｏ	4980232
食後	4980231
プルーン	4980230
モラレス	4980229
殺傷	4980228
コンクール	4980227
水滴	4980226
っぷり	4980225
パラノイア	4980224
样	4980223
かの	4980222
バリッシュ	4980221
儀	4980220
サンティー	4980219
しば	4980218
ヤックル	4980217
カミナリ	4980216
おいら	4980215
スカイプ	4980214
スリック	4980213
アングル	4980212
売り込み	4980211
逆境	4980210
アンチ	4980209
夜遊び	4980208
昔話	4980207
ちんぽ	4980206
スフィンクス	4980205
海域	4980204
迫り	4980203
クレー	4980202
ウェストレイク	4980201
作文	4980200
トアマンド	4980199
カーロイ	4980198
ファイヴ	4980197
補欠	4980196
金物	4980195
ニューヨーカー	4980194
わて	4980193
マリーン	4980192
エリザ	4980191
夜行	4980190
手はず	4980189
包み込	4980188
裏通り	4980187
タンポン	4980186
早智子	4980185
メカニコ	4980184
ストーキング	4980183
ツノ	4980182
ow	4980181
髪形	4980180
うね	4980179
思いや	4980178
トラント	4980177
クリムト	4980176
ハゲタカ	4980175
アティカス	4980174
まき散ら	4980173
ウェイランド	4980172
潤	4980171
境	4980170
イチャイチャ	4980169
スウィング	4980168
天狗	4980167
エップス	4980166
女好き	4980165
讐	4980164
太刀打ち	4980163
ロッジ	4980162
パンプキン	4980161
文河	4980160
合言葉	4980159
浴びせ	4980158
舞い戻	4980157
ベオグラード	4980156
ljl	4980155
下車	4980154
集い	4980153
道義	4980152
気軽	4980151
先延ば	4980150
子作り	4980149
圭ぅ	4980148
ヤロウ	4980147
言い回し	4980146
パツィ	4980145
パシリ	4980144
食肉	4980143
差出	4980142
ヘコ	4980141
憤怒	4980140
タマタマ	4980139
lala	4980138
げんか	4980137
落とし前	4980136
tears	4980135
まくれ	4980134
討ち	4980133
父君	4980132
吾輩	4980131
戰	4980130
メッツ	4980129
彡ク	4980128
はもう	4980127
二一	4980126
そぉ	4980125
デュシャン	4980124
カブトムシ	4980123
引っこ抜	4980122
ギャラガー	4980121
コミコン	4980120
輻	4980119
こんど	4980118
余市	4980117
基板	4980116
エントリー	4980115
石ころ	4980114
見える	4980113
ボロミア	4980112
あたかも	4980111
magic	4980110
呼び込	4980109
トーニャ	4980108
冴え	4980107
バチスタ	4980106
凌駕	4980105
ギャスパー	4980104
原本	4980103
作り物	4980102
さつ	4980101
omnis	4980100
ナヴィード	4980099
素朴	4980098
感じ取れ	4980097
クラウン	4980096
デュマ	4980095
リーダーシップ	4980094
ベンジェン	4980093
エリストン	4980092
前途	4980091
航海士	4980090
不过	4980089
コソ泥	4980088
カラマン	4980087
マスターズ	4980086
パイソン	4980085
ギムレット	4980084
思い返	4980083
同房	4980082
丿ヾ力	4980081
カシャ	4980080
トト	4980079
たびれ	4980078
ラングーン	4980077
feet	4980076
トレース	4980075
ブリーザー	4980074
冷やせ	4980073
債務	4980072
wants	4980071
突っ走	4980070
ルージュ	4980069
为什	4980068
銘	4980067
気まま	4980066
みんなどこ	4980065
欠場	4980064
臨機	4980063
インデックス	4980062
ライヴ	4980061
乗り上げ	4980060
応変	4980059
人探し	4980058
ごくろう	4980057
カトリーヌ	4980056
ディップ	4980055
唐辛子	4980054
強が	4980053
grave	4980052
もた	4980051
カリスター	4980050
fold	4980049
masa	4980048
手放せ	4980047
編隊	4980046
ヤラれ	4980045
誤算	4980044
取り出し	4980043
ためらい	4980042
ベラット	4980041
同室	4980040
这个	4980039
ブリュッセル	4980038
宣	4980037
カビル	4980036
変電	4980035
噛め	4980034
タイト	4980033
ウルバン	4980032
つぎ	4980031
憲菫	4980030
kiera	4980029
蓿	4980028
こよな	4980027
ホーホー	4980026
転身	4980025
薄め	4980024
クロウリー	4980023
カムリ	4980022
一人娘	4980021
金太郎	4980020
おちょく	4980019
ダッシュボード	4980018
セルジューク	4980017
ホロコースト	4980016
mule	4980015
ざまあみ	4980014
さびし	4980013
フォクス	4980012
斉藤	4980011
黒焦げ	4980010
ファイアント	4980009
温もり	4980008
called	4980007
マクドナルド	4980006
弾き	4980005
這い上が	4980004
追突	4980003
ミディアム	4980002
这里	4980001
喜ベ	4980000
アイラ	4979999
うるせえ	4979998
あらわれ	4979997
はは	4979996
ドラフト	4979995
仮眠	4979994
目立ち	4979993
フランクフルト	4979992
みなぎ	4979991
ヘイミッチ	4979990
ハリル	4979989
シェイファー	4979988
ラウ	4979987
デラウアー	4979986
bnd	4979985
適性	4979984
悪友	4979983
みだら	4979982
鬱	4979981
菌類	4979980
はした	4979979
おおお	4979978
存じ上げ	4979977
ジャヤ	4979976
テンション	4979975
送り込め	4979974
ロックオン	4979973
突きとめ	4979972
流れ着	4979971
マーニー	4979970
スティーヴ	4979969
モントリオール	4979968
双極	4979967
エノク	4979966
イージス	4979965
whatever	4979964
つけ込	4979963
香辛	4979962
打尽	4979961
代案	4979960
離反	4979959
ハンティング	4979958
アテナ	4979957
ジュラ	4979956
国語	4979955
保養	4979954
シマリス	4979953
耐性	4979952
知覚	4979951
ニノ	4979950
ウルケシュ	4979949
海運	4979948
倍増	4979947
ブライド	4979946
ソンフン	4979945
sheik	4979944
等々力	4979943
演繹	4979942
おおい	4979941
サイコパス	4979940
淘汰	4979939
乱射	4979938
口添え	4979937
特急	4979936
軟骨	4979935
サソリ	4979934
着ろ	4979933
ウェブスター	4979932
ひっかけ	4979931
為替	4979930
ファイブス	4979929
ファーロング	4979928
着任	4979927
モアブ	4979926
サマセット	4979925
薬草	4979924
常套	4979923
慣例	4979922
オートミール	4979921
ドクロ	4979920
デモンズ	4979919
ルボー	4979918
移入	4979917
確固	4979916
ミラノ	4979915
悩み事	4979914
アンソン	4979913
カラチ	4979912
フィッチ	4979911
撲殺	4979910
りー	4979909
同体	4979908
スピアーズ	4979907
friends	4979906
支柱	4979905
フーッ	4979904
shh	4979903
供与	4979902
絶命	4979901
警笛	4979900
国有	4979899
イーディ	4979898
ダルマー	4979897
サイアク	4979896
数式	4979895
さな	4979894
シャオ	4979893
エンターテイメント	4979892
はじ	4979891
入植	4979890
インドネシア	4979889
ミカエラ	4979888
去れ	4979887
念動	4979886
絶や	4979885
観戦	4979884
魅	4979883
マクレナハン	4979882
総司祭	4979881
队	4979880
わんさ	4979879
摂理	4979878
西欧	4979877
ウインド	4979876
エドモントン	4979875
見た	4979874
排泄	4979873
残存	4979872
黒字	4979871
フラス	4979870
ギャビン	4979869
グランドキャニオン	4979868
愛好	4979867
近し	4979866
サボテン	4979865
みじん	4979864
ニーリー	4979863
センチュリー	4979862
クィニー	4979861
見付かっ	4979860
ハーグローブ	4979859
ウジョア	4979858
尊大	4979857
聞き取り	4979856
惨状	4979855
見せ付け	4979854
チャールストン	4979853
ザネタコス	4979852
州法	4979851
wonder	4979850
マラリア	4979849
遥	4979848
アストリア	4979847
信任	4979846
パイント	4979845
ベラルーシ	4979844
取り敢えず	4979843
いす	4979842
バシャ	4979841
丝	4979840
ターザン	4979839
のち	4979838
テンペスト	4979837
由香	4979836
サード	4979835
ホウズキ	4979834
裏切れ	4979833
デジャブ	4979832
話かけ	4979831
ジャスティス	4979830
電動	4979829
口数	4979828
内政	4979827
ソルトレイク	4979826
待ちく	4979825
ビエルスキ	4979824
消し	4979823
アライ	4979822
sodra	4979821
すんなり	4979820
カンカン	4979819
報知	4979818
タマゴ	4979817
カスタム	4979816
dmv	4979815
パーキンズ	4979814
日時	4979813
嗅ぎ付け	4979812
コーツ	4979811
アキノ	4979810
成熟	4979809
ため込	4979808
威勢	4979807
酔え	4979806
リーチ	4979805
ビーケ	4979804
ざれ	4979803
walking	4979802
ダラダラ	4979801
途上	4979800
創始	4979799
常々	4979798
中手	4979797
ペダル	4979796
なで	4979795
ハメッド	4979794
有り金	4979793
丿し	4979792
味わい	4979791
ジャッキ	4979790
搭	4979789
シーハン	4979788
box	4979787
転機	4979786
チキ	4979785
テストステロン	4979784
俗	4979783
ポッツ	4979782
前歯	4979781
ハーレー	4979780
アス	4979779
見せびらか	4979778
オコネル	4979777
マルテンス	4979776
連	4979775
バーナデット	4979774
津々	4979773
パドル	4979772
カタリーナ	4979771
chan	4979770
ボネール	4979769
水源	4979768
ディオンドラ	4979767
乏し	4979766
コーデックス	4979765
果樹	4979764
クズリ	4979763
ミュンヘン	4979762
放り	4979761
行き違い	4979760
起こし	4979759
チア	4979758
シンクレア	4979757
ののし	4979756
願書	4979755
アカトラ	4979754
奇人	4979753
括	4979752
戸越	4979751
そお	4979750
軍部	4979749
べニー	4979748
まるまる	4979747
飲み屋	4979746
重た	4979745
死期	4979744
リヒター	4979743
周瑜	4979742
イラスト	4979741
フォーラム	4979740
ザレック	4979739
ソランジュ	4979738
rv	4979737
音痴	4979736
丸焼き	4979735
カーネギー	4979734
霊魂	4979733
ブーブー	4979732
ルーディ	4979731
probably	4979730
boat	4979729
理花	4979728
とっ	4979727
チルドレス	4979726
星章	4979725
バア	4979724
黄昏	4979723
デマ	4979722
投げかけ	4979721
倒壊	4979720
ステルー	4979719
加重	4979718
ベルダン	4979717
パフ	4979716
luck	4979715
コンスタンティノス	4979714
持ち主だ	4979713
ケタ	4979712
コリング	4979711
二の次	4979710
図々し	4979709
三振	4979708
激化	4979707
敵艦	4979706
フレディリック	4979705
鉄板	4979704
互角	4979703
由紀子	4979702
エミリィ	4979701
灼熱	4979700
ウエイター	4979699
ヘッドライト	4979698
信義	4979697
買い得	4979696
カディール	4979695
方形	4979694
海面	4979693
高瀬	4979692
水没	4979691
自在	4979690
差し出せ	4979689
ニューロシェル	4979688
lay	4979687
ダイナミクス	4979686
吹き消	4979685
立ち上がり	4979684
ガンプ	4979683
マーティー	4979682
嘛	4979681
他方	4979680
極小	4979679
シーズンズ	4979678
団員	4979677
メアリ	4979676
エアロ	4979675
カサ	4979674
バレリーナ	4979673
縛れ	4979672
ネガティブ	4979671
決裂	4979670
エスタ	4979669
岬	4979668
離せよ	4979667
鈩	4979666
のこぎり	4979665
最長	4979664
心筋	4979663
エレット	4979662
ma	4979661
eight	4979660
エルム	4979659
絶大	4979658
コロンボ	4979657
合戦	4979656
名無し	4979655
エヴァンス	4979654
ヘビット	4979653
碁	4979652
畠	4979651
先方	4979650
塞が	4979649
ベレン	4979648
テスラ	4979647
名作	4979646
序	4979645
煙幕	4979644
なんざ	4979643
セッティング	4979642
瓦鸠	4979641
ぢ	4979640
ジジ	4979639
ラケット	4979638
或	4979637
こない	4979636
官能	4979635
レル	4979634
戦犯	4979633
ホイップ	4979632
edith	4979631
ラクビアン	4979630
紛ら	4979629
コンプレックス	4979628
先例	4979627
下敷き	4979626
カンガルー	4979625
タンバー	4979624
上限	4979623
taxi	4979622
明け渡	4979621
モネ	4979620
白熱	4979619
イゾベル	4979618
カンダハル	4979617
アンガラッド	4979616
ソランド	4979615
突飛	4979614
ゲップ	4979613
ダーティ	4979612
片腕	4979611
dear	4979610
ダイアル	4979609
言い直	4979608
制止	4979607
観覧	4979606
times	4979605
引当	4979604
異母	4979603
やりあ	4979602
勝ち取れ	4979601
甲羅	4979600
不具	4979599
ヶ国	4979598
暴言	4979597
ゴーン	4979596
ミルマン	4979595
ヮ	4979594
グーチ	4979593
無神	4979592
不穏	4979591
討議	4979590
一端	4979589
めがけ	4979588
グラスゴー	4979587
ヘニングス	4979586
スターラボ	4979585
ブーケ	4979584
バーゲン	4979583
はさ	4979582
ビクつ	4979581
スタートレック	4979580
ガールズ	4979579
得体	4979578
頃合い	4979577
臼歯	4979576
モーターボート	4979575
グラディエーター	4979574
危ね	4979573
アイゼンハワー	4979572
ｖｉｐ	4979571
霞	4979570
球場	4979569
愛で	4979568
ダンスパーティー	4979567
通販	4979566
食材	4979565
巡洋	4979564
ヴィンテージ	4979563
遺留	4979562
ファイフィー	4979561
ヘム	4979560
果敢	4979559
故人	4979558
芸名	4979557
解せ	4979556
フロイト	4979555
モランジュ	4979554
斥候	4979553
血族	4979552
ディアボーン	4979551
際限	4979550
対人	4979549
揃い	4979548
ジャイロ	4979547
際立	4979546
クロフト	4979545
冷ま	4979544
フェルミン	4979543
芋虫	4979542
バーチャル	4979541
からび	4979540
ペリカン	4979539
黒猫	4979538
不老	4979537
室温	4979536
抜き打ち	4979535
省庁	4979534
本田	4979533
んす	4979532
コンジット	4979531
フィットネス	4979530
見受け	4979529
ビラ	4979528
シャバル	4979527
かんべん	4979526
未完	4979525
破傷	4979524
憂い	4979523
ハイドロ	4979522
陣取	4979521
相関	4979520
特命	4979519
ちぇっ	4979518
ウィットウィッキー	4979517
クリーチャー	4979516
遠の	4979515
下せ	4979514
ドレーク	4979513
ゴーレム	4979512
蹴散ら	4979511
ウィロー	4979510
フォールン	4979509
けさ	4979508
闘志	4979507
ジーニー	4979506
チコ	4979505
直属	4979504
ウィートン	4979503
ドアー	4979502
献金	4979501
やかん	4979500
front	4979499
リトヴェンコ	4979498
ルーツ	4979497
スランディング	4979496
ズーリ	4979495
エアフォース	4979494
ヾ	4979493
piggy	4979492
でん	4979491
純	4979490
立ち向かえ	4979489
スゲェ	4979488
すばや	4979487
ブレディ	4979486
廃	4979485
ａｔｍ	4979484
カフス	4979483
アット	4979482
フォト	4979481
とがめ	4979480
ボルキータ	4979479
パワフル	4979478
ddk	4979477
愛称	4979476
おわ	4979475
おっとっと	4979474
逃げだ	4979473
天窓	4979472
露	4979471
グラディス	4979470
殿方	4979469
bob	4979468
bringing	4979467
浮遊	4979466
簒奪	4979465
オスワルド	4979464
bubbles	4979463
夜食	4979462
微か	4979461
苦戦	4979460
凝視	4979459
スティポ	4979458
取り払	4979457
もしろ	4979456
ウォーターズ	4979455
水族	4979454
国道	4979453
下部	4979452
ブーメラン	4979451
心痛	4979450
プレデター	4979449
アーヴ	4979448
肺ガン	4979447
振れ	4979446
マッキー	4979445
尼	4979444
反旗	4979443
yet	4979442
モニーク	4979441
ャ	4979440
酸性	4979439
金沢	4979438
握り	4979437
両太	4979436
グリーシカ	4979435
欺瞞	4979434
ウォーレス	4979433
儚	4979432
卓球	4979431
ホークス	4979430
占有	4979429
心因	4979428
撃ち合	4979427
パティーン	4979426
廃業	4979425
血小	4979424
ライジェリア	4979423
マンハイム	4979422
狙い撃ち	4979421
ジョーディ	4979420
モンビ	4979419
小鬼	4979418
賜	4979417
段落	4979416
コスタリカ	4979415
日食	4979414
従妹	4979413
ウェス	4979412
eta	4979411
ハッシュ	4979410
ロメオ	4979409
昭和	4979408
ザイン	4979407
がまん	4979406
あう	4979405
星之	4979404
籍	4979403
微小	4979402
母乳	4979401
機転	4979400
アサルト	4979399
受精	4979398
クワン	4979397
上階	4979396
アカプルコ	4979395
まーす	4979394
odin	4979393
miami	4979392
現存	4979391
bukiyak	4979390
train	4979389
駆り出	4979388
スゾン	4979387
セージ	4979386
奪取	4979385
ねぐら	4979384
卓越	4979383
ストール	4979382
老犬	4979381
whoop	4979380
石器	4979379
ブロッコリー	4979378
海藻	4979377
person	4979376
バレム	4979375
人出	4979374
タイン	4979373
市外	4979372
ないがしろ	4979371
メーソン	4979370
脂	4979369
ダニエルズ	4979368
ぐるみ	4979367
バイブ	4979366
空洞	4979365
じゃがいも	4979364
吉報	4979363
ワッカ	4979362
アルバイノ	4979361
知力	4979360
引っか	4979359
こいつら	4979358
先駆	4979357
アナフィラキシー	4979356
使徒	4979355
さーん	4979354
風切り	4979353
ひっぱた	4979352
初頭	4979351
アルト	4979350
手詰まり	4979349
支払え	4979348
デモンストレーション	4979347
むご	4979346
大藪	4979345
題材	4979344
跪け	4979343
ジャマール	4979342
ぬれ	4979341
放蕩	4979340
ヴァイ	4979339
裏手	4979338
special	4979337
ウロコ	4979336
葉書	4979335
罪滅ぼし	4979334
どうこう	4979333
マントロ	4979332
saying	4979331
三昧	4979330
クニ	4979329
あんの	4979328
セティ	4979327
引き払	4979326
楽団	4979325
ten	4979324
日数	4979323
諸葛	4979322
given	4979321
telling	4979320
いそげ	4979319
オテロ	4979318
考え込	4979317
旗本	4979316
あば	4979315
ハーティガン	4979314
ラーニ	4979313
示せ	4979312
脱ぎ捨て	4979311
ポジティブ	4979310
マルコー	4979309
ハッズ	4979308
念力	4979307
乗り込め	4979306
農作	4979305
蒙	4979304
だーブ	4979303
シムズ	4979302
evening	4979301
美学	4979300
源泉	4979299
遊撃	4979298
出社	4979297
創出	4979296
からかい	4979295
なび	4979294
ジェリーン	4979293
ハレン	4979292
廃屋	4979291
アナトリー	4979290
axlerod	4979289
慣習	4979288
釣り糸	4979287
東陽	4979286
末路	4979285
博覧	4979284
あらかじめ	4979283
辞令	4979282
リロイ	4979281
lose	4979280
形作	4979279
白衣	4979278
こえ	4979277
吟遊	4979276
壱	4979275
根っこ	4979274
そむ	4979273
アフザル	4979272
編み物	4979271
マーベリック	4979270
ヌー	4979269
悪あがき	4979268
フローヨ	4979267
拓雄	4979266
ダサイ	4979265
エミリオ	4979264
曰	4979263
舞い降り	4979262
バケーション	4979261
シボレー	4979260
ホネ	4979259
ロドリゲス	4979258
コットン	4979257
ネオン	4979256
売りつけ	4979255
出品	4979254
ディキンソン	4979253
サンティノ	4979252
デニーズ	4979251
レノア	4979250
命綱	4979249
バイ菌	4979248
ショルトー	4979247
ダイソン	4979246
靴屋	4979245
トレード	4979244
栄雪	4979243
除雪	4979242
言ぅ	4979241
スミレ	4979240
麻	4979239
アマリヤ	4979238
タシャ	4979237
本道	4979236
ヘルシンキ	4979235
衰退	4979234
ククリンスキー	4979233
しご	4979232
見え見え	4979231
future	4979230
上乗せ	4979229
死産	4979228
非行	4979227
フラナリー	4979226
ダミーコ	4979225
総会	4979224
突き付け	4979223
同い年	4979222
強ま	4979221
ミレニアム	4979220
全裸	4979219
筒抜け	4979218
ふらつ	4979217
ぬいぐるみ	4979216
開封	4979215
礁	4979214
コディ	4979213
生きもの	4979212
インテリア	4979211
john	4979210
小道	4979209
とっさ	4979208
出費	4979207
full	4979206
ネイ	4979205
身ごも	4979204
うそだ	4979203
ゆで卵	4979202
crossed	4979201
リフォーム	4979200
誤魔化せ	4979199
クレカ	4979198
ジョブ	4979197
馴れ	4979196
ピーズ	4979195
母音	4979194
whyphy	4979193
至福	4979192
相場	4979191
集金	4979190
フセイン	4979189
踏み潰	4979188
ピトラー	4979187
ソクラテス	4979186
小動	4979185
ヒ素	4979184
あしら	4979183
ロドリゴ	4979182
ｳﾞｫﾙﾃﾞﾓｰﾄﾞ	4979181
ぉう	4979180
ひとたび	4979179
ｋｇｂ	4979178
ハムレット	4979177
哀悼	4979176
至上	4979175
loved	4979174
釣り上げ	4979173
真価	4979172
ブリート	4979171
カトラー	4979170
夕焼け	4979169
バガー	4979168
かき乱	4979167
絵描き	4979166
蛸	4979165
ムトー	4979164
トクイチ	4979163
嘆き	4979162
ステート	4979161
砂利	4979160
蛍火	4979159
ヘイヘイ	4979158
ジェイン	4979157
かがり火	4979156
ぶざま	4979155
ポッポ	4979154
書籍	4979153
アダル	4979152
プンプン	4979151
せれ	4979150
あぅ	4979149
提起	4979148
past	4979147
コノ	4979146
人ごみ	4979145
バイアグラ	4979144
じわじわ	4979143
立案	4979142
ゴロツキ	4979141
ハーピー	4979140
駆け	4979139
求愛	4979138
無償	4979137
立法	4979136
ブツブツ	4979135
ntsb	4979134
コモドゥス	4979133
而	4979132
いやはや	4979131
大司教	4979130
ピッチャー	4979129
船上	4979128
敵陣	4979127
浮かび上が	4979126
いささか	4979125
定年	4979124
コベル	4979123
マスタ	4979122
スケベ	4979121
紙袋	4979120
フリッ	4979119
ダーツ	4979118
イタチ	4979117
防具	4979116
アスファルト	4979115
回り込	4979114
サルサ	4979113
return	4979112
いわく	4979111
ロックンロール	4979110
序章	4979109
アドルフ	4979108
謂	4979107
露呈	4979106
カマロ	4979105
シオ	4979104
私服	4979103
令嬢	4979102
ゴア	4979101
織物	4979100
フローレス	4979099
ギャリバン	4979098
繭	4979097
タマラ	4979096
平面	4979095
イリジウム	4979094
クルール	4979093
ジミニー	4979092
ジャラー	4979091
靴紐	4979090
手応え	4979089
競り合い	4979088
手こず	4979087
カッツ	4979086
地殻	4979085
突ゴ	4979084
サノス	4979083
象限	4979082
歴代	4979081
イヤホン	4979080
間中	4979079
たぶらか	4979078
水域	4979077
ミハイル	4979076
教え込	4979075
通電	4979074
エルサレム	4979073
内向	4979072
ナメクジ	4979071
鍛治	4979070
近寄れ	4979069
stephan	4979068
access	4979067
奈美	4979066
young	4979065
器材	4979064
汽笛	4979063
腫	4979062
オスコープ	4979061
タメ	4979060
読み書き	4979059
当方	4979058
慈愛	4979057
ぐつわ	4979056
禿鷹	4979055
クロック	4979054
真っ青	4979053
我想	4979052
就労	4979051
人脈	4979050
声援	4979049
槽	4979048
たあ	4979047
豚肉	4979046
うさん	4979045
性悪女	4979044
醜悪	4979043
顔つき	4979042
ニューロン	4979041
アスパラガス	4979040
ガイシャ	4979039
フェルプス	4979038
チャム	4979037
聴力	4979036
票決	4979035
ノヴァ	4979034
先回り	4979033
サプライ	4979032
ひきつけ	4979031
洩ら	4979030
初恋	4979029
書記	4979028
きちがい	4979027
真後ろ	4979026
月日	4979025
製氷	4979024
言いふら	4979023
インコ	4979022
軍歴	4979021
パレスチナ	4979020
ストン	4979019
持ち逃げ	4979018
biko	4979017
アレクサンドル	4979016
清らか	4979015
ベントレー	4979014
スケリング	4979013
アシュレイ	4979012
賛美歌	4979011
朝刊	4979010
ストロベリー	4979009
between	4979008
じまい	4979007
ｃｉｃ	4979006
いけにえ	4979005
帝国軍	4979004
騎手	4979003
直観	4979002
穴蔵	4979001
外来	4979000
立ち退	4978999
つきた	4978998
お払い箱	4978997
です	4978996
ソルト	4978995
ボードロー	4978994
レネー	4978993
知り合え	4978992
本望	4978991
シラク	4978990
トレスラー	4978989
ひいき	4978988
良質	4978987
オルガン	4978986
バインダー	4978985
ぶっとば	4978984
pay	4978983
ベレッタ	4978982
スカンジナビア	4978981
畏敬	4978980
科目	4978979
博簡	4978978
ベニン	4978977
finish	4978976
ウェバー	4978975
ぞい	4978974
バジル	4978973
弁論	4978972
らっしゃ	4978971
ガッ	4978970
アラル	4978969
静聴	4978968
護民官	4978967
規格	4978966
馬鹿野朗	4978965
年数	4978964
オマケ	4978963
喜劇	4978962
惑	4978961
もぉ	4978960
フォンデュ	4978959
加奈	4978958
長田	4978957
体質	4978956
悩まし	4978955
ジャッカス	4978954
オレオ	4978953
ls	4978952
とぉ	4978951
られん	4978950
軽々し	4978949
ゴンゾ	4978948
himself	4978947
チキショー	4978946
ただけ	4978945
見せ場	4978944
アイスリング	4978943
くたくた	4978942
債券	4978941
元彼	4978940
暗視	4978939
バーレィ	4978938
ロリポップ	4978937
表せ	4978936
used	4978935
藤	4978934
牽	4978933
母神	4978932
都心	4978931
東方	4978930
シュッ	4978929
ヒユ	4978928
頑張り	4978927
窒茎	4978926
ci	4978925
アーント	4978924
アブルーチ	4978923
crying	4978922
スパイクス	4978921
lying	4978920
做	4978919
iphone	4978918
伝承	4978917
井上	4978916
安野	4978915
スケボー	4978914
介添え	4978913
濃厚	4978912
反乱軍	4978911
降り立	4978910
下調べ	4978909
取ら	4978908
spring	4978907
snow	4978906
共め	4978905
そわそわ	4978904
葛原	4978903
ボリス	4978902
ロリコン	4978901
哺乳	4978900
cannot	4978899
レド	4978898
这是	4978897
オマハ	4978896
ラバ	4978895
アシスト	4978894
華々し	4978893
むき	4978892
海図	4978891
発煙	4978890
しこり	4978889
kisocrew	4978888
校庭	4978887
醸造	4978886
ザヴィエル	4978885
モテモテ	4978884
サッ	4978883
コシュカ	4978882
ルータス	4978881
戒律	4978880
喚問	4978879
っか	4978878
根元	4978877
当該	4978876
プロファイラー	4978875
ギブ	4978874
見誤	4978873
動議	4978872
引き合い	4978871
ノラン	4978870
见	4978869
がけ	4978868
片端	4978867
プラトン	4978866
小男	4978865
ブレスリン	4978864
突き放	4978863
ナイアス	4978862
ペント	4978861
ジンディ	4978860
ねだ	4978859
スッゲー	4978858
ジィ	4978857
テュソン	4978856
雌馬	4978855
修了	4978854
岩石	4978853
长	4978852
ラシュリー	4978851
波動	4978850
うすのろ	4978849
ほとり	4978848
へそ	4978847
戦前	4978846
みすみす	4978845
蚊帳	4978844
ブギーマン	4978843
成せ	4978842
リソース	4978841
原田	4978840
言っ	4978839
くらえだ	4978838
取り持	4978837
衣裳	4978836
follow	4978835
工面	4978834
パース	4978833
ティーバグ	4978832
胸くそ	4978831
ゲイナー	4978830
ミニバン	4978829
タンジー	4978828
敷居	4978827
google	4978826
コンバーチブル	4978825
デッドリー	4978824
灰田	4978823
正門	4978822
ハッハッハッ	4978821
奈落	4978820
号外	4978819
シシー	4978818
閉め出	4978817
キャスパー	4978816
ダベンポート	4978815
殺しあ	4978814
つがえ	4978813
菫寶	4978812
ドスン	4978811
独り身	4978810
冤罪	4978809
困窮	4978808
フェリペ	4978807
焼け死	4978806
母性	4978805
うそつけ	4978804
念願	4978803
往来	4978802
ホイッスル	4978801
セイル	4978800
ラザール	4978799
オーディオ	4978798
鍛冶	4978797
耐熱	4978796
憐憫	4978795
樫	4978794
やつれ	4978793
ウォルティー	4978792
謀略	4978791
譲り	4978790
原動	4978789
因縁	4978788
平日	4978787
和ら	4978786
所帯	4978785
色気	4978784
怪力	4978783
アボカド	4978782
作ら	4978781
パークス	4978780
蜜蜂	4978779
掌	4978778
horcruxes	4978777
前立	4978776
開花	4978775
胸郭	4978774
ゆけ	4978773
粗悪	4978772
パドック	4978771
有料	4978770
生来	4978769
昌	4978768
ジレンマ	4978767
california	4978766
熱傷	4978765
あわ	4978764
クレスト	4978763
粋	4978762
公害	4978761
fema	4978760
ヴィゴー	4978759
係留	4978758
側頭	4978757
くぼ	4978756
水たまり	4978755
短パン	4978754
ミカン	4978753
サムウェル	4978752
悲痛	4978751
ブエノスアイレス	4978750
廃れ	4978749
援	4978748
floor	4978747
ブルンジ	4978746
ヒマラヤ	4978745
打破	4978744
それー	4978743
塞げ	4978742
縄張りだ	4978741
ハムスター	4978740
虚無	4978739
コオロギ	4978738
甘ん	4978737
ハト	4978736
栗	4978735
鉱脈	4978734
残り物	4978733
天上	4978732
萎縮	4978731
なみ	4978730
ラザフォード	4978729
鼓舞	4978728
引っ込め	4978727
黙ら	4978726
ルネッサンス	4978725
おごろ	4978724
ルスベン	4978723
ロルフ	4978722
イングリッド	4978721
不敵	4978720
クランプス	4978719
バロウズ	4978718
賀	4978717
開錠	4978716
くらし	4978715
聡史	4978714
話話	4978713
血の	4978712
んぞ	4978711
いっぺん	4978710
居言	4978709
ドルネ	4978708
鳴らせ	4978707
ぺティ	4978706
イエ	4978705
怒ら	4978704
根絶やし	4978703
アンクル	4978702
明け方	4978701
ｽﾁｰﾙ	4978700
庶民	4978699
求人	4978698
話だ	4978697
秒速	4978696
フゥー	4978695
サラリーマン	4978694
ストラッカー	4978693
ウィークス	4978692
ウンギ	4978691
クレーム	4978690
日和	4978689
魔獣	4978688
裏返し	4978687
ロクな	4978686
簡素	4978685
年収	4978684
鬼獣	4978683
獄	4978682
おかん	4978681
shall	4978680
アウグストス	4978679
ラクロス	4978678
工房	4978677
からし	4978676
錆	4978675
私か	4978674
ブレイン	4978673
円満	4978672
てこい	4978671
沙苗	4978670
ウエートレス	4978669
心待ち	4978668
wake	4978667
セイネー	4978666
メーレホフ	4978665
仕込み	4978664
ダーラ	4978663
ムー	4978662
凍り付	4978661
ｽﾋﾟｰｶ	4978660
防ぎ	4978659
アデレード	4978658
追っ払	4978657
失墜	4978656
平常	4978655
gallahxar	4978654
デッカイ	4978653
対向	4978652
深層	4978651
研ぎ澄ま	4978650
八十	4978649
インポ	4978648
帰え	4978647
ちぎれ	4978646
カピル	4978645
オルド	4978644
掛け金	4978643
徳	4978642
twitter	4978641
講じ	4978640
quantonium	4978639
秒読み	4978638
伝記	4978637
完売	4978636
地主	4978635
飼いなら	4978634
pr	4978633
エッビフッライ	4978632
専属	4978631
ペトロシアン	4978630
failed	4978629
デノビラ	4978628
孫権	4978627
陣痛	4978626
现在	4978625
realize	4978624
阪東	4978623
ほどけ	4978622
こめかみ	4978621
嗜	4978620
カルシウム	4978619
金輪際	4978618
ホルスター	4978617
いらいら	4978616
借り物	4978615
扶養	4978614
デイビー	4978613
カーンズ	4978612
ボンボン	4978611
桶	4978610
ナイン	4978609
けいれん	4978608
ウォン	4978607
競い合	4978606
しらみつぶし	4978605
ナイロン	4978604
治世	4978603
クリアー	4978602
せんな	4978601
てら	4978600
うせろ	4978599
なぞなぞ	4978598
タクス	4978597
ペラ	4978596
転倒	4978595
外泊	4978594
右目	4978593
キン	4978592
エセル	4978591
blues	4978590
ブラックライト	4978589
狼狽	4978588
ロビンス	4978587
杜撰	4978586
内陸	4978585
工程	4978584
ペプシ	4978583
通り魔	4978582
バイロン	4978581
船首	4978580
訛	4978579
盟約	4978578
嵌	4978577
オーヤマ	4978576
ｄｖｄ	4978575
草地	4978574
手車	4978573
おかま	4978572
聖天	4978571
returned	4978570
mcmissile	4978569
胃袋	4978568
グチャグチャ	4978567
丘陵	4978566
キッチリ	4978565
刺さ	4978564
外務	4978563
あぁー	4978562
镮	4978561
ａｔｏ	4978560
ドントノック	4978559
grow	4978558
祝宴	4978557
ひでえ	4978556
サブリナ	4978555
船酔い	4978554
アプトン	4978553
ヨースト	4978552
ならず者	4978551
グリセル	4978550
しっくり	4978549
ビーナス	4978548
くぼみ	4978547
祓い	4978546
ドネリー	4978545
血塗	4978544
カズ	4978543
standing	4978542
セプ	4978541
クラクラ	4978540
ビース	4978539
ロイストン	4978538
手渡し	4978537
品位	4978536
simone	4978535
ビアンカ	4978534
組成	4978533
アンドラーシュ	4978532
インターフェース	4978531
取り扱い	4978530
風車	4978529
イェール	4978528
批准	4978527
帰艦	4978526
蝿	4978525
アンコール	4978524
あーん	4978523
単身	4978522
未定	4978521
テンバー	4978520
びび	4978519
戒厳	4978518
ｓｓ	4978517
潤滑	4978516
あこがれ	4978515
不作法	4978514
出願	4978513
ナンダ	4978512
ブラッキー	4978511
perhaps	4978510
行き届	4978509
圏内	4978508
一座	4978507
ブレッチリー	4978506
へとへと	4978505
ぬか	4978504
矛先	4978503
テレホン	4978502
敗戦	4978501
街道	4978500
ミーサ	4978499
蔑	4978498
カヤ	4978497
鋳造	4978496
エピ	4978495
垢	4978494
仲たがい	4978493
コンシェルジュ	4978492
アルカリ	4978491
紀	4978490
パントーラ	4978489
ザイチェフ	4978488
クエスト	4978487
高望み	4978486
尋常	4978485
ううつ	4978484
living	4978483
リコリス	4978482
おだまり	4978481
プディング	4978480
ビュッフェ	4978479
釣り合い	4978478
曼ミ券	4978477
早乙女	4978476
loud	4978475
じゃんけん	4978474
紫色	4978473
コンディション	4978472
肌身	4978471
サンドストーン	4978470
ドーセット	4978469
当り前	4978468
跟	4978467
mess	4978466
スリープ	4978465
ダリオ	4978464
色素	4978463
薬きょう	4978462
カシミ	4978461
完成体	4978460
シム	4978459
だん	4978458
员	4978457
ジハード	4978456
シーフード	4978455
ｍｒ	4978454
jl	4978453
ほぐ	4978452
毒薬	4978451
ブルドーザー	4978450
竜獣	4978449
宗臣	4978448
富言	4978447
アント	4978446
はぎ取	4978445
パトシック	4978444
積め	4978443
ロレックス	4978442
内線	4978441
分豪	4978440
ローター	4978439
オフショア	4978438
タレント	4978437
seeing	4978436
クラーレ	4978435
ウサマ	4978434
憎め	4978433
アディオス	4978432
ブルネイ	4978431
レイデン	4978430
フリーマン	4978429
イク	4978428
転売	4978427
dangerous	4978426
所轄	4978425
レセプション	4978424
探り出	4978423
永瀬	4978422
エコノミー	4978421
研	4978420
ノヴェロ	4978419
everywhere	4978418
手探り	4978417
気安	4978416
since	4978415
先走	4978414
送り迎え	4978413
この頃	4978412
ポロ	4978411
福	4978410
疑り深	4978409
嫌み	4978408
トレンチ	4978407
前夫	4978406
キャサリーン	4978405
ランディー	4978404
confusionalbonze	4978403
のんき	4978402
来週末	4978401
起床	4978400
社名	4978399
学士	4978398
グアム	4978397
laurel	4978396
尚更	4978395
後手	4978394
サンジュ	4978393
モンダン	4978392
損壊	4978391
抽選	4978390
強気	4978389
大正解	4978388
石打ち	4978387
クランベリー	4978386
相姦	4978385
王宮	4978384
虐げ	4978383
ジョルジュ	4978382
呟	4978381
回教	4978380
同位	4978379
ベラドンナ	4978378
ゆべ	4978377
耕治	4978376
lily	4978375
ソコ	4978374
頸椎	4978373
木っ端	4978372
柏木	4978371
ムナンジャラ	4978370
覚まし	4978369
夜遅	4978368
アルゴス	4978367
甲状	4978366
ボコ	4978365
見向き	4978364
茶屋	4978363
ラーソン	4978362
ワシリサ	4978361
メンツ	4978360
喰え	4978359
drink	4978358
西経	4978357
カルム	4978356
末端	4978355
硝煙	4978354
ナセル	4978353
変われ	4978352
東欧	4978351
ii	4978350
へへへ	4978349
再編成	4978348
disrupt	4978347
ジョナシー	4978346
転向	4978345
クリスピン	4978344
听	4978343
余剰	4978342
ープど	4978341
けち	4978340
スティング	4978339
不向き	4978338
ケモノ	4978337
下級	4978336
完	4978335
エルド	4978334
ペル	4978333
あたりまえ	4978332
サナ	4978331
シルバートン	4978330
ギン	4978329
fsb	4978328
分け与え	4978327
言い合	4978326
コーラン	4978325
接見	4978324
尾藤	4978323
hero	4978322
レー	4978321
密室	4978320
トヨタ	4978319
アテルナ	4978318
無敗	4978317
制約	4978316
失意	4978315
メンデルソン	4978314
エレガント	4978313
ぱ	4978312
ドロール	4978311
呼び止め	4978310
なくちゃ	4978309
カルフォルニア	4978308
鮒	4978307
ロビイスト	4978306
facts	4978305
ウーム	4978304
早口	4978303
シンシン	4978302
見据え	4978301
大業	4978300
rj	4978299
ウォーク	4978298
ルービック	4978297
デボン	4978296
カーズ	4978295
波長	4978294
交易	4978293
マクドネン	4978292
スクリュー	4978291
餓鬼	4978290
タイガーベァ	4978289
スライン	4978288
液化	4978287
熟考	4978286
貨幣	4978285
ペンダー	4978284
編み	4978283
スペック	4978282
壺言	4978281
ドゥベク	4978280
ヤレヤレ	4978279
テメー	4978278
イェーイ	4978277
ヒー	4978276
ヴォル	4978275
かさ	4978274
ぶっ放	4978273
かしこい	4978272
赦免	4978271
テイマー	4978270
カキ	4978269
クリッツ	4978268
掃き	4978267
給付	4978266
ローヤ	4978265
言論	4978264
禁句	4978263
度々	4978262
隔壁	4978261
プロセッサー	4978260
カイロ	4978259
srt	4978258
click	4978257
御所	4978256
手玉	4978255
スマウグ	4978254
ペリ	4978253
加地	4978252
激戦	4978251
よじ	4978250
サラバ	4978249
独学	4978248
ウオッカ	4978247
鵜呑み	4978246
ガスト	4978245
サイロ	4978244
モルグリス	4978243
バーデット	4978242
ブロム	4978241
アビィ	4978240
バハマ	4978239
つぶせ	4978238
スティーグ	4978237
酔いつぶれ	4978236
ブームス	4978235
タブロイド	4978234
学業	4978233
下町	4978232
豆乳	4978231
肝門部	4978230
定か	4978229
ミーチャム	4978228
引きこもり	4978227
ak	4978226
為さ	4978225
ボーモント	4978224
クレタ	4978223
オアシス	4978222
前言	4978221
ウレ	4978220
蓼	4978219
ブレガ	4978218
パブロフ	4978217
ペントス	4978216
フザケ	4978215
有色	4978214
キケロ	4978213
最短	4978212
大小	4978211
行き来	4978210
特化	4978209
開口	4978208
とどめだ	4978207
プローブ	4978206
換金	4978205
ツィオ	4978204
コンプレッサー	4978203
いっさい	4978202
むし	4978201
騙し取	4978200
不服	4978199
打ち付け	4978198
たっけ	4978197
胸筋	4978196
退席	4978195
容量	4978194
キャラメル	4978193
大鹿	4978192
亘	4978191
前座	4978190
かみそり	4978189
さらせ	4978188
もや	4978187
たずね	4978186
黒曜	4978185
チャイ	4978184
戸締まり	4978183
ホルン	4978182
グンガン	4978181
血祭り	4978180
そぶり	4978179
構う	4978178
ルーニー	4978177
つまら	4978176
ラルフィー	4978175
フィアー	4978174
手抜き	4978173
ウウン	4978172
火種	4978171
黙認	4978170
刑法	4978169
ボロー	4978168
軽薄	4978167
eps	4978166
先立	4978165
プギオ	4978164
きかけ	4978163
範疇	4978162
グティエレス	4978161
道程	4978160
ドゥーム	4978159
フライング	4978158
マグナ	4978157
problem	4978156
叩きつぶ	4978155
シェール	4978154
被れ	4978153
ハドレー	4978152
縁石	4978151
垂	4978150
ウェザー	4978149
opens	4978148
デンツィンガー	4978147
初演	4978146
疲弊	4978145
挫け	4978144
対空	4978143
ミスジェイコブス	4978142
フォークス	4978141
ヴォーネブリング	4978140
砲兵	4978139
子持ち	4978138
iss	4978137
共学	4978136
かたまり	4978135
发	4978134
励み	4978133
吐き出せ	4978132
ウィラー	4978131
垣間見	4978130
錯綜	4978129
ピラニア	4978128
転回	4978127
ぺ	4978126
注視	4978125
とくに	4978124
ファスト	4978123
嘆かわし	4978122
義眼	4978121
レトロ	4978120
切歯	4978119
徴兵	4978118
サーチ	4978117
サンノゼ	4978116
ジェル	4978115
喔	4978114
踏め	4978113
小汚	4978112
うっとり	4978111
二股	4978110
ガトリング	4978109
履行	4978108
検体	4978107
思索	4978106
ジャーキー	4978105
張り合	4978104
ヒドイ	4978103
劇団	4978102
庁舎	4978101
ナネット	4978100
介抱	4978099
マデリーン	4978098
ゾーラ	4978097
カカオ	4978096
リフレッシュ	4978095
こじれ	4978094
ジョラウ	4978093
パーマ	4978092
ファンタスティック	4978091
何語	4978090
自責	4978089
ひと目	4978088
thx	4978087
ワルトン	4978086
アトラス	4978085
イタ	4978084
大暴れ	4978083
打ち切り	4978082
家屋	4978081
身震い	4978080
ろくに	4978079
デュード	4978078
投げ飛ば	4978077
ざわめき	4978076
吹き出	4978075
オリベッティ	4978074
無欠	4978073
おそれ	4978072
アリガトウ	4978071
プレミア	4978070
手掛り	4978069
disguised	4978068
ファイアーウォール	4978067
アンペア	4978066
ドロゴ	4978065
フィード	4978064
純平	4978063
開設	4978062
イチコロ	4978061
這い出	4978060
ウェズリー	4978059
せが	4978058
わだかまり	4978057
ホステス	4978056
システムズ	4978055
グレグ	4978054
検認	4978053
臨終	4978052
スタンパー	4978051
後味	4978050
ボカ	4978049
公益	4978048
お洒落	4978047
jン	4978046
諸々	4978045
溶液	4978044
ヤる	4978043
値上がり	4978042
麻雀	4978041
幇助	4978040
ウィンステッド	4978039
らめ	4978038
フォアグラ	4978037
从	4978036
オナラ	4978035
ちょつと	4978034
かわいが	4978033
チョコラ	4978032
がか	4978031
アンモニウム	4978030
zoo	4978029
向き合え	4978028
rosalyn	4978027
河原	4978026
トキ	4978025
シュライク	4978024
ゴクリ	4978023
時中	4978022
あてはま	4978021
ブイ	4978020
寛解	4978019
中核	4978018
解離	4978017
ロッソ	4978016
さえぎ	4978015
兵役	4978014
ノイジー	4978013
批難	4978012
准	4978011
bright	4978010
潜み	4978009
勘ぐ	4978008
技量	4978007
補習	4978006
ターレイ	4978005
頃合	4978004
コールソン	4978003
ジョサイア	4978002
追っ	4978001
すり	4978000
ｓｈ	4977999
スタミナ	4977998
逐一	4977997
携行	4977996
欢	4977995
い切れ	4977994
うわーっ	4977993
コンパクト	4977992
母体	4977991
転がり込	4977990
とめろ	4977989
深部	4977988
アルディレス	4977987
浴衣	4977986
講堂	4977985
取り止め	4977984
辞	4977983
job	4977982
現せ	4977981
ヘーイ	4977980
両端	4977979
ランセル	4977978
見破れ	4977977
ネエ	4977976
純然	4977975
这样	4977974
付随	4977973
軽傷	4977972
シディアス	4977971
抜き出	4977970
切り抜き	4977969
ジョラー	4977968
アナザ	4977967
進み出	4977966
フォリジャーズ	4977965
材木	4977964
東経	4977963
疎外	4977962
ブリトニー	4977961
サフォード	4977960
トーマ	4977959
omb	4977958
径	4977957
ノリントン	4977956
吉岡	4977955
ペラペラ	4977954
はかど	4977953
ダー	4977952
ファビオ	4977951
ヴァリ	4977950
石垣	4977949
界隈	4977948
内装	4977947
振りかざ	4977946
二百	4977945
メタデータ	4977944
うつ病	4977943
生きれ	4977942
nba	4977941
高ぶ	4977940
敵視	4977939
しょうが	4977938
門違い	4977937
ウズラ	4977936
刻み込	4977935
巻きつけ	4977934
着艦	4977933
ムラ	4977932
イネス	4977931
債権	4977930
キーキー	4977929
horror	4977928
タンス	4977927
こー	4977926
地名	4977925
加盟	4977924
ジオ	4977923
フィリス	4977922
局所	4977921
エルメントラ	4977920
ゾンコム	4977919
関数	4977918
フルトン	4977917
キンケイド	4977916
嗅ぎ分け	4977915
厚意	4977914
王言	4977913
lo	4977912
マーセラ	4977911
矢野	4977910
メロ	4977909
引っ越せ	4977908
スズ	4977907
振込	4977906
イラリア	4977905
カバ	4977904
ファニー	4977903
平坦	4977902
出来損ない	4977901
エティエンヌ	4977900
ヘド	4977899
腕輪	4977898
取りやめ	4977897
ルーブル	4977896
マルチェロ	4977895
班長	4977894
小澤	4977893
シットウェル	4977892
独善	4977891
聖子	4977890
禁固	4977889
カデム	4977888
多め	4977887
エリアス	4977886
取り締まり	4977885
高音	4977884
葡萄	4977883
怨恨	4977882
調味	4977881
ヒューマン	4977880
ナレシュ	4977879
ベルサイユ	4977878
向こう岸	4977877
熟睡	4977876
ウインク	4977875
west	4977874
ラマシュトゥ	4977873
みどり	4977872
出合	4977871
モデスト	4977870
snake	4977869
ブレッド	4977868
ただ中	4977867
爱	4977866
おべっか	4977865
ワイヤレス	4977864
ダラー	4977863
なた	4977862
キジ	4977861
取り外せ	4977860
herethebearsare	4977859
戴け	4977858
マウジー	4977857
答弁	4977856
へへ	4977855
つんぼ	4977854
サップ	4977853
超過	4977852
飲み干せ	4977851
すみ	4977850
遵守	4977849
実況	4977848
リンゼイ	4977847
ウィリアムス	4977846
びっしょり	4977845
グスマン	4977844
ドァ	4977843
アミール	4977842
マドレーヌ	4977841
引き伸ば	4977840
突カ	4977839
亮	4977838
おとりだ	4977837
レフト	4977836
サンチャゴ	4977835
イェ	4977834
迷彩	4977833
ワッペン	4977832
駿府	4977831
asking	4977830
とうり	4977829
レタス	4977828
バネ	4977827
クレヨン	4977826
アニタ	4977825
剣闘士	4977824
ハーカー	4977823
旅だ	4977822
エスカレーター	4977821
めんど	4977820
ローニー	4977819
supposed	4977818
イム	4977817
レーベル	4977816
化膿	4977815
慰安	4977814
トリクシー	4977813
遠回し	4977812
ジュリアス	4977811
あっけな	4977810
宝庫	4977809
結び目	4977808
danger	4977807
サンドブルック	4977806
觉	4977805
無駄骨	4977804
クラズニス	4977803
ルーゴ	4977802
責	4977801
el	4977800
ロト	4977799
シリオ	4977798
スペード	4977797
ラバーズ	4977796
積み込め	4977795
エイブル	4977794
クレセント	4977793
さあて	4977792
ガルゴ	4977791
狂い	4977790
ベービー	4977789
流れ星	4977788
グレゴー	4977787
目星	4977786
原油	4977785
デイナ	4977784
汚らし	4977783
サィヤ	4977782
暴け	4977781
フオアン	4977780
ダイナ	4977779
おわり	4977778
全霊	4977777
fat	4977776
till	4977775
チャピー	4977774
見開	4977773
カジュアル	4977772
軟禁	4977771
イビキ	4977770
五感	4977769
きょ	4977768
満州	4977767
ソプラノ	4977766
シルビア	4977765
現世	4977764
ザナック	4977763
ゴリ	4977762
weeks	4977761
ライアー	4977760
根こそぎ	4977759
つだ	4977758
クレマン	4977757
バッチ	4977756
素通り	4977755
シャ	4977754
肥大	4977753
同社	4977752
羨望	4977751
respect	4977750
導け	4977749
ロハス	4977748
ダリウス	4977747
つくり	4977746
攻め込	4977745
品行	4977744
受領	4977743
見越	4977742
ペパーミント	4977741
バリアー	4977740
ウルフィ	4977739
アーカンソー	4977738
ジェデ	4977737
誘え	4977736
小松原	4977735
うじゃうじゃ	4977734
キスコ	4977733
变	4977732
由美	4977731
添	4977730
ブッ飛	4977729
順子	4977728
ベックス	4977727
仕送り	4977726
飛び込め	4977725
ベランダ	4977724
ｓｆ	4977723
帰せ	4977722
デュラン	4977721
波紋	4977720
かつか	4977719
帰路	4977718
新月	4977717
奇術	4977716
みつめ	4977715
辺ぴ	4977714
キョー	4977713
感性	4977712
おととい	4977711
チェルノブイリ	4977710
グラディン	4977709
滅裂	4977708
ルキス	4977707
座り込	4977706
支離	4977705
マイスター	4977704
消印	4977703
包み隠	4977702
アーケン	4977701
時分	4977700
ドッツァラー	4977699
いきさつ	4977698
あえぎ声	4977697
前祝い	4977696
だる	4977695
実例	4977694
dance	4977693
鶴亀	4977692
interest	4977691
毎週末	4977690
尼僧	4977689
死な	4977688
義	4977687
わーブ	4977686
アンディーヌ	4977685
鞘	4977684
見詰め	4977683
ハウプト	4977682
ワイロ	4977681
罹	4977680
弊害	4977679
现	4977678
jj	4977677
ウェンディー	4977676
直系	4977675
抜け穴	4977674
バイス	4977673
若返り	4977672
無気力	4977671
雨林	4977670
ヤイ	4977669
やめろー	4977668
ビック	4977667
フェラー	4977666
適所	4977665
プリズム	4977664
アカディ	4977663
含有	4977662
蹴り飛ば	4977661
受けと	4977660
ゲシュタポ	4977659
露骨	4977658
パスカル	4977657
基幹	4977656
分かり合	4977655
有給	4977654
ｎｂｅ	4977653
歪め	4977652
sheaves	4977651
普及	4977650
オク	4977649
尺度	4977648
老女	4977647
アナスタシア	4977646
ヤれ	4977645
トリーナ	4977644
たる	4977643
執心	4977642
団子	4977641
探究	4977640
靭帯	4977639
フィロ	4977638
ブラトバ	4977637
アスペン	4977636
ぎこちな	4977635
ちゅう	4977634
胸当て	4977633
ひび割れ	4977632
ソユーズ	4977631
味気	4977630
レッテル	4977629
マーサズ	4977628
コンソール	4977627
雄弁	4977626
施行	4977625
鴨	4977624
カーディフ	4977623
sea	4977622
ポ	4977621
ディグビー	4977620
ｅｌｍ	4977619
散漫	4977618
ディス	4977617
メリル	4977616
ブランカ	4977615
city	4977614
カラフル	4977613
義手	4977612
変数	4977611
ジャーク	4977610
着色	4977609
公民	4977608
全艦	4977607
オルドス	4977606
ウォーラー	4977605
欠乏	4977604
ブロードウェー	4977603
苛立たし	4977602
サビーネ	4977601
手製	4977600
同罪	4977599
浸け	4977598
イエローストーン	4977597
しぼ	4977596
正論	4977595
ボナー	4977594
インテル	4977593
真似事	4977592
敵軍	4977591
張り裂け	4977590
屈折	4977589
ズブ	4977588
リッター	4977587
オークス	4977586
性癖	4977585
軽量	4977584
マーカム	4977583
邪	4977582
狂暴	4977581
運勢	4977580
注げ	4977579
同化	4977578
労苦	4977577
broken	4977576
しゃれ	4977575
ウガンダ	4977574
フォーゲル	4977573
オペレーティング	4977572
侮	4977571
うちゅう	4977570
持論	4977569
打診	4977568
安売り	4977567
仕草	4977566
金欠	4977565
ラッド	4977564
喘	4977563
不幸せ	4977562
master	4977561
早とちり	4977560
活	4977559
人骨	4977558
戯れ言	4977557
ヨハネス	4977556
ナイアガラ	4977555
ac	4977554
ルーキー	4977553
rings	4977552
ほんっと	4977551
公道	4977550
ドレイファス	4977549
数多く	4977548
余震	4977547
軽度	4977546
やわらか	4977545
自販	4977544
病者	4977543
義一	4977542
立入り	4977541
移れ	4977540
グレイシー	4977539
needs	4977538
しずか	4977537
デンジャー	4977536
ハーネス	4977535
横峯	4977534
海中	4977533
パーキンソン	4977532
ダッチマン	4977531
クーポン	4977530
礼状	4977529
グリゴリ	4977528
詰まり	4977527
支	4977526
不可避	4977525
低空	4977524
律	4977523
岩盤	4977522
クライミング	4977521
ピチピチ	4977520
ファルコ	4977519
従弟	4977518
かかろ	4977517
飛び上が	4977516
おもてなし	4977515
ロレーヌ	4977514
summer	4977513
近郊	4977512
復者	4977511
康子	4977510
悪玉	4977509
フィシット	4977508
ドロン	4977507
叩き壊	4977506
アドリブ	4977505
ガリーガ	4977504
ヒッタイト	4977503
底なし	4977502
トレイル	4977501
各位	4977500
ジャスーム	4977499
長髪	4977498
シャル	4977497
振り切れ	4977496
ざけ	4977495
災厄	4977494
きらめ	4977493
手柔らか	4977492
オイスター	4977491
ビボロ	4977490
晴れやか	4977489
ふふ	4977488
コロンバス	4977487
メッテ	4977486
攻勢	4977485
うよう	4977484
trees	4977483
視認	4977482
コンセプト	4977481
ストラップ	4977480
寝泊まり	4977479
デジョリオ	4977478
スズメ	4977477
倹約	4977476
シニア	4977475
南峰	4977474
ノイス	4977473
バイアス	4977472
ペテルブルク	4977471
バッカ	4977470
ラグ	4977469
メモリアル	4977468
残飯	4977467
行けー	4977466
捕鯨	4977465
甲冑	4977464
過信	4977463
ガーボル	4977462
繰り出	4977461
ホルステッド	4977460
純金	4977459
予習	4977458
弱腰	4977457
風貌	4977456
レアリティ	4977455
繰り	4977454
誤字	4977453
cfo	4977452
ブリュージュ	4977451
戦法	4977450
禅	4977449
メカニズム	4977448
無性	4977447
ヤル気	4977446
隠居	4977445
驚愕	4977444
presents	4977443
回診	4977442
ラィナス	4977441
かぎつけ	4977440
プラスティック	4977439
発病	4977438
フォーミュラ	4977437
永劫	4977436
同郷	4977435
让	4977434
シャンデリア	4977433
キャスティング	4977432
前触れ	4977431
ミンコスキー	4977430
下流	4977429
同点	4977428
バードリー	4977427
ナミコ	4977426
オリエンテーション	4977425
ロズウェル	4977424
ツメ	4977423
つぶや	4977422
糾弾	4977421
pm	4977420
力づく	4977419
ストローク	4977418
しあわせ	4977417
第一	4977416
パララックス	4977415
選抜	4977414
なの	4977413
アビン	4977412
擦り切れ	4977411
高潮	4977410
タトゥ	4977409
犯歴	4977408
ホロ	4977407
デヴリィン	4977406
ベッドフォード	4977405
カーキ	4977404
曲がりくね	4977403
私抜き	4977402
ブリアンナ	4977401
バルボッサ	4977400
マエストロ	4977399
ソロス	4977398
ポップス	4977397
殴りかか	4977396
景品	4977395
楊枝	4977394
code	4977393
ちと	4977392
松本	4977391
ティンカー	4977390
主犯	4977389
プラム	4977388
騒ぎ立て	4977387
clothes	4977386
辺境	4977385
マツド	4977384
マルトン	4977383
デラロウ	4977382
殉職	4977381
かがり	4977380
阻害	4977379
のぞみ	4977378
sit	4977377
レジャー	4977376
王殺	4977375
カサブランカ	4977374
細君	4977373
セルシオ	4977372
後釜	4977371
報せ	4977370
振り子	4977369
エキスポ	4977368
勇猛	4977367
レプリカ	4977366
ティワナ	4977365
あやふや	4977364
傍聴	4977363
考えれ	4977362
くらっ	4977361
獄中	4977360
ハシゴ	4977359
泣きつ	4977358
ホロウエイ	4977357
両腕	4977356
パウロ	4977355
コンサルティング	4977354
ぶり返	4977353
スポーツマン	4977352
アンジェラス	4977351
暗唱	4977350
オセチア	4977349
弓隊	4977348
操舵	4977347
大それた	4977346
届け物	4977345
ケル	4977344
ストルナヴィッチ	4977343
創り	4977342
頂だい	4977341
コソボ	4977340
中性	4977339
釜	4977338
ディグナム	4977337
ゴート	4977336
しとめ	4977335
せか	4977334
彦	4977333
原点	4977332
鮮やか	4977331
breathe	4977330
アトラクション	4977329
幸せ者	4977328
人差し	4977327
さーさー	4977326
有人	4977325
panting	4977324
助産	4977323
children	4977322
最少	4977321
idea	4977320
後続	4977319
ロシェフ	4977318
ブルートゥース	4977317
ジャジャーン	4977316
近接	4977315
丶丿	4977314
よけれ	4977313
クリエイティブ	4977312
奴め	4977311
焚	4977310
サクソン	4977309
マレヴォレンス	4977308
マクニス	4977307
フェルメール	4977306
フォーブス	4977305
アウシュビッツ	4977304
pity	4977303
手管	4977302
バッシャー	4977301
シルビー	4977300
book	4977299
辿りつ	4977298
ｄｋ	4977297
加圧	4977296
laugh	4977295
駅員	4977294
ゴシック	4977293
うぅん	4977292
密集	4977291
整頓	4977290
ツーリ	4977289
フリトー	4977288
醜態	4977287
見積もり	4977286
ネモ	4977285
還元	4977284
理科	4977283
ティラー	4977282
ウィルヘルム	4977281
大理	4977280
有り難う	4977279
定数	4977278
住み着	4977277
繁盛	4977276
のしかか	4977275
マイロン	4977274
ハーバート	4977273
演目	4977272
鬼ごっこ	4977271
一人息子	4977270
渡り鳥	4977269
なす	4977268
デニストン	4977267
取り柄	4977266
剣術	4977265
ガモラ	4977264
タティア	4977263
ワォー	4977262
方止め	4977261
潜れ	4977260
讃	4977259
アロンソ	4977258
膜	4977257
論外	4977256
ヴォー	4977255
クレメンテ	4977254
陽光	4977253
キャミー	4977252
領分	4977251
ガブリエラ	4977250
ネブカドネザル	4977249
突き立て	4977248
鉄則	4977247
狂わ	4977246
見納め	4977245
年末	4977244
演歌	4977243
ラジ	4977242
睨み	4977241
エルダール	4977240
フォアマン	4977239
私見	4977238
モントーヤ	4977237
ipo	4977236
フィップス	4977235
ボッシュ	4977234
素っ裸	4977233
指し	4977232
モッキン	4977231
ギャリソン	4977230
ヨロシク	4977229
バーティー	4977228
達し	4977227
maurice	4977226
満場	4977225
反証	4977224
ヶ月経	4977223
ファーリー	4977222
論説	4977221
大まか	4977220
毛玉	4977219
不実	4977218
悩め	4977217
バロン	4977216
廃人	4977215
利恵	4977214
バーサー	4977213
古来	4977212
カーニー	4977211
激情	4977210
ベンゾ	4977209
agree	4977208
素振り	4977207
チョイ	4977206
いった	4977205
hd	4977204
buried	4977203
豪勢	4977202
バカンス	4977201
あやう	4977200
浅はか	4977199
息遣い	4977198
ダッフル	4977197
げど	4977196
ふうん	4977195
ヌ	4977194
ヤァ	4977193
シーア	4977192
うなり	4977191
マイケルズ	4977190
んく	4977189
ったか	4977188
逞	4977187
前部	4977186
ドッキリ	4977185
外生命	4977184
cell	4977183
ステンツ	4977182
クレァ	4977181
取り組み	4977180
ニカ	4977179
デブニィ	4977178
ピアニスト	4977177
クルーニー	4977176
葺	4977175
wind	4977174
mdk	4977173
ｎａｔｏ	4977172
へその緒	4977171
揺るが	4977170
おなじ	4977169
ひそめ	4977168
ピッ	4977167
ジーマン	4977166
ゴマ	4977165
戒め	4977164
ユークリッド	4977163
出没	4977162
阿呆	4977161
手話	4977160
払拭	4977159
ロク	4977158
白浜	4977157
machine	4977156
うめ	4977155
パブリック	4977154
当艦	4977153
至る	4977152
転嫁	4977151
santa	4977150
あれっ	4977149
切り分け	4977148
允	4977147
根気	4977146
御前	4977145
這いつくば	4977144
多発	4977143
のけ者	4977142
ギャンス	4977141
恭	4977140
心がけ	4977139
峰	4977138
冥藝	4977137
ハー	4977136
ディーキンズ	4977135
だらし	4977134
共生	4977133
emp	4977132
断ち切れ	4977131
ハーツ	4977130
グランビル	4977129
エクスプローラー	4977128
今夜中	4977127
モナーク	4977126
ペティ	4977125
トップス	4977124
薄情	4977123
物静か	4977122
ミスタータ	4977121
ホスキンス	4977120
draco	4977119
タビサ	4977118
突き合わ	4977117
振舞え	4977116
フェング	4977115
バラ色	4977114
分かち合え	4977113
避けれ	4977112
ハハハハ	4977111
アーミー	4977110
あたえ	4977109
滑り	4977108
ヘイスティングズ	4977107
自給	4977106
レクシー	4977105
ｗｍｄ	4977104
ヘリポート	4977103
キッカケ	4977102
行員	4977101
ノベンバー	4977100
突き刺せ	4977099
薄っぺら	4977098
レイクス	4977097
食らわ	4977096
頭皮	4977095
シャンク	4977094
ヒューム	4977093
ショッキング	4977092
鮫	4977091
大酒	4977090
デイビット	4977089
博識	4977088
且つ	4977087
上告	4977086
みたか	4977085
ルドルフ	4977084
ルーパー	4977083
lonely	4977082
セリーヌ	4977081
蛇口	4977080
ドーシー	4977079
気体	4977078
アグ	4977077
ポルトス	4977076
雇い主に	4977075
揺	4977074
スナイダー	4977073
優美	4977072
アナウンサー	4977071
余程	4977070
うーむ	4977069
麦菖	4977068
殺ろ	4977067
クランストン	4977066
解錠	4977065
マリシュカ	4977064
吟味	4977063
改宗	4977062
クルーが	4977061
voldemort	4977060
無様	4977059
辛辣	4977058
アダルト	4977057
グルーパー	4977056
息絶え	4977055
誤差	4977054
グラブ	4977053
クリストス	4977052
起因	4977051
なつかし	4977050
乳児	4977049
ベルン	4977048
lab	4977047
隔絶	4977046
不純	4977045
婚外	4977044
ブロンソン	4977043
ジゼル	4977042
ヒュース	4977041
氾濫	4977040
隠し子	4977039
矢印	4977038
デコ	4977037
連勝	4977036
一つ	4977035
言い合い	4977034
ガイアス	4977033
腹黒	4977032
水底	4977031
れれ	4977030
貯ま	4977029
ドントス	4977028
防音	4977027
じゃこれ	4977026
セルッチ	4977025
案の定	4977024
ミスランディア	4977023
火遊び	4977022
ジャンケン	4977021
試算	4977020
epa	4977019
山賊	4977018
バーノン	4977017
観れ	4977016
請願	4977015
熱病	4977014
カーリ	4977013
ぐれ	4977012
憤り	4977011
行き場	4977010
いたる所	4977009
託宣	4977008
そろい	4977007
スタント	4977006
心室	4977005
working	4977004
蝋燭	4977003
kept	4977002
没落	4977001
マーゴットアル	4977000
星々	4976999
怎	4976998
高給	4976997
途絶	4976996
振る舞え	4976995
堪	4976994
アレクサンドリア	4976993
むしば	4976992
区分	4976991
ｃｐｓ	4976990
奪い	4976989
触れ合	4976988
本職	4976987
四肢	4976986
左翼	4976985
ぼろぼろ	4976984
ｽﾈｲﾌﾟ	4976983
シーゲン	4976982
早送り	4976981
眠ら	4976980
known	4976979
ティ	4976978
受動	4976977
ヒステリック	4976976
空席	4976975
弥彦	4976974
スル	4976973
だな	4976972
ビリーガード	4976971
ホック	4976970
メルビン	4976969
パトリオット	4976968
旧約	4976967
ノイローゼ	4976966
ホートン	4976965
ジェサ	4976964
海猿	4976963
lately	4976962
サドテック	4976961
見境	4976960
殴り合	4976959
ラズベリー	4976958
息吹	4976957
ウィンクラー	4976956
先発	4976955
膏	4976954
慣ら	4976953
ミミュー	4976952
真夏	4976951
曹	4976950
賀室	4976949
誤ち	4976948
コショウ	4976947
ブラーナー	4976946
融解	4976945
フェルト	4976944
ヒースロー	4976943
冥王	4976942
ドブ	4976941
あがり	4976940
キャシディ	4976939
ズバリ	4976938
共食い	4976937
共だ	4976936
ヤァー	4976935
フライパン	4976934
スニップス	4976933
棄権	4976932
中指	4976931
rise	4976930
くもん	4976929
問いただ	4976928
後期	4976927
執刀	4976926
撃沈	4976925
極み	4976924
monster	4976923
研磨	4976922
aw	4976921
海馬	4976920
留意	4976919
投げ返	4976918
ペラルタ	4976917
底辺	4976916
陥没	4976915
応報	4976914
枢密	4976913
グード	4976912
ボムシェル	4976911
フーリガン	4976910
ぜったい	4976909
配電	4976908
ミティー	4976907
台座	4976906
掻っ切	4976905
すり減ら	4976904
配合	4976903
車屋	4976902
凝ら	4976901
ドウク	4976900
ひっそり	4976899
生卵	4976898
首筋	4976897
ユーザ	4976896
マングース	4976895
ヤヅ	4976894
ガキめ	4976893
agents	4976892
バルト	4976891
ルガー	4976890
ズィーク	4976889
ロムー	4976888
レガツォーニ	4976887
こち	4976886
山奥	4976885
シェーク	4976884
claus	4976883
平た	4976882
デーン	4976881
オレン	4976880
並行	4976879
金槌	4976878
キッス	4976877
リゾ	4976876
羊飼	4976875
欠損	4976874
臆	4976873
履け	4976872
はさみ	4976871
地道	4976870
右翼	4976869
チューインガム	4976868
途	4976867
ナイル	4976866
無期	4976865
てっ	4976864
ハーレンホー	4976863
街路	4976862
フランケン	4976861
押し潰	4976860
すぐれ	4976859
落し物	4976858
デービド	4976857
ネッティン	4976856
各所	4976855
ヤシ	4976854
安眠	4976853
歌曲	4976852
チェスト	4976851
所業	4976850
因为	4976849
スロットル	4976848
片隅	4976847
臣下	4976846
ルカ	4976845
真逆	4976844
唸り	4976843
等分	4976842
映せ	4976841
豊胸	4976840
キャスカート	4976839
スチーム	4976838
軌跡	4976837
チュウ	4976836
かんしゃく	4976835
暴挙	4976834
むさぼ	4976833
すり減	4976832
肉腫	4976831
パハン	4976830
波野	4976829
エキストラ	4976828
高騰	4976827
ハークネス	4976826
抱け	4976825
バリウム	4976824
うっとうし	4976823
策士	4976822
菅原	4976821
ドーパミン	4976820
故殺	4976819
寄せ集め	4976818
叩き込め	4976817
レガシー	4976816
リメイク	4976815
トウ	4976814
物色	4976813
オンドリ	4976812
ｖｐｎ	4976811
色合い	4976810
賑やか	4976809
氏族	4976808
オフィサー	4976807
新設	4976806
議案	4976805
渡り歩	4976804
シュナプス	4976803
かしこ	4976802
刈り取	4976801
セイナーブ	4976800
クレゲイン	4976799
高原	4976798
根付	4976797
ソバ	4976796
ポンポン	4976795
バンザイ	4976794
失いかけ	4976793
唐	4976792
ケシ	4976791
カモン	4976790
ヘディグ	4976789
のぼ	4976788
役得	4976787
亜希子	4976786
絵具	4976785
対米	4976784
久	4976783
独習	4976782
化物	4976781
ダウニング	4976780
おえ	4976779
カポネ	4976778
ゴリ押し	4976777
shiftwell	4976776
アンジェリーク	4976775
頑健	4976774
ホッジス	4976773
憎み合	4976772
鼻腔	4976771
吃音	4976770
紡	4976769
proud	4976768
武勲	4976767
pta	4976766
マージョリー	4976765
撤廃	4976764
モンスーン	4976763
陸運	4976762
ひき	4976761
感服	4976760
働き者	4976759
てれ	4976758
踏みつぶ	4976757
り合	4976756
寝言	4976755
ナレーション	4976754
アザーズ	4976753
廃品	4976752
わめく	4976751
クワ	4976750
拘禁	4976749
ダンク	4976748
毛虫	4976747
発祥	4976746
心音	4976745
立ち回	4976744
近年	4976743
jk	4976742
ボッグズ	4976741
セオリー	4976740
投函	4976739
きま	4976738
州内	4976737
ユセフ	4976736
職探し	4976735
ティーン	4976734
ソーニ	4976733
プロフェッショナル	4976732
海沿い	4976731
ヨハネセン	4976730
折り返し	4976729
ヤニック	4976728
後頭部	4976727
チクッ	4976726
プロパガンダ	4976725
アダマ	4976724
セルヴィグ	4976723
険悪	4976722
コルテス	4976721
棍棒	4976720
自傷	4976719
盲腸	4976718
緻密	4976717
ヘルツ	4976716
central	4976715
家長	4976714
セイダ	4976713
禿げ	4976712
纏	4976711
贄	4976710
敬語	4976709
習性	4976708
日の	4976707
進呈	4976706
フェリ	4976705
見出せ	4976704
浸食	4976703
na	4976702
ｇｐ	4976701
ミノタウロス	4976700
タカダ	4976699
エイデン	4976698
アマデウス	4976697
機知	4976696
級友	4976695
入行	4976694
calling	4976693
問い詰め	4976692
ブロンスキー	4976691
ドラコンボ	4976690
ヴィジョン	4976689
ヘソ	4976688
傍ら	4976687
オハラ	4976686
ティト	4976685
巣だ	4976684
きめ	4976683
防水	4976682
ドアマン	4976681
触発	4976680
ちゃまず	4976679
署員	4976678
レイガン	4976677
禁欲	4976676
あくび	4976675
ピンポン	4976674
ボーイング	4976673
bird	4976672
セコンド	4976671
スタブ	4976670
熱湯	4976669
おやっ	4976668
引継ぎ	4976667
やり返せ	4976666
warm	4976665
血栓	4976664
漁り	4976663
沢田	4976662
泊り	4976661
高地	4976660
飽和	4976659
健太	4976658
土手	4976657
か国	4976656
ワザと	4976655
マルカス	4976654
取扱い	4976653
飢饉	4976652
レディング	4976651
クォーリン	4976650
補正	4976649
法定	4976648
ローバ	4976647
カーネル	4976646
引き継げ	4976645
アブネル	4976644
凍傷	4976643
ウェーブ	4976642
フェロ	4976641
コーマンス	4976640
ナンツ	4976639
わけね	4976638
あげれ	4976637
だわ	4976636
トゥーキー	4976635
笹	4976634
ファーン	4976633
bom	4976632
ゲイト	4976631
丶あ	4976630
ガートルード	4976629
重宝	4976628
sp	4976627
カートン	4976626
一世	4976625
スタンジック	4976624
一丿し	4976623
デュル	4976622
爆笑	4976621
lover	4976620
breeze	4976619
語れ	4976618
ドートリッヒ	4976617
カゼ	4976616
モーサー	4976615
内膜	4976614
パテ	4976613
roll	4976612
導き出	4976611
鞍替え	4976610
スッ	4976609
味付け	4976608
ps	4976607
キール	4976606
隆起	4976605
ギャラクシー	4976604
縛り	4976603
物品	4976602
じいじ	4976601
ベリーニ	4976600
ドレッサー	4976599
目論見	4976598
詰め込め	4976597
クリッシー	4976596
フォーム	4976595
鋭敏	4976594
エッセン	4976593
サヤカ	4976592
ジャンビ	4976591
萌	4976590
ブラタヴァ	4976589
ネパール	4976588
どご	4976587
かけ離れ	4976586
日用	4976585
鑢	4976584
震蔓	4976583
half	4976582
偲	4976581
撃ち落	4976580
奮起	4976579
チェッカー	4976578
柳沢	4976577
凱旋	4976576
襲い掛か	4976575
オーガズム	4976574
秀才	4976573
造園	4976572
チャー	4976571
バグラム	4976570
立てこも	4976569
捜し出せ	4976568
アトランティス	4976567
ｅｒ	4976566
リール	4976565
申し付け	4976564
食塩	4976563
街頭	4976562
ふんばれ	4976561
電荷	4976560
送りだ	4976559
短編	4976558
抱き込	4976557
脊柱	4976556
もっかい	4976555
タランチュラ	4976554
ナイーブ	4976553
ほったらかし	4976552
ディッシュ	4976551
ウォリス	4976550
算出	4976549
カーボーイ	4976548
ブンブン	4976547
マクラ	4976546
怖ろし	4976545
こなせ	4976544
表皮	4976543
救い主	4976542
续	4976541
ヒュール	4976540
終われ	4976539
アウレリオ	4976538
ペ	4976537
とか	4976536
手筈	4976535
ランクス	4976534
爪先	4976533
ゆず	4976532
孵	4976531
ナナイト	4976530
ごぅ	4976529
セタス	4976528
キドロン	4976527
憎らし	4976526
eye	4976525
弱音	4976524
パラ	4976523
わーい	4976522
鉄筋	4976521
english	4976520
復縁	4976519
ぼちぼち	4976518
ときめ	4976517
船尾	4976516
おんぼろ	4976515
ダントン	4976514
誘因	4976513
後ろ盾	4976512
否応	4976511
wgbh	4976510
フリーウェイ	4976509
サポーター	4976508
ホイト	4976507
银	4976506
惜しみな	4976505
切り替わ	4976504
心霊	4976503
此方	4976502
無残	4976501
サスペンダー	4976500
レグバ	4976499
っ屁	4976498
耳障り	4976497
hate	4976496
heavy	4976495
ディスカバリー	4976494
アメージング	4976493
イル	4976492
無援	4976491
ばらま	4976490
抜かり	4976489
能率	4976488
ギザギザ	4976487
兼ね備え	4976486
淋病	4976485
塩酸	4976484
マリアンヌ	4976483
平地	4976482
潜り	4976481
そよ風	4976480
商船	4976479
ハッピーニュー	4976478
cole	4976477
ｎａｓａ	4976476
かぶせ	4976475
読み違え	4976474
ボイス	4976473
griphook	4976472
もろとも	4976471
大方	4976470
され	4976469
小包み	4976468
しっと	4976467
何曜	4976466
ｲｽﾗｴﾙ	4976465
みすぼらし	4976464
gh	4976463
ひそか	4976462
発現	4976461
つ子	4976460
ペプチド	4976459
ワグナー	4976458
人嫌い	4976457
スキッター	4976456
妙薬	4976455
心電	4976454
呼び戻せ	4976453
albus	4976452
抜擢	4976451
財源	4976450
似せ	4976449
不治	4976448
atf	4976447
ビッカース	4976446
新築	4976445
玉ねぎ	4976444
血迷	4976443
neville	4976442
ハイブ	4976441
スランプ	4976440
糖	4976439
眉間	4976438
コルニロフ	4976437
ダイナミク	4976436
マッカン	4976435
horcrux	4976434
ガミガミ	4976433
ロジータ	4976432
半月	4976431
ピッグ	4976430
ヵ所	4976429
ガンシップ	4976428
チリンス	4976427
のば	4976426
サンカー	4976425
傾斜	4976424
堪忍	4976423
じゃれ	4976422
ゲルドフ	4976421
日頃	4976420
オーガスティン	4976419
ええー	4976418
造花	4976417
音源	4976416
間者	4976415
マーキング	4976414
previously	4976413
つたね	4976412
トータル	4976411
持ち帰れ	4976410
ポルター	4976409
タニス	4976408
シュナップス	4976407
燃え盛	4976406
対照	4976405
忽然	4976404
ナハリス	4976403
華氏	4976402
既存	4976401
danke	4976400
晴天	4976399
giving	4976398
同日	4976397
ヴェルズング	4976396
大食い	4976395
高尚	4976394
ストレッチャー	4976393
腹痛	4976392
證逢	4976391
ナヴィ	4976390
大儀	4976389
タルサ	4976388
シャリフ	4976387
亡骸	4976386
寝過ご	4976385
センサ	4976384
転貸	4976383
道断	4976382
セクトイド	4976381
難航	4976380
定番	4976379
falling	4976378
フレイガー	4976377
きらい	4976376
散策	4976375
養成	4976374
worry	4976373
マルコス	4976372
前置き	4976371
マンモス	4976370
半蔵	4976369
リングス	4976368
ジャージャー	4976367
ガーデニング	4976366
回廊	4976365
くよくよ	4976364
うって	4976363
rain	4976362
ペイトン	4976361
カンニング	4976360
none	4976359
前倒し	4976358
スティティ	4976357
抜け落ち	4976356
根回し	4976355
グリット	4976354
バーベナ	4976353
つけこ	4976352
グイード	4976351
常勤	4976350
states	4976349
公安	4976348
ヒスキー	4976347
きゃあ	4976346
脇道	4976345
フィフィ	4976344
スクリーム	4976343
つまみ出	4976342
バッター	4976341
ジェネレータ	4976340
一句	4976339
身籠も	4976338
観柳	4976337
だんす	4976336
ひじ	4976335
僻地	4976334
サラマンダー	4976333
胚	4976332
トゥーガ	4976331
方便	4976330
ゴーディオ	4976329
体外	4976328
大海	4976327
ベトベト	4976326
夜会	4976325
筆	4976324
ヘンテコ	4976323
fit	4976322
ズビドビ	4976321
浸入	4976320
ヒラメ	4976319
パラン	4976318
サンキュ	4976317
謎め	4976316
たがり	4976315
やんちゃ	4976314
ブルーニ	4976313
一括	4976312
パトロン	4976311
まなざし	4976310
case	4976309
密封	4976308
メチル	4976307
みれ	4976306
goddamn	4976305
breathing	4976304
引取り	4976303
グラナダ	4976302
バングルート	4976301
ノスタルジア	4976300
doesn	4976299
旧知	4976298
オヤユビ	4976297
帯域	4976296
ソバカス	4976295
dude	4976294
前腕	4976293
荘厳	4976292
エネル	4976291
クレス	4976290
転げ落ち	4976289
大層	4976288
タスキ	4976287
ちょろ	4976286
屈強	4976285
養女	4976284
力辟	4976283
ほうび	4976282
女史	4976281
appreciate	4976280
シンチュー	4976279
イーター	4976278
wail	4976277
大空	4976276
内耳	4976275
顆	4976274
気紛れ	4976273
オスマー	4976272
部類	4976271
読み物	4976270
ハートレー	4976269
カベルネ	4976268
野蛮人	4976267
拠	4976266
崩れ去	4976265
讐察	4976264
耳だ	4976263
内情	4976262
フィルモア	4976261
グミ	4976260
元哉	4976259
王手	4976258
左遷	4976257
ソリ	4976256
温床	4976255
ウイング	4976254
ヴェンチュラ	4976253
スヘル	4976252
腸骨	4976251
積み荷	4976250
アンヘウサー	4976249
mtv	4976248
クリアランス	4976247
面積	4976246
ダンロップ	4976245
強襲	4976244
フィリポヴァ	4976243
長々	4976242
今しがた	4976241
相撲	4976240
お漏らし	4976239
詠唱	4976238
message	4976237
参上	4976236
如意	4976235
焉	4976234
クラリネット	4976233
ドミノ	4976232
エァ	4976231
斗	4976230
存命	4976229
タリク	4976228
卒論	4976227
ルーン	4976226
コンセント	4976225
ビンテージ	4976224
ラキム	4976223
さけ	4976222
玉木	4976221
飲み会	4976220
シータ	4976219
腹心	4976218
steak	4976217
ピーターセン	4976216
タルズ	4976215
シャナ	4976214
ベイダー	4976213
いかさま	4976212
見方	4976211
疾風	4976210
street	4976209
デベロー	4976208
配り	4976207
風習	4976206
ケンパー	4976205
隔膜	4976204
関東	4976203
others	4976202
あご髭	4976201
代数	4976200
はまぐり	4976199
言い草	4976198
変えれ	4976197
気道	4976196
我也	4976195
磐田	4976194
働か	4976193
合点	4976192
プシュコフ	4976191
オッター	4976190
追撃	4976189
豊作	4976188
hot	4976187
歩き回れ	4976186
バッテリ	4976185
公示	4976184
問え	4976183
醒轄	4976182
レノ	4976181
好戦	4976180
曲名	4976179
摂氏	4976178
今野	4976177
副腎	4976176
モンテカルロ	4976175
ノーフォーク	4976174
レキシントン	4976173
必用	4976172
纏め	4976171
ほじ	4976170
職歴	4976169
コーラル	4976168
水漏れ	4976167
ガタ	4976166
朦朧	4976165
いじく	4976164
催促	4976163
united	4976162
ぞんざい	4976161
豪	4976160
拾い上げ	4976159
ジョーィ	4976158
出物	4976157
物々	4976156
マドモアゼル	4976155
寛え	4976154
立て直し	4976153
インキュバス	4976152
荳	4976151
lion	4976150
じれ	4976149
形勢	4976148
メイカー	4976147
ヤマアラシ	4976146
ハガード	4976145
主苗	4976144
ブロ	4976143
尻込み	4976142
スローガン	4976141
っちゃ	4976140
ノビ	4976139
浣	4976138
死に様	4976137
さげ	4976136
賄	4976135
山中	4976134
フリート	4976133
いっそう	4976132
ねんね	4976131
アルミニウム	4976130
憂うつ	4976129
ヘイス	4976128
oooh	4976127
ヤワ	4976126
猟奇	4976125
威光	4976124
裏目	4976123
ジャッジ	4976122
タップリ	4976121
無心	4976120
body	4976119
書店	4976118
ってぇ	4976117
磔	4976116
ジュークボックス	4976115
おしい	4976114
巴え	4976113
ドリップ	4976112
インターナショナル	4976111
イキ	4976110
ブラヒム	4976109
悪王	4976108
コーディング	4976107
導火	4976106
特効	4976105
うぁ	4976104
今どき	4976103
lie	4976102
モーシェ	4976101
マコート	4976100
憑りつ	4976099
wear	4976098
マーメイド	4976097
barrier	4976096
kids	4976095
キルト	4976094
夕ご飯	4976093
キングスレイ	4976092
杉浦	4976091
sick	4976090
引き替え	4976089
gentlemen	4976088
手頃	4976087
ガリン	4976086
棘	4976085
省け	4976084
ポパイ	4976083
ウィト	4976082
轟内	4976081
merry	4976080
なべ	4976079
cool	4976078
失ネ	4976077
たんぱく	4976076
クライヴ	4976075
同定	4976074
ジェンナ	4976073
急務	4976072
公布	4976071
lady	4976070
デズ	4976069
ナイトウォッチ	4976068
ルッツ	4976067
imdb	4976066
和美	4976065
たじろ	4976064
色白	4976063
内外	4976062
ほころび	4976061
san	4976060
悪賢	4976059
特使	4976058
上れ	4976057
天文学	4976056
切っ先	4976055
エロウィー	4976054
フェルソン	4976053
日月	4976052
ポンセ	4976051
裡	4976050
アンフィリサイト	4976049
rest	4976048
ホームカミング	4976047
ディル	4976046
灌	4976045
のめり込	4976044
死去	4976043
エマニエル	4976042
配れ	4976041
ディスプレイ	4976040
トライデント	4976039
コルセット	4976038
ブリトル	4976037
即効	4976036
異物	4976035
choice	4976034
有り難	4976033
グリース	4976032
目新し	4976031
み痕	4976030
はぁー	4976029
ジイ	4976028
飼い犬	4976027
在り	4976026
休ま	4976025
幅広	4976024
哨戒	4976023
半殺し	4976022
スス	4976021
呼びつけ	4976020
髄膜	4976019
ケジメ	4976018
媒体	4976017
セントクレア	4976016
ナイジェラ	4976015
粥	4976014
裏表	4976013
壮観	4976012
pd	4976011
吊り	4976010
フェアー	4976009
完結	4976008
ムセ	4976007
ママー	4976006
いとこの	4976005
ケバブ	4976004
酌量	4976003
おぼろ	4976002
キャラック	4976001
会館	4976000
ヤア	4975999
ヴェルナー	4975998
nobody	4975997
地階	4975996
こっぴど	4975995
円周	4975994
エクササイズ	4975993
丿ヾチ丿ヾチ	4975992
流浪	4975991
馬泥棒	4975990
ディスプレー	4975989
大佐殿	4975988
遺志	4975987
pick	4975986
ねら	4975985
消えかけ	4975984
グライス	4975983
リクタス	4975982
川底	4975981
マヌエル	4975980
選定	4975979
びくびく	4975978
内閣	4975977
策謀	4975976
ゲンカ	4975975
油絵	4975974
純情	4975973
成り下が	4975972
ホクロ	4975971
潰し	4975970
手薄	4975969
later	4975968
ひっか	4975967
ペパロニ	4975966
ラージ	4975965
くコ	4975964
瓜二つ	4975963
ティベリウス	4975962
角膜	4975961
よつ	4975960
スイッチャー	4975959
追伸	4975958
くく	4975957
通え	4975956
died	4975955
能無し	4975954
餃子	4975953
ばぁ	4975952
退曇	4975951
哥哥	4975950
一大	4975949
カノジョ	4975948
寂れ	4975947
概算	4975946
ほぅ	4975945
キエフ	4975944
カルヴィン	4975943
博打	4975942
こすれ	4975941
勃発	4975940
退蒟	4975939
蜂起	4975938
やりなお	4975937
オリ	4975936
病弱	4975935
昆七	4975934
コニャック	4975933
ウイロー	4975932
簡	4975931
マスカラ	4975930
亨	4975929
ヌァーダ	4975928
load	4975927
命日	4975926
照らし合わせ	4975925
トレンサム	4975924
空か	4975923
委	4975922
印税	4975921
負けれ	4975920
雀	4975919
真向かい	4975918
ココナツ	4975917
騒然	4975916
指骨	4975915
葬り去	4975914
lyyal	4975913
ブライオニー	4975912
able	4975911
移ろ	4975910
送り込み	4975909
搬入	4975908
グールズ	4975907
ガリガリ	4975906
フォーレスト	4975905
ほとぼり	4975904
選任	4975903
デノビラン	4975902
伴侶	4975901
事聞	4975900
読心	4975899
小賢し	4975898
あゆ	4975897
貸し切り	4975896
ブラウナー	4975895
チョロ	4975894
言い当て	4975893
気合い	4975892
グルドゥア	4975891
ミルディン	4975890
一人ひとり	4975889
dod	4975888
rna	4975887
マーケティング	4975886
湿地帯	4975885
粘	4975884
ダッチ	4975883
名言	4975882
ニャー	4975881
パトリス	4975880
おてんば	4975879
吹きつけ	4975878
オレリャーナ	4975877
ペディキュア	4975876
石頭	4975875
歯止め	4975874
前脚	4975873
ジュラシック	4975872
ロランド	4975871
懸案	4975870
ベイトマン	4975869
片親	4975868
ドーザー	4975867
見聞き	4975866
クソォ	4975865
アダムズ	4975864
セーキ	4975863
ドルベン	4975862
耐	4975861
覚せい	4975860
よっしゃあ	4975859
仰天	4975858
憲	4975857
ワイド	4975856
それと	4975855
引っかき傷	4975854
生まれも	4975853
ロザリン	4975852
キャロリン	4975851
あばら	4975850
光明	4975849
不用	4975848
勝ち負け	4975847
鬱病	4975846
エディルネ	4975845
upon	4975844
鍛造	4975843
ディヴァック	4975842
症例	4975841
クレナ	4975840
言い表せ	4975839
メフメト	4975838
难	4975837
サザーランド	4975836
さらさら	4975835
おこう	4975834
メット	4975833
梗塞	4975832
キンメル	4975831
いかい	4975830
入港	4975829
ミーラ	4975828
甲虫	4975827
ヴェルスワ	4975826
おんな	4975825
回りくど	4975824
カプラ	4975823
全知	4975822
マーガ	4975821
誠心	4975820
カラダ	4975819
溶け込め	4975818
食い違い	4975817
whoo	4975816
異父	4975815
既成	4975814
伊藤	4975813
ギブソン	4975812
イナゴ	4975811
唸	4975810
取戻	4975809
起点	4975808
ベーク	4975807
純血	4975806
トリステン	4975805
マルム	4975804
ファリド	4975803
出鱈目	4975802
酷評	4975801
ドリ	4975800
腫拮	4975799
escape	4975798
デングラー	4975797
親近	4975796
浮き	4975795
取りつけ	4975794
揉み合	4975793
あがめ	4975792
めくら	4975791
こけ	4975790
ウェポン	4975789
韮	4975788
水増し	4975787
クシャミ	4975786
サディー	4975785
穿刺	4975784
沈静	4975783
腓骨	4975782
効き目	4975781
スタンダード	4975780
財力	4975779
ホアイト	4975778
見い出	4975777
螺旋	4975776
certain	4975775
多重	4975774
メイヒュー	4975773
ガガ	4975772
後ろ姿	4975771
せっかい	4975770
ウイルソン	4975769
ラベンダー	4975768
筋力	4975767
mrs	4975766
乳房	4975765
三木	4975764
トロイド	4975763
抜きだ	4975762
双生	4975761
歸	4975760
ミリタリー	4975759
マフラー	4975758
マッシャー	4975757
ファクス	4975756
ハイメ	4975755
ケネディー	4975754
探し求め	4975753
発育	4975752
ロマノ	4975751
変容	4975750
カールス	4975749
八九	4975748
ドライヤー	4975747
異性	4975746
quite	4975745
玉突き	4975744
保湿	4975743
尻筋	4975742
ニードル	4975741
はげ	4975740
能天気	4975739
おちつけ	4975738
ピント	4975737
森崎	4975736
breaking	4975735
断絶	4975734
ふりかか	4975733
照	4975732
uss	4975731
一途	4975730
インディー	4975729
身軽	4975728
シュヴァリエ	4975727
ピーナー	4975726
フィリッパ	4975725
全人生	4975724
kedavra	4975723
クサ	4975722
フラフルズ	4975721
学級	4975720
帰化	4975719
ダービー	4975718
竹	4975717
闘士	4975716
挫傷	4975715
聞き回	4975714
カルストン	4975713
カルコサ	4975712
晚	4975711
ぎゃあ	4975710
適法	4975709
クラッシャー	4975708
五百	4975707
ﾄﾞﾙ	4975706
バスケン	4975705
ペティグルー	4975704
雁門	4975703
ウィドウ	4975702
互	4975701
褐色	4975700
クラー	4975699
ケンタウロス	4975698
親睦	4975697
聞こえん	4975696
メーク	4975695
already	4975694
大漁	4975693
綴	4975692
引火	4975691
メイベル	4975690
盗撮	4975689
フィニックス	4975688
コンチネンタル	4975687
一々	4975686
eyeborg	4975685
横行	4975684
プリウス	4975683
撃ちこ	4975682
ふもと	4975681
ウザ	4975680
ハイゼン	4975679
コンバージェンス	4975678
テンサウザン	4975677
全権	4975676
デカチン	4975675
ドスラク	4975674
グレディ	4975673
テメェ	4975672
怨み	4975671
ふわふわ	4975670
談話	4975669
heavily	4975668
りん	4975667
beating	4975666
シャバ	4975665
グルメ	4975664
魚釣り	4975663
ウラ	4975662
オレグ	4975661
リバプール	4975660
音速	4975659
量産	4975658
あっち側	4975657
てんねん	4975656
デルガド	4975655
ブロガー	4975654
ペガサス	4975653
しゃ	4975652
長身	4975651
容貌	4975650
ベセスダ	4975649
ザロ	4975648
ブロンドン	4975647
即席	4975646
利他	4975645
サテュロス	4975644
ヤマネコ	4975643
功	4975642
ファンデ	4975641
チューチョ	4975640
アナログ	4975639
醒	4975638
おめかし	4975637
パクパク	4975636
ラーセン	4975635
ベニエ	4975634
京都	4975633
霊的	4975632
浮き上が	4975631
切り取り	4975630
メクラ	4975629
君達	4975628
左旋	4975627
戸口	4975626
tomorrow	4975625
孔雀	4975624
サミュエルズ	4975623
shining	4975622
ルシル	4975621
志向	4975620
つかの間	4975619
悲嗚	4975618
手付	4975617
斑点	4975616
truly	4975615
モラ	4975614
カールズ	4975613
スパック	4975612
カタナ	4975611
サーブ	4975610
休眠	4975609
落っこち	4975608
イーラス	4975607
弓兵	4975606
アクメン	4975605
放電	4975604
遅番	4975603
口臭	4975602
おろそか	4975601
アスフェイス	4975600
ギルダ	4975599
扮装	4975598
実り	4975597
フランセス	4975596
チョ	4975595
みせかけ	4975594
サンバー	4975593
ベイズ	4975592
黒鳥	4975591
物見せ	4975590
いだ	4975589
溶岩	4975588
やきもち	4975587
仕事柄	4975586
インフレ	4975585
ウィンザー	4975584
逆流	4975583
サーセイ	4975582
貪	4975581
薬指	4975580
土豚	4975579
ﾈｳﾞｨﾙ	4975578
走り書き	4975577
世捨て	4975576
貸し出し	4975575
こた	4975574
入賞	4975573
ネイティリ	4975572
殴りつけ	4975571
ハンディーニ	4975570
蹂躙	4975569
焼き付	4975568
ホービング	4975567
孕	4975566
スピア	4975565
随時	4975564
刻み	4975563
ｳﾞｫｰｹﾞﾙ	4975562
くろがね	4975561
野平	4975560
ソレダッド	4975559
week	4975558
オスカリ	4975557
そむけ	4975556
野伏	4975555
真直ぐ	4975554
strange	4975553
カムシャフト	4975552
hogwarts	4975551
イートン	4975550
すて	4975549
ブラックス	4975548
広げろ	4975547
マーズ	4975546
腑抜け	4975545
レインズ	4975544
below	4975543
simple	4975542
首飾り	4975541
いたぶ	4975540
recall	4975539
しみっ	4975538
あらためて	4975537
taken	4975536
タリアス	4975535
横転	4975534
field	4975533
slave	4975532
妙案	4975531
hardly	4975530
申し	4975529
待ち焦がれ	4975528
緖	4975527
獲れ	4975526
congressmen	4975525
ランフラット	4975524
ヘイレイ	4975523
シュメール	4975522
サーモ	4975521
closes	4975520
メンタル	4975519
ニーサ	4975518
詐称	4975517
フラニガン	4975516
green	4975515
カミング	4975514
avada	4975513
キャバレー	4975512
年々	4975511
蓬	4975510
イエガー	4975509
婚前	4975508
ダンスパーティ	4975507
使い込	4975506
インカ	4975505
器量	4975504
シュトゥーダー	4975503
トンズラ	4975502
フゥ	4975501
スナップ	4975500
クロワ	4975499
あほ	4975498
イズミ	4975497
医院	4975496
乾き	4975495
エリノア	4975494
マドリガル	4975493
座礁	4975492
スカル	4975491
清廉	4975490
コルター	4975489
クリスピアン	4975488
裁け	4975487
コシェボイ	4975486
vogel	4975485
有数	4975484
スパニッシュ	4975483
芒	4975482
ﾎｸﾞﾜｰﾂ	4975481
空輸	4975480
sleep	4975479
ムハンマド	4975478
内海	4975477
仔	4975476
フローリアン	4975475
orders	4975474
ブリッド	4975473
長崎	4975472
isn	4975471
クリスティナ	4975470
膿	4975469
変圧	4975468
sort	4975467
スパン	4975466
コボル	4975465
映し出	4975464
グリッグ	4975463
ジェリコ	4975462
レーニン	4975461
今期	4975460
gringotts	4975459
くっそー	4975458
羽毛	4975457
モージ	4975456
バッファ	4975455
ジゴ	4975454
受容	4975453
追い出し	4975452
世継ぎ	4975451
体当たり	4975450
バベノー	4975449
ギネス	4975448
ｃｄｃ	4975447
ディナ	4975446
目利き	4975445
忘我	4975444
エモリー	4975443
まっさら	4975442
算段	4975441
爵位	4975440
順風	4975439
あんま	4975438
丿麦	4975437
ヌーディスト	4975436
元祖	4975435
テューデウス	4975434
ケークス	4975433
炭化	4975432
シダ	4975431
蕗	4975430
消え失せ	4975429
ミサキ	4975428
ツーゾ	4975427
鳥肌	4975426
vault	4975425
全寮	4975424
ボンヤリ	4975423
ブロデナ	4975422
楽章	4975421
アブラハム	4975420
マルケサ	4975419
マドセン	4975418
安西	4975417
巻きつ	4975416
石板	4975415
跳躍	4975414
ヴュー	4975413
スヴェン	4975412
ウィニー	4975411
女中	4975410
ムカツク	4975409
ラウラ	4975408
ベルベット	4975407
光子	4975406
アクシオン	4975405
ドンス	4975404
冷淡	4975403
かまえ	4975402
チャンスキー	4975401
ヴェッセン	4975400
カイパース	4975399
し直	4975398
仕分け	4975397
オーレ	4975396
べっぴん	4975395
小骨折	4975394
諸侯	4975393
ウエイン	4975392
食道	4975391
レチ	4975390
後輩	4975389
ギー	4975388
しまい込	4975387
クロプシー	4975386
炊飯	4975385
他社	4975384
累	4975383
ハァハァ	4975382
絆創	4975381
震撼	4975380
ﾚｽﾄﾚｰﾝｼﾞ	4975379
空室	4975378
取り繕	4975377
カプラン	4975376
でっ	4975375
こぶし	4975374
畏怖	4975373
メック	4975372
子ブタ	4975371
ハンズ	4975370
ちっと	4975369
趣旨	4975368
食人	4975367
はねつけ	4975366
ほど遠	4975365
種馬	4975364
末っ子	4975363
ホンド	4975362
country	4975361
カダー	4975360
はりつけ	4975359
ドージー	4975358
ファング	4975357
gun	4975356
紙面	4975355
開園	4975354
力持ち	4975353
功労	4975352
フィオーナ	4975351
バーレーン	4975350
アンフィトリオン	4975349
アイデンティティ	4975348
loving	4975347
失効	4975346
ノルン	4975345
人ガ	4975344
えだ	4975343
愚行	4975342
憶	4975341
江洞	4975340
轢き逃げ	4975339
突き動か	4975338
最古	4975337
ワンダーランド	4975336
クリスティー	4975335
痴話	4975334
ドレッシング	4975333
ショパン	4975332
キーリー	4975331
ワサビ	4975330
二言	4975329
ヵ	4975328
ルシンダ	4975327
よっしゃー	4975326
エミコ	4975325
金子	4975324
バリス	4975323
ずめ	4975322
プラント	4975321
ムービー	4975320
ほと	4975319
欺き	4975318
ジャネック	4975317
マクナリー	4975316
クタバレ	4975315
索引	4975314
まんざら	4975313
親しみ	4975312
shower	4975311
譜面	4975310
しし	4975309
license	4975308
サイオニス	4975307
ハマグリ	4975306
立て込	4975305
リンス	4975304
マラー	4975303
サケ	4975302
き魔	4975301
当座	4975300
roc	4975299
ニーム	4975298
地熱	4975297
wnt	4975296
学術	4975295
スタンス	4975294
殿堂	4975293
フレ	4975292
マドック	4975291
ホアキン	4975290
ウィンディ	4975289
ミング	4975288
つわり	4975287
カーペンター	4975286
ゼッ	4975285
身障	4975284
前者	4975283
water	4975282
アナダック	4975281
cover	4975280
車掌	4975279
ノワール	4975278
hang	4975277
静電	4975276
真っ向	4975275
杪	4975274
昭一	4975273
暗礁	4975272
root	4975271
原発	4975270
土方	4975269
buy	4975268
xvid	4975267
ﾋﾞﾙｹﾅｳ	4975266
マンホール	4975265
マーマ	4975264
ビング	4975263
hurry	4975262
寝薬	4975261
エック	4975260
グリスカ	4975259
打席	4975258
湿地	4975257
mad	4975256
語り手	4975255
カリン	4975254
ゴンゾー	4975253
ラムソン	4975252
シュリーブ	4975251
芋	4975250
サーシー	4975249
ヒンディー	4975248
けじめ	4975247
クリーチ	4975246
ブラフ	4975245
ゲーリング	4975244
作り出せ	4975243
心身	4975242
侯	4975241
拝謁	4975240
brave	4975239
スラヴィ	4975238
溢れ出	4975237
state	4975236
蓄音	4975235
ride	4975234
またー	4975233
ツィート	4975232
ビンタ	4975231
アハッ	4975230
こぉ	4975229
商会	4975228
サンプ	4975227
ート	4975226
亡くし	4975225
しんとう	4975224
風向き	4975223
チェダー	4975222
妄	4975221
転居	4975220
クレメンズ	4975219
ジンベキ	4975218
多顔	4975217
織り込	4975216
デニッシュ	4975215
一網	4975214
バナーマン	4975213
暮	4975212
寝込	4975211
疆飼	4975210
吹奏	4975209
デビン	4975208
装具	4975207
マシソン	4975206
making	4975205
持ち直	4975204
モギー	4975203
memory	4975202
ペーダー	4975201
一騎	4975200
はあ	4975199
ポロニウム	4975198
アイバン	4975197
チワワ	4975196
ドンク	4975195
アンドルー	4975194
フェイヒー	4975193
防壁	4975192
口うるさ	4975191
クレードル	4975190
チャナード	4975189
バックギャモン	4975188
fear	4975187
突っ立て	4975186
サナギ	4975185
上質	4975184
境内	4975183
ブルーザー	4975182
シアター	4975181
明ら	4975180
オルガ	4975179
伐採	4975178
ｍｐ	4975177
heck	4975176
消臭	4975175
マンディンゴ	4975174
ルーシェ	4975173
フィナーレ	4975172
ハートフォード	4975171
アトリエ	4975170
家柄	4975169
accident	4975168
フアレス	4975167
窓越し	4975166
ピンピン	4975165
半田	4975164
駆け巡	4975163
sword	4975162
リーシャ	4975161
ドゥエイン	4975160
くね	4975159
独	4975158
退廃	4975157
モーモー	4975156
鬱陶し	4975155
返り討ち	4975154
シナプス	4975153
ブレンナン	4975152
早番	4975151
沖合	4975150
ハンブルグ	4975149
馬乗り	4975148
深淵	4975147
ハッチンズ	4975146
悪酔い	4975145
友軍	4975144
いかり	4975143
あらま	4975142
干潮	4975141
美点	4975140
bo	4975139
賭け事	4975138
とが	4975137
末永	4975136
奪い返	4975135
踵巽	4975134
玩	4975133
明り	4975132
アースキン	4975131
兼	4975130
ネイティブ	4975129
雌牛	4975128
ルーチン	4975127
宮入り	4975126
拿	4975125
音色	4975124
立ち聞き	4975123
推量	4975122
ダーベル	4975121
ヘルシング	4975120
ザックリー	4975119
生憎	4975118
復号	4975117
盗用	4975116
半裸	4975115
あく	4975114
キャヴェンディッシュ	4975113
両面	4975112
貫き	4975111
トアー	4975110
掻き回	4975109
しかめっ面	4975108
自伝	4975107
ルーファス	4975106
だまし取	4975105
ルシール	4975104
ホステル	4975103
クツ	4975102
腫轄	4975101
隣り合わせ	4975100
大嵐	4975099
ティール	4975098
α	4975097
モノマネ	4975096
有価	4975095
スリント	4975094
マスード	4975093
残党	4975092
グレープフルーツ	4975091
ぎまわ	4975090
吹き回し	4975089
波乗り	4975088
タグリア	4975087
丶麦	4975086
トラバース	4975085
復唱	4975084
語彙	4975083
ドラッグストア	4975082
ロスアンゼルス	4975081
鑑み	4975080
空砲	4975079
暫定	4975078
登記	4975077
開閉	4975076
隆博	4975075
サイヤマン	4975074
仁義	4975073
ph	4975072
コメディー	4975071
追いだ	4975070
除霊	4975069
女子供	4975068
免税	4975067
プル	4975066
遇	4975065
ブラボ	4975064
はいはいはい	4975063
恐し	4975062
スピーディ	4975061
死守	4975060
点状	4975059
フェラチオ	4975058
熟女	4975057
優遇	4975056
中期	4975055
終日	4975054
かき	4975053
室井	4975052
ウド	4975051
カーキー	4975050
フィリ	4975049
グランディン	4975048
ヾ力	4975047
何方	4975046
ウンパ	4975045
シェリ	4975044
leaving	4975043
全部署	4975042
ヨシフ	4975041
バルド	4975040
イラクサ	4975039
ジャカルタ	4975038
うつ伏せ	4975037
賑わ	4975036
映り	4975035
ショベル	4975034
つづり	4975033
ぼーっ	4975032
ゅう	4975031
ウィリアムソン	4975030
ハリネズミ	4975029
会得	4975028
葛瑞	4975027
amy	4975026
公人	4975025
歌唱	4975024
独力	4975023
フィー	4975022
袋詰め	4975021
地底	4975020
デルバート	4975019
実演	4975018
じか	4975017
しっかし	4975016
ロザリオ	4975015
体現	4975014
せいせい	4975013
ドッド	4975012
ゆが	4975011
ファウル	4975010
異色	4975009
ロクデナシ	4975008
コープランド	4975007
ぉれ	4975006
ルルフォ	4975005
bed	4975004
川口	4975003
一任	4975002
押し返	4975001
りっぱ	4975000
分け前	4974999
ハバナ	4974998
ゃあ	4974997
用度	4974996
アナスン	4974995
ドノバン	4974994
行内	4974993
リースル	4974992
ランボルギーニ	4974991
秤	4974990
逸警	4974989
好感	4974988
motherfuckers	4974987
ギーザ	4974986
いっちょ	4974985
キャメロット	4974984
待望	4974983
鎮火	4974982
指向	4974981
ランドル	4974980
ネアンデルタール	4974979
育て上げ	4974978
吹き返	4974977
ワンコ	4974976
セリナ	4974975
led	4974974
照らし出	4974973
ザナックス	4974972
鉄分	4974971
军	4974970
バースト	4974969
鉗子	4974968
ノークス	4974967
スペシャリスト	4974966
納ま	4974965
ぼうっと	4974964
サヴェラン	4974963
雇い主だ	4974962
グリュー	4974961
ゴーフ	4974960
カジャキ	4974959
養豚	4974958
陰鬱	4974957
ヘトヘト	4974956
帝政	4974955
比率	4974954
エンゲル	4974953
回頭	4974952
手根	4974951
richard	4974950
キリアン	4974949
うたた寝	4974948
冤董	4974947
だんまり	4974946
見ろ	4974945
千夏	4974944
不是	4974943
くつろぎ	4974942
悪癖	4974941
与信	4974940
ｌｓｄ	4974939
逃げ去	4974938
山道	4974937
狭め	4974936
シンチ	4974935
ｅｕ	4974934
波形	4974933
やっこ	4974932
くすぐり	4974931
主旨	4974930
ステッド	4974929
ユナイテッド	4974928
イーゼル	4974927
フェンダー	4974926
贖	4974925
ハラード	4974924
本編	4974923
かげ	4974922
sense	4974921
ルスラン	4974920
フラグ	4974919
グッバイ	4974918
スラング	4974917
男物	4974916
フォクシー	4974915
便り	4974914
sat	4974913
呑み込	4974912
刃向	4974911
考えつ	4974910
スラグ	4974909
受け持ち	4974908
男手	4974907
パオロ	4974906
チーター	4974905
シルヴァー	4974904
バッタリ	4974903
クライム	4974902
クレイバー	4974901
遭わ	4974900
買いかぶ	4974899
復学	4974898
スレマニー	4974897
る気	4974896
バワーズ	4974895
躍進	4974894
佐保	4974893
逐次	4974892
焼死	4974891
土木	4974890
ツマミ	4974889
アリング	4974888
ate	4974887
交互	4974886
政略	4974885
プラスケット	4974884
ネバー	4974883
土星	4974882
逆襲	4974881
エステル	4974880
えらく	4974879
行か	4974878
ジューマ	4974877
伙	4974876
起来	4974875
傾倒	4974874
討ち死に	4974873
牛丸	4974872
ボーム	4974871
アウ	4974870
借主	4974869
クレイン	4974868
しゃべら	4974867
泣か	4974866
うーんと	4974865
gift	4974864
一ン	4974863
ナノティラヌス	4974862
雑	4974861
リベンジ	4974860
ロズリン	4974859
万物	4974858
焼夷	4974857
ぶっ叩	4974856
サリンズ	4974855
隈	4974854
ウェッブ	4974853
おし	4974852
コンピュター	4974851
ミクロ	4974850
敗	4974849
追い掛け	4974848
プレッツェル	4974847
ボリビア	4974846
混濁	4974845
総裁	4974844
心細	4974843
枠組み	4974842
虫稽	4974841
ハノーバー	4974840
不凍	4974839
corrections	4974838
仕度	4974837
cwi	4974836
麦冨	4974835
懇親	4974834
ゴルディ	4974833
書き直し	4974832
キャリントン	4974831
成り	4974830
くも	4974829
ヘッドホン	4974828
ジャンセン	4974827
船室	4974826
ガリア	4974825
持ち主に	4974824
スペルツア	4974823
かたずけ	4974822
ダリ	4974821
顕示	4974820
一泡	4974819
水筒	4974818
キャスダン	4974817
奪回	4974816
絶品	4974815
メルボルン	4974814
ストックホルム	4974813
くすぐ	4974812
臆病者	4974811
つかみ	4974810
一起	4974809
諭	4974808
小売	4974807
過労	4974806
幾何	4974805
首位	4974804
ジェナー	4974803
先客	4974802
踊ら	4974801
大手柄	4974800
モロー	4974799
シャベール	4974798
オーセベリ	4974797
somewhere	4974796
繰り広げ	4974795
ラグン	4974794
irka	4974793
グラフィック	4974792
霊界	4974791
ピクピク	4974790
ダイレクト	4974789
水色	4974788
ドーア	4974787
回し	4974786
細身	4974785
我在	4974784
恍惚	4974783
流行り	4974782
走り抜け	4974781
ツイストルネード	4974780
レミントン	4974779
合せ	4974778
ラヤ	4974777
メイプル	4974776
侵食	4974775
発送	4974774
焼け落ち	4974773
大雑把	4974772
日雇い	4974771
ウエーター	4974770
レミュエル	4974769
駆け付け	4974768
ディーコン	4974767
freak	4974766
マチョ	4974765
マクダニエル	4974764
打ち消	4974763
スムート	4974762
スパゲティ	4974761
石けん	4974760
ミルウォーキー	4974759
置換	4974758
発汗	4974757
若々し	4974756
うめく	4974755
ディジャー	4974754
ハレルヤー	4974753
ナンス	4974752
ウェーバリー	4974751
幌	4974750
ガーデンズ	4974749
灌漑	4974748
はー	4974747
於け	4974746
ハルコ	4974745
だって	4974744
飛び乗れ	4974743
リトリーブ	4974742
フェッチ	4974741
rpg	4974740
同時刻	4974739
至り	4974738
サック	4974737
ポーン	4974736
凹	4974735
蘇り	4974734
ブロツキー	4974733
においだ	4974732
蓼置	4974731
日経	4974730
聞きつけ	4974729
ラシター	4974728
备	4974727
たき火	4974726
高らか	4974725
勇	4974724
取りあえず	4974723
三流	4974722
トラッキング	4974721
リボルバー	4974720
cyunen	4974719
ｏｓ	4974718
ロア	4974717
インジェクター	4974716
説き伏せ	4974715
sed	4974714
ウマン	4974713
猛禽	4974712
タイゲ	4974711
ふっかけ	4974710
クロイスター	4974709
浅瀬	4974708
ラテックス	4974707
鐵	4974706
気乗り	4974705
ドルフ	4974704
強行	4974703
グレーソン	4974702
フランソワーズ	4974701
本丸	4974700
パラオ	4974699
ひったく	4974698
つっこ	4974697
ｇａｍｅ	4974696
ｌｉａｒ	4974695
まか	4974694
奔放	4974693
参入	4974692
ngo	4974691
コーリガン	4974690
父方	4974689
コスティガン	4974688
相殺	4974687
血染め	4974686
まち	4974685
トライセラドリル	4974684
古くさ	4974683
盲人	4974682
ケイリン	4974681
娘娘	4974680
多々	4974679
ボウズ	4974678
業火	4974677
ポートフォリオ	4974676
que	4974675
スパイシー	4974674
他殺	4974673
lan	4974672
マタイ	4974671
片割れ	4974670
ダーマ	4974669
ゾラー	4974668
ジャイアンツ	4974667
之	4974666
攪乱	4974665
ブラスカ	4974664
rdx	4974663
嘉	4974662
予行	4974661
ハイエナ	4974660
ケスター	4974659
苛立ち	4974658
時世	4974657
デカルロ	4974656
オークモント	4974655
グロンクル	4974654
不躾	4974653
鳳凰	4974652
移譲	4974651
小夏	4974650
確カ	4974649
普遍	4974648
ｂｊ	4974647
有刺	4974646
押さえ込	4974645
ワオー	4974644
かき混ぜ	4974643
オデッセイ	4974642
痴情	4974641
揺す	4974640
線香	4974639
ベーカーズ	4974638
manchild	4974637
ルシアス	4974636
儲け話	4974635
ソリス	4974634
生首	4974633
バースデイ	4974632
代々木	4974631
焦り	4974630
マクス	4974629
簿記	4974628
名残	4974627
言い値	4974626
ホイル	4974625
イエメン	4974624
ヒム	4974623
graves	4974622
アーティー	4974621
器物	4974620
打合せ	4974619
検閲	4974618
顔見	4974617
修業	4974616
譜	4974615
クイック	4974614
体裁	4974613
勝訴	4974612
ソニック	4974611
押し戻	4974610
だく	4974609
bbc	4974608
ベネチア	4974607
炸裂	4974606
チキショウ	4974605
キートン	4974604
憎たらし	4974603
ええい	4974602
休廷	4974601
節度	4974600
腹立	4974599
越境	4974598
皆殺	4974597
持病	4974596
ざまみ	4974595
コンロ	4974594
已经	4974593
ホッチキス	4974592
gina	4974591
返送	4974590
ハンデ	4974589
瀋	4974588
大きめ	4974587
潔癖	4974586
マリナ	4974585
モンクフォード	4974584
グレゴール	4974583
ヾスン	4974582
膳	4974581
北友	4974580
ケープ	4974579
ペンデルトン	4974578
服部	4974577
くそぉ	4974576
手引	4974575
圧政	4974574
ヤーラ	4974573
アンプ	4974572
ワルシャワ	4974571
予断	4974570
バイバー	4974569
マローン	4974568
insane	4974567
構図	4974566
北海道	4974565
芸当	4974564
ヨーダー	4974563
あからさま	4974562
ぶっ壊れ	4974561
ラフィット	4974560
マニュエル	4974559
肺癌	4974558
アンモニア	4974557
ダル	4974556
ボンクラ	4974555
降雨	4974554
またた	4974553
いば	4974552
イタリアン	4974551
デジー	4974550
ー待	4974549
スマホ	4974548
力添え	4974547
ナマ	4974546
オタカ	4974545
スコーン	4974544
拭い去	4974543
ギャレン	4974542
真北	4974541
クワイ	4974540
クゥーン	4974539
履き	4974538
ケーリー	4974537
ウィンディゴ	4974536
雛	4974535
サフラン	4974534
驚嘆	4974533
シモーン	4974532
自室	4974531
人混み	4974530
どもり	4974529
jet	4974528
歌い	4974527
客間	4974526
平手打ち	4974525
せっせと	4974524
オキーフ	4974523
ファム	4974522
白日	4974521
気配り	4974520
ハチャメチャ	4974519
羽織	4974518
冬至	4974517
blow	4974516
兵法	4974515
おだて	4974514
ボードリ	4974513
ビュイック	4974512
ボーエン	4974511
あのぉ	4974510
ミホ	4974509
トゥイレック	4974508
ジャグ	4974507
グダグダ	4974506
マクレディ	4974505
はかま	4974504
停留	4974503
賞味	4974502
割れ目	4974501
製紙	4974500
au	4974499
インフォメーション	4974498
発酵	4974497
ohh	4974496
ドゥダエフ	4974495
スタブロウ	4974494
いちか	4974493
溜まり	4974492
旋風	4974491
十二分	4974490
不可抗力	4974489
キャセロール	4974488
の子	4974487
ひったくり	4974486
安らげ	4974485
ぶっ倒	4974484
秘宝	4974483
イヤミ	4974482
刺し殺	4974481
くま	4974480
ツィッター	4974479
祈願	4974478
隣接	4974477
歓待	4974476
割礼	4974475
ケノビー	4974474
結膜	4974473
ガーツ	4974472
禁じ	4974471
大賞	4974470
マイクロプロセッサー	4974469
美春	4974468
転入	4974467
親身	4974466
変性	4974465
真菌	4974464
双頭	4974463
ぺぺ	4974462
残圧	4974461
苛酷	4974460
フーパー	4974459
吸い出	4974458
続々	4974457
下がり	4974456
埋め尽く	4974455
巡り合	4974454
バレーボール	4974453
平衡	4974452
エンジニアリング	4974451
パンチョ	4974450
剪	4974449
まとわりつ	4974448
ティビ	4974447
寻	4974446
痛々し	4974445
引き締ま	4974444
親玉	4974443
冠状	4974442
コヴェントリー	4974441
hair	4974440
主流	4974439
議場	4974438
霊安	4974437
コックピット	4974436
急変	4974435
白色	4974434
ゴスペル	4974433
しお	4974432
ねじ込	4974431
自負	4974430
からしか	4974429
ラクダ	4974428
恒春	4974427
探り出せ	4974426
解か	4974425
塩漬け	4974424
乗り心地	4974423
住み込み	4974422
石像	4974421
クローネ	4974420
ストライプ	4974419
オーガニック	4974418
インパラ	4974417
ソラム	4974416
コネリー	4974415
潜望	4974414
ｓｍ	4974413
テズ	4974412
ノズル	4974411
隷属	4974410
菫言	4974409
えぐ	4974408
ダロー	4974407
ナアスコブ	4974406
きらきら	4974405
内示	4974404
ソニア	4974403
ホーソン	4974402
フランダース	4974401
コフィ	4974400
サファリ	4974399
才覚	4974398
フォクスリバー	4974397
不手際	4974396
独り者	4974395
酒気	4974394
ﾅﾙｾﾝ	4974393
荒れ狂	4974392
孃	4974391
ドー	4974390
ﾌｫｽﾀｰ	4974389
下界	4974388
挫	4974387
ソープ	4974386
隠れんぼ	4974385
アドリア	4974384
surprise	4974383
み傷	4974382
路肩	4974381
ハチミツ	4974380
迫撃	4974379
従犯	4974378
デビル	4974377
立体	4974376
食いちぎ	4974375
デュエーン	4974374
虽然	4974373
捕縛	4974372
あわれ	4974371
正大	4974370
濫用	4974369
なぐ	4974368
環菜	4974367
いじり	4974366
パラチョッパー	4974365
比例	4974364
サワー	4974363
ヴェン	4974362
ジュールス	4974361
符合	4974360
漁村	4974359
こっけい	4974358
small	4974357
無我	4974356
秦	4974355
グラックス	4974354
輪郭	4974353
ヒンドゥー	4974352
またもや	4974351
共々	4974350
出し物	4974349
ただよ	4974348
ラックス	4974347
玉麦	4974346
猥褻	4974345
文献	4974344
ふぅん	4974343
再起	4974342
義姉	4974341
警棒	4974340
市政	4974339
hung	4974338
ファンキー	4974337
亜鉛	4974336
はじき	4974335
旅先	4974334
大友	4974333
ディファイアンス	4974332
トリケラ	4974331
月給	4974330
沸か	4974329
坑	4974328
セベライド	4974327
オーディ	4974326
断然	4974325
道連れだ	4974324
置き去	4974323
置換え	4974322
探し当て	4974321
收到	4974320
beat	4974319
あーら	4974318
趙	4974317
名古屋	4974316
つかさど	4974315
公明	4974314
フィーリング	4974313
team	4974312
プルターク	4974311
陛	4974310
ファルージャ	4974309
氷点	4974308
引出し	4974307
sad	4974306
意表	4974305
躾け	4974304
おさめ	4974303
ｪ	4974302
高倉	4974301
勝ち得	4974300
かき消	4974299
ヴァイオリン	4974298
伝導	4974297
小瓶	4974296
ファニング	4974295
切りつけ	4974294
店番	4974293
黄	4974292
鯉之	4974291
争え	4974290
爆死	4974289
水夫	4974288
モハメド	4974287
がぁ	4974286
骨壷	4974285
shift	4974284
貧乳	4974283
女の	4974282
哭	4974281
尤	4974280
勅令	4974279
クン	4974278
线	4974277
のぼせ	4974276
グリコール	4974275
カイバル	4974274
夜盗	4974273
ビーティー	4974272
ブッ飛ば	4974271
シーグル	4974270
ジャラジャラ	4974269
タレル	4974268
宛先	4974267
マウチ	4974266
パニ	4974265
linda	4974264
ネスビット	4974263
滝田	4974262
メッキ	4974261
白父	4974260
陽子	4974259
連発	4974258
切り盛り	4974257
瀬乃	4974256
喨	4974255
ジョジェン	4974254
ナイオビ	4974253
ヘモグロビン	4974252
折り	4974251
ダジャレ	4974250
モウイ	4974249
あひる	4974248
ニルス	4974247
特例	4974246
ポテチ	4974245
新発田	4974244
つぐ	4974243
たくらみ	4974242
河川	4974241
畏れ	4974240
ワルキューレ	4974239
テンクレディ	4974238
井伊	4974237
bar	4974236
クサリ	4974235
発情	4974234
玉三郎	4974233
生得	4974232
模	4974231
膣	4974230
局外	4974229
アルスター	4974228
丿ヾワ	4974227
唄え	4974226
ワールズ	4974225
住みつ	4974224
ソエル	4974223
出払	4974222
聞きな	4974221
打者	4974220
番長	4974219
ラズ	4974218
闘病	4974217
右舵	4974216
腫れ上が	4974215
イボ	4974214
仕事帰り	4974213
護れ	4974212
メルヴェ	4974211
フィリー	4974210
つり上げ	4974209
トイスル	4974208
保ち	4974207
哀しみ	4974206
ベングト	4974205
終始	4974204
妄支	4974203
よけい	4974202
ふっ飛ば	4974201
仕立て上げ	4974200
嘘つきね	4974199
ｚ	4974198
コンドミニアム	4974197
多角	4974196
弔い	4974195
父子	4974194
円滑	4974193
時枝	4974192
先走り	4974191
ロワン	4974190
フラビュジャス	4974189
キザ	4974188
強食	4974187
だつ	4974186
アラドール	4974185
woo	4974184
カプリカ	4974183
弱肉	4974182
流し込	4974181
カヾ	4974180
きずな	4974179
犬め	4974178
ショム	4974177
肉欲	4974176
左舵	4974175
ファティマ	4974174
ユステセン	4974173
日取り	4974172
enjoy	4974171
こうしろ	4974170
食べ残し	4974169
ヴィブラニウム	4974168
ー緒	4974167
振舞い	4974166
漉	4974165
棚橋	4974164
撃ち返	4974163
素行	4974162
燃費	4974161
ちゃくれ	4974160
焼け焦げ	4974159
モルモン	4974158
咽喉	4974157
憲ろし	4974156
かって	4974155
シャワナ	4974154
キモッ	4974153
振り絞	4974152
ペネロペ	4974151
コリー	4974150
大輔	4974149
タルト	4974148
ねェ	4974147
腹腔	4974146
ターバン	4974145
にち	4974144
よーナ	4974143
狭量	4974142
オルリー	4974141
ピアソン	4974140
未明	4974139
ハウエル	4974138
finito	4974137
兵営	4974136
贈収賄	4974135
すくな	4974134
トリオ	4974133
club	4974132
jersey	4974131
タングステン	4974130
突芸	4974129
マッハ	4974128
ヤッタ	4974127
上顎	4974126
ベアリング	4974125
着工	4974124
オトモダチ	4974123
ディルマー	4974122
儲	4974121
ザカリー	4974120
胴	4974119
黒ん坊	4974118
パニく	4974117
リタリン	4974116
バラック	4974115
欺け	4974114
アルウェン	4974113
逃げ惑	4974112
ぁん	4974111
行程	4974110
雲の	4974109
助け出せ	4974108
長持ち	4974107
頭頂	4974106
スケルトン	4974105
執拗	4974104
ダーリーン	4974103
tea	4974102
マクヴィ	4974101
びと	4974100
すぐさま	4974099
ハワイアン	4974098
槌	4974097
やめん	4974096
プッ	4974095
なりたが	4974094
わけさ	4974093
特質	4974092
マンタ	4974091
ビラル	4974090
インシュリン	4974089
下ろし	4974088
不断	4974087
手厳し	4974086
グロート	4974085
デリラ	4974084
男色	4974083
養え	4974082
コロネル	4974081
space	4974080
グラン	4974079
レーナ	4974078
土砂降り	4974077
特筆	4974076
均等	4974075
躁鬱	4974074
スーパ	4974073
汚ね	4974072
マリソル	4974071
スタリオン	4974070
エンスト	4974069
中流	4974068
アルメン	4974067
マイラー	4974066
death	4974065
レイス	4974064
ドラディス	4974063
躓	4974062
出しゃば	4974061
旗下	4974060
老朽	4974059
晒し	4974058
denying	4974057
イリ	4974056
客席	4974055
立ち退き	4974054
hannah	4974053
絡み合	4974052
いざこざ	4974051
姦淫	4974050
逆探	4974049
姉上	4974048
seed	4974047
ピーターズ	4974046
さっさ	4974045
岩殿	4974044
剣先	4974043
聞きだ	4974042
知子	4974041
セルセイ	4974040
グリムリー	4974039
仕上がり	4974038
iptf	4974037
噛み	4974036
皇居	4974035
バタン	4974034
惨敗	4974033
想活	4974032
ウイーラー	4974031
取り次	4974030
crack	4974029
ばばあ	4974028
肥え	4974027
寝入	4974026
読唇	4974025
卑猥	4974024
chance	4974023
捻じ	4974022
クリーナー	4974021
銀座	4974020
微分	4974019
連射	4974018
イッツ	4974017
静岡	4974016
薬用	4974015
シュミレーター	4974014
機銃	4974013
验	4974012
反吐	4974011
キキ	4974010
marine	4974009
快調	4974008
固まり	4974007
虱潰し	4974006
憑き	4974005
ain	4974004
ふるまい	4974003
再三	4974002
雌鶏	4974001
プロキシモ	4974000
寝か	4973999
老言	4973998
擬似	4973997
スプラッシュ	4973996
成り上がり	4973995
アルマーニ	4973994
大違	4973993
調印	4973992
ゼータ	4973991
エタノール	4973990
サルモネラ	4973989
飞	4973988
タバサ	4973987
ブラマー	4973986
難局	4973985
坩堝	4973984
カナリヤ	4973983
fo	4973982
下手くそ	4973981
グラッドストーン	4973980
ナックルズ	4973979
異質	4973978
イーストウッド	4973977
サプライヤー	4973976
slytherin	4973975
プロゲーマー	4973974
なくっ	4973973
バセル	4973972
サド	4973971
リストン	4973970
ティトン	4973969
回り込め	4973968
ロアー	4973967
躁	4973966
コレスキー	4973965
飛び立て	4973964
門出	4973963
castle	4973962
長らく	4973961
たまり場	4973960
そだ	4973959
ショーツ	4973958
佐吉	4973957
フランクランド	4973956
sent	4973955
らせん	4973954
アクロン	4973953
リヴァー	4973952
口付け	4973951
wrote	4973950
groans	4973949
アーセナル	4973948
書き残	4973947
血潮	4973946
不浄	4973945
match	4973944
マイティ	4973943
凹み	4973942
篇	4973941
ジェント	4973940
広域	4973939
いづ	4973938
バーニス	4973937
授乳	4973936
スジ	4973935
ウェッジ	4973934
クロワッサン	4973933
フィードバック	4973932
confused	4973931
トレルイエ	4973930
もうー	4973929
折り目	4973928
サンフェリックス	4973927
脇腹	4973926
コーカサス	4973925
エロイーズ	4973924
冷て	4973923
もどかし	4973922
テイルズ	4973921
授賞	4973920
新之助	4973919
ど田舎	4973918
辺縁	4973917
花壇	4973916
バーティネリー	4973915
寝顔	4973914
ブランディ	4973913
destroy	4973912
決壊	4973911
セーラ	4973910
ウィンフレッド	4973909
凶	4973908
ちょん切	4973907
eu	4973906
ちり	4973905
持ち上が	4973904
職権	4973903
妖術	4973902
カフカ	4973901
こらこら	4973900
水辺	4973899
外道	4973898
醒ま	4973897
ロスキー	4973896
違え	4973895
扶助	4973894
セコイア	4973893
ポジョス	4973892
ウォーミング	4973891
見附	4973890
ハーリング	4973889
prism	4973888
解禁	4973887
裏切りだ	4973886
逞し	4973885
ゼルナー	4973884
ワイナリー	4973883
とうもろこし	4973882
brap	4973881
ハッド	4973880
スタイリスト	4973879
髭剃り	4973878
安値	4973877
仕出か	4973876
焼失	4973875
確め	4973874
ザルカウィ	4973873
生き永らえ	4973872
落選	4973871
カワイコ	4973870
泉谷	4973869
別室	4973868
泣き虫	4973867
絵かき	4973866
アウトリュコス	4973865
召しあがれ	4973864
メモン	4973863
org	4973862
ビーマン	4973861
いぞ	4973860
一人占め	4973859
巡視	4973858
よけりゃ	4973857
干草	4973856
還	4973855
永眠	4973854
ウイリー	4973853
しけ	4973852
荒立て	4973851
二塁	4973850
通関	4973849
ｚｆｔ	4973848
ヤラ	4973847
略式	4973846
見栄	4973845
監	4973844
スミシー	4973843
バコール	4973842
全室	4973841
ガリレオ	4973840
参政	4973839
hyhy	4973838
祭典	4973837
カセット	4973836
蓋え	4973835
リシ	4973834
脳炎	4973833
掻き立て	4973832
プラトニック	4973831
吹奏楽	4973830
ふくら	4973829
サイクス	4973828
ノウハウ	4973827
天界	4973826
取締り	4973825
キラリ	4973824
イジ	4973823
老子	4973822
膨れ	4973821
引き裂け	4973820
実名	4973819
空冷	4973818
ベトコン	4973817
コシチェイ	4973816
シユ	4973815
象牙	4973814
終業	4973813
励まし	4973812
苛つ	4973811
ジェロニモ	4973810
まき	4973809
風穴	4973808
丸み	4973807
紛	4973806
デジャヴ	4973805
収賄	4973804
たちさ	4973803
燻	4973802
あらぁ	4973801
密通	4973800
羞恥	4973799
オッペンハイマー	4973798
ほくそ笑	4973797
フェイク	4973796
荒唐	4973795
こぶ	4973794
無稽	4973793
きたり	4973792
ﾄﾞﾚｲｺ	4973791
作りだ	4973790
抱き上げ	4973789
謁見	4973788
自習	4973787
酒飲	4973786
三輪	4973785
丸ま	4973784
剃り	4973783
使い道	4973782
笑い飛ば	4973781
セキュラ	4973780
ジョンジー	4973779
こまね	4973778
妻殺し	4973777
京子	4973776
愚問	4973775
サスカッチ	4973774
巻き毛	4973773
ドノヴァン	4973772
ひけ	4973771
拘わ	4973770
ビチョ	4973769
ドッブス	4973768
謎かけ	4973767
ぼれ	4973766
イクラン	4973765
哟	4973764
食いしん坊	4973763
出来る	4973762
船荷	4973761
買い取り	4973760
体臭	4973759
増し	4973758
listening	4973757
接吻	4973756
嗯	4973755
焦土	4973754
テムズ	4973753
アコスタ	4973752
コービー	4973751
藍	4973750
スリリング	4973749
モリーナ	4973748
ラモンド	4973747
丸々	4973746
根深	4973745
ホズン	4973744
ダンボール	4973743
バンシー	4973742
膠着	4973741
リオデジャネイロ	4973740
メチャ	4973739
シルコ	4973738
ジョプリン	4973737
幼な	4973736
arms	4973735
sometimes	4973734
ガレキ	4973733
漆黒	4973732
湧き出	4973731
taking	4973730
飲み食い	4973729
趣向	4973728
一足	4973727
吸い込め	4973726
オブジェクト	4973725
お蔭	4973724
私腹	4973723
ヤッター	4973722
主奏者	4973721
森本	4973720
隠遁	4973719
フェンテス	4973718
喜代子	4973717
いがみ合	4973716
メゲン	4973715
ほんき	4973714
一行	4973713
ゲルソン	4973712
註	4973711
アゾグ	4973710
バスト	4973709
インタス	4973708
交点	4973707
エンズ	4973706
ノン	4973705
マオリ	4973704
たぉ	4973703
胎内	4973702
モアナ	4973701
銃座	4973700
アミノ	4973699
アナナ	4973698
錯誤	4973697
試行	4973696
カミンスキー	4973695
step	4973694
仄めか	4973693
どうだ	4973692
テオドール	4973691
キンケード	4973690
指折り	4973689
worse	4973688
金貸	4973687
リュー	4973686
売りさば	4973685
運航	4973684
straight	4973683
おどろ	4973682
愿	4973681
リッシー	4973680
摘み取	4973679
ナミ	4973678
ううう	4973677
金具	4973676
打ち抜	4973675
这种	4973674
タクシーズ	4973673
機種	4973672
自足	4973671
マキ	4973670
戸外	4973669
飾りつけ	4973668
只中	4973667
謹力	4973666
真偽	4973665
handle	4973664
ジージー	4973663
サイファー	4973662
クロバエ	4973661
うつつ	4973660
臣民	4973659
読み聞かせ	4973658
幻滅	4973657
線維	4973656
三重	4973655
ぐわあ	4973654
もんじゃ	4973653
グレム	4973652
霜	4973651
切り換え	4973650
クライ	4973649
ベルグ	4973648
哲	4973647
doctor	4973646
ーザ	4973645
敬服	4973644
日の目	4973643
パラゾード	4973642
方策	4973641
駄作	4973640
wonders	4973639
サンゴ	4973638
虫ケラ	4973637
つるはし	4973636
ぜん	4973635
ノミネート	4973634
マレク	4973633
grand	4973632
仕舞い	4973631
板挟み	4973630
バウデン	4973629
あくど	4973628
美化	4973627
序盤	4973626
ゼルダ	4973625
フロンティア	4973624
favor	4973623
フィエロ	4973622
見比べ	4973621
アルテア	4973620
けどけ	4973619
ゥ	4973618
逃げ延び	4973617
諍い	4973616
アルビノ	4973615
スティグリッツ	4973614
モーティマー	4973613
前庭	4973612
angels	4973611
先妻	4973610
右上	4973609
モートン	4973608
独奏	4973607
雄叫び	4973606
益	4973605
古株	4973604
探しまわ	4973603
ダミア	4973602
グルスカ	4973601
傘下	4973600
しでか	4973599
サーペン	4973598
メルホフ	4973597
リロード	4973596
グズ	4973595
当てずっぽう	4973594
入りこ	4973593
悪巧み	4973592
ll	4973591
dfs	4973590
波風	4973589
グチ	4973588
トスカーナ	4973587
诺姆	4973586
さらし	4973585
rhiannon	4973584
当店	4973583
かすり	4973582
タロット	4973581
医科	4973580
says	4973579
田中	4973578
ティファナ	4973577
ドゥー	4973576
ウォルタネート	4973575
ざまあ	4973574
ツウ	4973573
ヨボヨボ	4973572
ヾ一ン	4973571
uv	4973570
大嘘つき	4973569
ジャマカス	4973568
カノン	4973567
ones	4973566
fight	4973565
撃ち込め	4973564
メロドラマ	4973563
マニアック	4973562
レディーファースト	4973561
トライアングル	4973560
ゴーランド	4973559
こま	4973558
キーリ	4973557
割け	4973556
ロリス	4973555
稼業	4973554
満室	4973553
サイバ	4973552
プリーズ	4973551
send	4973550
手羽	4973549
ちか	4973548
ソバル	4973547
ウィルクス	4973546
区間	4973545
ジャスト	4973544
オマリー	4973543
シユン	4973542
ひれ	4973541
粛清	4973540
dean	4973539
ひとこと	4973538
ヌルヌル	4973537
東西	4973536
云え	4973535
レヴィット	4973534
アイク	4973533
マレイ	4973532
紧	4973531
ゆるめ	4973530
dmt	4973529
付け込	4973528
アイスマン	4973527
あずか	4973526
コルシカ	4973525
リクドー	4973524
eva	4973523
クローリー	4973522
始発	4973521
メヒカリ	4973520
塗り直	4973519
激変	4973518
ふたたび	4973517
西岸	4973516
闇市	4973515
歯列	4973514
snape	4973513
シグ	4973512
ねむ	4973511
往診	4973510
ダウ	4973509
コーアリシャン	4973508
mouth	4973507
やつまり	4973506
women	4973505
ワレン	4973504
ペリーズ	4973503
波打	4973502
貫禄	4973501
取り消せ	4973500
アーガス	4973499
宝石屋	4973498
コネティカット	4973497
靴箱	4973496
白子	4973495
棲家	4973494
校舎	4973493
盲目的	4973492
頁	4973491
ブンチューク	4973490
papa	4973489
ぉぉ	4973488
ゴチャゴチャ	4973487
知りあ	4973486
シューティング	4973485
さしあたり	4973484
ヘッドセット	4973483
ランソン	4973482
トレイラー	4973481
ウインドウ	4973480
どでか	4973479
ペレグリン	4973478
件数	4973477
激憤	4973476
リター	4973475
チェンバレン	4973474
ナロー	4973473
アデム	4973472
サイラー	4973471
他愛	4973470
声音	4973469
風変り	4973468
イカス	4973467
アルカビーリ	4973466
スティルトン	4973465
盧	4973464
exactly	4973463
現物	4973462
首領	4973461
出納	4973460
真骨頂	4973459
ゼブラ	4973458
拒食	4973457
タイウィン	4973456
コブル	4973455
キリル	4973454
マッグス	4973453
ロコス	4973452
退社	4973451
お祭り騒ぎ	4973450
agent	4973449
にわか	4973448
眠気	4973447
bam	4973446
立役者	4973445
各種	4973444
ウワ	4973443
花田	4973442
リクルート	4973441
ここだわ	4973440
カルティ	4973439
シュラプネル	4973438
你们	4973437
フルーダー	4973436
パサディナ	4973435
至極	4973434
抗え	4973433
こん棒	4973432
ローハイド	4973431
ナゴ	4973430
水力	4973429
国選	4973428
约	4973427
おおっと	4973426
おごれ	4973425
casino	4973424
戦況	4973423
コルク	4973422
ボルドー	4973421
二名	4973420
nowhere	4973419
コミッショナー	4973418
ポルト	4973417
馴染め	4973416
グリーンウォルド	4973415
マドリッド	4973414
玉子	4973413
石火矢	4973412
madam	4973411
フィヨ	4973410
フォーマル	4973409
ホブ	4973408
陸将	4973407
北軍	4973406
ポールソン	4973405
セルウィン	4973404
流れ弾	4973403
ディーノ	4973402
立てろ	4973401
下等	4973400
筋トレ	4973399
てめえら	4973398
本線	4973397
インダストリー	4973396
フェイデン	4973395
頚	4973394
ホイーラー	4973393
パラジウム	4973392
ヘボ	4973391
ラブレター	4973390
台地	4973389
射抜	4973388
オットウェイ	4973387
糊	4973386
済まん	4973385
話しあ	4973384
フーベルマン	4973383
ヘルス	4973382
頭突き	4973381
佇	4973380
船隊	4973379
ゾラ	4973378
関税	4973377
けし	4973376
廊唐	4973375
賽	4973374
いせい	4973373
ばー	4973372
ポトル	4973371
妖怪	4973370
感嘆	4973369
クラトゥ	4973368
元帳	4973367
ladies	4973366
迂闊	4973365
マワジー	4973364
売上げ	4973363
ブルート	4973362
闇夜	4973361
clear	4973360
ガイダンス	4973359
ナー	4973358
ヾワ一	4973357
敗け	4973356
ｈｉｖ	4973355
フィルタ	4973354
悟董	4973353
ジャングラー	4973352
届董	4973351
ジャンル	4973350
前世	4973349
率先	4973348
きやが	4973347
ミッド	4973346
funny	4973345
フンスク	4973344
鱗祟	4973343
ゴヤ	4973342
yah	4973341
廊犠	4973340
抗菌	4973339
blowing	4973338
irv	4973337
フォックスリバー	4973336
じやあ	4973335
駆け出	4973334
ラフィ	4973333
フランコ	4973332
小島	4973331
送り戻	4973330
フイ	4973329
セーブ	4973328
萎	4973327
セーフティ	4973326
両替	4973325
読み取り	4973324
脱却	4973323
トリバー	4973322
立地	4973321
ウィキリークス	4973320
大耳	4973319
趣	4973318
フェイスレス	4973317
エステ	4973316
たちこそ	4973315
メンズ	4973314
髪の毛	4973313
新陳	4973312
リエ	4973311
讹	4973310
大樹	4973309
捧	4973308
見いだせ	4973307
ルイー	4973306
枕元	4973305
フェンシング	4973304
ウェスカー	4973303
アフター	4973302
タルカス	4973301
人型	4973300
旅路	4973299
湾曲	4973298
賊	4973297
なぁー	4973296
ゼイラ	4973295
製材	4973294
モノポリー	4973293
読み返	4973292
便座	4973291
ヤヌス	4973290
入館	4973289
ギタリスト	4973288
論議	4973287
ベルトラン	4973286
カリバ	4973285
うつろ	4973284
ベルフルーア	4973283
金閣	4973282
張本	4973281
表わ	4973280
拝め	4973279
舌骨	4973278
茶髪	4973277
いさかい	4973276
名物	4973275
バリアン	4973274
からっぽ	4973273
藤村	4973272
っしょ	4973271
値札	4973270
直射	4973269
金網	4973268
期末	4973267
姫君	4973266
マムシ	4973265
アーニャ	4973264
差し替え	4973263
チャポー	4973262
俊敏	4973261
淡水	4973260
ジョゼフ	4973259
予め	4973258
セザンヌ	4973257
家紋	4973256
変だ	4973255
編み出	4973254
エチオピア	4973253
耕	4973252
ワクサー	4973251
交付	4973250
重点	4973249
結界	4973248
アンジェリカ	4973247
我是	4973246
はずみ	4973245
业	4973244
マルチナ	4973243
コンロイ	4973242
ノッポ	4973241
おしめ	4973240
corner	4973239
転任	4973238
押え	4973237
砂利道	4973236
直立	4973235
福島	4973234
埒	4973233
道のりだ	4973232
フレボ	4973231
品切れ	4973230
裏地	4973229
追手	4973228
ワターズ	4973227
troll	4973226
盗作	4973225
もーち	4973224
訊け	4973223
肝っ玉	4973222
primo	4973221
デニース	4973220
サビーヌ	4973219
触手	4973218
リーザ	4973217
ガチャン	4973216
出方	4973215
ダーシィ	4973214
アルテミシア	4973213
ゴリアテ	4973212
狂乱	4973211
グロテスク	4973210
持ちきり	4973209
フリーダム	4973208
変り	4973207
詠	4973206
管長	4973205
見あた	4973204
メタン	4973203
信玄	4973202
勝ち残	4973201
合コン	4973200
インディゴ	4973199
ボールド	4973198
掻き切	4973197
行き当たり	4973196
lupin	4973195
踵	4973194
とど	4973193
目眩	4973192
こりごり	4973191
君ら	4973190
我儘	4973189
ひっぱ	4973188
マンチーニ	4973187
ブラウンド	4973186
試飲	4973185
透過	4973184
ダイアウルフ	4973183
礎	4973182
ひさし	4973181
こり	4973180
モジョ	4973179
ベタベタ	4973178
そばだ	4973177
長兄	4973176
擦れ	4973175
コーディネート	4973174
アナハイム	4973173
ビク	4973172
秘伝	4973171
キャンテ	4973170
揺る	4973169
リミット	4973168
差し止め	4973167
私道	4973166
疼	4973165
せつ	4973164
メイザー	4973163
新刊	4973162
信金	4973161
見せ物	4973160
霊長	4973159
体系	4973158
氷穴	4973157
日和見	4973156
むっ	4973155
eat	4973154
トランシーバー	4973153
晒せ	4973152
丶ガ	4973151
愚者	4973150
卸売	4973149
ｉｐ	4973148
ファリーン	4973147
october	4973146
ケレンスキー	4973145
ホグワーツ	4973144
介添	4973143
社宅	4973142
speaking	4973141
マクラフリン	4973140
利権	4973139
突き通	4973138
クィーグ	4973137
新鋭	4973136
摘発	4973135
鉱業	4973134
シロクロ	4973133
レイジ	4973132
ジーノ	4973131
したたか	4973130
私語	4973129
鹿狩り	4973128
ダネリー	4973127
輸出入	4973126
mgb	4973125
子爵	4973124
マーフィ	4973123
チルデン	4973122
大敵	4973121
みかけ	4973120
プラダ	4973119
一瞥	4973118
av	4973117
思念	4973116
荒馬	4973115
ぼろ	4973114
にきび	4973113
摂食	4973112
祝典	4973111
リーフ	4973110
レナール	4973109
特攻	4973108
ダーキン	4973107
ビーカー	4973106
微弱	4973105
シュルーム	4973104
テナント	4973103
ｕｓａ	4973102
雪乃	4973101
outside	4973100
ミンドラー	4973099
逢え	4973098
バロー	4973097
ビッカー	4973096
ipod	4973095
記章	4973094
wire	4973093
ヘンリエッタ	4973092
鶏肉	4973091
クラーケン	4973090
入部	4973089
ウズベキスタン	4973088
职	4973087
ネェ	4973086
生肉	4973085
ｐｔｃ	4973084
動体	4973083
想起	4973082
なにせ	4973081
チェロキー	4973080
旅立ち	4973079
ぶっ倒れ	4973078
一通り	4973077
ジュベール	4973076
アイエゴ	4973075
レイヨン	4973074
マテオ	4973073
plaza	4973072
憂慮	4973071
パルサ	4973070
物価	4973069
ファロー	4973068
白馬	4973067
シェルダン	4973066
パープル	4973065
配膳	4973064
私設	4973063
ミグス	4973062
面々	4973061
ウェイロン	4973060
りゃあ	4973059
初日の出	4973058
清純	4973057
インペリアル	4973056
遣い	4973055
あてが	4973054
巌	4973053
アーチェリー	4973052
彗	4973051
炉心	4973050
重犯罪	4973049
スピーダー	4973048
オクタビウス	4973047
キングス	4973046
攻城	4973045
毎夜	4973044
オナー	4973043
インセプション	4973042
マッキュウエン	4973041
ほら穴	4973040
inversé	4973039
焼きつ	4973038
ｾ	4973037
ヌニェス	4973036
透け	4973035
ポコ	4973034
電柱	4973033
丶ノ	4973032
ほっぺ	4973031
無念	4973030
ユート	4973029
恩師	4973028
もぐ	4973027
ラットレイ	4973026
order	4973025
公言	4973024
ヴィレッジ	4973023
レイヴァ	4973022
デュエット	4973021
フォーキン	4973020
アーマンド	4973019
主カ	4973018
くど	4973017
行きつけ	4973016
気密	4973015
两	4973014
悟り	4973013
ハダド	4973012
レイクチャールズ	4973011
エリシァン	4973010
鸠拉	4973009
芭薫	4973008
内定	4973007
アッバース	4973006
イメチェン	4973005
stone	4973004
降霊	4973003
カブレ	4973002
プードル	4973001
尔	4973000
ウォルターズ	4972999
近場	4972998
宝町	4972997
黒死	4972996
一代	4972995
着心地	4972994
産出	4972993
メーン	4972992
現況	4972991
大田	4972990
カプリ	4972989
ドンナ	4972988
べりック	4972987
ニス	4972986
feelings	4972985
日本橋	4972984
狐獣	4972983
梅	4972982
毒蛇	4972981
年寄	4972980
うお	4972979
昔馴染み	4972978
インパクト	4972977
なな恵	4972976
トゥルーク	4972975
モビル	4972974
ブラトヴァ	4972973
あそ	4972972
ひとりでに	4972971
シューマッハ	4972970
愛撫	4972969
思いこ	4972968
蠅	4972967
ロマーノ	4972966
ベンツ	4972965
川村	4972964
レタ	4972963
採決	4972962
軽快	4972961
オーエンス	4972960
汚水	4972959
ヘクタール	4972958
流れ込	4972957
真新し	4972956
グルテン	4972955
緊迫	4972954
アクメンラー	4972953
吐え	4972952
otter	4972951
念頭	4972950
躾	4972949
hiding	4972948
締めつけ	4972947
ｊｒ	4972946
夕一	4972945
取りだ	4972944
meant	4972943
毛頭	4972942
ウドレ	4972941
だガ	4972940
サンティーニ	4972939
前戯	4972938
プビ	4972937
プラスティックス	4972936
アゥ	4972935
ジョジー	4972934
レビン	4972933
座敷	4972932
持ち運	4972931
ハンモック	4972930
溺愛	4972929
mountain	4972928
美寿々	4972927
ノリノリ	4972926
きびし	4972925
ウーキー	4972924
clock	4972923
閉会	4972922
心外	4972921
ジャメル	4972920
生検事	4972919
殊勲	4972918
ナダール	4972917
カタツムリ	4972916
久利	4972915
フアン	4972914
借入	4972913
お伽話	4972912
くらわ	4972911
ぐったり	4972910
正教	4972909
町外れ	4972908
人通り	4972907
ときめき	4972906
カイロン	4972905
人獣	4972904
塹壕	4972903
買い受け	4972902
恋仲	4972901
あてつけ	4972900
手だて	4972899
あざ笑	4972898
籠も	4972897
金目	4972896
miles	4972895
商法	4972894
主教	4972893
マホニー	4972892
持て余	4972891
フ丿	4972890
釈迦	4972889
様態	4972888
ゴミール	4972887
ギュッ	4972886
マクスウェル	4972885
survive	4972884
ｍｍ	4972883
助けあ	4972882
ストーニー	4972881
hp	4972880
マーキュリー	4972879
ペグ	4972878
ジョーズ	4972877
なが	4972876
バシアン	4972875
一派	4972874
花柄	4972873
ギガ	4972872
現ナマ	4972871
ほどよ	4972870
出火	4972869
keeps	4972868
美男	4972867
ヘジャジ	4972866
義彦	4972865
プーチン	4972864
ゴデム	4972863
チャーニー	4972862
張れ	4972861
身振り	4972860
死霊	4972859
ジェム	4972858
ロダン	4972857
マッキャン	4972856
島々	4972855
トカレフ	4972854
南下	4972853
雪男	4972852
エドミュア	4972851
オーガスタ	4972850
インスタグラム	4972849
モーマント	4972848
きゃー	4972847
roofilin	4972846
レイブ	4972845
くつ	4972844
おねしょ	4972843
まかな	4972842
トランスポンダー	4972841
巻き揚げ	4972840
カートリッジ	4972839
らしく	4972838
dd	4972837
無臭	4972836
ルーウィン	4972835
葺匿	4972834
ナウ	4972833
ジャグジー	4972832
アリエル	4972831
セオ	4972830
难民	4972829
狐狸	4972828
紛らわ	4972827
ナザレス	4972826
虫重	4972825
system	4972824
ウブ	4972823
フローラ	4972822
横暴	4972821
書か	4972820
マグダ	4972819
ランチタイム	4972818
シング	4972817
大卒	4972816
ニューウェル	4972815
一押し	4972814
失読	4972813
亢丸	4972812
有史	4972811
タンカー	4972810
かっと	4972809
プロヴィデンス	4972808
キャロウ	4972807
モーリィ	4972806
浩太	4972805
かれこれ	4972804
滑ら	4972803
カスルント	4972802
ヘッダー	4972801
挿管	4972800
ケ月	4972799
媚薬	4972798
サイダー	4972797
ディフェンダー	4972796
絞り出	4972795
ジャッカル	4972794
フランソア	4972793
そいつら	4972792
ケイツ	4972791
欲情	4972790
相方	4972789
シマンテック	4972788
製法	4972787
closed	4972786
夏至	4972785
シガー	4972784
平壌	4972783
ｼｽﾃﾑ	4972782
展覧	4972781
クレープ	4972780
トランスフォーマー	4972779
焼きたて	4972778
掃	4972777
野暮	4972776
生かせ	4972775
ギャグ	4972774
脳裏	4972773
黄泉	4972772
能見	4972771
ヨレヨレ	4972770
ゲーツ	4972769
アセトン	4972768
犯人像	4972767
ばり	4972766
主晃	4972765
il	4972764
ちょくちょく	4972763
航跡	4972762
スターバソン	4972761
ウワッ	4972760
アトロピン	4972759
river	4972758
もどき	4972757
パシフィック	4972756
特選	4972755
甕	4972754
タデウス	4972753
一夫	4972752
呻き	4972751
ウシ	4972750
アンジェルス	4972749
スタビライザー	4972748
爵	4972747
americans	4972746
卵焼き	4972745
ガぁる	4972744
ウミガメ	4972743
wave	4972742
茶飯事	4972741
施術	4972740
奔走	4972739
まかり通	4972738
対外	4972737
尽か	4972736
塁	4972735
こわが	4972734
こらえ	4972733
happens	4972732
新手	4972731
エンペン	4972730
セツ	4972729
移り変わ	4972728
拡げ	4972727
休みなし	4972726
選曲	4972725
アンフェタミン	4972724
歯茎	4972723
グルヌイユ	4972722
treblemakers	4972721
虫顔	4972720
契り	4972719
university	4972718
世め	4972717
ocean	4972716
ウィルシャー	4972715
アイボア	4972714
立ち話	4972713
へへっ	4972712
ポイ	4972711
のうのう	4972710
就き	4972709
セビル	4972708
不定	4972707
易々	4972706
マレン	4972705
かかりつけ	4972704
足かせ	4972703
すんげ	4972702
pocketful	4972701
ローリンズ	4972700
ライノ	4972699
ギャーギャー	4972698
印章	4972697
アーグル	4972696
模写	4972695
bloody	4972694
ハイランド	4972693
痛風	4972692
ゾッコン	4972691
銃剣	4972690
sentinel	4972689
ギャレッブ	4972688
つの	4972687
一転	4972686
ﾀﾞﾝﾌﾞﾙﾄﾞｱ	4972685
効能	4972684
すみやか	4972683
命題	4972682
利き手	4972681
ウァ	4972680
切り落とせ	4972679
議席	4972678
跳ね上が	4972677
ハデ	4972676
満帆	4972675
厳	4972674
せんせん	4972673
ビックス	4972672
左上	4972671
キンキー	4972670
広々	4972669
付与	4972668
ほめ言葉	4972667
オウッ	4972666
宗派	4972665
好色	4972664
相乗り	4972663
芹沢	4972662
イサドラ	4972661
rosie	4972660
吐血	4972659
吹聴	4972658
伊達	4972657
ラレド	4972656
age	4972655
生ぬる	4972654
ハムザ	4972653
アメリー	4972652
明治	4972651
ネタバレ	4972650
あはは	4972649
右後ろ	4972648
クーリ	4972647
ポトマック	4972646
璧藝	4972645
草むら	4972644
マナ	4972643
羽化	4972642
泥道	4972641
スーパーマーケット	4972640
アンドレアス	4972639
砲兵隊	4972638
ペンタグラム	4972637
アムピアラー	4972636
商務	4972635
持た	4972634
リーベン	4972633
シャンと	4972632
浪	4972631
シェック	4972630
椎骨	4972629
通学	4972628
ドドド	4972627
羊皮	4972626
ジェイボ	4972625
アストロ	4972624
即発	4972623
ージル	4972622
もうち	4972621
水無	4972620
収支	4972619
オーティズ	4972618
ベンサム	4972617
習わし	4972616
ka	4972615
剥げ	4972614
曾祖父	4972613
砂丘	4972612
牧草	4972611
fade	4972610
咳止め	4972609
デストラクター	4972608
隅っこ	4972607
クレイトン	4972606
由緒	4972605
一過	4972604
コフロス	4972603
おもらし	4972602
holy	4972601
faa	4972600
野犬	4972599
トリッキー	4972598
却って	4972597
レイニー	4972596
マンシーニ	4972595
釣り合	4972594
神戸	4972593
もめごと	4972592
珊瑚	4972591
summit	4972590
ウイーズ	4972589
教唆	4972588
豚飼	4972587
バージェス	4972586
けだもの	4972585
阪神	4972584
巻き起こ	4972583
まばゆ	4972582
随一	4972581
口利き	4972580
ウィッチ	4972579
タオ	4972578
過言	4972577
ゴメリ	4972576
贈呈	4972575
クルワック	4972574
オリヴィア	4972573
正恩	4972572
イーベイ	4972571
通りがかり	4972570
さなか	4972569
注力	4972568
飲み込み	4972567
内乱	4972566
ペルセポネ	4972565
ギルモア	4972564
建前	4972563
ピエタ	4972562
ベニチオ	4972561
カンベン	4972560
エミュー	4972559
ギャレス	4972558
ひっきり	4972557
フフフッ	4972556
イサス	4972555
野宿	4972554
アデ	4972553
diego	4972552
泡風呂	4972551
不正解	4972550
ビッグズ	4972549
入れ替わり	4972548
バッティング	4972547
外皮	4972546
ポポート	4972545
プロフ	4972544
開会	4972543
神比	4972542
髑髏	4972541
バーズ	4972540
棲	4972539
そうかい	4972538
dug	4972537
自重	4972536
dexter	4972535
ケッ	4972534
va	4972533
傾き	4972532
ブレイド	4972531
オーフェン	4972530
ゴキゲン	4972529
墾ニ	4972528
まちがい	4972527
アシカ	4972526
ッティ	4972525
point	4972524
vnx	4972523
神王	4972522
壺襄	4972521
一夕葺	4972520
ミンチ	4972519
こご	4972518
アーチボルト	4972517
損得	4972516
丶ーブ	4972515
墓富	4972514
posies	4972513
永田町	4972512
生死に	4972511
ハプニング	4972510
ヤブ	4972509
代打	4972508
思い立	4972507
赤壁	4972506
シンフォニー	4972505
tk	4972504
欲張	4972503
かゆみ	4972502
明け暮れ	4972501
慎み	4972500
マネジャー	4972499
ukn	4972498
震災	4972497
エセックス	4972496
センティネル	4972495
宮内	4972494
主賓	4972493
ワルサー	4972492
やああ	4972491
ラフティング	4972490
岩塩	4972489
チェア	4972488
締結	4972487
雨水	4972486
長谷部	4972485
今殺	4972484
朝早	4972483
貢ぎ物	4972482
小心	4972481
brown	4972480
インデアン	4972479
ソアベ	4972478
肥沃	4972477
上向き	4972476
自ずと	4972475
ﾙｰﾅ	4972474
ぐらつ	4972473
桜	4972472
農暑	4972471
用務	4972470
麦中	4972469
点字	4972468
長靴	4972467
大院長	4972466
主力	4972465
ライノス	4972464
ウジャウジャ	4972463
ヤボ	4972462
人為	4972461
才亨	4972460
しおれ	4972459
一触	4972458
アンデッド	4972457
備	4972456
もの狂い	4972455
駆け抜け	4972454
スチュービー	4972453
ヒズダール	4972452
ウルヴァリン	4972451
ケッセル	4972450
テレコム	4972449
かきたて	4972448
パラッチ	4972447
流れ落ち	4972446
ざた	4972445
立ち込め	4972444
ebay	4972443
小国	4972442
エスケープ	4972441
優	4972440
齎	4972439
ぼうず	4972438
パーネル	4972437
pilot	4972436
エスメラルダ	4972435
ヴィッカーズ	4972434
丶り	4972433
オクラ	4972432
ビニー	4972431
各部	4972430
じー	4972429
昼時	4972428
ゆがめ	4972427
サロゲート	4972426
墓参り	4972425
裁決	4972424
先送り	4972423
草壁	4972422
そんなぁ	4972421
こぅ	4972420
這いず	4972419
そびれ	4972418
折檻	4972417
惹し	4972416
注ぎ	4972415
豪雨	4972414
満潮	4972413
乗り場	4972412
empty	4972411
コブラナイ	4972410
地検	4972409
納期	4972408
短所	4972407
欠員	4972406
ボノ	4972405
チューバッカ	4972404
吐息	4972403
ヒリヒリ	4972402
投機	4972401
ミロ	4972400
ブライン	4972399
月刊	4972398
デトマー	4972397
テオ	4972396
宵	4972395
牌	4972394
切れ味	4972393
興じ	4972392
オマラ	4972391
羽ばた	4972390
トレイナー	4972389
ミード	4972388
こは	4972387
一存	4972386
つも	4972385
極寒	4972384
踏切	4972383
熱波	4972382
わしゃ	4972381
アイライナー	4972380
アスタ	4972379
バナランジュ	4972378
痴呆	4972377
スシ	4972376
まづ	4972375
鼻先	4972374
呆然	4972373
セーフティー	4972372
ラヴェンナ	4972371
シャガー	4972370
オイオイ	4972369
わっしょい	4972368
angel	4972367
試料	4972366
ゴダード	4972365
下衆	4972364
助命	4972363
外気	4972362
ﾌﾗｳ	4972361
獣電	4972360
なりすまし	4972359
ワイパー	4972358
メリマク	4972357
タラップ	4972356
ベラドネ	4972355
マーチング	4972354
むむ	4972353
fault	4972352
くりぬ	4972351
遊説	4972350
原型	4972349
gets	4972348
ファーゾルト	4972347
噛み合	4972346
ブードル	4972345
此度	4972344
ヒヒ	4972343
ヴィセーリス	4972342
ナタ	4972341
とく	4972340
力囗	4972339
プロンドン	4972338
踏み倒	4972337
フォーダム	4972336
トゥイスプ	4972335
邪念	4972334
シエラビスタ	4972333
ブリテン	4972332
アユタヤ	4972331
しちゃ	4972330
シー二	4972329
rising	4972328
サロンガ	4972327
分布	4972326
brilliant	4972325
エフレン	4972324
ちゃあ	4972323
モウ	4972322
コプロ	4972321
風下	4972320
徹甲	4972319
ネーブルズ	4972318
讐部	4972317
gas	4972316
セルジュ	4972315
ガーブ	4972314
カラボウジャン	4972313
優生	4972312
差し歯	4972311
バンチェ	4972310
ハルジー	4972309
ーっ	4972308
受診	4972307
山口	4972306
セオポリス	4972305
モカ	4972304
気化	4972303
夕刻	4972302
差し当たり	4972301
著書	4972300
賤	4972299
タトゥイーン	4972298
やめちゃ	4972297
引きとめ	4972296
アヤトラ	4972295
クスクス	4972294
ジョーンジー	4972293
てい	4972292
pom	4972291
摩耗	4972290
テレキネシス	4972289
アントニー	4972288
儀兵衛	4972287
突拍子	4972286
当累	4972285
齧	4972284
ホル	4972283
キューピッド	4972282
jump	4972281
血の海	4972280
チュニック	4972279
げん	4972278
ヴィトン	4972277
ポーション	4972276
ロビショー	4972275
カルプ	4972274
ぎれい	4972273
おち	4972272
レポ	4972271
豊ベ	4972270
murder	4972269
サイケ	4972268
タムジン	4972267
方正	4972266
ナイショ	4972265
ざわつ	4972264
恒星	4972263
クソめ	4972262
珠洲	4972261
もしれ	4972260
樹木	4972259
ギベッキ	4972258
貸金	4972257
車泥棒	4972256
キイテクレ	4972255
ボヤノフ	4972254
ショ	4972253
マーヴ	4972252
日向	4972251
しつれ	4972250
human	4972249
あだ	4972248
克彦	4972247
ニューマン	4972246
凵た	4972245
ディアベル	4972244
齔	4972243
三宿	4972242
下剤	4972241
ぁんな	4972240
盲信	4972239
流刑	4972238
コメット	4972237
スミア	4972236
欧米	4972235
クーバス	4972234
ハレ	4972233
ぇぇ	4972232
path	4972231
遠まわし	4972230
潰瘍	4972229
きらめき	4972228
り直	4972227
無精	4972226
アーチスト	4972225
祠	4972224
拇印	4972223
スティル	4972222
アジサイ	4972221
ローファー	4972220
ペルシア	4972219
手相	4972218
バッヂ	4972217
つくづく	4972216
センシ	4972215
敏腕	4972214
でこ	4972213
託児	4972212
yep	4972211
キーガン	4972210
ピアー	4972209
ガサ	4972208
ヤジ	4972207
キロワ	4972206
だいじょぶ	4972205
パーソナル	4972204
無給	4972203
ウロフ	4972202
ミニチュア	4972201
のぅ	4972200
ロールス	4972199
揺り動か	4972198
もろもろ	4972197
町内	4972196
塗り絵	4972195
教頭	4972194
公報	4972193
歪曲	4972192
hid	4972191
仔猫	4972190
奪い合	4972189
ケニア	4972188
マカラッタ	4972187
穂先	4972186
ョ	4972185
ピロン	4972184
ダゴバ	4972183
ネゴ	4972182
絶賛	4972181
おーっ	4972180
レナー	4972179
プレミアム	4972178
マクフィー	4972177
クッソ	4972176
一役	4972175
カサー	4972174
ｈｌｓ	4972173
ライラック	4972172
物心	4972171
rivers	4972170
シンシナティ	4972169
ニセ札	4972168
メンジーズ	4972167
ガイドライン	4972166
クローズ	4972165
踏み出せ	4972164
メソメソ	4972163
ouvirier	4972162
極東	4972161
ナメック	4972160
墓標	4972159
クレヤキン	4972158
古び	4972157
girlfriend	4972156
キアシー	4972155
定職	4972154
ビリングス	4972153
盗掘	4972152
ボルトリ	4972151
israel	4972150
短波	4972149
ガツン	4972148
袋叩き	4972147
積み重な	4972146
クリアレイク	4972145
tt	4972144
固体	4972143
巣立	4972142
ラトレッジ	4972141
moi	4972140
邸内	4972139
ツーテイ	4972138
わかっ	4972137
櫛	4972136
ヱ	4972135
トリーシャ	4972134
アーディレス	4972133
不明か	4972132
すすぐ	4972131
扈	4972130
security	4972129
丶闘	4972128
ヤベ	4972127
特派	4972126
lestrange	4972125
係長	4972124
指し示	4972123
pda	4972122
掃討	4972121
引き立て	4972120
ホワイトボード	4972119
落込	4972118
xrn	4972117
組み合わさ	4972116
恥さらし	4972115
シコ	4972114
焼き切れ	4972113
expect	4972112
休学	4972111
ｔｔｒ	4972110
セーリング	4972109
割り込み	4972108
アンゴラ	4972107
laid	4972106
ウォラー	4972105
髄	4972104
モモ	4972103
写本	4972102
前期	4972101
スローダウン	4972100
dies	4972099
ケラーマン	4972098
切り詰め	4972097
自害	4972096
ライプツィヒ	4972095
滲	4972094
粘り	4972093
ファイファー	4972092
フケ	4972091
完備	4972090
荒涼	4972089
まぅ	4972088
創りだ	4972087
すい臓	4972086
一睡	4972085
ソリューション	4972084
パト	4972083
丶れ	4972082
ユマフラット	4972081
デルマー	4972080
ニーベルハイム	4972079
gt	4972078
トレンド	4972077
勤続	4972076
アイバー	4972075
エクストリミス	4972074
ままで	4972073
リンドバーグ	4972072
草木	4972071
energon	4972070
ひと息	4972069
takes	4972068
岐路	4972067
謳	4972066
based	4972065
被ばく	4972064
従姉	4972063
かく乱	4972062
アクシデント	4972061
ナッソー	4972060
後進	4972059
くぼ地	4972058
ーー	4972057
オリンパス	4972056
逸品	4972055
すつ	4972054
突風	4972053
鷲華	4972052
筆記	4972051
当てつけ	4972050
聖寄	4972049
欲深	4972048
書置き	4972047
キャラバン	4972046
ガンマン	4972045
ルイージ	4972044
ヴィレス	4972043
セヨ	4972042
シーク	4972041
憐れみ	4972040
ビユ	4972039
熱電	4972038
カッパー	4972037
ぺこぺこ	4972036
チョウチョ	4972035
シカト	4972034
顔向け	4972033
デュプレ	4972032
ｎｌｐ	4972031
エイダ	4972030
become	4972029
クロザピン	4972028
マクト	4972027
スプリンター	4972026
抑止	4972025
ロディー	4972024
セネカ	4972023
乗り手	4972022
選りすぐり	4972021
フェン	4972020
古巣	4972019
ニク	4972018
かき立て	4972017
ポック	4972016
甲子	4972015
ロボコップ	4972014
削り	4972013
門番	4972012
od	4972011
のろし	4972010
両舷	4972009
はははは	4972008
カネシロ	4972007
そんごぅ	4972006
サイエンティスト	4972005
大穴	4972004
カゲロウ	4972003
平野	4972002
切り落	4972001
ガリ勉	4972000
減衰	4971999
fail	4971998
取っ手	4971997
干し	4971996
のは	4971995
うふふ	4971994
空論	4971993
口車	4971992
できあが	4971991
ツタ	4971990
すすり泣き	4971989
安上がり	4971988
ロンリー	4971987
cuz	4971986
アルミホイル	4971985
二重	4971984
ためだ	4971983
spoke	4971982
一三	4971981
鋭利	4971980
狡賢	4971979
息づかい	4971978
ラティフ	4971977
部数	4971976
michi	4971975
ジジジ	4971974
エルヴィス	4971973
モールズ	4971972
決別	4971971
向かい側	4971970
殴り	4971969
スカロン	4971968
心神	4971967
立ち退か	4971966
カミン	4971965
レンコフ	4971964
リアンユウ	4971963
酷使	4971962
むち	4971961
ユーニス	4971960
モニタリング	4971959
バソリー	4971958
マティカヤ	4971957
脈打	4971956
セヴェルス	4971955
ろぅ	4971954
比べ物	4971953
ブチ切れ	4971952
語源	4971951
ハガー	4971950
theme	4971949
oo	4971948
踏み越え	4971947
迷宮入り	4971946
負い目	4971945
けん引	4971944
サイプレス	4971943
屈指	4971942
ジェイノス	4971941
喩え	4971940
容れ	4971939
貸家	4971938
ぬかるみ	4971937
再燃	4971936
若しくは	4971935
追随	4971934
頸部	4971933
町民	4971932
異種	4971931
イデオロギー	4971930
マンガン	4971929
サンディン	4971928
research	4971927
ビンコウ	4971926
酒浸り	4971925
アジソン	4971924
ぞう	4971923
ひとりひとり	4971922
アティウス	4971921
投じ	4971920
エクスプレス	4971919
めんどう	4971918
まんこ	4971917
魔導	4971916
物忘れ	4971915
熊獣	4971914
ローム	4971913
ガイコツ	4971912
コーリン	4971911
下顎骨	4971910
借り手	4971909
停滞	4971908
ラマルク	4971907
種目	4971906
敵討ち	4971905
ぐうたら	4971904
付添い	4971903
ブリザード	4971902
マディー	4971901
tnt	4971900
並べ立て	4971899
アレハンドロ	4971898
ウロつ	4971897
雨季	4971896
模造	4971895
好好	4971894
オズマ	4971893
ライトニングストライク	4971892
歌姫	4971891
かわせ	4971890
等々	4971889
场	4971888
胸壁	4971887
メッチャ	4971886
飛び火	4971885
パーキング	4971884
レゴラス	4971883
イスラーム	4971882
フィルビィ	4971881
車酔い	4971880
net	4971879
エポニー	4971878
混線	4971877
ふぅー	4971876
井崎	4971875
こね	4971874
半生	4971873
别	4971872
乱雑	4971871
デシャンボウ	4971870
最寄	4971869
明記	4971868
通い	4971867
抜け毛	4971866
ホイットマン	4971865
キャッ	4971864
差し置	4971863
手慣れ	4971862
ちゃーん	4971861
撮り	4971860
温水	4971859
迷い込	4971858
見計ら	4971857
喚起	4971856
雪かき	4971855
法相	4971854
かねが	4971853
マトゥー	4971852
ーダメ	4971851
你在	4971850
旅券	4971849
プラスキー	4971848
エスティ	4971847
いてきぼり	4971846
庭仕事	4971845
讃美	4971844
シャイナー	4971843
ホッグ	4971842
フライヤー	4971841
顎鬚	4971840
ちっく	4971839
考え事	4971838
定刻	4971837
骨折り	4971836
カイホ	4971835
いちじく	4971834
女医	4971833
復員	4971832
ぶっかけ	4971831
ゲイブリエル	4971830
シルエット	4971829
イテッ	4971828
物書き	4971827
紛い物	4971826
はばか	4971825
チクチク	4971824
短絡	4971823
前々	4971822
全長	4971821
战	4971820
ネウェル	4971819
禮	4971818
レシーバー	4971817
ハンドガン	4971816
伯	4971815
文面	4971814
ロスコ	4971813
ワイオミング	4971812
かんじ	4971811
コーティング	4971810
ざっくばらん	4971809
ウソつきめ	4971808
敵方	4971807
反米	4971806
掛け替え	4971805
セミオン	4971804
ワカ	4971803
pete	4971802
あがな	4971801
awful	4971800
甘味	4971799
セオデン	4971798
ムチャクチャ	4971797
ナゾナゾ	4971796
バンデル	4971795
オリビエ	4971794
こっぱ	4971793
マネシカネス	4971792
ハードル	4971791
乱痴気	4971790
農	4971789
養生	4971788
じゅうたん	4971787
足掻	4971786
毛並み	4971785
前職	4971784
モルドバ	4971783
チェース	4971782
不用心	4971781
囲め	4971780
すわり	4971779
羨	4971778
小うるさ	4971777
ゴンドラ	4971776
無粋	4971775
護民	4971774
洞	4971773
アザゼル	4971772
州道	4971771
有限	4971770
恒久	4971769
elena	4971768
千夜	4971767
糸くず	4971766
じゃここ	4971765
alfonse	4971764
冒頭	4971763
無勢	4971762
阿婆擦れ	4971761
ヒッサー	4971760
pink	4971759
辛うじて	4971758
心酔	4971757
ヴェ	4971756
坂東	4971755
strong	4971754
かならず	4971753
元手	4971752
跳ね回	4971751
擦り	4971750
ロケ	4971749
スリランカ	4971748
ヘルパー	4971747
矢先	4971746
アティナ	4971745
まづけ	4971744
ベリーバーガー	4971743
エーモン	4971742
潅木	4971741
喋ら	4971740
凄まじ	4971739
上り	4971738
差し	4971737
メトロポリタン	4971736
思い入れ	4971735
デュアン	4971734
頷け	4971733
試写	4971732
気丈	4971731
真中	4971730
顔合わせ	4971729
ghost	4971728
コリーヌ	4971727
滑り落ち	4971726
商標	4971725
惚	4971724
巻け	4971723
スキミング	4971722
オレナ	4971721
差し引	4971720
入ら	4971719
幸せかい	4971718
番兵	4971717
ティン	4971716
馴れ馴れし	4971715
间	4971714
恍	4971713
逝去	4971712
エトセトラ	4971711
大掛かり	4971710
オレル	4971709
攻	4971708
冷やかし	4971707
サラセン	4971706
spiritus	4971705
註鼻	4971704
トゥナイト	4971703
颗	4971702
グリーンウッド	4971701
ぬき	4971700
来了	4971699
フランクス	4971698
トーレン	4971697
隠語	4971696
短調	4971695
たいまつ	4971694
バリアニ	4971693
黑	4971692
ラスヴェガス	4971691
ネグラ	4971690
果たせ	4971689
金貸し	4971688
pepper	4971687
モミ	4971686
免罪	4971685
らち	4971684
タンポポ	4971683
勿	4971682
手近	4971681
非難し	4971680
祓	4971679
カシミール	4971678
胸像	4971677
重曹	4971676
アシュレー	4971675
未知子	4971674
呼び捨て	4971673
沌	4971672
黙祷	4971671
痛え	4971670
前輪	4971669
恐慌	4971668
ナバーロ	4971667
ハキム	4971666
てっから	4971665
マラキ	4971664
寄りかか	4971663
真心	4971662
虚脱	4971661
やむな	4971660
バルサム	4971659
ﾗﾌｨｯﾄ	4971658
鍛え上げ	4971657
野村	4971656
緩衝	4971655
エドワルド	4971654
染み込	4971653
チクリ	4971652
スティン	4971651
大塚	4971650
くし	4971649
クライマックス	4971648
スナウト	4971647
コンデンサー	4971646
スタール	4971645
そっちよ	4971644
片田舎	4971643
oss	4971642
おっかな	4971641
doot	4971640
毒液	4971639
全隊	4971638
silver	4971637
溶融	4971636
公社	4971635
オレガノ	4971634
cheering	4971633
順守	4971632
キャステリー	4971631
宝箱	4971630
まめ	4971629
ペトロヴィッチ	4971628
カリーク	4971627
エルスキ	4971626
コベントリー	4971625
閑静	4971624
シモーネ	4971623
スーヤン	4971622
マクシミリアン	4971621
局内	4971620
りだ	4971619
appear	4971618
けしからん	4971617
ハウフ	4971616
空欄	4971615
条理	4971614
グアアア	4971613
アマラック	4971612
パルチザン	4971611
スロート	4971610
マスオカ	4971609
極まりな	4971608
シェー	4971607
ハートウェル	4971606
fake	4971605
ダクス	4971604
队长	4971603
旧坑	4971602
かだ	4971601
散財	4971600
試問	4971599
ディレクトリ	4971598
木登り	4971597
作り事	4971596
シャーバー	4971595
リーナ	4971594
商社	4971593
放れ	4971592
リネン	4971591
文言	4971590
ふくらみ	4971589
買い付け	4971588
手広	4971587
炒め	4971586
後々	4971585
名答	4971584
ポタミ	4971583
オバサン	4971582
きな	4971581
ジャーマン	4971580
rescue	4971579
サトー	4971578
アキーラ	4971577
エネジャム	4971576
hm	4971575
持主	4971574
コルトン	4971573
じめ	4971572
名画	4971571
傑出	4971570
attention	4971569
本分	4971568
レック	4971567
fast	4971566
ブギー	4971565
ひそ	4971564
こげ	4971563
エキサイト	4971562
ベルビュー	4971561
レベック	4971560
架け橋	4971559
ブローナ	4971558
未決	4971557
あれれ	4971556
一動	4971555
ルーズ	4971554
ハス	4971553
グッスリ	4971552
簡便	4971551
ロウリー	4971550
大々	4971549
フェイル	4971548
破廉恥	4971547
古ぼけ	4971546
もじゃもじゃ	4971545
アントワープ	4971544
ウナ	4971543
ちょこっと	4971542
ロウブルス	4971541
採鉱	4971540
めがね	4971539
しがみ付	4971538
万歲	4971537
年内	4971536
もうろう	4971535
troubles	4971534
π	4971533
di	4971532
密林	4971531
キャッサー	4971530
召し	4971529
踏まえ	4971528
えば	4971527
生易し	4971526
經	4971525
使い古し	4971524
張り切	4971523
indominus	4971522
ｓａｔ	4971521
あずけ	4971520
ぜー	4971519
動悸	4971518
ミュラー	4971517
貫け	4971516
mma	4971515
使い古	4971514
フィニアス	4971513
おろし	4971512
熟れ	4971511
上客	4971510
エモニー	4971509
leg	4971508
自画	4971507
タウリエル	4971506
自賛	4971505
びくつ	4971504
披露目	4971503
魔性	4971502
デュプリー	4971501
きちょうめん	4971500
公私	4971499
賢人	4971498
低脳	4971497
戦火	4971496
補導	4971495
トルチャー	4971494
マメ	4971493
feels	4971492
枦	4971491
唱	4971490
八千	4971489
ディーズ	4971488
物好き	4971487
静観	4971486
指標	4971485
とし	4971484
コァ	4971483
気筒	4971482
暗躍	4971481
アロイヨ	4971480
ハラスメント	4971479
トルレス	4971478
ブラつ	4971477
選び出	4971476
ジェネラル	4971475
無機	4971474
dawn	4971473
警鐘	4971472
鉱石	4971471
吹か	4971470
神妙	4971469
タトｩ	4971468
貼り	4971467
目殺	4971466
乗ら	4971465
rビ	4971464
スゥー	4971463
ゴルゴダ	4971462
バーンド	4971461
テイスティング	4971460
胸糞	4971459
思い悩	4971458
こさ	4971457
綱渡り	4971456
根底	4971455
att	4971454
セーブル	4971453
メーカ	4971452
子ネコ	4971451
定理	4971450
チャチ	4971449
散り散り	4971448
税理	4971447
短髪	4971446
アモン	4971445
ブーッ	4971444
ファラミア	4971443
与太話	4971442
見張り番	4971441
八重歯	4971440
ウンベルト	4971439
runs	4971438
熊手	4971437
テディベァ	4971436
膨れ上が	4971435
ハラハラ	4971434
ダイク	4971433
みたま	4971432
色恋	4971431
むけ	4971430
rfid	4971429
見合わせ	4971428
親交	4971427
它	4971426
モンバサ	4971425
必す	4971424
葛西	4971423
ティンスレー	4971422
トナー	4971421
重複	4971420
总	4971419
髪の	4971418
海溝	4971417
リドワイ	4971416
somehow	4971415
遊び回	4971414
ハザール	4971413
見付け出	4971412
新海	4971411
キャテリン	4971410
ドーロホフ	4971409
del	4971408
スカール	4971407
ナップ	4971406
フェルディナンド	4971405
ヴェニス	4971404
ナナナ	4971403
アクチュエーター	4971402
椿	4971401
あぁぁぁ	4971400
所用	4971399
まくり	4971398
泡立	4971397
ジュスティニアニ	4971396
ウィルキンズ	4971395
付加	4971394
ドタキャン	4971393
小脳	4971392
看到	4971391
スウィニー	4971390
トリンク	4971389
enter	4971388
アニータ	4971387
バリトン	4971386
テルミット	4971385
spent	4971384
変調	4971383
毛嫌い	4971382
hall	4971381
急ぐ	4971380
台車	4971379
広まり	4971378
歩合	4971377
エルズベリー	4971376
黄衣	4971375
提唱	4971374
いず	4971373
干ばつ	4971372
すりかえ	4971371
ファリバ	4971370
フィナティ	4971369
余白	4971368
souls	4971367
スタニスラス	4971366
気張	4971365
顔ぶれ	4971364
cohen	4971363
トス	4971362
ホースト	4971361
ヴォルデモート	4971360
オーギュスティン	4971359
ひっつ	4971358
憲章	4971357
ｆｓｂ	4971356
昼ご飯	4971355
エンドウ	4971354
刑だ	4971353
額面	4971352
ハーク	4971351
投射	4971350
行けん	4971349
完済	4971348
ちらつ	4971347
いのち	4971346
sherman	4971345
破り捨て	4971344
チャッ	4971343
ノートルダム	4971342
クランフォード	4971341
知名	4971340
口上	4971339
zogo	4971338
ツトム	4971337
ブリリアント	4971336
カーツ	4971335
congress	4971334
レイリーン	4971333
発ち	4971332
したたる	4971331
オートマチック	4971330
ワイルダー	4971329
立て替え	4971328
コルベール	4971327
錆びつ	4971326
失速	4971325
mba	4971324
チカ	4971323
ぶっつぶ	4971322
メトシェラ	4971321
王将	4971320
imei	4971319
乗物	4971318
スマイト	4971317
開廷	4971316
ヨダレ	4971315
突け	4971314
アスベスト	4971313
マグル	4971312
ァイヤイヤイヤイヤ	4971311
mia	4971310
タトラー	4971309
過食	4971308
コンコン	4971307
みてぇ	4971306
院内	4971305
大便	4971304
ジョイント	4971303
所謂	4971302
ずうっと	4971301
ヴァリー	4971300
レット	4971299
雑巾	4971298
アスコット	4971297
長瀬	4971296
不詳	4971295
プランナー	4971294
アト	4971293
メル友	4971292
ずー	4971291
スプリングスティーン	4971290
づくり	4971289
赤旗	4971288
虫善	4971287
送別	4971286
メンテ	4971285
daddy	4971284
友だ	4971283
刺身	4971282
ウエイ	4971281
商工	4971280
狭間	4971279
やつめ	4971278
レティー	4971277
诛	4971276
メサ	4971275
男気	4971274
習え	4971273
マンダンガス	4971272
手札	4971271
非礼	4971270
サマ	4971269
秘	4971268
コルシュノフ	4971267
ボズ	4971266
サフォーク	4971265
愛おし	4971264
手厚	4971263
あきらか	4971262
タス	4971261
包括	4971260
ウヨウヨ	4971259
ふーあ	4971258
アンチョビ	4971257
ビルダー	4971256
ヴィニヤード	4971255
反面	4971254
foxtrot	4971253
踏み台	4971252
sd	4971251
ナタール	4971250
シェルパ	4971249
チラっと	4971248
ピュラモス	4971247
食費	4971246
召還	4971245
耳栓	4971244
管財	4971243
取り外し	4971242
オシメ	4971241
秋田	4971240
シラキュース	4971239
werth	4971238
se	4971237
キャクストン	4971236
おっき	4971235
くやし	4971234
フィヨルド	4971233
祝祭	4971232
前往	4971231
月並み	4971230
新着	4971229
リクター	4971228
オーボエ	4971227
ザリガニ	4971226
プリ	4971225
过去	4971224
时间	4971223
アレー	4971222
ランディル	4971221
banana	4971220
苺	4971219
修	4971218
東条	4971217
fanna	4971216
小手調べ	4971215
受入れ	4971214
バッキンガム	4971213
格安	4971212
ノウェルズ	4971211
密造酒	4971210
進撃	4971209
銅貨	4971208
レバンダー	4971207
揮	4971206
潮風	4971205
キバ	4971204
ロレンツォ	4971203
吐き	4971202
身構え	4971201
っけな	4971200
拳骨	4971199
突っ込み	4971198
シカ	4971197
グラッドウェル	4971196
やめだ	4971195
ドークス	4971194
ハッピ	4971193
収録	4971192
止まれ	4971191
殉死	4971190
将官	4971189
ヌック	4971188
講釈	4971187
信徒	4971186
クレール	4971185
粗野	4971184
不協和	4971183
部活	4971182
エマージェンシー	4971181
創り上げ	4971180
置いてきぼり	4971179
ラバー	4971178
気骨	4971177
謀反	4971176
鎧兜	4971175
毀損	4971174
ラスムセン	4971173
在り処	4971172
書き出	4971171
引張	4971170
picture	4971169
細長	4971168
大恥	4971167
事欠	4971166
ずらか	4971165
鼓膜	4971164
有り余	4971163
悪漢	4971162
厚着	4971161
来店	4971160
負け組み	4971159
ジャルダン	4971158
のぞき見	4971157
せがれ	4971156
毛むくじゃら	4971155
stick	4971154
活かせ	4971153
ちょう	4971152
サイフォ	4971151
タム	4971150
セビリア	4971149
ｅｒｏｃ	4971148
タウリェル	4971147
シード	4971146
越せ	4971145
現わ	4971144
温存	4971143
ミーチ	4971142
あき	4971141
バーム	4971140
直直	4971139
银河	4971138
抑え込	4971137
陰口	4971136
神舟	4971135
取扱	4971134
放牧	4971133
ヘラジカ	4971132
王立	4971131
法規	4971130
オーシャ	4971129
イコール	4971128
toys	4971127
再犯	4971126
リストラ	4971125
ポータブル	4971124
ルル	4971123
ペテロ	4971122
キモチ	4971121
brings	4971120
概し	4971119
仕事先	4971118
腹話	4971117
海ガメ	4971116
クロコダイル	4971115
通じ合	4971114
ヴァラ	4971113
送り先	4971112
通り越	4971111
よこしま	4971110
即使	4971109
アザレロ	4971108
とわし	4971107
ウィンナー	4971106
開き直	4971105
蹴れ	4971104
オープナー	4971103
デンベ	4971102
産科	4971101
路頭	4971100
際ど	4971099
粗雑	4971098
ホルスト	4971097
熟成	4971096
駆け出し	4971095
次席	4971094
脱走者	4971093
パパス	4971092
ハーモニカ	4971091
楯突	4971090
ディズ	4971089
ヨーレン	4971088
馳せ	4971087
ノックダウン	4971086
チェシー	4971085
きこめ	4971084
しわくちゃ	4971083
領主だ	4971082
サイセ	4971081
飛来	4971080
贔屓	4971079
炙	4971078
共振	4971077
たずさえ	4971076
卑下	4971075
扇風	4971074
レメンス	4971073
堤防	4971072
タティアナ	4971071
ニュートリノ	4971070
スウェット	4971069
パーラー	4971068
鋸	4971067
経ち	4971066
ボサっ	4971065
サア	4971064
臨戦	4971063
だげ	4971062
成形	4971061
フンフン	4971060
ダズリングス	4971059
連れ添	4971058
ヘリオン	4971057
壺昆	4971056
冷や汗	4971055
月明かり	4971054
デポ	4971053
フレンドリー	4971052
モーリーン	4971051
ニコニコ	4971050
はじけ	4971049
ロザリア	4971048
ヤンニ	4971047
目茶苦茶	4971046
国宝	4971045
適者	4971044
一婦	4971043
示し	4971042
南口	4971041
ステーシー	4971040
昇り	4971039
フオ	4971038
とろけ	4971037
活け	4971036
からがら	4971035
うのみ	4971034
雲行き	4971033
アルパート	4971032
独りよがり	4971031
forgotten	4971030
宙返り	4971029
均一	4971028
主悦	4971027
フランクスギ	4971026
曳	4971025
其れ	4971024
糞ガキ	4971023
远	4971022
こてんぱん	4971021
クラッグ	4971020
奮発	4971019
腹違い	4971018
tree	4971017
手短か	4971016
カソリック	4971015
シャルドネ	4971014
除け	4971013
大盛り	4971012
八木	4971011
マカオ	4971010
スキューバ	4971009
exr	4971008
charlie	4971007
冷徹	4971006
グリズリー	4971005
取り壊し	4971004
ヨシヤ	4971003
ダンディー	4971002
イディッシュ	4971001
ブラックベリー	4971000
コントローラー	4970999
美佳	4970998
露見	4970997
従士	4970996
青二	4970995
フセン	4970994
fee	4970993
血の気	4970992
チャイルズ	4970991
行こ	4970990
honor	4970989
吹っ切れ	4970988
メドゥーサ	4970987
逆手	4970986
media	4970985
デルフィーヌ	4970984
所望	4970983
リダイレクト	4970982
ストランド	4970981
思い知れ	4970980
エンターテイナー	4970979
終盤	4970978
モニタ	4970977
カエサル	4970976
うえっ	4970975
パア	4970974
whose	4970973
サカナ	4970972
耳垢	4970971
とり憑	4970970
ミモザ	4970969
wolf	4970968
川沿い	4970967
昼メシ	4970966
投石	4970965
仕舞え	4970964
羊肉	4970963
カタワ	4970962
落ち込み	4970961
じかけ	4970960
ピリオド	4970959
チェザーレ	4970958
コールスロー	4970957
低速	4970956
棚氷	4970955
時事	4970954
可愛子	4970953
案山子	4970952
ワーゲン	4970951
目付け	4970950
影武者	4970949
オプス	4970948
viko	4970947
psi	4970946
ストパード	4970945
ほったらか	4970944
本拠	4970943
ゴンク	4970942
arm	4970941
モルグル	4970940
ブール	4970939
似つかわし	4970938
溜息	4970937
あな	4970936
怪奇	4970935
ウエイランド	4970934
むり	4970933
笑い合	4970932
くだけ	4970931
マイニング	4970930
ディンク	4970929
extraordinary	4970928
ﾈ	4970927
惚れ込	4970926
apd	4970925
柴田	4970924
がっちり	4970923
エク	4970922
ｵ	4970921
プロセッサ	4970920
とーどー	4970919
ささやき声	4970918
漢字	4970917
エクルズ	4970916
サファイヤ	4970915
アィオー	4970914
gchq	4970913
グレイル	4970912
ワート	4970911
名優	4970910
ジャリック	4970909
ふみ	4970908
仏軍	4970907
ダイス	4970906
新興	4970905
条痕	4970904
取り囲め	4970903
同義	4970902
壬	4970901
カルバート	4970900
エイヴリー	4970899
ロードアイランド	4970898
張り紙	4970897
しんど	4970896
年鑑	4970895
ハイッ	4970894
未開	4970893
フィーリ	4970892
コンデンサ	4970891
タブー	4970890
日暮らし	4970889
誤魔化し	4970888
尽くし	4970887
別状	4970886
ift	4970885
sobbing	4970884
アイソ	4970883
澄ま	4970882
リスペクト	4970881
ダシ	4970880
小切手帳	4970879
エキス	4970878
手斧	4970877
発声	4970876
琴	4970875
集積	4970874
崩落	4970873
姑	4970872
節穴	4970871
トッピング	4970870
再戦	4970869
大名	4970868
months	4970867
chuckles	4970866
すき焼き	4970865
スタッツ	4970864
ベリスティン	4970863
ワオッ	4970862
ペシ	4970861
脱退	4970860
下請け	4970859
癒着	4970858
筆頭	4970857
シャギー	4970856
ヒヨコ	4970855
不憫	4970854
片時	4970853
牧野	4970852
デベル	4970851
ゼニツァ	4970850
贋物	4970849
brought	4970848
サーマン	4970847
申込	4970846
ab	4970845
前年	4970844
きっ	4970843
小び	4970842
貴社	4970841
塞栓	4970840
ボサボサ	4970839
クランシー	4970838
ぱっ	4970837
イャー	4970836
sounds	4970835
どうどう	4970834
ひた	4970833
はーん	4970832
肥や	4970831
オオカバマダラ	4970830
セリョーシャ	4970829
ボッツ	4970828
払い戻し	4970827
楠本	4970826
松林	4970825
雄大	4970824
白木	4970823
訊問	4970822
コロコロ	4970821
飼い猫	4970820
製油	4970819
目薬	4970818
ありつ	4970817
中盤	4970816
ああああああ	4970815
ホースメン	4970814
なりゆき	4970813
ヘント	4970812
ダーモット	4970811
エアズ	4970810
推察	4970809
ファ	4970808
ホッピー	4970807
スロール	4970806
レフリー	4970805
脳天	4970804
サセックス	4970803
酌	4970802
プロペラ	4970801
マキャリスター	4970800
大口径	4970799
健ゾウ	4970798
労	4970797
だよ	4970796
うわぁぁ	4970795
イモージェン	4970794
hbo	4970793
ます	4970792
コマンダー	4970791
grunts	4970790
バイオハザード	4970789
打ち倒	4970788
カリキュラム	4970787
バンコック	4970786
いっき	4970785
ペラー	4970784
スプリット	4970783
デストロ	4970782
飲み明か	4970781
結び付	4970780
しきり	4970779
上方	4970778
マクギヴァン	4970777
晶	4970776
ちゃく	4970775
ミルドレッド	4970774
馬上	4970773
门	4970772
シロウト	4970771
アリストテレス	4970770
ウォータールー	4970769
罵倒	4970768
ばつ	4970767
前髪	4970766
モグリ	4970765
有頂天	4970764
カルフン	4970763
ヘジュ	4970762
引っ	4970761
ちんぷんかんぷん	4970760
見定め	4970759
つぎこ	4970758
エジンバラ	4970757
サーロイン	4970756
廻せ	4970755
典拠	4970754
夜逃げ	4970753
皇后	4970752
連打	4970751
アンナジオ	4970750
闘牛	4970749
クル	4970748
シビれ	4970747
ルーシャス	4970746
demon	4970745
水温	4970744
アイーシャ	4970743
無難	4970742
你也	4970741
速達	4970740
縫い付け	4970739
値上げ	4970738
スレイバーズ	4970737
カロリーナ	4970736
ブライディリー	4970735
そか	4970734
ウィプラシュ	4970733
sas	4970732
グィネビア	4970731
バラドス	4970730
トリケラトプス	4970729
イトコ	4970728
ad	4970727
コヴァック	4970726
漫才	4970725
ブルドッグ	4970724
優次	4970723
hatiko	4970722
シラード	4970721
受講	4970720
じょうご	4970719
イタイ	4970718
手縫い	4970717
婚	4970716
ウエスタン	4970715
ブラッドレー	4970714
エミッター	4970713
欢迎	4970712
キムラ	4970711
真摯	4970710
ダッハウ	4970709
ドラクマ	4970708
creative	4970707
断続	4970706
滑り台	4970705
牧羊	4970704
重奏	4970703
せっつ	4970702
礼子	4970701
ケアンズ	4970700
commons	4970699
自前	4970698
放物	4970697
撓	4970696
边	4970695
滞り	4970694
ごめ	4970693
転用	4970692
切り開け	4970691
まつわ	4970690
shane	4970689
アンドラ	4970688
持ち切り	4970687
樹液	4970686
テーラー	4970685
リンデン	4970684
csu	4970683
思い上がり	4970682
insecto	4970681
計ら	4970680
面通し	4970679
スクー	4970678
下向き	4970677
栓抜き	4970676
ヌーク	4970675
プラネタリウム	4970674
冷房	4970673
attribution	4970672
ベージュ	4970671
静江	4970670
大盛況	4970669
沿え	4970668
聞き流	4970667
ポイ捨て	4970666
実装	4970665
sharealike	4970664
チラチラ	4970663
とびっきり	4970662
温厚	4970661
ホライズン	4970660
頓挫	4970659
コバンザメ	4970658
unported	4970657
当人	4970656
ガービン	4970655
瀋陽	4970654
ノロノロ	4970653
チョテ	4970652
ずらかる	4970651
アーティファクト	4970650
ja	4970649
購買	4970648
答案	4970647
デイン	4970646
headed	4970645
マーブロ	4970644
ショボ	4970643
ハリド	4970642
向こうが	4970641
曲がり	4970640
男根	4970639
スタントマン	4970638
下地	4970637
コーンウォール	4970636
ゴドリック	4970635
リーバイ	4970634
悪習	4970633
ハッブル	4970632
ニューポート	4970631
野党	4970630
やーれ	4970629
フリーター	4970628
ペソ	4970627
位相	4970626
電光	4970625
倉橋	4970624
納豆	4970623
訃報	4970622
birkenau	4970621
モンゴル	4970620
買取	4970619
キュウリ	4970618
rod	4970617
エンゾ	4970616
けつ	4970615
控除	4970614
齢	4970613
クロルプロマジン	4970612
万年筆	4970611
曲解	4970610
慎まし	4970609
着想	4970608
east	4970607
birthday	4970606
風当たり	4970605
へたくそ	4970604
型通り	4970603
一躍	4970602
ブーズ	4970601
ウロボロス	4970600
隠し味	4970599
イカシ	4970598
monsoon	4970597
カッコウ	4970596
悦び	4970595
thousand	4970594
screaming	4970593
クズめ	4970592
生え際	4970591
mearing	4970590
熊沢	4970589
小爱	4970588
撃鉄	4970587
evil	4970586
ほざけ	4970585
二流	4970584
ヤンカ	4970583
押し通	4970582
修養	4970581
異臭	4970580
希薄	4970579
判り	4970578
コワイ	4970577
美大	4970576
ブラッドビスト	4970575
充て	4970574
ダンパ	4970573
秘話	4970572
ウルリック	4970571
対談	4970570
タイムス	4970569
各人	4970568
薬屋	4970567
ウォルコット	4970566
llc	4970565
泡立て	4970564
名所	4970563
制作者	4970562
寛ぎ	4970561
神風	4970560
孤	4970559
ナイトメア	4970558
オーマン	4970557
撒け	4970556
ナム	4970555
叱責	4970554
ロックウェル	4970553
クインシー	4970552
laughs	4970551
識	4970550
胃薬	4970549
ｎｅｓｔ	4970548
結び付き	4970547
訪米	4970546
ワーテルロー	4970545
セイヤー	4970544
取り舵	4970543
カーネーション	4970542
映し	4970541
シャラジ	4970540
ラストー	4970539
ラッサー	4970538
レイアウト	4970537
エルク	4970536
ニップス	4970535
パンプローナ	4970534
オピニオン	4970533
ケルビー	4970532
フェリデイ	4970531
instead	4970530
ベロ	4970529
縫いこ	4970528
蛮行	4970527
ひゃあ	4970526
惨	4970525
たたきのめ	4970524
qb	4970523
バスク	4970522
極ま	4970521
ペンス	4970520
既往	4970519
コリングス	4970518
growling	4970517
イングリッシュ	4970516
ずたずた	4970515
ナレンドラ	4970514
nightmare	4970513
雄鹿	4970512
係争	4970511
急死	4970510
マラトン	4970509
此れ	4970508
一色	4970507
シャマルダース	4970506
入試	4970505
ともみ	4970504
わりと	4970503
给我	4970502
口述	4970501
学科	4970500
平らげ	4970499
气	4970498
ウィッグ	4970497
ヨンドク	4970496
内科	4970495
fishing	4970494
ロコ	4970493
おちび	4970492
オリン	4970491
チョチャ	4970490
セシウム	4970489
democra	4970488
bolkovac	4970487
レギュレータ	4970486
はぁっ	4970485
広東	4970484
ディスラプター	4970483
コラッ	4970482
リージス	4970481
buddy	4970480
trip	4970479
着眼	4970478
変位	4970477
プロレス	4970476
気兼ね	4970475
キア	4970474
嗟	4970473
克己	4970472
ボーウェン	4970471
禁制	4970470
摘み	4970469
入出国	4970468
らけ	4970467
席巻	4970466
陰部	4970465
コルタン	4970464
マルドニア	4970463
弾着	4970462
グスタボ	4970461
ンタ	4970460
事有	4970459
いまい	4970458
へたれ	4970457
stripes	4970456
ナナ	4970455
勉学	4970454
谢谢	4970453
lovely	4970452
女人	4970451
カウンティー	4970450
ティリー	4970449
バンジー	4970448
cellphone	4970447
ハジキ	4970446
クオラ	4970445
上升	4970444
ナニー	4970443
store	4970442
軍務	4970441
回旋	4970440
御蔭	4970439
ホラアナグマ	4970438
アップタウン	4970437
何人	4970436
ラモーナー	4970435
右旋	4970434
鮭	4970433
ペベンシー	4970432
価	4970431
缚	4970430
送付	4970429
歌舞伎	4970428
チョウザメ	4970427
さきほど	4970426
丸刈り	4970425
梦	4970424
発露	4970423
giants	4970422
漫	4970421
震源	4970420
三千	4970419
表層	4970418
締ま	4970417
ダレス	4970416
縫いぐるみ	4970415
兔	4970414
付き合わ	4970413
iv	4970412
月末	4970411
言いきれ	4970410
ユニバーサル	4970409
クルーベック	4970408
ウィスパリング	4970407
木の	4970406
手出	4970405
溜まり場	4970404
溶剤	4970403
レーンシャー	4970402
フッ飛ば	4970401
かたくな	4970400
いらしゃ	4970399
取りな	4970398
マルニック	4970397
柤	4970396
集約	4970395
maco	4970394
グラル	4970393
珍重	4970392
神業	4970391
局部	4970390
可狽	4970389
オマル	4970388
てぼ	4970387
レイザ	4970386
御託	4970385
履き替え	4970384
patient	4970383
バーベル	4970382
むちゃくちゃ	4970381
バイオテクノロジー	4970380
松下	4970379
テンジン	4970378
重石	4970377
こび	4970376
川辺	4970375
シェーリ	4970374
享受	4970373
army	4970372
クロナゼパム	4970371
吃	4970370
エスキャン	4970369
デリアン	4970368
チヤ	4970367
痛が	4970366
ヴィーナ	4970365
鬼婆	4970364
イエベン	4970363
脅せ	4970362
太っ腹	4970361
引き起こせ	4970360
blat	4970359
むさぼり食	4970358
売れ行き	4970357
チョコバー	4970356
狭ま	4970355
セビョーン	4970354
芳香	4970353
ヨーデル	4970352
シートン	4970351
孫子	4970350
バグジー	4970349
clean	4970348
ジュジュ	4970347
アロハ	4970346
アーチボルド	4970345
敵襲	4970344
ダディー	4970343
rolling	4970342
にお	4970341
ポゴ	4970340
ツェラー	4970339
盗み見	4970338
すんご	4970337
ブレンド	4970336
下記	4970335
オポッサム	4970334
march	4970333
レンコ	4970332
ファハド	4970331
イグレット	4970330
猫砂	4970329
手伝わ	4970328
nine	4970327
ポイペト	4970326
叙事	4970325
ウォウ	4970324
fcb	4970323
会わ	4970322
肩幅	4970321
黄土色	4970320
露天	4970319
hy	4970318
ml	4970317
お払い	4970316
アズ	4970315
mufc	4970314
まぶた	4970313
older	4970312
心灵	4970311
ジャル	4970310
rico	4970309
重機	4970308
リサイタル	4970307
い骨	4970306
シュノーケル	4970305
ブライ	4970304
帰投	4970303
gg	4970302
漏	4970301
網羅	4970300
ペイ	4970299
スピット	4970298
ヤキモチ	4970297
fisa	4970296
ニナ	4970295
トレンブレー	4970294
physically	4970293
dealing	4970292
アウトロー	4970291
小数	4970290
本館	4970289
めい	4970288
フリック	4970287
エポック	4970286
空き巣	4970285
ar	4970284
hungry	4970283
ウヂ	4970282
煩わし	4970281
バウ	4970280
ペピー	4970279
ジョジョ	4970278
ふるえ	4970277
入れ物	4970276
太腿	4970275
不敬	4970274
ビジネスパートナー	4970273
建て直	4970272
バタフライ	4970271
talkin	4970270
sam	4970269
ブラッシュ	4970268
タイフォ	4970267
パーガトリー	4970266
珍味	4970265
ペルロテ	4970264
遺恨	4970263
ううむ	4970262
おそろし	4970261
スロバキア	4970260
求	4970259
盛況	4970258
パピ	4970257
予兆	4970256
roofies	4970255
傷つき	4970254
大喝采	4970253
ドレイ	4970252
真正	4970251
situation	4970250
ホーボーケン	4970249
だんなら	4970248
取っ替え	4970247
ハゲ頭	4970246
seeds	4970245
火急	4970244
ステイト	4970243
meeting	4970242
はた	4970241
節目	4970240
空家	4970239
ヘミング	4970238
音節	4970237
店内	4970236
ノーズ	4970235
泪水	4970234
塞ぎ	4970233
战斗	4970232
goodbye	4970231
かかわり	4970230
キュキュ	4970229
バガ	4970228
ファンク	4970227
boo	4970226
無私	4970225
イカリ	4970224
noogie	4970223
香料	4970222
奪い取れ	4970221
陰険	4970220
thee	4970219
スモーカー	4970218
ジョウ	4970217
呼気	4970216
たべ	4970215
猿ぐつわ	4970214
プロモーション	4970213
beyond	4970212
デュマール	4970211
ヤっちま	4970210
フラナガン	4970209
きもの	4970208
ラクト	4970207
ap	4970206
コーンフレーク	4970205
奇	4970204
其の	4970203
バイザー	4970202
火元	4970201
ウインターフェル	4970200
フィズル	4970199
遠近	4970198
シェムハザ	4970197
障碍	4970196
丿ヾカ	4970195
タルタル	4970194
マタコーア	4970193
レフ	4970192
失去	4970191
office	4970190
态	4970189
ラッキン	4970188
チーン	4970187
ダーティー	4970186
コトキン	4970185
pal	4970184
build	4970183
外線	4970182
ネガン	4970181
遥々	4970180
思い直	4970179
于	4970178
背丈	4970177
痛感	4970176
下れ	4970175
不作	4970174
カンサス	4970173
ミッテラン	4970172
就算	4970171
ジェイコブズ	4970170
覇	4970169
ホードール	4970168
裁縫	4970167
官庁	4970166
kig	4970165
figured	4970164
使わ	4970163
时候	4970162
はみ出し	4970161
forward	4970160
發	4970159
モリモリ	4970158
改正	4970157
エプコット	4970156
フーニエ	4970155
クヴァック	4970154
生き様	4970153
worked	4970152
トリスタン	4970151
デュアル	4970150
マロー	4970149
ヘンドリクス	4970148
付け根	4970147
啾	4970146
ポートス	4970145
ﾍﾞﾙﾘﾝ	4970144
art	4970143
即ち	4970142
ラシーン	4970141
善処	4970140
次善	4970139
マトックス	4970138
サメンコ	4970137
bomb	4970136
レノー	4970135
車外	4970134
センチメンタル	4970133
visit	4970132
海抜	4970131
coins	4970130
面食ら	4970129
チャリング	4970128
イヤァ	4970127
either	4970126
くそくらえだ	4970125
ゼネラル	4970124
ソルディーノ	4970123
サディン	4970122
check	4970121
ピケット	4970120
moving	4970119
タイプライター	4970118
hk	4970117
誹謗	4970116
おとぎ	4970115
めで	4970114
レズニック	4970113
ﾛｹﾞｯﾄ	4970112
冑	4970111
不知道	4970110
やぁー	4970109
あび	4970108
バースディ	4970107
デンドロトキシン	4970106
明言	4970105
イェン	4970104
若手	4970103
ブレスレッド	4970102
桁違い	4970101
james	4970100
サリート	4970099
イザコザ	4970098
ginormica	4970097
felt	4970096
造反	4970095
バーミンガム	4970094
竄	4970093
ヴアン	4970092
みま	4970091
kt	4970090
ダンシング	4970089
襄	4970088
伐	4970087
ゼフラム	4970086
fell	4970085
入管	4970084
放せよ	4970083
ヴァーナ	4970082
nos	4970081
ヴォーカル	4970080
ジャス	4970079
渡辺	4970078
どなたか	4970077
fucked	4970076
ズルイ	4970075
かっ切	4970074
賛否	4970073
オーガナ	4970072
ハーベイ	4970071
メルヴィン	4970070
がれき	4970069
ふらふら	4970068
グレーブ	4970067
航	4970066
egg	4970065
loss	4970064
クジャク	4970063
順列	4970062
マシュウコ	4970061
ザッ	4970060
ｏｂ	4970059
フォルサム	4970058
籠城	4970057
弾み	4970056
rtcc	4970055
ピクセル	4970054
珈琲	4970053
ドンドン	4970052
ｎｏ	4970051
グローガン	4970050
変速	4970049
家名	4970048
クラシファイド	4970047
輪縄	4970046
没错	4970045
fan	4970044
ｒｐｍ	4970043
謀	4970042
ぶちかま	4970041
ハリム	4970040
下働き	4970039
ゲータ	4970038
関わり合	4970037
養鶏	4970036
ぎゅっと	4970035
シチリア	4970034
partner	4970033
ied	4970032
残量	4970031
敌	4970030
オーシャン	4970029
引きずり出	4970028
セントロ	4970027
おじゃん	4970026
learn	4970025
わめき散ら	4970024
animals	4970023
虚言	4970022
駆け寄	4970021
stuff	4970020
ミュート	4970019
ギャロ	4970018
ルミノール	4970017
タチアナ	4970016
序列	4970015
巻き付け	4970014
ｱﾒﾘｶ	4970013
バアー	4970012
ノーマル	4970011
そっち側	4970010
イームス	4970009
連載	4970008
シャック	4970007
歯根	4970006
硬変	4970005
バエ	4970004
那里	4970003
那須	4970002
ミニカー	4970001
坂口	4970000
さぐ	4969999
ブシャール	4969998
你是	4969997
工員	4969996
回去	4969995
きち	4969994
別口	4969993
白々し	4969992
飛び降	4969991
实	4969990
足がかり	4969989
离	4969988
朝会	4969987
是我	4969986
カワード	4969985
売血	4969984
quiet	4969983
スマトラ	4969982
関われ	4969981
たわい	4969980
挺	4969979
あららら	4969978
アレッヴ	4969977
お前ら	4969976
時勢	4969975
ヒスパニック	4969974
丸焼け	4969973
高橋	4969972
ペトリ	4969971
高跳び	4969970
peace	4969969
チラつ	4969968
どろ	4969967
モラリス	4969966
なごり雪	4969965
避	4969964
ヘニガン	4969963
ソーム	4969962
ハロ	4969961
外野	4969960
主炮	4969959
パーセク	4969958
浩実	4969957
赤面	4969956
セレーヤ	4969955
胎盤	4969954
逃せ	4969953
ロアーク	4969952
アルジェント	4969951
メラーク	4969950
トランジスタ	4969949
レーヴン	4969948
コクピット	4969947
只是	4969946
パイエラ	4969945
ガフニー	4969944
卜ン	4969943
チョキ	4969942
供え物	4969941
背任	4969940
私行	4969939
倒れ込	4969938
wybs	4969937
事話	4969936
ポーロ	4969935
オーライン	4969934
ケミカル	4969933
一生涯	4969932
痩せこけ	4969931
ルミエール	4969930
樹立	4969929
ふーむ	4969928
丸呑み	4969927
バギンズズ	4969926
敗血	4969925
super	4969924
ラモンソフ	4969923
ぐる	4969922
ウサ	4969921
大川	4969920
痛ぇ	4969919
母子	4969918
中座	4969917
諜	4969916
正月	4969915
兼任	4969914
来賓	4969913
ロッカウェイ	4969912
タジア	4969911
情状	4969910
オアフ	4969909
両人	4969908
惣	4969907
カラサール	4969906
藤本	4969905
こしち	4969904
悠長	4969903
バム	4969902
いっか	4969901
ナイロビ	4969900
レンジャーズ	4969899
てこず	4969898
香響	4969897
サラザー	4969896
羽田	4969895
リアクション	4969894
グリセルダ	4969893
憲雇	4969892
なじめ	4969891
スズメバチ	4969890
arts	4969889
よごれ	4969888
ぐず	4969887
紛らわし	4969886
うめえ	4969885
交霊	4969884
カイリー	4969883
物分かり	4969882
公だ	4969881
磁化	4969880
短小	4969879
日当	4969878
ハンレー	4969877
古着	4969876
紅葉	4969875
門戸	4969874
パリー	4969873
穴倉	4969872
昌皇め	4969871
隷浴	4969870
だっこ	4969869
キラッ	4969868
ステドマン	4969867
names	4969866
スチュワーデス	4969865
リズミカル	4969864
着目	4969863
ヤロ	4969862
ヌァーラ	4969861
クォン	4969860
ぎっしり	4969859
seals	4969858
イルサ	4969857
総代	4969856
ついつい	4969855
蘭子	4969854
元来	4969853
コーチス	4969852
戻め	4969851
ゴボウ	4969850
ままよ	4969849
セキュア	4969848
謹床	4969847
ジヨン	4969846
ようじ	4969845
ｋｏｓ	4969844
閑古	4969843
trebles	4969842
闊歩	4969841
決めちゃ	4969840
イクスタパ	4969839
ソリーナ	4969838
出処	4969837
ペナ	4969836
石臼	4969835
ラッカ	4969834
isis	4969833
目まい	4969832
はよ	4969831
ノバク	4969830
ルータ	4969829
増長	4969828
励め	4969827
naveed	4969826
餞別	4969825
遊歩	4969824
プレザント	4969823
懸垂	4969822
ボラ	4969821
ガウス	4969820
デーマ	4969819
ニャンざ	4969818
ジャンヌ	4969817
長野	4969816
定食	4969815
谷村	4969814
冨奮	4969813
ヵ毒	4969812
ａｖ	4969811
店主に	4969810
つき合わ	4969809
制定	4969808
クリフトン	4969807
バージー	4969806
ペンローズ	4969805
カタパルト	4969804
謹霞	4969803
ょぅて	4969802
ツルツル	4969801
しゃく	4969800
増進	4969799
引きづ	4969798
ずい分	4969797
ソリッド	4969796
骨片	4969795
マジカル	4969794
軟化	4969793
一物	4969792
丶丶	4969791
イルマ	4969790
諸刃	4969789
真利	4969788
シャット	4969787
振り下ろせ	4969786
奥地	4969785
道標	4969784
モササウルス	4969783
爪跡	4969782
過誤	4969781
悪戦	4969780
パンフ	4969779
入り用	4969778
若旦那	4969777
塩基	4969776
装弾	4969775
ブティック	4969774
感応	4969773
マクミラン	4969772
ヘイムダル	4969771
apart	4969770
トリ	4969769
多面	4969768
値打ち物	4969767
鉈	4969766
泣き止	4969765
運賃	4969764
野牛	4969763
魅入	4969762
ルウィン	4969761
ダントツ	4969760
續	4969759
入店	4969758
クラブル	4969757
謝意	4969756
モヤ	4969755
利息	4969754
免職	4969753
排便	4969752
萬	4969751
勅命	4969750
飛び級	4969749
諾	4969748
なご	4969747
lorne	4969746
絶体	4969745
打ち崩	4969744
抗弁	4969743
虫垂	4969742
オリエント	4969741
mama	4969740
さばく	4969739
クロマニヨン	4969738
ストアー	4969737
uav	4969736
フリスビー	4969735
陸橋	4969734
紅白	4969733
ずん	4969732
テレル	4969731
パンパン	4969730
定員	4969729
ずみ	4969728
楽観視	4969727
フィギュロア	4969726
取消	4969725
風邪薬	4969724
ライデル	4969723
cappella	4969722
固形	4969721
肩代わり	4969720
堆積	4969719
いたい	4969718
チェッ	4969717
聖体	4969716
発給	4969715
アレクサ	4969714
およ	4969713
猫背	4969712
ダネッシュ	4969711
セプター	4969710
狩り出	4969709
kc	4969708
疑似	4969707
軽口	4969706
ンだ	4969705
多才	4969704
やり損な	4969703
温和	4969702
ぞっこん	4969701
バタシー	4969700
振り下ろ	4969699
はずせ	4969698
ヒデー	4969697
淡	4969696
ほくろ	4969695
届出	4969694
イエイ	4969693
美謀	4969692
バンケット	4969691
beginning	4969690
墾召	4969689
うなずけ	4969688
カバノフ	4969687
巾	4969686
インテリジェント	4969685
アタリ	4969684
ドオ	4969683
カリノ	4969682
ケーガン	4969681
もっぱら	4969680
ヒューロン	4969679
禿蓋	4969678
グーラ	4969677
歪み	4969676
無声	4969675
ウィンチ	4969674
右隣	4969673
クソジジイ	4969672
昇華	4969671
騰盧	4969670
がえ	4969669
くどくど	4969668
プリクラ	4969667
蜃気	4969666
重心	4969665
コツコツ	4969664
狼煙	4969663
ブランケット	4969662
スプレンディッド	4969661
重篤	4969660
熱々	4969659
耐火	4969658
出帆	4969657
スパイラル	4969656
アムソー	4969655
瘢痕	4969654
md	4969653
パートナーシップ	4969652
スキージー	4969651
ゲッ	4969650
分かちあ	4969649
デザ	4969648
隣家	4969647
休会	4969646
ahh	4969645
買出し	4969644
勲	4969643
闘鶏	4969642
たんび	4969641
ムーガー	4969640
しっぺ	4969639
レクリエーション	4969638
孝行	4969637
ダクソス	4969636
きーずん	4969635
マッケンジー	4969634
ヴィセニア	4969633
神田	4969632
公会	4969631
胴元	4969630
粗相	4969629
北山	4969628
美香	4969627
ベサニー	4969626
サトウ	4969625
ブラームス	4969624
心当り	4969623
prove	4969622
語り部	4969621
トレントン	4969620
接地	4969619
flowers	4969618
たそがれ	4969617
needed	4969616
洗い物	4969615
ホーチミン	4969614
賃	4969613
鉢植え	4969612
カニン	4969611
聖器	4969610
スラッグ	4969609
ピンストライプ	4969608
レンテリア	4969607
追い抜	4969606
important	4969605
グラーネ	4969604
エクトプラズム	4969603
なえ	4969602
即応	4969601
法制	4969600
乳歯	4969599
門前	4969598
身寄り	4969597
コミュニスト	4969596
jpn	4969595
医局	4969594
サンデー	4969593
brac	4969592
低級	4969591
入団	4969590
ウェストチェスター	4969589
ノバスコシア	4969588
ペッグ	4969587
ジャケン	4969586
jingle	4969585
うぉー	4969584
ｍｈｚ	4969583
魚座	4969582
ブレイクス	4969581
随意	4969580
続出	4969579
補謹	4969578
keys	4969577
くらわせ	4969576
うんじや	4969575
新約	4969574
燃えさか	4969573
抱き締め	4969572
schwoat	4969571
極楽	4969570
アーミッシュ	4969569
カーサ	4969568
ぶち込め	4969567
褒賞	4969566
フール	4969565
耕作	4969564
弾数	4969563
夜更け	4969562
藍間	4969561
diggity	4969560
縄ミ麦	4969559
償還	4969558
なになに	4969557
ネビル	4969556
バッ	4969555
ラララ	4969554
スマーフ	4969553
シューベルト	4969552
畜	4969551
ワラワラ	4969550
ヴォン	4969549
scenes	4969548
頼み込	4969547
シャール	4969546
shore	4969545
今一	4969544
ちっこい	4969543
うあ	4969542
壊疽	4969541
帰属	4969540
クラスメイト	4969539
ヘルボーイ	4969538
考えなお	4969537
二人組	4969536
えんま	4969535
インターフェイス	4969534
言い表	4969533
赤目	4969532
防戦	4969531
戦乱	4969530
ビートルズ	4969529
against	4969528
更年	4969527
生まれつ	4969526
エルゴス	4969525
ごり	4969524
スカー	4969523
ゴネ	4969522
ラニスポート	4969521
ゾっ	4969520
でぇ	4969519
ロケータ	4969518
ネッシー	4969517
ドハエリス	4969516
本院	4969515
そうじ	4969514
やめろ	4969513
蒼白	4969512
鷲甕	4969511
イバラ	4969510
贈賄	4969509
へこま	4969508
ガツンと	4969507
ドーニー	4969506
装え	4969505
stream	4969504
デネ	4969503
よろめ	4969502
ひたひた	4969501
ウォルトン	4969500
ed	4969499
しのげ	4969498
ムハマド	4969497
突発	4969496
タグリオフェロ	4969495
バミューダ	4969494
デンタル	4969493
東棟	4969492
人件	4969491
成仏	4969490
鼻骨	4969489
縄跳び	4969488
両眼	4969487
kv	4969486
ベルゲン	4969485
毒牙	4969484
署言	4969483
ケヴァン	4969482
安宿	4969481
アルビオン	4969480
ウィーク	4969479
天敵	4969478
serve	4969477
イノベーション	4969476
くズォゝ	4969475
退勤	4969474
ワイ	4969473
コナ	4969472
匙ン	4969471
煎茶	4969470
とっと	4969469
リチャードソン	4969468
mdma	4969467
マウ	4969466
酪農	4969465
お出ましか	4969464
エクハート	4969463
スパイウェア	4969462
アーミン	4969461
もよう	4969460
コウロク	4969459
燻製	4969458
イエント	4969457
三郎	4969456
思わし	4969455
立会	4969454
羽音	4969453
ブローカ	4969452
掌中	4969451
cruise	4969450
誓い合	4969449
静まり返	4969448
神殺し	4969447
暴風	4969446
空き缶	4969445
防疫	4969444
あいて	4969443
キニック	4969442
惰性	4969441
バレンシア	4969440
コロッケ	4969439
アルカディ	4969438
危ぶ	4969437
奪い合い	4969436
ファルマン	4969435
ふだん	4969434
高鳴	4969433
ｍｉｔ	4969432
バズズ	4969431
stoddard	4969430
飼料	4969429
嘲	4969428
飾り立て	4969427
skin	4969426
op	4969425
gross	4969424
下線	4969423
otherwise	4969422
デコイ	4969421
孟忍め	4969420
類人	4969419
闘カ	4969418
フェミニスト	4969417
ブリストル	4969416
ワァー	4969415
身だしなみ	4969414
写メ	4969413
小部屋	4969412
一所	4969411
無菌	4969410
アアー	4969409
冥界	4969408
フェンタニル	4969407
ドキ	4969406
鉱	4969405
アイゼンガルド	4969404
持分	4969403
イジワル	4969402
マリアーノ	4969401
返り咲	4969400
アニ	4969399
一身	4969398
ブランチャード	4969397
コキ	4969396
シューラー	4969395
bc	4969394
機嫌い	4969393
ハラペーニョ	4969392
選り抜き	4969391
夜驚	4969390
たもと	4969389
扁桃	4969388
コルチゾール	4969387
ahead	4969386
マニアックス	4969385
マツィンガ	4969384
サンパウロ	4969383
凝縮	4969382
礼節	4969381
engine	4969380
ガルベストン	4969379
edge	4969378
切実	4969377
yours	4969376
sydney	4969375
ロッコ	4969374
しつもん	4969373
薬学	4969372
打ち首	4969371
奇抜	4969370
ブルペン	4969369
マンク	4969368
ドップラー	4969367
知りあい	4969366
離ればなれ	4969365
バルサ	4969364
明敏	4969363
モチロン	4969362
自活	4969361
んち	4969360
カチッ	4969359
っ早	4969358
しゆ	4969357
ゆうせ	4969356
less	4969355
choose	4969354
セスナ	4969353
コリア	4969352
昇天	4969351
present	4969350
かざ	4969349
かつけ	4969348
罹筐	4969347
ほほほ	4969346
下馬	4969345
出遅れ	4969344
スピードウェイ	4969343
wondering	4969342
暴漢	4969341
フェット	4969340
榎戸	4969339
寝転	4969338
猩猩	4969337
ヌート	4969336
寝取	4969335
ダビング	4969334
オーム	4969333
ミスメイ	4969332
セオフィラス	4969331
仕切り直	4969330
ボールドウィン	4969329
手軽	4969328
器械	4969327
抱き	4969326
ユーユ	4969325
みその	4969324
憎み	4969323
生き急	4969322
ノージ	4969321
扇世	4969320
ポンチ	4969319
修繕	4969318
茜昆	4969317
ぷり	4969316
巴ぇ	4969315
詩集	4969314
標語	4969313
流域	4969312
ソラノ	4969311
清々し	4969310
レージン	4969309
窮	4969308
っ取	4969307
合気	4969306
そつち	4969305
ゴルーボフ	4969304
舞駄	4969303
やせっぽち	4969302
ただれ	4969301
デオドラント	4969300
共食	4969299
苗鼻	4969298
丸め込	4969297
ふー	4969296
ざらし	4969295
斑	4969294
リベリア	4969293
謂れ	4969292
ゼリデス	4969291
画鋲	4969290
ハイゼンベルグ	4969289
弾込め	4969288
草の根	4969287
ひょっこり	4969286
ヒス	4969285
ばくち	4969284
カーターボー	4969283
はたら	4969282
ノロ	4969281
そなえ	4969280
屁理屈	4969279
マーキン	4969278
シューター	4969277
陰毛	4969276
ージム	4969275
トード	4969274
モーフィン	4969273
record	4969272
旧型	4969271
境地	4969270
先史	4969269
クラッパー	4969268
わずら	4969267
感付	4969266
やっべ	4969265
図体	4969264
洋弼	4969263
ティスベ	4969262
凍てつ	4969261
預から	4969260
開門	4969259
ひな	4969258
ぞくぞく	4969257
ネイター	4969256
ちカ	4969255
発て	4969254
区切り	4969253
斜路	4969252
イカダ	4969251
ばかし	4969250
優越	4969249
ペッケム	4969248
対気	4969247
謎解き	4969246
た闘	4969245
セーヌ	4969244
サルバーティ	4969243
職責	4969242
仰々し	4969241
堆肥	4969240
矢じり	4969239
アニーヨ	4969238
義雄	4969237
イリヤ	4969236
ニーチェ	4969235
左下	4969234
待ちわび	4969233
メーレ	4969232
パンテレイ	4969231
絵空事	4969230
ヒイ	4969229
三叉	4969228
ウィルコックス	4969227
へーえ	4969226
払いのけ	4969225
金ピカ	4969224
めげ	4969223
先陣	4969222
ケイマン	4969221
御行	4969220
余力	4969219
ジェレマイア	4969218
寮母	4969217
寄せ付け	4969216
gnic	4969215
コレンジック	4969214
買春	4969213
耽	4969212
吹っ	4969211
褻	4969210
中堅	4969209
ライヘン	4969208
コナン	4969207
カボ	4969206
怪	4969205
ベスタ	4969204
しずま	4969203
誓雪ヱ	4969202
フレンズ	4969201
ガレー	4969200
更け	4969199
どろどろ	4969198
まも	4969197
祭日	4969196
ジャバディ	4969195
得て	4969194
アラジン	4969193
ひけらか	4969192
原野	4969191
読み解	4969190
テディベア	4969189
hide	4969188
思いきり	4969187
レナルド	4969186
リコール	4969185
入り浸	4969184
汚泥	4969183
芳し	4969182
りっこ	4969181
ルター	4969180
心象	4969179
静養	4969178
家訓	4969177
ひっかき傷	4969176
イーナー	4969175
やつね	4969174
孫息子	4969173
キツツキ	4969172
啓蒙	4969171
一美し	4969170
カーマント	4969169
透析	4969168
こわれ	4969167
同人	4969166
バンス	4969165
覧	4969164
バーナシー	4969163
執り行	4969162
しなび	4969161
病変	4969160
ビッドウェル	4969159
ゴルディー	4969158
向き合い	4969157
サルトリウス	4969156
柔	4969155
クッソー	4969154
バスケズ	4969153
ならい	4969152
スタイリッシュ	4969151
ジェントルマン	4969150
ズー	4969149
整脈	4969148
狼娘	4969147
倦怠	4969146
奮	4969145
different	4969144
ウニ	4969143
つきあわせ	4969142
除名	4969141
箱入り	4969140
洗い流せ	4969139
流派	4969138
テーブルクロス	4969137
はっは	4969136
クロンボ	4969135
目先	4969134
握りつぶ	4969133
アップグレイド	4969132
キャブレター	4969131
木立	4969130
ブラディモア	4969129
エプスタイン	4969128
ちぎ	4969127
ハナル	4969126
召し物	4969125
シャイア	4969124
オスラー	4969123
本店	4969122
実子	4969121
ナーム	4969120
アンニョンハセヨ	4969119
逸話	4969118
追従	4969117
チョングッ	4969116
うだ	4969115
クロスター	4969114
チェリ	4969113
ロムルス	4969112
引っ張り出	4969111
大局	4969110
我国	4969109
暑笥	4969108
童壷	4969107
エチル	4969106
訴状	4969105
れえの	4969104
刈り	4969103
ひょうきん	4969102
小路	4969101
サール	4969100
park	4969099
焉言	4969098
拍	4969097
カーナビ	4969096
輪っか	4969095
先天	4969094
様相	4969093
タイピスト	4969092
肉眼	4969091
マリアム	4969090
マニラ	4969089
清浄	4969088
ナビゲーター	4969087
ギムリ	4969086
東山	4969085
favorite	4969084
ウェルス	4969083
sms	4969082
クリ	4969081
nfl	4969080
パーデンツ	4969079
クチ	4969078
かたじけな	4969077
漂着	4969076
ライド	4969075
ウォチット	4969074
バークリー	4969073
クラバー	4969072
コモドール	4969071
内視	4969070
エヌ	4969069
生皮	4969068
高架	4969067
ザーノス	4969066
ノイマン	4969065
象形	4969064
イネ	4969063
マグネット	4969062
パフォーマー	4969061
判例	4969060
くもり	4969059
むっつり	4969058
冤藝	4969057
石碑	4969056
あらー	4969055
黒衣	4969054
磁器	4969053
寝首	4969052
退頭	4969051
重ん	4969050
サルバドール	4969049
そそっかし	4969048
力フ	4969047
方力	4969046
壁旛	4969045
仮病	4969044
のしもべ	4969043
登り詰め	4969042
アーバー	4969041
ジグザグ	4969040
ゲルマニア	4969039
ああぁ	4969038
主退	4969037
虫圭	4969036
威信	4969035
カーツウェル	4969034
呑気	4969033
キムチ	4969032
ブルータス	4969031
smile	4969030
誘き寄せ	4969029
胸椎	4969028
王ヲ	4969027
ベルヌーイ	4969026
つう	4969025
米ソ	4969024
こみ	4969023
ごたごた	4969022
イヤホーン	4969021
コナーズ	4969020
才年	4969019
まさかね	4969018
エヴェリン	4969017
卑屈	4969016
ネゴシエーター	4969015
侮蔑	4969014
絶交	4969013
イゴ	4969012
フーバータス	4969011
kilo	4969010
セラミック	4969009
skype	4969008
れど	4969007
オムライス	4969006
大出世	4969005
総出	4969004
退化	4969003
繰	4969002
イノセンス	4969001
整合	4969000
フォークリフト	4968999
軟	4968998
り所	4968997
波ぁ	4968996
オルテガ	4968995
僧院	4968994
ベッカム	4968993
卻	4968992
一段	4968991
清々	4968990
ヘー	4968989
カバラ	4968988
サルベージ	4968987
偶	4968986
貸付	4968985
時効	4968984
まな	4968983
加	4968982
撃ちぬ	4968981
クチャ	4968980
激減	4968979
察官	4968978
嗎	4968977
フィネガン	4968976
直列	4968975
士族	4968974
救い出せ	4968973
チヨン	4968972
有機体	4968971
バイヤーズ	4968970
ハザラ	4968969
ようす	4968968
ウキア	4968967
ジャララバード	4968966
胸躍	4968965
神々し	4968964
サディ	4968963
腹側	4968962
掘り起こし	4968961
ほろ苦	4968960
食用	4968959
掌紋	4968958
アポーン	4968957
壮絶	4968956
刊行	4968955
トレーラ	4968954
オグルヴィ	4968953
がてら	4968952
行きつ	4968951
エンターキー	4968950
ブズカシ	4968949
下士官	4968948
ふ化	4968947
プラド	4968946
マロ	4968945
バウンド	4968944
瞭然	4968943
同姓	4968942
話合い	4968941
りゅう	4968940
着火	4968939
カナ	4968938
後ろ手	4968937
terra	4968936
ねつ造	4968935
マカ	4968934
かめ	4968933
イソ	4968932
ホルマリン	4968931
ニコルソン	4968930
無能力	4968929
密着	4968928
メテオ	4968927
黒色	4968926
泥まみれ	4968925
エニス	4968924
グリフィス	4968923
渦中	4968922
團	4968921
ケアリー	4968920
駆け上が	4968919
巡り会え	4968918
サンフェルナンド	4968917
ヴァイキング	4968916
ガルバトリックス	4968915
シグマ	4968914
ざら	4968913
ホレンベック	4968912
attorney	4968911
暗黙	4968910
pa	4968909
シュレディンガー	4968908
トランクス	4968907
ムジャヒディン	4968906
仰げ	4968905
dui	4968904
ツンボ	4968903
つたわ	4968902
さだめ	4968901
諦めちゃ	4968900
こつち	4968899
あす	4968898
神谷	4968897
艶	4968896
品格	4968895
横道	4968894
モトクロス	4968893
寝転が	4968892
鱒	4968891
出兵	4968890
バクナー	4968889
復	4968888
やあね	4968887
つくせ	4968886
シェイズ	4968885
頑張れ	4968884
分かれ道	4968883
口づけ	4968882
憩い	4968881
ダイナード	4968880
コブラー	4968879
大麦	4968878
ウオルマート	4968877
ジャーケン	4968876
レムコバ	4968875
マイダス	4968874
おんぶ	4968873
捨て身	4968872
詰め寄	4968871
マシード	4968870
ミッタ	4968869
ケントン	4968868
たらふく	4968867
さつき	4968866
ケネデイ	4968865
ブルカ	4968864
イケナ	4968863
ガビー	4968862
スタイヴェサント	4968861
オクタヴィウス	4968860
酸欠	4968859
帆船	4968858
高まり	4968857
傷めつけ	4968856
大猫	4968855
がってん	4968854
詫	4968853
佐	4968852
寶毒	4968851
メロー	4968850
ボナパルト	4968849
瞼	4968848
がわし	4968847
スロベニア	4968846
毛糸	4968845
勢揃い	4968844
入城	4968843
イア	4968842
梁	4968841
おのの	4968840
もぐら	4968839
リッチマン	4968838
人聞	4968837
ラビ	4968836
購	4968835
トリッパ	4968834
本隊	4968833
こしらえ	4968832
ボールト	4968831
エドリントン	4968830
材質	4968829
貸し付け	4968828
作製	4968827
あばずれ女	4968826
ペンバートン	4968825
サイファ	4968824
漢方	4968823
vdevnik	4968822
さあおいで	4968821
低位	4968820
ウジ	4968819
初回	4968818
ましょ	4968817
好評	4968816
年俸	4968815
オートマタ	4968814
ティラノサウルス	4968813
samba	4968812
テレポーテーション	4968811
クシ	4968810
モンテネグロ	4968809
クリーバー	4968808
引き下げ	4968807
色分け	4968806
カーツマン	4968805
コミット	4968804
カプーア	4968803
時覚え	4968802
イーニッド	4968801
見抜き	4968800
某所	4968799
キンラン	4968798
凶行	4968797
震	4968796
afis	4968795
オトボ	4968794
ひととき	4968793
オクテイ	4968792
ギヨーム	4968791
喪服	4968790
だぶん	4968789
エシュロン	4968788
脊髄液	4968787
ほら覧	4968786
かみつ	4968785
大丈	4968784
国営	4968783
プロポフォール	4968782
いちゃ	4968781
メリエス	4968780
都度	4968779
スピル	4968778
さばけ	4968777
猊下	4968776
後添	4968775
覆せ	4968774
舞い込	4968773
ｊｊ	4968772
ニュアンス	4968771
こだま	4968770
アリーシャ	4968769
ワイワイ	4968768
ラトビア	4968767
決取	4968766
胃腸	4968765
餅	4968764
名曲	4968763
誤射	4968762
さと	4968761
ヒッチコック	4968760
november	4968759
本場	4968758
farge	4968757
ろっか	4968756
airport	4968755
受給	4968754
nyu	4968753
chicago	4968752
スターン	4968751
フックス	4968750
ラポイント	4968749
サボり	4968748
ハギンズ	4968747
レミ	4968746
ネプチューン	4968745
ずきん	4968744
ロザレス	4968743
グライダー	4968742
プレゼンテーション	4968741
談判	4968740
テナー	4968739
白線	4968738
edited	4968737
ボギー	4968736
チラッ	4968735
バラクーダ	4968734
langemore	4968733
rodney	4968732
吊し	4968731
風鈴	4968730
ルウ	4968729
モチ	4968728
流れだ	4968727
メッカ	4968726
コントール	4968725
ゴス	4968724
herr	4968723
アルコット	4968722
順当	4968721
生き写し	4968720
千本	4968719
さわやか	4968718
メド	4968717
忌憚	4968716
振り落と	4968715
寝そべ	4968714
holler	4968713
パーティション	4968712
孔子	4968711
引き摺	4968710
オーガ	4968709
アンカレッジ	4968708
group	4968707
マライカ	4968706
とりとめ	4968705
愚	4968704
ティルダ	4968703
モーセ	4968702
端子	4968701
aa	4968700
コラージュ	4968699
使途	4968698
風力	4968697
鞭打	4968696
ミヒャエル	4968695
カトキン	4968694
病死	4968693
乗っけ	4968692
生育	4968691
納入	4968690
レディファースト	4968689
そこと	4968688
レンボック	4968687
無味	4968686
アナトール	4968685
フローリアナ	4968684
仮設	4968683
海里	4968682
社用	4968681
トルティーヤ	4968680
日曜日	4968679
皺	4968678
先取り	4968677
ｐｒ	4968676
レトルト	4968675
水場	4968674
ゆりかご	4968673
蔡	4968672
たんじ	4968671
セリン	4968670
フリップ	4968669
アーシュラ	4968668
大洋	4968667
フフン	4968666
たどりつ	4968665
つまみ出せ	4968664
排卵	4968663
氷冠	4968662
ゲーテ	4968661
カマタ	4968660
ワイミー	4968659
全壊	4968658
囁き合	4968657
居候	4968656
ストックトン	4968655
絶世	4968654
掃射	4968653
ハラ	4968652
クレバス	4968651
フェントレス	4968650
fax	4968649
リトアニア	4968648
sa	4968647
手堅	4968646
seal	4968645
聴か	4968644
枷	4968643
斉唱	4968642
bullshit	4968641
愉しみ	4968640
ｗｒｂ	4968639
賛歌	4968638
hal	4968637
シクサイ	4968636
起こり	4968635
シェーファー	4968634
若気	4968633
抜刀斎	4968632
フーリー	4968631
枯ら	4968630
償却	4968629
ああぁぁ	4968628
コルサ	4968627
アラカ	4968626
コーディネーター	4968625
キャスツ	4968624
まが	4968623
シムコ	4968622
ベラル	4968621
カスタマー	4968620
なーん	4968619
頻発	4968618
アネット	4968617
謀議	4968616
アドベンチャー	4968615
病みつき	4968614
実破	4968613
トリアージ	4968612
酒乱	4968611
born	4968610
反目	4968609
引き際	4968608
駅前	4968607
cp	4968606
しがらみ	4968605
キーナン	4968604
油田	4968603
boolah	4968602
緋村	4968601
芙	4968600
折り紙	4968599
ありさ	4968598
ファルカシュ	4968597
doradora	4968596
ゲーザ	4968595
積乱雲	4968594
触感	4968593
ハルロ	4968592
得れ	4968591
政敵	4968590
ガルケス	4968589
天の	4968588
スエット	4968587
取りあげ	4968586
カーティク	4968585
逆子	4968584
タランティーノ	4968583
圧勝	4968582
トランスミッション	4968581
不可思議	4968580
彼奴	4968579
steroids	4968578
ファウヌス	4968577
ニューリン	4968576
老若	4968575
スカイライン	4968574
ハナ	4968573
マンドン	4968572
オバ	4968571
バイブレーター	4968570
スラー	4968569
ウィッシャー	4968568
金鉱	4968567
ロプサン	4968566
クラビウス	4968565
ラクエル	4968564
取り締ま	4968563
インターパス	4968562
硬膜	4968561
ラリッサ	4968560
噴き出	4968559
確	4968558
充	4968557
パーレイ	4968556
乗り降り	4968555
切り込	4968554
イピクレス	4968553
多彩	4968552
briefcase	4968551
看取	4968550
婿	4968549
名前付け	4968548
打ちだ	4968547
イサク	4968546
オセアニック	4968545
鍾	4968544
親達	4968543
じたばた	4968542
joy	4968541
台北	4968540
フラフープ	4968539
はかな	4968538
てんとう	4968537
織	4968536
潮流	4968535
馬鹿め	4968534
隣町	4968533
dumbledore	4968532
吹き荒れ	4968531
hogsmeade	4968530
ハイヤ	4968529
親善	4968528
花崗	4968527
凍ら	4968526
ぇえ	4968525
ラーナー	4968524
産み	4968523
量販	4968522
話し込	4968521
繰返	4968520
ニム	4968519
ばちか	4968518
doubt	4968517
老兵	4968516
エッソス	4968515
コルビー	4968514
リアンナ	4968513
スフ	4968512
真昼	4968511
めかし	4968510
usa	4968509
攫	4968508
アンドルーズ	4968507
空耳	4968506
ブラッドベリ	4968505
日当たり	4968504
颯爽	4968503
リハビリテーション	4968502
打率	4968501
次ぎ	4968500
消し去れ	4968499
大食	4968498
り手	4968497
スナガニ	4968496
きつけ	4968495
ビーク	4968494
璧	4968493
luna	4968492
ヴェスタ	4968491
倉科	4968490
押し売	4968489
仕切れ	4968488
カマーチョ	4968487
シャイリーン	4968486
carrows	4968485
見込め	4968484
ねたみ	4968483
端的	4968482
肩章	4968481
学芸	4968480
ヴァストラル	4968479
ジャイルス	4968478
充血	4968477
memories	4968476
エルコ	4968475
魚占	4968474
鳥語	4968473
出陣	4968472
活き	4968471
ゼペット	4968470
病め	4968469
さしあげ	4968468
ヘーレ	4968467
頑な	4968466
愛嬌	4968465
pour	4968464
イヤーッ	4968463
怖じ	4968462
gryffindor	4968461
白クマ	4968460
ポツダム	4968459
イーマン	4968458
サラウンド	4968457
機甲	4968456
海王	4968455
攫童	4968454
父神	4968453
霊屋	4968452
スタメル	4968451
イマジネーション	4968450
浄罪	4968449
母娘	4968448
官憲	4968447
用品	4968446
榴	4968445
トライベッカ	4968444
ﾊｰﾏｲｱﾆ	4968443
女狐	4968442
hermione	4968441
翌年	4968440
尿道	4968439
卒倒	4968438
しらん	4968437
興	4968436
rules	4968435
よん	4968434
遺失	4968433
やりくり	4968432
funk	4968431
家計	4968430
はか	4968429
とっ捕まえ	4968428
来ん	4968427
raise	4968426
ねた	4968425
遺骸	4968424
ソト	4968423
喧騒	4968422
アバカ	4968421
あがれ	4968420
らえ	4968419
藩	4968418
鍵屋	4968417
訳せ	4968416
民枝	4968415
目の敵	4968414
パルティア	4968413
執政官	4968412
学食	4968411
ヒグエラ	4968410
オルフェウス	4968409
拘引	4968408
トゥユー	4968407
見せ所	4968406
当地	4968405
引きこ	4968404
逝け	4968403
ahah	4968402
少林	4968401
レギュレーター	4968400
金长	4968399
取っ	4968398
わんこっちゃ	4968397
swing	4968396
元旦	4968395
eeh	4968394
アステカ	4968393
フィンレイ	4968392
シェービング	4968391
funky	4968390
必至	4968389
ディヴィッド	4968388
受けとめ	4968387
セクシュアリティ	4968386
アヴリル	4968385
媚び	4968384
しずく	4968383
チンポコ	4968382
サラトガ	4968381
エディンバラ	4968380
ガレン	4968379
マルボルジ	4968378
守銭	4968377
癒せ	4968376
漆	4968375
ケイデンス	4968374
ぶつぶつ	4968373
ダルタニアン	4968372
挟み撃ち	4968371
チョロイ	4968370
黄疸	4968369
パタパタ	4968368
概略	4968367
見逃し	4968366
段差	4968365
べったり	4968364
ノストラダムス	4968363
rx	4968362
気付か	4968361
ネガイヲ	4968360
熾烈	4968359
波だ	4968358
ベイリス	4968357
ブラジャー	4968356
amo	4968355
もてあま	4968354
bingbang	4968353
難関	4968352
格上	4968351
inimicum	4968350
repello	4968349
ビユン	4968348
ハアハア	4968347
duri	4968346
大もうけ	4968345
廃車	4968344
fianto	4968343
ゴミ袋	4968342
叩き出せ	4968341
アウトドア	4968340
一目散	4968339
請い	4968338
台頭	4968337
マーレー	4968336
ょう	4968335
vocalizing	4968334
実利	4968333
我家	4968332
佐渡	4968331
ファンティーヌ	4968330
ting	4968329
さびれ	4968328
スコーピオン	4968327
サス	4968326
表札	4968325
持込	4968324
かくれ	4968323
ラブリィ	4968322
エウリュステウス	4968321
えい	4968320
現職	4968319
神齔	4968318
懐柔	4968317
つけ加え	4968316
突っかか	4968315
tang	4968314
むずむず	4968313
やま	4968312
くさい	4968311
突き当り	4968310
ドンナー	4968309
ニヤニヤ	4968308
wallawalla	4968307
カウベル	4968306
ベッシー	4968305
コズロフ	4968304
臨店	4968303
クルクル	4968302
ロントフテビェアウ	4968301
剥ぎ	4968300
出立	4968299
tous	4968298
ne	4968297
parle	4968296
隠れ里	4968295
り込	4968294
焼肉	4968293
ペク	4968292
窓枠	4968291
ブラディ	4968290
モッキングジェイ	4968289
宗祐	4968288
allow	4968287
タニア	4968286
チュッ	4968285
丶声	4968284
呪術	4968283
わさわさ	4968282
毅然	4968281
尖塔	4968280
謝り	4968279
ありゃあ	4968278
デミドフ	4968277
直球	4968276
これー	4968275
抱きかかえ	4968274
フンッ	4968273
麦わら	4968272
カリスト	4968271
正攻	4968270
道士	4968269
うねり	4968268
シゴ	4968267
カース	4968266
ほざく	4968265
真っ平	4968264
ーま	4968263
ステッキ	4968262
一緖	4968261
クッ	4968260
ブラッグ	4968259
公使	4968258
アルフィー	4968257
昨今	4968256
討伐	4968255
bound	4968254
掘り	4968253
逆立ち	4968252
オーゥ	4968251
かき分け	4968250
居屋	4968249
羅針	4968248
とどろ	4968247
物見つけ	4968246
ヒトデ	4968245
あし	4968244
bbq	4968243
大腸	4968242
シュナイダー	4968241
筋書	4968240
藤田	4968239
ガバト	4968238
格段	4968237
ケド	4968236
アンジ	4968235
寶吉	4968234
押入れ	4968233
起きれ	4968232
火鉢	4968231
辟	4968230
ブリッジス	4968229
管旬	4968228
さながら	4968227
ヅ	4968226
ナマコ	4968225
渡鴉	4968224
サリン	4968223
シケ	4968222
ぺギー	4968221
ヵら	4968220
早足	4968219
恥骨	4968218
吊り上げ	4968217
ck	4968216
ニューラル	4968215
眼前	4968214
面子	4968213
体形	4968212
創世	4968211
平手	4968210
やめてー	4968209
重き	4968208
榊	4968207
トロル	4968206
懲り懲り	4968205
上辺	4968204
やくそく	4968203
熱弁	4968202
デンプスター	4968201
前足	4968200
こぞ	4968199
長袖	4968198
クズミン	4968197
サテュルス	4968196
飾り物	4968195
いらっ	4968194
ロース	4968193
ダイム	4968192
勝ち組	4968191
ピグラム	4968190
christ	4968189
おっかね	4968188
横綱	4968187
いらだ	4968186
饅頭	4968185
スウィッチ	4968184
貴国	4968183
地べた	4968182
こき	4968181
アナキスト	4968180
おちつ	4968179
フジ	4968178
転がり落ち	4968177
モハベ	4968176
号泣	4968175
さァ	4968174
分光	4968173
スパーリング	4968172
速め	4968171
メディック	4968170
梁子	4968169
フラッコ	4968168
南端	4968167
減税	4968166
オラフ	4968165
なさい	4968164
申しわけ	4968163
piece	4968162
すわれ	4968161
おいやめ	4968160
貞節	4968159
ヴァイオラ	4968158
危急	4968157
センチュリオン	4968156
至宝	4968155
坪	4968154
バルター	4968153
一群	4968152
女心	4968151
ヒンズー	4968150
背広	4968149
スーザ	4968148
低迷	4968147
ブチ抜	4968146
hcg	4968145
オバケ	4968144
南進	4968143
トラスト	4968142
鷹獣	4968141
駄え	4968140
やみくも	4968139
破砕	4968138
油山	4968137
バカッ	4968136
麦肖	4968135
書き上げ	4968134
ウオッチ	4968133
グラフトン	4968132
定ま	4968131
すくめ	4968130
ホーソーン	4968129
押し掛け	4968128
バネッサ	4968127
もちかけ	4968126
ルーファー	4968125
左之助	4968124
悔	4968123
グレ	4968122
アーケード	4968121
ふか	4968120
低音	4968119
ぶったまげ	4968118
着ぐるみ	4968117
レヴィ	4968116
流し台	4968115
ダートリッヒ	4968114
用達	4968113
受け売り	4968112
ガードレール	4968111
falls	4968110
食い殺	4968109
返り	4968108
別館	4968107
バルディ	4968106
沈殿	4968105
船籍	4968104
ジェー	4968103
チーメ	4968102
アホウ	4968101
当てこす	4968100
暗喩	4968099
こフ	4968098
男娼	4968097
ぜん丿	4968096
包め	4968095
銀次	4968094
カントス	4968093
マゼンタ	4968092
婚礼	4968091
冥府	4968090
道沿い	4968089
ウィチタ	4968088
当て付け	4968087
がむしゃら	4968086
餐童	4968085
ユウコ	4968084
盃	4968083
いちゃいちゃ	4968082
突茎	4968081
亢	4968080
実錬	4968079
ソノマ	4968078
隔たり	4968077
不義	4968076
ウーラ	4968075
カモシカ	4968074
くり返	4968073
ラバレード	4968072
ギルロイ	4968071
bueno	4968070
大白猿	4968069
grey	4968068
コイト	4968067
タパス	4968066
持株	4968065
ライフライン	4968064
堕ろ	4968063
えこ	4968062
カテゴリ	4968061
在職	4968060
gray	4968059
寒が	4968058
真鍮	4968057
工兵	4968056
巽	4968055
alpha	4968054
バレンズ	4968053
遼太郎	4968052
ことき	4968051
はけ口	4968050
人名	4968049
ぁフさり	4968048
摩天	4968047
ニューカッ	4968046
ドロー	4968045
絶壁	4968044
ヒヤ	4968043
箇条	4968042
麻衣子	4968041
閉じれ	4968040
木枠	4968039
断崖	4968038
空羞	4968037
ヾイ卜	4968036
初戦	4968035
こゐ	4968034
眼科	4968033
モードレイク	4968032
いっせー	4968031
翔太	4968030
書簡	4968029
チヤゴ	4968028
ァ丿	4968027
たんじょう	4968026
先遣	4968025
敢	4968024
屈め	4968023
ふくれ	4968022
シャキッと	4968021
碧カ	4968020
ダフィー	4968019
度肝	4968018
ょけ	4968017
格下	4968016
認めん	4968015
里ニ	4968014
轢き殺	4968013
フェニル	4968012
付合	4968011
turned	4968010
たんなる	4968009
侍女	4968008
ヤラカ	4968007
フォイル	4968006
ひとくち	4968005
甘言	4968004
シャンテリー	4968003
日増し	4968002
ホーミー	4968001
横向き	4968000
絵筆	4967999
竿	4967998
揚子	4967997
江	4967996
教習	4967995
関わり合い	4967994
ヒスイ	4967993
ファームウェア	4967992
閉	4967991
多種	4967990
父祖	4967989
艦船	4967988
ｒｐｇ	4967987
思いき	4967986
ヤベェ	4967985
噛みしめ	4967984
講和	4967983
規準	4967982
酒代	4967981
ｙｅｓ	4967980
ール	4967979
強運	4967978
川床	4967977
みなし	4967976
ロミー	4967975
まさぐ	4967974
ゴゴ	4967973
終生	4967972
ファスナー	4967971
ストークス	4967970
ティーポット	4967969
クワンティコ	4967968
べラ	4967967
ランダース	4967966
rp	4967965
持ち手	4967964
チュデスキ	4967963
ノールズ	4967962
技巧	4967961
なしめ	4967960
灰燼	4967959
ダラ	4967958
バリバリ	4967957
テルアビブ	4967956
レソア	4967955
カラクリ	4967954
ホッジズ	4967953
インキュ	4967952
漏えい	4967951
身支度	4967950
ヘーゼル	4967949
組み合	4967948
のみぞ	4967947
話よ	4967946
db	4967945
だらけだ	4967944
ファイリング	4967943
有線	4967942
預かっ	4967941
患部	4967940
巡航	4967939
どじ	4967938
アフ	4967937
アリアドネ	4967936
ハッカ	4967935
コリアンダー	4967934
ローリンズダム	4967933
岩室	4967932
マキン	4967931
死斑	4967930
高坂	4967929
丶寒	4967928
ローソク	4967927
顎ひげ	4967926
たぶんこの	4967925
繋ぎとめ	4967924
閉塞	4967923
サウサンプトン	4967922
ローザンヌ	4967921
冊子	4967920
chipmunks	4967919
先ん	4967918
ゴールドン	4967917
事望	4967916
タッド	4967915
ウイーン	4967914
収まり	4967913
ウェー	4967912
ホーキンズ	4967911
ルシャフ	4967910
縫いつけ	4967909
冷え込	4967908
アルハラージ	4967907
しゃぶり	4967906
存亡	4967905
聖下	4967904
随行	4967903
小舟	4967902
貞操	4967901
離散	4967900
袖口	4967899
除幕	4967898
ドープ	4967897
紅花	4967896
メガヘルツ	4967895
面影	4967894
中野	4967893
日照り	4967892
ゾルダ	4967891
差額	4967890
デネーリス	4967889
呼び掛け	4967888
达	4967887
聞き役	4967886
生まれ変われ	4967885
イエース	4967884
在这	4967883
ドブス	4967882
送り状	4967881
稜	4967880
macross	4967879
カチカチ	4967878
怒号	4967877
つるつる	4967876
クヨクヨ	4967875
complicated	4967874
クラカワー	4967873
フツー	4967872
雪崩	4967871
senator	4967870
カジャ	4967869
降服	4967868
水桶	4967867
屍体	4967866
スムース	4967865
ビクタ	4967864
したて	4967863
謳歌	4967862
白兵戦	4967861
ワイングラス	4967860
転げ	4967859
転げ回	4967858
骗人	4967857
グラスマン	4967856
ｓｕｂ	4967855
お好み焼き	4967854
オシ	4967853
アナーキー	4967852
激発	4967851
バックベイ	4967850
ベタ	4967849
hood	4967848
上前	4967847
でかすか	4967846
itself	4967845
オルゴール	4967844
knock	4967843
米国民	4967842
右前	4967841
メディ	4967840
食わ	4967839
オンタリオ	4967838
振り向か	4967837
とつとつ	4967836
うつぶせ	4967835
副菜	4967834
胸肉	4967833
テンプルトン	4967832
試用	4967831
イルミネーション	4967830
ヨーコ	4967829
運気	4967828
ウィーラー	4967827
フォンク	4967826
リンリン	4967825
確たる	4967824
ゆとり	4967823
塩辛	4967822
苦悶	4967821
なだ	4967820
どんより	4967819
ナリ	4967818
シルヴィ	4967817
耳持	4967816
メイランド	4967815
マイクスチューベン	4967814
再四	4967813
同名	4967812
帯状	4967811
ピーチョイド	4967810
おやめ	4967809
インベスターズ	4967808
シク	4967807
修練	4967806
シェイナ	4967805
パーション	4967804
イカレタ	4967803
ニカラグア	4967802
マリガン	4967801
myhr	4967800
立修	4967799
っぺ	4967798
当主	4967797
終端	4967796
しがみつけ	4967795
ふりだし	4967794
マクリ	4967793
チンパンジー	4967792
分かり合え	4967791
ポーティス	4967790
アールード	4967789
がっつ	4967788
離隊	4967787
骨癌	4967786
受け容れ	4967785
ジュエリー	4967784
でけぇ	4967783
ぼっ	4967782
えつ	4967781
カシオペア	4967780
突ルこ	4967779
草刈	4967778
ウリヌン	4967777
さじ	4967776
からま	4967775
バカラ	4967774
デュワー	4967773
モーリ	4967772
あべこべ	4967771
貴局	4967770
冥董	4967769
丶津	4967768
コット	4967767
重弩	4967766
塞言	4967765
fatum	4967764
iungebit	4967763
男魂	4967762
わーナ	4967761
全校	4967760
丿ミ麦	4967759
join	4967758
behg	4967757
シラけ	4967756
ずぶぬれ	4967755
両里	4967754
りりし	4967753
皇蔑	4967752
査堂	4967751
bat	4967750
モリエール	4967749
貴子	4967748
試供	4967747
祝え	4967746
ヴァレンタイン	4967745
主菫	4967744
エグ	4967743
厚し	4967742
ベイヤード	4967741
クロッカー	4967740
コヘー	4967739
ベルモント	4967738
アセ	4967737
インゲン	4967736
豊穣	4967735
ぐすり	4967734
れも	4967733
bluddy	4967732
壽ね	4967731
プレシディオ	4967730
心掛け	4967729
うわごと	4967728
バスーン	4967727
ペンザンス	4967726
ケール	4967725
ターガリエン	4967724
チャミング	4967723
凍え死に	4967722
釈	4967721
つきっきり	4967720
ヤンス	4967719
ソナタ	4967718
ロレッタ	4967717
ぱくっ	4967716
千載	4967715
一遇	4967714
釣竿	4967713
ベンガル	4967712
フロンド	4967711
ベルグレン	4967710
奢り	4967709
聖ニ	4967708
うすうす	4967707
エルトン	4967706
の丈	4967705
完敗	4967704
曹司	4967703
寝泊り	4967702
小箱	4967701
レオーネ	4967700
抑留	4967699
めぐみ	4967698
略語	4967697
ケニヤ	4967696
上役	4967695
ダカール	4967694
風前	4967693
駆け回	4967692
サンティーノ	4967691
壷襄	4967690
幼子	4967689
叡	4967688
見ず	4967687
頭髪	4967686
なにごと	4967685
削岩	4967684
ヤメろ	4967683
どうそ	4967682
ぶっきらぼう	4967681
抱え上げ	4967680
弾か	4967679
車列	4967678
wyth	4967677
downal	4967676
減給	4967675
靄謹	4967674
独り占め	4967673
ヘルズ	4967672
カラバサン	4967671
操車	4967670
銃持	4967669
秀	4967668
電磁気	4967667
ローフリン	4967666
請け	4967665
mirror	4967664
ブレイカー	4967663
パラレル	4967662
クリーデンス	4967661
クデナシ	4967660
gi	4967659
古参	4967658
監衝	4967657
降臨	4967656
モーファー	4967655
尋	4967654
クリアン	4967653
甕菱	4967652
保冷	4967651
払わ	4967650
泊まれ	4967649
ヒマワリ	4967648
ラクガキ	4967647
吹っかけ	4967646
ポクポク	4967645
ワガママ	4967644
財閥	4967643
ちい	4967642
挿謹	4967641
サヤ	4967640
漏れ出	4967639
つぐな	4967638
コレクト	4967637
國惑雪	4967636
仔犬	4967635
毒蘆	4967634
うぶ	4967633
しゅ	4967632
ニューエデン	4967631
脳死	4967630
ドロゴン	4967629
ｊｇ	4967628
設営	4967627
居室	4967626
シュルマン	4967625
愛馬	4967624
金脈	4967623
相乗	4967622
星芒	4967621
岱	4967620
賓	4967619
善ぅ	4967618
盃ープ	4967617
プエルト	4967616
雇い入れ	4967615
ぜんそく	4967614
ジェニス	4967613
ステンレス	4967612
ンク	4967611
陀仏	4967610
カルリジアン	4967609
ハダカ	4967608
壺球	4967607
クソ暑	4967606
すり傷	4967605
糞ったれ	4967604
腎	4967603
でー	4967602
ずんざ	4967601
トリム	4967600
鉤爪	4967599
ハマス	4967598
水牛	4967597
アングラー	4967596
さあー	4967595
ピレネー	4967594
陽炎	4967593
歯抜け	4967592
んン	4967591
drive	4967590
なと	4967589
ホルス	4967588
茗焉	4967587
論じ	4967586
ot	4967585
ラチェット	4967584
トドメ	4967583
すれすれ	4967582
渡り合	4967581
芋言	4967580
クライキー	4967579
排尿	4967578
焼き払え	4967577
ホノルル	4967576
darling	4967575
祟嘉量	4967574
老眼	4967573
テレ	4967572
買い出し	4967571
勾配	4967570
全周	4967569
寝心地	4967568
ram	4967567
マグレガー	4967566
触り	4967565
ライジェル	4967564
産卵	4967563
つたな	4967562
ラロ	4967561
爽やか	4967560
名犬	4967559
ユルングール	4967558
ビンニ	4967557
抉り出	4967556
牛飼い	4967555
ハープーン	4967554
ティグラー	4967553
オディシー	4967552
軋	4967551
ob	4967550
こゴ	4967549
ヘスケス	4967548
アツリ	4967547
奈々	4967546
裕樹	4967545
アップグレイ	4967544
やみつき	4967543
ロイテマン	4967542
トイ	4967541
鴉	4967540
苔	4967539
ハバード	4967538
水星	4967537
鼻孔	4967536
ぬけだ	4967535
ヨッヘン	4967534
ミューア	4967533
ブラス	4967532
ペチャクチャ	4967531
グランパ	4967530
はれ	4967529
ティーアン	4967528
文太	4967527
スコンスタンティン	4967526
安価	4967525
潜舵	4967524
raid	4967523
イワシ	4967522
カンタベリー	4967521
久保田	4967520
戻ら	4967519
貞淑	4967518
刈り込み	4967517
今居	4967516
フィネキー	4967515
藤野	4967514
あざやか	4967513
重り	4967512
ヨーヨー	4967511
恵美	4967510
行商人	4967509
レースカー	4967508
パセリ	4967507
振り上げ	4967506
ピティ	4967505
ブースト	4967504
ドライビング	4967503
エンジェルス	4967502
宝山	4967501
さた	4967500
ワイロン	4967499
田所	4967498
ponkichi	4967497
モルタル	4967496
サカタ	4967495
漆喰	4967494
ミスティーク	4967493
起用	4967492
小林	4967491
胴衣	4967490
配役	4967489
クロケット	4967488
まァ	4967487
バビロニア	4967486
诵	4967485
水遊び	4967484
ドーベルマン	4967483
つづき	4967482
湖水	4967481
徴発	4967480
マクフライ	4967479
雲隠れ	4967478
allait	4967477
tout	4967476
刈入れ	4967475
エフィ	4967474
フッ化	4967473
暫らく	4967472
しょー	4967471
評	4967470
バドワイザー	4967469
bow	4967468
うば	4967467
インディアナポリス	4967466
じょー	4967465
グレイビー	4967464
simplement	4967463
クレッグ	4967462
わぁぁ	4967461
ｆｉ	4967460
じょ	4967459
ベラヴィスタ	4967458
ピプシー	4967457
タートルネック	4967456
ひっこめ	4967455
あばれ	4967454
クシング	4967453
セイント	4967452
film	4967451
映え	4967450
スネル	4967449
巡り会	4967448
カルデン	4967447
助走	4967446
戸別	4967445
青沼	4967444
国交	4967443
ミステリアス	4967442
international	4967441
オケー	4967440
auf	4967439
ゲリー	4967438
野干	4967437
操船	4967436
たけし	4967435
ためし	4967434
行きずり	4967433
トンチキ	4967432
分遣	4967431
なよ	4967430
陳列	4967429
裏面	4967428
曝	4967427
シャレル	4967426
ラボー	4967425
モーズ	4967424
形容	4967423
ヘイグ	4967422
atp	4967421
マトン	4967420
ああしろ	4967419
アルハム	4967418
ドゥリラ	4967417
蔚山	4967416
ゲットー	4967415
乞い	4967414
うああ	4967413
うあああ	4967412
碇	4967411
看過	4967410
ヒョンドゥ	4967409
セトナム	4967408
オバラ	4967407
窓側	4967406
セラ	4967405
happiness	4967404
茶碗	4967403
でけ	4967402
落馬	4967401
伴奏	4967400
nail	4967399
レーダ	4967398
ヴェール	4967397
何せ	4967396
いづれ	4967395
すっこ	4967394
示談	4967393
growing	4967392
思い残	4967391
幼年	4967390
ベンクティ	4967389
たまり	4967388
昼過ぎ	4967387
まもる	4967386
アゴラ	4967385
大聖堂	4967384
朝顔	4967383
酸っぱ	4967382
ユキオ	4967381
ギルド	4967380
いやね	4967379
テイスト	4967378
麻婆	4967377
ウェーク	4967376
エクスト	4967375
下回	4967374
ノル	4967373
トイダリア	4967372
グレル	4967371
小難し	4967370
豹変	4967369
シプロ	4967368
うあああああ	4967367
ボゴタ	4967366
キリマンジャロ	4967365
グライド	4967364
quick	4967363
データーベース	4967362
蛇滑	4967361
はいれ	4967360
鬱憤	4967359
バロール	4967358
tuned	4967357
まがい	4967356
エキスパンダー	4967355
しゃあ	4967354
フェロー	4967353
改ま	4967352
フュリオ	4967351
海老	4967350
ベートーヴェン	4967349
両得	4967348
education	4967347
co	4967346
ひづめ	4967345
白虎	4967344
minute	4967343
銅山	4967342
ソーリー	4967341
ハムラ	4967340
流感	4967339
カタギ	4967338
スヴァルバード	4967337
錠破り	4967336
ワリントン	4967335
発泡	4967334
スチーブン	4967333
ボナンザ	4967332
めでとう	4967331
唖然	4967330
白亜	4967329
メナム	4967328
虫除け	4967327
抜本	4967326
インスタント	4967325
だらけさ	4967324
ウォッチング	4967323
帝大	4967322
宝船	4967321
ロッキング	4967320
こっか	4967319
lana	4967318
とばっちり	4967317
単調	4967316
復汰	4967315
ブリクストン	4967314
カルル	4967313
ジフェンヒドラミン	4967312
ウェッソン	4967311
たどりつけ	4967310
ファイティング	4967309
帰着	4967308
盗みだ	4967307
レクチャー	4967306
マンスフィールド	4967305
語学	4967304
オペ	4967303
sunshine	4967302
張力	4967301
mountains	4967300
週給	4967299
持ち掛け	4967298
そりゃぁ	4967297
ひとかけら	4967296
ひとにぎり	4967295
物覚え	4967294
ルーベン	4967293
間抜けめ	4967292
当校	4967291
討つ	4967290
背伸び	4967289
ルーペ	4967288
洋美	4967287
バウマン	4967286
重火器	4967285
茶入れ	4967284
みん	4967283
du	4967282
押し入れ	4967281
bon	4967280
ボッド	4967279
見透か	4967278
フォーマット	4967277
イビーサ	4967276
オモロ	4967275
ae	4967274
パラッゾ	4967273
喫	4967272
アッシャー	4967271
エンリコ	4967270
ラインアップ	4967269
プレシアド	4967268
うわあー	4967267
口移し	4967266
フレデリクス	4967265
マティガン	4967264
チャップリン	4967263
マンティス	4967262
昼メロ	4967261
過熱	4967260
年明け	4967259
キャーキャー	4967258
ヘイウッド	4967257
おさらば	4967256
ディジー	4967255
カルチャー	4967254
忍び足	4967253
あぶれ	4967252
キャラッツ	4967251
プロテスタント	4967250
レーシング	4967249
カメネコ	4967248
オクト	4967247
じた	4967246
差異	4967245
寝酒	4967244
ナイトキャップ	4967243
yangs	4967242
船着	4967241
ゆで	4967240
キックス	4967239
夜番	4967238
ふるま	4967237
パイレーツ	4967236
空路	4967235
ハインリッヒ	4967234
パップスメア	4967233
トーンズ	4967232
紡ぎ	4967231
おべんちゃら	4967230
父母	4967229
シナロア	4967228
密造	4967227
高次	4967226
ロカビリー	4967225
アメジスト	4967224
ジャックマン	4967223
ルートビア	4967222
dumb	4967221
のさば	4967220
ira	4967219
外資	4967218
まんまだ	4967217
ガンズ	4967216
エヘヘ	4967215
リーフェンシュタール	4967214
目通り	4967213
気概	4967212
カフ	4967211
エスパー	4967210
ニュースキャスター	4967209
doa	4967208
なんぼ	4967207
ジェッツ	4967206
エクソン	4967205
ふため	4967204
驚け	4967203
にゃんこ	4967202
ｎｒｔ	4967201
高嶺	4967200
弁え	4967199
ウォーリア	4967198
サルトル	4967197
poor	4967196
テメエ	4967195
騒げ	4967194
ぶっ続け	4967193
ウキウキ	4967192
湧き水	4967191
子竜	4967190
絵葉書	4967189
氷解	4967188
伺い	4967187
推移	4967186
瓶詰め	4967185
ゼノバイト	4967184
オーッ	4967183
心意	4967182
耐えれ	4967181
おび	4967180
じゃあと	4967179
皮剥ぎ	4967178
聞き違い	4967177
茶漬け	4967176
ふくらま	4967175
冷水	4967174
数体	4967173
スメグ	4967172
bgm	4967171
アルフリッド	4967170
ヴィダル	4967169
テクノ	4967168
ジャッジメント	4967167
ゼー	4967166
圧制	4967165
ネスター	4967164
聞き返	4967163
深遠	4967162
オイス	4967161
マッカートニー	4967160
全船	4967159
フェルチャー	4967158
逃げ帰	4967157
地盤	4967156
店名	4967155
グセ	4967154
ポリオ	4967153
ギルティ	4967152
定規	4967151
消しゴム	4967150
アーシー	4967149
キャブ	4967148
クエーサー	4967147
サラミ	4967146
ホエイ	4967145
カンクン	4967144
キラル	4967143
肌触り	4967142
きつく	4967141
なまぐさ	4967140
開胸	4967139
ままごと	4967138
神出	4967137
夏目	4967136
鑑別	4967135
弊社	4967134
バーサ	4967133
あっちゃ	4967132
身重	4967131
クトゥーゾフ	4967130
ヘルファイヤー	4967129
すんごく	4967128
バルク	4967127
熱情	4967126
カップリング	4967125
クレイズ	4967124
ガブ	4967123
虚弱	4967122
ホッ	4967121
クジミーチ	4967120
ガルジウロ	4967119
whore	4967118
ふふふ	4967117
いつも	4967116
かくせ	4967115
ぶしつけ	4967114
ブローダス	4967113
ピシー	4967112
腿	4967111
じゅ	4967110
坂道	4967109
スタメッツ	4967108
満たし	4967107
当てはめ	4967106
鬼没	4967105
振り返り	4967104
おのずと	4967103
引き抜き	4967102
口蓋	4967101
proper	4967100
未踏	4967099
帰る	4967098
ぐるっ	4967097
マイクロン	4967096
解けれ	4967095
ヤツめ	4967094
木こり	4967093
戸籍	4967092
故国	4967091
dieu	4967090
操艦	4967089
クローク	4967088
読み直	4967087
きこり	4967086
ドリン	4967085
寝返り	4967084
詐取	4967083
ねらい	4967082
胆嚢	4967081
手ほどき	4967080
嫡男	4967079
いつくし	4967078
ロンポック	4967077
しつ	4967076
ハンネ	4967075
醜聞	4967074
まだら	4967073
畑仕事	4967072
川下り	4967071
デュッセルドルフ	4967070
滅相	4967069
シュヴァルツ	4967068
ファズ	4967067
血眼	4967066
坐骨	4967065
ロマンチスト	4967064
rf	4967063
デーウ	4967062
共演	4967061
セントルシア	4967060
気負	4967059
しかめ面	4967058
サハブ	4967057
ジョッキ	4967056
山積	4967055
過密	4967054
巻き戻し	4967053
いこ	4967052
荷馬車	4967051
分際	4967050
ゴールポスト	4967049
モヒカン	4967048
畏ま	4967047
lv	4967046
度量	4967045
マラサン	4967044
試掘	4967043
五輪	4967042
ルミナーラ	4967041
リニューアル	4967040
うんん	4967039
兵卒	4967038
ナク	4967037
酋長	4967036
明示	4967035
フィストー	4967034
type	4967033
近日	4967032
クス	4967031
ウォンバット	4967030
アンドレジア	4967029
敗走	4967028
ジョバンニ	4967027
ガットー	4967026
毛づくろい	4967025
マージー	4967024
キャティ	4967023
ぶち殺	4967022
便宜	4967021
ゴルファー	4967020
暴虐	4967019
うず	4967018
カンパイ	4967017
ウイドウ	4967016
焼きもち	4967015
ソフ	4967014
かかっ	4967013
デュオ	4967012
軽やか	4967011
ザビエル	4967010
キャンデー	4967009
なさっ	4967008
目ざと	4967007
続けれ	4967006
あわさ	4967005
ランボ	4967004
ｍｅｒｔ	4967003
上記	4967002
投げ込め	4967001
面汚し	4967000
ちやが	4966999
世帯	4966998
残渣	4966997
ホウレン	4966996
レイトン	4966995
checked	4966994
丸裸	4966993
割り切れ	4966992
半狂乱	4966991
野蒔	4966990
ラズール	4966989
菫垣	4966988
ラゾール	4966987
てめー	4966986
wide	4966985
ストリーミング	4966984
縄請	4966983
悪ど	4966982
よその	4966981
ガイウス	4966980
差し掛か	4966979
オロスコ	4966978
掛け持ち	4966977
びしょぬれ	4966976
雨乞い	4966975
重低	4966974
一邑	4966973
かる	4966972
立ち会え	4966971
ワグ	4966970
トモダチ	4966969
ケナン	4966968
奉納	4966967
三つ	4966966
水なし	4966965
驛啓ら	4966964
カサカサ	4966963
サッチャー	4966962
流木	4966961
julien	4966960
置董	4966959
噴て	4966958
ブルーベル	4966957
盟友	4966956
ヒーロ	4966955
請け合	4966954
イチカ	4966953
シック	4966952
ディオール	4966951
スケ	4966950
頻拍	4966949
ちょこ	4966948
あつらえ向き	4966947
フィリア	4966946
かり	4966945
落とし	4966944
ヾチカ	4966943
パナーシュ	4966942
唸り声	4966941
フェルナンデス	4966940
sitting	4966939
蛮族	4966938
シニード	4966937
沢	4966936
屋章	4966935
ドナヒュー	4966934
帳尻	4966933
thunder	4966932
上塗り	4966931
カテーテル	4966930
ff	4966929
ｃｃ	4966928
beg	4966927
こらしめ	4966926
transfer	4966925
挙式	4966924
関屋	4966923
んそう	4966922
置言	4966921
開通	4966920
退室	4966919
肉声	4966918
アルマンド	4966917
クァンタム	4966916
度合い	4966915
噴霧	4966914
ラバフ	4966913
おぉー	4966912
服毒	4966911
狼狽え	4966910
酎	4966909
モキシー	4966908
ひねり	4966907
気取りだ	4966906
其	4966905
否量	4966904
薯ーブ	4966903
ままるで	4966902
常温	4966901
断裂	4966900
ペストリー	4966899
罰則	4966898
おめめ	4966897
壮	4966896
鱚	4966895
西翼	4966894
プエブリート	4966893
シーザーズ	4966892
終わりだ	4966891
迫れ	4966890
テンバーガー	4966889
upstairs	4966888
愉し	4966887
手負い	4966886
水持	4966885
エドモンズ	4966884
ウイップ	4966883
今知	4966882
凋落	4966881
懲甦	4966880
かれん	4966879
タビー	4966878
バンダ	4966877
冨カ	4966876
science	4966875
ガーリック	4966874
必勝	4966873
ロドルフォ	4966872
キク	4966871
transferred	4966870
羊毛	4966869
seek	4966868
ハーミソン	4966867
顔出	4966866
タンザニア	4966865
巡業	4966864
赤痢	4966863
救いだ	4966862
ガエル	4966861
エレクトロ	4966860
ガラ空き	4966859
ひカ丶	4966858
おおむね	4966857
各局	4966856
真っ裸	4966855
棚上げ	4966854
繍	4966853
新橋	4966852
ヘロデ	4966851
あびる	4966850
刃衛	4966849
スキャパレリ	4966848
砲台	4966847
霊奔	4966846
在処	4966845
うちと	4966844
フィズ	4966843
スピリチュアル	4966842
キオスク	4966841
立ちすく	4966840
はちみつ	4966839
ドカ丶	4966838
ろくろ	4966837
震屋	4966836
いかせ	4966835
ステッチ	4966834
パビリオン	4966833
非力	4966832
ゼラチン	4966831
査惣	4966830
弧	4966829
空丶	4966828
まそ	4966827
飛人	4966826
いーえ	4966825
きの	4966824
琶弾	4966823
弾劾	4966822
全寛	4966821
桜田	4966820
逆刃	4966819
こやつ	4966818
オシロスコープ	4966817
しばし	4966816
手含	4966815
フレン	4966814
リカバリー	4966813
探り当て	4966812
ft	4966811
皇室	4966810
誉	4966809
マム	4966808
悟言	4966807
crashing	4966806
style	4966805
ボック	4966804
足指	4966803
ツィ	4966802
頭目	4966801
即決	4966800
罪名	4966799
しおき	4966798
活心	4966797
職種	4966796
パケット	4966795
エバリン	4966794
うっそー	4966793
維新	4966792
アンバランス	4966791
釣り場	4966790
急便	4966789
彗ー	4966788
手カ	4966787
ｄｇｌ	4966786
うっそ	4966785
ボルツ	4966784
扇巨	4966783
ラメ	4966782
casa	4966781
defense	4966780
揚々	4966779
オルト	4966778
串焼き	4966777
蹴落と	4966776
フラウ	4966775
惇れ	4966774
目覚し	4966773
求職	4966772
睾錬	4966771
流入	4966770
モーシャ	4966769
黙り込	4966768
阻め	4966767
追いこ	4966766
スディカ	4966765
ウェルカム	4966764
ツェッペリン	4966763
たため	4966762
ズズズ	4966761
鷹栖	4966760
失禁	4966759
レノルドス	4966758
師め	4966757
ベラベラ	4966756
口当たり	4966755
添加	4966754
メチヤクチヤ	4966753
セレスティン	4966752
ケレブ	4966751
ズブロフカ	4966750
ジァオ	4966749
死肉	4966748
うわつ	4966747
威	4966746
盗み取	4966745
寛げ	4966744
インプット	4966743
ボワ	4966742
バンコ	4966741
違う	4966740
アザミ	4966739
氷嚢	4966738
もぐり	4966737
gotham	4966736
goldenbeard	4966735
rich	4966734
徳川	4966733
ふさふさ	4966732
唆	4966731
幻聴	4966730
お主	4966729
テランス	4966728
gm	4966727
thirty	4966726
温情	4966725
ふれあい	4966724
課外	4966723
ひれ伏せ	4966722
車止め	4966721
不動	4966720
トランシルヴァニア	4966719
ベツレヘム	4966718
辛う	4966717
受注	4966716
crown	4966715
癪	4966714
オエッ	4966713
バブルス	4966712
全兵力	4966711
ガリー	4966710
フローズン	4966709
貢物	4966708
ヘルニア	4966707
椎間	4966706
問診	4966705
ちゃち	4966704
動クナ	4966703
ニワトコ	4966702
ドーナン	4966701
つがい	4966700
グアイマス	4966699
フェンリス	4966698
ナビド	4966697
浜美	4966696
露店	4966695
末尾	4966694
焼き肉	4966693
アバナシー	4966692
アルジェリア	4966691
キャメル	4966690
飛び乗り	4966689
パンプス	4966688
首切り	4966687
joking	4966686
イングルウッド	4966685
スナッチ	4966684
野生馬	4966683
図柄	4966682
ブルージョン	4966681
古めかし	4966680
霊気	4966679
果汁	4966678
山盛り	4966677
肉汁	4966676
じぁ	4966675
オマワリ	4966674
老衰	4966673
グリニッチ	4966672
ラブグッド	4966671
富め	4966670
レギュラス	4966669
石膏	4966668
今帰	4966667
切り株	4966666
under	4966665
ファヌー	4966664
チャニング	4966663
しょんべん	4966662
贈与	4966661
プールサイド	4966660
スクイッド	4966659
オストロウ	4966658
ルワンダ	4966657
アララ	4966656
箔	4966655
会報	4966654
灯油	4966653
詭弁	4966652
具現	4966651
蜜蝋	4966650
マブダチ	4966649
モイシェ	4966648
咆哮	4966647
クリスタ	4966646
アルヴィン	4966645
透かし	4966644
幽体	4966643
二者	4966642
スタテン	4966641
激務	4966640
ロディン	4966639
おっかし	4966638
取り直	4966637
動じ	4966636
グリッチ	4966635
アコーディオン	4966634
ぶっと	4966633
サテン	4966632
ソフトボール	4966631
ほな	4966630
要綱	4966629
錦野	4966628
船旅	4966627
びっこ	4966626
エイコ	4966625
あのぅ	4966624
戦慄	4966623
かぎまわ	4966622
ファーブ	4966621
アルタウッセ	4966620
のっと	4966619
コーブ	4966618
ネーザン	4966617
ドロボー	4966616
ブレッグ	4966615
アブドラ	4966614
口開け	4966613
ゆべし	4966612
いーや	4966611
しっくい	4966610
gay	4966609
秘策	4966608
フロ	4966607
礫	4966606
アウディ	4966605
ブリティッシュ	4966604
url	4966603
ボンバー	4966602
ブロディー	4966601
常備	4966600
ほう助	4966599
かしこも	4966598
広州	4966597
幸田	4966596
武具	4966595
ジェファース	4966594
irc	4966593
ボケカス	4966592
リミッツ	4966591
ぶらさが	4966590
ヴァイン	4966589
寓話	4966588
着こなし	4966587
予後	4966586
トラス	4966585
マナワ	4966584
百科	4966583
事典	4966582
サラング	4966581
ｰｰｰ	4966580
ピニャ	4966579
擦過	4966578
いせ	4966577
ゼック	4966576
メルケル	4966575
オレオレ	4966574
kaboom	4966573
頭数	4966572
マッドア	4966571
択一	4966570
ジェニ	4966569
薯え	4966568
丶手ゅ	4966567
善だ	4966566
前かがみ	4966565
ハッハッハッハッハ	4966564
巡ら	4966563
ブレイキング	4966562
ほらぁ	4966561
南出口	4966560
チューチュー	4966559
アカギ	4966558
シテル	4966557
驚ろ	4966556
イロイ	4966555
縦横	4966554
オット	4966553
碑撓	4966552
潜詮	4966551
亡麦	4966550
玉扈	4966549
是正	4966548
浮き沈み	4966547
玄海	4966546
tap	4966545
奇蹟	4966544
原っぱ	4966543
マズカ	4966542
キャリガン	4966541
詩編	4966540
北極圏	4966539
レジャ	4966538
ゴえ	4966537
ヴァーテロン	4966536
崖藻め	4966535
バーバンク	4966534
不仲	4966533
ぐにゃぐにゃ	4966532
ハインズ	4966531
望れ	4966530
パイオニア	4966529
オツム	4966528
反故	4966527
シィー	4966526
どんちゃん	4966525
成金	4966524
ドーモ	4966523
腰痛	4966522
バベル	4966521
がっぽり	4966520
永住	4966519
註蓋	4966518
カルー	4966517
打ち破れ	4966516
まニち	4966515
トレジャー	4966514
使節	4966513
アルジャーノン	4966512
立ち直り	4966511
憶病	4966510
逼迫	4966509
受諾	4966508
ガラパゴス	4966507
今季	4966506
符号	4966505
珠	4966504
ヘルスケア	4966503
聞き捨て	4966502
ファトゥヒバ	4966501
ち寮	4966500
秘か	4966499
通牒	4966498
先っぽ	4966497
丸つぶれ	4966496
焼き印	4966495
焼灼	4966494
コクレーン	4966493
肺がん	4966492
フィッギス	4966491
ロフティン	4966490
バートレイ	4966489
余罪	4966488
おとしめ	4966487
サンアンジェロ	4966486
ひそひそ	4966485
逐幡	4966484
エッセンス	4966483
続けざま	4966482
シャブ	4966481
うずくま	4966480
ホロクロン	4966479
ステューピ	4966478
ハグリッド	4966477
ディスパッチ	4966476
スケリット	4966475
ウィズリー	4966474
ヨゼフ	4966473
倒れこ	4966472
泣き顔	4966471
アンドロメダ	4966470
ダドリー	4966469
オヘア	4966468
奇行	4966467
ナガウスキー	4966466
置き土産	4966465
犬上	4966464
幡丶	4966463
ソリューションズ	4966462
危なっかし	4966461
商用	4966460
臆面	4966459
チャイニーズ	4966458
ディエム	4966457
オールデン	4966456
滑り込	4966455
手離	4966454
大公ノ	4966453
焼印	4966452
ごくつぶし	4966451
ドライマン	4966450
全文	4966449
ムラト	4966448
寄与	4966447
パナー	4966446
あたた	4966445
崩せ	4966444
呼び集め	4966443
出入口	4966442
ヾ二	4966441
退丿	4966440
主墨	4966439
敬具	4966438
マリヤ	4966437
ラドナー	4966436
愛読	4966435
ナツメグ	4966434
手掛け	4966433
通り名	4966432
じゆう	4966431
cbs	4966430
当機	4966429
プリサ	4966428
ガゼル	4966427
早熟	4966426
さくら	4966425
小分け	4966424
リゾット	4966423
いじらし	4966422
しつガ	4966421
ナル	4966420
レメク	4966419
难道	4966418
一袋	4966417
バシッ	4966416
シャク	4966415
なんつ	4966414
difficult	4966413
cars	4966412
カッピング	4966411
行星	4966410
バンッ	4966409
すりゃあ	4966408
周忌	4966407
ライディング	4966406
throat	4966405
鍵盤	4966404
曜日	4966403
瘻	4966402
あーっと	4966401
ランコ	4966400
オォォ	4966399
蜂獣	4966398
アバズレめ	4966397
果敢な	4966396
引導	4966395
茶会	4966394
ベター	4966393
改訂	4966392
画質	4966391
一説	4966390
personal	4966389
極刑	4966388
尚且つ	4966387
岩崎	4966386
うさ	4966385
ション	4966384
足あと	4966383
purge	4966382
ずーと	4966381
凵竇	4966380
ガレイン	4966379
引換え	4966378
クジャクジム	4966377
首なし	4966376
サバード	4966375
当夜	4966374
引き抜け	4966373
オルセン	4966372
pull	4966371
デッチあげ	4966370
エレベーターシャフト	4966369
己惚れ	4966368
グロウ	4966367
送検	4966366
アーキテック	4966365
フリッカー	4966364
そこな	4966363
新旧	4966362
確ガ	4966361
サンスーシ	4966360
ナザニエル	4966359
ギリガン	4966358
無根	4966357
上訴	4966356
回生	4966355
言いくるめ	4966354
castiel	4966353
エルドラド	4966352
刺傷	4966351
レストレイ	4966350
多動	4966349
ハンドブック	4966348
ordered	4966347
ニンブス	4966346
nurse	4966345
セントラ	4966344
聖油	4966343
冷気	4966342
あがき	4966341
箱船	4966340
ウィッター	4966339
たたず	4966338
メデューサ	4966337
アストン	4966336
別条	4966335
サプリ	4966334
erkigsnek	4966333
コラーダ	4966332
叢	4966331
ジャッド	4966330
ラヴィッチ	4966329
打ち殺	4966328
賞状	4966327
ssci	4966326
gunshot	4966325
スチロール	4966324
さざ波	4966323
ホバークラフト	4966322
ブルースカイ	4966321
カープ	4966320
本家	4966319
口利	4966318
トキシン	4966317
さがり	4966316
細断	4966315
生粋	4966314
一二	4966313
ｂｘｋ	4966312
マッキオン	4966311
cw	4966310
ウイリアムズ	4966309
グモ	4966308
スタバ	4966307
ブルゴーニュ	4966306
ペロン	4966305
柔術	4966304
ｳｸﾗｲﾅ	4966303
くみ	4966302
レムス	4966301
clicks	4966300
新兵器	4966299
シャーリィ	4966298
次いで	4966297
本領	4966296
ヤミ	4966295
ァプドラジヤン	4966294
対局	4966293
fate	4966292
週刊	4966291
ボイ	4966290
ジェネリカ	4966289
変種	4966288
ジンズ	4966287
役作り	4966286
ぷんぷん	4966285
ブロッキング	4966284
メンク	4966283
色彩	4966282
ダマラス	4966281
使いっ走り	4966280
ノコノコ	4966279
運任せ	4966278
angry	4966277
実情	4966276
郷里	4966275
ノッ	4966274
リーデル	4966273
ぬれぎぬ	4966272
バレンツァ	4966271
ケーギ	4966270
深酒	4966269
rid	4966268
こびりつ	4966267
造影	4966266
フィルビン	4966265
ジョリ	4966264
就業	4966263
下書き	4966262
ハンフリーズ	4966261
マージン	4966260
とんとん	4966259
バスティアーナ	4966258
リーヴス	4966257
アグイラ	4966256
給食	4966255
ナイメリア	4966254
ボトックス	4966253
持久	4966252
やれー	4966251
ハッハッハッハッ	4966250
ボッズ	4966249
ハゲワシ	4966248
ライヒ	4966247
ヘッ	4966246
ウェスティー	4966245
栄転	4966244
不信心	4966243
なみだ	4966242
difference	4966241
替	4966240
保温	4966239
スフレ	4966238
在籍	4966237
懐古	4966236
配水	4966235
狭苦し	4966234
目ー	4966233
鸠	4966232
メカニカル	4966231
ウェルカー	4966230
だまり	4966229
bubble	4966228
扁平	4966227
耆	4966226
酸味	4966225
悲運	4966224
ランドン	4966223
あっと	4966222
孤高	4966221
突っつ	4966220
ｓｏｓ	4966219
おうおう	4966218
心頭	4966217
ハーウィ	4966216
寝込み	4966215
ヒース	4966214
self	4966213
めっ	4966212
佐緒里	4966211
謝肉	4966210
アコニチン	4966209
ヒラメキ	4966208
ブレントウッド	4966207
サンデイ	4966206
マルゴー	4966205
コモディティー	4966204
美千子	4966203
キョロキョロ	4966202
じゃまるで	4966201
試め	4966200
ハデス	4966199
不覚	4966198
髪飾り	4966197
飯田	4966196
irgc	4966195
シェディング	4966194
走り回れ	4966193
譲り受け	4966192
革靴	4966191
沈み	4966190
虚構	4966189
引きかえ	4966188
振り出	4966187
ヤケクソ	4966186
胃痛	4966185
cute	4966184
祝辞	4966183
公職	4966182
テンパー	4966181
绝对	4966180
ジコ	4966179
ブローダー	4966178
突き進め	4966177
宮家	4966176
kills	4966175
ワイアード	4966174
集大成	4966173
天朝	4966172
ひんしゅく	4966171
驾	4966170
アストラル	4966169
anyway	4966168
キンシャサ	4966167
グウェンドリン	4966166
概ね	4966165
スクリーニング	4966164
要我	4966163
ーフェリックス	4966162
ウェストン	4966161
アヴェリィ	4966160
クレーク	4966159
アントワン	4966158
ちん	4966157
迎	4966156
南無	4966155
牟尼	4966154
上場	4966153
ゴンザ	4966152
取調	4966151
謎々	4966150
一遍	4966149
dnc	4966148
アンブッシュ	4966147
及第	4966146
取立て	4966145
手打ち	4966144
蝋	4966143
百聞	4966142
顛末	4966141
タピオ	4966140
ジュリオ	4966139
ギャツビー	4966138
ナルティ	4966137
那是	4966136
メイシー	4966135
定岡	4966134
往々	4966133
調ベ	4966132
scar	4966131
翡翠	4966130
シャンパート	4966129
昂	4966128
ただ事	4966127
スティーヴン	4966126
ネレク	4966125
ジョンジョン	4966124
ディックス	4966123
ホビー	4966122
エンバー	4966121
テリエ	4966120
サラス	4966119
見つめ直	4966118
テクノロジーズ	4966117
フロート	4966116
臨界	4966115
こし	4966114
キップリング	4966113
飛び抜け	4966112
コンチン	4966111
キャ	4966110
メアド	4966109
穢	4966108
マクリーン	4966107
ぁつ	4966106
不同	4966105
同好	4966104
ｻﾗ	4966103
changed	4966102
ベジミ	4966101
sarah	4966100
酒びたり	4966099
パタイ	4966098
ちげぇ	4966097
書き起こ	4966096
減点	4966095
いな	4966094
特等	4966093
saved	4966092
巾着	4966091
モチベーション	4966090
きわど	4966089
軍備	4966088
フラッグ	4966087
ワークショップ	4966086
網元	4966085
見守れ	4966084
横たえ	4966083
穀	4966082
anybody	4966081
ウェイファーラー	4966080
退路	4966079
左様	4966078
movie	4966077
コーポレーション	4966076
熱海	4966075
ボディル	4966074
江の	4966073
シャイニング	4966072
ロイアル	4966071
物欲	4966070
群がり	4966069
岩礁	4966068
タブチ	4966067
清楚	4966066
やりき	4966065
特番	4966064
問いつめ	4966063
用向き	4966062
年季	4966061
さかい	4966060
生姜	4966059
feed	4966058
巨悪	4966057
フレーバー	4966056
品評	4966055
寮長	4966054
ラッディガー	4966053
ガープ	4966052
在学	4966051
轍	4966050
ジャラーリ	4966049
ケルアック	4966048
掴み	4966047
心残り	4966046
うずうず	4966045
引継	4966044
ヘンレイ	4966043
ミスランス	4966042
final	4966041
鸞飼	4966040
被検	4966039
肇	4966038
チータ	4966037
クラッシック	4966036
果然	4966035
あなが	4966034
クリウス	4966033
ヘンズレー	4966032
attack	4966031
アロン	4966030
maids	4966029
呼び合	4966028
whimpering	4966027
奮い立た	4966026
薬瓶	4966025
稀有	4966024
皇族	4966023
文なし	4966022
パロアルト	4966021
原来	4966020
解き明かせ	4966019
掛けれ	4966018
サウスポー	4966017
わざ	4966016
グルーピー	4966015
ノバック	4966014
vain	4966013
ディオップ	4966012
触腕	4966011
パリッシュ	4966010
踵骨	4966009
体罰	4966008
カーレン	4966007
適役	4966006
ずばり	4966005
故買	4966004
捕まえれ	4966003
殺せよ	4966002
パピー	4966001
コウ	4966000
ボーグル	4965999
笑い物	4965998
抜粋	4965997
現住所	4965996
高木	4965995
ヾソコン	4965994
よべ	4965993
シーダー	4965992
ピュー	4965991
ローテク	4965990
ロズラン	4965989
敵共	4965988
ボンベイ	4965987
エホバ	4965986
ラモス	4965985
シトラス	4965984
サンヤ	4965983
sera	4965982
プーブリウス	4965981
ｂｋ	4965980
ギャングスター	4965979
次会	4965978
アデン	4965977
クリップス	4965976
ネイルズ	4965975
immundus	4965974
アブドゥル	4965973
ﾊ	4965972
生き抜け	4965971
プロップ	4965970
bows	4965969
産み出	4965968
拠地	4965967
絞り取	4965966
武術	4965965
立会い	4965964
見け	4965963
零度	4965962
珪藻	4965961
wings	4965960
涌	4965959
gallia	4965958
コンプリート	4965957
農奴	4965956
チュニジア	4965955
howling	4965954
アーネット	4965953
サピエンス	4965952
スプルース	4965951
コスタンティーニ	4965950
自演	4965949
驶	4965948
奴ら	4965947
丹念	4965946
マクレナン	4965945
顔立ち	4965944
间谍	4965943
アリィ	4965942
オハヨウ	4965941
サラルー	4965940
脋	4965939
emf	4965938
埋め込み	4965937
アドリアーノ	4965936
骗	4965935
ゼラー	4965934
課金	4965933
モーラン	4965932
地蔵	4965931
throw	4965930
こすり合わせ	4965929
セレナーデ	4965928
ジオラマ	4965927
鹿肉	4965926
セナ	4965925
いんちき	4965924
hills	4965923
微々	4965922
ズル賢	4965921
rr	4965920
ヴァレリ	4965919
エドモンド	4965918
トゥルーディー	4965917
若年	4965916
coat	4965915
環礁	4965914
汗水	4965913
mid	4965912
振り分け	4965911
mystery	4965910
パイザー	4965909
darkness	4965908
ロスモア	4965907
neck	4965906
ぶっ	4965905
仲違い	4965904
当り	4965903
走ら	4965902
ベンジ	4965901
屑鉄	4965900
たこ	4965899
呻	4965898
メイヒム	4965897
犬っころ	4965896
バンジョー	4965895
気づか	4965894
デンナム	4965893
雑踏	4965892
釘づけ	4965891
歯形	4965890
コスモ	4965889
パクストン	4965888
ノルマンディ	4965887
孩	4965886
アベンジャー	4965885
罰当たり	4965884
ブルグ	4965883
なぶり殺し	4965882
ヴァレー	4965881
danny	4965880
テールライト	4965879
ないし	4965878
頑強	4965877
スライダー	4965876
車番	4965875
誤診	4965874
さあや	4965873
助太刀	4965872
けろ	4965871
ダニング	4965870
プキプシ	4965869
真ん前	4965868
レイナルド	4965867
メータ	4965866
ブローニング	4965865
計らい	4965864
美食	4965863
悲	4965862
オズワルト	4965861
足りんな	4965860
ass	4965859
振りま	4965858
寝起き	4965857
プロット	4965856
ユウ	4965855
スターケル	4965854
オフィラス	4965853
喜ば	4965852
川下	4965851
留	4965850
jim	4965849
巣作り	4965848
ヒュドラ	4965847
ハワラ	4965846
しく	4965845
ワッカーズ	4965844
乱入	4965843
果たし	4965842
hisses	4965841
成敗	4965840
水際	4965839
ぬかす	4965838
伝授	4965837
means	4965836
クラッスス	4965835
堤	4965834
レクィント	4965833
妙技	4965832
ごめんさ	4965831
破局	4965830
踏んづけ	4965829
膨らみ	4965828
ｒａｔ	4965827
難産	4965826
タホ	4965825
ふさぎ込	4965824
興業	4965823
独り立ち	4965822
娼婦め	4965821
災	4965820
出来心	4965819
より分け	4965818
助長	4965817
ヤラせ	4965816
婉曲	4965815
ポンチョ	4965814
デット	4965813
甲殻	4965812
製鉄	4965811
せろ	4965810
くくり	4965809
本艦	4965808
排せつ	4965807
分位	4965806
諦めん	4965805
likely	4965804
ｕｆｏ	4965803
キアヌ	4965802
不届き	4965801
ｓｅｘ	4965800
フランチャイズ	4965799
ガッポリ	4965798
立ち戻	4965797
継げ	4965796
コミ	4965795
ケリック	4965794
ブど	4965793
アラルゴン	4965792
wheel	4965791
快活	4965790
イリル	4965789
ひき肉	4965788
レッカーズ	4965787
マレーネ	4965786
最多	4965785
トレド	4965784
エミネム	4965783
オシリス	4965782
ニッコリ	4965781
malfoy	4965780
パパラッチ	4965779
ホッツトレイテン	4965778
curse	4965777
深紅	4965776
神曲	4965775
コスモス	4965774
ｼｳﾞﾁｮｸ	4965773
余談	4965772
名残惜し	4965771
食らわせ	4965770
ガメ	4965769
タペストリー	4965768
エルビン	4965767
霊柩	4965766
上皮	4965765
ライマン	4965764
湧き上が	4965763
ほだ	4965762
ザーメン	4965761
强	4965760
ヴェンザ	4965759
jvc	4965758
belong	4965757
スペルマン	4965756
ダイヤウルフ	4965755
受	4965754
魔道	4965753
砲手	4965752
荷揚げ	4965751
モーリン	4965750
バラダ	4965749
骨付き	4965748
後ろ向き	4965747
責め立て	4965746
hours	4965745
もうけっこう	4965744
恨みっ	4965743
bellatrix	4965742
机上	4965741
チューニング	4965740
長話	4965739
暮し	4965738
弓手	4965737
gimme	4965736
porn	4965735
ダンド	4965734
敗訴	4965733
信じこま	4965732
ダイナム	4965731
足踏み鳴ら	4965730
無記名	4965729
ニクト	4965728
ヘーエン	4965727
タレ込	4965726
turning	4965725
テルミン	4965724
嫌々	4965723
モレル	4965722
テリブル	4965721
cage	4965720
仔牛	4965719
説法	4965718
ファード	4965717
輸液	4965716
耳たぶ	4965715
ゼミナール	4965714
ばかね	4965713
ならし	4965712
吹き付け	4965711
オキシコドン	4965710
ろぉ	4965709
張り巡ら	4965708
頓着	4965707
ミニスター	4965706
アテンション	4965705
おしっこし	4965704
かよ	4965703
女のコ	4965702
句点	4965701
クーガー	4965700
rather	4965699
寝かし	4965698
スケープゴート	4965697
クライスラー	4965696
蛋白	4965695
ハッスル	4965694
フィスト	4965693
艦上	4965692
アンドリ	4965691
乃木坂	4965690
ぐら	4965689
ママゴト	4965688
エルウェイ	4965687
雨戸	4965686
talked	4965685
抜き取り	4965684
マッコード	4965683
張り替え	4965682
lapd	4965681
急騰	4965680
フェンウェイ	4965679
ああだ	4965678
取戻せ	4965677
ケロイド	4965676
雷雲	4965675
セフレ	4965674
行く先	4965673
穴場	4965672
土建	4965671
ターホー	4965670
駆け足	4965669
巡り合わせ	4965668
サウスカロライナ	4965667
オセロ	4965666
ストッダード	4965665
tox	4965664
あんしん	4965663
ビグルス	4965662
パップ	4965661
シビック	4965660
覇権	4965659
フォートワース	4965658
リーマン	4965657
トランザム	4965656
トレモン	4965655
set	4965654
エリサ	4965653
入廷	4965652
diadem	4965651
ナッシュビル	4965650
リッジウッド	4965649
ぶち破	4965648
mq	4965647
エッグス	4965646
ひかり	4965645
ポーティ	4965644
少なめ	4965643
fellow	4965642
水浴び	4965641
rowena	4965640
ぬかり	4965639
ギャムジー	4965638
ナズグル	4965637
勘付	4965636
思いだせ	4965635
america	4965634
打ち出	4965633
清聴	4965632
墓掘	4965631
トーレス	4965630
ラヒム	4965629
ベント	4965628
africa	4965627
変れ	4965626
いから	4965625
ボグダノフ	4965624
りく	4965623
んーと	4965622
ジャンニ	4965621
ズラか	4965620
くさび	4965619
人称	4965618
歩め	4965617
ベッタリ	4965616
緊密	4965615
勤ま	4965614
ひりひり	4965613
アレース	4965612
酒好き	4965611
ベーブ	4965610
陰茎	4965609
とり上げ	4965608
デメオ	4965607
火液	4965606
州外	4965605
引き立	4965604
そぎ	4965603
薬室	4965602
ぶち当た	4965601
那首	4965600
時聞	4965599
鉄製	4965598
うそっぱち	4965597
玛	4965596
動乱	4965595
羅	4965594
imaginary	4965593
ラズロー	4965592
連れ子	4965591
谷底	4965590
複	4965589
性根	4965588
口腔	4965587
画素	4965586
アオミドロ	4965585
シーラッハ	4965584
漢王朝	4965583
最早	4965582
鳥かご	4965581
議定	4965580
ラミー	4965579
sharp	4965578
bay	4965577
間欠	4965576
虫男	4965575
提訴	4965574
ウオーッ	4965573
殺風景	4965572
代号	4965571
土屋	4965570
フラストレーション	4965569
刷新	4965568
surgeon	4965567
カイダ	4965566
オサマ	4965565
横山	4965564
ジンバブエ	4965563
ﾓｻﾄﾞ	4965562
ボンゴー	4965561
来生	4965560
ネリネ	4965559
リカード	4965558
へつら	4965557
ハンプトンズ	4965556
ベンド	4965555
ブラディー	4965554
スコップ	4965553
卵子	4965552
よろけ	4965551
トービー	4965550
尊守	4965549
mossad	4965548
unit	4965547
公用	4965546
見張りだ	4965545
し上げ	4965544
いぶり出	4965543
アアッ	4965542
歩き回り	4965541
ペンギンズ	4965540
ワイアー	4965539
怒鳴り散ら	4965538
ネヴァダ	4965537
ナラ	4965536
scoffs	4965535
エックス	4965534
ブリット	4965533
パラメータ	4965532
ピッツ	4965531
molly	4965530
地層	4965529
揚げ物	4965528
逃げ込め	4965527
ダウンズ	4965526
カステルチオ	4965525
アナグマ	4965524
渡せよ	4965523
壁門	4965522
さまだ	4965521
コロシアム	4965520
みさえ	4965519
点心	4965518
スラッガー	4965517
リピート	4965516
焦ら	4965515
スライサー	4965514
アラム	4965513
ディオニシス	4965512
key	4965511
クラリシー	4965510
とまど	4965509
きらびやか	4965508
stupid	4965507
漬十郎	4965506
血生臭	4965505
exist	4965504
愛用	4965503
銅線	4965502
荒げ	4965501
シンデュラ	4965500
日直	4965499
bag	4965498
ミネーター	4965497
テラファー	4965496
おびき	4965495
マッピング	4965494
ドルーズ	4965493
エセ	4965492
アリク	4965491
signore	4965490
报	4965489
被写	4965488
ふんふん	4965487
グイド	4965486
職長	4965485
跳ば	4965484
取り逃	4965483
くべ	4965482
まざる	4965481
丶女	4965480
こんがらが	4965479
ベロベロ	4965478
激痛	4965477
湿布	4965476
握り合	4965475
きゅう	4965474
ボーデン	4965473
ライバック	4965472
姉弟	4965471
マーブ	4965470
リドカイン	4965469
nah	4965468
ヘヘ	4965467
レギオン	4965466
白目	4965465
あわわ	4965464
rose	4965463
友保	4965462
着き	4965461
アクティベート	4965460
hugo	4965459
lucky	4965458
weeping	4965457
笨蛋	4965456
ふえ	4965455
葛	4965454
乏居	4965453
flies	4965452
カーディナル	4965451
最终	4965450
ツ木	4965449
とりどり	4965448
ワーキング	4965447
also	4965446
秋葉原	4965445
act	4965444
ソローシュ	4965443
産婆	4965442
軒下	4965441
教材	4965440
クリベッジ	4965439
遁走	4965438
繕	4965437
lots	4965436
コンピューターサイエンス	4965435
駄	4965434
外遊	4965433
henry	4965432
trial	4965431
アレクだ	4965430
members	4965429
ナサリン	4965428
書状	4965427
辛口	4965426
八角	4965425
ホンソン	4965424
コバーン	4965423
利け	4965422
稀少	4965421
ロマンティクス	4965420
ヨハネスブルク	4965419
金づる	4965418
ジタバタ	4965417
ブードロー	4965416
ネンネ	4965415
賃料	4965414
借家	4965413
つまずき	4965412
出し合	4965411
ヴィヴァ	4965410
生きろ	4965409
ハーディだ	4965408
育ち盛り	4965407
ボダイン	4965406
サドンデス	4965405
ブラクストン	4965404
target	4965403
害悪	4965402
bells	4965401
ピュア	4965400
而已	4965399
マイン	4965398
有什	4965397
俗称	4965396
ホーミング	4965395
radio	4965394
矛	4965393
モータウン	4965392
トレヴァ	4965391
特務	4965390
ｅｔａ	4965389
フニャチン	4965388
ニスキン	4965387
こなつ	4965386
スキーマスク	4965385
涼子	4965384
くず鉄	4965383
ワゥ	4965382
リゼット	4965381
我只	4965380
凝結	4965379
両性	4965378
カタール	4965377
バクダッド	4965376
グマ	4965375
高位	4965374
仁美	4965373
ファーマー	4965372
来到我	4965371
供え	4965370
ｅｂａｙ	4965369
リエル	4965368
新調	4965367
セボォン	4965366
クルーだ	4965365
blind	4965364
パクリ	4965363
装い	4965362
ヴァンノ	4965361
射精	4965360
アレグラ	4965359
キラメキ	4965358
無骨	4965357
忍び込め	4965356
カジキ	4965355
プロデュース	4965354
贈物	4965353
覆え	4965352
混じり	4965351
極力	4965350
献	4965349
お手の物	4965348
目白	4965347
丶聞	4965346
済まんが	4965345
できごと	4965344
ジャワ	4965343
ブラム	4965342
横たわり	4965341
コモ	4965340
カレシ	4965339
北壁	4965338
同封	4965337
一人死	4965336
ソマー	4965335
ヨハンソン	4965334
ドリトル	4965333
パンデミック	4965332
ジェルマン	4965331
ガリック	4965330
ルイサ	4965329
ランチマン	4965328
アンガス	4965327
敬え	4965326
櫂	4965325
到了	4965324
ヴォーゴル	4965323
テリトリー	4965322
でしゃば	4965321
ヤセ	4965320
ファビアナ	4965319
ワングル	4965318
subtitled	4965317
飛散	4965316
抜糸	4965315
聊	4965314
美津枝	4965313
幕切れ	4965312
ホッジ	4965311
青山	4965310
こいつめ	4965309
captioned	4965308
アサンジ	4965307
インサイド	4965306
アゲル	4965305
オズヴァルド	4965304
ラダック	4965303
入江	4965302
サリンジャー	4965301
ディテール	4965300
拿捕	4965299
凝り	4965298
心眼	4965297
吼え	4965296
プラッタ	4965295
アサン	4965294
にらみ合い	4965293
トルストイ	4965292
不和	4965291
烈	4965290
マートン	4965289
タイフト	4965288
ヴァリアンテ	4965287
捨て子	4965286
フレイム	4965285
mcc	4965284
ｐｅｔ	4965283
スケーター	4965282
ジェイコブソン	4965281
レーザ	4965280
一塊	4965279
エミッタ	4965278
ヴァルチャー	4965277
アルバニー	4965276
プロバイダ	4965275
ツグミ	4965274
ジャイアント	4965273
月収	4965272
偉方	4965271
とうりだ	4965270
ダダ	4965269
デフコン	4965268
捉まえ	4965267
share	4965266
ex	4965265
並はずれ	4965264
nest	4965263
サスペンション	4965262
インバータ	4965261
シビレ	4965260
季	4965259
tune	4965258
極地	4965257
じゃっ	4965256
フォルダ	4965255
ハスラー	4965254
フラッシング	4965253
デスクトップ	4965252
まどろ	4965251
カルビーチャー	4965250
飲み水	4965249
monday	4965248
雷管	4965247
apb	4965246
西北	4965245
ペアリング	4965244
万博	4965243
ギュー	4965242
strauss	4965241
カルフーン	4965240
spencer	4965239
萎え	4965238
フィーバー	4965237
マルティーヌ	4965236
パラノ	4965235
费	4965234
ブラジ	4965233
おこし	4965232
割り出し	4965231
船名	4965230
変遷	4965229
身代	4965228
弁務	4965227
ロクス	4965226
優子	4965225
ハンバーグ	4965224
パッテン	4965223
連な	4965222
才気	4965221
表裏	4965220
薬棚	4965219
メトリック	4965218
紋	4965217
もうか	4965216
そっけな	4965215
ポリエステル	4965214
thethe	4965213
マツ	4965212
事足り	4965211
卷	4965210
追憶	4965209
flight	4965208
うなづ	4965207
シュリ	4965206
防毒	4965205
い衆	4965204
ゴミー	4965203
学友	4965202
えさ	4965201
ヘリオ	4965200
雨漏り	4965199
悪運	4965198
向い	4965197
トリー	4965196
シリー	4965195
のれ	4965194
チャイナ	4965193
ブリスカ	4965192
デコボコ	4965191
アパラチア	4965190
ラスプーチン	4965189
イサベル	4965188
ティプラー	4965187
裏技	4965186
beep	4965185
リニー	4965184
スドモ	4965183
繋げろ	4965182
トゥアン	4965181
アシャイ	4965180
フルーティー	4965179
とお	4965178
猛威	4965177
將	4965176
サンタナ	4965175
食らいつ	4965174
公僕	4965173
ハウリング	4965172
見くび	4965171
ぶった	4965170
いゃ	4965169
基質	4965168
あくせく	4965167
cut	4965166
ゆぅベ	4965165
メッツガー	4965164
靴脱	4965163
夜な夜な	4965162
せび	4965161
羅列	4965160
出来たて	4965159
ひよっこ	4965158
heen	4965157
dinner	4965156
回想	4965155
リザーブ	4965154
worth	4965153
債	4965152
物思い	4965151
ブレース	4965150
チェルノ	4965149
パズラー	4965148
モメント	4965147
ラピッド	4965146
マーキュリーラボ	4965145
broke	4965144
絶景	4965143
そのぅ	4965142
福田	4965141
カスティーヨ	4965140
butt	4965139
すープ	4965138
ミュール	4965137
gotten	4965136
一下	4965135
pale	4965134
ドーコフ	4965133
たびたび	4965132
ひざま	4965131
見ぇ	4965130
ハグマー	4965129
les	4965128
イッカク	4965127
フラワーズ	4965126
unfortunately	4965125
絶倫	4965124
chair	4965123
先公	4965122
飲み代	4965121
ｋｗｌａ	4965120
出逢え	4965119
fill	4965118
あかし	4965117
草食	4965116
拓	4965115
振り向き	4965114
物笑い	4965113
ストーンズ	4965112
ぶっつけ	4965111
点取り	4965110
ハボク	4965109
ヴァドマ	4965108
グリス	4965107
コービン	4965106
理容	4965105
ホンジュラス	4965104
連れ出し	4965103
ブッつぶ	4965102
右下	4965101
ハンパ	4965100
客車	4965099
コメンタリー	4965098
ウッドリー	4965097
weak	4965096
しょっ引	4965095
robert	4965094
トリュフ	4965093
舟状	4965092
samurai	4965091
大ざっぱ	4965090
ラスマン	4965089
こて	4965088
荷積み	4965087
破目	4965086
髄液	4965085
つなぎ合わせ	4965084
掘り当て	4965083
すりつぶ	4965082
smells	4965081
のり	4965080
asked	4965079
解法	4965078
シンチューリン	4965077
kinga	4965076
図式	4965075
賃貸し	4965074
不落	4965073
難攻	4965072
組換え	4965071
saturday	4965070
チミ	4965069
ヘビメタ	4965068
合日	4965067
程々	4965066
ソーク	4965065
爆音	4965064
blaster	4965063
あっつ	4965062
せんさく	4965061
ｃｓｉ	4965060
穴ぐら	4965059
program	4965058
現瘍	4965057
スパックマン	4965056
ブラー	4965055
putting	4965054
masrani	4965053
カリム	4965052
トゥーリオ	4965051
anywhere	4965050
トー	4965049
了吧	4965048
がくれ	4965047
掻き集め	4965046
気さく	4965045
afternoon	4965044
トレイス	4965043
急送	4965042
難聴	4965041
シュレーディンガー	4965040
組立て	4965039
ケレック	4965038
private	4965037
settle	4965036
織り交ぜ	4965035
にぎ	4965034
かもと	4965033
ぁーブ	4965032
内勤	4965031
領海	4965030
集え	4965029
コンパニオン	4965028
wifi	4965027
倍速	4965026
交わり	4965025
茶葉	4965024
スタイナー	4965023
受託	4965022
么事	4965021
血脈	4965020
ペラム	4965019
serious	4965018
ストローマン	4965017
lt	4965016
ｃｂｓ	4965015
いのしし	4965014
ギリオン	4965013
堅牢	4965012
パッツ	4965011
boss	4965010
マウイ	4965009
カタリナ	4965008
ドェイン	4965007
女嫌い	4965006
アラベスコ	4965005
風水	4965004
トレィ	4965003
えじき	4965002
退役者	4965001
sage	4965000
突っこ	4964999
タヴィ	4964998
液晶	4964997
together	4964996
text	4964995
カノ	4964994
ひき殺	4964993
ギヨン	4964992
ムゥ	4964991
延滞	4964990
汚し	4964989
口ゲンカ	4964988
ルフォー	4964987
モノレール	4964986
点差	4964985
メラミン	4964984
こん睡	4964983
西棟	4964982
peoc	4964981
rocks	4964980
集り	4964979
わープ	4964978
切り込み	4964977
slow	4964976
套	4964975
ペテルブルグ	4964974
火中	4964973
sau	4964972
ウェ	4964971
說	4964970
追い込め	4964969
脱出口	4964968
ブーラ	4964967
デネット	4964966
ソコヴィア	4964965
ｙｏ	4964964
devil	4964963
術前	4964962
キンタ	4964961
ドイッチュ	4964960
艦首	4964959
向え	4964958
娶	4964957
好了	4964956
案內	4964955
玉葱	4964954
市販	4964953
うっぷん	4964952
エリァ	4964951
モリアーティー	4964950
あか	4964949
慌ただし	4964948
バグス	4964947
クリスチーナ	4964946
キーラー	4964945
ガズニ	4964944
release	4964943
っき	4964942
killer	4964941
esp	4964940
人好き	4964939
嘘吐き	4964938
晩御飯	4964937
焼消	4964936
ライオンズ	4964935
カーリン	4964934
カンナ	4964933
躊躇い	4964932
なれなれし	4964931
picasso	4964930
分かつ	4964929
キャリン	4964928
ぜっ	4964927
慈しみ	4964926
幾多	4964925
インディペンデンス	4964924
officer	4964923
うおっ	4964922
ニつ	4964921
我还	4964920
折り入	4964919
願い出	4964918
アルダス	4964917
折半	4964916
巻き込め	4964915
ブン殴	4964914
food	4964913
level	4964912
背負え	4964911
hiv	4964910
グリゼルダ	4964909
名指し	4964908
control	4964907
水産	4964906
ナイトロミン	4964905
すガ	4964904
ヒッコリー	4964903
手触り	4964902
買わ	4964901
よいしょっ	4964900
スタッド	4964899
dixie	4964898
金品	4964897
トンボ	4964896
ﾘﾎﾟｰﾀｰ	4964895
knowing	4964894
足許	4964893
marie	4964892
藻類	4964891
イカロス	4964890
標高	4964889
月夜	4964888
ラッパー	4964887
シャルル	4964886
especially	4964885
擬装	4964884
肩甲骨	4964883
マレ	4964882
シェーカー	4964881
stacie	4964880
エライ	4964879
扮	4964878
apartment	4964877
からくり	4964876
ユナボマー	4964875
bottle	4964874
打算	4964873
成り済ま	4964872
るい	4964871
真冬	4964870
落ち目	4964869
コンコード	4964868
レランド	4964867
ファルーク	4964866
白液	4964865
局番	4964864
ひ臓	4964863
fact	4964862
ぶらっ	4964861
迎合	4964860
おどし	4964859
write	4964858
灵	4964857
けった	4964856
mark	4964855
しょげ	4964854
赤み	4964853
decided	4964852
バラスト	4964851
乳香	4964850
頷	4964849
assure	4964848
振りかぶ	4964847
ケブラー	4964846
ごっそり	4964845
両脇	4964844
色仕掛け	4964843
moose	4964842
ディカルロ	4964841
若か	4964840
テクノロジ	4964839
coughs	4964838
言い放	4964837
anonymous	4964836
俱乐	4964835
カナッペ	4964834
深々	4964833
頭でっかち	4964832
scif	4964831
スノーボード	4964830
ミチコ	4964829
gs	4964828
コドン	4964827
之夜	4964826
シビランス	4964825
負け戦	4964824
うそー	4964823
のっけ	4964822
squirrel	4964821
厳命	4964820
ボーレ	4964819
カンファレンス	4964818
おにぎり	4964817
とうてい	4964816
ほほ笑	4964815
虚血	4964814
肥溜め	4964813
アニマリア	4964812
ノイナ	4964811
悪りぃ	4964810
献体	4964809
biseibutsu	4964808
効か	4964807
ピノ	4964806
替われ	4964805
sings	4964804
パーッ	4964803
har	4964802
hum	4964801
アイコン	4964800
買い戻し	4964799
ダニーロ	4964798
好し	4964797
nauseous	4964796
食っ	4964795
付け足	4964794
ネーデル	4964793
淡粉	4964792
ジャミー	4964791
虫刺さ	4964790
ランチョン	4964789
いやあああああああ	4964788
トゥルーペニー	4964787
パルプ	4964786
fotomi	4964785
右端	4964784
blah	4964783
分院	4964782
ハウク	4964781
断熱	4964780
ショピス	4964779
purodea	4964778
deru	4964777
措	4964776
miria	4964775
日産	4964774
団らん	4964773
noina	4964772
フェ	4964771
ends	4964770
rusye	4964769
nederu	4964768
動き回れ	4964767
透	4964766
フォトミ	4964765
線状	4964764
プロデア	4964763
アルカポネ	4964762
ダリヤ	4964761
まり	4964760
ハーッ	4964759
色水	4964758
エンデル	4964757
ミリア	4964756
掘り進	4964755
オオッ	4964754
奥村	4964753
ドーリ	4964752
神原	4964751
腹ごしらえ	4964750
抗鬱	4964749
支社	4964748
用具	4964747
ベントリー	4964746
属性	4964745
スプーク	4964744
読破	4964743
ファイナンシャル	4964742
荘	4964741
音頭	4964740
すみれ	4964739
グローイン	4964738
羽ばたき	4964737
テル	4964736
副次	4964735
後ろ側	4964734
てア	4964733
飛びた	4964732
ステック	4964731
ヴァーベナ	4964730
ネバネバ	4964729
クオーター	4964728
フュージョン	4964727
ガラド	4964726
石化	4964725
専売	4964724
mlp	4964723
金払	4964722
ただただ	4964721
どうゆ	4964720
sr	4964719
横梁	4964718
バルハラ	4964717
右田	4964716
红	4964715
ポールター	4964714
美代子	4964713
卓	4964712
村々	4964711
イッパイ	4964710
文脈	4964709
ハメ外	4964708
ダルマ	4964707
pleasure	4964706
spend	4964705
ジンコウ	4964704
イリー	4964703
まわし	4964702
lied	4964701
ニーマ	4964700
当てろ	4964699
リッヒ	4964698
メイキング	4964697
わぉー	4964696
養父母	4964695
葺き	4964694
サウ	4964693
throwing	4964692
原題	4964691
fighting	4964690
グアア	4964689
バツイチ	4964688
ざっくり	4964687
chased	4964686
天主	4964685
ファザー	4964684
自軍	4964683
damage	4964682
awake	4964681
臓物	4964680
ペーチャ	4964679
起こっ	4964678
コンパーニ	4964677
コンポー	4964676
波乱	4964675
タイピング	4964674
レフティ	4964673
貸出	4964672
ステー	4964671
ジェサベル	4964670
にこにこ	4964669
駐	4964668
背格好	4964667
食い荒ら	4964666
サンタクルス	4964665
ベニヤ	4964664
正夢	4964663
マニフェスト	4964662
ダンジョン	4964661
ムチ打ち	4964660
トライアスロン	4964659
戦わ	4964658
飯食	4964657
ショーティ	4964656
kdd	4964655
boogie	4964654
動きまわ	4964653
フィンガーズ	4964652
臭気	4964651
ゲッティ	4964650
演台	4964649
呼び立て	4964648
三百	4964647
他州	4964646
おっは	4964645
吸い	4964644
ナノテク	4964643
無惨	4964642
だらだら	4964641
匠	4964640
ビシガ	4964639
パリュー	4964638
技法	4964637
忍びこ	4964636
啓太	4964635
エイジ	4964634
ピピピピ	4964633
hour	4964632
ソシオパス	4964631
切れ者	4964630
アレイン	4964629
越冬	4964628
ヴァイブレーション	4964627
働きづめ	4964626
なりたて	4964625
昼頃	4964624
アーウィン	4964623
気弱	4964622
とろろ	4964621
慣れ親し	4964620
かかん	4964619
海風	4964618
ラホール	4964617
モハメッド	4964616
セロン	4964615
はさま	4964614
深読み	4964613
レパートリー	4964612
さいな	4964611
タギング	4964610
口コミ	4964609
カリーナ	4964608
異形	4964607
蔑ろ	4964606
触わ	4964605
フシ	4964604
グリー	4964603
んあ	4964602
最盛	4964601
カンパーイ	4964600
水しぶき	4964599
ブランケンシップ	4964598
カージャ	4964597
ミクロネシア	4964596
眼帯	4964595
ホールデン	4964594
当館	4964593
ダシュコフ	4964592
イヤッホー	4964591
エピアルテス	4964590
ａｎａ	4964589
巣穴	4964588
脅かせ	4964587
ジェダイア	4964586
重苦し	4964585
取っ払	4964584
悲哀	4964583
ｎｓ	4964582
捕れ	4964581
雪氷	4964580
出入国	4964579
マルガレーティ	4964578
おこな	4964577
英文	4964576
腰椎	4964575
母屋	4964574
アーミテージ	4964573
チャチャ	4964572
ベルニス	4964571
もぐり込	4964570
ち合い	4964569
悔悛	4964568
牝犬	4964567
ダフネ	4964566
ばっ	4964565
ふじ	4964564
パラセーリング	4964563
ウェルシュ	4964562
ミハエル	4964561
やっほー	4964560
淳	4964559
イカン	4964558
上体	4964557
laying	4964556
万策	4964555
押し切	4964554
老婦	4964553
そっから	4964552
頭棺	4964551
べス	4964550
遊泳	4964549
マコービア	4964548
おま	4964547
アプリコット	4964546
出直し	4964545
昨	4964544
遠縁	4964543
詰め込み	4964542
fm	4964541
めだ	4964540
田舎町	4964539
マリワナ	4964538
躍動	4964537
ドジャーズ	4964536
諸悪	4964535
党派	4964534
dressed	4964533
のろい	4964532
顎髭	4964531
ひたむき	4964530
ｃｔ	4964529
申し子	4964528
マントル	4964527
大役	4964526
蛇穴	4964525
エルス	4964524
しゃれ男	4964523
ごみ溜め	4964522
オドネル	4964521
サリタ	4964520
近位	4964519
飛沫	4964518
ビスピング	4964517
シメチジン	4964516
ヴァギナ	4964515
フェレリオ	4964514
引き離し	4964513
ビストロ	4964512
雨音	4964511
端正	4964510
埋蔵	4964509
まぜ	4964508
おっきな	4964507
エギー	4964506
消音	4964505
肩車	4964504
マンフレッド	4964503
イバン	4964502
ねじ伏せ	4964501
壇上	4964500
ジェロ	4964499
ラーチ	4964498
ラタ	4964497
うぇ	4964496
キビ	4964495
口元	4964494
チェスナット	4964493
ユカタン	4964492
筆写	4964491
デカブツ	4964490
イック	4964489
堕天使	4964488
対決して	4964487
閂	4964486
インキー	4964485
留め置	4964484
ヨーシ	4964483
ほほう	4964482
白猫	4964481
セレモニー	4964480
掛け声	4964479
紅海	4964478
鍼	4964477
オヤ	4964476
カリフラワー	4964475
かまわ	4964474
あいつめ	4964473
まど	4964472
我がまま	4964471
コッコ	4964470
パグワッシュ	4964469
bluray	4964468
yify	4964467
ブライズ	4964466
探険	4964465
soldier	4964464
雪子	4964463
british	4964462
エクソ	4964461
デモイン	4964460
貧相	4964459
ヴィッキ	4964458
シムラー	4964457
たいらげ	4964456
ぜーんぶ	4964455
ピーツ	4964454
図太	4964453
ブリン	4964452
糞野朗	4964451
イモリ	4964450
ヘール	4964449
dumber	4964448
撃ち落せ	4964447
ティヴァン	4964446
ピニャータ	4964445
cops	4964444
思い止ま	4964443
シュリンプ	4964442
ドノヴィッツ	4964441
部室	4964440
ギラー	4964439
ノルマン	4964438
glad	4964437
フェビアン	4964436
ステイナー	4964435
銃痕	4964434
船中	4964433
シシリー	4964432
vol	4964431
カマキリ	4964430
すがら	4964429
エプシロン	4964428
ドライバ	4964427
延ばせ	4964426
弔意	4964425
がただ	4964424
干し肉	4964423
サクランボ	4964422
山場	4964421
見張ら	4964420
オーブ	4964419
征	4964418
ケープタウン	4964417
準々	4964416
広範	4964415
ディキシー	4964414
アパルトヘイト	4964413
はじき出	4964412
シャングリラス	4964411
ホイッ	4964410
絡め	4964409
サハースト	4964408
ッデー	4964407
ヘヘッ	4964406
寝棚	4964405
リンディ	4964404
節子	4964403
アンドレス	4964402
虫め	4964401
デュー	4964400
下ろせよ	4964399
小金	4964398
ウゥー	4964397
ローテーション	4964396
緩やか	4964395
すきま	4964394
スネ	4964393
デューア	4964392
芳醇	4964391
オヤツ	4964390
ざり	4964389
コスコ	4964388
暴れまわ	4964387
フラつ	4964386
くぐも	4964385
此刻	4964384
パロ	4964383
タヤ	4964382
入れあげ	4964381
ゲザード	4964380
ヘロー	4964379
加藤	4964378
ダンデダーパケル	4964377
哀歌	4964376
長め	4964375
アミティエ	4964374
襲え	4964373
アクセ	4964372
坐	4964371
狂牛	4964370
真美	4964369
もみ消し	4964368
敵影	4964367
グリストル	4964366
アシ	4964365
岸辺	4964364
猟場	4964363
カタブラ	4964362
ヴォルガ	4964361
とくと	4964360
張り倒	4964359
ディドゥル	4964358
こうゆ	4964357
pbs	4964356
ホンダ	4964355
ヌンチャク	4964354
寝静ま	4964353
トマホーク	4964352
ストロンボリ	4964351
表し	4964350
割と	4964349
併発	4964348
きのこ	4964347
但我	4964346
大伯母	4964345
原盤	4964344
衝	4964343
掛け違え	4964342
心機	4964341
クレボン	4964340
つきあたり	4964339
くすぶり	4964338
兵達	4964337
互恵	4964336
エグゼビア	4964335
ランピー	4964334
tube	4964333
帰し	4964332
刈人	4964331
線形	4964330
カフリンク	4964329
にじ	4964328
ひら	4964327
ベジタビル	4964326
霹靂	4964325
主神	4964324
御伽	4964323
レイド	4964322
バーレイ	4964321
テイタム	4964320
まくし立て	4964319
ネメア	4964318
傷物	4964317
作りもの	4964316
撃ち殺し	4964315
すけ	4964314
クレメンス	4964313
ニグロ	4964312
ナマステ	4964311
アジー	4964310
witness	4964309
ソンタグ	4964308
ディジアック	4964307
reasonable	4964306
オニ	4964305
オイッ	4964304
クレゲン	4964303
引き回	4964302
どさくさ	4964301
きよ	4964300
甚だし	4964299
マンフレッティ	4964298
追い風	4964297
フェイズ	4964296
じて	4964295
アタランタ	4964294
飞跃	4964293
マクド	4964292
神学	4964291
和正	4964290
もやい	4964289
やんわり	4964288
ゆるぎな	4964287
サラザール	4964286
併せ	4964285
ｒｇ	4964284
軍師	4964283
マド	4964282
粗暴	4964281
アパレル	4964280
horse	4964279
張り付け	4964278
木炭	4964277
黎明	4964276
ドサッ	4964275
エヴェレット	4964274
ロスアンジェルス	4964273
バーナム	4964272
グリズフォルド	4964271
助っ	4964270
握力	4964269
おおげさ	4964268
ラマー	4964267
棄損	4964266
チンキ	4964265
女遊び	4964264
やんちゃな	4964263
ゲザーズ	4964262
信望	4964261
受胎	4964260
信じこ	4964259
agoe	4964258
ケネフィック	4964257
男やもめ	4964256
ナッピー	4964255
ボーデット	4964254
チンギス	4964253
音階	4964252
濃紺	4964251
win	4964250
ルコ	4964249
受勲	4964248
アソシエイツ	4964247
msu	4964246
コレラ	4964245
僧職	4964244
こたぁ	4964243
フンディスワ	4964242
シチズン	4964241
吸着	4964240
兵団	4964239
痛覚	4964238
洗い出し	4964237
cart	4964236
むろ	4964235
ドラムンド	4964234
デクラーク	4964233
かぶと	4964232
ショバ	4964231
所要	4964230
見慣れ	4964229
マールブルク	4964228
塗りなお	4964227
熱愛	4964226
倅	4964225
オマキザル	4964224
二枚舌	4964223
憎みあ	4964222
ヴェルディ	4964221
ダンフィー	4964220
々	4964219
ノリーン	4964218
似通	4964217
負傷兵	4964216
んどく	4964215
省み	4964214
kick	4964213
ちょー	4964212
どい	4964211
閣	4964210
悔恨	4964209
巻込	4964208
ブカレスト	4964207
オンリー	4964206
剥がれ落ち	4964205
あたま	4964204
けども	4964203
修辞	4964202
codis	4964201
角質	4964200
フィッツィ	4964199
入籍	4964198
気迫	4964197
からぁ	4964196
判読	4964195
siu	4964194
エーッ	4964193
所作	4964192
沈みかけ	4964191
首振り	4964190
たまもの	4964189
デソット	4964188
西方	4964187
ハシ	4964186
カストン	4964185
採り	4964184
腹立ち	4964183
枯葉	4964182
出店	4964181
野良猫	4964180
シノギ	4964179
ニット	4964178
デンプシー	4964177
歌い手	4964176
アイスリー	4964175
テキパキ	4964174
にじみ出	4964173
ぼや	4964172
とげとげし	4964171
シゴキ	4964170
片面	4964169
サヨウナラ	4964168
風通し	4964167
イブニング	4964166
トゥルーディ	4964165
エリクソン	4964164
要項	4964163
こうむ	4964162
看視	4964161
初見	4964160
慣性	4964159
モアト	4964158
リヴェッティ	4964157
サヘル	4964156
掘っ立て	4964155
出き	4964154
訓話	4964153
シゴト	4964152
値切	4964151
リーランド	4964150
買い上げ	4964149
超絶	4964148
突き当た	4964147
ばさみ	4964146
エアレン	4964145
目隠しも	4964144
ハルバロン	4964143
唖	4964142
強壮	4964141
肉用	4964140
レオナード	4964139
inique	4964138
創れ	4964137
烏合	4964136
転化	4964135
捌	4964134
見せよ	4964133
ちょーだい	4964132
口輪	4964131
不感	4964130
テレタイプ	4964129
くち	4964128
墓所	4964127
退行	4964126
ズカズカ	4964125
リデル	4964124
dominique	4964123
即答	4964122
スラブ	4964121
取り留め	4964120
あんただ	4964119
ヘンな	4964118
うごめ	4964117
人聞き	4964116
見落	4964115
ひとり残	4964114
敵兵	4964113
カチ	4964112
高島	4964111
能否	4964110
染みつ	4964109
点在	4964108
普	4964107
華奢	4964106
バノウェン	4964105
廃坑	4964104
ec	4964103
定形	4964102
传	4964101
左派	4964100
せきたて	4964099
那么	4964098
心膜	4964097
ノムノム	4964096
ポンジョッ	4964095
逃げまわ	4964094
猿渡	4964093
剣道	4964092
イグ	4964091
反軍	4964090
カムサハムニダ	4964089
总觉	4964088
つなげろ	4964087
採寸	4964086
ssr	4964085
レフェリー	4964084
れい	4964083
そし	4964082
燭台	4964081
札幌	4964080
拙僧	4964079
イッス	4964078
アバロン	4964077
直播	4964076
春巻き	4964075
石火	4964074
就要	4964073
パペット	4964072
ズキズキ	4964071
木管	4964070
はがね	4964069
島流し	4964068
行き交	4964067
りっきり	4964066
レビー	4964065
パラベズ	4964064
飲み直	4964063
アカバー	4964062
もやもや	4964061
よろい	4964060
アイバンホー	4964059
惡	4964058
ミチェル	4964057
トウェイン	4964056
问	4964055
煩悶	4964054
メルアド	4964053
平氣	4964052
那家	4964051
激震	4964050
朝方	4964049
教祖	4964048
ラチ	4964047
ストリー	4964046
良子	4964045
おいちょっと	4964044
エロ本	4964043
情景	4964042
陪	4964041
負け組	4964040
ホーズ	4964039
代払	4964038
一人殺し	4964037
アッハッハッハ	4964036
受到	4964035
一概	4964034
ウィキペディア	4964033
スタフ	4964032
しなやか	4964031
记	4964030
hcl	4964029
产	4964028
スポッター	4964027
デニソフ	4964026
こんがり	4964025
風体	4964024
熔か	4964023
是个	4964022
ムーブ	4964021
隠元	4964020
ジュニク	4964019
マグレディ	4964018
cic	4964017
受け答え	4964016
便秘	4964015
デメロール	4964014
バジャルタ	4964013
jin	4964012
kimmy	4964011
ディン	4964010
術中	4964009
物見	4964008
アカペラ	4964007
アレンジメント	4964006
銘記	4964005
パロミータ	4964004
悔み	4964003
泣きべそ	4964002
collegiate	4964001
受電	4964000
高見	4963999
ヘリー	4963998
さなぎ	4963997
まぶ	4963996
速記	4963995
んーん	4963994
ｉｃｕ	4963993
チカチカ	4963992
シャーリーン	4963991
愚弄	4963990
熟読	4963989
ごちゃ混ぜ	4963988
えっつ	4963987
肺病	4963986
戦歴	4963985
穴開け	4963984
シメ	4963983
なりゃ	4963982
私怨	4963981
白犬	4963980
彰	4963979
ネイビー	4963978
飛び起き	4963977
飛翔	4963976
忙	4963975
grady	4963974
acu	4963973
ふき取	4963972
ファロン	4963971
gyrosphere	4963970
光源	4963969
グロスマン	4963968
并	4963967
時一緒	4963966
あに	4963965
テリオウス	4963964
立ちつく	4963963
ネイザン	4963962
ゲーッ	4963961
擬人	4963960
トランド	4963959
合奏	4963958
北島	4963957
夜叉	4963956
ジアゼパム	4963955
ジャンペン	4963954
ガムシロ	4963953
ヤクルト	4963952
サオ	4963951
引き摺り	4963950
締めくく	4963949
ネズミ捕り	4963948
林道	4963947
ネガール	4963946
大ウソつき	4963945
マーロン	4963944
カチン	4963943
政宗	4963942
アトピー	4963941
上向	4963940
听到	4963939
没有	4963938
後光	4963937
星球	4963936
吹きこ	4963935
クリスター	4963934
寝具	4963933
ｎo	4963932
無き	4963931
死海	4963930
ルスキー	4963929
デヴォア	4963928
コートニー	4963927
日ごろ	4963926
トップレス	4963925
新風	4963924
粘膜	4963923
ボンバヘー	4963922
ファーシファ	4963921
ダーエ	4963920
ｈｄ	4963919
幕引き	4963918
オタギー	4963917
qc	4963916
民俗	4963915
愛車	4963914
フロス	4963913
折り合	4963912
移り住	4963911
fairy	4963910
ムラサキ	4963909
グラップ	4963908
凍り	4963907
ポピール	4963906
組長	4963905
痛め付け	4963904
もて遊	4963903
フラックス	4963902
バークレイ	4963901
ひろ	4963900
サンドバッグ	4963899
被曝	4963898
サンタクララ	4963897
申しつけ	4963896
マリッツァ	4963895
やりかけ	4963894
黒船	4963893
年増	4963892
胡散	4963891
ロマニ	4963890
燻蒸	4963889
橋渡し	4963888
六十	4963887
諸共	4963886
一人身	4963885
くっ付	4963884
antares	4963883
ノンストップ	4963882
られれ	4963881
猫かぶり	4963880
去り	4963879
取りもど	4963878
クライマー	4963877
ボル	4963876
宝クジ	4963875
物流	4963874
東北	4963873
如果	4963872
下我	4963871
農産	4963870
降誕	4963869
ジバシリ	4963868
加算	4963867
ユーフェン	4963866
シヴァ	4963865
ミンナン	4963864
ケイジャン	4963863
古狸	4963862
killing	4963861
突き落とし	4963860
ピッコロ	4963859
びく	4963858
还是	4963857
セーガン	4963856
サーフ	4963855
どきな	4963854
無禮	4963853
く先	4963852
掛れ	4963851
ハジ	4963850
取り得	4963849
アサノ	4963848
ぶつかり合	4963847
查	4963846
名医	4963845
β	4963844
プラスワン	4963843
そうとう	4963842
慇懃	4963841
傳え	4963840
近付き	4963839
荷重	4963838
almost	4963837
靜	4963836
サビアン	4963835
ぶ厚	4963834
銀幕	4963833
ぺらぺら	4963832
悲報	4963831
スミッティ	4963830
伸縮	4963829
もがき苦し	4963828
露わ	4963827
撚り	4963826
墜	4963825
raghi	4963824
kuhdai	4963823
sprees	4963822
innocence	4963821
ウィグ	4963820
遠路	4963819
戰士	4963818
力場	4963817
decision	4963816
こそこ	4963815
キーナー	4963814
ざま	4963813
豚糞	4963812
着物	4963811
ﾄﾑ	4963810
みず	4963809
モリナーリ	4963808
ニューイングランド	4963807
風化	4963806
ケイター	4963805
箪笥	4963804
機先	4963803
くすぶ	4963802
妳还	4963801
下男	4963800
诉	4963799
ディビル	4963798
ジェントルメン	4963797
ひとりい	4963796
品性	4963795
相合	4963794
鱼	4963793
上がれ	4963792
本決まり	4963791
サンドリーヌ	4963790
亜流	4963789
太り	4963788
ブレザー	4963787
マイルド	4963786
据わ	4963785
ボレ	4963784
ムーチ	4963783
追い付	4963782
ケンモア	4963781
si	4963780
吸い殻	4963779
小魚	4963778
站	4963777
着衣	4963776
末節	4963775
クラ	4963774
触覚	4963773
サスペリオルム	4963772
ヴァレリア	4963771
グリエルモ	4963770
ｓｕｖ	4963769
スクワット	4963768
五右衛門	4963767
ヨウ素	4963766
ピンハネ	4963765
描画	4963764
フェイザー	4963763
パルマター	4963762
さっそう	4963761
ミスリード	4963760
ビューティフル	4963759
仕方無	4963758
リネット	4963757
マクラスキー	4963756
縮ま	4963755
本読	4963754
席替え	4963753
シーウォース	4963752
穴あけ	4963751
ナツェリ	4963750
アナルシア	4963749
距骨	4963748
実直	4963747
pin	4963746
エロン	4963745
ほが	4963744
向けれ	4963743
ポリバー	4963742
プルート	4963741
バンガー	4963740
リオン	4963739
歌詩	4963738
国政	4963737
ｓｐｅ	4963736
ソッ	4963735
るぅー	4963734
听我	4963733
能書き	4963732
确	4963731
引っ張れ	4963730
カラーニ	4963729
アサガオ	4963728
认	4963727
ちびっ子	4963726
埃まみれ	4963725
サラドール	4963724
厉害	4963723
磨耗	4963722
たちめ	4963721
さや	4963720
ハウゼン	4963719
攻囲	4963718
thy	4963717
海草	4963716
source	4963715
純愛	4963714
パストラミ	4963713
damon	4963712
clears	4963711
まさかだ	4963710
総て	4963709
夜働	4963708
entire	4963707
目标	4963706
おどろき	4963705
protect	4963704
さしあた	4963703
城郭	4963702
猛攻	4963701
darpa	4963700
大敗	4963699
エイジェイ	4963698
研ぎ	4963697
该	4963696
アベス	4963695
リエット	4963694
关	4963693
回帰	4963692
うるせー	4963691
ホギンズ	4963690
オペレータ	4963689
パンデピス	4963688
レント	4963687
よご	4963686
あああああ	4963685
ミークス	4963684
是在	4963683
納品	4963682
ガーファンクル	4963681
胡椒	4963680
盛り付け	4963679
ロアノーク	4963678
list	4963677
モグリス	4963676
你说	4963675
減らせ	4963674
nose	4963673
ギャノン	4963672
government	4963671
curious	4963670
ブリックマン	4963669
管内	4963668
グリホーニ	4963667
ラフィー	4963666
荷電	4963665
靱帯	4963664
wing	4963663
corporal	4963662
サンフェルミン	4963661
公け	4963660
掘り出せ	4963659
昇れ	4963658
僚機	4963657
木偶	4963656
落ち葉	4963655
ｆｍ	4963654
请	4963653
hohi	4963652
愛し合え	4963651
ダント	4963650
デセプシ	4963649
ネライ	4963648
cough	4963647
からから	4963646
map	4963645
植え込み	4963644
ベイクド	4963643
全快	4963642
ポッケ	4963641
团	4963640
みーん	4963639
イヤが	4963638
履修	4963637
ナチョス	4963636
自省	4963635
エンブリ	4963634
パッキング	4963633
球状	4963632
書式	4963631
mars	4963630
ウエスタリー	4963629
プロダクション	4963628
シリアス	4963627
マイズナー	4963626
ヘナ	4963625
没事	4963624
マカロフ	4963623
绝	4963622
ムルソー	4963621
そうそうそう	4963620
ストラム	4963619
くつがえ	4963618
ガンビーノ	4963617
苦行	4963616
プロポ	4963615
寧ろ	4963614
桜木	4963613
一声	4963612
割り切	4963611
降りれ	4963610
ドッジ	4963609
パインウッド	4963608
変造	4963607
ズバ抜け	4963606
アラリック	4963605
抓	4963604
フィリックス	4963603
デメイオ	4963602
かから	4963601
築きあげ	4963600
カブーン	4963599
快去	4963598
歉	4963597
強拍	4963596
ジェネロ	4963595
どかせ	4963594
bec	4963593
ざわめ	4963592
bumper	4963591
精緻	4963590
プロクルス	4963589
キルシュ	4963588
イィ	4963587
ガンワー	4963586
さりげな	4963585
タイワン	4963584
グサ	4963583
炊	4963582
wiedersehen	4963581
据	4963580
持ちあげ	4963579
部下達	4963578
見習え	4963577
ジャノ	4963576
にんじん	4963575
ヴィスタ	4963574
处	4963573
混成	4963572
別途	4963571
伤	4963570
試作品	4963569
选	4963568
ドロボウ	4963567
リフ	4963566
結節	4963565
紡錘	4963564
私死	4963563
輪廻	4963562
私心	4963561
素っ気無	4963560
時どき	4963559
ニャンコ	4963558
うっさ	4963557
不在中	4963556
墨消	4963555
明解	4963554
保护	4963553
イェッサー	4963552
砕け散	4963551
サムナー	4963550
寂	4963549
相子	4963548
common	4963547
とまり	4963546
カシミア	4963545
ムシャムシャ	4963544
赤鼻	4963543
おやまぁ	4963542
わびし	4963541
マナヴィル	4963540
対岸	4963539
要是	4963538
夜景	4963537
眩暈	4963536
小躍り	4963535
皮剥	4963534
師団長	4963533
立杭	4963532
敢え	4963531
ウォーマー	4963530
サルバトール	4963529
黒子	4963528
由我	4963527
シンプソンズ	4963526
取り次ぎ	4963525
今世	4963524
車一	4963523
釣り船	4963522
揚が	4963521
スヴァール	4963520
マキシム	4963519
アリコーン	4963518
七十	4963517
cph	4963516
grab	4963515
呪縛	4963514
奇想	4963513
ポルックス	4963512
梅田	4963511
呀	4963510
終電	4963509
王権	4963508
stood	4963507
恥じらい	4963506
フェイサル	4963505
のっか	4963504
ワスイーフ	4963503
doc	4963502
スターファ	4963501
献立	4963500
ワンセグ	4963499
いん	4963498
ナビゲーション	4963497
downloaded	4963496
鉄拳	4963495
妳说	4963494
追い抜け	4963493
arrival	4963492
ヌクンダ	4963491
分譲	4963490
宝島	4963489
ブローシュ	4963488
名分	4963487
中将	4963486
貴官	4963485
自明	4963484
伝令	4963483
イベリコ	4963482
総局	4963481
你还	4963480
薄々	4963479
欝	4963478
体感	4963477
満ち引き	4963476
ガリソン	4963475
ネクスト	4963474
大屋敷	4963473
亿	4963472
ciel	4963471
一厘	4963470
バンバンバン	4963469
ジェノヴァ	4963468
ｏｎｅ	4963467
光熱	4963466
もてあそば	4963465
きず	4963464
bears	4963463
ダスク	4963462
ｍｊ	4963461
焼き払い	4963460
アヤソフィア	4963459
秀で	4963458
ナエル	4963457
大宰相	4963456
レシピエント	4963455
フォトニック	4963454
コンティキ	4963453
vox	4963452
恶	4963451
晩メシ	4963450
直通	4963449
短か	4963448
悪鬼	4963447
跡取り	4963446
山高	4963445
侵犯	4963444
性懲り	4963443
ふるい	4963442
ムーラン	4963441
刷り込	4963440
diolacton	4963439
コチラ	4963438
カラズラス	4963437
そと	4963436
小者	4963435
ｒｊ	4963434
ほとほと	4963433
ステューだ	4963432
だっせー	4963431
喉元	4963430
ネオナチ	4963429
脱毛	4963428
ラヴィニア	4963427
風上	4963426
ごまんと	4963425
トボけ	4963424
バダール	4963423
フウ	4963422
コンプライアンス	4963421
セック	4963420
水ぶくれ	4963419
アクシャイフ	4963418
力づけ	4963417
ネスビッ	4963416
ウィークリー	4963415
戦列	4963414
ジリン	4963413
道代	4963412
気胸	4963411
拡声	4963410
エノス	4963409
拥	4963408
スノッブ	4963407
エルシー	4963406
ddc	4963405
セプタ	4963404
ドンダリオン	4963403
bet	4963402
プロバート	4963401
ガルボ	4963400
家々	4963399
舰	4963398
带	4963397
搾	4963396
楽曲	4963395
オプ	4963394
零一	4963393
ピケ	4963392
カラシニコフ	4963391
不甲斐	4963390
糞便	4963389
アーツ	4963388
川崎	4963387
悪辣	4963386
チャリー	4963385
マテーオ	4963384
キャスリン	4963383
享楽	4963382
連れ込め	4963381
郭	4963380
縮こま	4963379
世俗	4963378
charge	4963377
ぶざまだ	4963376
くじら	4963375
ローファット	4963374
厳正	4963373
オーチャード	4963372
ケイナン	4963371
雷嵐	4963370
キルロイ	4963369
メンソール	4963368
mdc	4963367
入荷	4963366
取り違え	4963365
散発	4963364
treat	4963363
噛みつき	4963362
ごみ袋	4963361
エヴァンズ	4963360
赶	4963359
いたぶり	4963358
機略	4963357
おもに	4963356
くす	4963355
かけず	4963354
とんがり	4963353
一報	4963352
切り倒せ	4963351
bubba	4963350
くすぐって	4963349
都内	4963348
チェルノイヤ	4963347
グワイヒア	4963346
ねッ	4963345
大好	4963344
company	4963343
訊き	4963342
外殻	4963341
鱗	4963340
授かり物	4963339
hubba	4963338
ガスター	4963337
引きあげ	4963336
gather	4963335
ディアン	4963334
赤身	4963333
セントロイド	4963332
雌鳥	4963331
ダリン	4963330
ピリッ	4963329
ドコス	4963328
仕事始め	4963327
問責	4963326
乱心	4963325
エレーヌ	4963324
屈し	4963323
ぶな	4963322
たまたまだ	4963321
ブックス	4963320
べらべら	4963319
ボロス	4963318
キャッツキル	4963317
インシンジケート	4963316
鵞鳥獣	4963315
水溶	4963314
トウガラシ	4963313
ピタ	4963312
ユース	4963311
エージェントナバロ	4963310
蜂の	4963309
余暇	4963308
盛り上がり	4963307
milk	4963306
持ちこ	4963305
アブミ骨	4963304
取下げ	4963303
先人	4963302
バーバッジ	4963301
ストームズ	4963300
ハヌカー	4963299
おだやか	4963298
エラリア	4963297
アウェイ	4963296
エディソン	4963295
マメット	4963294
じきじき	4963293
分かれ目	4963292
キッカー	4963291
ライカ	4963290
领	4963289
diabolica	4963288
イーストリバー	4963287
希釈	4963286
legio	4963285
ヤセル	4963284
マイラ	4963283
共殺	4963282
厳選	4963281
exorcizamus	4963280
薄ま	4963279
徴用	4963278
我已	4963277
役柄	4963276
エイボン	4963275
情愛	4963274
スコポラミン	4963273
ジュ	4963272
佳	4963271
アブナイ	4963270
磨り減	4963269
銭湯	4963268
偏食	4963267
ネズミ講	4963266
コントラスト	4963265
蝶番	4963264
手こずら	4963263
hunting	4963262
ちゃんとこ	4963261
mighty	4963260
見直せ	4963259
ｍｄ	4963258
スティー	4963257
自画像	4963256
リーベンダウアー	4963255
小犬	4963254
オゴリ	4963253
掉	4963252
asac	4963251
父兄	4963250
lester	4963249
melisandre	4963248
bs	4963247
御仁	4963246
ベッドシーツ	4963245
极	4963244
ブラッディー	4963243
ｂｇｍ	4963242
サヴィッツ	4963241
着メロ	4963240
サンドア	4963239
危	4963238
ゆがみ	4963237
我方	4963236
ガーター	4963235
フェニトイン	4963234
ライ麦	4963233
血塗れ	4963232
劇画	4963231
コンフィ	4963230
重婚	4963229
脱穀	4963228
サンローラン	4963227
ウルダ	4963226
サングレ	4963225
はりつ	4963224
わき道	4963223
共闘	4963222
オシマイ	4963221
シャリーン	4963220
ズリフ	4963219
むじな	4963218
鋳型	4963217
やわらげ	4963216
つけあ	4963215
xxx	4963214
娼館	4963213
shutaro	4963212
野猫	4963211
オブジェ	4963210
アホタレ	4963209
情欲	4963208
otps	4963207
表題	4963206
寵愛	4963205
マグダレン	4963204
バーコウィッツ	4963203
コロア	4963202
乗りだ	4963201
立ちあが	4963200
光芒	4963199
ロットワイラー	4963198
生まれたて	4963197
繋ぎ止め	4963196
ブリタニー	4963195
ギャー	4963194
スカスカ	4963193
バーナビ	4963192
キリギリス	4963191
メフィスト	4963190
ちんけ	4963189
cnb	4963188
愛おしい	4963187
アンジェリク	4963186
送り返せ	4963185
サティマ	4963184
突き落	4963183
精肉	4963182
調べ直	4963181
逸材	4963180
ムズムズ	4963179
大作	4963178
求めれ	4963177
ちゃっと	4963176
分け合え	4963175
オグデン	4963174
ヘニング	4963173
ブレンディ	4963172
圧壊	4963171
更地	4963170
各州	4963169
先任	4963168
やくざ	4963167
対潜	4963166
妬まし	4963165
物分り	4963164
うぅぅ	4963163
オベリスク	4963162
ムジナ	4963161
サーストン	4963160
ユメ	4963159
オータム	4963158
私邸	4963157
公邸	4963156
日付け	4963155
金柑	4963154
ベローズ	4963153
原文	4963152
エルキンズ	4963151
頭下げ	4963150
例え話	4963149
ウマイ	4963148
想到	4963147
うらや	4963146
大キライ	4963145
うちら	4963144
バロック	4963143
パントラ	4963142
カーミン	4963141
エンター	4963140
ンリー	4963139
生みだ	4963138
カデシュ	4963137
ダヴ	4963136
息抜きだ	4963135
马	4963134
スイ	4963133
東端	4963132
レザ	4963131
いじくり回	4963130
姦	4963129
りま	4963128
エスクロー	4963127
蟹	4963126
ラブホ	4963125
告诉	4963124
レディック	4963123
chamartaines	4963122
エクセレント	4963121
ビーニー	4963120
ボウイ	4963119
イヤイヤ	4963118
猛々し	4963117
マリネ	4963116
ビシヤ	4963115
ブヨ	4963114
ベノー	4963113
非常食	4963112
脊椎骨	4963111
金づち	4963110
天真	4963109
ガンコ	4963108
発起	4963107
うずき	4963106
レロニラ	4963105
売れ残	4963104
ガレンブ	4963103
聖具	4963102
騒が	4963101
か細	4963100
前話	4963099
还有	4963098
星団	4963097
矢筈	4963096
肌色	4963095
ノンケ	4963094
外そう	4963093
バルチモア	4963092
wha	4963091
今去	4963090
ビシア	4963089
有志	4963088
イタマル	4963087
力説	4963086
ヴィニー	4963085
播	4963084
伝聞	4963083
ねじ上げ	4963082
ウォッシュ	4963081
チッポラ	4963080
息継ぎ	4963079
かえり	4963078
ヘンクルズ	4963077
クワー	4963076
バティスト	4963075
ォ	4963074
なくし	4963073
もあれ	4963072
土俵	4963071
土足	4963070
ーさ	4963069
スモー	4963068
エイモス	4963067
やい	4963066
丶え	4963065
カタカタ	4963064
saurus	4963063
高荷	4963062
善狼	4963061
突つ	4963060
クダ	4963059
ロモコープ	4963058
鈍化	4963057
ラブコメ	4963056
再編	4963055
反り	4963054
敲	4963053
gallaxhar	4963052
斬れ	4963051
紫斑	4963050
トリトン	4963049
大嘘つきだ	4963048
ルだ	4963047
潰え	4963046
とーま	4963045
マーデック	4963044
川岸	4963043
拶	4963042
まつた	4963041
好意思	4963040
片棒	4963039
レダシユ	4963038
近寄り	4963037
並べ替え	4963036
ーまら	4963035
希	4963034
元旦那	4963033
恭喜	4963032
村中	4963031
大興奮	4963030
monguer	4963029
ァブドラジヤン	4963028
アニメーション	4963027
生業	4963026
薯	4963025
ーナ	4963024
カラッポ	4963023
脱が	4963022
菌株	4963021
分かっ	4963020
ホリ	4963019
プリマス	4963018
出道	4963017
学院	4963016
祝言	4963015
武田	4963014
舵取り	4963013
しごく	4963012
ヴァスケス	4963011
担え	4963010
ーナー	4963009
エスト	4963008
シェールズ	4963007
ギロチン	4963006
おぬし	4963005
カスバート	4963004
パラサイト	4963003
カスリ	4963002
呼び物	4963001
ガーリー	4963000
帰り際	4962999
オーバーン	4962998
フフフフ	4962997
ブヨブヨ	4962996
ウクレレ	4962995
高卒	4962994
ひとっ	4962993
グルボー	4962992
タバスコ	4962991
チェルネッォフ	4962990
ｐｏ	4962989
血気	4962988
食前	4962987
じゃこう	4962986
child	4962985
ョフ	4962984
キーツ	4962983
うっせ	4962982
ドンコサック	4962981
トンマ	4962980
正午前	4962979
ティラナス	4962978
手合い	4962977
buttons	4962976
フェール	4962975
大助かり	4962974
鉢合わせ	4962973
セントリー	4962972
ほー	4962971
ミルナー	4962970
伸	4962969
降ろし	4962968
後先	4962967
アンジェ	4962966
歇尔	4962965
bury	4962964
大盤	4962963
あざけ	4962962
ニールセン	4962961
米中	4962960
遊具	4962959
谍	4962958
差し出し	4962957
高鳴り	4962956
仲よし	4962955
後席	4962954
秘薬	4962953
デライトル	4962952
ギャラクティック	4962951
修学	4962950
徒党	4962949
落着け	4962948
短歌	4962947
メイクス	4962946
むか	4962945
グラディ	4962944
フェナー	4962943
ジャービス	4962942
男心	4962941
定評	4962940
討て	4962939
ランツ	4962938
稚拙	4962937
願いごと	4962936
闇雲	4962935
キンゼー	4962934
カミーノアン	4962933
identity	4962932
ローレックス	4962931
シピー	4962930
盛り返	4962929
レリック	4962928
入り組	4962927
モク	4962926
甘っ	4962925
州都	4962924
知見	4962923
ほれぼれ	4962922
プロジウム	4962921
酔払い	4962920
皇位	4962919
旗手	4962918
所以	4962917
くせえ	4962916
壮麗	4962915
ﾊﾞｽ	4962914
連れ込み	4962913
同種	4962912
许	4962911
未だだ	4962910
あたれ	4962909
組み込め	4962908
ヘィ	4962907
盛装	4962906
ダートムア	4962905
ラスムッセン	4962904
コシェバヤ	4962903
居残	4962902
ドミトリエフ	4962901
デュアー	4962900
おぃ	4962899
アク	4962898
野草	4962897
ドゥレンコフ	4962896
シークエンス	4962895
ヴァルカ	4962894
そーっと	4962893
思いとどま	4962892
再診	4962891
あぁん	4962890
ブードゥ	4962889
刷り込み	4962888
グレゴワール	4962887
血友	4962886
店頭	4962885
ゴーリキー	4962884
ショーロ	4962883
丸ぽちゃ	4962882
ラポポルト	4962881
辿り	4962880
派生	4962879
イーリー	4962878
通りすぎ	4962877
旋律	4962876
中ごろ	4962875
いきりた	4962874
露日	4962873
カルレット	4962872
デレック	4962871
假	4962870
慰問	4962869
ご託	4962868
逆進	4962867
物語り	4962866
クサイ	4962865
剥き出し	4962864
ドイッ	4962863
難な	4962862
音出	4962861
縮み	4962860
大詰め	4962859
赤髪	4962858
ゲーベル	4962857
譫妄	4962856
ジョフ	4962855
ホラード	4962854
相席	4962853
尉	4962852
フラガール	4962851
ひきず	4962850
バリモア	4962849
犬死	4962848
きわめ	4962847
乗り合わせ	4962846
喪中	4962845
ジメジメ	4962844
チンタラ	4962843
浮かび	4962842
アスペルガー	4962841
取りかかれ	4962840
格下げ	4962839
目くらまし	4962838
keeping	4962837
シェニール	4962836
虹彩	4962835
ヵl	4962834
下船	4962833
握りこぶし	4962832
冬冬	4962831
めど	4962830
先立ち	4962829
スモッグ	4962828
傷瘻	4962827
ラミネート	4962826
オデキ	4962825
ジーボルト	4962824
ありガ	4962823
berald	4962822
あやつり	4962821
暗雲	4962820
ブルーファー	4962819
左膝	4962818
パーソンス	4962817
ナング	4962816
マクシマス	4962815
丿ヾンザイ	4962814
重責	4962813
男児	4962812
堕落と	4962811
哲人	4962810
あまた	4962809
姻	4962808
キセキ	4962807
ニヤけ	4962806
さき	4962805
丶舗	4962804
届屋	4962803
即金	4962802
ぶっ通し	4962801
クラット	4962800
鷲藝	4962799
メッシュ	4962798
呼称	4962797
亜麻	4962796
agaba	4962795
自筆	4962794
ヘキサメトリー	4962793
弯	4962792
seat	4962791
ガット	4962790
ネスティーン	4962789
制酸	4962788
ロスコー	4962787
ベストリ	4962786
ハメル	4962785
キナ	4962784
ダウントン	4962783
痴漢	4962782
付きもの	4962781
ドアティ	4962780
正道	4962779
ウェンブリー	4962778
アンターク	4962777
ミドルトン	4962776
beroald	4962775
tcad	4962774
なぐさめ	4962773
balbin	4962772
アセンシオ	4962771
嚢父	4962770
ガツガツ	4962769
文夫	4962768
ィゴ	4962767
カラスタントン	4962766
ｂｂｃ	4962765
凄惨	4962764
ホロマン	4962763
gab	4962762
gabor	4962761
殖民	4962760
アセンブリ	4962759
間取り	4962758
今作	4962757
森下	4962756
サラブレッド	4962755
護逢	4962754
コンテンツ	4962753
液状	4962752
うがい	4962751
凰せ	4962750
ヒンバリ	4962749
アブレガド	4962748
barnaby	4962747
鋭意	4962746
薬代	4962745
スリーピング	4962744
アイヴォン	4962743
茶目	4962742
窒弩	4962741
最恐	4962740
疾走	4962739
掛け合わせ	4962738
用足し	4962737
型番	4962736
barn	4962735
ナント	4962734
野暮天	4962733
オシャカ	4962732
持ち運べ	4962731
ソルトン	4962730
アレクシー	4962729
厂	4962728
打ち寄せ	4962727
ucla	4962726
親爺	4962725
hug	4962724
あさっ	4962723
じゃガ	4962722
bnl	4962721
ジェームソン	4962720
オデ	4962719
引き込み	4962718
サディアス	4962717
パルメザン	4962716
ダルビニャン	4962715
ｆｄａ	4962714
くだり	4962713
全兵士	4962712
ダオ	4962711
ゲルマン	4962710
スキャッグス	4962709
イチョウ	4962708
テールガード	4962707
カラザズ	4962706
ちゃら	4962705
こすき	4962704
きこえ	4962703
壽め	4962702
びびら	4962701
店仕舞い	4962700
工ネ丿	4962699
ビーミッシュ	4962698
誘い出せ	4962697
出向き	4962696
ラヴェル	4962695
証取	4962694
ピタピタ	4962693
運び入れ	4962692
スプレッド	4962691
まかなえ	4962690
ラプ	4962689
朝っぱら	4962688
hz	4962687
インターフェロン	4962686
ティバナ	4962685
messed	4962684
デトネータ	4962683
ぶち割	4962682
ダイノスチール	4962681
各班	4962680
丶典	4962679
ライムント	4962678
永年	4962677
ウエステンドルフ	4962676
ga	4962675
ベルナイズ	4962674
カーマイケル	4962673
スティクス	4962672
のっぽ	4962671
んんっ	4962670
ガブ飲み	4962669
メッセ	4962668
リュックサック	4962667
stranger	4962666
disease	4962665
銃火	4962664
へば	4962663
occ	4962662
pray	4962661
申し開き	4962660
欲っ	4962659
ts	4962658
小わっぱ	4962657
farm	4962656
ヘヘヘ	4962655
ジャコウ	4962654
全巻	4962653
たんす	4962652
軽微	4962651
口内	4962650
スリロ	4962649
バオバブ	4962648
ユアン	4962647
つり銭	4962646
石工	4962645
ヴァディム	4962644
マントノン	4962643
場外	4962642
ロジック	4962641
スラップ	4962640
xx	4962639
謹星	4962638
迷わ	4962637
妄信	4962636
れっき	4962635
メンバタ	4962634
実享	4962633
ぐわ	4962632
決起	4962631
出欠	4962630
ファビュラス	4962629
オンザ	4962628
モイ	4962627
married	4962626
つき合え	4962625
ここの	4962624
四つんばい	4962623
secret	4962622
すてきね	4962621
ベーダー	4962620
腰かけ	4962619
therese	4962618
くそ女	4962617
一向	4962616
アルアミン	4962615
セー	4962614
修理工	4962613
ネメス	4962612
うっとおし	4962611
ゴートナー	4962610
暗中	4962609
隷醤	4962608
ヾ一ティ	4962607
扈慕	4962606
doors	4962605
pretend	4962604
しみ込	4962603
読星	4962602
管丿	4962601
リンダースト	4962600
手上げ	4962599
バレリー	4962598
初診	4962597
ギャーッ	4962596
atc	4962595
グリッ	4962594
クリスプ	4962593
リターン	4962592
ズッキーニ	4962591
みっつ	4962590
丶麦麦	4962589
タバック	4962588
stopped	4962587
祭式	4962586
がさ入れ	4962585
オンボード	4962584
温	4962583
サンチョ	4962582
緑茶	4962581
数独	4962580
集客	4962579
レティシア	4962578
野垂れ死	4962577
麦宙	4962576
オフェウス	4962575
軽ん	4962574
サボリ	4962573
voices	4962572
adventure	4962571
アルアディア	4962570
つきあえ	4962569
じゅんす	4962568
たけび	4962567
苓	4962566
もくろ	4962565
情況	4962564
コーナブラ	4962563
ジェラルディン	4962562
おーブ	4962561
引き取り手	4962560
ヌイグルミ	4962559
クループ	4962558
お春	4962557
カミノ	4962556
うるさー	4962555
マザラン	4962554
シェップ	4962553
タラハシ	4962552
サィヤ丈ゴ	4962551
ゴルウェイ	4962550
俺ら	4962549
ヘテロ	4962548
エゴイズム	4962547
ニノン	4962546
エカテリーナ	4962545
雄たけび	4962544
売約	4962543
レンキン	4962542
俗世	4962541
ねんまえ	4962540
投げだ	4962539
public	4962538
オンカ	4962537
切り開き	4962536
愚劣	4962535
シャルルマーニュ	4962534
pack	4962533
ティンボ	4962532
タイナー	4962531
ニコルス	4962530
鉄条	4962529
タンヤ	4962528
インフル	4962527
チューイング	4962526
墨量	4962525
スカブ	4962524
focus	4962523
一塁	4962522
要所	4962521
ことじや	4962520
カッコー	4962519
モデム	4962518
コディー	4962517
アミロイド	4962516
内紛	4962515
常駐	4962514
smart	4962513
茗	4962512
生まれ育ち	4962511
helo	4962510
皇錬	4962509
ウケル	4962508
フォロワー	4962507
joby	4962506
さしがね	4962505
自腹	4962504
トリミング	4962503
気ガ	4962502
burn	4962501
barely	4962500
のたうち回	4962499
しゃぶれ	4962498
radioactive	4962497
フィヨドル	4962496
キンロー	4962495
ruined	4962494
kidding	4962493
unless	4962492
旗印	4962491
works	4962490
joker	4962489
skipper	4962488
メード	4962487
ギディ	4962486
ひょう	4962485
香ばし	4962484
ベトモラ	4962483
離着陸	4962482
あぶ	4962481
マカボイ	4962480
作りかけ	4962479
匿言	4962478
柔道	4962477
フォレル	4962476
杢	4962475
ジンマーマン	4962474
どや	4962473
複写	4962472
ベイリッジ	4962471
スコッ	4962470
橿	4962469
バートレット	4962468
今話	4962467
た畠ナえ	4962466
オーエンズ	4962465
手続	4962464
川原	4962463
nearly	4962462
撥ね	4962461
リゼウスキ	4962460
ドーマ	4962459
キャンディス	4962458
覇凵	4962457
園内	4962456
んわ	4962455
ブレ	4962454
利か	4962453
疆言	4962452
precious	4962451
そ幽	4962450
カツアゲ	4962449
savage	4962448
仙台	4962447
肥やし	4962446
薔註	4962445
出仕	4962444
じゃまだ	4962443
ヒープ	4962442
knocks	4962441
衝桂	4962440
エロティック	4962439
tired	4962438
手傷	4962437
口説き	4962436
mistake	4962435
twenty	4962434
終局	4962433
冤耆	4962432
ラジャカイー	4962431
ラングロワ	4962430
破格	4962429
謝ま	4962428
升	4962427
山麓	4962426
tom	4962425
黒矢	4962424
末娘	4962423
隠れみ	4962422
ムトン	4962421
アマガエル	4962420
差し控え	4962419
安原	4962418
キンバー	4962417
飽くまで	4962416
短乙	4962415
見て	4962414
トレイダーズ	4962413
claire	4962412
north	4962411
なガ	4962410
こど	4962409
ドルシィ	4962408
毎時	4962407
バルバドス	4962406
ヤミ金	4962405
ショーガール	4962404
寅藝	4962403
south	4962402
彊	4962401
総数	4962400
こなめ	4962399
ピーチキーン	4962398
一人足り	4962397
はかり	4962396
カトゥンコ	4962395
みんなあんた	4962394
地神	4962393
まだこの	4962392
ひぇ	4962391
チード	4962390
ニュークス	4962389
tight	4962388
started	4962387
ケベック	4962386
デルリエゴ	4962385
寝付	4962384
カズニク	4962383
ヘアース	4962382
卸	4962381
レイランド	4962380
シラミ潰し	4962379
なあなあ	4962378
エルマノス	4962377
ボニフェス	4962376
邪険	4962375
もたげ	4962374
作りあげ	4962373
プラウズ	4962372
クレマー	4962371
星明かり	4962370
ボンッ	4962369
過量	4962368
ひもじ	4962367
eyjafjallajokull	4962366
撹乱	4962365
一皮	4962364
卵巣	4962363
厳罰	4962362
香織	4962361
キャトル	4962360
キンダー	4962359
weselton	4962358
そコ	4962357
belongs	4962356
ヴィンター	4962355
早ぅ	4962354
本作品	4962353
篆麦	4962352
団交	4962351
ガビン	4962350
foreign	4962349
clouds	4962348
コンビネーション	4962347
ゾナ	4962346
呟き	4962345
列島	4962344
proudly	4962343
アイパッチ	4962342
窪み	4962341
player	4962340
インダストリーズ	4962339
デフォルト	4962338
モントーク	4962337
焼きつく	4962336
壺儚	4962335
解由	4962334
冒宴	4962333
フレリング	4962332
ew	4962331
重厚	4962330
当家	4962329
余韻	4962328
ビグス	4962327
gasp	4962326
クソテープ	4962325
おもしれ	4962324
淳め	4962323
あそう	4962322
闔係	4962321
のちほど	4962320
目くじら	4962319
飼い主だ	4962318
ホリスター	4962317
vac	4962316
切換	4962315
与圧	4962314
あつて	4962313
葬れ	4962312
オメー	4962311
びよ	4962310
レゾ	4962309
主弓	4962308
作風	4962307
産み落と	4962306
凡庸	4962305
いざな	4962304
思い過ご	4962303
墨き	4962302
ドミンゴ	4962301
秘蔵	4962300
デンジャラス	4962299
挑め	4962298
パスフレーズ	4962297
gentleman	4962296
子音	4962295
ゲキ	4962294
夕ン	4962293
clever	4962292
布地	4962291
懲憲	4962290
めかしこ	4962289
戦意	4962288
くう	4962287
ブート	4962286
こんなんじ	4962285
叩き切	4962284
snap	4962283
ちっちぇ	4962282
東浦	4962281
ウォース	4962280
空色	4962279
スクービー	4962278
クロリナー	4962277
oy	4962276
嘉納	4962275
vey	4962274
秋元	4962273
びた	4962272
アァー	4962271
どぅぞ	4962270
鹿取	4962269
脳幹	4962268
ひかえ	4962267
王界	4962266
括弧	4962265
イタッ	4962264
アピトキシン	4962263
ゴウ	4962262
不渡り	4962261
ヵ髙	4962260
跡取	4962259
彼岸	4962258
リタイア	4962257
マルグリット	4962256
しえ	4962255
cetera	4962254
むら	4962253
explain	4962252
hooray	4962251
優柔	4962250
glow	4962249
丼	4962248
顔見せ	4962247
死語	4962246
ヵえ	4962245
riddle	4962244
薬味	4962243
presenting	4962242
根城	4962241
rescued	4962240
エントランス	4962239
ブライデン	4962238
累臣	4962237
イドリス	4962236
学派	4962235
てんてこ舞い	4962234
灰汁	4962233
オゴ	4962232
エチケット	4962231
たたき	4962230
宦官	4962229
放尿	4962228
レリー	4962227
グレガー	4962226
青帯	4962225
刺繍	4962224
judy	4962223
ハイマー	4962222
ひが	4962221
掛かろ	4962220
着甲	4962219
動かす	4962218
省エネ	4962217
iプ	4962216
ウルセー	4962215
紊乱	4962214
guests	4962213
蝉	4962212
liked	4962211
思凵	4962210
おおきに	4962209
バンナイス	4962208
ラスキン	4962207
トランシーバ	4962206
嗚き	4962205
サバク	4962204
風紀	4962203
大勝	4962202
テイル	4962201
アルゴ	4962200
滅ぼせ	4962199
一席	4962198
丨	4962197
矮小	4962196
mods	4962195
異獣	4962194
囗丿	4962193
本校	4962192
兵長	4962191
誘いだ	4962190
たかり	4962189
神学生	4962188
ヴァイオリニスト	4962187
ミ麦	4962186
ゆき	4962185
しみじみ	4962184
タンピコ	4962183
ヴァスト	4962182
confer	4962181
ブレックファスト	4962180
厦言	4962179
作り笑い	4962178
腫れ物	4962177
いやみ	4962176
単体	4962175
セノバイト	4962174
protego	4962173
ケルトン	4962172
destroyed	4962171
ああああああああ	4962170
うそよ	4962169
longbottom	4962168
御者	4962167
円卓	4962166
劣等	4962165
山河	4962164
maxima	4962163
アッリ	4962162
ヴェネズエラ	4962161
馬糞	4962160
詞	4962159
否め	4962158
ボゲ	4962157
さわれ	4962156
vanished	4962155
skip	4962154
すれ違い	4962153
さープ	4962152
ゴリンスキ	4962151
gonagall	4962150
jam	4962149
ロンソン	4962148
マーナ	4962147
花園	4962146
分が	4962145
コーフィールド	4962144
疑義	4962143
無量	4962142
聖ﾍﾚﾅ	4962141
りょーしん	4962140
リタイヤ	4962139
protegoﾏｷｼﾏ	4962138
身籠	4962137
勇姿	4962136
追け	4962135
おとな	4962134
lock	4962133
楽々	4962132
ねじ曲が	4962131
recognize	4962130
ケトル	4962129
ジェンガ	4962128
一爽	4962127
helena	4962126
屋え	4962125
glass	4962124
瞑	4962123
カルティエ	4962122
すっぺ	4962121
一戦	4962120
てんじや	4962119
星勅	4962118
ユリウス	4962117
宛名	4962116
手放し	4962115
オカシク	4962114
豪快	4962113
揺るぎ	4962112
垣根	4962111
どめ	4962110
裏方	4962109
篁わ	4962108
ブレーン	4962107
チンカス	4962106
凛々し	4962105
朝礼	4962104
大壺	4962103
セミオートマチック	4962102
舌先	4962101
セブンイレブン	4962100
役場	4962099
経典	4962098
読み込め	4962097
ママァ	4962096
モチーフ	4962095
テロメア	4962094
届けれ	4962093
仮死	4962092
ザラ	4962091
おもいっきり	4962090
鼠獣	4962089
先取	4962088
くギユ	4962087
イゴール	4962086
毒ろ	4962085
trusted	4962084
コンバーター	4962083
インターホン	4962082
親譲り	4962081
モフセン	4962080
ほつ	4962079
sgt	4962078
うて	4962077
ユーティリティ	4962076
腰抜	4962075
わね	4962074
フィグス	4962073
scene	4962072
スコーキー	4962071
敗退	4962070
マスケット	4962069
サローム	4962068
寵児	4962067
とこしえ	4962066
にらめっこ	4962065
ビエロ	4962064
瀬	4962063
じゃまず	4962062
ケンジントン	4962061
シェラトン	4962060
よそれ	4962059
ジジュ	4962058
ぉどろ	4962057
remus	4962056
フィラメント	4962055
ﾚﾑｽ	4962054
federal	4962053
蔦	4962052
小腹	4962051
クヶ郎	4962050
はいつくば	4962049
れん	4962048
ゴロ	4962047
歩み寄り	4962046
キャッチー	4962045
デリバティブ	4962044
zero	4962043
駄賃	4962042
powerful	4962041
リエン	4962040
ユートピア	4962039
カタリスト	4962038
intention	4962037
の敵	4962036
大ウソ	4962035
魯粛	4962034
indifference	4962033
dvdrip	4962032
断線	4962031
フルーダ	4962030
教ぇ	4962029
作り手	4962028
ｃｎｎ	4962027
躍り出	4962026
たたか	4962025
払い戻	4962024
小喬	4962023
fonse	4962022
ネム	4962021
蜥蜴	4962020
パーシス	4962019
福岡	4962018
intimidate	4962017
除け者	4962016
大皿	4962015
アトリウム	4962014
皆目	4962013
ウズ	4962012
由梨子	4962011
儘	4962010
中野郎	4962009
すばしっこ	4962008
complete	4962007
カティ	4962006
拾い集め	4962005
チュパ	4962004
モンテレイ	4962003
モルヴァ	4962002
カブラ	4962001
話中	4962000
maso	4961999
ヘルガ	4961998
スカッと	4961997
jail	4961996
whom	4961995
関羽	4961994
operation	4961993
ｕｓｃ	4961992
ベタン	4961991
greensly	4961990
蔡瑁	4961989
私利	4961988
吠え声	4961987
クローム	4961986
自律	4961985
cast	4961984
アーンスト	4961983
奉喜	4961982
イャ	4961981
新野	4961980
雫篁	4961979
車高	4961978
はたして	4961977
閤雇	4961976
紫禁	4961975
鸞こ	4961974
ノンビリ	4961973
ごこ	4961972
ヴァ	4961971
あーぁ	4961970
ﾍ	4961969
小船	4961968
フィレンツェ	4961967
polito	4961966
生殺し	4961965
操業	4961964
godric	4961963
セクオー	4961962
墓堀	4961961
爆心	4961960
nagini	4961959
レょぅめっ	4961958
ディナール	4961957
lucius	4961956
ブリーチ	4961955
ビフレスト	4961954
アサシン	4961953
watching	4961952
淵滅	4961951
払い下げ	4961950
さレまラ	4961949
プリティ	4961948
イディス	4961947
ビーズリー	4961946
ジャップ	4961945
そ雪	4961944
言フ	4961943
銘じ	4961942
ソニヤ	4961941
からめて	4961940
ニュルブルク	4961939
セルヴィク	4961938
外付け	4961937
荷作り	4961936
走り寄	4961935
マルテ	4961934
ヒヤシンス	4961933
スローンズ	4961932
しめた	4961931
辿りつけ	4961930
り屋	4961929
てっぺ	4961928
父性	4961927
総菜	4961926
ヘッドフォン	4961925
クリフォード	4961924
グラグラ	4961923
牛舎	4961922
遠近法	4961921
秘術	4961920
ヤメロ	4961919
算	4961918
難物	4961917
流量	4961916
ハンプシャー	4961915
上っ面	4961914
持ち運び	4961913
アントマン	4961912
掠め取	4961911
総計	4961910
ロゼ	4961909
リッピ	4961908
憤	4961907
万里	4961906
ビスタ	4961905
突出	4961904
アシュラ	4961903
カルーセル	4961902
ダング	4961901
ちき炒	4961900
糞だ	4961899
エトルリア	4961898
オドオド	4961897
ほいほい	4961896
泄球	4961895
くるくる	4961894
プレーン	4961893
サテライト	4961892
蟲璽	4961891
ガーン	4961890
発炎	4961889
ジンボ	4961888
首っ	4961887
鋳物	4961886
ぬぐ	4961885
herself	4961884
オーラブ	4961883
dreaming	4961882
爽	4961881
蠢	4961880
みっけ	4961879
イメジン	4961878
芸者	4961877
bear	4961876
顛寒	4961875
冥耆	4961874
追っ払え	4961873
wizard	4961872
丶ヘん	4961871
メソポタミア	4961870
かばえ	4961869
クレガン	4961868
恵子	4961867
ウィガン	4961866
justice	4961865
天膳	4961864
麹	4961863
めん	4961862
供物	4961861
hanging	4961860
消沈	4961859
ーベル	4961858
甘酸っぱ	4961857
たらかし	4961856
耳打ち	4961855
運試し	4961854
なんたる	4961853
タイフ	4961852
トゥイードゥルダム	4961851
トゥイードゥ	4961850
ペナルティ	4961849
ko	4961848
蜃	4961847
ニップル	4961846
圭雪	4961845
矢変	4961844
ｳｨｻﾞｰﾄﾞ	4961843
之介	4961842
ヒラー	4961841
天涯	4961840
気長	4961839
不随	4961838
fps	4961837
窓辺	4961836
どえら	4961835
headmaster	4961834
虚ろ	4961833
渥美	4961832
どけなさ	4961831
奇異	4961830
車貸	4961829
セーラー	4961828
出自	4961827
三河	4961826
発振	4961825
トレリウム	4961824
書庫	4961823
祝勝	4961822
付き従	4961821
所存	4961820
身篭	4961819
ホークストーン	4961818
脳底	4961817
ヴァルナ	4961816
ブルード	4961815
ーパーティー	4961814
半信	4961813
ツレ	4961812
ﾍﾞﾗﾄﾘｯｸｽ	4961811
蚤	4961810
ノキシン	4961809
しゅっ	4961808
がぶ飲み	4961807
半疑	4961806
まくりだ	4961805
ボーパル	4961804
ソルサ	4961803
zvyxtdrtm	4961802
全班	4961801
aha	4961800
がたり	4961799
usc	4961798
abc	4961797
殺っ	4961796
悼み	4961795
尻拭	4961794
手記	4961793
寄せつけ	4961792
虚勢	4961791
スコッティー	4961790
パックス	4961789
少額	4961788
神奈川	4961787
白ウサギ	4961786
買い与え	4961785
shoes	4961784
畠ち	4961783
砂遊び	4961782
マト	4961781
ジェラート	4961780
パニーニ	4961779
風刺	4961778
従属	4961777
どちか	4961776
カネめ	4961775
陶磁器	4961774
ブラドリー	4961773
低能	4961772
golden	4961771
だーナ	4961770
かむ	4961769
dying	4961768
ラピードス	4961767
ペンシル	4961766
よろ	4961765
within	4961764
めっけ	4961763
トゥーシン	4961762
まああ	4961761
明察	4961760
ボヤボヤ	4961759
キヨ	4961758
places	4961757
菩薩	4961756
ghosts	4961755
観世音	4961754
しょぼ	4961753
豹馬	4961752
がっくり	4961751
グッゲンハイム	4961750
流暢	4961749
アルバラド	4961748
なけなし	4961747
roots	4961746
カラザース	4961745
sreavertheking	4961744
弾正	4961743
覚書	4961742
金稼ぎ	4961741
授精	4961740
スミッソン	4961739
且ー	4961738
スタフォード	4961737
境目	4961736
あつかまし	4961735
四百	4961734
民話	4961733
果報	4961732
チェシャ	4961731
武志	4961730
バグラ	4961729
circles	4961728
チオン	4961727
apple	4961726
played	4961725
ビョーキ	4961724
北門	4961723
fc	4961722
ナイキ	4961721
アルズ	4961720
レブロン	4961719
聖像	4961718
破算	4961717
かーえー	4961716
シェイミー	4961715
かーえーれ	4961714
我們	4961713
iaea	4961712
死臭	4961711
血腫	4961710
pen	4961709
ストライパー	4961708
イテ	4961707
たたん	4961706
小米	4961705
辛苦	4961704
あさ	4961703
婦め	4961702
車検証	4961701
床ずれ	4961700
泥杖	4961699
ジェッド	4961698
ファーンズワース	4961697
車使	4961696
節制	4961695
ぶちこわ	4961694
大足	4961693
bot	4961692
星間	4961691
メキシ	4961690
ちらっ	4961689
図解	4961688
天災	4961687
嘘撰	4961686
おびただし	4961685
実蕩	4961684
ブチこ	4961683
脱帽	4961682
blade	4961681
キャシャーラ	4961680
がつがつ	4961679
腔	4961678
オスター	4961677
パズズ	4961676
中背	4961675
bank	4961674
配当	4961673
ラビオリ	4961672
労馬	4961671
fantasy	4961670
ヨルズル	4961669
協業	4961668
リバース	4961667
bunch	4961666
ゲーセル	4961665
イヴリン	4961664
nights	4961663
辺鄙	4961662
sister	4961661
一卵	4961660
mcr	4961659
ソーホー	4961658
売り主	4961657
口火	4961656
shade	4961655
タミ	4961654
解毒剤	4961653
イフィトス	4961652
シヤンペン	4961651
リンクス	4961650
們	4961649
うおーっ	4961648
脂質	4961647
ヨーイ	4961646
恋敵	4961645
ストリープ	4961644
董語	4961643
編者	4961642
ラクシヨン	4961641
闘犬	4961640
グレンドン	4961639
スピーク	4961638
痔ち	4961637
蜃善	4961636
もちきり	4961635
花言葉	4961634
ta	4961633
小禄	4961632
dia	4961631
いッ	4961630
抽出し	4961629
生い茂	4961628
執れ	4961627
藻苗	4961626
compare	4961625
涙目	4961624
うわ言	4961623
除籍	4961622
垂ｵ	4961621
心労	4961620
さかのぼれ	4961619
かけつけ	4961618
まぁー	4961617
下し	4961616
ジャリ	4961615
挿言	4961614
フューザー	4961613
アンサー	4961612
ヒヤヒヤ	4961611
蹄	4961610
ﾅ	4961609
低地	4961608
散在	4961607
注水	4961606
ーナど	4961605
変則	4961604
両脚	4961603
シエン囗ン	4961602
各隊	4961601
物持	4961600
呑め	4961599
エレクトロニクス	4961598
ピーチーズ	4961597
ﾏｰｸ	4961596
丈一	4961595
マグニートー	4961594
バシャール	4961593
ｂｍｗ	4961592
肩入れ	4961591
借り主	4961590
プロフェッサー	4961589
務	4961588
マーゴリス	4961587
ェイ	4961586
弁舌	4961585
ｫ	4961584
belonged	4961583
柿	4961582
鉄塔	4961581
carefully	4961580
分量	4961579
大損	4961578
賓麦	4961577
拒め	4961576
つきだ	4961575
ウイルマ	4961574
ヤっ	4961573
国庫	4961572
シッシッ	4961571
可柏	4961570
加納	4961569
ポーツマス	4961568
出し入れ	4961567
familiar	4961566
見廻	4961565
丸之	4961564
動詞	4961563
バイエルン	4961562
にい	4961561
コルベット	4961560
メイル	4961559
写せ	4961558
ゃめ	4961557
やーめ	4961556
スピーカ	4961555
sonmanto	4961554
銮	4961553
酒店	4961552
ジャベド	4961551
縛め	4961550
検屍	4961549
アジェンダ	4961548
ディノッゾ	4961547
デヴィン	4961546
チロン	4961545
ドタバタ	4961544
ニルゼン	4961543
スレ	4961542
ぁら	4961541
フェーザー	4961540
一儲け	4961539
けがらわし	4961538
音ガ	4961537
カリビアン	4961536
leo	4961535
バグズ	4961534
heroes	4961533
フォーネル	4961532
無痛	4961531
プレサプライ	4961530
ぉそ	4961529
jpl	4961528
鉤	4961527
デュボア	4961526
苦渋	4961525
スノット	4961524
オロウス	4961523
ada	4961522
ﾍﾞｯﾄﾞ	4961521
オルドリン	4961520
ジークムント	4961519
デッサン	4961518
センジ	4961517
おもう	4961516
缶詰め	4961515
遊行	4961514
マルウエア	4961513
放漫	4961512
ライツ	4961511
レトナー	4961510
与えれ	4961509
lived	4961508
ｱﾙｾﾞﾝﾁﾝ	4961507
星占い	4961506
noticed	4961505
ひと口	4961504
屠	4961503
uni	4961502
intelligence	4961501
狼族	4961500
マーベル	4961499
ぽっち	4961498
レヴィー	4961497
カリド	4961496
フォートラニヨン	4961495
滅びかけ	4961494
贋	4961493
デミー	4961492
鉄くず	4961491
まごつ	4961490
サト	4961489
どん詰まり	4961488
明晩	4961487
餐	4961486
ポリュペムス	4961485
ヴァーラ	4961484
ヴェルニック	4961483
セレーナ	4961482
スタイラー	4961481
モンゴメリ	4961480
con	4961479
不燃	4961478
ハクスリー	4961477
excited	4961476
オーウェル	4961475
ネイグル	4961474
まさかまた	4961473
占星	4961472
葦	4961471
しゃい	4961470
勝率	4961469
ペルゴッティ	4961468
ロミュラス	4961467
隷言	4961466
敵船	4961465
streets	4961464
崇富	4961463
報償	4961462
腹這い	4961461
ユリシーズ	4961460
丿ヾノラマ	4961459
シーデル	4961458
ガチャ	4961457
ズブコフ	4961456
退宏	4961455
大侯	4961454
防寒	4961453
未納	4961452
ニーラ	4961451
センチピード	4961450
ended	4961449
プス	4961448
ハイフン	4961447
菫力	4961446
しまつ	4961445
おおきな	4961444
子離れ	4961443
半減	4961442
ハロラン	4961441
ロート	4961440
豚め	4961439
縫え	4961438
ぎ菫	4961437
蜂毒	4961436
微細	4961435
タンニン	4961434
おもろ	4961433
ワルダ	4961432
ティンバー	4961431
水曜日	4961430
一人歩き	4961429
エールダ	4961428
よろめき	4961427
学内	4961426
組合せ	4961425
大木	4961424
一一	4961423
分かりあえ	4961422
スコール	4961421
ティッツ	4961420
聖スウィジンズ	4961419
キドニー	4961418
キビン	4961417
ダガン	4961416
スクイ	4961415
喜富	4961414
郷土	4961413
ひげそり	4961412
智恵	4961411
自撮	4961410
バルビタール	4961409
ストロボ	4961408
疼痛	4961407
外装	4961406
戦型	4961405
コテンパン	4961404
頑	4961403
無地	4961402
イザヤ	4961401
丶ビ	4961400
猛暑	4961399
レータ	4961398
yay	4961397
饗宴	4961396
カイザー	4961395
きょうてき	4961394
flows	4961393
むき出し	4961392
エスキヴァル	4961391
呼び声	4961390
変心	4961389
りや	4961388
マーフ	4961387
推挙	4961386
ej	4961385
塚	4961384
ラドクリフ	4961383
ここと	4961382
無毒	4961381
飼い馴ら	4961380
終わり頃	4961379
申し述べ	4961378
収用	4961377
デイネリス	4961376
竜頭	4961375
うろちょろ	4961374
薬持	4961373
生みの	4961372
サウンダー	4961371
身ぶり	4961370
ネリス	4961369
多感	4961368
糞虫	4961367
ウインストン	4961366
ボッコ	4961365
フサフサ	4961364
寡黙	4961363
サーバント	4961362
メシア	4961361
クロウディア	4961360
山村	4961359
ナバホ	4961358
たとえ話	4961357
落合	4961356
人呼	4961355
きー	4961354
バラバ	4961353
杉	4961352
計上	4961351
ナイトリー	4961350
積載	4961349
タラハシー	4961348
カドルズ	4961347
日夜	4961346
ツヅ	4961345
在校	4961344
深追い	4961343
marvelous	4961342
専業	4961341
ピンセット	4961340
zundapp	4961339
毒舌	4961338
そうれ	4961337
ゲイン	4961336
洗い落と	4961335
ドーキンス	4961334
しんと	4961333
女郎	4961332
切り裂け	4961331
ロラン	4961330
翼竜	4961329
燃え移	4961328
すごと	4961327
色情	4961326
リネッタ	4961325
lcc	4961324
ビッ	4961323
退き	4961322
フレズレク	4961321
曹こえ	4961320
火かき	4961319
薔	4961318
キングストン	4961317
ホストロプ	4961316
ステセン	4961315
麦苔	4961314
ざっ	4961313
メガトン	4961312
屋め	4961311
wall	4961310
トルネード	4961309
built	4961308
mac	4961307
アームスビィ	4961306
言質	4961305
ﾄﾞｸﾀ	4961304
黒ずくめ	4961303
リザ	4961302
コヤキ	4961301
過多	4961300
手ぬる	4961299
空前	4961298
沈着	4961297
印形	4961296
祟り	4961295
うそぉ	4961294
殴り返	4961293
ベルナード	4961292
トネリコ	4961291
クロスタゴーオ	4961290
リラ	4961289
こわば	4961288
さがし	4961287
ボルマン	4961286
念じ	4961285
こみ上げ	4961284
ときし	4961283
こぞぅ	4961282
ぺしゃんこ	4961281
書きだ	4961280
pass	4961279
イヤーズ	4961278
ドメイン	4961277
プライズ	4961276
丿ヾサン	4961275
スカッ	4961274
ペックマン	4961273
ヘルシー	4961272
チーノ	4961271
シャンナン	4961270
キャム	4961269
そっちのけ	4961268
ディートリッヒ	4961267
仮名	4961266
ee	4961265
オケイ	4961264
バリスティン	4961263
始祖	4961262
ミニバー	4961261
アレキサンドリア	4961260
いじれ	4961259
主楽し	4961258
押しや	4961257
shoot	4961256
互換	4961255
草案	4961254
マースク	4961253
ベルフォール	4961252
じゃべ	4961251
クリッター	4961250
イリュージョン	4961249
茸	4961248
送り主	4961247
たのし	4961246
断面	4961245
投手	4961244
ビンキー	4961243
死闘	4961242
ボツリヌス	4961241
でこぼこ	4961240
奥歯	4961239
ヒートアップ	4961238
若死	4961237
vitation	4961236
joke	4961235
tumbling	4961234
オーバル	4961233
steal	4961232
コシュマ	4961231
割り増し	4961230
liepwop	4961229
下校	4961228
ウォートン	4961227
梳	4961226
ハガティ	4961225
ーえっ	4961224
ホホジロザメ	4961223
cup	4961222
用命	4961221
パスメ	4961220
夢魔	4961219
ボルグ	4961218
アゾク	4961217
ゴザイマス	4961216
取り囲み	4961215
失策	4961214
キラユーテ	4961213
梅毒	4961212
バクバク	4961211
チャウン	4961210
アイズリー	4961209
サイコティック	4961208
両刃	4961207
エズミ	4961206
fox	4961205
紙上	4961204
僕ら	4961203
ロトックス	4961202
arrest	4961201
correct	4961200
ジェフェリーズ	4961199
土産物	4961198
貨車	4961197
ホービス	4961196
雑居	4961195
柳	4961194
便乗	4961193
流砂	4961192
件名	4961191
利き腕	4961190
揺れ動	4961189
直下	4961188
さかさま	4961187
狭海	4961186
灯火	4961185
豚足	4961184
にらみつけ	4961183
スリヴァン	4961182
フザけ	4961181
フォルクス	4961180
マツダ	4961179
ブリジャー	4961178
リビングストン	4961177
アボ	4961176
ブラッドフォード	4961175
サミール	4961174
harrises	4961173
リブート	4961172
り出	4961171
抉	4961170
ルド	4961169
コージー	4961168
ダントゥイーン	4961167
pet	4961166
subtitulos	4961165
表通り	4961164
締切	4961163
アルトゥス	4961162
史料	4961161
kempinski	4961160
コサージュ	4961159
終息	4961158
早撃ち	4961157
promis	4961156
たープど	4961155
available	4961154
入れ直	4961153
german	4961152
乙女座	4961151
死に絶え	4961150
だて	4961149
申込み	4961148
eisenhower	4961147
潜行	4961146
謹皇	4961145
どぉ	4961144
公め	4961143
へばりつ	4961142
ミタ	4961141
滞	4961140
ジョッコ	4961139
seeking	4961138
フッ素	4961137
タレット	4961136
声色	4961135
白旗	4961134
バラム	4961133
てき	4961132
ギンギン	4961131
ネステロフ	4961130
xmas	4961129
schon	4961128
そる	4961127
軽装	4961126
簡略	4961125
だめし	4961124
コールガール	4961123
おばか	4961122
当たり散ら	4961121
めぐり	4961120
ブッシー	4961119
信じ合	4961118
キャシディー	4961117
ロータリー	4961116
グラ	4961115
ヒスタミン	4961114
コンバータ	4961113
乗り継ぎ	4961112
ひねり潰	4961111
speech	4961110
モーリア	4961109
耐え忍	4961108
arrived	4961107
黒ず	4961106
車上	4961105
男嫌い	4961104
thanksgiving	4961103
キングル	4961102
やりこめ	4961101
ロケッツ	4961100
錘	4961099
ブッと	4961098
オッズ	4961097
サウンドウェーブ	4961096
クリール	4961095
tl	4961094
読経	4961093
支線	4961092
大ケガ	4961091
北口	4961090
リカルド	4961089
抗原	4961088
ビルトモア	4961087
ers	4961086
ああーっ	4961085
rustling	4961084
alright	4961083
音言	4961082
とっちめ	4961081
歯並び	4961080
胸毛	4961079
fellas	4961078
藩主	4961077
聖火	4961076
魚屋	4961075
エスカランテ	4961074
ロックランド	4961073
mpa	4961072
ウェザーズ	4961071
捧ぐ	4961070
石櫃	4961069
ルリ	4961068
バディー	4961067
doug	4961066
畦え	4961065
安寧	4961064
sons	4961063
シュトラウブ	4961062
かまど	4961061
knowledge	4961060
手駒	4961059
弩	4961058
ネヴィル	4961057
パールマン	4961056
サントリー	4961055
難波	4961054
ノスタルジー	4961053
早計	4961052
下ネタ	4961051
屏風	4961050
色紙	4961049
大破	4961048
picked	4961047
ガザ	4961046
雷神	4961045
ポーセリアン	4961044
sid	4961043
umbellularia	4961042
ノルテ	4961041
てこ	4961040
californica	4961039
プロセッコ	4961038
カンソン	4961037
呼出	4961036
im	4961035
エオウィン	4961034
アンドロポフ	4961033
ふくろう	4961032
ジュースジャック	4961031
courage	4961030
ユーレカ	4961029
脅かす	4961028
bff	4961027
乳様	4961026
手かせ	4961025
ヴィタリィ	4961024
だーゴえ	4961023
靴ひも	4961022
総理	4961021
カスパロフ	4961020
助ーブ	4961019
手ごたえ	4961018
パサデナ	4961017
wenneck	4961016
公募	4961015
寿き	4961014
calochortus	4961013
ティップ	4961012
含み	4961011
基調	4961010
ロゲイン	4961009
ゆする	4961008
持場	4961007
趣意	4961006
セレーサ	4961005
啜	4961004
ガチガチ	4961003
cthe	4961002
人見つけ	4961001
ブエノス	4961000
マナンド	4960999
伝播	4960998
巨漢	4960997
うら	4960996
オジキ	4960995
含み笑い	4960994
雨雲	4960993
キアラン	4960992
アラク	4960991
マァ	4960990
ギャムギャム	4960989
さガ	4960988
screams	4960987
く手	4960986
タボ	4960985
白バイ	4960984
バシル	4960983
スピー	4960982
スプリ	4960981
チャツネ	4960980
オマー	4960979
おそ	4960978
校則	4960977
にえ	4960976
国勢	4960975
うなじ	4960974
愛者	4960973
cthethe	4960972
holding	4960971
simmer	4960970
サワン	4960969
ソート	4960968
ホルトビー	4960967
禄	4960966
酒癖	4960965
海事	4960964
ゾッ	4960963
小父	4960962
ヨタ	4960961
スベン	4960960
浮腫	4960959
ゲレロ	4960958
荒海	4960957
キューポラ	4960956
健気	4960955
ごろごろ	4960954
満ちあふれ	4960953
小話	4960952
血豆	4960951
ブラギ	4960950
ヘアースプレー	4960949
訴えかけ	4960948
トリガ	4960947
一興	4960946
ガーザ	4960945
だょ	4960944
ずく	4960943
天工	4960942
longer	4960941
作りなお	4960940
クチバシ	4960939
小母	4960938
偶数	4960937
マレーヴィチ	4960936
眞	4960935
捲	4960934
ヴァレント	4960933
刺創	4960932
スワース	4960931
ストーニィ	4960930
缶切り	4960929
架け	4960928
オプラ	4960927
デナム	4960926
ほとて	4960925
メサイナック	4960924
落とし物	4960923
アスカリ	4960922
ワーツナー	4960921
うやむや	4960920
メダリスト	4960919
逃し	4960918
ゴッサム	4960917
piermont	4960916
jungle	4960915
農具	4960914
walkabout	4960913
モテ薬	4960912
変てこ	4960911
ふち	4960910
面白顔	4960909
フラミンゴ	4960908
いちおう	4960907
デヴロー	4960906
ゾル	4960905
民意	4960904
themselves	4960903
chinese	4960902
やけ酒	4960901
下側	4960900
ヒポクラテス	4960899
ｕｓ	4960898
おいぼれ	4960897
テトラバール	4960896
ウオーター	4960895
セキュレティー	4960894
ｊｆｋ	4960893
ウオーカー	4960892
横丁	4960891
ダイアゴン	4960890
収奪	4960889
adhd	4960888
どこの	4960887
ディレクション	4960886
消し忘れ	4960885
ウィッシュ	4960884
アバ	4960883
セブルス	4960882
フレンス	4960881
リュー村	4960880
徹しろ	4960879
ミンスパイ	4960878
ガランテ	4960877
ダーネル	4960876
教示	4960875
評定	4960874
がさつ	4960873
ディッコリードック	4960872
キッパー	4960871
決まり事	4960870
ロシェル	4960869
ょし	4960868
箒	4960867
軒先	4960866
品定め	4960865
ロラク	4960864
書き加え	4960863
ｈｏｈｏ	4960862
シェルフリー	4960861
再臨	4960860
エッジウッド	4960859
シケム	4960858
リドル	4960857
アンウォー	4960856
ナブラ	4960855
水層	4960854
デコーダー	4960853
アチチ	4960852
steady	4960851
ティパーノ	4960850
ブッ殺	4960849
アカトー	4960848
飛び越	4960847
嫡出	4960846
エルダド	4960845
掩蔽	4960844
ラルストン	4960843
成り上が	4960842
如何に	4960841
ビードゥー	4960840
マジソン	4960839
クライストロン	4960838
製図	4960837
総取り	4960836
光輝	4960835
羽目板	4960834
這い回	4960833
マコーン	4960832
うそつきめ	4960831
パルテノン	4960830
グリノー	4960829
参画	4960828
攻防	4960827
走馬	4960826
投げ打	4960825
打ち合	4960824
だぜ	4960823
ゴッティ	4960822
フィッシャーマン	4960821
サシ	4960820
例証	4960819
貴公	4960818
オイシ	4960817
ノースショワー	4960816
ウェイツ	4960815
待ちぼうけ	4960814
カーナハン	4960813
ワリド	4960812
見積り	4960811
留め金	4960810
送風	4960809
グレゴロビッチ	4960808
キーズ	4960807
ピンボール	4960806
ドナテッロ	4960805
船頭	4960804
釣讐	4960803
マフィス	4960802
荒稼ぎ	4960801
疑心	4960800
読みあげ	4960799
サンバナ	4960798
ナスカ	4960797
ぇつ	4960796
カンダ	4960795
小間物	4960794
さーて	4960793
白け	4960792
ドストエフスキー	4960791
人好し	4960790
ノブロウ	4960789
ファッショナブル	4960788
ヨォ	4960787
男好き	4960786
煩雑	4960785
ぐあ	4960784
マルーン	4960783
ホウ素	4960782
イーブン	4960781
クランチ	4960780
ペトレスク	4960779
ブラッドノフスキー	4960778
カッパラ	4960777
私欲	4960776
闔こえ	4960775
コンステレーション	4960774
三人	4960773
秘法	4960772
norad	4960771
マサロ	4960770
だっと	4960769
政争	4960768
島国	4960767
バイオテック	4960766
ヤーッ	4960765
ワイセツ	4960764
カルーソ	4960763
錬磨	4960762
手馴れ	4960761
sin	4960760
ローブロー	4960759
リージョン	4960758
凰	4960757
村岡	4960756
たぐり寄せ	4960755
キャロウェイ	4960754
スラスト	4960753
五体	4960752
手取り	4960751
スピ	4960750
シルバーマン	4960749
nick	4960748
叙勲	4960747
ナッシム	4960746
ジウム	4960745
こガ	4960744
太后	4960743
桁外れ	4960742
強豪	4960741
レルム	4960740
dress	4960739
セラス	4960738
飽	4960737
シャイアン	4960736
山菫	4960735
ユキ	4960734
アダー	4960733
ふりかけ	4960732
みレ	4960731
平籾	4960730
デイトン	4960729
っど	4960728
バオ	4960727
猟銃	4960726
ルバ	4960725
知念	4960724
ラヴロフ	4960723
letters	4960722
電ノコ	4960721
実丿	4960720
ひっつか	4960719
ワイアト	4960718
はけ	4960717
撃針	4960716
カントン	4960715
lance	4960714
闇討ち	4960713
フィンリー	4960712
ごま	4960711
ボナペティ	4960710
陸路	4960709
クマリ	4960708
客船	4960707
ミレナ	4960706
庫裏	4960705
mummy	4960704
captain	4960703
ラーバン	4960702
ラビース	4960701
マクタヴィッシュ	4960700
ブルデット	4960699
キマグリ	4960698
引き合	4960697
ショルダー	4960696
民営	4960695
bsl	4960694
ぉガ	4960693
サンス	4960692
シュポッ	4960691
受け継ぎ	4960690
生け	4960689
書名	4960688
君ガ	4960687
強請	4960686
フリゲート	4960685
アンデゥ	4960684
ブルトレ	4960683
還り	4960682
健忘	4960681
バーレル	4960680
サンバ	4960679
コラー	4960678
化け物ー	4960677
ﾃｨﾄﾌ	4960676
くりかえ	4960675
下方	4960674
ーリビー	4960673
エピペン	4960672
マージャリー	4960671
ショウディッチ	4960670
ジェイド	4960669
チカン	4960668
リレ	4960667
マッグ	4960666
具程	4960665
ボルド	4960664
ヨンベク	4960663
トリセラトプス	4960662
推し進め	4960661
教徒	4960660
シュッポ	4960659
テレメトリ	4960658
サナダ	4960657
ラルフィ	4960656
ライトウッド	4960655
バレンティノ	4960654
ピンポイント	4960653
レビ	4960652
ジョテ	4960651
叙任	4960650
つっ立	4960649
石壁	4960648
テミル	4960647
タシケント	4960646
軍縮	4960645
サンドバル	4960644
スモア	4960643
interested	4960642
ババァ	4960641
万国	4960640
ぃー	4960639
夕刊	4960638
モタ	4960637
ボナ	4960636
考え合わせ	4960635
ゼンマイ	4960634
島民	4960633
museum	4960632
robin	4960631
うえだ	4960630
サモア	4960629
クソババア	4960628
アレコレ	4960627
團プ	4960626
ごん	4960625
スコッツ	4960624
モハーベ	4960623
オタ	4960622
変わり目	4960621
くえ	4960620
ザーラ	4960619
contact	4960618
輪状	4960617
ルービン	4960616
フィスカー	4960615
ストロモ	4960614
薔ん	4960613
ポタミス	4960612
ポタミテス	4960611
小口	4960610
油脂	4960609
ハフィズ	4960608
パロディ	4960607
転び	4960606
birth	4960605
ファジー	4960604
ちいさな	4960603
guard	4960602
ホバート	4960601
シャドーサー	4960600
ナターリ	4960599
一矢	4960598
shadow	4960597
シーフー	4960596
クリンデ	4960595
愛妻	4960594
tender	4960593
論破	4960592
noc	4960591
マイクル	4960590
ヤラレ	4960589
フューリア	4960588
サンタマリア	4960587
目方	4960586
bowl	4960585
ping	4960584
シリン	4960583
莞茎	4960582
マルティン	4960581
じゃあそこ	4960580
ささ	4960579
牽含め	4960578
乙掛	4960577
イエティ	4960576
キリック	4960575
犬種	4960574
二の舞い	4960573
わあああ	4960572
無ぇ	4960571
やじや	4960570
あほう	4960569
ぉし	4960568
ムア	4960567
kpg	4960566
グリップ	4960565
腫撰	4960564
きしょ	4960563
進退	4960562
カルバー	4960561
スラッピー	4960560
ぼこぼこ	4960559
ベライゾン	4960558
デューリン	4960557
ビビー	4960556
グレイト	4960555
ｉｎｇｅｎ	4960554
サターン	4960553
strumming	4960552
hdd	4960551
メイニーキャン	4960550
インタヴュー	4960549
兄上	4960548
ｍｇ	4960547
ゲートウェイ	4960546
タイヤン	4960545
車持	4960544
犀星	4960543
印鑑	4960542
にわとり	4960541
室生	4960540
マザコン	4960539
goal	4960538
ベゼリデス	4960537
マスラニ	4960536
税制	4960535
エラズ	4960534
換算	4960533
フレイヴァ	4960532
グラビトニウム	4960531
サムズ	4960530
ふにゃ	4960529
口直し	4960528
新皇帝	4960527
cnsa	4960526
週明け	4960525
ピクチャー	4960524
抜き取れ	4960523
コボ	4960522
アユダメ	4960521
plans	4960520
ミッドガルド	4960519
ーゴど	4960518
バレリオン	4960517
killers	4960516
送管	4960515
ヴァータネン	4960514
律法	4960513
スラット	4960512
ｄｒ	4960511
とめて	4960510
ころが	4960509
ストレイテン	4960508
あばた	4960507
天蓋	4960506
dancing	4960505
思いっ切り	4960504
行き交い	4960503
ブチ殺	4960502
一介	4960501
マース	4960500
アルカロイド	4960499
条文	4960498
エゴイスト	4960497
とりあげ	4960496
フラれ	4960495
道成	4960494
放水	4960493
suffer	4960492
防諜	4960491
fed	4960490
ホウ	4960489
孫達	4960488
マカディン	4960487
xkeyscore	4960486
籠絡	4960485
カルダ	4960484
劣悪	4960483
黒帯	4960482
ハロン	4960481
district	4960480
恨めし	4960479
笛吹き	4960478
枯渇	4960477
cheer	4960476
愛護	4960475
天秤	4960474
farther	4960473
ｉｒａ	4960472
ハーメルン	4960471
藝含	4960470
盛り上がれ	4960469
出来物	4960468
膵臓	4960467
はち切れ	4960466
hdtv	4960465
臨死	4960464
糞ビッチ	4960463
固化	4960462
ヘイニー	4960461
聳え	4960460
かたぎ	4960459
ちんぴら	4960458
砂塵	4960457
ａｍ	4960456
tempora	4960455
くちづけ	4960454
達殺	4960453
推力	4960452
searching	4960451
萱羅	4960450
降霊術	4960449
アレグザンダー	4960448
借用	4960447
丿ヾーティ	4960446
あっぱれ	4960445
断食	4960444
followed	4960443
study	4960442
question	4960441
クロース	4960440
ユエン	4960439
ロサリア	4960438
買物	4960437
バンバンジー	4960436
batman	4960435
サンドだ	4960434
造りだ	4960433
可聴	4960432
赤らめ	4960431
中から	4960430
walls	4960429
ヴァッサー	4960428
怯	4960427
emt	4960426
男め	4960425
布きれ	4960424
熱血	4960423
すがり	4960422
丶盛	4960421
アンドレーエフ	4960420
完勝	4960419
いずこ	4960418
モレノ	4960417
嘘話	4960416
鉛色	4960415
糞尿	4960414
強靱	4960413
轄突	4960412
メジナ	4960411
ウィンクロフト	4960410
放ち	4960409
ワーグナー	4960408
拝聴	4960407
黒魔術	4960406
寸断	4960405
synced	4960404
ロベリア	4960403
テー	4960402
熾	4960401
僅差	4960400
薄汚れ	4960399
選び抜	4960398
もみ消せ	4960397
フリーナ	4960396
トライアンキロ	4960395
心証	4960394
治し	4960393
トーヴェックス	4960392
ツゥー	4960391
ハルトマン	4960390
みくじ	4960389
夥し	4960388
咄嗟	4960387
忍ば	4960386
メカニクス	4960385
オーリ	4960384
霜退	4960383
det	4960382
雷酸	4960381
ノーリ	4960380
haunting	4960379
のろまだ	4960378
risk	4960377
パウル	4960376
チャクラ	4960375
コンナ	4960374
ジィム	4960373
裾	4960372
ベンゾジアゼピン	4960371
デートバー	4960370
ネギ	4960369
オーツ	4960368
デーネリス	4960367
メガメック	4960366
ワーリン	4960365
仇名	4960364
チオペンタール	4960363
うまい	4960362
ヴァッサ	4960361
敬遠	4960360
つまみだせ	4960359
曲がり角	4960358
乗合	4960357
ヘルナンド	4960356
鉄骨	4960355
ティビッツ	4960354
fixed	4960353
突吏	4960352
アイアイ	4960351
褒め合	4960350
なりふり	4960349
きか	4960348
違訳	4960347
アンドレーエ	4960346
甘党	4960345
ーバーティ	4960344
opm	4960343
魚頭	4960342
綿摘み	4960341
ひとえに	4960340
ヴォート	4960339
古ヴァリリア	4960338
仇討ち	4960337
エルネスト	4960336
左拳	4960335
書ープ	4960334
箱睾	4960333
完走	4960332
レベ丿	4960331
と金	4960330
グリムス	4960329
猫好き	4960328
打ち返せ	4960327
食いつき	4960326
ワリード	4960325
ちゃっ	4960324
港務	4960323
やあああ	4960322
タコマ	4960321
場内	4960320
凍土	4960319
誘致	4960318
ウーリー	4960317
ポインツ	4960316
ソテー	4960315
スマイ	4960314
捉えどころ	4960313
ジェーク	4960312
拭え	4960311
敵側	4960310
balone	4960309
神崎	4960308
ティタニアム	4960307
病態	4960306
パティー	4960305
引き籠も	4960304
こじらせ	4960303
マンデル	4960302
叩き返	4960301
オィ	4960300
きしみ	4960299
オロ	4960298
卜ビキ	4960297
ヘヴン	4960296
ハーベスト	4960295
付帯	4960294
カルタ	4960293
締め括	4960292
うじ虫	4960291
ピラティス	4960290
サンライズ	4960289
マジーナ	4960288
ルニガン	4960287
達何	4960286
バリスタ	4960285
ブレーカ	4960284
くそつ	4960283
ハングリー	4960282
コンシャンス	4960281
fdr	4960280
ソドム	4960279
バーニーズ	4960278
説げ	4960277
美錬	4960276
殊勝	4960275
椎茸	4960274
イーゴン	4960273
素晴ら	4960272
アントニア	4960271
夜半	4960270
不順	4960269
おおいに	4960268
嵌ま	4960267
たあに	4960266
ジギー	4960265
わんぱく	4960264
慰み	4960263
ばなし	4960262
世直し	4960261
ホテト	4960260
マルタイ	4960259
ビター	4960258
サイプ	4960257
食いしば	4960256
nc	4960255
口汚	4960254
沸き立	4960253
はっはっは	4960252
リングサイド	4960251
ひっかきまわ	4960250
おっぱじめ	4960249
もぎ取れ	4960248
脚色	4960247
エドウィッジ	4960246
レッドブルウォッカ	4960245
ルーイ	4960244
控え室	4960243
巻き付	4960242
dixieland	4960241
ヤメテ	4960240
wbc	4960239
リヴィングストン	4960238
負わ	4960237
ヒンゴ	4960236
フィディ	4960235
マナーク	4960234
雪雰	4960233
一ァ	4960232
さか	4960231
重犯	4960230
常態	4960229
たまら	4960228
餓	4960227
掴み取れ	4960226
賃借	4960225
かぎ針	4960224
痩せっぽち	4960223
幼馴染み	4960222
ぼっち	4960221
略歴	4960220
のぼれ	4960219
突票	4960218
マダ	4960217
カレイ	4960216
垂れ下が	4960215
そばだて	4960214
くじ引き	4960213
飲みなお	4960212
もつれ合	4960211
主体	4960210
見繕	4960209
ロイシェファス	4960208
風采	4960207
ワぉ	4960206
イレイン	4960205
木の葉	4960204
死別	4960203
メイフラワー	4960202
ネクロマンサー	4960201
ジュリアーニ	4960200
リバウンド	4960199
トレーチ	4960198
術後	4960197
ジェレミア	4960196
嗅ぎ取	4960195
マシス	4960194
ほっそり	4960193
暖	4960192
なき	4960191
ルノー	4960190
ガンチュラ	4960189
デューティ	4960188
アルーバ	4960187
訴因	4960186
コンポーネント	4960185
膝蓋	4960184
そびえ立	4960183
オーリン	4960182
ルゼッカス	4960181
哀愁	4960180
締めくくり	4960179
リサイクリング	4960178
パトレリ	4960177
シュタイン	4960176
かお	4960175
ぶざけ	4960174
うござ	4960173
巻きこ	4960172
似あ	4960171
敏捷	4960170
ベゼル	4960169
uhf	4960168
飲み足り	4960167
ピンクニー	4960166
レンヤ	4960165
農壺	4960164
ぁぁぁ	4960163
造り出	4960162
サーモスタット	4960161
リヤド	4960160
宝飾	4960159
裏金	4960158
嘱託	4960157
ネン	4960156
シャッフル	4960155
ナオ	4960154
クローニング	4960153
タッセル	4960152
投足	4960151
英数字	4960150
マゾ	4960149
ヤラセ	4960148
なぉ	4960147
チャイヨー	4960146
シヨン	4960145
両刀	4960144
オートマティック	4960143
ポケッ	4960142
役割り	4960141
よしと	4960140
自説	4960139
ネメッツ	4960138
グリモア	4960137
ワーグ	4960136
たんじや	4960135
素面	4960134
あんまし	4960133
ミディ	4960132
欟	4960131
アダージョ	4960130
炊き出し	4960129
へんぴ	4960128
ラモント	4960127
有得	4960126
ワツィンガー	4960125
牡牛	4960124
椀	4960123
heads	4960122
心配り	4960121
あら探し	4960120
擦り付け	4960119
書信	4960118
女役者	4960117
ノフ	4960116
パープ	4960115
一隊	4960114
唯一人	4960113
売り家	4960112
たいそう	4960111
よろこぶ	4960110
風呂敷	4960109
山狩	4960108
讐官	4960107
ハンフリー	4960106
ポリカーボネート	4960105
なんガ	4960104
くた	4960103
刈り込	4960102
跳ね橋	4960101
モントレッサ	4960100
顕在	4960099
ルこ	4960098
詰問	4960097
シット	4960096
こぅん	4960095
降暑	4960094
鉄門	4960093
やりすご	4960092
拡充	4960091
なきがら	4960090
擲弾	4960089
バトルーク	4960088
持ち上	4960087
末梢	4960086
検分	4960085
おらぁぁぁぁ	4960084
曽祖父	4960083
sekunden	4960082
帰省	4960081
物腰	4960080
デーリー	4960079
フチ	4960078
すなぉ	4960077
異音	4960076
プルースト	4960075
丞	4960074
デゲン	4960073
リジック	4960072
レストラングループ	4960071
メイシーズ	4960070
無類	4960069
ペーサー	4960068
脚注	4960067
ぉノ	4960066
更童	4960065
ーボー	4960064
カルマン	4960063
たガ	4960062
不恵壽	4960061
キャラク	4960060
べっ	4960059
aaaah	4960058
カメロン	4960057
うゎー	4960056
うわぁぁぁ	4960055
アイユーブ	4960054
ークサ	4960053
トウマーテル	4960052
顔役	4960051
aaa	4960050
死に掛か	4960049
伝導体	4960048
ちょろまか	4960047
婁	4960046
疑り	4960045
のん	4960044
ｄｂａａ	4960043
かっさら	4960042
埋め立て	4960041
エルビア	4960040
なわ	4960039
コンセプシオン	4960038
ラグジュア	4960037
買い置き	4960036
思ぅ	4960035
残金	4960034
シスクィンタン	4960033
タンバリン	4960032
松ぼっくり	4960031
ウィルキンソン	4960030
一飲み	4960029
ロリータ	4960028
丿出	4960027
ビス	4960026
tomber	4960025
亭主だ	4960024
き場	4960023
タダ乗り	4960022
レッドスキンズ	4960021
レーガー	4960020
大筋	4960019
おどけ	4960018
フェルドマン	4960017
かっぱら	4960016
アンカミュート	4960015
オジー	4960014
アルフォンソ	4960013
deserves	4960012
ソフトウエアー	4960011
水田	4960010
lips	4960009
こょ	4960008
だガら	4960007
寝付け	4960006
ゆぅ	4960005
マーセル	4960004
くれえ	4960003
ティコタコ	4960002
オリンピア	4960001
骨棘	4960000
んゃ	4959999
ガガガ	4959998
んガ	4959997
ほぐれ	4959996
ヵ国	4959995
フレー	4959994
ロゼッティ	4959993
ずつと	4959992
九十	4959991
きちガ	4959990
俄	4959989
カルドネ	4959988
ミタット	4959987
今住	4959986
チャーハン	4959985
まいど	4959984
ハーツウェル	4959983
ニクワナ	4959982
逃げこ	4959981
其角	4959980
雅号	4959979
最凶	4959978
ミリセント	4959977
ゲマインシャフト	4959976
コメ	4959975
〻	4959974
ヴォリチェク	4959973
ibm	4959972
雑食	4959971
かたき	4959970
そんープ	4959969
時流	4959968
膝頭	4959967
添い寝	4959966
オキシトシン	4959965
ドアーズ	4959964
kingdom	4959963
大股	4959962
センセイ	4959961
なんじ	4959960
常人	4959959
ダレ	4959958
見送れ	4959957
ょガ	4959956
めり込	4959955
ドブキンス	4959954
ジェディディア	4959953
パラメーター	4959952
伝法	4959951
こ覧	4959950
芙穿	4959949
楚歌	4959948
小煩	4959947
抜き出せ	4959946
ボリング	4959945
誑か	4959944
預ガ	4959943
キセル	4959942
四面	4959941
引き下がれ	4959940
冤管	4959939
らね	4959938
吐き戻	4959937
パパイヤ	4959936
干光	4959935
着服	4959934
喉頭	4959933
タガティ	4959932
ヒグ	4959931
ビジェイ	4959930
デシベル	4959929
feather	4959928
付箋	4959927
麦ド	4959926
皇付	4959925
難癖	4959924
壁際	4959923
愛染	4959922
足立	4959921
チャップス	4959920
抜ーブ	4959919
莞え	4959918
日干し	4959917
デラコルテ	4959916
喉渇	4959915
眞言	4959914
嵩	4959913
泥門	4959912
蒸	4959911
thetheccthecthecthethe	4959910
thec	4959909
月食	4959908
クレメント	4959907
涯	4959906
stasi	4959905
組替え	4959904
gretchen	4959903
地滑り	4959902
ふせろ	4959901
reality	4959900
おりゃ	4959899
ぴんぴん	4959898
ぎくしゃく	4959897
信認	4959896
采配	4959895
ハイウエイ	4959894
finds	4959893
初音	4959892
アサー	4959891
レッキング	4959890
簾	4959889
マグワイヤ	4959888
くぐり	4959887
脱会	4959886
くぎ	4959885
ラニガン	4959884
カウ	4959883
すこぶる	4959882
拝啓	4959881
シュトゥルー	4959880
third	4959879
たより	4959878
陳情	4959877
売り買い	4959876
荷迅	4959875
ガラタ	4959874
立ち往生	4959873
カーマ	4959872
張りつけ	4959871
真核	4959870
ラグマン	4959869
シギー	4959868
シィセビッチ	4959867
踏み板	4959866
weight	4959865
questions	4959864
天幕	4959863
渉	4959862
吸いこ	4959861
天命	4959860
ガズ	4959859
ドッカーン	4959858
行ープ	4959857
ペペローニ	4959856
showed	4959855
種明かし	4959854
honeymoon	4959853
コーラリ	4959852
よしこ	4959851
増量	4959850
上ガ	4959849
スリ傷	4959848
まとわり付	4959847
リーフラー	4959846
identification	4959845
ガバナー	4959844
ごみ箱	4959843
coma	4959842
changes	4959841
stayed	4959840
今代わ	4959839
両論	4959838
ファラフェル	4959837
寝食	4959836
biotechnology	4959835
ジョスリン	4959834
おちい	4959833
懺	4959832
さまし	4959831
ほガ	4959830
choke	4959829
leading	4959828
こや	4959827
引渡	4959826
アコライト	4959825
バスシバ	4959824
illegal	4959823
トリクル	4959822
イコン	4959821
大粒	4959820
discus	4959819
クロムウェル	4959818
ねぱ	4959817
search	4959816
plants	4959815
ミリアス	4959814
原産	4959813
クッド	4959812
盗聴器	4959811
apologize	4959810
マクロ	4959809
エタイ	4959808
loose	4959807
ソノ	4959806
デスモンド	4959805
wisdom	4959804
passport	4959803
フリジッド	4959802
発足	4959801
despite	4959800
人情	4959799
オルロフ	4959798
還俗	4959797
解熱	4959796
mentalist	4959795
ccr	4959794
cpd	4959793
原状	4959792
見たか	4959791
反し	4959790
arc	4959789
臨月	4959788
おもて	4959787
プノンペン	4959786
タフィー	4959785
lsat	4959784
アクチェ	4959783
うひやあああああ	4959782
オペラクローク	4959781
生駒	4959780
河内	4959779
至難	4959778
彡艸	4959777
taylor	4959776
放し飼い	4959775
シャハーベッティン	4959774
avenue	4959773
コルドウェル	4959772
主だっ	4959771
ふてぶてし	4959770
テルフォード	4959769
御子	4959768
冬物語	4959767
思い違い	4959766
玖	4959765
窪覧	4959764
クローソン	4959763
遡及	4959762
ウインザー	4959761
ステミンス	4959760
算定	4959759
サンテリア	4959758
ju	4959757
箇ま	4959756
ハカリ	4959755
力なし	4959754
うむぅ	4959753
ルメリア	4959752
マリサ	4959751
ドナウ	4959750
キアリテ	4959749
突き詰め	4959748
杓	4959747
オルデン	4959746
篆	4959745
ストリキニーネ	4959744
ゲンナディウス	4959743
european	4959742
particular	4959741
ヴェネチア	4959740
意匠	4959739
アルクメネ	4959738
バンディ	4959737
蹄鉄	4959736
真髄	4959735
ゥマチ	4959734
錫	4959733
まーね	4959732
タイガ	4959731
ライプチヒ	4959730
アルキデース	4959729
non	4959728
ポッパー	4959727
魔除け	4959726
タノ	4959725
翌	4959724
フンババ	4959723
かしらん	4959722
召し上	4959721
received	4959720
spa	4959719
論証	4959718
喜薯	4959717
ラッサ	4959716
パウン	4959715
まとまり	4959714
バノック	4959713
オクトパス	4959712
ロフタス	4959711
享年	4959710
イェニチェリ	4959709
ょぅだ	4959708
モザンビーク	4959707
そ些	4959706
マルコーニ	4959705
ボンバード	4959704
山刀	4959703
壽ス	4959702
丿ヾl	4959701
っぁん	4959700
ヵう	4959699
寝つき	4959698
invented	4959697
あしか	4959696
しゅんカ	4959695
f旬	4959694
非売品	4959693
粒状	4959692
ボアズケセン	4959691
妻役	4959690
学名	4959689
クラップ	4959688
ドゥル	4959687
メリトン	4959686
あらららら	4959685
スイト	4959684
田舎道	4959683
ジョージアナ	4959682
体積	4959681
暗鬼	4959680
振幅	4959679
対角	4959678
さく	4959677
closer	4959676
酔い止め	4959675
教職員	4959674
モース	4959673
町はずれ	4959672
placed	4959671
ティクリート	4959670
民家	4959669
中腹	4959668
託送	4959667
サカリ	4959666
ぐだぐだ	4959665
コンスタンティノープル	4959664
ネザー	4959663
ンカ	4959662
ボレ一	4959661
垂れ流	4959660
交	4959659
ﾍﾙﾌﾟ	4959658
lovers	4959657
かなり下	4959656
ひねり出	4959655
フュージリア	4959654
steel	4959653
追究	4959652
thieves	4959651
洲	4959650
グレイタム	4959649
ﾏｽﾀｰ	4959648
罷免	4959647
薄ら	4959646
マルキ	4959645
resurrection	4959644
群え	4959643
雑然	4959642
ドッ	4959641
重し	4959640
酔わ	4959639
unwind	4959638
頭字	4959637
スピリッツ	4959636
四駆	4959635
リカリ	4959634
寝違え	4959633
猛追	4959632
営み	4959631
すっぽり	4959630
近よ	4959629
クリプト	4959628
コブレンツ	4959627
モハ	4959626
尻ぬぐい	4959625
フィール	4959624
モッツァレラ	4959623
マジョルカ	4959622
生焼け	4959621
ウィート	4959620
ストリング	4959619
ﾞ	4959618
エンドルフィン	4959617
割引き	4959616
ネイタル	4959615
調度	4959614
ブレーキング	4959613
マクマード	4959612
ジーニン	4959611
大ゲンカ	4959610
レイノルドズ	4959609
ストラスブール	4959608
絶て	4959607
ホフマンスタル	4959606
スレイス	4959605
焼きつけ	4959604
ｺﾞﾌﾞﾘﾝ	4959603
ブッチュー	4959602
金縛り	4959601
旅館	4959600
ひっこ	4959599
ニーハオ	4959598
犬飼	4959597
受けん	4959596
チャフティツェ	4959595
セレザ	4959594
私学	4959593
ホールディングス	4959592
divide	4959591
バプテスト	4959590
巴轢	4959589
憑き物	4959588
エルボー	4959587
マインハルト	4959586
デズデモーナ	4959585
苦々し	4959584
メスカリン	4959583
ゴミ出し	4959582
レーブ	4959581
deny	4959580
dust	4959579
burning	4959578
やさ	4959577
ハッカーマン	4959576
ギニア	4959575
thinks	4959574
カターナ	4959573
ﾕﾘ	4959572
ｼﾞｪｰﾑｽ	4959571
蒔間	4959570
ゲリュオン	4959569
メガラ	4959568
躊	4959567
衆人	4959566
押し殺	4959565
はばた	4959564
テーベ	4959563
作詞	4959562
バーニング	4959561
濃いめ	4959560
オブリンガー	4959559
ヘフナー	4959558
クレータ	4959557
へび	4959556
麦帯	4959555
フォルダー	4959554
オビスポ	4959553
管ち	4959552
まらくだ	4959551
珍奇	4959550
海側	4959549
入用	4959548
ベティナ	4959547
イヤッ	4959546
得ち	4959545
武将	4959544
廟	4959543
そこの	4959542
多頭	4959541
統轄	4959540
アルテミス	4959539
ハーシャル	4959538
ふるまえ	4959537
学び取	4959536
fred	4959535
丶議	4959534
もうし	4959533
粉塵	4959532
譲り渡	4959531
ｷﾝｸﾞ	4959530
呼び起こせ	4959529
生き返り	4959528
エーゲ	4959527
セクタ	4959526
蛇獣	4959525
アンティグア	4959524
専番	4959523
ムッソリーニ	4959522
賑わせ	4959521
ヴィンチグエラ	4959520
ハロゲン	4959519
ゼロックス	4959518
近視	4959517
struck	4959516
プロモーター	4959515
バジーレ	4959514
ｼｮｺﾗ	4959513
ブラーノ	4959512
surely	4959511
パレーリ	4959510
ariana	4959509
ビビリ	4959508
出来ごと	4959507
もやしっ子	4959506
あぶねえ	4959505
マドモワゼル	4959504
一難去	4959503
一難	4959502
ミーランシャー	4959501
jolly	4959500
thoughts	4959499
男受け	4959498
格付け	4959497
ラヴェーナ	4959496
キョウチク	4959495
デルファイ	4959494
ほどこ	4959493
前置	4959492
チョップショップ	4959491
釣合い	4959490
中頃	4959489
後一	4959488
threatened	4959487
面会日	4959486
くズ	4959485
個所	4959484
スクラッチ	4959483
delay	4959482
sq	4959481
ソーダー	4959480
boom	4959479
蓿め	4959478
パトゥー	4959477
アシュトン	4959476
ラバンヌ	4959475
さらっ	4959474
硬壊	4959473
students	4959472
オレーグ	4959471
エンジニアー	4959470
丶力	4959469
滑空	4959468
ハルバー	4959467
急遽	4959466
ダンケ	4959465
オーガス	4959464
ダムダム	4959463
つめかけ	4959462
モアイ	4959461
達戻	4959460
農け	4959459
ほとんと	4959458
桑れ	4959457
蜊	4959456
鵜飼	4959455
魚釣	4959454
出掛	4959453
實公	4959452
ガけ	4959451
やガ	4959450
着賛	4959449
たじけな	4959448
ウィルビー	4959447
素臣	4959446
じゃあいつ	4959445
受け渡	4959444
毒子	4959443
遣ぅ	4959442
胸元	4959441
鱇	4959440
ぞろぞろ	4959439
つとめ	4959438
コンボイ	4959437
ぁんたガ	4959436
夏木	4959435
ミリコフ	4959434
本豪	4959433
uio	4959432
鱒丶	4959431
丶ただ	4959430
オイスターベイ	4959429
あさまし	4959428
ーつ	4959427
満ち足り	4959426
チュチュ	4959425
mhm	4959424
コーチゾン	4959423
バーリー	4959422
蔑壷	4959421
遁	4959420
睾疆蓋	4959419
アップリンク	4959418
一窒	4959417
見劣り	4959416
グラマトン	4959415
釣り竿	4959414
ァホ	4959413
わかり	4959412
崩御	4959411
フィレ	4959410
シュバート	4959409
本市	4959408
ち合	4959407
ガせ	4959406
メノックス	4959405
きも	4959404
カウンタ	4959403
可裏	4959402
冒菖	4959401
ロビ	4959400
ガね	4959399
カステル	4959398
篭蕁	4959397
brat	4959396
丶出	4959395
有言	4959394
レゃ	4959393
丿ヾワ一	4959392
タクシ	4959391
タワゴト	4959390
分ガ	4959389
マッキナック	4959388
のぞき	4959387
骨用	4959386
凵ガガ	4959385
ロロ	4959384
スカリー	4959383
ギラギラ	4959382
穎	4959381
天筐	4959380
臺	4959379
開昔	4959378
ライズ	4959377
遷	4959376
イケイケ	4959375
食凵	4959374
つつぁん	4959373
歩数	4959372
凵老	4959371
訪槍	4959370
密約	4959369
宗	4959368
思いかけ	4959367
ミューティレーション	4959366
そこもと	4959365
かかる	4959364
本筋	4959363
旦	4959362
蚕	4959361
躊飼	4959360
ひつこ	4959359
ビーバートン	4959358
猫缶	4959357
シユシユ	4959356
迷走	4959355
みてえ	4959354
抗がん	4959353
満塁	4959352
パダワン	4959351
ああつ	4959350
乳がん	4959349
諸卿	4959348
ｓｉｄｓ	4959347
黛臣	4959346
レジス	4959345
お転婆	4959344
ヒア	4959343
魚人	4959342
振りだし	4959341
ジンベエ	4959340
竹内	4959339
生田	4959338
テンレック	4959337
ヌメノール	4959336
満更	4959335
カウンティ	4959334
ジオノーシス	4959333
ジュー	4959332
増税	4959331
やあっ	4959330
inmates	4959329
かけなお	4959328
鍛練	4959327
ルフィ	4959326
薬飲	4959325
シャベス	4959324
デカッ	4959323
グシャグシャ	4959322
マルドゥーン	4959321
底抜け	4959320
ファウンテン	4959319
駄々	4959318
ウォータ	4959317
カメリア	4959316
のぼり	4959315
麦書	4959314
スノウィー	4959313
穣誤	4959312
max	4959311
魔人	4959310
踏みこ	4959309
草俵	4959308
アデア	4959307
往き	4959306
の衆	4959305
ブレンダー	4959304
隷門	4959303
lean	4959302
手勢	4959301
インタフェース	4959300
もとい	4959299
ゴゾード	4959298
ビーデ	4959297
道草	4959296
ｷ	4959295
苗	4959294
飯碧	4959293
親米	4959292
オジ	4959291
文麿	4959290
できっと	4959289
各階	4959288
コーデ	4959287
たーブ	4959286
ソンドハイム	4959285
暮府	4959284
立ちション	4959283
了然	4959282
栞	4959281
あやは	4959280
云茜え	4959279
巣状	4959278
嘉し	4959277
内葦	4959276
エクリビウム	4959275
棄	4959274
シスロ	4959273
患カ	4959272
蘊宣寅	4959271
競り	4959270
筧	4959269
かこ	4959268
木槌	4959267
卜カ	4959266
蛆虫	4959265
ルダウア	4959264
邪道	4959263
どきどき	4959262
導き出せ	4959261
ほーれ	4959260
ブルーシー	4959259
あガ	4959258
奔流	4959257
工ビ	4959256
立て籠も	4959255
ボバ	4959254
やすやす	4959253
ぶち殺せ	4959252
マクナブ	4959251
海ヘ	4959250
カルポリ	4959249
ヘん	4959248
cracks	4959247
involved	4959246
嘉蓋	4959245
ドラゴンズ	4959244
レディジェイ	4959243
璧萱	4959242
プレイン	4959241
全部門	4959240
だず	4959239
ペントンビル	4959238
プノ	4959237
のしし	4959236
ウィットビー	4959235
貫乙	4959234
ウオルター	4959233
nbsp	4959232
夢宴	4959231
ソングライター	4959230
取付	4959229
すえ	4959228
ライアーソン	4959227
きせ	4959226
くらげ	4959225
グリネル	4959224
マーティーヌ	4959223
はっき	4959222
wzpz	4959221
墾一	4959220
ティンズデール	4959219
刻みつけ	4959218
童董	4959217
aed	4959216
ストゥープ	4959215
ジイジ	4959214
首つり	4959213
格上げ	4959212
ワークス	4959211
ワタシハ	4959210
エンライト	4959209
誤記	4959208
揮発	4959207
デビルズ	4959206
パルフリー	4959205
門外	4959204
取り組め	4959203
くらくら	4959202
レッズ	4959201
虫かご	4959200
電文	4959199
キャプチャ	4959198
界耆	4959197
包み紙	4959196
すっからかん	4959195
シャロー	4959194
ベンベン	4959193
大負け	4959192
ドルトン	4959191
振り返え	4959190
巖ラレん	4959189
ベルバ	4959188
ツタウルシ	4959187
スティングレイジ	4959186
從	4959185
正方	4959184
エンゼル	4959183
ぼレ	4959182
レゅ	4959181
マテオス	4959180
抱卵	4959179
勘づ	4959178
怨	4959177
口ずさ	4959176
青山脈	4959175
タピア	4959174
コースキー	4959173
抵触	4959172
激安	4959171
アンヘル	4959170
體	4959169
見つけら	4959168
後ろ暗	4959167
にんげん	4959166
麦逸	4959165
よわ	4959164
ホルヘ	4959163
星丿	4959162
後学	4959161
修佇	4959160
絶ち	4959159
ディース	4959158
人受け	4959157
ゴーマー	4959156
アギラー	4959155
はぎ	4959154
コダマ	4959153
きゅ	4959152
ディオニュソス	4959151
票数	4959150
返り咲き	4959149
ディアンドラ	4959148
ゼニ	4959147
テセウス	4959146
ikea	4959145
俵	4959144
先刻	4959143
トンカチ	4959142
クローネン	4959141
豚獣	4959140
そこい	4959139
稼ぎ出	4959138
られんが	4959137
巨体	4959136
ハクティビスト	4959135
ヒゲ面	4959134
ダロウ	4959133
トレヴ	4959132
ヤマシタ	4959131
スティーヴンス	4959130
真づ	4959129
ピーピー	4959128
かや	4959127
しょく	4959126
ジョコ	4959125
キャスリーン	4959124
ケサディーヤ	4959123
タミル	4959122
スプライシング	4959121
グリスト	4959120
浮かれ騒	4959119
デレニック	4959118
支え合	4959117
レスビアン	4959116
同額	4959115
回遊	4959114
つゆ	4959113
日め	4959112
ぶよぶよ	4959111
長らえ	4959110
我社	4959109
テンピー	4959108
鈍力	4959107
コンパイル	4959106
小技	4959105
小馬	4959104
ココボロ	4959103
ジョシア	4959102
踏み切	4959101
マニ	4959100
入りかけ	4959099
矢面	4959098
ヒフバエ	4959097
ｃｐｕ	4959096
energy	4959095
ちびちび	4959094
快挙	4959093
侘し	4959092
scus	4959091
改	4959090
はしけ	4959089
アウグスティン	4959088
小間使い	4959087
ギジェルモ	4959086
ローサ	4959085
地溝	4959084
積み込み	4959083
ちくり	4959082
かけ声	4959081
自生	4959080
アウス	4959079
ドレー	4959078
空電	4959077
フザケタ	4959076
ヌリ	4959075
マーブル	4959074
オメェ	4959073
ガキか	4959072
クレランド	4959071
center	4959070
物まね	4959069
シネストロ	4959068
バルシュ	4959067
耳毛	4959066
グリガ	4959065
アイボリー	4959064
ハウイー	4959063
chi	4959062
カーディオ	4959061
ねじ曲げ	4959060
ハーディー	4959059
フヌケ	4959058
ガイズラー	4959057
イメージング	4959056
エウレカ	4959055
テンドー	4959054
かたくら	4959053
はぐく	4959052
ヤンシー	4959051
ファラー	4959050
ギジェット	4959049
ティラノ	4959048
ディスカウント	4959047
網目	4959046
ソーシャーク	4959045
手土産	4959044
シャーン	4959043
はたまた	4959042
つかみとれ	4959041
私財	4959040
ウェント	4959039
枝分かれ	4959038
引込み	4959037
灰鱗	4959036
ピカイチ	4959035
内々	4959034
モツァレラ	4959033
クネクネ	4959032
ケトン	4959031
ペティス	4959030
サニデール	4959029
どけな	4959028
彫れ	4959027
オーラル	4959026
意固地	4959025
エスカンダー	4959024
切込み	4959023
テスティーノ	4959022
ヒッポ	4959021
なれそめ	4959020
ぜい肉	4959019
ダガンスキ	4959018
適量	4959017
シェイラ	4959016
ウッズマン	4959015
一先ず	4959014
誂え	4959013
creak	4959012
エスクワイア	4959011
thud	4959010
狙い目	4959009
ピュロス	4959008
利得	4959007
股割り	4959006
ふた手	4959005
創傷	4959004
chamallow	4959003
whoosh	4959002
君主だ	4959001
フリッタ	4959000
水かけ	4958999
先駆け	4958998
カーギル	4958997
鼻毛	4958996
コスチャ	4958995
ｘｋ	4958994
顔料	4958993
メンゲラ	4958992
しき	4958991
酷似	4958990
いっとき	4958989
渾身	4958988
轄	4958987
ハビ	4958986
両膝	4958985
しゃんと	4958984
白松	4958983
スコットウッド	4958982
ごった	4958981
ye	4958980
あやす	4958979
キャプラン	4958978
パララプトルフォーメーション	4958977
高ぶり	4958976
気ちがい	4958975
グノー	4958974
りぬ	4958973
シグネ	4958972
用量	4958971
安酒	4958970
ホアン	4958969
割り勘	4958968
ジョニ	4958967
あぁぁぁぁ	4958966
ブリタニア	4958965
切替	4958964
炙り出	4958963
挙げ句	4958962
耳寄り	4958961
ルバーブ	4958960
だァ	4958959
すりむ	4958958
タイメックス	4958957
öurself	4958956
いらっしゃー	4958955
おひさ	4958954
フェネル	4958953
アカデミック	4958952
競り合	4958951
牛追い	4958950
壽し	4958949
ビネガー	4958948
すんげえ	4958947
ケ所	4958946
さすら	4958945
とりやめ	4958944
いじくりまわ	4958943
ドーピング	4958942
控室	4958941
略称	4958940
主従	4958939
臭化	4958938
クインビー	4958937
遊戯	4958936
角刈り	4958935
森中	4958934
ベラスケス	4958933
小事	4958932
いかつ	4958931
ふんぎり	4958930
サバイバリスト	4958929
酔払	4958928
ヤマハ	4958927
ラモナ	4958926
ガタ落ち	4958925
喉頭蓋	4958924
請い求め	4958923
ねじくれ	4958922
ドミソ	4958921
分業	4958920
論告	4958919
大荒れ	4958918
ダヨーン	4958917
ワーイ	4958916
芒星	4958915
きかん	4958914
んで	4958913
聞き違え	4958912
効用	4958911
俣	4958910
抜きん出	4958909
空箱	4958908
halo	4958907
本数	4958906
成虫	4958905
憐	4958904
エスニック	4958903
存じ	4958902
ソンブレロ	4958901
じゃれ合い	4958900
highway	4958899
サスカトゥーン	4958898
盲検	4958897
ぢゃ	4958896
月額	4958895
おおおお	4958894
零下	4958893
ハイブリット	4958892
はしょ	4958891
サーティ	4958890
女囚	4958889
馬兜	4958888
溶け落ち	4958887
リンボー	4958886
むりやり	4958885
やみ	4958884
グロー	4958883
なつか	4958882
売れ残り	4958881
主将	4958880
ツヤ	4958879
コンディショナー	4958878
荷馬	4958877
プロテクト	4958876
くっちゃべ	4958875
ペタンコ	4958874
浮かぶ	4958873
皇符	4958872
押し流	4958871
洋上	4958870
まっしぐら	4958869
点訳	4958868
石火矢衆	4958867
王政	4958866
退げ	4958865
かみくだ	4958864
怜央	4958863
june	4958862
ジマー	4958861
捜しだ	4958860
enmakun	4958859
ふふん	4958858
歸り	4958857
アベ	4958856
ディダラボッチ	4958855
菫菫	4958854
あやまち	4958853
室藝	4958852
みよ	4958851
ti	4958850
ラティーナ	4958849
クソー	4958848
ほろ	4958847
篁力	4958846
ヒッグズ	4958845
精機	4958844
ニモイ	4958843
ソルトレーク	4958842
マキノ	4958841
茹ら	4958840
けず	4958839
追い詰めろ	4958838
とどけ	4958837
オサキン	4958836
ドルコフ	4958835
せえの	4958834
ふんで	4958833
南緯	4958832
元氣	4958831
オナカ	4958830
にげろ	4958829
ふし	4958828
ぬし	4958827
コチョコチョ	4958826
following	4958825
ツッコミ	4958824
亮つ	4958823
持ち家	4958822
ルーカー	4958821
矢衆	4958820
ー殺	4958819
でぃ	4958818
棄芋	4958817
手間ど	4958816
厄日	4958815
國	4958814
乘	4958813
ねだり	4958812
忘れもの	4958811
見なし	4958810
窪	4958809
テフロン	4958808
マリスター	4958807
バスタード	4958806
ホァン	4958805
布教	4958804
交雑	4958803
まばら	4958802
飲水	4958801
原石	4958800
ひと握り	4958799
ホヤホヤ	4958798
蒲	4958797
受け流	4958796
航続	4958795
巨像	4958794
焔	4958793
運き	4958792
持ち寄	4958791
子め	4958790
コルトレーン	4958789
モンク	4958788
たたき落と	4958787
インポッシブル	4958786
符牒	4958785
このごろ	4958784
元首	4958783
スパッタ	4958782
ください	4958781
毒針	4958780
やつら	4958779
電工	4958778
アスダ	4958777
氣味	4958776
ガンダーソン	4958775
法曹	4958774
ぬく	4958773
謹ち	4958772
とぎすま	4958771
うつくし	4958770
やらし	4958769
ゆうん	4958768
オーガニックス	4958767
霜雪	4958766
wiki	4958765
ゆめ	4958764
スキンズ	4958763
ヒーラー	4958762
かたむけ	4958761
ルンバ	4958760
ターボロ	4958759
クンスト	4958758
あらそ	4958757
シーノ	4958756
マクレランド	4958755
道づれ	4958754
おかず	4958753
truthvox	4958752
セロトニン	4958751
コラボ	4958750
らず	4958749
ひんやり	4958748
genius	4958747
sockappellas	4958746
前述	4958745
煮立	4958744
machete	4958743
片ずけ	4958742
全弾	4958741
揉み合い	4958740
冥土	4958739
フライブルク	4958738
荒削り	4958737
禿	4958736
斜線	4958735
区切	4958734
立て直せ	4958733
つん	4958732
アルコメンタリー	4958731
ワーズ	4958730
チビリ	4958729
照片	4958728
さしずめ	4958727
マッキンリー	4958726
ごっちゃ	4958725
アウトサイド	4958724
パレルモ	4958723
墓泥棒	4958722
ルコヴスカヤ	4958721
スロリアン	4958720
童顔	4958719
サイファイ	4958718
オフロード	4958717
airdate	4958716
乳癌	4958715
タリス	4958714
軽業	4958713
ぶさ	4958712
たどり	4958711
叱咤	4958710
マンスール	4958709
project	4958708
グズマン	4958707
ヴァディムプシュコフ	4958706
水腫	4958705
ネバ	4958704
うどん	4958703
老害	4958702
ヘンリクセン	4958701
口やかまし	4958700
救い出し	4958699
グナー	4958698
nbc	4958697
サタデー	4958696
テカテカ	4958695
ヴァルム	4958694
ブルン	4958693
セガン	4958692
ドーブ	4958691
チャンゴ	4958690
miracle	4958689
ポラロイド	4958688
続投	4958687
奇数	4958686
縁結び	4958685
subject	4958684
スターシップ	4958683
モスル	4958682
表敬	4958681
ブラッドベリー	4958680
サザーク	4958679
崖下	4958678
南門	4958677
リカー	4958676
ぬれ衣	4958675
クリステンセン	4958674
パッピ	4958673
フレーザー	4958672
ヘザートン	4958671
持てん	4958670
早道	4958669
チッキン	4958668
ぷ	4958667
べたべた	4958666
ファッジ	4958665
ベセズダ	4958664
ラマディ	4958663
キマリ	4958662
secure	4958661
キロトン	4958660
ロイン	4958659
荷解き	4958658
デイーゼル	4958657
アシュフォード	4958656
みんなぁ	4958655
ムサカ	4958654
photo	4958653
カネ持ち	4958652
スラマー	4958651
キュリオ	4958650
クリストバル	4958649
ベロキラプトル	4958648
グローラー	4958647
マンゴ	4958646
ctoc	4958645
ランサムウェア	4958644
井	4958643
店主だ	4958642
juicy	4958641
ジャッカー	4958640
tsa	4958639
アニン	4958638
ビジュアル	4958637
フライシュ	4958636
サガラ	4958635
参っ	4958634
デイト	4958633
カトリン	4958632
精々	4958631
エロイ	4958630
ジャグラン	4958629
カミール	4958628
kitty	4958627
打ち勝て	4958626
軽症	4958625
シュリッツ	4958624
百貨	4958623
kzhc	4958622
worried	4958621
ラックランド	4958620
クパカ	4958619
clatter	4958618
同年	4958617
礼装	4958616
さまより	4958615
てっか	4958614
ふがいな	4958613
ケーター	4958612
リベート	4958611
サヴィル	4958610
サンダンス	4958609
グリーリー	4958608
初球	4958607
書きこ	4958606
ラゴス	4958605
砂金	4958604
txm	4958603
ジャスティーヌ	4958602
海豹	4958601
キンゼイ	4958600
ぁー	4958599
独壇	4958598
電卓	4958597
脇役	4958596
トロトロ	4958595
早引け	4958594
except	4958593
アークティック	4958592
ジャンピング	4958591
グティレズ	4958590
カルボーネ	4958589
躱	4958588
アピス	4958587
ゲラシエフ	4958586
写生	4958585
撲	4958584
年越し	4958583
プリヤ	4958582
拳闘	4958581
酒類	4958580
フレギー	4958579
ワンド	4958578
フェスマトス	4958577
キーティング	4958576
打ち落と	4958575
レッジ	4958574
出ん	4958573
スコフェィールド	4958572
ジョーゼット	4958571
ケンブル	4958570
オムニオ	4958569
全部隊	4958568
メロニム	4958567
ネグマ	4958566
por	4958565
ヒルト	4958564
needle	4958563
腐乱	4958562
ルーヴル	4958561
カイコス	4958560
ヒコーキ	4958559
オメデタ	4958558
妬け	4958557
managed	4958556
虹色	4958555
言い負か	4958554
スリーピー	4958553
ホロウ	4958552
peta	4958551
戦神	4958550
ncic	4958549
総立ち	4958548
演れ	4958547
ブライダル	4958546
ソウク	4958545
トドロフ	4958544
岩場	4958543
アキー	4958542
絞り込み	4958541
ベサニ	4958540
金銀	4958539
デキサメタゾン	4958538
起伏	4958537
definitely	4958536
中旬	4958535
ぴしゃり	4958534
ニッカーズ	4958533
スチュワード	4958532
安閑	4958531
ローフォード	4958530
apmg	4958529
カーゴ	4958528
尖が	4958527
先王	4958526
medical	4958525
jive	4958524
ピクサー	4958523
インペラトル	4958522
高祖父	4958521
知略	4958520
舟艇	4958519
責めちゃ	4958518
suggest	4958517
several	4958516
コードレッド	4958515
極貧	4958514
ビカデール	4958513
小刀	4958512
ハッシュド	4958511
テクム	4958510
裏打ち	4958509
サルト	4958508
重態	4958507
vw	4958506
experiment	4958505
真横	4958504
サーマル	4958503
私兵	4958502
コーダー	4958501
ｏｎ	4958500
シャートッ	4958499
モジョー	4958498
粉屋	4958497
モーニン	4958496
こんいち	4958495
チャンテル	4958494
カラサー	4958493
ミスベンタム	4958492
弾き飛ば	4958491
チャンプルー	4958490
相良	4958489
コペルニクス	4958488
竹林	4958487
ラスウェイ	4958486
掛かれ	4958485
糖類	4958484
swarm	4958483
折衝	4958482
surprised	4958481
悶着	4958480
kin	4958479
ベルタ	4958478
グレナダ	4958477
松小路	4958476
鎧屋	4958475
ラサウェイ	4958474
beneath	4958473
おしどり	4958472
ペンビー	4958471
ボブレード	4958470
片輪	4958469
くれれ	4958468
属国	4958467
ハーロー	4958466
ベックナー	4958465
大魚	4958464
ヒルディ	4958463
デッカ	4958462
ブレスラー	4958461
調え	4958460
再製	4958459
掲げろ	4958458
ナチュラル	4958457
ギャフン	4958456
ファミリア	4958455
プテロダクティルス	4958454
ぼったく	4958453
落伍	4958452
排	4958451
高野	4958450
デッカード	4958449
造り上げ	4958448
トラスティー	4958447
ビンラディン	4958446
ラジコン	4958445
フェイマス	4958444
菊屋	4958443
アブダビ	4958442
モントルイユ	4958441
麺蔵	4958440
サファー	4958439
のみさ	4958438
ｃａｔ	4958437
捩	4958436
どケチ	4958435
スキーム	4958434
matt	4958433
グイグイ	4958432
こっちか	4958431
辣腕	4958430
グラタン	4958429
サグルミント	4958428
工務	4958427
囀り	4958426
ジョワル	4958425
file	4958424
ウインナー	4958423
ので	4958422
糞クズ	4958421
滑車	4958420
レイミー	4958419
客足	4958418
ピシャリ	4958417
刹那	4958416
生き血	4958415
スンニ	4958414
ブラード	4958413
フロム	4958412
ノーマネー	4958411
ヨーリィ	4958410
全部屋	4958409
ブーベー	4958408
ドーデラー	4958407
ポーゼン	4958406
ダンスチーム	4958405
dat	4958404
エッコー	4958403
ニューロ	4958402
数度	4958401
ファルス	4958400
テーク	4958399
ニンジャー	4958398
イモ	4958397
heh	4958396
お陀仏	4958395
一期	4958394
カルテット	4958393
けたたまし	4958392
狼毒	4958391
ｕａｖ	4958390
マッケーナ	4958389
ロム	4958388
こぼれ落ち	4958387
ピサロ	4958386
じーっと	4958385
アナコンダ	4958384
首ったけ	4958383
今向か	4958382
いやまあ	4958381
オーヤァー	4958380
マウンド	4958379
次行	4958378
ビリビリ	4958377
キンギョ	4958376
纏ま	4958375
図表	4958374
ダチェフスキー	4958373
さしのべ	4958372
パラミツ	4958371
テクター	4958370
hearts	4958369
シャーイン	4958368
星野	4958367
洗い流し	4958366
びびり	4958365
たえ	4958364
なにぶん	4958363
サムディ	4958362
燃えたぎ	4958361
bp	4958360
ヴードゥー	4958359
シャオン	4958358
めぐり合わせ	4958357
歌いかけ	4958356
ガリラヤ	4958355
地だ	4958354
ダンディーズ	4958353
ラフィク	4958352
ビジー	4958351
曲射	4958350
山砲	4958349
ハリリ	4958348
金存	4958347
原初	4958346
羽出	4958345
わいろ	4958344
捺印	4958343
そご	4958342
ジャンバ	4958341
前車	4958340
ゲッツ	4958339
スティーブンソン	4958338
生誕	4958337
イクニュータエ	4958336
無休	4958335
パンスト	4958334
ガーリング	4958333
失な	4958332
bf	4958331
ダミアーノ	4958330
ダグラストン	4958329
めんつゆ	4958328
シッタ	4958327
いで立ち去	4958326
ボビーラ	4958325
モンパチ	4958324
水和	4958323
キルケ	4958322
うわさ話	4958321
ポリペムス	4958320
コルキス	4958319
suerte	4958318
なせ	4958317
血糊	4958316
クレソン	4958315
励まし合	4958314
重々	4958313
排他	4958312
ショア	4958311
リバーブ	4958310
capital	4958309
魔界	4958308
妄言	4958307
グブル	4958306
後ずさり	4958305
シスターズ	4958304
フォーチューン	4958303
クソキー	4958302
ナマケグマ	4958301
血みどろ	4958300
えり好み	4958299
ジャスティ	4958298
ネッ	4958297
ringing	4958296
焼け付	4958295
ラングール	4958294
ひいひい	4958293
毛繕い	4958292
時分か	4958291
無上	4958290
被覆	4958289
ホロー	4958288
アモー	4958287
無色	4958286
クラム	4958285
スイレン	4958284
上り詰め	4958283
配車	4958282
ガブローシュ	4958281
吸い取り	4958280
バント	4958279
オナガ	4958278
則り	4958277
スプー	4958276
マチ	4958275
ユトランド	4958274
握り潰	4958273
築き	4958272
なおれ	4958271
底力	4958270
断罪	4958269
アゾフ	4958268
本行	4958267
なにが	4958266
射線	4958265
マッパ	4958264
人何	4958263
フガジ	4958262
二斗	4958261
ナスリン	4958260
ドバー	4958259
うわぉ	4958258
カーケンダル	4958257
ロスタミ	4958256
コスコフ	4958255
アンガイ	4958254
坑夫	4958253
halls	4958252
エスコット	4958251
マクアンドリュース	4958250
ボカン	4958249
ブラウザ	4958248
オリリアン	4958247
ボルスク	4958246
メラノーマ	4958245
菊	4958244
明々	4958243
包容	4958242
エルオロ	4958241
途轍	4958240
フォーノウ	4958239
甘ったる	4958238
トワイス	4958237
ちゃらちゃら	4958236
マリオッティ	4958235
北東部	4958234
エイサ	4958233
ナイジェ	4958232
ホーホーホー	4958231
うなが	4958230
とび	4958229
ちゆ	4958228
stall	4958227
セタ	4958226
ヒルズデール	4958225
アツアツ	4958224
ヒっ	4958223
雨どい	4958222
初級	4958221
嫁入り	4958220
オーケィ	4958219
ピューター	4958218
へべれけ	4958217
ｍｉｒａｃｌｅ	4958216
ブリーズ	4958215
ｅｌｅｃｔｒｏｎｉｃｓ	4958214
なおかつ	4958213
涵養	4958212
場末	4958211
ワレラ	4958210
増資	4958209
所員	4958208
ヴァージン	4958207
窮状	4958206
ブックエンド	4958205
passed	4958204
church	4958203
コント	4958202
うるっせー	4958201
重なり	4958200
格差	4958199
dreamin	4958198
レッドブル	4958197
試せよ	4958196
エクセリオン	4958195
寄せ合	4958194
lemon	4958193
哲也	4958192
エレンディル	4958191
癇	4958190
差し引き	4958189
売れ筋	4958188
ハルカ	4958187
転生	4958186
移ら	4958185
スピラー	4958184
ウエストレイク	4958183
レイノア	4958182
レディオ	4958181
茗業	4958180
ディーム	4958179
浮き立	4958178
バエズ	4958177
四隅	4958176
アンコブ	4958175
マンネリ	4958174
査証	4958173
judge	4958172
の空	4958171
共作	4958170
イスタック	4958169
ーどこ	4958168
ジャンジャン	4958167
払い箱	4958166
断て	4958165
イヴォンヌ	4958164
カミーユデ	4958163
次女	4958162
lbc	4958161
くさり	4958160
デジカメ	4958159
ハッハッハッハ	4958158
カービィ	4958157
もろく	4958156
追い打ち	4958155
一蹴	4958154
ピューマ	4958153
べレック	4958152
ブノワ	4958151
nowadays	4958150
plenty	4958149
セルフサービス	4958148
advice	4958147
crave	4958146
rave	4958145
ティフアナ	4958144
マッコードル	4958143
うつむ	4958142
サイクロン	4958141
小せ	4958140
大金持	4958139
リパブリック	4958138
尋め	4958137
fearloathing	4958136
卜囗	4958135
chest	4958134
せびり	4958133
ニードルズ	4958132
サルバトーニ	4958131
心根	4958130
レクサス	4958129
要り	4958128
青木	4958127
引き落とし	4958126
曲者	4958125
パチーノ	4958124
茗う	4958123
場数	4958122
command	4958121
降りそそ	4958120
息の根	4958119
owl	4958118
fresh	4958117
軽卒	4958116
ザラゴッサ	4958115
ノーリン	4958114
polish	4958113
ジグソー	4958112
髪色	4958111
アンティ	4958110
feds	4958109
storm	4958108
のめりこ	4958107
親展	4958106
ッて	4958105
ボロ布	4958104
了見	4958103
ポリート	4958102
アグラノヴ	4958101
クンクン	4958100
のし上が	4958099
アロエ	4958098
均整	4958097
巴律	4958096
ズラリ	4958095
アブナー	4958094
ヘーガー	4958093
滸	4958092
来席	4958091
仮縫い	4958090
しごと	4958089
ヤリチン	4958088
漏出	4958087
ロザノ	4958086
mend	4958085
spirits	4958084
ぴかぴか	4958083
organization	4958082
ｃｃｔｖ	4958081
ナビゲータ	4958080
長城	4958079
citizenship	4958078
resorts	4958077
ｐｄｆ	4958076
インタ	4958075
coast	4958074
カムデン	4958073
夕ぉ	4958072
こすご	4958071
九龍	4958070
押し退け	4958069
ｐｌｃ	4958068
アガチス	4958067
いや気	4958066
肝丿	4958065
casinos	4958064
上玉	4958063
横っ面	4958062
択	4958061
コンストラクション	4958060
曾力	4958059
内皮	4958058
コンサルト	4958057
空き瓶	4958056
ステン	4958055
アバクロ	4958054
ニックサルバーティ	4958053
でちゆ	4958052
執政	4958051
ドラック	4958050
本日付け	4958049
浅まし	4958048
ｈｒａ	4958047
訣別	4958046
ナズグ	4958045
情動	4958044
ミスリル	4958043
ナクト	4958042
丶景	4958041
晒け出	4958040
ビューティ	4958039
くそお	4958038
バイン	4958037
エイリァン	4958036
亜麻仁	4958035
caa	4958034
蓼蕩	4958033
イントゥ	4958032
こもり	4958031
管賓	4958030
moma	4958029
ナイストロム	4958028
着床	4958027
暮睦	4958026
マカフィティ	4958025
ティーブロッサム	4958024
窩	4958023
紛らわせ	4958022
ハーンズ	4958021
ハグラー	4958020
tie	4958019
謹鼻	4958018
置きざり	4958017
差しだ	4958016
バーイ	4958015
バラド	4958014
乳飲み	4958013
行間	4958012
冨長	4958011
パピヨン	4958010
突室	4958009
ゴールキーパー	4958008
玉袋	4958007
幽鬼	4958006
legend	4958005
追い込み	4958004
遙	4958003
タラベリー	4958002
アテンダント	4958001
オトナ	4958000
plowing	4957999
tiny	4957998
梳か	4957997
リフティング	4957996
婆神	4957995
ペーニャ	4957994
ガレイク	4957993
静的	4957992
ワイオ	4957991
テレメトリー	4957990
難度	4957989
バルビツール	4957988
ascii	4957987
腱丶	4957986
らい	4957985
ニセ者	4957984
エルモ	4957983
大帝	4957982
グルーチョ	4957981
学力	4957980
馬屋	4957979
射落と	4957978
法治	4957977
クレスキン	4957976
キュリー	4957975
逆立	4957974
引き取れ	4957973
アシフ	4957972
棒切れ	4957971
生き別れ	4957970
ヒドラジン	4957969
蔑視	4957968
前ー	4957967
剣客	4957966
窟	4957965
産後	4957964
ぁじ	4957963
来園	4957962
ｎｇ	4957961
目見	4957960
党首	4957959
巨砲	4957958
廃船	4957957
プロティン	4957956
もっともらえ	4957955
皐	4957954
クソビッチ	4957953
投げやり	4957952
ネクサス	4957951
los	4957950
整髪	4957949
フライデー	4957948
イグニッション	4957947
コステル	4957946
斬奸	4957945
アランポー	4957944
neighbor	4957943
consider	4957942
鮮度	4957941
浸し	4957940
僅	4957939
ピューリッツァー	4957938
氷付け	4957937
アラステア	4957936
ようゆ	4957935
客層	4957934
rains	4957933
融点	4957932
極意	4957931
スイカズラ	4957930
bran	4957929
klg	4957928
裸体	4957927
んが	4957926
題目	4957925
ガリーナ	4957924
ジップタイ	4957923
全勝	4957922
シッピー	4957921
ジーヴス	4957920
ブカブカ	4957919
初任	4957918
tyrion	4957917
頻脈	4957916
ヌナブット	4957915
グンナル	4957914
おおぉ	4957913
ハロセン	4957912
叩き起こ	4957911
家捜し	4957910
やっべー	4957909
ウォーロック	4957908
モルモント	4957907
まだまし	4957906
ハルケット	4957905
ルーマン	4957904
ょろい	4957903
甘っち	4957902
ミグダル	4957901
フェアビュー	4957900
瀘州	4957899
平米	4957898
ダルパ	4957897
ウィジー	4957896
師範	4957895
オモニター	4957894
oms	4957893
詫びし	4957892
右脳	4957891
敗残	4957890
認	4957889
アキダリア	4957888
トランスポンダ	4957887
風情	4957886
がんな	4957885
明神	4957884
yoshiyuki	4957883
遊ば	4957882
ちまう	4957881
斬り落と	4957880
bill	4957879
トゥン	4957878
めぐり逢え	4957877
ドーニッシュ	4957876
防虫	4957875
南人	4957874
破断	4957873
チカラ	4957872
澄まし	4957871
ﾒｲﾝﾊﾞﾝｸ	4957870
東亜細亜	4957869
whip	4957868
追いやれ	4957867
ぜえ	4957866
シャント	4957865
トラファルガー	4957864
フューチャー	4957863
フォーレ	4957862
ナタリヤ	4957861
骨組み	4957860
許諾	4957859
船主	4957858
maria	4957857
アメン	4957856
ミッドウェイ	4957855
ドラビク	4957854
品々	4957853
もぎと	4957852
方達	4957851
昼前	4957850
入信	4957849
茜菫	4957848
メソッド	4957847
迫真	4957846
ミルコー	4957845
農耕	4957844
院生	4957843
カウナス	4957842
すみか	4957841
気後れ	4957840
守り合	4957839
ぐぁ	4957838
スポイト	4957837
lafd	4957836
ways	4957835
checking	4957834
hkia	4957833
ヘイヴン	4957832
デッチ上げ	4957831
みぉぼ	4957830
ベルーズ	4957829
classic	4957828
別格	4957827
短足	4957826
煮え	4957825
投げ付け	4957824
見覚ス	4957823
ローワー	4957822
時俺	4957821
デウォル	4957820
同意見	4957819
ヘラート	4957818
マホガニー	4957817
ホメイニ	4957816
重なり合	4957815
ラシッド	4957814
クロナッツ	4957813
揺り起こ	4957812
親元	4957811
飛びまわ	4957810
乗りかか	4957809
ほ一	4957808
幕間	4957807
モンゴリア	4957806
ゆすり屋	4957805
手芸	4957804
モーメント	4957803
末えい	4957802
ホッフマン	4957801
シトシン	4957800
公営	4957799
祝い事	4957798
グルータス	4957797
ビフゴ	4957796
グレンツ	4957795
低め	4957794
おばけ	4957793
ナジャー	4957792
給餌	4957791
魚類	4957790
アバディーン	4957789
ばけ	4957788
盆地	4957787
大がかり	4957786
さみー	4957785
怨念	4957784
外回り	4957783
白銅	4957782
ビヨンセ	4957781
ﾘｿﾞｰﾄ	4957780
やまとぉ	4957779
イスラ	4957778
オーピー	4957777
丶勅	4957776
モッテモテ	4957775
東門	4957774
メコン	4957773
まきあげ	4957772
イスパハン	4957771
つくり話	4957770
耕せ	4957769
再審	4957768
つたー	4957767
ウェインズ	4957766
霧中	4957765
禁輸	4957764
アマリロ	4957763
熱線	4957762
エージェム	4957761
見憶え	4957760
セコ	4957759
在任	4957758
委縮	4957757
太郎	4957756
案じめ	4957755
のみ込	4957754
フライヤーズ	4957753
ロマ	4957752
贔	4957751
商才	4957750
骨壺	4957749
合宿	4957748
左脳	4957747
despise	4957746
張子	4957745
secrets	4957744
もとめ	4957743
ゴフ	4957742
ジェネティクス	4957741
グラシア	4957740
windmills	4957739
カント	4957738
tunnel	4957737
hollow	4957736
モナリザ	4957735
えぐり取	4957734
焚火	4957733
ゲーセン	4957732
顔負け	4957731
トリメチル	4957730
ろっ骨	4957729
どに	4957728
へその	4957727
pocket	4957726
体つき	4957725
パチパチ	4957724
郡道	4957723
大泣き	4957722
つっかえ	4957721
完壁	4957720
sand	4957719
ブンオ	4957718
きゆう	4957717
carnival	4957716
城主	4957715
シャルトルーズ	4957714
夜ー	4957713
雷鼻	4957712
rage	4957711
芙茎	4957710
コリャ	4957709
マッキュー	4957708
メース	4957707
ネズ	4957706
ソロモニスト	4957705
触ら	4957704
うなずき	4957703
ロガー	4957702
ブレスト	4957701
dvdl	4957700
浸み込	4957699
睾寶	4957698
仕	4957697
専	4957696
おおかた	4957695
世田谷	4957694
ディアデン	4957693
入っ	4957692
史跡	4957691
毒矢	4957690
かえれ	4957689
急派	4957688
ending	4957687
好天	4957686
spinning	4957685
ふっくら	4957684
バックボーン	4957683
コーニッシュ	4957682
ぜェ	4957681
なげ	4957680
モナハン	4957679
フェスタス	4957678
部落	4957677
風評	4957676
アビガイル	4957675
ストラッド	4957674
粗品	4957673
案じ	4957672
バンフォード	4957671
狂者	4957670
破け	4957669
デカフェ	4957668
カペニアク	4957667
プカシェル	4957666
練り	4957665
ぱち	4957664
見聞	4957663
アポン	4957662
セリース	4957661
ドちゆう	4957660
おッ	4957659
神がかり	4957658
スミルノフ	4957657
戯け	4957656
ヤーグ	4957655
つけまわ	4957654
ノースショア	4957653
挨	4957652
トルエン	4957651
faces	4957650
走り回り	4957649
歯ごたえ	4957648
フリスト	4957647
bone	4957646
チョアヘヨ	4957645
コーディネイト	4957644
チャルル	4957643
トレネッタ	4957642
ステアリング	4957641
搬出口	4957640
あし丶	4957639
スキディ	4957638
謹え	4957637
アンブラー	4957636
ビード	4957635
ルンドクヴィスト	4957634
ごご	4957633
得票	4957632
移籍	4957631
オタワ	4957630
ムル	4957629
うそつ	4957628
拝領	4957627
ご察し	4957626
ふぅーん	4957625
わーっ	4957624
カルガリー	4957623
pcp	4957622
痛烈	4957621
下取り	4957620
うぉぅ	4957619
bleed	4957618
にの	4957617
ランドサット	4957616
まなし	4957615
レドモンド	4957614
taste	4957613
こル	4957612
ーこ	4957611
ヾイ	4957610
ペンペン	4957609
尊父	4957608
噛咬	4957607
サント	4957606
猛虎	4957605
アレクサンダ	4957604
noaa	4957603
ホラティウス	4957602
kｍ	4957601
浦島	4957600
脱皮	4957599
ザケ	4957598
砂粒	4957597
養老	4957596
のーこ	4957595
ハイドロリグ	4957594
共用	4957593
ハウスキーピング	4957592
洗い直	4957591
取替え	4957590
つけ狙	4957589
まお	4957588
ぉうじ	4957587
レビュー	4957586
finger	4957585
みょう	4957584
息巻	4957583
ビギナーズ	4957582
来ー	4957581
渉外	4957580
リンドン	4957579
グレゴリウス	4957578
まだあんた	4957577
一ズ	4957576
日掛か	4957575
ゆうりつ	4957574
飛び入り	4957573
アッチ	4957572
アイド	4957571
うおー	4957570
ポインター	4957569
舷	4957568
命取りだ	4957567
ウォレンダー	4957566
方知	4957565
喜ー	4957564
物差し	4957563
紙やすり	4957562
コンパートメント	4957561
娘婿	4957560
バスティン	4957559
祖	4957558
かしげ	4957557
オム	4957556
断われ	4957555
人狩り	4957554
ベラジオ	4957553
ホッファ	4957552
炉辺	4957551
蝉要	4957550
ほうれん	4957549
酢漬け	4957548
けんな	4957547
レまレ	4957546
回文	4957545
てこ入れ	4957544
染	4957543
ナデナデ	4957542
愕然	4957541
燃	4957540
もだえ	4957539
パッペン	4957538
ごね	4957537
くるま	4957536
時季	4957535
カプール	4957534
デヴィット	4957533
卵形	4957532
ちんちくりん	4957531
バイリンガル	4957530
pair	4957529
テレヒァ	4957528
徳用	4957527
しなし	4957526
アルブ	4957525
港側	4957524
circle	4957523
泊まり込	4957522
総勢	4957521
ミナ	4957520
ヴァージア	4957519
実ー	4957518
砲身	4957517
イウォーク	4957516
こうし	4957515
そつ	4957514
mvp	4957513
エームズ	4957512
レミング	4957511
手抜かり	4957510
気構え	4957509
右回り	4957508
ひと気	4957507
在留	4957506
introduce	4957505
夏季	4957504
sealed	4957503
kfc	4957502
よこれ	4957501
saint	4957500
アコーデオン	4957499
猫女	4957498
丿ミ	4957497
北尾	4957496
バクチ	4957495
地銀	4957494
周遊	4957493
蘇凌	4957492
持出	4957491
要旨	4957490
貯	4957489
bleeding	4957488
フランベ	4957487
タタール	4957486
横顔	4957485
フィ	4957484
ち貢	4957483
出揃	4957482
追出	4957481
グレイブズ	4957480
ヴァンス	4957479
成りすまし	4957478
コーポ	4957477
たたき起こ	4957476
無比	4957475
クター	4957474
アヴォセッタ	4957473
視床	4957472
ブロークン	4957471
パルティー	4957470
内偵	4957469
残ら	4957468
ガンボジ	4957467
幅木	4957466
まぐさ	4957465
ヴィリェット	4957464
ソ浚	4957463
原虫	4957462
へええ	4957461
後足	4957460
河上	4957459
駈け	4957458
charms	4957457
新らし	4957456
義勇	4957455
シルヴプレ	4957454
乳牛	4957453
オナニスト	4957452
りょう	4957451
アオ	4957450
planning	4957449
康介	4957448
losing	4957447
strangers	4957446
ブロジ	4957445
炭鉱夫	4957444
力夕夕	4957443
分与	4957442
原住	4957441
鼻面	4957440
良妻	4957439
ウォホー	4957438
由縁	4957437
解り合え	4957436
じゃあまり	4957435
苦言	4957434
吐か	4957433
たまねぎ	4957432
やーブ	4957431
剥がせ	4957430
ちやつ	4957429
セミエン	4957428
changing	4957427
言外	4957426
脇き	4957425
水汲み	4957424
ボールズ	4957423
重金属	4957422
pp	4957421
両家	4957420
定量	4957419
ラングリー	4957418
representative	4957417
まとめ上げ	4957416
waking	4957415
softly	4957414
膝元	4957413
打ち負かせ	4957412
メイデン	4957411
艶々	4957410
っ張り	4957409
腐肉	4957408
バウンダー	4957407
hasty	4957406
accent	4957405
毛穴	4957404
叩き直	4957403
willing	4957402
測れ	4957401
サウスランド	4957400
雑学	4957399
欲ばり	4957398
神託	4957397
うず巻き	4957396
サーティワン	4957395
イチニ	4957394
典	4957393
辞典	4957392
スワップ	4957391
曲がれ	4957390
力持ちだ	4957389
和音	4957388
コッ	4957387
追い落と	4957386
クリシュナ	4957385
逆恨み	4957384
エレキ	4957383
syd	4957382
プローホル	4957381
ニューギニア	4957380
耄碌	4957379
obstacles	4957378
義闘	4957377
ruin	4957376
メッタ	4957375
丶暑	4957374
持ち歩け	4957373
切り殺	4957372
レイジー	4957371
気入	4957370
荒川	4957369
夫殺し	4957368
もうつ	4957367
牽制	4957366
ともしび	4957365
しょっぴ	4957364
たもう	4957363
ラチーティ	4957362
万丈	4957361
芋誓	4957360
wandering	4957359
ラミ	4957358
公序	4957357
まさかな	4957356
エスメ	4957355
サンドロ	4957354
マイポロール	4957353
丶蓿め	4957352
かっか	4957351
ローマンズ	4957350
whisper	4957349
作男	4957348
locked	4957347
shuts	4957346
ヨルムンガンド	4957345
ベゼリ	4957344
ハイウェー	4957343
軽油	4957342
よじれ	4957341
っす	4957340
ドゥニャーシカ	4957339
ラツィオ	4957338
ドゥニャーシ	4957337
ネオジム	4957336
アルハンゲリスカヤ	4957335
でけえ	4957334
ブラゴ	4957333
レイニラ	4957332
ベストフ	4957331
ガめ	4957330
ｱﾄﾞﾚｽ	4957329
ミロン	4957328
ジャパン	4957327
ジューコフ	4957326
クラジーナ	4957325
中肉	4957324
キリエンコ	4957323
ジナー	4957322
アッティクス	4957321
シャカカルポフ	4957320
丿ヾワ一ァ	4957319
陰惨	4957318
リストニッッキィ	4957317
シトックマンシャトゥノフスキ	4957316
ホルザハル	4957315
ニャワシリエフ	4957314
サーシカ	4957313
バレトユルタイキン	4957312
パンティカパイオン	4957311
シャミリリュベシキン	4957310
気づかい	4957309
ノグラディ	4957308
dle	4957307
日帰り	4957306
ステﾕー	4957305
総意	4957304
顏色	4957303
ガンジャ	4957302
湊	4957301
猜疑	4957300
やろー	4957299
あぶみ	4957298
フーク	4957297
メタラー	4957296
コントラバス	4957295
ジェンソン	4957294
渋々	4957293
地場	4957292
そりゃー	4957291
めちく	4957290
ドゴ	4957289
主なら	4957288
サタニック	4957287
ビューレン	4957286
赤線	4957285
静香	4957284
承服	4957283
グーダ	4957282
ヒユンヒユン	4957281
ホーホ	4957280
ビリングズレイ	4957279
糺	4957278
撃ち抜け	4957277
乗切	4957276
離別	4957275
サンキユ	4957274
シモ	4957273
住ん	4957272
レビチン	4957271
奄奄	4957270
フィリポ	4957269
しごき	4957268
アクシーニヤブイストリッカヤ	4957267
ぜぇ	4957266
コシェボ	4957265
膝枕	4957264
バフェット	4957263
ヤナ	4957262
付きあ	4957261
ミーン	4957260
窒ぅ	4957259
敵性	4957258
圭署	4957257
ロダルテ	4957256
人買い	4957255
逑ープ	4957254
丿ヾフ	4957253
後輪	4957252
エンパス	4957251
ハナバチ	4957250
終ら	4957249
エモティコン	4957248
巨石	4957247
ロジッキー	4957246
単発	4957245
greatest	4957244
不倶	4957243
ドラグ	4957242
燈	4957241
卡	4957240
米歇	4957239
まちゅ	4957238
ギーク	4957237
lights	4957236
チビめ	4957235
シテ	4957234
無辜	4957233
ほせ	4957232
screen	4957231
マジド	4957230
アノ	4957229
reflections	4957228
テクリハ	4957227
kkk	4957226
table	4957225
んんん	4957224
sweetheart	4957223
パラベル	4957222
ビーマー	4957221
船团	4957220
スターンズ	4957219
サルビア	4957218
フリークス	4957217
uncertainty	4957216
小手	4957215
ソーサリー	4957214
じゃじゃーん	4957213
ピッツビル	4957212
くっ付け	4957211
强烈	4957210
コトヤ	4957209
かたづけ	4957208
了我	4957207
マッキンタイア	4957206
たしな	4957205
魔神	4957204
foot	4957203
enc	4957202
ネモス	4957201
ばかめ	4957200
カールーン	4957199
パイプス	4957198
食いかじ	4957197
guide	4957196
ぜんまい	4957195
maw	4957194
赤十字	4957193
ギプス	4957192
浜中	4957191
jeez	4957190
rejoicing	4957189
ged	4957188
ゴウジ	4957187
大っき	4957186
観葉	4957185
真二	4957184
ボーダー	4957183
千切り	4957182
正在	4957181
ナゾ	4957180
感化	4957179
一筆	4957178
陸氷	4957177
浮氷	4957176
ウィツグ	4957175
ラッキ	4957174
受损	4957173
メッド	4957172
じたく	4957171
オラニエ	4957170
イクス	4957169
あまねく	4957168
ダカラ	4957167
バーミューダ	4957166
なんな	4957165
teeth	4957164
disappear	4957163
晩ごはん	4957162
近眼	4957161
wine	4957160
焼きそば	4957159
バジリスク	4957158
cheap	4957157
wtba	4957156
パラボラ	4957155
語尾	4957154
先鞭	4957153
人皆	4957152
き込	4957151
ミナモト	4957150
楔状	4957149
办	4957148
チェイソン	4957147
mom	4957146
復権	4957145
セルビー	4957144
ケバ	4957143
书	4957142
はかりしれ	4957141
そびえ	4957140
芽球	4957139
ヘクシア	4957138
vie	4957137
割愛	4957136
ｃａｇ	4957135
引っかき回	4957134
へり	4957133
professional	4957132
捗	4957131
エクストリーム	4957130
切羽詰ま	4957129
ヒソヒソ	4957128
トリウム	4957127
ちらか	4957126
売値	4957125
アジアン	4957124
隠しごと	4957123
espn	4957122
殴っ	4957121
デジャヴュ	4957120
かっ飛ば	4957119
absolutely	4957118
オセ	4957117
ホリフィールド	4957116
リュディガー	4957115
ハムリン	4957114
アブミ	4957113
ボーガン	4957112
主管	4957111
里中	4957110
ハスケル	4957109
サンギン	4957108
giant	4957107
エイマー	4957106
ムシュタイン	4957105
居然	4957104
リアスター	4957103
歯痛	4957102
弦楽	4957101
カンポス	4957100
ゴマン	4957099
ヒメル	4957098
レクレア	4957097
売り抜け	4957096
表立	4957095
setting	4957094
scary	4957093
只要	4957092
纸	4957091
一张	4957090
チャリン	4957089
bro	4957088
douche	4957087
テトロドトキシン	4957086
マクギャヴィン	4957085
敵国	4957084
photos	4957083
親代わり	4957082
磨け	4957081
magical	4957080
ダンバー	4957079
皿洗	4957078
连	4957077
静注	4957076
驾驶	4957075
ソリアーノ	4957074
bigger	4957073
chamalla	4957072
doloxan	4957071
すき間	4957070
猫族	4957069
リエベ	4957068
デンコ	4957067
スカ	4957066
sees	4957065
監修	4957064
散骨	4957063
押しだ	4957062
ナゼ	4957061
カドミウム	4957060
ran	4957059
トールマン	4957058
lso	4957057
烏口	4957056
paintings	4957055
当たり障り	4957054
体腔	4957053
それから	4957052
血肉	4957051
smith	4957050
ごし	4957049
アニック	4957048
飲んべえ	4957047
レルトン	4957046
ポリエチレン	4957045
nd	4957044
やあやあ	4957043
かぎ爪	4957042
モリーン	4957041
作図	4957040
伝え合	4957039
スパークス	4957038
promi	4957037
散大	4957036
hurley	4957035
ひとり暮らし	4957034
農村	4957033
allowed	4957032
懐胎	4957031
ハックル	4957030
珍犬	4957029
ラクーナ	4957028
cou	4957027
反应	4957026
かたわら	4957025
据说	4957024
サスペンス	4957023
アフマド	4957022
目まぐるし	4957021
攻击	4957020
サリバンズ	4957019
ジェフティーチ	4957018
golf	4957017
タタキ	4957016
マッシ	4957015
しっとり	4957014
ランサーズ	4957013
ｂｆ	4957012
走路	4957011
コンニチ	4957010
後年	4957009
wong	4957008
デヴィート	4957007
かたち	4957006
窓拭き	4957005
マンマン	4957004
ペレリ	4957003
映りこ	4957002
サイバネティック	4957001
玉々	4957000
造語	4956999
切れ目	4956998
サリス	4956997
いやまだ	4956996
收	4956995
ケンドル	4956994
まろやか	4956993
オオー	4956992
geez	4956991
欧兹	4956990
突っ走れ	4956989
骷髅	4956988
スライム	4956987
キリマン	4956986
プレシャー	4956985
とっぴ	4956984
ｅｃｏ	4956983
泡立ち	4956982
飞机	4956981
フラフル	4956980
イヴォ	4956979
汽	4956978
市立	4956977
ボツワナ	4956976
耳鼻	4956975
是真	4956974
ひまわり	4956973
長子	4956972
ック	4956971
arusu	4956970
機狽	4956969
武彦	4956968
ｄｊ	4956967
はんだ	4956966
油性	4956965
クレンショウ	4956964
建て直し	4956963
コーヒ	4956962
来吧	4956961
喜代	4956960
タタ	4956959
啓介	4956958
ol	4956957
亮殿	4956956
イラストレーター	4956955
柯蓝	4956954
始了	4956953
ａｐｂ	4956952
回覧	4956951
萌萌	4956950
荊州	4956949
英気	4956948
赤熱	4956947
クャb	4956946
下克上	4956945
モーウッド	4956944
plays	4956943
腫物	4956942
泥水	4956941
張允	4956940
ゲロゲロ	4956939
strain	4956938
おこり	4956937
がれ	4956936
開か	4956935
ロスマン	4956934
轻	4956933
原画	4956932
用無し	4956931
飞行	4956930
チューン	4956929
ぶっ殺せ	4956928
黙り	4956927
吸気	4956926
へばり付	4956925
マッキンレー	4956924
老臣	4956923
定価	4956922
ケーナン	4956921
ソーレ	4956920
ミュージアム	4956919
strike	4956918
延焼	4956917
リディ	4956916
vf	4956915
魘	4956914
ナブルス	4956913
まあとにかく	4956912
業種	4956911
心地良	4956910
燃え立	4956909
焦燥	4956908
シモナ	4956907
みだい	4956906
ツンドラ	4956905
ケノビ	4956904
わなに	4956903
マネシカケス	4956902
凍土層	4956901
マジャール	4956900
クレスタ	4956899
トリン	4956898
こさえ	4956897
エフィー	4956896
よっぱら	4956895
スーター	4956894
戴天	4956893
プジェム	4956892
ヂ	4956891
生き長らえ	4956890
校正	4956889
入れ子	4956888
上来	4956887
経年	4956886
トロッコ	4956885
idic	4956884
放り捨て	4956883
メイジ	4956882
ービー	4956881
directly	4956880
谁	4956879
いたずらっ子	4956878
延べ	4956877
ダニロフ	4956876
鵞	4956875
スクラブ	4956874
会在	4956873
マニトバ	4956872
チチ	4956871
过来	4956870
アクシオ	4956869
湾流	4956868
思いこま	4956867
降魔	4956866
ハネ	4956865
スパルコ	4956864
bang	4956863
ドァー	4956862
一命	4956861
有趣	4956860
溢れ返	4956859
年次	4956858
預言者	4956857
待避	4956856
目盛り	4956855
步	4956854
織機	4956853
エフ	4956852
分かち合い	4956851
クエスチョン	4956850
ちょこちょこ	4956849
表演	4956848
穿孔	4956847
せこ	4956846
スクラブル	4956845
不着	4956844
涸れ	4956843
基力	4956842
八重樫	4956841
ﾊﾟﾊﾟ	4956840
一考	4956839
くちびる	4956838
縮れ毛	4956837
ボツ	4956836
京野	4956835
夢精	4956834
キャタモール	4956833
sierra	4956832
ニッチ	4956831
テンダー	4956830
mss	4956829
微動	4956828
捻出	4956827
牡鹿	4956826
camera	4956825
不可狽	4956824
優二	4956823
ホメ	4956822
メドース	4956821
オルガズム	4956820
シラナイト	4956819
ラビリンス	4956818
ヒヨッコ	4956817
せんぞ	4956816
アブシャイア	4956815
ボケナス	4956814
立ち塞が	4956813
ステットソン	4956812
いかよう	4956811
ベアラー	4956810
lavabit	4956809
兴	4956808
couple	4956807
パーティントン	4956806
歩き去	4956805
落ち付	4956804
ボヘミアン	4956803
ベンボウ	4956802
オスティア	4956801
洗髪	4956800
なだれ込	4956799
ハックルベリー	4956798
余波	4956797
melody	4956796
スミマセン	4956795
missouri	4956794
フェローズ	4956793
カブキ	4956792
小っちゃ	4956791
ーーー	4956790
触れ合い	4956789
時制	4956788
otis	4956787
残像	4956786
締め切	4956785
くっきり	4956784
溜り	4956783
ハドスン	4956782
カーニィ	4956781
過伸展	4956780
ノースウェスト	4956779
底部	4956778
ドヤ	4956777
fagots	4956776
ブラスコ	4956775
ir	4956774
しかたねぇ	4956773
今金	4956772
サラソタ	4956771
うす	4956770
せむし	4956769
エチレン	4956768
rh	4956767
journey	4956766
str	4956765
positive	4956764
き傷	4956763
你了	4956762
かみつけ	4956761
バレンティナ	4956760
オジャン	4956759
发生	4956758
中手指	4956757
上次	4956756
だこ	4956755
セクメト	4956754
ジューダ	4956753
万民	4956752
しゃっくり	4956751
ぶつかり	4956750
フリッジ	4956749
ものご	4956748
ベテスダ	4956747
妈妈	4956746
寝惚け	4956745
遅め	4956744
ラティ	4956743
フィッチャーグ	4956742
トリスケリオン	4956741
漕ぎ	4956740
引っこ	4956739
すっ飛	4956738
ほじく	4956737
馬肉	4956736
ヘパリン	4956735
はく製	4956734
オランウータン	4956733
ゴドー	4956732
模試	4956731
カンブリア	4956730
嚢	4956729
ウエストウッド	4956728
巡りあ	4956727
クキー	4956726
勝手口	4956725
gasping	4956724
ユグノー	4956723
ペースト	4956722
moaning	4956721
clinking	4956720
lb	4956719
わしづかみ	4956718
エクストラ	4956717
揺り	4956716
いまわ	4956715
ガリンド	4956714
ダクサス	4956713
ウォルカー	4956712
ソラジン	4956711
弟妹	4956710
コロセウム	4956709
ラットレーサー	4956708
変死	4956707
怪我が	4956706
stitch	4956705
礼服	4956704
ちゃんこ	4956703
トレガー	4956702
アスティノス	4956701
タルカム	4956700
偽旗	4956699
外注	4956698
含意	4956697
霊廟	4956696
メトラリン	4956695
アントノフ	4956694
既製	4956693
実像	4956692
デラハント	4956691
なかば	4956690
フーファン	4956689
フリッカ	4956688
nad	4956687
エルミ	4956686
gently	4956685
えんどう	4956684
萎れ	4956683
余所	4956682
投げ合	4956681
請け出	4956680
全治	4956679
漁業	4956678
後付け	4956677
歇	4956676
いけいけ	4956675
スティルマン	4956674
ukmto	4956673
不問	4956672
原潜	4956671
プライオリティ	4956670
布切れ	4956669
フェレット	4956668
ウドン	4956667
脾	4956666
ルネサンス	4956665
ジェネレーター	4956664
寝巻き	4956663
呃	4956662
家康	4956661
利尿	4956660
心房	4956659
やすらか	4956658
ドミネ	4956657
結腸	4956656
日射	4956655
カルデラ	4956654
小腸	4956653
シグムンド	4956652
ゲー	4956651
ひんむ	4956650
ボウヤ	4956649
マジスター	4956648
ベルマン	4956647
荒ぶ	4956646
ナジェ	4956645
チャドリアン	4956644
ゆずり	4956643
アモ	4956642
マッカーシィ	4956641
イブプロフェン	4956640
手作りだ	4956639
ころころ	4956638
中入	4956637
厚み	4956636
hsa	4956635
クリガー	4956634
イェナ	4956633
忠犬	4956632
price	4956631
大台	4956630
キューティクル	4956629
疥癬	4956628
プッシャー	4956627
サノバビッチ	4956626
恋心	4956625
フォトグラファー	4956624
ひゃ	4956623
年がら	4956622
とどの	4956621
放り込め	4956620
折り重な	4956619
ルクセンブルク	4956618
出っ張り	4956617
就有	4956616
ヤーガ	4956615
ごとき	4956614
隠れ住	4956613
不说	4956612
白服	4956611
迂回路	4956610
valley	4956609
リンコン	4956608
向け合	4956607
モトーラ	4956606
lookin	4956605
廃校	4956604
ヅル	4956603
アーカン	4956602
交番	4956601
ゲテモノ	4956600
中島	4956599
シーバー	4956598
掴めん	4956597
娘々	4956596
レイライン	4956595
ブランソン	4956594
パンネッティ	4956593
あったか	4956592
幽魔	4956591
降りやが	4956590
バイナリ	4956589
パトン	4956588
ミスコン	4956587
祟	4956586
スレイヤー	4956585
哎呀	4956584
fuit	4956583
溜	4956582
刻銘	4956581
ジュウェル	4956580
fd	4956579
天亮	4956578
グリースン	4956577
キュレーター	4956576
形相	4956575
接舷	4956574
ヘイゲン	4956573
ビルゴン	4956572
目ぼし	4956571
アモーレ	4956570
作为	4956569
ブ男	4956568
頭ごなし	4956567
tone	4956566
シャーレ	4956565
煮えたぎ	4956564
言い付け	4956563
shezza	4956562
国軍	4956561
brothers	4956560
体得	4956559
腕章	4956558
エルメス	4956557
ウルルン	4956556
丸底	4956555
ブラタスキー	4956554
デイスパ	4956553
ミツィ	4956552
退会	4956551
商学	4956550
ヘチマ	4956549
くい違い	4956548
stellarwind	4956547
ウンウン	4956546
プレーゼ	4956545
電化	4956544
オーガストゥス	4956543
sso	4956542
lune	4956541
バイオテロ	4956540
浣腸	4956539
アクティビティ	4956538
集配	4956537
柔和	4956536
悟了	4956535
秀逸	4956534
見切	4956533
ジセル	4956532
unhcr	4956531
好啦	4956530
シモヌ	4956529
フロレンス	4956528
xd	4956527
showing	4956526
アストラルクィーン	4956525
mouse	4956524
race	4956523
いまどき	4956522
forgot	4956521
hurts	4956520
マンダン	4956519
ヴァイカン	4956518
悪名高	4956517
漁夫	4956516
クリスパス	4956515
kissing	4956514
不知	4956513
fountain	4956512
アマダ	4956511
meat	4956510
クッキング	4956509
nyt	4956508
揉みあ	4956507
ヘンタイ	4956506
级	4956505
人騒がせ	4956504
借り切	4956503
ピンポーン	4956502
ハマルトマ	4956501
仰有	4956500
馬子	4956499
セールズマン	4956498
館内	4956497
コンドル	4956496
including	4956495
かつかん	4956494
worship	4956493
adore	4956492
ミーハー	4956491
そっかあ	4956490
総括	4956489
nicely	4956488
大人び	4956487
ビリーリー	4956486
ルーベンス	4956485
dpd	4956484
張り詰め	4956483
豊	4956482
スベスベ	4956481
メラン	4956480
ほくそえ	4956479
神官	4956478
祭司	4956477
気腫	4956476
諮	4956475
アシモフ	4956474
助け合え	4956473
タマー	4956472
脚光	4956471
ロンギヌス	4956470
つっつ	4956469
労災	4956468
サラミス	4956467
ロスアラモス	4956466
ロッシ	4956465
なさー	4956464
january	4956463
覗け	4956462
大有り	4956461
設立者	4956460
天啓	4956459
アルフォンズ	4956458
文豪	4956457
看妳	4956456
ソサエティ	4956455
時節	4956454
リンフォード	4956453
ギッテンス	4956452
ニシアザブ	4956451
钱	4956450
藤間	4956449
公司	4956448
たせ	4956447
売主	4956446
大道	4956445
揚げ句	4956444
レセプター	4956443
りき	4956442
icc	4956441
つくりだ	4956440
cloud	4956439
コーポラ	4956438
めぐり会え	4956437
国度	4956436
不可思议	4956435
バレラ	4956434
陸海	4956433
ghesai	4956432
アボッターバード	4956431
インデペンデント	4956430
empire	4956429
prochnost	4956428
八卦	4956427
アレクサン	4956426
食いっぱぐれ	4956425
スパンク	4956424
结	4956423
トリポリ	4956422
ドリーネ	4956421
再訪	4956420
ファシズム	4956419
モスコヴィッツ	4956418
crates	4956417
褒め称え	4956416
couch	4956415
謝辞	4956414
learned	4956413
魚介	4956412
悪びれ	4956411
咯	4956410
放在	4956409
齧歯	4956408
ssl	4956407
stones	4956406
敷き	4956405
ごった返	4956404
ケイジ	4956403
カレラ	4956402
分け隔て	4956401
コネクト	4956400
シミュレーター	4956399
blessed	4956398
beast	4956397
耳环	4956396
カピ	4956395
ポリーン	4956394
ターナ	4956393
捕まり	4956392
モルナール	4956391
スタブス	4956390
ウビリャ	4956389
爆睡	4956388
ドハーニ	4956387
サシャ	4956386
一堂	4956385
サントーリ	4956384
のこのこ	4956383
チオ	4956382
school	4956381
状勢	4956380
潮吹き	4956379
flat	4956378
朋友	4956377
cn	4956376
カラテ	4956375
強圧	4956374
ビンビン	4956373
ちびっこ	4956372
其实	4956371
メグミ	4956370
開腹	4956369
ガチ	4956368
愛妾	4956367
スプージ	4956366
直訴	4956365
噓	4956364
女官	4956363
とこも	4956362
勝ち戦	4956361
ティールズ	4956360
降車	4956359
インカム	4956358
蒸し暑	4956357
防波	4956356
スーパーチャージャー	4956355
top	4956354
ごて	4956353
延	4956352
ドートリッシュ	4956351
ジョノビッチ	4956350
bkk	4956349
うざい	4956348
fossa	4956347
震わせ	4956346
アンゲラ	4956345
息づ	4956344
ペロー	4956343
ギツネ	4956342
モーテンセン	4956341
ブッ壊	4956340
思い過ごし	4956339
マグネ	4956338
濫	4956337
アグリ	4956336
一縷	4956335
あやか	4956334
黒蟻	4956333
バイスロイ	4956332
アーン	4956331
ダートマス	4956330
もらい物	4956329
ギガンテ	4956328
中級	4956327
役回り	4956326
引き当て	4956325
痛ー	4956324
こんなん	4956323
黒煙	4956322
lsi	4956321
リストア	4956320
薄明かり	4956319
買占め	4956318
attacking	4956317
カラン	4956316
だってー	4956315
iad	4956314
叙情	4956313
あたしー	4956312
聞きわけ	4956311
ぼったくりだ	4956310
沁	4956309
猛然	4956308
中原	4956307
worlds	4956306
つえ	4956305
たかい	4956304
おとうと	4956303
マントー	4956302
ローディング	4956301
きわま	4956300
ビタ	4956299
サリム	4956298
チョキュラ	4956297
云っ	4956296
横切り	4956295
えせ	4956294
ヘストン	4956293
乗り継	4956292
蒼	4956291
王道	4956290
ティービー	4956289
新装	4956288
夏期	4956287
党軍	4956286
ユイ	4956285
悩みごと	4956284
蒋	4956283
参拝	4956282
ジャジー	4956281
大芝居	4956280
レトリバー	4956279
羊水	4956278
ハイラム	4956277
犬好き	4956276
major	4956275
ウィルマ	4956274
パフェ	4956273
託せ	4956272
バカモン	4956271
キホーテ	4956270
無用心	4956269
ひよ	4956268
過ぎ越し	4956267
spider	4956266
愚直	4956265
槍玉	4956264
イシュマエル	4956263
シャフ	4956262
gain	4956261
正誤	4956260
クレバー	4956259
止れ	4956258
ポーシャ	4956257
オドンネル	4956256
でに	4956255
進駐	4956254
産地	4956253
ファッターウォッケン	4956252
ピリ辛	4956251
恆春	4956250
の世	4956249
ぎれ	4956248
けもの	4956247
志穂	4956246
ふくらはぎ	4956245
寄附	4956244
イスト	4956243
エレーラ	4956242
ニート	4956241
ラファティ	4956240
ラード	4956239
沒	4956238
プラッツ	4956237
秀雄	4956236
高千穂	4956235
武運	4956234
青銅	4956233
コンスタンチン	4956232
すっか	4956231
トーレィ	4956230
命じろ	4956229
アトキンソン	4956228
桜島	4956227
emergency	4956226
婦警	4956225
chill	4956224
飛び付	4956223
はす	4956222
パラパラ	4956221
スプライト	4956220
バンダー	4956219
バンダースナッチ	4956218
剪定	4956217
コイ	4956216
モラグ	4956215
貼り紙	4956214
むかっ	4956213
やっから	4956212
内訳	4956211
御代	4956210
ハッと	4956209
貴明	4956208
ルーティン	4956207
假裝	4956206
小野田	4956205
北星	4956204
勝ち残り	4956203
おほほ	4956202
抗戦	4956201
賃上げ	4956200
まん丸	4956199
サーベル	4956198
いの	4956197
ベズー	4956196
寝間着	4956195
だっぺ	4956194
appointment	4956193
テイン	4956192
酒瓶	4956191
ピーカン	4956190
アジタ	4956189
クライオ	4956188
freaking	4956187
ビエナ	4956186
愚かし	4956185
カリーヌ	4956184
ほん	4956183
シィーッ	4956182
ありさま	4956181
大熊	4956180
彩虹	4956179
嶋	4956178
兵員	4956177
點	4956176
あーー	4956175
クミン	4956174
一望	4956173
トロッター	4956172
しかね	4956171
正則	4956170
鮮血	4956169
靴磨き	4956168
五郎	4956167
シュラブ	4956166
クラレット	4956165
ますー	4956164
フィレット	4956163
clearly	4956162
朗らか	4956161
ゴハン	4956160
一人芝居	4956159
エージャー	4956158
歌劇	4956157
嶋田	4956156
サラゼン	4956155
ムシア	4956154
蒐集	4956153
形づく	4956152
paris	4956151
魔薬	4956150
liberty	4956149
自営	4956148
煮え湯	4956147
てもう	4956146
rub	4956145
マニエル	4956144
announcement	4956143
ふんぞ	4956142
申しあげ	4956141
うり	4956140
うざった	4956139
叡智	4956138
うるわし	4956137
エクスポ	4956136
ジュヌビ	4956135
エーブ	4956134
エンジョイ	4956133
hundred	4956132
hole	4956131
働き掛け	4956130
減り	4956129
早川	4956128
lunch	4956127
strut	4956126
モルツ	4956125
病み	4956124
かねん	4956123
各線	4956122
オトリアッド	4956121
八重洲	4956120
懐っこ	4956119
ダリオン	4956118
horsedrawn	4956117
治りかけ	4956116
書棚	4956115
レールウェイ	4956114
れっか	4956113
clorine	4956112
スカウア	4956111
隈無く	4956110
large	4956109
グアアアア	4956108
沢山居	4956107
郵	4956106
モーク	4956105
鹿児島	4956104
むさ苦し	4956103
ななめ	4956102
リッピング	4956101
を出	4956100
狙撃手	4956099
コスチク	4956098
みろ	4956097
すご腕	4956096
チューチ	4956095
su	4956094
リラウド	4956093
ジーグ	4956092
ジアン	4956091
タバク	4956090
貞	4956089
simply	4956088
ビエハ	4956087
forest	4956086
ロパ	4956085
ワインダー	4956084
盛衰	4956083
完膚	4956082
糸目	4956081
キッシュ	4956080
billions	4956079
事由	4956078
背負わ	4956077
帯電	4956076
ウェルチ	4956075
碧眼	4956074
pizza	4956073
酒くさ	4956072
roses	4956071
フォーテンベリー	4956070
gives	4956069
ギンチャク	4956068
freaks	4956067
ブライアー	4956066
バルモラ	4956065
ヨシ	4956064
這い戻	4956063
燃え残	4956062
歓び	4956061
ウェルネス	4956060
思っ	4956059
サザン	4956058
よせー	4956057
樺	4956056
スティーラーズ	4956055
inmediately	4956054
flag	4956053
マルデン	4956052
dietl	4956051
paradise	4956050
sacred	4956049
missing	4956048
bloom	4956047
ぶと	4956046
ヘカトン	4956045
clon	4956044
世評	4956043
取り換え	4956042
湿ら	4956041
直贈	4956040
ａｂｃ	4956039
留保	4956038
ビー玉	4956037
枢軸	4956036
sweetest	4956035
日独伊	4956034
ime	4956033
coffee	4956032
pansies	4956031
抱きあげ	4956030
ルポ	4956029
珍本	4956028
ターグ	4956027
royal	4956026
小刻み	4956025
立ち合	4956024
仔細	4956023
寸胴	4956022
仁矢	4956021
カシアン	4956020
解け合	4956019
辛らつ	4956018
プロキシマ	4956017
グラモフ	4956016
レーク	4956015
キャンサー	4956014
ディフ	4956013
通院	4956012
レビット	4956011
モト	4956010
不同意	4956009
禍根	4956008
鉄球	4956007
scare	4956006
酢酸	4956005
レジスター	4956004
ターディス	4956003
まぬけめ	4956002
ノヴァック	4956001
西ドイツ	4956000
towards	4955999
フィロメナ	4955998
導体	4955997
偏光	4955996
アロマ	4955995
ルドウィグ	4955994
motel	4955993
モジー	4955992
書込み	4955991
収量	4955990
ピカシー	4955989
佐伯	4955988
かすれ	4955987
ジャニン	4955986
ゆすり取	4955985
リビエラ	4955984
ルグラン	4955983
クレイル	4955982
小休止	4955981
ホイトル	4955980
wipe	4955979
感慨	4955978
キリキリ	4955977
conspiracy	4955976
ウオ	4955975
トランセンデンス	4955974
デケエ	4955973
暗やみ	4955972
継ぎ目	4955971
ビアン	4955970
chances	4955969
アンドゥリィ	4955968
歓楽	4955967
ああの	4955966
コレクターズ	4955965
唱和	4955964
張り上げ	4955963
中平	4955962
bozos	4955961
小康	4955960
茜辺	4955959
プラモデル	4955958
周平	4955957
すっげぇ	4955956
樹齢	4955955
翌週	4955954
フーリッシュ	4955953
テキトー	4955952
ラッチャセナ	4955951
清司	4955950
ウエストミンスター	4955949
ヴィーナス	4955948
スピーディー	4955947
ベナブルズ	4955946
藤森	4955945
シンハダショー	4955944
軽はずみ	4955943
ホロデッキ	4955942
グーフィー	4955941
ヒカリ	4955940
チョロチョロ	4955939
忍び寄り	4955938
エッグノッグ	4955937
じゃーん	4955936
サムエル	4955935
涙ぐ	4955934
グチャッ	4955933
リトルトン	4955932
fredrik	4955931
こっちこ	4955930
コビー	4955929
ポッピング	4955928
かーい	4955927
下手クソ	4955926
生み出せ	4955925
飞翔	4955924
タクティカル	4955923
没关	4955922
振付	4955921
いげ	4955920
えがら	4955919
弘美	4955918
バーミングハム	4955917
ゲーミング	4955916
ガウディ	4955915
イデデデ	4955914
国士	4955913
アチッ	4955912
チネチッタ	4955911
ピーコッド	4955910
tin	4955909
地毛	4955908
pas	4955907
类	4955906
押しこ	4955905
タザリン	4955904
フィルハーモニー	4955903
荒くれ者	4955902
ソンバト	4955901
コンガ	4955900
さーさ	4955899
ベーシスト	4955898
貼り出	4955897
人类	4955896
ブッ放	4955895
スネア	4955894
氷なし	4955893
あいづら	4955892
レスポンス	4955891
デカルト	4955890
战争	4955889
直腸	4955888
こう回	4955887
レゲエ	4955886
イントロ	4955885
分げ	4955884
イレブン	4955883
クルーラー	4955882
コルレオーネ	4955881
エンゼルス	4955880
上り下り	4955879
泊まり込み	4955878
東翼	4955877
いやん	4955876
借りれ	4955875
塗りつぶ	4955874
サルバトーレ	4955873
emi	4955872
plt	4955871
シャドーフィーンド	4955870
ストックヤード	4955869
応接	4955868
砂袋	4955867
グアカモーレ	4955866
ボッブ	4955865
アラセメリア	4955864
モーザ	4955863
こらら	4955862
spy	4955861
受身	4955860
jay	4955859
女帝	4955858
サディラ	4955857
ダイジョ	4955856
クライスト	4955855
カシエル	4955854
ピカデリー	4955853
シリック	4955852
ヒネ	4955851
よぐ	4955850
ヤッテ	4955849
tyloo	4955848
eswc	4955847
たちここ	4955846
仕返	4955845
ジョルト	4955844
熟達	4955843
ムッラー	4955842
っちま	4955841
添え木	4955840
イサベラ	4955839
置去り	4955838
アンヤ	4955837
オゼランスキー	4955836
ゴゴラック	4955835
オーン	4955834
ig	4955833
踏ん切り	4955832
ボスク	4955831
モーフリング	4955830
シーズー	4955829
フローグルト	4955828
打ち身	4955827
ダメー	4955826
armadillo	4955825
クソブタ	4955824
ヴォオ	4955823
占い狂	4955822
鰻	4955821
ヒミツ	4955820
咳き込	4955819
巨万	4955818
ace	4955817
这次	4955816
卢卡	4955815
るぅ	4955814
hoo	4955813
まぁぁ	4955812
爹卡	4955811
ディヴィズ	4955810
こざかし	4955809
独りごと	4955808
鳴り物	4955807
外卖	4955806
クレスゲ	4955805
サンチ	4955804
穴掘り	4955803
クロン	4955802
ざらざら	4955801
噛み付き	4955800
河肥育	4955799
サイコウ	4955798
圧搾	4955797
菜之	4955796
ｐｖ	4955795
ガスケット	4955794
ダイリチウム	4955793
错	4955792
神林	4955791
塗りたく	4955790
ブリオン	4955789
折り畳	4955788
通りすご	4955787
飼い葉	4955786
众	4955785
聞きとれ	4955784
起草	4955783
搞	4955782
ううー	4955781
とかげ	4955780
イルヤ	4955779
振込み	4955778
疑え	4955777
スペアー	4955776
ネストル	4955775
外行	4955774
就能	4955773
急きょ	4955772
私鉄	4955771
森山	4955770
ウッカリ	4955769
思い留ま	4955768
泣きごと	4955767
とりな	4955766
马上	4955765
メテスカ	4955764
歌姬	4955763
ジェリア	4955762
ごう慢	4955761
生まれ出	4955760
ゼミ	4955759
ピカ	4955758
ヌヴォ	4955757
手つき	4955756
フォーグラー	4955755
銀遊	4955754
シャキッ	4955753
聾唖	4955752
小びん	4955751
女将	4955750
ストウ	4955749
凛子	4955748
ニャーロフ	4955747
spirit	4955746
へっちゃら	4955745
回来	4955744
港町	4955743
弟分	4955742
馬術	4955741
トルシャ	4955740
カスタマイズ	4955739
頭足	4955738
ホイ	4955737
vhf	4955736
流線	4955735
ドゥーダ	4955734
タータ	4955733
シィ	4955732
一球	4955731
ウィナーズ	4955730
ppm	4955729
我可是	4955728
鎮魂	4955727
プリムス	4955726
食感	4955725
色褪せ	4955724
乳酸	4955723
吠え面	4955722
パチン	4955721
送ら	4955720
プレハブ	4955719
ぎゃ	4955718
ゴルシャニ	4955717
彼抜き	4955716
慢心	4955715
飲みほ	4955714
やせ細	4955713
無樂	4955712
エメルソン	4955711
ロスリン	4955710
ラサム	4955709
浴場	4955708
アンケート	4955707
カーチス	4955706
見向	4955705
タサロフ	4955704
かいくぐ	4955703
あんたら	4955702
江戸	4955701
木阿弥	4955700
見やが	4955699
愛しあ	4955698
スンマソ	4955697
ｕｐ	4955696
讓我	4955695
リヴィエラ	4955694
クライロブ	4955693
取決め	4955692
ベラター	4955691
水盤	4955690
損切り	4955689
エントリ	4955688
斜辺	4955687
スレンダー	4955686
時宜	4955685
数行	4955684
ツツジ	4955683
エイカ	4955682
キーッシュ	4955681
チト	4955680
天恵	4955679
謝絶	4955678
イーディー	4955677
粉雪	4955676
並木	4955675
痛みつけ	4955674
ウォッ	4955673
ランバール	4955672
攪拌	4955671
そっぽ	4955670
クリトリス	4955669
腕白	4955668
ゴーラン	4955667
ヘイワース	4955666
クレム	4955665
スラバ	4955664
monkey	4955663
アンダルシア	4955662
手切れ	4955661
ニシキヘビ	4955660
着込	4955659
バハ	4955658
台灣	4955657
スイマセン	4955656
すベて	4955655
小四郎	4955654
筑摩	4955653
悲しめ	4955652
ops	4955651
丁場	4955650
cheek	4955649
zebra	4955648
薬師寺	4955647
アブソラム	4955646
bite	4955645
りか	4955644
ジルクス	4955643
猫探し	4955642
泣き崩れ	4955641
会戦	4955640
前奏	4955639
デュース	4955638
アミル	4955637
マクシム	4955636
ひげ面	4955635
乗換	4955634
ぞろい	4955633
卒園	4955632
オゾン	4955631
昼めし	4955630
ハラワタ	4955629
青々	4955628
stamp	4955627
ペイリー	4955626
總	4955625
出走	4955624
立て篭も	4955623
きつね	4955622
あらかた	4955621
もとより	4955620
這い	4955619
箱詰め	4955618
roar	4955617
いぶん	4955616
可惡	4955615
右肺	4955614
いじけ	4955613
スペツナズ	4955612
父娘	4955611
特赦	4955610
キチョビー	4955609
今読	4955608
ヘッキー	4955607
寡婦	4955606
フェロセン	4955605
ジコーバ	4955604
モガディシュ	4955603
飛び回り	4955602
コネクター	4955601
rush	4955600
ティンバル	4955599
practice	4955598
helping	4955597
兩	4955596
ウエザー	4955595
embassy	4955594
詩篇	4955593
学説	4955592
くわし	4955591
grove	4955590
ベルディ	4955589
スペンサ	4955588
イースタン	4955587
バイアーズ	4955586
ハープバー	4955585
円筒	4955584
父権	4955583
アイデンティティー	4955582
ウィルナー	4955581
諒我	4955580
勝ちと	4955579
ダーレット	4955578
ディルド	4955577
rsa	4955576
払い込み	4955575
踏み込み	4955574
ろっつ	4955573
語りべ	4955572
解隊	4955571
リバク	4955570
ラザック	4955569
適宜	4955568
まんまさ	4955567
介在	4955566
mile	4955565
已經	4955564
リトバク	4955563
いきいき	4955562
ヒプノシル	4955561
ファッキング	4955560
閉園	4955559
マイノック	4955558
足並み	4955557
あんただれ	4955556
該	4955555
なぎ倒	4955554
biggest	4955553
イチャモン	4955552
マクリーディ	4955551
アルマンスール	4955550
クルド	4955549
バイディ	4955548
カルタゴ	4955547
細野	4955546
樣子	4955545
圧延	4955544
ヘラヘラ	4955543
連れ帰り	4955542
造り手	4955541
全問	4955540
引き込め	4955539
縦列	4955538
アザム	4955537
泥風呂	4955536
ミリオンドル	4955535
ロッサム	4955534
聞き届け	4955533
ファンドランド	4955532
コッパー	4955531
車検	4955530
サラエボ	4955529
二輪	4955528
ザヘール	4955527
チキー	4955526
アブダル	4955525
ワーニーヤ	4955524
ヘジレ	4955523
ハチェット	4955522
サトルー	4955521
セミプロ	4955520
裕仁	4955519
水難	4955518
ぐいっと	4955517
podnapisi	4955516
砂州	4955515
バーカッ	4955514
ぶんぶん	4955513
見あげ	4955512
キオ	4955511
ステートメント	4955510
ヒノ	4955509
寝汗	4955508
併合	4955507
森羅	4955506
signal	4955505
カイラ	4955504
江里子	4955503
万象	4955502
火蓋	4955501
いめ	4955500
ポンティアック	4955499
ワンダラー	4955498
鼻持ち	4955497
ぼら	4955496
取り次い	4955495
サンジン	4955494
オマーン	4955493
现在无	4955492
良民	4955491
身上	4955490
かんぬき	4955489
seemed	4955488
グリッチャー	4955487
ワルダー	4955486
scu	4955485
我爱	4955484
アリサ	4955483
絶版	4955482
立ちこめ	4955481
濾過	4955480
山越え	4955479
ヴィクナー	4955478
permis	4955477
プレッサー	4955476
やりとげ	4955475
そぼ降	4955474
でかす	4955473
レンジャーキー	4955472
閃き	4955471
mexico	4955470
ゴーギャン	4955469
骨とう	4955468
ヒンジ	4955467
トーア	4955466
ロードス	4955465
エイドリアナ	4955464
ブリュエル	4955463
百戦	4955462
元彦	4955461
ガマー	4955460
ボランティス	4955459
ウェックスフォード	4955458
せぇ	4955457
aq	4955456
残し	4955455
ナーシャ	4955454
ほんなら	4955453
バローロ	4955452
ビリルビン	4955451
つき合い	4955450
ゴーガックス	4955449
減価	4955448
レヴィラ	4955447
バスティオン	4955446
見おろ	4955445
デソラー	4955444
さあご	4955443
ブラケット	4955442
官房	4955441
洗い場	4955440
太め	4955439
ヒナギク	4955438
アヌス	4955437
ダイマン	4955436
フォトショ	4955435
イザ	4955434
搬出	4955433
ゴッコ	4955432
就好	4955431
能赶	4955430
盛会	4955429
上呢	4955428
スザンヌ	4955427
感动	4955426
请去	4955425
美千代	4955424
墟	4955423
废	4955422
所束	4955421
被奇迹	4955420
門脈	4955419
fs	4955418
filled	4955417
浮世	4955416
引っ掻き回	4955415
パーライ	4955414
クション	4955413
ってん	4955412
ウソつきよ	4955411
似つ	4955410
理恵	4955409
ふんだく	4955408
くぎ付け	4955407
引下	4955406
claimed	4955405
黒塗り	4955404
淡々	4955403
ナビー	4955402
スリット	4955401
イデア	4955400
櫓	4955399
プルネル	4955398
ハイオク	4955397
続伸	4955396
fa	4955395
団塊	4955394
ほてり	4955393
ダウバー	4955392
ナビゲーティング	4955391
ぶちこめ	4955390
pg	4955389
seconds	4955388
古き	4955387
anals	4955386
ブランシェット	4955385
ジャニングス	4955384
洗い清め	4955383
アウチ	4955382
大慌て	4955381
巣く	4955380
shoulder	4955379
possibly	4955378
マンデー	4955377
ゴロロミ	4955376
フラケシュ	4955375
差し向かい	4955374
叩き落と	4955373
ａｌ	4955372
ビルディング	4955371
computer	4955370
仲よく	4955369
年商	4955368
睨みつけ	4955367
flail	4955366
びん	4955365
ill	4955364
フラペチーノ	4955363
おしゃぶり	4955362
老け込	4955361
ポストイット	4955360
spot	4955359
魚拳	4955358
笑い草	4955357
ホルツ	4955356
ほのか	4955355
喧伝	4955354
見咎め	4955353
ブロンディ	4955352
校務	4955351
古本	4955350
ビザンチウム	4955349
シェルビ	4955348
両鳴	4955347
山崎	4955346
ブッ倒	4955345
ブラジリアン	4955344
コームズ	4955343
おもちゃ屋	4955342
犬猫	4955341
ランカシャー	4955340
快復	4955339
アルン	4955338
向你	4955337
素速	4955336
flying	4955335
蔵書	4955334
ローリン	4955333
メイナード	4955332
whiplush	4955331
梁山	4955330
めす	4955329
カズオ	4955328
いたか	4955327
偽札	4955326
の目	4955325
talks	4955324
軍産	4955323
寸分	4955322
トドンプリー	4955321
テンプ	4955320
ナンタケット	4955319
ｸﾞﾘﾌﾞﾅ	4955318
ジャンチュン	4955317
督促	4955316
クエイク	4955315
ウェインターフェル	4955314
側溝	4955313
すべり	4955312
なれん	4955311
チヌーク	4955310
リベラル	4955309
ひすい	4955308
紙持	4955307
石弓	4955306
バイコディン	4955305
ﾕ	4955304
burned	4955303
ﾘ	4955302
famous	4955301
フィーブ	4955300
痒み	4955299
interview	4955298
弓術	4955297
くるぶし	4955296
ファイツ	4955295
蛹	4955294
居留	4955293
氷上	4955292
タイムスウィング	4955291
断種	4955290
credit	4955289
punished	4955288
ツァヒク	4955287
plant	4955286
bombs	4955285
ジンスク	4955284
ヤベぇ	4955283
パメラ	4955282
ホチキス	4955281
习班	4955280
补	4955279
进修	4955278
ちぇ	4955277
焼け跡	4955276
ねえっ	4955275
子癇	4955274
スルフリル	4955273
縫い物	4955272
ミジメ	4955271
ポッチャリ	4955270
ぬかる	4955269
起きあが	4955268
福沢	4955267
馬具	4955266
一振り	4955265
思し召	4955264
声高	4955263
面舵	4955262
ガチホモ	4955261
市中	4955260
beeps	4955259
心ゆ	4955258
桂	4955257
uploaded	4955256
ロビート	4955255
drew	4955254
博	4955253
suicide	4955252
暗算	4955251
エグゼクティブ	4955250
悔し紛れ	4955249
逆なで	4955248
重々し	4955247
シセロ	4955246
玉砕	4955245
バーディス	4955244
治り	4955243
accept	4955242
explosion	4955241
当船	4955240
さえず	4955239
crawling	4955238
磨き上げ	4955237
産み付け	4955236
被り物	4955235
モーファだ	4955234
グリーティング	4955233
行商	4955232
力王	4955231
esu	4955230
たぎ	4955229
船積み	4955228
プリオン	4955227
クシュ	4955226
begin	4955225
スティーヴィー	4955224
遊び心	4955223
装身	4955222
ﾎﾞｰｲｽﾞ	4955221
キャスタリー	4955220
手招き	4955219
姦通	4955218
岡村	4955217
boyfriend	4955216
セベラック	4955215
上行	4955214
ﾄﾗｯｸ	4955213
rule	4955212
タッグ	4955211
噺	4955210
飞舞	4955209
ゆらゆら	4955208
採択	4955207
ベッラ	4955206
mention	4955205
turns	4955204
チューバ	4955203
五官	4955202
ｸﾗｯｼｭ	4955201
地響き	4955200
行き届き	4955199
イルミナティ	4955198
jsoc	4955197
クチュール	4955196
推し量	4955195
真性	4955194
抱き合い	4955193
songs	4955192
誂え向き	4955191
星光	4955190
winchester	4955189
婦女	4955188
イシイ	4955187
stops	4955186
dss	4955185
ヴァート	4955184
イプスウィッチ	4955183
人感	4955182
苦し紛れ	4955181
リボウ	4955180
スタッテン	4955179
マダラ	4955178
服飾	4955177
这里也有	4955176
あわよくば	4955175
ナスダック	4955174
いとう	4955173
クリーミー	4955172
タカシ	4955171
ずい	4955170
コンバンワ	4955169
ダーメ	4955168
サムサ	4955167
しょっ引け	4955166
カーピス	4955165
椎名	4955164
ロスハ	4955163
地上げ	4955162
いなな	4955161
ヌング	4955160
引きはが	4955159
せや	4955158
デートリッヒ	4955157
rhyme	4955156
plain	4955155
ハーン	4955154
バツグン	4955153
インポテンツ	4955152
組み直	4955151
ノームズ	4955150
序曲	4955149
イテー	4955148
三塁	4955147
組ま	4955146
取りえ	4955145
咬傷	4955144
ズドン	4955143
キャーッ	4955142
前作	4955141
農務	4955140
駆けず	4955139
マクレイン	4955138
ﾚﾃﾞｨｽｸﾗﾌﾞ	4955137
つなぎとめ	4955136
ダーマー	4955135
ユア	4955134
トゥオ	4955133
ユック	4955132
梢	4955131
ムカムカ	4955130
クラプトン	4955129
ビタリス	4955128
スカタナ	4955127
ごつ	4955126
奥義	4955125
造作	4955124
ビタラ	4955123
重工	4955122
先払い	4955121
ブレーズ	4955120
ロベンコ	4955119
リントン	4955118
ガルディ	4955117
クロナン	4955116
ニッティ	4955115
名出	4955114
世継	4955113
エレクトリック	4955112
ドミトリ	4955111
アカー	4955110
シグナス	4955109
津田	4955108
茉莉	4955107
うんぬん	4955106
信じ込ま	4955105
fin	4955104
勤労	4955103
バレンタィン	4955102
ディメトロドン	4955101
バブ	4955100
ジワジワ	4955099
縫製	4955098
一樹	4955097
デブロー	4955096
kit	4955095
はだめ	4955094
レング	4955093
マッヂェン	4955092
上がりこ	4955091
シリ	4955090
オスギリアス	4955089
据えつけ	4955088
プラナリア	4955087
筆者	4955086
ぜってぇ	4955085
誤審	4955084
モンテロ	4955083
シャヴィン	4955082
riding	4955081
城砦	4955080
ルクレーチア	4955079
ちわ	4955078
黒革	4955077
ルクレー	4955076
フレイシェット	4955075
ヴェラット	4955074
論題	4955073
グリヤ	4955072
ノーヴァ	4955071
あたしゃ	4955070
ヶ条	4955069
オークリー	4955068
ウェーマス	4955067
ベルナルド	4955066
つや	4955065
発効	4955064
祝儀	4955063
廃絶	4955062
キャラウェイ	4955061
目出	4955060
トランジトロン	4955059
イェイ	4955058
湿疹	4955057
ちょちょ	4955056
ｺｽﾄｶｯﾄ	4955055
よぎり	4955054
ｕｓｓ	4955053
ぜん息	4955052
モノクロ	4955051
親鳥	4955050
ディセプティ	4955049
peretz	4955048
辺歩	4955047
アチャー	4955046
ディーニ	4955045
突く	4955044
オナモミ	4955043
校門	4955042
cloudy	4955041
ピクリと	4955040
神頼み	4955039
謀殺	4955038
センセーショナル	4955037
ヴェロキラプトル	4955036
六百	4955035
右破	4955034
ガーッ	4955033
ミッドナ	4955032
沈痛	4955031
修め	4955030
シャーナキー	4955029
ジェード	4955028
並木道	4955027
なんだ	4955026
捧げろ	4955025
サンスクリット	4955024
息女	4955023
永田	4955022
送り帰	4955021
イズ	4955020
アーキテクチャ	4955019
取り引	4955018
両生類	4955017
ﾍﾟﾚﾂ	4955016
アラマ	4955015
ブラゾス	4955014
スタンウィック	4955013
rem	4955012
スランドゥィル	4955011
天守	4955010
スボン	4955009
daughter	4955008
ガロス	4955007
烏丸	4955006
妹分	4955005
ピーステイン	4955004
私怖	4955003
陰陽	4955002
クリトリア	4955001
食券	4955000
菩提	4954999
ウソッ	4954998
参る	4954997
中位	4954996
むす	4954995
アトキンス	4954994
ゆれ	4954993
ダミコ	4954992
キャヴァナ	4954991
一語	4954990
カエデ	4954989
蛇神	4954988
ｼﾝｶﾞ	4954987
いやす	4954986
tak	4954985
ぽっかり	4954984
choir	4954983
heavenly	4954982
荒波	4954981
爪切り	4954980
聞きだせ	4954979
voshkod	4954978
リッピンコット	4954977
仏頂	4954976
水切り	4954975
medicine	4954974
旗艦	4954973
pony	4954972
書道	4954971
なびか	4954970
畝	4954969
キルン	4954968
コンウェイ	4954967
cho	4954966
helped	4954965
ハハハッ	4954964
ブルックライン	4954963
singer	4954962
布施	4954961
番目	4954960
光陰	4954959
傷つい	4954958
チェーピン	4954957
えええ	4954956
発券	4954955
室山	4954954
けだ	4954953
いだか	4954952
訳注	4954951
ファイナリスト	4954950
急病	4954949
version	4954948
そっちか	4954947
ヒッケン	4954946
エンタメ	4954945
ークビ	4954944
ボッチ	4954943
面白おかし	4954942
ちんたら	4954941
ベルー	4954940
バンサ	4954939
律儀	4954938
不朽	4954937
いっせい	4954936
ボンソワール	4954935
蓄財	4954934
チャーピン	4954933
レドムンド	4954932
セリーンケ	4954931
ベッピン	4954930
すっげえ	4954929
ハレルソン	4954928
マル秘	4954927
ｍｒｉ	4954926
ソラリス	4954925
泣きつけ	4954924
プソ	4954923
オト	4954922
長蛇	4954921
creepers	4954920
jeepers	4954919
出ずっぱり	4954918
銀製	4954917
選ば	4954916
棲み家	4954915
オツ	4954914
バンノ	4954913
雪解け	4954912
romance	4954911
ワーシン	4954910
デヴィ	4954909
問合せ	4954908
オードブル	4954907
行きか	4954906
セク	4954905
ネイチャー	4954904
せっぱ詰ま	4954903
テトラ	4954902
不精	4954901
ゾンビめ	4954900
サンディア	4954899
パパニア	4954898
外税	4954897
ボッグス	4954896
テトリス	4954895
税込み	4954894
どっこいしょ	4954893
砂場	4954892
物陰	4954891
ワール	4954890
バングル	4954889
ノシ	4954888
男共	4954887
四葉	4954886
のぞろ目	4954885
economy	4954884
ともな	4954883
ワアー	4954882
検眼	4954881
ﾅﾙｾﾝｴﾝｼﾞﾆｱﾘﾝｸﾞ	4954880
もじ	4954879
vt	4954878
インバーター	4954877
コレリア	4954876
あなたち	4954875
式服	4954874
ガラハッド	4954873
教壇	4954872
ドーバー	4954871
切羽	4954870
ドグマ	4954869
ターキン	4954868
睨み合	4954867
ブラッシング	4954866
アンドリューズ	4954865
にくい	4954864
ケチケチ	4954863
出まかせ	4954862
自虐	4954861
立ちふさが	4954860
msnbc	4954859
クラップス	4954858
あわん	4954857
vr	4954856
ラストーギ	4954855
排熱	4954854
プット	4954853
ハドロン	4954852
掘りだ	4954851
年の暮れ	4954850
ﾕﾀﾞﾔ	4954849
造り直	4954848
測り	4954847
トリスタム	4954846
グラッドストン	4954845
セクシャル	4954844
胸腺	4954843
フッフッ	4954842
ナレーター	4954841
慈し	4954840
二六	4954839
自助	4954838
ヴィシュヌ	4954837
ダダッダッダ	4954836
director	4954835
とばり	4954834
まちが	4954833
すっぱり	4954832
イリリオ	4954831
エルムス	4954830
釣合	4954829
construction	4954828
コークス	4954827
黒服	4954826
アラディア	4954825
アイドリング	4954824
夜寝	4954823
バッシュ	4954822
習い事	4954821
ドルズ	4954820
ウスノロ	4954819
nervous	4954818
ヤダー	4954817
frail	4954816
人使い	4954815
正志	4954814
fearful	4954813
ティオ	4954812
ミングウェイ	4954811
armed	4954810
火気	4954809
ﾐｼｭﾅ	4954808
ほどんど	4954807
ムスリム	4954806
エート	4954805
ヲタ	4954804
はし	4954803
間男	4954802
アデュー	4954801
水割り	4954800
terrified	4954799
踏みとどま	4954798
冷やか	4954797
トークン	4954796
見せれ	4954795
ハイファ	4954794
quickly	4954793
黒木	4954792
大嘘つきめ	4954791
ハルマゲドン	4954790
マニアーナ	4954789
batmobile	4954788
ズルズル	4954787
羽振り	4954786
ﾊﾟｰﾃｨｰ	4954785
begging	4954784
ホーリィ	4954783
コスカ	4954782
安保	4954781
残す	4954780
トリートメント	4954779
チートス	4954778
外角	4954777
ヘクトル	4954776
精気	4954775
憚	4954774
手こずる	4954773
仕えろ	4954772
織りな	4954771
丸薬	4954770
ﾀｲﾐﾝｸﾞ	4954769
氷抜き	4954768
アサリ	4954767
ノースキー	4954766
ルイン	4954765
セイン	4954764
知合い	4954763
麺類	4954762
だーれ	4954761
日報	4954760
ハネウェル	4954759
奥ゆかし	4954758
パートン	4954757
かねて	4954756
てけ	4954755
遊び人	4954754
スキャンダラス	4954753
スリーピィ	4954752
スニージィ	4954751
ハッピィ	4954750
islands	4954749
qute	4954748
ドーピィ	4954747
実父	4954746
仕立てあげ	4954745
問い掛け	4954744
松戸	4954743
ぐみ	4954742
怒鳴りつけ	4954741
エンダ	4954740
口パク	4954739
果せ	4954738
ウエブサイト	4954737
カンスイ	4954736
近ず	4954735
ベネッサ	4954734
ガルーダ	4954733
素足	4954732
ピューレ	4954731
決め込	4954730
ふさがり	4954729
ツェペシュ	4954728
ケイブ	4954727
チオビス	4954726
オレら	4954725
インゲラス	4954724
リリス	4954723
ポートマン	4954722
純銀	4954721
議院	4954720
ルシアン	4954719
ウルサ	4954718
オトコ	4954717
ｼﾞｬｰﾅﾘｽﾄ	4954716
じゃあすぐ	4954715
見参	4954714
シスケル	4954713
ゼッケン	4954712
ちょいちょい	4954711
ゴリングス	4954710
かび	4954709
トーリンスクエア	4954708
began	4954707
window	4954706
ジェデディア	4954705
万年	4954704
eve	4954703
将兵	4954702
タウィウス	4954701
どしゃ降り	4954700
エムズ	4954699
奥行き	4954698
揉み消	4954697
px	4954696
針山	4954695
スクロール	4954694
ゆか	4954693
journalist	4954692
ポエム	4954691
噛み締め	4954690
bridge	4954689
かわれ	4954688
ラウダー	4954687
athjahakar	4954686
ウォルフガング	4954685
ほっつき歩	4954684
ディリオン	4954683
どこい	4954682
マクレガー	4954681
ﾜｺﾞﾝ	4954680
van	4954679
伊豆	4954678
品目	4954677
喰らわ	4954676
タラコ	4954675
大和	4954674
南岸	4954673
sail	4954672
base	4954671
ﾃﾝﾍﾟﾙﾎｰﾌ	4954670
睦子	4954669
デリカシー	4954668
農道	4954667
絞りこ	4954666
完ぺきよ	4954665
wouldn	4954664
カリッ	4954663
一旗揚げ	4954662
あぶり	4954661
エクスナー	4954660
足踏み	4954659
侮れ	4954658
きん	4954657
ヤキモキ	4954656
乗り入れ	4954655
sector	4954654
ラグレタ	4954653
soldiers	4954652
インマルサット	4954651
見降ろ	4954650
焼成	4954649
track	4954648
援用	4954647
踏み入	4954646
おめ	4954645
けちら	4954644
辛酸	4954643
driver	4954642
schmidt	4954641
遣え	4954640
パブスト	4954639
オデヲン座	4954638
あちゃー	4954637
クルーへ	4954636
ペンチン	4954635
サイクリング	4954634
見入	4954633
オスニング	4954632
証跡	4954631
プリシラ	4954630
投げ縄	4954629
丢	4954628
コリント	4954627
バートランド	4954626
くらべ	4954625
サリーン	4954624
囲い込	4954623
激烈	4954622
オリヴェット	4954621
トリナ	4954620
ひとごと	4954619
くっくっくっ	4954618
シェラ	4954617
ごはんだ	4954616
全舰	4954615
ガバ	4954614
shu	4954613
モルダー	4954612
モンタージュ	4954611
医術	4954610
恥ずかしめ	4954609
まざまざ	4954608
オパール	4954607
仲人	4954606
強張	4954605
連日	4954604
ウソツキ	4954603
みえみえ	4954602
分かち	4954601
ギャレッティ	4954600
ふうむ	4954599
フューエル	4954598
豚飼い	4954597
美談	4954596
大叔母	4954595
共に	4954594
フラム	4954593
サルデーニャ	4954592
ボブル	4954591
パトロクロス	4954590
冬休み	4954589
舰长	4954588
ホーッ	4954587
詰めだ	4954586
ｍｉ	4954585
卍	4954584
かたど	4954583
喜悦	4954582
識者	4954581
具有	4954580
ボウコウ	4954579
立ち尽く	4954578
ケータ	4954577
とりつけ	4954576
axe	4954575
也许	4954574
ウイークス	4954573
佐倉	4954572
揉み消し	4954571
控えろ	4954570
touched	4954569
書きとめ	4954568
ァー	4954567
vitalum	4954566
vitalis	4954565
高石	4954564
せりふ	4954563
アルカルド	4954562
和食	4954561
コントローラ	4954560
ザウエル	4954559
カチャ	4954558
クリクリ	4954557
スパナ	4954556
三方	4954555
就给	4954554
放心	4954553
ムーチャ	4954552
weird	4954551
ザルコビッチ	4954550
光沢	4954549
たたき出	4954548
かたず	4954547
すりかわ	4954546
かこつけ	4954545
乳母車	4954544
チヤホヤ	4954543
ペシャンコ	4954542
モンタル	4954541
切り崩	4954540
カタブツ	4954539
ティーチ	4954538
給湯	4954537
悦	4954536
thrill	4954535
ミレラ	4954534
ひっ	4954533
クァート	4954532
わかり合	4954531
citizens	4954530
生め	4954529
poured	4954528
辛気	4954527
薬殺	4954526
つけ回	4954525
ジョアナ	4954524
scoundrel	4954523
バイオレンス	4954522
ヒズダーゾロラク	4954521
土葬	4954520
マンダラ	4954519
ネファリオ	4954518
ベレゴ	4954517
孵卵	4954516
エスピリトサント	4954515
水鳥	4954514
水責め	4954513
捜し物	4954512
標	4954511
エンカンタ	4954510
入閣	4954509
ラワルピンディ	4954508
秀月	4954507
クロザ	4954506
不得	4954505
思い込ま	4954504
利便	4954503
yahoo	4954502
ディアーレ	4954501
速れ	4954500
呪法	4954499
脱獄囚	4954498
マスターベーション	4954497
天外	4954496
クローナ	4954495
ロアルド	4954494
ミアラ	4954493
aol	4954492
足元気	4954491
レーリン	4954490
キルケリー	4954489
星型	4954488
エキゾチカ	4954487
調律	4954486
極致	4954485
バパ	4954484
アゲーラ	4954483
身の毛	4954482
ひきこもり	4954481
チリン	4954480
ハーゲンソン	4954479
イチロー	4954478
量話	4954477
本署	4954476
エイム	4954475
付録	4954474
サヴィン	4954473
火消し	4954472
オエ	4954471
ニーダ	4954470
血生	4954469
左急	4954468
ムム	4954467
落盤	4954466
beach	4954465
ナデュラ	4954464
イァ	4954463
キャミソール	4954462
parliament	4954461
sumatra	4954460
ハッティー	4954459
ことぁ	4954458
ブランビラ	4954457
体位	4954456
キャンポス	4954455
さわり	4954454
リジェ	4954453
軍旗	4954452
ほんもの	4954451
言い切	4954450
ball	4954449
ぜーんぜん	4954448
むらく	4954447
ほほ	4954446
転ば	4954445
キックオフ	4954444
アミ	4954443
イァだ	4954442
ミグ	4954441
まん前	4954440
ソワソワ	4954439
げんまん	4954438
くせー	4954437
実母	4954436
キュッ	4954435
我看	4954434
funding	4954433
トムスン	4954432
ニンフ	4954431
おぁ	4954430
即日	4954429
一条	4954428
しかもら	4954427
すし	4954426
パネム	4954425
紫だ	4954424
そごく	4954423
フィアデルフィア	4954422
ヘブンズビー	4954421
アポカリプス	4954420
重刑	4954419
ホウキ	4954418
ナチめ	4954417
chemins	4954416
lieux	4954415
デラヘイ	4954414
ティク	4954413
someday	4954412
アナポリス	4954411
引き篭も	4954410
表意	4954409
打ち捨て	4954408
huac	4954407
クラスタ	4954406
ゾエ	4954405
ダンプティ	4954404
activities	4954403
スティックス	4954402
私め	4954401
溶鉱	4954400
組み上げ	4954399
dering	4954398
ワグー	4954397
地政	4954396
プロビンス	4954395
february	4954394
焼き上が	4954393
ビジネスライク	4954392
人死	4954391
スレッシュ	4954390
かさば	4954389
縮尺	4954388
kisses	4954387
ヌエボラレド	4954386
めんどり	4954385
年貢	4954384
カタルシス	4954383
ガセ	4954382
漂流物	4954381
吸いと	4954380
大火	4954379
パーシ	4954378
ちゃぁ	4954377
ヘルクレス	4954376
あじ	4954375
sha	4954374
マンディー	4954373
スナッフル	4954372
島中	4954371
ゆくゆく	4954370
マグニチュード	4954369
开始	4954368
comfort	4954367
起死	4954366
嵐雲	4954365
殴りあ	4954364
コーリング	4954363
バーフ	4954362
子飼い	4954361
戯曲	4954360
ロリストン	4954359
積み出	4954358
ワイレス	4954357
染料	4954356
銃砲	4954355
肉塊	4954354
ヤカン	4954353
タルタロス	4954352
氷漬け	4954351
うとう	4954350
ドッズ	4954349
建立	4954348
ネリ	4954347
コマ切れ	4954346
大目玉	4954345
リーゼンハイム	4954344
テイヴィス	4954343
試食品	4954342
ウエイト	4954341
炎天	4954340
君が	4954339
ケット	4954338
水門	4954337
ガズデン	4954336
ハープシコード	4954335
クリアクター	4954334
scientific	4954333
ゴーディ	4954332
種まき	4954331
可是	4954330
フレスコ	4954329
ナマス	4954328
睡	4954327
盛りつけ	4954326
噂好き	4954325
やっとこさ	4954324
強権	4954323
きゅうり	4954322
函	4954321
片っぽ	4954320
跳弾	4954319
mems	4954318
留任	4954317
それが	4954316
座興	4954315
連休	4954314
学界	4954313
パッツィ	4954312
実存	4954311
ヤツら	4954310
夜学	4954309
デラックス	4954308
えへへ	4954307
シャワルマ	4954306
キーター	4954305
スターター	4954304
舎弟	4954303
我真	4954302
ぶち上げ	4954301
パター	4954300
いてけぼり	4954299
バッカー	4954298
katy	4954297
ワイマン	4954296
nea	4954295
休診	4954294
那颗	4954293
州間	4954292
れんが	4954291
仕込め	4954290
サトナム	4954289
はき	4954288
craquelure	4954287
とばし	4954286
昆布	4954285
見所	4954284
ギレルモ	4954283
バッキャロー	4954282
chantant	4954281
サンダルウッド	4954280
酔い潰れ	4954279
ぬら	4954278
愛娘	4954277
デスフル	4954276
左耳	4954275
たまご	4954274
責め苦	4954273
むれ	4954272
ティディ	4954271
divorce	4954270
人心	4954269
うずたか	4954268
カザフスタン	4954267
デフ	4954266
薬理	4954265
策定	4954264
バークシャー	4954263
やりお	4954262
ネズミめ	4954261
pauvre	4954260
トビリシ	4954259
sc	4954258
右耳	4954257
寝て	4954256
厄災	4954255
氷水	4954254
フリーウエイ	4954253
ドミニオン	4954252
テトラサイクリン	4954251
代筆	4954250
メドベージェフ	4954249
ガンツ	4954248
カンパ	4954247
熱気球	4954246
有事	4954245
クローザー	4954244
wd	4954243
勢ぞろい	4954242
ピカルド	4954241
ウルシ	4954240
マーラー	4954239
いそがし	4954238
温柔	4954237
ミニスカート	4954236
routier	4954235
大波	4954234
当園	4954233
多彡	4954232
ハイライト	4954231
ダウニー	4954230
サイバラン	4954229
湃	4954228
ジブリ	4954227
艳	4954226
徳間	4954225
澎	4954224
子午	4954223
メガクエイク	4954222
滑り出	4954221
メーキャップ	4954220
chaos	4954219
明るめ	4954218
漬か	4954217
そばかす	4954216
择	4954215
通じ合え	4954214
免停	4954213
妖	4954212
ダレノ	4954211
鸟	4954210
傷つけれ	4954209
ハウジング	4954208
トロピカル	4954207
アシタハ	4954206
lite	4954205
日待	4954204
白刃	4954203
ヤナギ	4954202
めくれ	4954201
oda	4954200
剧	4954199
desert	4954198
ボロネーゼ	4954197
劳	4954196
スコセッシ	4954195
備え付け	4954194
nu	4954193
敢行	4954192
仰角	4954191
ビヨンド	4954190
chicken	4954189
明星	4954188
ケプラー	4954187
カミングス	4954186
フットヒル	4954185
にてえ	4954184
いもの	4954183
hers	4954182
ベネディクト	4954181
ディゾルブ	4954180
終章	4954179
奇迹	4954178
蟹漁師	4954177
壮介	4954176
ロッキード	4954175
振りかけ	4954174
殺しか	4954173
演者	4954172
はんた	4954171
シンドローム	4954170
天ぷら	4954169
けちんぼ	4954168
spit	4954167
shouting	4954166
初犯	4954165
岡辺	4954164
煌	4954163
itunes	4954162
他局	4954161
report	4954160
准尉	4954159
狱	4954158
アーカ	4954157
箕輪	4954156
かなめ	4954155
鐘楼	4954154
スロープ	4954153
怀	4954152
奶	4954151
復しゅう	4954150
書留	4954149
バルー	4954148
装束	4954147
弥生	4954146
悪魔女	4954145
引きた	4954144
ani	4954143
バスラ	4954142
タリフ	4954141
挽肉	4954140
lio	4954139
両耳	4954138
アヴェニュー	4954137
介意	4954136
計量	4954135
ぱちくり	4954134
引き倒	4954133
千切	4954132
垂れ流し	4954131
泣き喚	4954130
メデイア	4954129
カーロ	4954128
割り振	4954127
java	4954126
ビショビショ	4954125
カリサー	4954124
いつく	4954123
隐	4954122
臀	4954121
轮	4954120
侧	4954119
グービン	4954118
進水	4954117
暧	4954116
全会	4954115
昧	4954114
モツ	4954113
manpukuji	4954112
ンン	4954111
フォルトゥナード	4954110
大真面目	4954109
ユビキロカ	4954108
ビデ	4954107
ヒュンダイ	4954106
ドラムス	4954105
アイラモラーダ	4954104
慰霊	4954103
形質	4954102
コミュニケート	4954101
苦心	4954100
廓	4954099
满	4954098
クルース	4954097
つもりか	4954096
ブルーバード	4954095
上嗾	4954094
沟	4954093
沢武	4954092
纯	4954091
血のり	4954090
拔	4954089
ずる休み	4954088
tibi	4954087
得到	4954086
帰港	4954085
gyobu	4954084
揺らせ	4954083
バビノー	4954082
シッコ	4954081
ローレンシア	4954080
船底	4954079
座骨	4954078
とっとく	4954077
抱え込み	4954076
むせ	4954075
パオレ	4954074
小食	4954073
いななき	4954072
たわし	4954071
ものごと	4954070
爆縮	4954069
配分	4954068
見過	4954067
イットリウム	4954066
ステアズ	4954065
ブロンドー	4954064
乳ガン	4954063
提灯	4954062
ストレージ	4954061
グレーテル	4954060
飲み歩	4954059
耳立て	4954058
ヤンキーズ	4954057
tough	4954056
曾祖母	4954055
玉電	4954054
ウィドムスキー	4954053
whether	4954052
フランネル	4954051
ユリョビッチ	4954050
ブランブル	4954049
鎮ま	4954048
売名	4954047
ソルビー	4954046
前王	4954045
ティギール	4954044
カササギガチョウ	4954043
詈再	4954042
くそッ	4954041
ミルス	4954040
栄華	4954039
龍太郎	4954038
ボロフスキー	4954037
版権	4954036
鉄柵	4954035
おおーっ	4954034
suck	4954033
値下げ	4954032
ふくよか	4954031
じゃんじゃん	4954030
詰めこ	4954029
かんな	4954028
カインクロス	4954027
人恋し	4954026
根幹	4954025
clattering	4954024
取り付き	4954023
モリブデン	4954022
启	4954021
マクタガート	4954020
大汗	4954019
ヴァルキューレ	4954018
vi	4954017
節税	4954016
スペクトラム	4954015
構文	4954014
そうめん	4954013
キチ	4954012
公海	4954011
アルハザジ	4954010
紙吹雪	4954009
肌寒	4954008
つつけ	4954007
プレイング	4954006
コーラー	4954005
发射	4954004
ゲイタ	4954003
外相	4954002
グマン	4954001
三沢	4954000
トレヴァー	4953999
東大	4953998
仕合せ	4953997
転記	4953996
aaah	4953995
晩年	4953994
bait	4953993
義肢	4953992
グスタ	4953991
バラ撒	4953990
飛び下り	4953989
東軍	4953988
クレオパス	4953987
震わ	4953986
タークス	4953985
追徴	4953984
シッカリ	4953983
金屑	4953982
髪どめ	4953981
望み薄	4953980
ワトキンズ	4953979
早見	4953978
mental	4953977
うおぉぉぉ	4953976
ヒッター	4953975
ひひ	4953974
べろんべろん	4953973
聞き手	4953972
っちゆ	4953971
濃い	4953970
おっしゃぁ	4953969
褒めちゃ	4953968
ギニー	4953967
着々	4953966
ヾぅ	4953965
和議	4953964
ｋｚｈｃ	4953963
スゴク	4953962
エクスポート	4953961
アワード	4953960
俳句	4953959
座右	4953958
靄	4953957
火照	4953956
アレクシ	4953955
方舟	4953954
ホーー	4953953
羅爵	4953952
生名簿	4953951
刻め	4953950
ザザザ	4953949
rapid	4953948
面倒見	4953947
アルゴン	4953946
いさぎよ	4953945
コイホマ	4953944
メガイラ	4953943
進み	4953942
admit	4953941
フロイア	4953940
ずぞ	4953939
ドリトス	4953938
オゥー	4953937
ー離	4953936
インタヴュアー	4953935
長引か	4953934
ソーレル	4953933
古墳	4953932
おじん	4953931
荒くれ	4953930
measure	4953929
ステース	4953928
ツマ	4953927
イロコイ	4953926
アクロイド	4953925
すり替わ	4953924
クロイ	4953923
想い出せ	4953922
断つ	4953921
ひカ	4953920
射角	4953919
repeating	4953918
あちらと	4953917
ヴェラザノ	4953916
木剣	4953915
上り坂	4953914
さらばえ	4953913
ニガテ	4953912
電車止め	4953911
ウィアー	4953910
ｃｏｏ	4953909
回顧	4953908
レーンズ	4953907
wpa	4953906
サーティー	4953905
sticking	4953904
張込み	4953903
言い張れ	4953902
一倍	4953901
良俗	4953900
あらいぐま	4953899
かぎ分け	4953898
売出	4953897
怖じ気	4953896
acapulco	4953895
晴らせ	4953894
あらいぐまだ	4953893
タマーラ	4953892
ツィオン	4953891
ウミヘビ	4953890
前席	4953889
gaze	4953888
叩き起こせ	4953887
intended	4953886
御殿	4953885
こじあけ	4953884
繰り上げ	4953883
pharmacy	4953882
ブローグ	4953881
ホラス	4953880
だめか	4953879
オトゥール	4953878
クウィントス	4953877
ギャロウェイ	4953876
ぺトリ	4953875
ポリディシャ	4953874
ピクニク	4953873
ペレツ	4953872
rightaway	4953871
アツカ	4953870
シュライバー	4953869
スカーラ	4953868
embarrassed	4953867
葦笛	4953866
ホィットニー	4953865
ルロン	4953864
聳え立	4953863
トク	4953862
リガート	4953861
アースリー	4953860
冥	4953859
長引き	4953858
張り番	4953857
へし折り	4953856
グリジオ	4953855
winoworks	4953854
ミラージュ	4953853
振り込め	4953852
オブリー	4953851
ビエルノ	4953850
カーフ	4953849
パリパリ	4953848
マケンジー	4953847
roun	4953846
ブーリン	4953845
かど	4953844
エリーマイ	4953843
patter	4953842
シャンパズ	4953841
ステルモア	4953840
なーっと	4953839
ティンパー	4953838
年賀	4953837
ヘンナ	4953836
ナリボッカ	4953835
けえ	4953834
牡羊	4953833
バーバー	4953832
ノンアルコール	4953831
エルーダ	4953830
狂女	4953829
後払い	4953828
地主に	4953827
ゲッコー	4953826
rust	4953825
煎じ汁	4953824
warble	4953823
殴り書き	4953822
モリッツ	4953821
una	4953820
imagine	4953819
determined	4953818
スズラン	4953817
returning	4953816
結線	4953815
ずくめ	4953814
イツァク	4953813
ルナー	4953812
マブーシュム	4953811
doctors	4953810
fiction	4953809
ランフランコ	4953808
つまみだ	4953807
マッグウィン	4953806
showta	4953805
トタン	4953804
ティルデン	4953803
investigate	4953802
punishment	4953801
pulling	4953800
送料	4953799
金平糖	4953798
争点	4953797
アボリジニ	4953796
ベルニツキ	4953795
ディアゴル	4953794
coke	4953793
憩	4953792
midas	4953791
もうしわけ	4953790
ケイラ	4953789
ヨッカ	4953788
験し	4953787
マグリー	4953786
kazuto	4953785
treatment	4953784
消えゆ	4953783
ラッコ	4953782
gsm	4953781
トゥワイライト	4953780
バケ	4953779
ヴェリック	4953778
交遊	4953777
ケイザー	4953776
竣工	4953775
俗説	4953774
コンポージャ	4953773
突き出せ	4953772
カスタード	4953771
一郎	4953770
介助	4953769
ろば	4953768
トパンガ	4953767
lpr	4953766
ホログラフ	4953765
日韓	4953764
墳墓	4953763
托鉢	4953762
オクタゴン	4953761
ベグ	4953760
smack	4953759
ウルスラ	4953758
ダゾ	4953757
キルクーク	4953756
仕出し	4953755
奮い立て	4953754
responsible	4953753
スタックス	4953752
かみつき	4953751
べっこう	4953750
はなはだし	4953749
アノート	4953748
iqz	4953747
挟め	4953746
ポットワー	4953745
ジェレミ	4953744
外形	4953743
コルドバ	4953742
もぞもぞ	4953741
投げ出せ	4953740
揺すれ	4953739
マイゲアー	4953738
スローター	4953737
corporation	4953736
グーフィ	4953735
視聴覚	4953734
王曹	4953733
キャザース	4953732
戦用	4953731
カーット	4953730
ニャンニャン	4953729
フレージャー	4953728
マリンバー	4953727
ペコ	4953726
摩	4953725
sakes	4953724
ホイホー	4953723
このぉ	4953722
ヒッヒッヒ	4953721
暗幕	4953720
素子	4953719
chemical	4953718
へさき	4953717
稲川	4953716
泥穴	4953715
コルドン	4953714
compound	4953713
カネ儲け	4953712
ロリー	4953711
llamo	4953710
スミット	4953709
ふく	4953708
ハーディン	4953707
真由美	4953706
cr	4953705
アメーバ	4953704
同大	4953703
オークモン	4953702
具合い	4953701
駿馬	4953700
banner	4953699
スニ	4953698
ヨンホー	4953697
スレイト	4953696
plane	4953695
ちょうちん	4953694
レストレス	4953693
answers	4953692
てきめん	4953691
隈井	4953690
勝一	4953689
alvin	4953688
cutting	4953687
池の	4953686
ソックヮン	4953685
連戦	4953684
たけなわ	4953683
チョル	4953682
遠目	4953681
アストロメク	4953680
献策	4953679
すすぎ	4953678
temptation	4953677
グリーム	4953676
スンヨン	4953675
ミスターバオ	4953674
ピクチャーズ	4953673
クソリッチ	4953672
surprises	4953671
ユルゲン	4953670
あごと	4953669
hoop	4953668
人捜し	4953667
アグワイヤ	4953666
ツバメ	4953665
読ま	4953664
アルトゥーロ	4953663
ネコババ	4953662
files	4953661
インテーク	4953660
艶出	4953659
ワヤ	4953658
自毛	4953657
断ち	4953656
物々し	4953655
クアトロン	4953654
ufc	4953653
アレクシオ	4953652
樅	4953651
ジェビ	4953650
コンポスト	4953649
自壊	4953648
ダリエンマ	4953647
fame	4953646
禁令	4953645
生成分	4953644
モーレ	4953643
ヌーベル	4953642
reggie	4953641
胸腔	4953640
loop	4953639
クロッケー	4953638
別嬪	4953637
シラネェ	4953636
hula	4953635
ブロックマン	4953634
test	4953633
ナノメートル	4953632
謹比	4953631
別け	4953630
フムス	4953629
ブガルー	4953628
ターバ	4953627
シルヴィー	4953626
インクル	4953625
ナポリ	4953624
behavior	4953623
室篇	4953622
イート	4953621
ラビー	4953620
プリットー	4953619
iii	4953618
クィントゥス	4953617
ダビューク	4953616
尾羽	4953615
リアリズム	4953614
おぱ	4953613
手の内	4953612
テクトロニクス	4953611
ザンド	4953610
のれん	4953609
juliet	4953608
かちっと	4953607
クロスウッド	4953606
oscar	4953605
フレゼッリ	4953604
シトリン	4953603
逆立て	4953602
ワージントン	4953601
リバイバル	4953600
テレプラスティ	4953599
イツ	4953598
腰抜けめ	4953597
壷謀	4953596
槍兵	4953595
クド	4953594
デイノコッカス	4953593
うずめ	4953592
引受	4953591
ファーレン	4953590
ジョディー	4953589
除法	4953588
白飯	4953587
gods	4953586
カブスカウト	4953585
バイオトニックス	4953584
メロビンジアン	4953583
魅せ	4953582
バチルス	4953581
パセフォニー	4953580
reed	4953579
ふくめ	4953578
ness	4953577
イネクト	4953576
マリーニ	4953575
ショアディッチ	4953574
フルオキセチン	4953573
プチ	4953572
ドゥディ	4953571
ミスバハ	4953570
マシュコフ	4953569
片言	4953568
プチプチ	4953567
前借	4953566
ヒョウナメクジ	4953565
starts	4953564
シューバ	4953563
パッシング	4953562
そういや	4953561
military	4953560
ｊｄ	4953559
ハゥディ	4953558
ルーナウィー	4953557
scmods	4953556
口ごたえ	4953555
リドケイン	4953554
恋い焦がれ	4953553
車二	4953552
入れれ	4953551
小遣	4953550
gsr	4953549
紛れこ	4953548
端部	4953547
もげ落ち	4953546
対物	4953545
ヒデオ	4953544
dscs	4953543
themself	4953542
evidence	4953541
qa	4953540
肩紐	4953539
にせ	4953538
faggoty	4953537
ziva	4953536
野島	4953535
さがしもの	4953534
ロケバス	4953533
村越	4953532
ピエット	4953531
フランシア	4953530
ontspan	4953529
ボスワース	4953528
アナーバー	4953527
腹膜	4953526
sw	4953525
上げれ	4953524
ノーパン	4953523
牝	4953522
often	4953521
銀髪	4953520
時一	4953519
手淫	4953518
イェガー	4953517
ペレット	4953516
野猪	4953515
フォーマー	4953514
癒やしの	4953513
サンドバー	4953512
seo	4953511
大宮	4953510
鞭打て	4953509
アナン	4953508
キヨサキ	4953507
アントリム	4953506
ちがー	4953505
ファイザー	4953504
レイバー	4953503
打ち振	4953502
下賎	4953501
ギャム	4953500
ハムリッシュ	4953499
なんちゃっ	4953498
受渡	4953497
cojones	4953496
バッチイ	4953495
ボカラトン	4953494
同系	4953493
ワザパマニ	4953492
ラピドス	4953491
ガボット	4953490
一等	4953489
mike	4953488
モンタルボ	4953487
forces	4953486
誓言	4953485
ナボコフ	4953484
ダイオード	4953483
フェンソン	4953482
鼻づまり	4953481
ユーセフ	4953480
快諾	4953479
きれー	4953478
煮や	4953477
compares	4953476
輔讐	4953475
ファンティーマ	4953474
マロム	4953473
亥ク	4953472
彡麦	4953471
グ彡	4953470
ディジェリドゥー	4953469
オムニア	4953468
ブク	4953467
心付け	4953466
ペルデェトゥ	4953465
浙彡	4953464
レ彦	4953463
エアム	4953462
主戦	4953461
マグヌス	4953460
trumpet	4953459
まげ	4953458
ロッ	4953457
パラゴン	4953456
ある所	4953455
osnaz	4953454
テンカン	4953453
正午頃	4953452
船医	4953451
バラトリル	4953450
candle	4953449
テリトフ	4953448
従わ	4953447
争議	4953446
カエセ	4953445
琶昌	4953444
犠篭	4953443
神音	4953442
アルゴマ	4953441
シエ	4953440
飛びこ	4953439
殉難	4953438
管圧	4953437
リシア	4953436
マンガー	4953435
アクアマリン	4953434
すぐきれ	4953433
ナーシー	4953432
アグレッシブ	4953431
ｂｒｍ	4953430
フィオラノ	4953429
ピンツラ	4953428
クソマシン	4953427
空き箱	4953426
ドライバーズ	4953425
perdon	4953424
ゲータレード	4953423
ハーメル	4953422
ランガー	4953421
モンツァ	4953420
俊一	4953419
久我	4953418
三葉	4953417
オージー	4953416
ブランズ	4953415
琶昆	4953414
韓言	4953413
リメーク	4953412
まんつえ	4953411
しみこ	4953410
クソバカ	4953409
ラリアット	4953408
カンデラ	4953407
ゴアンナ	4953406
全部外	4953405
ルーデンス	4953404
追い越し	4953403
レボン	4953402
流し込め	4953401
マウンバ	4953400
はにかみ屋	4953399
オールバニ	4953398
たち戻	4953397
イシュ	4953396
善仁	4953395
おうい	4953394
丶ん	4953393
カイシャ	4953392
付きっ切り	4953391
そんさ	4953390
予科	4953389
取り払え	4953388
疑獄	4953387
ふふっ	4953386
文盲	4953385
有楽町	4953384
丸ノ内線	4953383
absque	4953382
チュット	4953381
locum	4953380
タスケン	4953379
狽	4953378
krek	4953377
creeteo	4953376
kaas	4953375
佳境	4953374
来春	4953373
ティチューバ	4953372
積分	4953371
palace	4953370
だいじょう	4953369
しぃ	4953368
易者	4953367
painful	4953366
老院	4953365
夢心地	4953364
ｳ	4953363
チャップ	4953362
廃案	4953361
ジオノー	4953360
あかぎれ	4953359
モレロ	4953358
リシメイズ	4953357
本官	4953356
秀力	4953355
嵐閧	4953354
貰い下げ	4953353
ヒーリー	4953352
カプート	4953351
トムズ	4953350
ざだ	4953349
鞍え	4953348
びな	4953347
ブルット	4953346
思い直せ	4953345
キップス	4953344
釘打ち	4953343
のこ	4953342
嫌ー	4953341
かいかぶ	4953340
apg	4953339
くるみ割り	4953338
減退	4953337
相補	4953336
壊わ	4953335
plains	4953334
レノルドズ	4953333
ラシン	4953332
リバチ	4953331
アニョハセヨ	4953330
ミポ	4953329
佳子	4953328
轄言	4953327
隆	4953326
シズ	4953325
軽部	4953324
kataan	4953323
みっ	4953322
スガル	4953321
フォンビー	4953320
甕窪	4953319
太子	4953318
逢びき	4953317
ローマック	4953316
mph	4953315
牲	4953314
鍋横	4953313
インバネス	4953312
山内	4953311
山手	4953310
ふうっ	4953309
平成	4953308
生き恥	4953307
なーブス	4953306
左寄り	4953305
づくめ	4953304
テンソウ	4953303
めっきり	4953302
ヒユンヒユヒユン	4953301
もちもち	4953300
音質	4953299
むち打ち	4953298
うぞ	4953297
棄手	4953296
立つ瀬	4953295
くノゞゝゝ	4953294
ベろん	4953293
たいがい	4953292
マホーネ	4953291
mos	4953290
shines	4953289
ーつだーブ	4953288
ボバイ	4953287
遅ぇ	4953286
ポペ	4953285
ラクリッツ	4953284
ーバカ	4953283
ヾス	4953282
言い立て	4953281
湾内	4953280
妄麦	4953279
一逞	4953278
シロッ	4953277
押し返せ	4953276
斬り	4953275
オーカズム	4953274
丿ン	4953273
い取	4953272
畜殺	4953271
フラクリン	4953270
丶っ	4953269
大出	4953268
ぐずる	4953267
くーん	4953266
あんよ	4953265
職夏	4953264
フユ	4953263
フェンネル	4953262
さし出	4953261
甘っちょろ	4953260
プラウド	4953259
藺筐	4953258
マルドナド	4953257
身捨て	4953256
新たし	4953255
延棒	4953254
ドタマ	4953253
したがって	4953252
取組	4953251
ナドラ	4953250
ヴィスンジエイ	4953249
ゴラ	4953248
もっこ	4953247
餓え	4953246
えヘ	4953245
慟哭	4953244
哀願	4953243
かさぶた	4953242
てっちや	4953241
ヤーホー	4953240
バートリル	4953239
大赤字	4953238
見や	4953237
ピースキーパー	4953236
エノー	4953235
ペール	4953234
グロースター	4953233
勇充	4953232
今出	4953231
にやけ	4953230
オルカ	4953229
心達	4953228
一チ	4953227
力ン	4953226
ガブラー	4953225
ギルネター	4953224
バックサイド	4953223
いっぱしり	4953222
リダイヤル	4953221
ギボン	4953220
ヘッダ	4953219
にこ	4953218
工事業	4953217
歩み寄れ	4953216
菫謹	4953215
ノベル	4953214
ビスク	4953213
パラベン	4953212
ラウレス	4953211
メタモルフ	4953210
パパサメディ	4953209
マウントロイ	4953208
證叢	4953207
壷疆	4953206
うす汚ね	4953205
エルマン	4953204
オウェンズ	4953203
グラフェン	4953202
ジャシンタ	4953201
マッタク	4953200
斎場	4953199
もしおれ	4953198
おさえつけ	4953197
バラす	4953196
スラッタリー	4953195
ゲラ	4953194
敢局	4953193
ボクハ	4953192
ズーット	4953191
エマヲ	4953190
リコハ	4953189
ニーヴス	4953188
鉄火	4953187
満期	4953186
ヵゝ	4953185
廃材	4953184
男勝り	4953183
デジャルダン	4953182
いやあああああ	4953181
ロクソン	4953180
ﾒｰﾙ	4953179
兒	4953178
暑き	4953177
職含	4953176
ハンドブレーキ	4953175
コラコラ	4953174
でっけえ	4953173
てめえっ	4953172
万難	4953171
鴨池	4953170
麦盲	4953169
當房	4953168
クロォ	4953167
ァッ	4953166
ファンデーション	4953165
開け閉め	4953164
カンバー	4953163
リンゴマ	4953162
資	4953161
おっぱら	4953160
ポリティコ	4953159
区割り	4953158
流行り物	4953157
ぞォ	4953156
なーっ	4953155
お伽噺	4953154
丶な	4953153
安田	4953152
きけん	4953151
麦丿	4953150
なる程	4953149
ラル	4953148
どこー	4953147
まんず	4953146
ペペロニ	4953145
プレーボーイ	4953144
たァ	4953143
蓼野	4953142
クレンドン	4953141
アンダーライン	4953140
おん出	4953139
ゾーハル	4953138
亘盛	4953137
寺内	4953136
洋食	4953135
ツムラ	4953134
ﾋｱﾘﾝｸﾞ	4953133
コロッ	4953132
マッスル	4953131
殊	4953130
名品	4953129
プロジェク	4953128
言盲	4953127
タぁ	4953126
労厄	4953125
冨蕾	4953124
トリチウム	4953123
しかお	4953122
エンコ	4953121
受付け	4953120
オデッド	4953119
ホンッ	4953118
トラコーマ	4953117
まぇ	4953116
nike	4953115
はみ	4953114
決まり悪	4953113
ダップ	4953112
立ち見	4953111
フィオレッティ	4953110
ディコビッチ	4953109
エスキヴェル	4953108
ぶろ	4953107
磯貝	4953106
堀部	4953105
ステュアート	4953104
はんせ	4953103
厦冨	4953102
飛騨	4953101
松本城	4953100
くうう	4953099
エイナル	4953098
ハザマ	4953097
たーゴど	4953096
ざな	4953095
允芒	4953094
ムシケラ	4953093
芭蕉	4953092
里花	4953091
病み付き	4953090
前借り	4953089
ヒヨ	4953088
なーんつ	4953087
靭	4953086
係数	4953085
クレノン	4953084
ハンフォード	4953083
管管	4953082
時価	4953081
エネルギ	4953080
幻灯	4953079
丶ち	4953078
アコルシ	4953077
劇中	4953076
篁言	4953075
おひたし	4953074
シャンソン	4953073
釣り堀	4953072
うなぎ	4953071
ピンター	4953070
ウォルフ	4953069
こづかい	4953068
管帝萱	4953067
リーゼント	4953066
クレン	4953065
朝霧	4953064
カヾ闘	4953063
ぺトラ	4953062
ムリエル	4953061
トムサ	4953060
飲みくださ	4953059
打ちこ	4953058
乳糖	4953057
がわり	4953056
笹かま	4953055
架か	4953054
羨轢	4953053
藝蒲	4953052
入り混じ	4953051
きび	4953050
ニアン	4953049
カントリーバー	4953048
ムーズ	4953047
やぶれ	4953046
一人者	4953045
マタス	4953044
出島	4953043
家門	4953042
ブリオッシュ	4953041
ヤンソン	4953040
やりなおせ	4953039
initiate	4953038
ダネーリス	4953037
遅咲き	4953036
雛鳥	4953035
カイバン	4953034
かんむり	4953033
エルドリック	4953032
コトバ	4953031
椿姫	4953030
ボソボソ	4953029
緩み	4953028
消えうせ	4953027
聖ジョン	4953026
祈とう	4953025
アンデルセン	4953024
稼ぐ	4953023
川上	4953022
トランバル	4953021
ロザーラ	4953020
やーい	4953019
かき出	4953018
岡田	4953017
沙霧	4953016
航也	4953015
ツィア	4953014
さあお	4953013
アナべ	4953012
分数	4953011
推せん	4953010
在陸	4953009
レコン	4953008
沖合い	4953007
みせしめ	4953006
fish	4953005
oz	4953004
計れ	4953003
別れ際	4953002
コンジャリング	4953001
ウェセックス	4953000
側索	4952999
立ち上	4952998
テレフォン	4952997
長門	4952996
口叩	4952995
ルイジ	4952994
あははっ	4952993
木彫	4952992
車出	4952991
西麻布	4952990
オスロー	4952989
なおせ	4952988
かきわけ	4952987
はははっ	4952986
ペド	4952985
包茎	4952984
義央	4952983
ニャアニャア	4952982
傾きかけ	4952981
綱吉	4952980
忍ばせ	4952979
ﾍﾟｰｼﾞ	4952978
ｽﾍﾟｱｷｰ	4952977
キクチ	4952976
サリアン	4952975
信ず	4952974
来期	4952973
ぐの	4952972
ザプルーダー	4952971
よッ	4952970
豪語	4952969
ドニ	4952968
退陣	4952967
セシリア	4952966
キツク	4952965
糞ッ	4952964
名車	4952963
世相	4952962
伊勢島	4952961
dirt	4952960
糞魔女	4952959
聴き取れ	4952958
シヤ一	4952957
花見	4952956
備考	4952955
バルトロ	4952954
キアラ	4952953
じゃな	4952952
もげ	4952951
ズズズズ	4952950
レトリバノール	4952949
朱	4952948
くフ	4952947
牛丼	4952946
雨期	4952945
うああああああ	4952944
ロウリンス	4952943
ウォンブ	4952942
小回り	4952941
ロッパ	4952940
ゼッド	4952939
言い足り	4952938
ウナラスカ	4952937
くズガン	4952936
就学	4952935
ａｖｍ	4952934
アフレック	4952933
ヨーヴィル	4952932
白夜	4952931
優男	4952930
わい	4952929
怪談	4952928
空ぅ	4952927
ぶら下がり	4952926
ヘソクリ	4952925
プロモントリー	4952924
ロウム	4952923
さげろ	4952922
コチョコチョコチョ	4952921
コピ	4952920
シェーキ	4952919
筏	4952918
マザ	4952917
動静脈	4952916
ハバーマン	4952915
献花	4952914
チェンバー	4952913
tj	4952912
ダンボー	4952911
ヾズン	4952910
丿ヾス	4952909
うわあぁ	4952908
目出度	4952907
印紙	4952906
啓蟄	4952905
男カ	4952904
aft	4952903
マッテオ	4952902
くんだり	4952901
ちっきしょう	4952900
山扈	4952899
ビュロー	4952898
uxo	4952897
軍藝	4952896
職工	4952895
鉄工	4952894
捧げ銃	4952893
霊言	4952892
ピュッ	4952891
mary	4952890
ぎょうさん	4952889
アンドロス	4952888
丈暮	4952887
朱麦満	4952886
メガシップ	4952885
アウリコ	4952884
せやか	4952883
ボドウィン	4952882
トンキン	4952881
連ね	4952880
ライラテック	4952879
小頭	4952878
ウォンタース	4952877
ジオレンジャー	4952876
蟻塚	4952875
咀嚼	4952874
ベンジックス	4952873
使役	4952872
エボット	4952871
自而	4952870
ドーパー	4952869
蓼戮	4952868
グレイター	4952867
キャンペロ	4952866
両軍	4952865
蓿カ	4952864
プレイト	4952863
緒方	4952862
デリラー	4952861
ダンザン	4952860
まんもん	4952859
あんぜん	4952858
アフォ	4952857
フラチュラ	4952856
たろ	4952855
コク	4952854
フォーティナイナーズ	4952853
グラヴィティ	4952852
セクトマン	4952851
やあぁぁ	4952850
ハンチントン	4952849
本間	4952848
wheels	4952847
チソン	4952846
etc	4952845
深川	4952844
澄みき	4952843
キャンダリアン	4952842
図鑑	4952841
マリシャル	4952840
スラスラ	4952839
パクベル	4952838
お腹壊	4952837
丿丶ァ	4952836
さしつかえ	4952835
店先	4952834
チャウダー	4952833
違犯	4952832
ドート	4952831
おーけー	4952830
ほほ笑み	4952829
ダウンウェディ	4952828
ヘンチクリン	4952827
くせぇ	4952826
真水	4952825
駆けっこ	4952824
ヾチン	4952823
チング	4952822
ギホ	4952821
スタディ	4952820
オステオ	4952819
ウィトラ	4952818
貼れ	4952817
ノエ	4952816
一ッ	4952815
各面	4952814
ディガー	4952813
ウルサン	4952812
長び	4952811
領置	4952810
スボ	4952809
まゝ	4952808
チョルジュ	4952807
ヘジ	4952806
激鉄	4952805
ギユイ	4952804
力一	4952803
あいあい	4952802
モーフィー	4952801
コリゴリ	4952800
納付	4952799
雨あられ	4952798
丸焦げ	4952797
finesse	4952796
極真	4952795
ソミョン	4952794
租税	4952793
ポプラ	4952792
西面	4952791
神め	4952790
泊れ	4952789
タンダー	4952788
よーほー	4952787
ブービー	4952786
壷藝	4952785
捕り	4952784
ニュ	4952783
ッテル	4952782
ラムス	4952781
著陸	4952780
輩子	4952779
特価	4952778
看見	4952777
未來	4952776
淚水	4952775
車捜	4952774
書き取り	4952773
エンピツ	4952772
麼	4952771
ハィヤ	4952770
陳	4952769
一女	4952768
ウァー	4952767
濃霧	4952766
放りこめ	4952765
引きちぎれ	4952764
神楽坂	4952763
離開	4952762
夕夕	4952761
カワィィ	4952760
オラカ	4952759
押し合い	4952758
ラター	4952757
踩	4952756
やあお前	4952755
帶	4952754
愛上	4952753
翔	4952752
たきぎ	4952751
短刀	4952750
打ち鳴ら	4952749
樣	4952748
バオリ	4952747
さず	4952746
川島	4952745
這樣	4952744
老けこ	4952743
摯	4952742
ーチャ	4952741
什麼	4952740
キムチルル	4952739
サラン	4952738
揚げ足	4952737
ナポ	4952736
仕事前	4952735
秀髮	4952734
烏黑	4952733
ねえーブ	4952732
けた	4952731
ぴん	4952730
ムーチャス	4952729
勘ぐり	4952728
海鳥	4952727
桑ん	4952726
以為	4952725
一封	4952724
心裡	4952723
心死	4952722
オヤスミ	4952721
つけちゃ	4952720
懲じ	4952719
溶け合	4952718
あぶね	4952717
ファジャンシル	4952716
つけん	4952715
我把	4952714
相思	4952713
カーリィ	4952712
ハーヴ	4952711
泣く泣	4952710
是拋	4952709
丶曹	4952708
ccthe	4952707
我是捨	4952706
王琶	4952705
驕陽	4952704
耆藻	4952703
見つかり	4952702
亡界	4952701
アンニョンハセヨー	4952700
焰	4952699
焚枯	4952698
關係	4952697
浦	4952696
芒亨	4952695
圭介	4952694
ワアルザザテ	4952693
めえ	4952692
スパゲッティー	4952691
大丿	4952690
浴衣姿	4952689
まだいた	4952688
キルボーン	4952687
デルズ	4952686
ねじ込め	4952685
くド	4952684
イナバウアー	4952683
ルーチョ	4952682
тouch	4952681
мэпot	4952680
力貸	4952679
プレシャード	4952678
psst	4952677
ちっさ	4952676
ヤッベー	4952675
エルフッド	4952674
ナジブ	4952673
ウーフ	4952672
先着	4952671
ぜい	4952670
寅管藻	4952669
ボンディア	4952668
引っぱれ	4952667
タカート	4952666
河口	4952665
ｊpop	4952664
小物入れ	4952663
高ーブ	4952662
サンジェゴ	4952661
丶俺	4952660
カキ氷	4952659
疲ぅ	4952658
シユイ	4952657
シユンシユフシユン	4952656
すいすい	4952655
バレドグラダルペ	4952654
ザハラ	4952653
インシャッラー	4952652
わああ	4952651
恒	4952650
阿弥陀	4952649
アミプーサー	4952648
請原	4952647
ミヾん	4952646
懦弱	4952645
ゲイシャ	4952644
相愛	4952643
站在	4952642
我卻	4952641
毒茎	4952640
遜	4952639
人づて	4952638
河野	4952637
鬼神	4952636
てんやわんや	4952635
スプリングスクリーム	4952634
艷	4952633
浪岡	4952632
飄雪	4952631
ひとりさ	4952630
sahebjam	4952629
sigheh	4952628
ヤドカニ	4952627
メーブル	4952626
麦苔め	4952625
メヘリ	4952624
ハッセン	4952623
汗臭	4952622
ベービーシッター	4952621
張り合い	4952620
ディルハム	4952619
エブラヒム	4952618
皇女	4952617
厚板	4952616
モルテザ	4952615
敢強	4952614
ラッカバン	4952613
チャドル	4952612
freidoune	4952611
ミシン	4952610
ウーフィー	4952609
郵包	4952608
址	4952607
威古	4952606
ルーキーズ	4952605
冨ラ	4952604
ビビビ	4952603
伏兵	4952602
マーリ	4952601
弾力	4952600
ノボカイン	4952599
ティブリン	4952598
慣用	4952597
グリーヴァスだ	4952596
空恐ろし	4952595
セイルズ	4952594
タノー	4952593
一乙	4952592
ジジジジ	4952591
ャャ	4952590
マネージメント	4952589
元金	4952588
クルッチャ	4952587
ブア	4952586
追詰め	4952585
フュー	4952584
部屋割り	4952583
享免	4952582
スタンダップ	4952581
アルバータ	4952580
豹拳	4952579
募麦	4952578
こきおろ	4952577
自走	4952576
激ウマ	4952575
レシピー	4952574
酔人	4952573
消影	4952572
キーリス	4952571
ポケバイ	4952570
疆乙	4952569
逐	4952568
片脚	4952567
shows	4952566
kissed	4952565
superstore	4952564
ブンゼン	4952563
ルーイゼ	4952562
パッカーズ	4952561
ヌードラー	4952560
ｊｚ	4952559
ブラ下が	4952558
ホーボー	4952557
セクシ	4952556
アルマゲドン	4952555
聞かん	4952554
怒りん坊	4952553
クルーディス	4952552
ザンビア	4952551
専ら	4952550
ザワークラウト	4952549
チャプリン	4952548
つむじ風	4952547
日除け	4952546
デハロ	4952545
スチュアド	4952544
プロムナード	4952543
リシーダ	4952542
できらめ	4952541
打っ	4952540
筐	4952539
note	4952538
サイラ	4952537
ホッペ	4952536
はねかけ	4952535
アムトラック	4952534
キユキユ	4952533
クリヤー	4952532
priorities	4952531
qualities	4952530
牙男	4952529
champions	4952528
フウッ	4952527
ork	4952526
大叔父	4952525
ウォーシップ	4952524
define	4952523
確答	4952522
ヾーサィヤ丈ゴ	4952521
背負い込	4952520
ジヨジヨジヨ	4952519
墓碑	4952518
ギユ	4952517
宇茎	4952516
ぼったくり	4952515
拱	4952514
ブルドーザ	4952513
キッカリ	4952512
毛先	4952511
ギャンボル	4952510
ヨルゲンセン	4952509
メスナー	4952508
いかんし	4952507
撃た	4952506
置けん	4952505
洟垂れ	4952504
見棄て	4952503
ニヤつ	4952502
ノチジ	4952501
ヨジャ	4952500
やじ馬	4952499
ース	4952498
ュ	4952497
カヾ丶	4952496
艱品	4952495
夫芸	4952494
我會	4952493
プロメッサ	4952492
日比谷	4952491
ウォーツ	4952490
譲え	4952489
ことさら	4952488
裕一郎	4952487
ビテブ	4952486
もとま	4952485
ファルコーニ	4952484
シェヴィー	4952483
かわいそ	4952482
若頭	4952481
tikal	4952480
剃れ	4952479
起きん	4952478
フィティ	4952477
言警	4952476
壷嵩	4952475
ウェントワース	4952474
めざ	4952473
かッ	4952472
あまく	4952471
ヴェレル	4952470
グランサム	4952469
メモリースチック	4952468
なあんた	4952467
タレ込み	4952466
墓前	4952465
廃物	4952464
ベディリア	4952463
詫び状	4952462
irt	4952461
セキューリ	4952460
つくり出	4952459
カフェパウ	4952458
ガーガー	4952457
すぐき	4952456
サーマイト	4952455
身許	4952454
エーベーット	4952453
差し当た	4952452
面構え	4952451
ばかか	4952450
thb	4952449
ダムヌン	4952448
テロール	4952447
引き潮	4952446
買いと	4952445
シーバーン	4952444
リンカンバローズ	4952443
譲握	4952442
ミデルトン	4952441
機内食	4952440
さしかか	4952439
トリシャネ	4952438
プレツエル	4952437
這い寄	4952436
シイ	4952435
ぴゅう	4952434
教導	4952433
持ちかえ	4952432
管夏	4952431
ロイター	4952430
ムシャラフ	4952429
ワッチャー	4952428
底面	4952427
セールストーク	4952426
ジッタンダー	4952425
マンダー	4952424
シャールク	4952423
クローブ	4952422
てつて	4952421
誕	4952420
藍置	4952419
ひl	4952418
ニュルンベルク	4952417
アミターブ	4952416
ヤハラ	4952415
ホダ	4952414
相槌	4952413
ロータル	4952412
セファロスポリン	4952411
ダギー	4952410
ニタリアン	4952409
ヒューマニタリアン	4952408
名セリフ	4952407
遭喜	4952406
チビッ	4952405
ヒユイ	4952404
コつ	4952403
bb	4952402
異存	4952401
既	4952400
カリーダ	4952399
ストローム	4952398
オーサス	4952397
あゎ	4952396
丶律	4952395
ゾーヤ	4952394
コヤマ	4952393
ヒンドスタン	4952392
ビシー	4952391
eius	4952390
ウルク	4952389
ぜえぜえぜえ	4952388
シプコフ	4952387
トゲトゲ	4952386
艦名	4952385
ペスカデロ	4952384
ジェナル	4952383
ウァァァァァ	4952382
滋	4952381
屈伏	4952380
把手	4952379
サイバネティクス	4952378
エヘヘッ	4952377
主食	4952376
サトシ	4952375
赤斑	4952374
バクシル	4952373
メチルオイ	4952372
黒舟	4952371
ちつこ	4952370
おせえ	4952369
息止め	4952368
体軸	4952367
hora	4952366
辞意	4952365
パドィウ	4952364
ガリッ	4952363
暗室	4952362
ティバグ	4952361
エクサク	4952360
superchick	4952359
クレッツ	4952358
スパルクル	4952357
ツワン	4952356
こーん	4952355
インスタ	4952354
フォンテンブロー	4952353
ヴァイカ	4952352
subbed	4952351
犯罪人	4952350
エクサクター	4952349
胃壁	4952348
トライフュージョン	4952347
消せよ	4952346
あーブ	4952345
ヴィン	4952344
丶冶	4952343
暮ぉ	4952342
増設	4952341
一人出	4952340
シェダル	4952339
お梅	4952338
讀	4952337
しゃっしゃっしゃ	4952336
溌剌	4952335
正餐	4952334
めいめい	4952333
恩顧	4952332
悟量	4952331
ディリオス	4952330
蓋轄	4952329
アヴァ	4952328
つから	4952327
はい上官	4952326
バナナス	4952325
ふき	4952324
主ビフゴ	4952323
低減	4952322
サラーラ	4952321
ちまちま	4952320
ソコトラ	4952319
cure	4952318
ガラード	4952317
はらり	4952316
テレホート	4952315
りこん	4952314
あえな	4952313
サエ	4952312
エレビー	4952311
既決	4952310
火術師	4952309
suzi	4952308
ハルモニア	4952307
オーヤ	4952306
毒寛	4952305
爆着	4952304
ぁの	4952303
残りもの	4952302
カーネィア	4952301
マドリ	4952300
リーアム	4952299
捉ま	4952298
エブリー	4952297
差止	4952296
すする	4952295
ボフ	4952294
アゴーゲ	4952293
ダスター	4952292
小径	4952291
サルサパリラ	4952290
タイノー	4952289
映り込	4952288
セラフィム	4952287
取りとめ	4952286
断薬	4952285
倣	4952284
あさろ	4952283
柱芳	4952282
遭書	4952281
要し	4952280
泣き叫び	4952279
盧琶	4952278
いやあの	4952277
ボレゴ	4952276
ステリオス	4952275
豊き	4952274
克	4952273
浦々	4952272
フォキス	4952271
ミリシャ	4952270
手青	4952269
バーバリー	4952268
ゼトロフ	4952267
ぞお	4952266
バッサリ	4952265
じやー	4952264
丁ユ	4952263
鑑	4952262
直訳	4952261
ｎｒｏ	4952260
epirb	4952259
読み飛ば	4952258
ｐｐｍ	4952257
サーフボード	4952256
勅叫	4952255
氷結	4952254
年輪	4952253
ケーシング	4952252
ペトリッジ	4952251
グレイシャー	4952250
ワースキー	4952249
覧え	4952248
刻器	4952247
固持	4952246
古物	4952245
蒟	4952244
オザーク	4952243
ディビッド	4952242
螢	4952241
lこ丿	4952240
kushai	4952239
クメ	4952238
苺鼻	4952237
薯突	4952236
ヨンナ	4952235
クラミック	4952234
てんでん	4952233
なすり付け	4952232
ソキ	4952231
メベンダ	4952230
ビミョー	4952229
エウリュディケ	4952228
ブラックアンガス	4952227
ゾール	4952226
かきむし	4952225
ヒドロラーゼ	4952224
ジャネラ	4952223
降雪	4952222
エルゴノミクス	4952221
リタンビル	4952220
ブリーダー	4952219
ダリー	4952218
おぉぉぉ	4952217
留乙	4952216
添削	4952215
もうろく	4952214
麻木	4952213
丁ィー	4952212
ヒラヒラ	4952211
近東	4952210
逆巻	4952209
アルクメーネー	4952208
プリマドンナ	4952207
話者	4952206
鯉	4952205
醸し出	4952204
絹肌	4952203
丶善	4952202
スグえ	4952201
クリスティアーン	4952200
新台	4952199
コラーリ	4952198
せっ	4952197
カルテク	4952196
引き戻せ	4952195
ハムラビ	4952194
置き換わ	4952193
いっぱし	4952192
でき上が	4952191
牧	4952190
洪積	4952189
かーー	4952188
ｉｓｍ	4952187
かっちょ	4952186
めくるめく	4952185
野耆	4952184
くザ	4952183
ヘンセン	4952182
うじ	4952181
街並み	4952180
差婚	4952179
バイソン	4952178
鳥撃ち	4952177
なでぎり	4952176
丶苗	4952175
解毒薬	4952174
こぎつけ	4952173
無学	4952172
fqm	4952171
avi	4952170
モアンナ	4952169
もの悲し	4952168
エヴァリー	4952167
片っ方	4952166
匙	4952165
rbnuxdbvbi	4952164
トゥバ	4952163
妥	4952162
碧ち	4952161
詣れ	4952160
害言	4952159
クソボケ	4952158
コロニック	4952157
っ放	4952156
ショーグン	4952155
レイバーン	4952154
シャチ	4952153
粉ひき	4952152
beard	4952151
dropped	4952150
脅異	4952149
大瓶	4952148
丶手	4952147
腱板	4952146
warn	4952145
届言	4952144
るぞ	4952143
現生	4952142
騎乗	4952141
locke	4952140
丶謹	4952139
クリスチー	4952138
consult	4952137
今直	4952136
マンダラゲ	4952135
アンゲロ	4952134
そぞろ	4952133
support	4952132
通ら	4952131
銀婚	4952130
ひっくるめ	4952129
数量	4952128
シャンド	4952127
氷塊	4952126
買い換え	4952125
潤滑剤	4952124
夕力	4952123
甌穴	4952122
見下ろせ	4952121
ドレイパー	4952120
思いこみ	4952119
丶存	4952118
形体	4952117
了え	4952116
キクイ	4952115
スエーデン	4952114
いも	4952113
よそで	4952112
パタヤ	4952111
贅	4952110
見とめ	4952109
低木	4952108
鍬	4952107
旛	4952106
ラニム	4952105
に合	4952104
ミートゥー	4952103
いえー	4952102
対処方	4952101
得難	4952100
ビビアナ	4952099
つきとお	4952098
まこ	4952097
帰結	4952096
取り壊せ	4952095
xie	4952094
ニューヘーブン	4952093
延べ棒	4952092
ｅｐａ	4952091
グロップマン	4952090
かに	4952089
ブラピ	4952088
enn	4952087
役立ち	4952086
バナジュー	4952085
月間	4952084
boens	4952083
多孔	4952082
採石	4952081
縮約	4952080
outta	4952079
vory	4952078
見落し	4952077
くその	4952076
シーロ	4952075
ドハーティ	4952074
降圧	4952073
ダイキャスト	4952072
子連れ	4952071
パドマ	4952070
エミリア	4952069
満額	4952068
マスカ	4952067
あなたまさか	4952066
クレイテック	4952065
キャパシティ	4952064
バシ	4952063
リコピン	4952062
ばっちし	4952061
蒸し	4952060
モハーヴェ	4952059
ステアー	4952058
spread	4952057
インターボ	4952056
amg	4952055
インパラティブ	4952054
ドネペジル	4952053
マヂ	4952052
裂離	4952051
カーケム	4952050
グリルド	4952049
らぬ	4952048
下腹	4952047
チェンジャー	4952046
オデコ	4952045
チャーリームータブル	4952044
オオハシ	4952043
ジャイミー	4952042
ブーティクェ	4952041
追い払い	4952040
フーサ	4952039
アンダルス	4952038
モントー	4952037
グランディー	4952036
カルドログ	4952035
御供	4952034
おびやか	4952033
幼女	4952032
ｸﾙｯﾃﾙ	4952031
タラソフ	4952030
wolpet	4952029
キヌア	4952028
気恥ずかし	4952027
刻み目	4952026
下縁	4952025
テニソン	4952024
骨粗	4952023
ありゃぁ	4952022
フェセン	4952021
頬っぺた	4952020
モントリオーネホテル	4952019
木片	4952018
echo	4952017
誉め言葉	4952016
アマロッサ	4952015
フリット	4952014
ディーバー	4952013
メアリーベス	4952012
古紙	4952011
落とし子	4952010
掌底	4952009
アラウンド	4952008
キャナリー	4952007
sahfer	4952006
proch	4952005
アマゾ	4952004
甘き	4952003
矢筒	4952002
eod	4952001
ライザー	4952000
善し悪し	4951999
宙吊り	4951998
静けさだ	4951997
lc	4951996
デリカテッセン	4951995
うなだれ	4951994
立ち会い	4951993
奇しき	4951992
ぶり返し	4951991
沈み込	4951990
ジャファリ	4951989
破船	4951988
ファニ	4951987
曇ら	4951986
停船	4951985
バンダリ	4951984
のみな	4951983
祭礼	4951982
カーネイ	4951981
パンティング	4951980
隠者	4951979
重用	4951978
マンパワー	4951977
ララミー	4951976
歩調	4951975
メーロン	4951974
ブット	4951973
小袋	4951972
削り取	4951971
グリーンリー	4951970
lifts	4951969
amc	4951968
プーチ	4951967
respirator	4951966
locate	4951965
dropping	4951964
付き纏	4951963
滑り出し	4951962
白楢	4951961
磨り潰	4951960
lori	4951959
ジュヌヴィエーヴ	4951958
秒刻み	4951957
gagging	4951956
approaching	4951955
エクレア	4951954
アロマテラピー	4951953
達用	4951952
膜状	4951951
培地	4951950
ヴォルクス	4951949
スリ取	4951948
ポリツァイ	4951947
通例	4951946
保菌	4951945
音調	4951944
ヒースクリフ	4951943
輝や	4951942
本書	4951941
ピシュタコ	4951940
エベリン	4951939
サツマイモ	4951938
フリーリー	4951937
ムニョス	4951936
生食	4951935
ウルリッヒ	4951934
コルビン	4951933
ストリートキッド	4951932
かっぱらい	4951931
かぶりも	4951930
タジキスタン	4951929
もよお	4951928
パイヤ	4951927
イグナチオ	4951926
立て続け	4951925
隣国	4951924
大盛り上がり	4951923
オーナ	4951922
アブナビ	4951921
アブハジア	4951920
サルコジ	4951919
ロッシュ	4951918
にゃろー	4951917
在外	4951916
学資	4951915
natalia	4951914
預けれ	4951913
足根	4951912
がちょう	4951911
汁気	4951910
もも肉	4951909
営巣	4951908
カニバリズム	4951907
つまみ食い	4951906
明方	4951905
人喰い	4951904
なみなみ	4951903
クア	4951902
グルーミング	4951901
マウリシオ	4951900
矢状	4951899
動的	4951898
hill	4951897
カンチ	4951896
詰め所	4951895
口説き落と	4951894
ヴァレット	4951893
ハンコ	4951892
むすめ	4951891
テネット	4951890
アチバン	4951889
並走	4951888
脱字	4951887
crimes	4951886
lifelong	4951885
floating	4951884
wasted	4951883
colors	4951882
分校	4951881
鬨の声	4951880
コンシリウム	4951879
paths	4951878
立ち返	4951877
暑さ	4951876
hannibal	4951875
支流	4951874
スクラバー	4951873
エーメ	4951872
okropiridze	4951871
つき当た	4951870
china	4951869
ヒドロキシ	4951868
振るえ	4951867
サアカシュヴィリ	4951866
枝角	4951865
眠りこけ	4951864
類稀	4951863
外向き	4951862
praise	4951861
生まれ落ち	4951860
後天	4951859
前売り	4951858
マウリエル	4951857
習熟	4951856
マドロナ	4951855
ミニストリー	4951854
ベアゾード	4951853
エイプ	4951852
ばんざい	4951851
むう	4951850
ムーガーども	4951849
prs	4951848
rev	4951847
series	4951846
jis	4951845
ジアマッティ	4951844
背もたれ	4951843
当代	4951842
私考え	4951841
ウゲッ	4951840
姫だ	4951839
ボゥ	4951838
エナメル	4951837
サムライザー	4951836
札付き	4951835
tomato	4951834
忠臣	4951833
見極めて	4951832
lemur	4951831
ライチ	4951830
ウトウト	4951829
サンズリバー	4951828
面倒事	4951827
針子	4951826
ピッケル	4951825
増水	4951824
コンテナー	4951823
オクトルー	4951822
カデール	4951821
既視	4951820
間食	4951819
あぶりだ	4951818
ヴォーグ	4951817
泣きじゃく	4951816
tr	4951815
ヴェノム	4951814
歯みがき	4951813
ラデスキ	4951812
身嗜み	4951811
ダーガン	4951810
人任せ	4951809
ワイルドガール	4951808
ジャンパ	4951807
ストッシ	4951806
訪英	4951805
西行き	4951804
水撒	4951803
サピエン	4951802
コリドール	4951801
ワケあ	4951800
アッシュクロフト	4951799
使いみち	4951798
コングレス	4951797
リカバリ	4951796
四千	4951795
苦しみもが	4951794
ファーマーズ	4951793
ベルデ	4951792
タマレ	4951791
ショワー	4951790
くたくただ	4951789
スモック	4951788
ストラングラー	4951787
青目	4951786
早死	4951785
間にあ	4951784
ファンブル	4951783
ウェザリー	4951782
そ知らぬ	4951781
ガイモン	4951780
ヴィーグ	4951779
ベリヤ	4951778
ベルジェ	4951777
中共	4951776
取り次いで	4951775
cocktail	4951774
ガナッシュ	4951773
テンパリング	4951772
チャールトン	4951771
巧君	4951770
他校	4951769
引き戸	4951768
製菓	4951767
やあや	4951766
ﾄﾞ	4951765
teardrops	4951764
freakiest	4951763
cavemen	4951762
いや応	4951761
sailors	4951760
粗チン	4951759
老舗	4951758
ホウテン	4951757
パランキフォ	4951756
芽腫	4951755
トリタニウム	4951754
ヤだ	4951753
レクサ	4951752
フランボワーズ	4951751
最古参	4951750
マカロン	4951749
睡魔	4951748
出任せ	4951747
ｈｉｐ	4951746
パンジー	4951745
ｈｏｐ	4951744
見開き	4951743
つながら	4951742
fools	4951741
bore	4951740
saddening	4951739
レジデンス	4951738
カツオブシ	4951737
ビッサ	4951736
リージング	4951735
ハルツーム	4951734
ピエロギ	4951733
ホワッド	4951732
英国訛り	4951731
ファーバー	4951730
レイピア	4951729
左肘	4951728
遠ぼえ	4951727
ショーペンハウエル	4951726
ちらつき	4951725
ネーサン	4951724
haven	4951723
port	4951722
グラニー	4951721
セキュリー	4951720
珍品	4951719
すれぱ	4951718
ショービズ	4951717
榎田	4951716
吹き溜まり	4951715
村落	4951714
涎	4951713
乾物	4951712
響け	4951711
どっこい	4951710
キングスベリー	4951709
グレーブル	4951708
折りたたみ	4951707
朗々	4951706
やぎ	4951705
タバアトシェモ	4951704
ハドン	4951703
そーら	4951702
ヴァレックス	4951701
ち往生	4951700
潜降	4951699
フランジ	4951698
配景	4951697
デロン	4951696
ステル	4951695
プジャム	4951694
搾り取れ	4951693
マクロフト	4951692
驀進	4951691
分極	4951690
安全部	4951689
よだ	4951688
塗りつぶせ	4951687
フニック	4951686
エバック	4951685
キーポイント	4951684
トリビュート	4951683
犬死に	4951682
デルリオ	4951681
やすめ	4951680
ヤツメ	4951679
あそこね	4951678
フェイント	4951677
なくし物	4951676
ｃｏ	4951675
教務	4951674
牧歌	4951673
堺	4951672
ドルフィン	4951671
ケイデン	4951670
つまん	4951669
手合わせ	4951668
ウエット	4951667
あれえ	4951666
五十嵐	4951665
ズベイダ	4951664
トラッシュ	4951663
帯水層	4951662
ポトス	4951661
過せ	4951660
ヴォカウ	4951659
手押	4951658
グーニー	4951657
ドゥーシュ	4951656
陰唇	4951655
コキおろ	4951654
せわし	4951653
つんざく	4951652
シンギング	4951651
ビーター	4951650
スミッツ	4951649
ロベット	4951648
信じれ	4951647
いつくしみ	4951646
セイラット	4951645
塗ら	4951644
無賃	4951643
ひっ捕らえ	4951642
つきつけ	4951641
エヴァーディン	4951640
クレシダ	4951639
成り立ち	4951638
エベリナ	4951637
軟らか	4951636
不文律	4951635
キリヤット	4951634
見い出せ	4951633
スワック	4951632
アマレット	4951631
バックハンド	4951630
嫌がらせよ	4951629
荷受	4951628
あながち	4951627
エヴ	4951626
ノヴィ	4951625
bits	4951624
値踏み	4951623
ウィギンズ	4951622
アワプヒ	4951621
卵型	4951620
ホホバ	4951619
subtltle	4951618
総崩れ	4951617
ハリファックス	4951616
コンコース	4951615
イエーィ	4951614
分前	4951613
心な	4951612
コラーゲン	4951611
タョ	4951610
ブラタスキ	4951609
薄茶色	4951608
ロサリオ	4951607
coursing	4951606
ハムステッド	4951605
キミコ	4951604
そうだい	4951603
パトラキス	4951602
アラシュ	4951601
コンマ	4951600
数列	4951599
シャブリ	4951598
バッツ	4951597
居直	4951596
店開き	4951595
なあがき	4951594
造形	4951593
すそ分け	4951592
cubits	4951591
全権限	4951590
委譲	4951589
迎えだ	4951588
ゴーガン	4951587
tied	4951586
ascap	4951585
owner	4951584
フキン	4951583
カルメロ	4951582
ｴﾘｰﾄ	4951581
フェレンツ	4951580
ピュレ	4951579
nffa	4951578
三位	4951577
cleanse	4951576
wishes	4951575
食通	4951574
joint	4951573
ルピシュ	4951572
カルリト	4951571
イムレ	4951570
legal	4951569
stomach	4951568
sergeant	4951567
plates	4951566
難病	4951565
veins	4951564
racing	4951563
替り	4951562
アントワネット	4951561
halloween	4951560
ゴールドマン	4951559
チクリーノ	4951558
しっかり者	4951557
懐こ	4951556
技士	4951555
チーク	4951554
香油	4951553
多幸	4951552
reborn	4951551
ハラースレー	4951550
ゴシゴシ	4951549
パートーナー	4951548
ブルーイン	4951547
幻肢	4951546
デジャブー	4951545
エミュレーター	4951544
裏口座	4951543
黄昏れ	4951542
きびす	4951541
キロヘルツ	4951540
パインズ	4951539
ugh	4951538
ニューブランズウィック	4951537
夜殺	4951536
uhh	4951535
crystal	4951534
シネコン	4951533
ステンソン	4951532
アブラムシ	4951531
サクッ	4951530
読み出	4951529
クレメン	4951528
リオス	4951527
ドンパチ	4951526
サティ	4951525
アツ	4951524
シミオン	4951523
ズル休み	4951522
癒やし	4951521
ヤリ手	4951520
あぶら	4951519
チャックルズ	4951518
ネーミング	4951517
バイシャリー	4951516
土踏まず	4951515
ファンファーレ	4951514
ツチノ	4951513
ツチノコ	4951512
再任命	4951511
へたっぴ	4951510
きたな	4951509
擦れ合	4951508
ホログラフィー	4951507
アーレックス	4951506
トランスミッタ	4951505
トランスミッター	4951504
ディビット	4951503
jpｓ	4951502
掘り進め	4951501
ドゥアラ	4951500
シューマン	4951499
テクニシャン	4951498
arrows	4951497
shoots	4951496
テイザー	4951495
ベオウルフ	4951494
無下	4951493
ホーネッツ	4951492
lz	4951491
なり損な	4951490
くて	4951489
ボニファス	4951488
ソンサン	4951487
hail	4951486
ラリーポイント	4951485
メンバ	4951484
もどせ	4951483
レナータ	4951482
hydra	4951481
中空	4951480
鞭打ちだ	4951479
マルチタスク	4951478
ヴィオレット	4951477
報勲	4951476
終演	4951475
考え出せ	4951474
リカール	4951473
妨	4951472
各個	4951471
茫然	4951470
斧男	4951469
ジュシャミ	4951468
弁済	4951467
リバモア	4951466
frame	4951465
ユッカ	4951464
実弟	4951463
アンマン	4951462
バソプレシン	4951461
コルケット	4951460
サルミネオ	4951459
バーディー	4951458
ハスキー	4951457
しっこ	4951456
蹴り合	4951455
走りぬけ	4951454
zunami	4951453
トラク	4951452
無為	4951451
カンボジアンスター	4951450
グロースティック	4951449
ポケモン	4951448
葉っぱや	4951447
いぶ	4951446
毛細管	4951445
ショアー	4951444
にぃ	4951443
プリカ	4951442
読み応え	4951441
ベジタブル	4951440
コーレス	4951439
剣状	4951438
マースケイ	4951437
違憲	4951436
同地	4951435
頚椎	4951434
推計	4951433
ガヤガヤ	4951432
不払い	4951431
取合え	4951430
ラニヨン	4951429
花形	4951428
augh	4951427
ウィンドライブ	4951426
ックション	4951425
ちょいまち	4951424
法力	4951423
吸い取れ	4951422
ハクション	4951421
生ゴミ	4951420
スバート	4951419
ソルボンヌ	4951418
かじりつ	4951417
特級	4951416
物話	4951415
レッヅ	4951414
システィナ	4951413
彫り込	4951412
イマーゴ	4951411
形而	4951410
あぶみ骨	4951409
シュミッ	4951408
大蔵	4951407
片耳	4951406
ゼール	4951405
グロン	4951404
オッカム	4951403
カラフ	4951402
ガク	4951401
ｓｅａｌ	4951400
制汗	4951399
澄み切	4951398
清澄	4951397
ｹﾞｰﾑ	4951396
恩情	4951395
まくりあげ	4951394
切り拓	4951393
ファッキンモンスター	4951392
woods	4951391
デルーカ	4951390
sending	4951389
マリキータ	4951388
chuckling	4951387
gto	4951386
nope	4951385
solid	4951384
paper	4951383
card	4951382
まあいつ	4951381
wh	4951380
animal	4951379
碼	4951378
certainly	4951377
metatron	4951376
eating	4951375
failing	4951374
ユスフ	4951373
青果	4951372
nonsense	4951371
choices	4951370
individual	4951369
suppose	4951368
harmed	4951367
卸売り	4951366
エルナン	4951365
セカセカ	4951364
ウプッ	4951363
ハイヨー	4951362
trick	4951361
daniel	4951360
pinging	4951359
野垂れ死に	4951358
phrase	4951357
demons	4951356
grace	4951355
borrowed	4951354
ニザニ	4951353
モメ事	4951352
ペダー	4951351
テヴィ	4951350
コーズ	4951349
ピップス	4951348
ピンプ	4951347
ヨウ化	4951346
タクシュー	4951345
ソルツ	4951344
ドント	4951343
そしゃく	4951342
ルビツキー	4951341
エスカルゴ	4951340
スウィンドル	4951339
疑い深	4951338
秘境	4951337
告げろ	4951336
ピロシキ	4951335
興醒め	4951334
faster	4951333
乳幼児	4951332
不寝	4951331
rhythmically	4951330
gasps	4951329
image	4951328
玉無し	4951327
硬材	4951326
ローラス	4951325
queen	4951324
abaddon	4951323
doe	4951322
however	4951321
抱き寄せ	4951320
モスリー	4951319
糸クズ	4951318
請合	4951317
からめ	4951316
興ざめ	4951315
サンジェルマン	4951314
ケルトックス	4951313
ロリマ	4951312
ヤレク	4951311
暴れ出	4951310
ダイハード	4951309
ゴルコンダ	4951308
ずぶと	4951307
腫脹	4951306
カメムシ	4951305
丸めこ	4951304
nm	4951303
亭主に	4951302
さぐれ	4951301
ジルコニア	4951300
荷担	4951299
引き延ばせ	4951298
ウォリック	4951297
まねっこ	4951296
精進	4951295
挙	4951294
humint	4951293
ハレム	4951292
ジャファー	4951291
朽	4951290
ふーぅ	4951289
テュイン	4951288
グロバー	4951287
なお前	4951286
青アザ	4951285
ティメット	4951284
北進	4951283
測候	4951282
beeping	4951281
酔っ払え	4951280
イャッホー	4951279
引見	4951278
デボラモーガン	4951277
むさ	4951276
ホスピス	4951275
アムネスティ	4951274
ヴォイジャー	4951273
みどころ	4951272
ラァイト	4951271
そっそれ	4951270
ピリドン	4951269
ブレンゼン	4951268
モルニヤ	4951267
ダーダー	4951266
オークワン	4951265
マークジェイコブス	4951264
アヨマティ	4951263
バルート	4951262
テリーザ	4951261
揺ぎ	4951260
申し合わせ	4951259
nld	4951258
すがすがし	4951257
歯ぐき	4951256
なしもべ	4951255
ダブロス	4951254
ウソー	4951253
スィング	4951252
ぼけっ	4951251
調べ物	4951250
こしけ	4951249
イラッ	4951248
招き寄せ	4951247
ビスケイン	4951246
ノーパソ	4951245
あぉ	4951244
消えん	4951243
フィーダー	4951242
オゼラ	4951241
漕ぎ着け	4951240
リヴァイラ	4951239
モンテズマ	4951238
ストラト	4951237
イマージョン	4951236
torus	4951235
めくる	4951234
エルジン	4951233
ーク	4951232
巻きと	4951231
念押し	4951230
磁性	4951229
ハチソン	4951228
ずけ	4951227
ンド	4951226
暗譜	4951225
貪り食	4951224
極少数	4951223
風説	4951222
カミツキガメ	4951221
ハウスキーパー	4951220
マントラ	4951219
ピタパン	4951218
ガーチュード	4951217
推敲	4951216
じり	4951215
ゴーダ	4951214
ココシャネル	4951213
lining	4951212
モジリアニ	4951211
流布	4951210
未曾有	4951209
ジューナ	4951208
レンダリング	4951207
ポリプロピレン	4951206
台形	4951205
のぞけ	4951204
テラガ	4951203
パリジャン	4951202
じぇ	4951201
teach	4951200
demand	4951199
ヒナ	4951198
エクセ	4951197
プランサー	4951196
白耳	4951195
かて	4951194
タルケニア	4951193
ほーし	4951192
ひーか	4951191
ｔｂ	4951190
トレビット	4951189
厳か	4951188
空騒ぎ	4951187
黄銅	4951186
ニィ	4951185
ボズウェル	4951184
おじけ	4951183
ダッシャー	4951182
駆け降り	4951181
南回り	4951180
鍵束	4951179
エコノミック	4951178
モーターズ	4951177
動因	4951176
ホストン	4951175
半開き	4951174
網戸	4951173
陽射し	4951172
ファッド	4951171
サクセス	4951170
ガーダ	4951169
ヴァカンティ	4951168
ベルティヨン	4951167
コマドリ	4951166
タスカー	4951165
寄る	4951164
ヘンプステッド	4951163
痛快	4951162
アーガソン	4951161
ネベス	4951160
metal	4951159
極味	4951158
ゴテゴテ	4951157
一卜	4951156
三ナ	4951155
細々	4951154
入生	4951153
車載	4951152
mjc	4951151
生もの	4951150
運信	4951149
謄	4951148
背側	4951147
伏	4951146
マルリー	4951145
レデイ	4951144
ゴツゴツ	4951143
やる	4951142
ヾイア	4951141
イアガ	4951140
昆鉛	4951139
キウイ	4951138
どうすれ	4951137
マカルド	4951136
灘丶	4951135
携纉	4951134
たぶんこう	4951133
携帝	4951132
覚ぇ	4951131
得手	4951130
ドベ	4951129
サマーソン	4951128
アルパカ	4951127
色落ち	4951126
働きバチ	4951125
鵬	4951124
速記者	4951123
いずれ落ち着	4951122
うるか	4951121
人力	4951120
質実	4951119
ベきだ	4951118
首ガ	4951117
組み入れ	4951116
知入	4951115
姥	4951114
よた	4951113
ゃめぅ	4951112
秘め事	4951111
ガッチガチ	4951110
ベナジール	4951109
アルマン	4951108
メイアー	4951107
バーダ	4951106
いろん	4951105
桃色	4951104
星様	4951103
助ープ	4951102
カウエル	4951101
丿ーフイ	4951100
チェイサー	4951099
練炭	4951098
成り代わり	4951097
ひろが	4951096
ィエス	4951095
オイラーズ	4951094
石牢	4951093
囁きかけ	4951092
ゾーハ	4951091
萃	4951090
マハラエル	4951089
バンソウ	4951088
丿ァムズ	4951087
見切れ	4951086
奥手	4951085
kara	4951084
ッテ	4951083
薄茶	4951082
セニョリータ	4951081
自戒	4951080
移り気	4951079
alley	4951078
annie	4951077
オオヤマネコ	4951076
逃げ隠れ	4951075
translation	4951074
養家	4951073
トレインボー	4951072
かたずけろ	4951071
高低	4951070
ツァスタバ	4951069
デンゼル	4951068
エデノバ	4951067
両手利き	4951066
まただよ	4951065
つめだ	4951064
ウィルバー	4951063
ラシュモア	4951062
船持	4951061
刃山	4951060
波及	4951059
そち	4951058
やり残し	4951057
マクラウド	4951056
こたあ	4951055
poo	4951054
nee	4951053
kah	4951052
血か	4951051
巣づくり	4951050
ハァーイ	4951049
おもいだ	4951048
上唇	4951047
悪狼	4951046
吸湿	4951045
夏草	4951044
dottore	4951043
buongiorno	4951042
病識	4951041
remind	4951040
投光	4951039
前野	4951038
ガッチリ	4951037
ふらっ	4951036
ナンボ	4951035
瞰	4951034
コンシェルジェ	4951033
醸莞	4951032
手鸞	4951031
oof	4951030
buona	4951029
冬虫	4951028
混ぜ合わせ	4951027
スネドン	4951026
トラクション	4951025
アクロー	4951024
ブレーブス	4951023
酔っ	4951022
ウィルカー	4951021
バルジャー	4951020
ショーファー	4951019
ろくな	4951018
発呼	4951017
喰いつ	4951016
先鋭	4951015
持ちよ	4951014
雛形	4951013
クエイ	4951012
略字	4951011
エンサー	4951010
買いもの	4951009
馬賊	4951008
イリオ	4951007
qed	4951006
ウィティカー	4951005
船遊び	4951004
ランデール	4951003
美和子	4951002
添い遂げ	4951001
板倉	4951000
moons	4950999
tail	4950998
しゅうと	4950997
面食い	4950996
口部	4950995
handles	4950994
ギルマン	4950993
カルア	4950992
adina	4950991
ペカン	4950990
鶏舎	4950989
ブランディー	4950988
放し	4950987
ergo	4950986
晩見	4950985
鬱積	4950984
バントゥール	4950983
チッピング	4950982
なりす	4950981
せかい	4950980
ューヨーク	4950979
ななた	4950978
guarantee	4950977
trade	4950976
proof	4950975
naomi	4950974
ワイルディング	4950973
ダレオン	4950972
返礼	4950971
humans	4950970
ガピガピ	4950969
gained	4950968
ペンサコーラ	4950967
ルチャリブレ	4950966
cheese	4950965
species	4950964
elephants	4950963
聞き込	4950962
earlier	4950961
罪行	4950960
bloomed	4950959
perfect	4950958
treasure	4950957
うろつけ	4950956
howl	4950955
仕えん	4950954
ヘルナンドス	4950953
焼き立て	4950952
spoken	4950951
emotions	4950950
latest	4950949
screwed	4950948
passes	4950947
tables	4950946
realized	4950945
sweetie	4950944
anytime	4950943
continues	4950942
基ず	4950941
しょっ	4950940
rhythm	4950939
guessing	4950938
switch	4950937
脱色	4950936
offering	4950935
screeching	4950934
sold	4950933
乳器	4950932
maledicte	4950931
夜襲	4950930
ネブスキ	4950929
ブルターニュ	4950928
がくる	4950927
アウトー	4950926
zumani	4950925
にくる	4950924
ヴァーノン	4950923
ヴィッ	4950922
clouding	4950921
loneliness	4950920
ちゃぁん	4950919
ooooooooh	4950918
ブルガー	4950917
最底辺	4950916
メンサ	4950915
エロティカ	4950914
ジェネレーション	4950913
カナリー	4950912
vici	4950911
vidi	4950910
スロード	4950909
り際	4950908
ハーレンハル	4950907
ケムロン	4950906
ミクロン	4950905
抱負	4950904
コリンス	4950903
グロムイコ	4950902
ギアリー	4950901
出まわ	4950900
どーー	4950899
こーー	4950898
ダゴスティーノ	4950897
がらみだ	4950896
veni	4950895
ヘースティングズ	4950894
メンビス	4950893
ｍａｘ	4950892
欲張りだ	4950891
バッファー	4950890
ザート	4950889
ワオゥ	4950888
急かせ	4950887
イヤッホ	4950886
敏速	4950885
選り取り	4950884
adversarii	4950883
infernalis	4950882
incursio	4950881
potestas	4950880
satanica	4950879
tuam	4950878
ut	4950877
secta	4950876
adjuramus	4950875
ワオォォウ	4950874
前篇	4950873
サガ	4950872
キャラクタ	4950871
アッハン	4950870
ロダー	4950869
カバニータ	4950868
売り込め	4950867
小足	4950866
イニャリトゥ	4950865
ゴンサレス	4950864
セレブロ	4950863
ディッキンソン	4950862
山羊ひげ	4950861
いまで	4950860
ポリウレタン	4950859
ジィッ	4950858
フォーセット	4950857
ボルコフ	4950856
声門	4950855
ヒュヒュヒュン	4950854
サジタロン	4950853
艦載	4950852
サハディ	4950851
予審	4950850
アッペルバウム	4950849
炭坑	4950848
マカスキル	4950847
どうれ	4950846
てくれ	4950845
施策	4950844
忍び出	4950843
ターマック	4950842
プライバー	4950841
ダビー	4950840
フェイルディング	4950839
ドーヴェル	4950838
ラダー	4950837
potus	4950836
血止め	4950835
カマンベール	4950834
追認	4950833
バラク	4950832
エルンスト	4950831
電装	4950830
使い走り	4950829
難所	4950828
チャンガ	4950827
タオス	4950826
プエブロ	4950825
コスモポリタン	4950824
サルツブルグ	4950823
ルノワール	4950822
くらいつ	4950821
どうりだ	4950820
ウイット	4950819
つけさ	4950818
faithful	4950817
sigint	4950816
ウィルトン	4950815
立ちう	4950814
アサール	4950813
グアイ	4950812
あめり	4950811
レバ	4950810
ソウデス	4950809
ツイテ	4950808
違ウ	4950807
ジョバ	4950806
ロッドレーン	4950805
ーティナ	4950804
マージュ	4950803
セザール	4950802
みんあ	4950801
スターロフ	4950800
牛殺し	4950799
やせこけ	4950798
ドライザー	4950797
ダヨ	4950796
旧道	4950795
デスカ	4950794
ツベコベ	4950793
チェルト	4950792
シラケ	4950791
スプリングズ	4950790
狂っ	4950789
デスティニー	4950788
母趾	4950787
シッド	4950786
外反	4950785
drama	4950784
木切れ	4950783
だけど	4950782
プカプカ	4950781
エスペデス	4950780
メキシカリ	4950779
ベラビスタ	4950778
エリンズ	4950777
夜更し	4950776
メルドマン	4950775
死線	4950774
納戸	4950773
マッケロイ	4950772
デベリン	4950771
vein	4950770
血漿	4950769
スヌー	4950768
子取り	4950767
縁故	4950766
西武	4950765
上陸軍	4950764
メトキシクロル	4950763
見つから	4950762
グリーク	4950761
振り落せ	4950760
kessler	4950759
セデラ	4950758
ベリン	4950757
ウイーク	4950756
ダノフ	4950755
吸い込み	4950754
チビッコ	4950753
strategic	4950752
難易	4950751
リュムレー	4950750
マルケズ	4950749
まっか	4950748
カシアス	4950747
七重	4950746
実働	4950745
アントネリ	4950744
むごたらし	4950743
スプレーガン	4950742
wii	4950741
リカーズ	4950740
シャバズ	4950739
いんげん	4950738
あぶく	4950737
トレモロ	4950736
シエーラ	4950735
工区	4950734
ほろぼ	4950733
緘口	4950732
ゼブ	4950731
カーペル	4950730
退か	4950729
柑橘	4950728
フォーテンスキー	4950727
ハバニーズ	4950726
ヌエィバ	4950725
離乳	4950724
呑み込み	4950723
輌	4950722
エッチング	4950721
ピッタ	4950720
レイノソ	4950719
デッキチェア	4950718
ベイシンガー	4950717
前突	4950716
ハチの	4950715
きかい	4950714
離れ業	4950713
内在	4950712
ジュセッペ	4950711
デザレー	4950710
手ぇ	4950709
tighter	4950708
delicate	4950707
criminal	4950706
アンティオキア	4950705
redeemed	4950704
sinned	4950703
僥倖	4950702
異邦	4950701
オネスト	4950700
wk	4950699
クリース	4950698
冷肉	4950697
兵数	4950696
すみき	4950695
グリーア	4950694
jonathan	4950693
archer	4950692
シミュレート	4950691
クラリス	4950690
ムケ	4950689
しけ込	4950688
スヴェトラーナ	4950687
イヤダ	4950686
ダイゾー	4950685
sprechen	4950684
甘ー	4950683
ラバーン	4950682
威張り散ら	4950681
遊びまわ	4950680
カーロズ	4950679
カイア	4950678
思いつめ	4950677
ギャァァァー	4950676
かほり	4950675
ぃお	4950674
テラフォーミング	4950673
サーロラス	4950672
制動	4950671
そえ	4950670
すぐさ	4950669
ドランガンガー	4950668
ばかけ	4950667
ヌクレオチド	4950666
グージー	4950665
バスキュラ	4950664
つらら	4950663
急が	4950662
甥子	4950661
sleeping	4950660
片尻	4950659
農婦	4950658
local	4950657
コビントン	4950656
cuddly	4950655
internal	4950654
黒ン	4950653
鋏	4950652
cuckoo	4950651
やきもき	4950650
shush	4950649
foul	4950648
incident	4950647
カルダモン	4950646
町境	4950645
分かりかけ	4950644
搔き切	4950643
grip	4950642
エメリル	4950641
ベーカリー	4950640
sack	4950639
extra	4950638
filet	4950637
thumb	4950636
指南	4950635
connecticut	4950634
feeds	4950633
トムー	4950632
素数	4950631
fastest	4950630
点線	4950629
ron	4950628
lexington	4950627
タイラス	4950626
アギレラ	4950625
ラスボス	4950624
intervention	4950623
タイウィンラニスター	4950622
芳郎	4950621
世離れ	4950620
ちりばめ	4950619
ホガース	4950618
取り崩	4950617
牡丹	4950616
ディフューザー	4950615
堅気	4950614
不出	4950613
ペトローバ	4950612
ダメッ	4950611
いかほど	4950610
嗅ぎわけ	4950609
レグ	4950608
罪び	4950607
バワリー	4950606
パプ	4950605
服屋	4950604
病床	4950603
貴下	4950602
高笑い	4950601
勿体ぶ	4950600
あそば	4950599
グァンタナモ	4950598
チェイニー	4950597
チキンデン	4950596
クタ	4950595
ーよ	4950594
アウターリム	4950593
暖けーぞ	4950592
腫れあが	4950591
パラダサ	4950590
イカル	4950589
取っとき	4950588
一笑	4950587
いやまったく	4950586
飾り気	4950585
ホッピング	4950584
月次	4950583
bug	4950582
ハイポ	4950581
レディーズ	4950580
ブルセラ	4950579
きしゃ	4950578
なン	4950577
帰り掛け	4950576
絹代	4950575
スティポー	4950574
選り好み	4950573
篝火	4950572
どもと	4950571
アルマジロウォーター	4950570
激動	4950569
避暑	4950568
staff	4950567
幼妻	4950566
あさかぜ	4950565
うわぁぁぁぁ	4950564
フハハハ	4950563
雪見	4950562
wood	4950561
hasta	4950560
クリンゴン	4950559
もせいれ	4950558
痩せ地	4950557
ブローズ	4950556
ヴォオォォ	4950555
豹	4950554
ヴォォオ	4950553
際だ	4950552
ねえン	4950551
くン	4950550
うわぁぁぁぁぁ	4950549
木俣	4950548
貸し切	4950547
ンて	4950546
ヴォォ	4950545
いまわし	4950544
取り計らえ	4950543
イグリット	4950542
ｔｉｃ	4950541
係合	4950540
haythe	4950539
メレンゲ	4950538
酒盛り	4950537
umc	4950536
スマージア	4950535
穴底	4950534
dum	4950533
divin	4950532
アクチン	4950531
スマージ	4950530
ワォワォ	4950529
turnt	4950528
ブランシュ	4950527
ａｍｐ	4950526
引数	4950525
motherfucking	4950524
ドンチオビス	4950523
ビルズ	4950522
フリトル	4950521
ユニテック	4950520
困ら	4950519
創ね	4950518
ゲルバ	4950517
きょく	4950516
トリッピング	4950515
legba	4950514
両笑	4950513
ディジョ	4950512
パルクール	4950511
ロザゥラ	4950510
アンジェロウ	4950509
超硬	4950508
dap	4950507
policia	4950506
右戻	4950505
食塩水	4950504
attempts	4950503
墜落後	4950502
スタットン	4950501
ハントレス	4950500
ミリアンペア	4950499
らく印	4950498
プーラ	4950497
ヤスリ	4950496
ｆｌｅｔ	4950495
エッグレース	4950494
法医	4950493
トラフ	4950492
slop	4950491
landslide	4950490
covered	4950489
lawn	4950488
ハローゼロ	4950487
ｊｔａｃ	4950486
shotgun	4950485
パンチング	4950484
ブッカー	4950483
サムシング	4950482
ぺちゃくちゃ	4950481
でくの坊	4950480
zir	4950479
noco	4950478
シスル	4950477
gadree	4950476
ツルハシ	4950475
銀河中	4950474
おいノア	4950473
ダイノゾード	4950472
mouths	4950471
pine	4950470
beer	4950469
ポキプシー	4950468
リーベット	4950467
赤ん	4950466
fieto	4950465
ダルモア	4950464
巻揚げ	4950463
ジョブズ	4950462
恣意	4950461
ジャクリーヌ	4950460
ｓｉｍ	4950459
tax	4950458
フェデックス	4950457
クリンパー	4950456
やりぃ	4950455
なにぃ	4950454
箱も	4950453
チャチャチャ	4950452
サボイ	4950451
ガラベ	4950450
にゃくちゃ	4950449
ダイジョブ	4950448
撮ら	4950447
アンウィン	4950446
パーシバル	4950445
ネギング	4950444
ティルデ	4950443
発し	4950442
ディケム	4950441
ｅｆ	4950440
ダーリル	4950439
悶え	4950438
ﾀﾞﾒ	4950437
電位	4950436
書き込め	4950435
ブラスキー	4950434
ｎｂａ	4950433
やりまくり	4950432
壁雲	4950431
デカンタ	4950430
tn	4950429
サヴォイ	4950428
msg	4950427
コンス	4950426
リスニング	4950425
マーティンズ	4950424
全角	4950423
ハンボルト	4950422
swiper	4950421
スクリーミング	4950420
ウィルキンス	4950419
lambos	4950418
浮動	4950417
イーリング	4950416
mps	4950415
両笑い	4950414
サクラモンテ	4950413
抑揚	4950412
ケーブ	4950411
オクタウィウス	4950410
照り映え	4950409
馴ら	4950408
載れ	4950407
いっしよ	4950406
エルムウッド	4950405
アルフリッ	4950404
シグリッド	4950403
タマキン	4950402
エバク	4950401
糸車	4950400
あぼーん	4950399
エイレン	4950398
こっと	4950397
ダマー	4950396
ケステック	4950395
ギルズ	4950394
改新	4950393
とらえどころ	4950392
チゲェ	4950391
reflection	4950390
背教	4950389
シスト	4950388
贈り	4950387
ロクセット	4950386
ーデル	4950385
ペー	4950384
トリノ	4950383
鉄生	4950382
ピアーズ	4950381
ケーニッグゼグ	4950380
近親愛	4950379
レポータ	4950378
右急	4950377
マセラティ	4950376
ノーペン	4950375
recover	4950374
rome	4950373
横側	4950372
founded	4950371
ーナンシー	4950370
ワリカン	4950369
穀倉	4950368
隔	4950367
心がけが	4950366
見殺しか	4950365
スターリングラード	4950364
かんぱーい	4950363
スタラ	4950362
スナッフ	4950361
エムビー	4950360
悪妻	4950359
オジン	4950358
オバン	4950357
ソローキン	4950356
堅調	4950355
米露	4950354
ベンガルズ	4950353
キて	4950352
absent	4950351
branch	4950350
汚え	4950349
烏山	4950348
叩き折	4950347
shaking	4950346
ジョンウン	4950345
甘口	4950344
悪乗り	4950343
オホ	4950342
歌知	4950341
誤魔	4950340
although	4950339
グライムス	4950338
hos	4950337
ってえ	4950336
グローヴ	4950335
憔悴	4950334
ひっかき回	4950333
江南	4950332
露助	4950331
ペイブメント	4950330
ブガッティ	4950329
シャブ中	4950328
グゼグ	4950327
胸中	4950326
メンドー	4950325
システィーナ	4950324
セルロース	4950323
跳ね飛ば	4950322
ピーウィー	4950321
ピノクル	4950320
ブリュネロ	4950319
ボガート	4950318
グラミー	4950317
ゴメナサイ	4950316
クソタレ	4950315
トワーク	4950314
まさかい	4950313
ボリバル	4950312
斩	4950311
興亡	4950310
dh	4950309
ゴマか	4950308
クラッキング	4950307
サルセド	4950306
咽び泣	4950305
むせび泣	4950304
don	4950303
stavros	4950302
見積	4950301
マコーミック	4950300
ヘブル	4950299
自決	4950298
シバ	4950297
運び上げ	4950296
ベルク	4950295
エシャロット	4950294
sabine	4950293
gerdi	4950292
浄め	4950291
ウェイクフィールド	4950290
ハイダウェイ	4950289
ヒドリー	4950288
お前気	4950287
アーバン	4950286
バーター	4950285
ファリース	4950284
変移	4950283
フリードリヒ	4950282
フーリハン	4950281
スナイプス	4950280
ヤアー	4950279
はがれ	4950278
ｂｎｄ	4950277
の間	4950276
トライボロ	4950275
面白み	4950274
ワクリン	4950273
シュリーン	4950272
tra	4950271
生れ	4950270
ji	4950269
すべっ	4950268
柬	4950267
嗾詈	4950266
矿知	4950265
黒痣	4950264
アクセラ	4950263
柮	4950262
lja	4950261
見逃が	4950260
lju	4950259
枦诵	4950258
柆	4950257
いでたち	4950256
ひと目見	4950255
transnationala	4950254
nci	4950253
pressed	4950252
ふかふか	4950251
バーグマン	4950250
アスクレピオス	4950249
雄蜂	4950248
針跡	4950247
tion	4950246
ベニア	4950245
ik	4950244
ターラー	4950243
ost	4950242
プリュエ	4950241
嗤	4950240
ドーック	4950239
物置き	4950238
だぶつ	4950237
かごの鳥	4950236
いくばく	4950235
natural	4950234
つりあ	4950233
削りくず	4950232
ラテンアメリカ	4950231
手押し	4950230
マフル	4950229
物議	4950228
マジン	4950227
アニマジン	4950226
バカモノ	4950225
ウッドペッカー	4950224
檜	4950223
たぁー	4950222
電脳	4950221
平井	4950220
アクバー	4950219
ハシュミ	4950218
セクシュアル	4950217
ユウキ	4950216
カシヤノフ	4950215
鋲	4950214
長物	4950213
一騎打ち	4950212
おどき	4950211
よが	4950210
人知れ	4950209
ポンペ	4950208
撃てー	4950207
伊勢山中	4950206
遠江	4950205
darkly	4950204
一翼	4950203
かけひき	4950202
ヴァナリア	4950201
セチ	4950200
ストレ	4950199
むかむか	4950198
prime	4950197
opened	4950196
data	4950195
多環式	4950194
マルシー	4950193
自費	4950192
気の	4950191
ディベート	4950190
ワイト	4950189
病徴	4950188
仏像	4950187
主宰	4950186
変哲	4950185
がかっ	4950184
よろこび	4950183
ひとみ	4950182
かぐ	4950181
敷金	4950180
ふかく	4950179
英軍	4950178
kate	4950177
音域	4950176
昭島	4950175
drone	4950174
partial	4950173
アリンコ	4950172
threat	4950171
ｖｆ	4950170
出合い	4950169
亥	4950168
生け垣	4950167
人だかり	4950166
盗みお	4950165
disagree	4950164
russians	4950163
bauer	4950162
ばた	4950161
charing	4950160
築けん	4950159
読み手	4950158
差し挟	4950157
よちよち	4950156
憎しみあ	4950155
月謝	4950154
ｓｍｓ	4950153
げんのすけ	4950152
キャティヤ	4950151
革ジャン	4950150
ハヤテ	4950149
猛進	4950148
うれしゅう	4950147
こざ	4950146
弦之	4950145
柳生	4950144
叱り	4950143
ザシャッ	4950142
粗鬆	4950141
手練	4950140
やぎゅう	4950139
素姓	4950138
捨てお	4950137
アミゴ	4950136
がら空き	4950135
胸騒ぎ	4950134
ペンサコラ	4950133
抑え込め	4950132
定石	4950131
引っ叩	4950130
切り身	4950129
まんじ	4950128
ナーネフ	4950127
クレルモン	4950126
さよう	4950125
intel	4950124
いが	4950123
山深	4950122
ライク	4950121
モゥ	4950120
勢	4950119
ひときわ	4950118
左衛門	4950117
連れ合い	4950116
ほたる	4950115
転進	4950114
忍だ	4950113
はげん	4950112
破幻	4950111
用なし	4950110
ちご	4950109
チーヂー	4950108
ハザード	4950107
発破	4950106
こたび	4950105
おなご	4950104
松坂	4950103
円陣	4950102
なあれ	4950101
ファイド	4950100
グアダラハラ	4950099
蛸共	4950098
ディバージョン	4950097
にん	4950096
毛抜け	4950095
梨	4950094
チーヂーディビル	4950093
ひょうま	4950092
あつみ	4950091
室賀	4950090
ちくま	4950089
かげろう	4950088
ちゅね	4950087
蓑念	4950086
ヴォエ	4950085
きさらぎ	4950084
如月	4950083
ピカッ	4950082
艇庫	4950081
ヘーレン	4950080
ミシシッピー	4950079
即行	4950078
ﾘｸﾄﾞｰ	4950077
ぱっさぱ	4950076
追っ掛け	4950075
ｱﾅｳﾝｻｰ	4950074
詰め合わせ	4950073
つかい	4950072
チャーム	4950071
深沢	4950070
オランジェット	4950069
合わせ技	4950068
はんぺん	4950067
ウォーケン	4950066
イジめ	4950065
寿退社	4950064
アラザン	4950063
冷遇	4950062
やれやれー	4950061
蛇毒	4950060
手の物	4950059
引率	4950058
