# lemma	count — freq ranking for --freq/--maxEntries (must-keep 20M+, top50k 5M-). MIT.
кот	23000000
кошка	23000000
собака	23000000
большом	22000000
в	22000000
видит	22000000
воду	22000000
времени	22000000
говорят	22000000
городе	22000000
дети	22000000
доме	22000000
едим	22000000
женщина	22000000
жизнь	22000000
и	22000000
идем	22000000
истории	22000000
историю	22000000
каждое	22000000
книгу	22000000
любви	22000000
любят	22000000
маленьком	22000000
мире	22000000
мужчины	22000000
мы	22000000
новую	22000000
ночью	22000000
о	22000000
пишет	22000000
потом	22000000
пьем	22000000
слова	22000000
старыи	22000000
утро	22000000
хорошую	22000000
человек	22000000
читает	22000000
школу	22000000
большои	21000000
видеть	21000000
вода	21000000
время	21000000
говорить	21000000
год	21000000
город	21000000
делать	21000000
день	21000000
дом	21000000
есть	21000000
знать	21000000
идти	21000000
история	21000000
книга	21000000
любить	21000000
маленькии	21000000
мир	21000000
мужчина	21000000
ночь	21000000
писать	21000000
пить	21000000
работа	21000000
слово	21000000
хорошии	21000000
читать	21000000
школа	21000000
язык	21000000
быть	20000000
глаз	20000000
давать	20000000
иметь	20000000
любовь	20000000
мочь	20000000
новыи	20000000
приходить	20000000
ребенок	20000000
страна	20000000
хотеть	20000000
это	20000000
я	20000000
не	5000000
что	4999999
ты	4999998
на	4999997
с	4999996
он	4999995
как	4999994
вы	4999993
да	4999992
мне	4999991
у	4999990
нет	4999989
меня	4999988
так	4999987
но	4999986
а	4999985
его	4999984
все	4999983
она	4999982
тебя	4999981
если	4999980
бы	4999979
тебе	4999978
за	4999977
они	4999976
чтобы	4999975
же	4999974
просто	4999973
из	4999972
ну	4999971
к	4999970
для	4999969
хорошо	4999968
когда	4999967
здесь	4999966
по	4999965
был	4999964
знаю	4999963
то	4999962
только	4999961
было	4999960
может	4999959
вас	4999958
нас	4999957
от	4999956
вот	4999955
будет	4999954
кто	4999953
почему	4999952
вам	4999951
очень	4999950
могу	4999949
их	4999948
еще	4999947
уже	4999946
или	4999945
спасибо	4999944
нам	4999943
там	4999942
чем	4999941
хочу	4999940
сеичас	4999939
где	4999938
нужно	4999937
этого	4999936
ничего	4999935
ее	4999934
была	4999933
мои	4999932
знаешь	4999931
ладно	4999930
этом	4999929
до	4999928
потому	4999927
теперь	4999926
думаю	4999925
больше	4999924
п	4999923
со	4999922
раз	4999921
ему	4999920
надо	4999919
этот	4999918
ли	4999917
привет	4999916
даже	4999915
пока	4999914
сказал	4999913
себя	4999912
должен	4999911
хочешь	4999910
даваи	4999909
эи	4999908
того	4999907
никогда	4999906
тоже	4999905
тогда	4999904
него	4999903
были	4999902
конечно	4999901
ни	4999900
об	4999899
правда	4999898
тут	4999897
моя	4999896
пожалуиста	4999895
сказать	4999894
тобои	4999893
сегодня	4999892
один	4999891
можешь	4999890
лучше	4999889
сюда	4999888
мнои	4999887
сделать	4999886
значит	4999885
всегда	4999884
еи	4999883
порядке	4999882
дело	4999881
должны	4999880
том	4999879
можно	4999878
без	4999877
буду	4999876
хотел	4999875
эти	4999874
много	4999873
этим	4999872
после	4999871
чего	4999870
всего	4999869
твои	4999868
во	4999867
ним	4999866
лет	4999865
боже	4999864
них	4999863
мистер	4999862
неи	4999861
ведь	4999860
такои	4999859
которыи	4999858
немного	4999857
возможно	4999856
через	4999855
сэр	4999854
всех	4999853
слишком	4999852
себе	4999851
им	4999850
такое	4999849
должна	4999848
моеи	4999847
знаете	4999846
думаешь	4999845
этои	4999844
люди	4999843
зачем	4999842
свою	4999841
твоя	4999840
сказала	4999839
назад	4999838
эту	4999837
под	4999836
точно	4999835
можем	4999834
отец	4999833
мама	4999832
случилось	4999831
мог	4999830
вместе	4999829
сделал	4999828
кажется	4999827
друг	4999826
никто	4999825
куда	4999824
эта	4999823
которые	4999822
два	4999821
тот	4999820
жизни	4999819
сколько	4999818
нравится	4999817
поэтому	4999816
понимаю	4999815
снова	4999814
парень	4999813
люблю	4999812
видел	4999811
людеи	4999810
помочь	4999809
хочет	4999808
похоже	4999807
место	4999806
отлично	4999805
домои	4999804
всем	4999803
деньги	4999802
иди	4999801
прости	4999800
доктор	4999799
думал	4999798
дома	4999797
делаешь	4999796
именно	4999795
говорил	4999794
слушаи	4999793
прямо	4999792
поговорить	4999791
будем	4999790
своеи	4999789
наити	4999788
стоит	4999787
разве	4999786
тем	4999785
хотела	4999784
ага	4999783
можете	4999782
лишь	4999781
деле	4999780
будешь	4999779
простите	4999778
сам	4999777
три	4999776
знал	4999775
хотите	4999774
деиствительно	4999773
скажи	4999772
совсем	4999771
знает	4999770
даваите	4999769
прошу	4999768
моего	4999767
должно	4999766
несколько	4999765
какои	4999764
свои	4999763
вами	4999762
дела	4999761
говорит	4999760
черт	4999759
жаль	4999758
происходит	4999757
папа	4999756
ваш	4999755
туда	4999754
про	4999753
завтра	4999752
оно	4999751
уверен	4999750
самом	4999749
одна	4999748
тех	4999747
перед	4999746
отсюда	4999745
наш	4999744
нее	4999743
нужна	4999742
мою	4999741
нужен	4999740
каждыи	4999739
кого	4999738
работу	4999737
верно	4999736
твоеи	4999735
ж	4999734
будут	4999733
итак	4999732
имя	4999731
понял	4999730
пор	4999729
уж	4999728
надеюсь	4999727
против	4999726
хватит	4999725
пошли	4999724
более	4999723
говорю	4999722
раньше	4999721
наверное	4999720
ребята	4999719
ваша	4999718
даи	4999717
при	4999716
могли	4999715
нами	4999714
вообще	4999713
всю	4999712
мать	4999711
понимаешь	4999710
ко	4999709
этих	4999708
извините	4999707
ради	4999706
нельзя	4999705
такая	4999704
хотя	4999703
другои	4999702
виду	4999701
вижу	4999700
откуда	4999699
мисс	4999698
послушаи	4999697
над	4999696
могут	4999695
думала	4999694
будто	4999693
равно	4999692
между	4999691
зовут	4999690
подожди	4999689
скоро	4999688
этому	4999687
возьми	4999686
наши	4999685
извини	4999684
своего	4999683
ясно	4999682
человека	4999681
вопрос	4999680
года	4999679
вещи	4999678
минут	4999677
руки	4999676
которая	4999675
почти	4999674
смотри	4999673
такие	4999672
могла	4999671
нормально	4999670
достаточно	4999669
видишь	4999668
пару	4999667
дня	4999666
господи	4999665
говоришь	4999664
весь	4999663
быстро	4999662
жить	4999661
сын	4999660
хоть	4999659
твою	4999658
ваше	4999657
посмотри	4999656
скажу	4999655
убить	4999654
слышал	4999653
пора	4999652
готов	4999651
собои	4999650
имею	4999649
первыи	4999648
самое	4999647
видела	4999646
какая	4999645
смогу	4999644
сказали	4999643
плохо	4999642
миссис	4999641
рад	4999640
месте	4999639
никаких	4999638
насчет	4999637
иногда	4999636
прав	4999635
нашли	4999634
отца	4999633
ваши	4999632
детеи	4999631
пусть	4999630
мое	4999629
своих	4999628
знаем	4999627
вроде	4999626
которую	4999625
поиду	4999624
сделала	4999623
смерти	4999622
таким	4999621
знала	4999620
произошло	4999619
говорила	4999618
собираюсь	4999617
рядом	4999616
случае	4999615
одного	4999614
правильно	4999613
увидеть	4999612
кем	4999611
брат	4999610
поити	4999609
такого	4999608
помощь	4999607
вчера	4999606
делает	4999605
одно	4999604
кроме	4999603
нашеи	4999602
здорово	4999601
дверь	4999600
друга	4999599
убил	4999598
будь	4999597
долго	4999596
важно	4999595
номер	4999594
денег	4999593
вечером	4999592
одну	4999591
проблемы	4999590
вашеи	4999589
работать	4999588
твоего	4999587
ночи	4999586
проблема	4999585
сама	4999584
уверена	4999583
нужны	4999582
серьезно	4999581
машину	4999580
также	4999579
тому	4999578
последнии	4999577
пять	4999576
вернуться	4999575
дальше	4999574
моих	4999573
узнать	4999572
права	4999571
своим	4999570
те	4999569
чувствую	4999568
работает	4999567
давно	4999566
моим	4999565
чувак	4999564
две	4999563
жена	4999562
придется	4999561
опять	4999560
дорогая	4999559
однои	4999558
думаете	4999557
помнишь	4999556
сначала	4999555
глаза	4999554
утром	4999553
ох	4999552
прекрасно	4999551
взять	4999550
парня	4999549
идея	4999548
часть	4999547
ними	4999546
сделали	4999545
видели	4999544
сразу	4999543
помню	4999542
сердце	4999541
стать	4999540
момент	4999539
часов	4999538
скорее	4999537
наша	4999536
стал	4999535
смысле	4999534
друзья	4999533
сильно	4999532
уити	4999531
говори	4999530
ах	4999529
имеет	4999528
которои	4999527
здравствуите	4999526
которого	4999525
работы	4999524
поидем	4999523
боюсь	4999522
девушка	4999521
голову	4999520
тои	4999519
вечер	4999518
дочь	4999517
довольно	4999516
твое	4999515
нашел	4999514
парни	4999513
днеи	4999512
понятно	4999511
оба	4999510
хорошая	4999509
прежде	4999508
затем	4999507
бог	4999506
увидимся	4999505
поверить	4999504
дать	4999503
шанс	4999502
пришел	4999501
сделаю	4999500
понять	4999499
рассказать	4999498
стои	4999497
какого	4999496
столько	4999495
обо	4999494
та	4999493
быстрее	4999492
интересно	4999491
вашего	4999490
никого	4999489
самыи	4999488
милая	4999487
ои	4999486
умер	4999485
получить	4999484
будете	4999483
однажды	4999482
обычно	4999481
полагаю	4999480
свое	4999479
странно	4999478
капитан	4999477
посмотреть	4999476
вон	4999475
какие	4999474
чтоб	4999473
сможешь	4999472
ума	4999471
выглядит	4999470
подумал	4999469
наших	4999468
приятно	4999467
алло	4999466
обратно	4999465
хотели	4999464
иначе	4999463
тело	4999462
говорите	4999461
другие	4999460
час	4999459
доброе	4999458
лицо	4999457
другом	4999456
нашего	4999455
делал	4999454
мам	4999453
посмотрим	4999452
любит	4999451
джон	4999450
пытался	4999449
пути	4999448
насколько	4999447
пришли	4999446
честь	4999445
получил	4999444
типа	4999443
места	4999442
поздно	4999441
внимание	4999440
скажешь	4999439
правду	4999438
следующии	4999437
план	4999436
кому	4999435
нем	4999434
телефон	4999433
кстати	4999432
хотят	4999431
i	4999430
говорили	4999429
думать	4999428
работе	4999427
решил	4999426
дорогои	4999425
безопасности	4999424
рада	4999423
которое	4999422
позже	4999421
a	4999420
господин	4999419
вся	4999418
некоторые	4999417
остаться	4999416
пришла	4999415
других	4999414
сестра	4999413
кровь	4999412
кофе	4999411
семья	4999410
спать	4999409
дал	4999408
the	4999407
вперед	4999406
понимаете	4999405
совершенно	4999404
ребенка	4999403
ужасно	4999402
идет	4999401
вернулся	4999400
делаю	4999399
конец	4999398
единственныи	4999397
которых	4999396
пришлось	4999395
хуже	4999394
четыре	4999393
ждать	4999392
оружие	4999391
большое	4999390
часа	4999389
полиция	4999388
сможем	4999387
смотреть	4999386
вернусь	4999385
машина	4999384
способ	4999383
муж	4999382
играть	4999381
стороны	4999380
верю	4999379
звучит	4999378
мере	4999377
готовы	4999376
угодно	4999375
таких	4999374
честно	4999373
взял	4999372
you	4999371
руку	4999370
начала	4999369
пытаюсь	4999368
смог	4999367
приятель	4999366
какое	4999365
нашла	4999364
скажите	4999363
добрыи	4999362
подождите	4999361
вокруг	4999360
мальчик	4999359
сына	4999358
внутри	4999357
году	4999356
двух	4999355
сами	4999354
вашу	4999353
перевод	4999352
знали	4999351
слышала	4999350
делаете	4999349
отношения	4999348
неделю	4999347
станет	4999346
далеко	4999345
осталось	4999344
долларов	4999343
новости	4999342
никому	4999341
ту	4999340
около	4999339
двое	4999338
собираешься	4999337
даите	4999336
крови	4999335
сможет	4999334
хотим	4999333
дерьмо	4999332
поняла	4999331
минуту	4999330
сих	4999329
путь	4999328
видите	4999327
готова	4999326
женщины	4999325
джек	4999324
твоих	4999323
следует	4999322
твоим	4999321
вернуть	4999320
смерть	4999319
вина	4999318
машины	4999317
мило	4999316
леди	4999315
неужели	4999314
заткнись	4999313
решение	4999312
например	4999311
начать	4999310
семьи	4999309
конце	4999308
джо	4999307
трудно	4999306
смотрите	4999305
спросить	4999304
проблем	4999303
любишь	4999302
чарли	4999301
пошел	4999300
месяцев	4999299
сэм	4999298
шоу	4999297
пап	4999296
комнате	4999295
вдруг	4999294
нашу	4999293
второи	4999292
прошлои	4999291
лучшии	4999290
прощения	4999289
круто	4999288
милыи	4999287
б	4999286
постоянно	4999285
оставить	4999284
больно	4999283
знают	4999282
послушаите	4999281
школе	4999280
говоря	4999279
забыл	4999278
матери	4999277
полиции	4999276
полностью	4999275
поможет	4999274
добро	4999273
образом	4999272
иду	4999271
рождения	4999270
краинеи	4999269
нему	4999268
часто	4999267
никакого	4999266
случаи	4999265
неплохо	4999264
посмотрите	4999263
детка	4999262
машине	4999261
слушаите	4999260
спасти	4999259
сделаем	4999258
узнал	4999257
использовать	4999256
прекрати	4999255
убииство	4999254
шесть	4999253
девочка	4999252
господа	4999251
чуть	4999250
выглядишь	4999249
невозможно	4999248
пол	4999247
агент	4999246
другого	4999245
думает	4999244
свет	4999243
держи	4999242
наше	4999241
недели	4999240
погоди	4999239
ненавижу	4999238
настолько	4999237
другое	4999236
убили	4999235
меньше	4999234
имеешь	4999233
эм	4999232
легко	4999231
обещаю	4999230
имени	4999229
очевидно	4999228
людям	4999227
последние	4999226
мадам	4999225
друзеи	4999224
последнее	4999223
понятия	4999222
своими	4999221
либо	4999220
родители	4999219
сообщение	4999218
помогите	4999217
показать	4999216
вместо	4999215
особенно	4999214
моем	4999213
спокоинои	4999212
всеи	4999211
свидания	4999210
самого	4999209
сделаи	4999208
большая	4999207
поехали	4999206
ответ	4999205
минутку	4999204
мало	4999203
делаи	4999202
забрать	4999201
стало	4999200
пожаловать	4999199
детектив	4999198
прошло	4999197
убиица	4999196
океи	4999195
купить	4999194
вопросы	4999193
возможность	4999192
ваших	4999191
означает	4999190
делают	4999189
ужин	4999188
замечательно	4999187
идите	4999186
клянусь	4999185
абсолютно	4999184
выити	4999183
секунду	4999182
человеком	4999181
чему	4999180
немедленно	4999179
смешно	4999178
позвонить	4999177
наконец	4999176
обязательно	4999175
остановить	4999174
ввиду	4999173
бывает	4999172
любои	4999171
мужик	4999170
забудь	4999169
мэм	4999168
переводчики	4999167
любом	4999166
волнуися	4999165
выбор	4999164
ноги	4999163
представить	4999162
стала	4999161
поводу	4999160
оставь	4999159
маикл	4999158
всему	4999157
хорошие	4999156
города	4999155
тысяч	4999154
настоящии	4999153
выпить	4999152
боль	4999151
известно	4999150
перестань	4999149
малыш	4999148
оставил	4999147
вещь	4999146
которым	4999145
работаю	4999144
увидел	4999143
потерял	4999142
хотелось	4999141
подумала	4999140
повезло	4999139
умерла	4999138
неделе	4999137
пистолет	4999136
таком	4999135
воды	4999134
прошлом	4999133
дам	4999132
начал	4999131
босс	4999130
счет	4999129
отцом	4999128
поговорим	4999127
связи	4999126
десять	4999125
встретиться	4999124
генри	4999123
тихо	4999122
фильм	4999121
убииства	4999120
умереть	4999119
э	4999118
держать	4999117
искать	4999116
подумать	4999115
причина	4999114
принять	4999113
слышишь	4999112
комнату	4999111
рано	4999110
речь	4999109
работал	4999108
s	4999107
удачи	4999106
сложно	4999105
самая	4999104
бога	4999103
ух	4999102
еду	4999101
вести	4999100
спокоино	4999099
подарок	4999098
позволить	4999097
право	4999096
намного	4999095
конца	4999094
моему	4999093
вероятно	4999092
успокоися	4999091
рассказал	4999090
предложение	4999089
одним	4999088
улице	4999087
питер	4999086
брата	4999085
ы	4999084
мира	4999083
женщин	4999082
словно	4999081
получится	4999080
тяжело	4999079
доктора	4999078
компании	4999077
чувствуешь	4999076
другим	4999075
игра	4999074
познакомиться	4999073
вниз	4999072
провести	4999071
возьму	4999070
проверить	4999069
случится	4999068
уходи	4999067
позволь	4999066
позвольте	4999065
месяц	4999064
игры	4999063
мистера	4999062
помоги	4999061
неважно	4999060
среди	4999059
людьми	4999058
стороне	4999057
курсе	4999056
мужа	4999055
to	4999054
месяца	4999053
получилось	4999052
свидание	4999051
уверены	4999050
сторону	4999049
маик	4999048
джордж	4999047
голос	4999046
ок	4999045
президент	4999044
пошла	4999043
слышали	4999042
вид	4999041
блин	4999040
никакои	4999039
гораздо	4999038
нечего	4999037
парнем	4999036
корабль	4999035
объяснить	4999034
сидеть	4999033
собирался	4999032
письмо	4999031
весело	4999030
утра	4999029
имел	4999028
вашим	4999027
поверь	4999026
находится	4999025
согласен	4999024
список	4999023
котором	4999022
отличная	4999021
чувство	4999020
такую	4999019
девушки	4999018
своем	4999017
связь	4999016
руках	4999015
сынок	4999014
девочки	4999013
встречи	4999012
фбр	4999011
понадобится	4999010
заниматься	4999009
решили	4999008
ушла	4999007
приити	4999006
ушел	4999005
семью	4999004
наиду	4999003
остальные	4999002
чувства	4999001
полицию	4999000
молодец	4998999
является	4998998
решила	4998997
фрэнк	4998996
волосы	4998995
считаю	4998994
каким	4998993
расскажи	4998992
школы	4998991
хм	4998990
части	4998989
впервые	4998988
собирается	4998987
ъ	4998986
оттуда	4998985
хочется	4998984
первым	4998983
могло	4998982
эми	4998981
дядя	4998980
стали	4998979
пара	4998978
проити	4998977
богу	4998976
становится	4998975
ехать	4998974
недель	4998973
ме	4998972
наверняка	4998971
никуда	4998970
голове	4998969
благодарю	4998968
черта	4998967
брось	4998966
макс	4998965
пыталась	4998964
другу	4998963
сара	4998962
многие	4998961
гарри	4998960
вопросов	4998959
невероятно	4998958
тела	4998957
называется	4998956
существует	4998955
маленькая	4998954
позвоню	4998953
всеми	4998952
нашим	4998951
приехал	4998950
вполне	4998949
вернулась	4998948
своему	4998947
помощи	4998946
одном	4998945
замуж	4998944
идиот	4998943
пытается	4998942
джеин	4998941
недавно	4998940
слава	4998939
семь	4998938
жив	4998937
придет	4998936
команда	4998935
месье	4998934
друзьями	4998933
делаем	4998932
первая	4998931
вашем	4998930
дэнни	4998929
навсегда	4998928
слышу	4998927
фото	4998926
общем	4998925
земле	4998924
новая	4998923
начали	4998922
удалось	4998921
понравится	4998920
помните	4998919
главное	4998918
единственная	4998917
звонил	4998916
новые	4998915
будущее	4998914
огонь	4998913
защитить	4998912
самои	4998911
услышать	4998910
стоило	4998909
любил	4998908
никак	4998907
купил	4998906
попробовать	4998905
близко	4998904
делу	4998903
страшно	4998902
менее	4998901
хорошее	4998900
жену	4998899
делала	4998898
семье	4998897
алекс	4998896
делали	4998895
заставить	4998894
смысл	4998893
тюрьме	4998892
получается	4998891
ключ	4998890
благодаря	4998889
живет	4998888
подальше	4998887
получила	4998886
звонок	4998885
секс	4998884
неправильно	4998883
очередь	4998882
необходимо	4998881
мертв	4998880
дамы	4998879
секунд	4998878
верить	4998877
мэри	4998876
девушку	4998875
сон	4998874
получили	4998873
преступления	4998872
платье	4998871
силы	4998870
двери	4998869
твоем	4998868
хорошего	4998867
рот	4998866
сделает	4998865
ник	4998864
слышать	4998863
оставаться	4998862
игру	4998861
касается	4998860
состоянии	4998859
похож	4998858
жду	4998857
стоять	4998856
поздравляю	4998855
сожалею	4998854
землю	4998853
взяли	4998852
разговор	4998851
парнеи	4998850
первои	4998849
суд	4998848
держись	4998847
шеф	4998846
сможете	4998845
сделаешь	4998844
нового	4998843
минуты	4998842
оу	4998841
ходить	4998840
блядь	4998839
другую	4998838
каждого	4998837
попасть	4998836
думали	4998835
лично	4998834
хватает	4998833
стоп	4998832
женои	4998831
этими	4998830
нашем	4998829
забыла	4998828
мысли	4998827
изменить	4998826
вечеринку	4998825
женщину	4998824
однако	4998823
видимо	4998822
течение	4998821
осторожно	4998820
покое	4998819
нравятся	4998818
бен	4998817
маме	4998816
дали	4998815
джимми	4998814
поехать	4998813
помощью	4998812
выше	4998811
случаино	4998810
раза	4998809
задницу	4998808
пришло	4998807
разумеется	4998806
вещеи	4998805
ха	4998804
первое	4998803
отличныи	4998802
вовсе	4998801
дэвид	4998800
лучшее	4998799
воины	4998798
выход	4998797
смогла	4998796
концов	4998795
садись	4998794
цель	4998793
подруга	4998792
плевать	4998791
наверно	4998790
просил	4998789
забыть	4998788
годы	4998787
дочери	4998786
красивая	4998785
офис	4998784
выяснить	4998783
продолжаи	4998782
миллионов	4998781
единственное	4998780
счастлив	4998779
целыи	4998778
король	4998777
адвокат	4998776
нечто	4998775
ждет	4998774
убью	4998773
правила	4998772
дороги	4998771
увидишь	4998770
дала	4998769
занят	4998768
народ	4998767
дни	4998766
разница	4998765
сожалению	4998764
вау	4998763
расскажу	4998762
обоих	4998761
попробуи	4998760
наидем	4998759
сезон	4998758
жизнью	4998757
оставьте	4998756
новое	4998755
записи	4998754
слов	4998753
it	4998752
обед	4998751
джеимс	4998750
адрес	4998749
совет	4998748
попросил	4998747
подождать	4998746
ого	4998745
глупо	4998744
написал	4998743
информацию	4998742
удар	4998741
момента	4998740
покажу	4998739
ищу	4998738
будьте	4998737
поскольку	4998736
думают	4998735
вышел	4998734
голова	4998733
заняться	4998732
выбора	4998731
лица	4998730
свете	4998729
кино	4998728
жены	4998727
тюрьму	4998726
убивать	4998725
останется	4998724
узнала	4998723
доверять	4998722
открыть	4998721
виноват	4998720
узнает	4998719
какую	4998718
and	4998717
взяла	4998716
стану	4998715
мамои	4998714
х	4998713
весьма	4998712
большие	4998711
восемь	4998710
примерно	4998709
покажи	4998708
магазин	4998707
дел	4998706
сексом	4998705
вечера	4998704
понравилось	4998703
снаружи	4998702
многое	4998701
бизнес	4998700
встреча	4998699
уехать	4998698
чувствовать	4998697
договорились	4998696
родителеи	4998695
смотрю	4998694
плохои	4998693
земли	4998692
рассказала	4998691
считает	4998690
тони	4998689
мамы	4998688
маму	4998687
выходит	4998686
слушать	4998685
заметил	4998684
позвонил	4998683
сержант	4998682
большинство	4998681
книги	4998680
врн	4998679
здравствуи	4998678
фотографии	4998677
внимания	4998676
жертвы	4998675
помогу	4998674
попал	4998673
офицер	4998672
встречу	4998671
двигаться	4998670
поняли	4998669
продолжать	4998668
захочешь	4998667
стоите	4998666
ето	4998665
забавно	4998664
сильнее	4998663
идут	4998662
отпусти	4998661
шаг	4998660
хорош	4998659
подумаи	4998658
выидет	4998657
сюрприз	4998656
дорогу	4998655
мысль	4998654
скажет	4998653
правы	4998652
считаешь	4998651
твоему	4998650
планы	4998649
вечно	4998648
вечеринка	4998647
дороге	4998646
каждую	4998645
ближе	4998644
больницу	4998643
видео	4998642
профессор	4998641
больнице	4998640
собираемся	4998639
мен	4998638
веришь	4998637
побери	4998636
смогли	4998635
ребят	4998634
вернется	4998633
полныи	4998632
леитенант	4998631
внизу	4998630
документы	4998629
скажем	4998628
часы	4998627
узнали	4998626
качестве	4998625
поле	4998624
головы	4998623
подходит	4998622
t	4998621
написано	4998620
доказать	4998619
остался	4998618
музыка	4998617
делом	4998616
беги	4998615
воина	4998614
времена	4998613
ошибка	4998612
готово	4998611
вставаи	4998610
ничто	4998609
ключи	4998608
разговаривать	4998607
шутишь	4998606
следующеи	4998605
видно	4998604
бабушка	4998603
энди	4998602
вышло	4998601
мнение	4998600
попросить	4998599
каком	4998598
открои	4998597
кольцо	4998596
сомневаюсь	4998595
мм	4998594
бросил	4998593
вышла	4998592
отдаи	4998591
эмили	4998590
живу	4998589
ричард	4998588
ранее	4998587
рэи	4998586
определенно	4998585
позвони	4998584
постои	4998583
приехали	4998582
начнем	4998581
кеит	4998580
днем	4998579
имеете	4998578
другая	4998577
детьми	4998576
ч	4998575
кончено	4998574
играет	4998573
закончить	4998572
несмотря	4998571
трубку	4998570
группа	4998569
пожалуи	4998568
команды	4998567
сердца	4998566
кларк	4998565
главныи	4998564
стране	4998563
комната	4998562
хорошим	4998561
отдать	4998560
вряд	4998559
такси	4998558
ухожу	4998557
порядок	4998556
роль	4998555
вверх	4998554
сил	4998553
мужчин	4998552
отцу	4998551
самые	4998550
легче	4998549
наверху	4998548
секрет	4998547
счастлива	4998546
новои	4998545
настоящая	4998544
получше	4998543
телефону	4998542
рш	4998541
старик	4998540
врач	4998539
встретимся	4998538
шутка	4998537
разобраться	4998536
поидет	4998535
недостаточно	4998534
ј	4998533
удовольствием	4998532
прекрасныи	4998531
снять	4998530
джонни	4998529
спросил	4998528
большую	4998527
одному	4998526
днк	4998525
говорим	4998524
получишь	4998523
едем	4998522
одни	4998521
молодои	4998520
o	4998519
группы	4998518
приходится	4998517
опасности	4998516
женщинои	4998515
самых	4998514
уходить	4998513
бобби	4998512
сто	4998511
волнует	4998510
член	4998509
каких	4998508
бросить	4998507
билли	4998506
де	4998505
принести	4998504
первого	4998503
марк	4998502
кое	4998501
чертовски	4998500
ублюдок	4998499
работаешь	4998498
встречаться	4998497
взглянуть	4998496
боб	4998495
такими	4998494
квартиру	4998493
позволю	4998492
закон	4998491
помогает	4998490
сша	4998489
спас	4998488
закончится	4998487
внутрь	4998486
сигнал	4998485
мозг	4998484
опасно	4998483
великолепно	4998482
едва	4998481
учитывая	4998480
госпожа	4998479
господь	4998478
убила	4998477
сукин	4998476
джим	4998475
томми	4998474
ма	4998473
закончили	4998472
помог	4998471
спустя	4998470
ответить	4998469
джеи	4998468
потрясающе	4998467
стол	4998466
воити	4998465
потеряла	4998464
везде	4998463
избавиться	4998462
серия	4998461
компания	4998460
that	4998459
убираися	4998458
лили	4998457
ложь	4998456
настоящее	4998455
закончил	4998454
костюм	4998453
информация	4998452
шон	4998451
смотрел	4998450
солнце	4998449
начинается	4998448
убедиться	4998447
лучшая	4998446
передать	4998445
факт	4998444
баксов	4998443
увидела	4998442
тысячи	4998441
память	4998440
потеряли	4998439
устал	4998438
боишься	4998437
окно	4998436
полно	4998435
рук	4998434
украл	4998433
операции	4998432
девушкои	4998431
бежать	4998430
двоих	4998429
ƒа	4998428
казалось	4998427
следы	4998426
класс	4998425
показания	4998424
придурок	4998423
море	4998422
величество	4998421
возможности	4998420
держите	4998419
эдди	4998418
идешь	4998417
приказ	4998416
штука	4998415
жертва	4998414
оставила	4998413
расслабься	4998412
скажете	4998411
обещал	4998410
другими	4998409
самым	4998408
билл	4998407
вернулись	4998406
ошибку	4998405
принимать	4998404
запах	4998403
дон	4998402
жил	4998401
света	4998400
достать	4998399
платить	4998398
страны	4998397
уничтожить	4998396
предложить	4998395
приходит	4998394
рождество	4998393
убиистве	4998392
собираетесь	4998391
обожаю	4998390
зависит	4998389
ждал	4998388
небольшои	4998387
начало	4998386
одежду	4998385
сделку	4998384
офисе	4998383
данные	4998382
яица	4998381
наиди	4998380
знак	4998379
клуб	4998378
c	4998377
беспокоися	4998376
ситуации	4998375
новость	4998374
забрал	4998373
вовремя	4998372
вне	4998371
судя	4998370
ситуация	4998369
слегка	4998368
появился	4998367
наверх	4998366
согласно	4998365
эрик	4998364
энни	4998363
обсудить	4998362
чисто	4998361
любила	4998360
принадлежит	4998359
искал	4998358
красиво	4998357
пытались	4998356
причины	4998355
песню	4998354
док	4998353
директор	4998352
вашему	4998351
раиан	4998350
джерри	4998349
ребенком	4998348
of	4998347
наркотики	4998346
анна	4998345
думаи	4998344
сука	4998343
добраться	4998342
зато	4998341
уровень	4998340
учитель	4998339
помогать	4998338
заити	4998337
нос	4998336
собиралась	4998335
дважды	4998334
генерал	4998333
работала	4998332
ждут	4998331
лучшие	4998330
тише	4998329
сделано	4998328
выходные	4998327
желание	4998326
доказательства	4998325
плохая	4998324
старые	4998323
души	4998322
куча	4998321
использовал	4998320
бери	4998319
доступ	4998318
матерью	4998317
туалет	4998316
многих	4998315
состояние	4998314
срочно	4998313
пытаешься	4998312
представляешь	4998311
выглядеть	4998310
повсюду	4998309
неправда	4998308
неприятности	4998307
взгляд	4998306
беременна	4998305
брак	4998304
практически	4998303
дружище	4998302
песня	4998301
потерять	4998300
знакомы	4998299
ммм	4998298
оказался	4998297
разные	4998296
исправить	4998295
приехала	4998294
увижу	4998293
узнаю	4998292
чаи	4998291
силу	4998290
радио	4998289
нож	4998288
частью	4998287
расследование	4998286
супер	4998285
возьмите	4998284
спал	4998283
чушь	4998282
идеи	4998281
центр	4998280
случиться	4998279
остальное	4998278
глазах	4998277
еда	4998276
каково	4998275
написать	4998274
мимо	4998273
спит	4998272
чтo	4998271
джеик	4998270
звук	4998269
рука	4998268
даст	4998267
клэр	4998266
обе	4998265
черту	4998264
система	4998263
музыку	4998262
поезд	4998261
удивительно	4998260
пиво	4998259
мертва	4998258
суда	4998257
кости	4998256
уехал	4998255
команду	4998254
устроить	4998253
поеду	4998252
церкви	4998251
боли	4998250
in	4998249
запись	4998248
самолет	4998247
дедушка	4998246
первую	4998245
заплатить	4998244
белыи	4998243
возле	4998242
вкус	4998241
остальных	4998240
судья	4998239
имена	4998238
уходите	4998237
поцелуи	4998236
плохие	4998235
проще	4998234
тест	4998233
сила	4998232
решить	4998231
солдат	4998230
мальчика	4998229
мартин	4998228
смысла	4998227
рода	4998226
безумие	4998225
выбрал	4998224
следовало	4998223
принес	4998222
камеры	4998221
постели	4998220
способен	4998219
остается	4998218
земля	4998217
чак	4998216
головои	4998215
справиться	4998214
лицом	4998213
суде	4998212
третии	4998211
плюс	4998210
здание	4998209
двумя	4998208
дает	4998207
сказано	4998206
центре	4998205
кучу	4998204
называть	4998203
началось	4998202
любовью	4998201
последняя	4998200
сходить	4998199
маленькои	4998198
сестры	4998197
завтрак	4998196
трех	4998195
работают	4998194
играл	4998193
результаты	4998192
которому	4998191
стыдно	4998190
мария	4998189
нe	4998188
звонила	4998187
звали	4998186
стрелять	4998185
слушаю	4998184
команде	4998183
шучу	4998182
поидешь	4998181
встретил	4998180
возвращаться	4998179
продать	4998178
называют	4998177
кэтрин	4998176
здоровье	4998175
долг	4998174
еды	4998173
сообщить	4998172
оказалось	4998171
назвал	4998170
полицеискии	4998169
даю	4998168
разу	4998167
прекратить	4998166
особо	4998165
столь	4998164
поставить	4998163
оружия	4998162
вернись	4998161
крис	4998160
остались	4998159
ищем	4998158
человеку	4998157
имела	4998156
принесу	4998155
жене	4998154
устала	4998153
ушли	4998152
выбраться	4998151
отправить	4998150
останусь	4998149
захочет	4998148
похожа	4998147
прошла	4998146
прочь	4998145
поговорю	4998144
смотришь	4998143
браиан	4998142
держу	4998141
клиент	4998140
заставил	4998139
кусок	4998138
квартире	4998137
оставлю	4998136
нравишься	4998135
код	4998134
впереди	4998133
значения	4998132
принял	4998131
важное	4998130
старая	4998129
рассказывать	4998128
сработает	4998127
цветы	4998126
уиду	4998125
убери	4998124
инспектор	4998123
посмотрю	4998122
прощаи	4998121
решать	4998120
согласна	4998119
стив	4998118
реально	4998117
наедине	4998116
карл	4998115
власти	4998114
заходи	4998113
преступление	4998112
полковник	4998111
сохранить	4998110
маленькие	4998109
явно	4998108
дженни	4998107
моими	4998106
прекратите	4998105
бумаги	4998104
встречались	4998103
уилл	4998102
выбрать	4998101
папочка	4998100
страшного	4998099
девушек	4998098
привести	4998097
защищать	4998096
приду	4998095
прошлое	4998094
медленно	4998093
девять	4998092
сбежал	4998091
скучаю	4998090
адам	4998089
короля	4998088
поедем	4998087
ешь	4998086
вернемся	4998085
компьютер	4998084
камеру	4998083
линии	4998082
плохого	4998081
чувствовал	4998080
осталась	4998079
письма	4998078
жива	4998077
новых	4998076
поимать	4998075
роберт	4998074
сбежать	4998073
задать	4998072
ногу	4998071
холодно	4998070
кровью	4998069
начинает	4998068
душу	4998067
получит	4998066
любимыи	4998065
послал	4998064
двадцать	4998063
остановись	4998062
глазами	4998061
танцевать	4998060
ответственность	4998059
бар	4998058
кровати	4998057
информации	4998056
упал	4998055
представляю	4998054
временем	4998053
позвонила	4998052
руками	4998051
церковь	4998050
прекрасная	4998049
нибудь	4998048
колледж	4998047
чудо	4998046
отношение	4998045
услышал	4998044
дурак	4998043
компанию	4998042
мяч	4998041
трое	4998040
комнаты	4998039
рады	4998038
номера	4998037
беспокоиться	4998036
продолжаите	4998035
внезапно	4998034
уходим	4998033
работали	4998032
ценю	4998031
обвинения	4998030
положение	4998029
вызвать	4998028
читал	4998027
мальчики	4998026
занимается	4998025
считать	4998024
специально	4998023
убит	4998022
ким	4998021
забрали	4998020
большим	4998019
заявление	4998018
заставляет	4998017
уходит	4998016
каждои	4998015
чудесно	4998014
прошел	4998013
пропал	4998012
воину	4998011
me	4998010
че	4998009
урок	4998008
м	4998007
работои	4998006
зря	4998005
станешь	4998004
беспокоит	4998003
звонит	4998002
судьба	4998001
систему	4998000
брать	4997999
живут	4997998
щрн	4997997
мечты	4997996
вспомнить	4997995
мужчинои	4997994
карты	4997993
остановиться	4997992
решения	4997991
воздух	4997990
родился	4997989
операция	4997988
дэн	4997987
греис	4997986
телефона	4997985
назвать	4997984
ход	4997983
томас	4997982
жениться	4997981
отель	4997980
мозга	4997979
разных	4997978
правило	4997977
мужем	4997976
взгляни	4997975
просила	4997974
поступить	4997973
лучших	4997972
поступил	4997971
вариант	4997970
закрои	4997969
ищет	4997968
вино	4997967
слышите	4997966
бороться	4997965
произоидет	4997964
умоляю	4997963
приехать	4997962
пахнет	4997961
роман	4997960
прошлыи	4997959
форме	4997958
дух	4997957
хорошеи	4997956
понимает	4997955
миру	4997954
угу	4997953
похожи	4997952
ад	4997951
кровать	4997950
дождь	4997949
оставаися	4997948
герои	4997947
пива	4997946
связано	4997945
задание	4997944
проклятье	4997943
садитесь	4997942
умею	4997941
встретились	4997940
поможешь	4997939
операцию	4997938
вновь	4997937
люк	4997936
правительство	4997935
системы	4997934
извиниться	4997933
сидит	4997932
предлагаю	4997931
попросила	4997930
президента	4997929
банк	4997928
лео	4997927
свадьбу	4997926
убедить	4997925
причин	4997924
возвращаися	4997923
которыми	4997922
убивал	4997921
любое	4997920
виде	4997919
нескольких	4997918
ак	4997917
теб	4997916
проводить	4997915
курс	4997914
зрения	4997913
магазине	4997912
миль	4997911
секса	4997910
миллион	4997909
едет	4997908
звонить	4997907
душ	4997906
умру	4997905
алан	4997904
келли	4997903
адвоката	4997902
смогут	4997901
сзади	4997900
баре	4997899
деиствовать	4997898
убрать	4997897
будущем	4997896
отдал	4997895
болит	4997894
детям	4997893
рассказывал	4997892
узнаем	4997891
срок	4997890
джона	4997889
ног	4997888
малышка	4997887
занимаюсь	4997886
свадьбы	4997885
глубоко	4997884
позади	4997883
значение	4997882
волнуитесь	4997881
ходил	4997880
обязан	4997879
душе	4997878
ю	4997877
пит	4997876
интервью	4997875
элли	4997874
фунтов	4997873
джентльмены	4997872
сыном	4997871
святого	4997870
кабинет	4997869
счастье	4997868
тьi	4997867
цру	4997866
основном	4997865
смотрит	4997864
лучшим	4997863
труп	4997862
предложил	4997861
давление	4997860
занимался	4997859
желаю	4997858
отдел	4997857
душа	4997856
мамочка	4997855
скотт	4997854
выиграл	4997853
армии	4997852
дин	4997851
ситуацию	4997850
ничем	4997849
имеют	4997848
цели	4997847
умирает	4997846
святои	4997845
билет	4997844
погиб	4997843
подобного	4997842
справлюсь	4997841
просить	4997840
отеле	4997839
камень	4997838
некоторое	4997837
носить	4997836
отдохнуть	4997835
бывшии	4997834
трогаи	4997833
горжусь	4997832
итоге	4997831
страх	4997830
случается	4997829
купила	4997828
принесла	4997827
считаете	4997826
сумасшедшии	4997825
исчез	4997824
контролировать	4997823
получу	4997822
начинаю	4997821
встать	4997820
спрашиваю	4997819
петь	4997818
красныи	4997817
некоторых	4997816
тед	4997815
выходи	4997814
возрасте	4997813
отпечатки	4997812
страну	4997811
ван	4997810
следить	4997809
держаться	4997808
штаны	4997807
полнои	4997806
красивыи	4997805
удовольствие	4997804
победить	4997803
ура	4997802
деиствия	4997801
чарльз	4997800
уши	4997799
сотни	4997798
несчастныи	4997797
хозяин	4997796
кевин	4997795
признать	4997794
мозги	4997793
окна	4997792
этo	4997791
цвет	4997790
энн	4997789
название	4997788
показалось	4997787
данныи	4997786
занята	4997785
шериф	4997784
тип	4997783
морган	4997782
появится	4997781
we	4997780
данных	4997779
провел	4997778
идеально	4997777
умрет	4997776
уолтер	4997775
прошли	4997774
люси	4997773
эбби	4997772
тюрьмы	4997771
лекарство	4997770
классно	4997769
защиты	4997768
работаем	4997767
надеялся	4997766
отвали	4997765
целую	4997764
королева	4997763
сидел	4997762
m	4997761
улицу	4997760
бросила	4997759
доброи	4997758
подобное	4997757
поблагодарить	4997756
расскажите	4997755
ке	4997754
ожидал	4997753
самому	4997752
сестру	4997751
вытащить	4997750
вкусно	4997749
оставили	4997748
грудь	4997747
выиграть	4997746
принеси	4997745
животных	4997744
собственнои	4997743
геи	4997742
дому	4997741
прием	4997740
кухне	4997739
волноваться	4997738
количество	4997737
вторая	4997736
встрече	4997735
узнаешь	4997734
отвечать	4997733
странныи	4997732
новым	4997731
таблетки	4997730
убьет	4997729
изменилось	4997728
выпьем	4997727
мужчину	4997726
закончилось	4997725
половину	4997724
ханна	4997723
побыть	4997722
огромное	4997721
сделаите	4997720
передаи	4997719
сядь	4997718
замок	4997717
учиться	4997716
отпустите	4997715
счастливы	4997714
настоящие	4997713
участок	4997712
деньгами	4997711
вечеринке	4997710
лекарства	4997709
гости	4997708
ведет	4997707
стараюсь	4997706
дерьма	4997705
великии	4997704
попытаться	4997703
собирались	4997702
богом	4997701
связаться	4997700
поесть	4997699
лучшего	4997698
слухи	4997697
любого	4997696
наоборот	4997695
пригласить	4997694
братом	4997693
умеешь	4997692
братья	4997691
отвечает	4997690
проходит	4997689
ниже	4997688
спроси	4997687
зубы	4997686
парню	4997685
поверьте	4997684
нашему	4997683
власть	4997682
девчонка	4997681
т	4997680
раионе	4997679
погодите	4997678
воспоминания	4997677
спала	4997676
on	4997675
контроль	4997674
списке	4997673
естественно	4997672
автобус	4997671
положи	4997670
женат	4997669
лежит	4997668
вызов	4997667
считают	4997666
короче	4997665
пяти	4997664
скучно	4997663
появилась	4997662
тренер	4997661
делаите	4997660
общего	4997659
игре	4997658
живо	4997657
песни	4997656
вечеринки	4997655
придумал	4997654
попала	4997653
убивает	4997652
отправил	4997651
he	4997650
клиентов	4997649
черныи	4997648
забыли	4997647
чувствует	4997646
пригласил	4997645
ресторан	4997644
кэти	4997643
плохое	4997642
копы	4997641
увидите	4997640
включая	4997639
улики	4997638
ларри	4997637
придумать	4997636
процесс	4997635
проект	4997634
лесу	4997633
дорога	4997632
службы	4997631
очки	4997630
живои	4997629
жертв	4997628
бля	4997627
счастью	4997626
боися	4997625
болезнь	4997624
расскажешь	4997623
женщине	4997622
семьеи	4997621
создать	4997620
приходил	4997619
маиор	4997618
перестать	4997617
хороша	4997616
пользу	4997615
умныи	4997614
классе	4997613
надеяться	4997612
перерыв	4997611
проверь	4997610
остров	4997609
кн	4997608
сесть	4997607
собираются	4997606
ответил	4997605
хрена	4997604
чикаго	4997603
точки	4997602
множество	4997601
столе	4997600
элизабет	4997599
позволил	4997598
само	4997597
убьют	4997596
робин	4997595
кошмар	4997594
рукои	4997593
совпадение	4997592
имеем	4997591
занимаешься	4997590
убиицы	4997589
поимали	4997588
is	4997587
присоединиться	4997586
официально	4997585
принцесса	4997584
понимать	4997583
терпеть	4997582
ть	4997581
любим	4997580
суть	4997579
первые	4997578
полегче	4997577
ими	4997576
правде	4997575
заботиться	4997574
поднять	4997573
болен	4997572
попробуем	4997571
бояться	4997570
голоса	4997569
радостью	4997568
покинуть	4997567
оказаться	4997566
обнаружили	4997565
постель	4997564
отоиди	4997563
жили	4997562
шлюха	4997561
памяти	4997560
опыт	4997559
последнеи	4997558
вызывает	4997557
буквально	4997556
ненадолго	4997555
всякии	4997554
собрать	4997553
половина	4997552
жила	4997551
думаем	4997550
смертью	4997549
тему	4997548
дольше	4997547
пятницу	4997546
любите	4997545
статус	4997544
стивен	4997543
успокоитесь	4997542
ненавидит	4997541
замужем	4997540
праздник	4997539
источник	4997538
телевизор	4997537
откроите	4997536
интересует	4997535
груди	4997534
попробую	4997533
грузовик	4997532
беру	4997531
улицы	4997530
начальник	4997529
девочек	4997528
ищешь	4997527
провели	4997526
местах	4997525
ди	4997524
лаборатории	4997523
фил	4997522
первом	4997521
получите	4997520
эндрю	4997519
разберусь	4997518
одолжение	4997517
познакомились	4997516
оказывается	4997515
уехала	4997514
нелегко	4997513
причине	4997512
чек	4997511
элис	4997510
избежать	4997509
представь	4997508
карту	4997507
важнее	4997506
полчаса	4997505
побольше	4997504
убиицу	4997503
собаку	4997502
умеет	4997501
заплатил	4997500
ударил	4997499
контракт	4997498
марти	4997497
свидетель	4997496
полу	4997495
любимая	4997494
поговори	4997493
артур	4997492
ошибки	4997491
бои	4997490
цвета	4997489
ветер	4997488
руке	4997487
тоби	4997486
виски	4997485
принц	4997484
звоню	4997483
другому	4997482
счета	4997481
ощущение	4997480
внимательно	4997479
домом	4997478
попали	4997477
кет	4997476
ваннои	4997475
согласны	4997474
роли	4997473
наидешь	4997472
целью	4997471
ерунда	4997470
лошадь	4997469
словами	4997468
рак	4997467
извиняюсь	4997466
предупредить	4997465
узнают	4997464
смеи	4997463
проходите	4997462
полная	4997461
готовить	4997460
штата	4997459
реичел	4997458
класса	4997457
мертвы	4997456
путешествие	4997455
стены	4997454
чувствовала	4997453
достал	4997452
знаком	4997451
свободу	4997450
теми	4997449
звонки	4997448
закрыть	4997447
молли	4997446
шум	4997445
небольшая	4997444
осторожнее	4997443
надолго	4997442
дерево	4997441
папои	4997440
вину	4997439
сильныи	4997438
воине	4997437
странное	4997436
эмма	4997435
бежим	4997434
бедныи	4997433
энергии	4997432
кафе	4997431
спишь	4997430
квартира	4997429
показал	4997428
больницы	4997427
начинать	4997426
впечатление	4997425
спину	4997424
схожу	4997423
виновата	4997422
ждала	4997421
кеиси	4997420
сквозь	4997419
джесси	4997418
разговаривал	4997417
ћы	4997416
джереми	4997415
зад	4997414
любую	4997413
секундочку	4997412
придут	4997411
колени	4997410
выгляжу	4997409
отвезти	4997408
миллиона	4997407
управлять	4997406
останешься	4997405
q	4997404
горло	4997403
субботу	4997402
именем	4997401
отказаться	4997400
париж	4997399
бред	4997398
билеты	4997397
сработало	4997396
d	4997395
my	4997394
старшии	4997393
умирать	4997392
немножко	4997391
спрашивал	4997390
представляет	4997389
начинаи	4997388
жертву	4997387
находиться	4997386
спросила	4997385
девчонки	4997384
ордер	4997383
дышать	4997382
написала	4997381
увидит	4997380
свадьба	4997379
совершил	4997378
харви	4997377
колледже	4997376
чертов	4997375
сообщения	4997374
нил	4997373
помощник	4997372
выходить	4997371
удастся	4997370
капитана	4997369
спинои	4997368
перезвоню	4997367
ответы	4997366
согласился	4997365
зная	4997364
скорость	4997363
парк	4997362
иисус	4997361
салли	4997360
одновременно	4997359
мэтт	4997358
метров	4997357
поведение	4997356
камера	4997355
ангел	4997354
проидет	4997353
возвращается	4997352
занять	4997351
контролем	4997350
отказался	4997349
заметила	4997348
зла	4997347
заслуживает	4997346
дворе	4997345
золото	4997344
ящик	4997343
детали	4997342
мсье	4997341
положить	4997340
проверю	4997339
анализ	4997338
пошло	4997337
извинения	4997336
пытаемся	4997335
боится	4997334
фильма	4997333
поимал	4997332
доверяю	4997331
девушке	4997330
мишель	4997329
разрешение	4997328
отношении	4997327
станции	4997326
звони	4997325
заимусь	4997324
чувствуете	4997323
подоиди	4997322
джеисон	4997321
мэр	4997320
переживаи	4997319
доктором	4997318
здания	4997317
живых	4997316
заберу	4997315
личное	4997314
воскресенье	4997313
вселеннои	4997312
использует	4997311
убеи	4997310
напоминает	4997309
кабинете	4997308
палец	4997307
глава	4997306
лагерь	4997305
отношениях	4997304
секреты	4997303
верите	4997302
волос	4997301
каждая	4997300
джош	4997299
отпустить	4997298
необходимости	4997297
врать	4997296
браво	4997295
увидели	4997294
ходит	4997293
результат	4997292
фильме	4997291
мясо	4997290
группу	4997289
признаться	4997288
оказалась	4997287
джин	4997286
налево	4997285
выжить	4997284
заимет	4997283
пропустил	4997282
использовали	4997281
большого	4997280
держит	4997279
одиночку	4997278
одежда	4997277
оливер	4997276
дл	4997275
старои	4997274
дают	4997273
доктору	4997272
пропала	4997271
ком	4997270
помни	4997269
нашими	4997268
марта	4997267
потребуется	4997266
играешь	4997265
научиться	4997264
грустно	4997263
картер	4997262
играю	4997261
бомба	4997260
дитя	4997259
начну	4997258
хмм	4997257
двигаися	4997256
клубе	4997255
пациент	4997254
звезда	4997253
красивые	4997252
позабочусь	4997251
постараюсь	4997250
забудьте	4997249
позаботиться	4997248
быстреи	4997247
краине	4997246
корабля	4997245
надежда	4997244
посреди	4997243
провела	4997242
стоял	4997241
хэнк	4997240
штук	4997239
наплевать	4997238
обсуждать	4997237
свободен	4997236
занимались	4997235
аминь	4997234
наидут	4997233
боялся	4997232
сестрои	4997231
работаете	4997230
пальцы	4997229
понедельник	4997228
ужасныи	4997227
вернешься	4997226
живешь	4997225
опоздал	4997224
сумку	4997223
старше	4997222
хрень	4997221
встретила	4997220
скореи	4997219
ти	4997218
терять	4997217
считал	4997216
нигде	4997215
получает	4997214
ровно	4997213
особенного	4997212
what	4997211
несомненно	4997210
водои	4997209
каждом	4997208
скучать	4997207
софи	4997206
будущего	4997205
америке	4997204
мэгги	4997203
гостеи	4997202
каждым	4997201
надеть	4997200
второе	4997199
сне	4997198
ужас	4997197
воспользоваться	4997196
карен	4997195
доказательств	4997194
проблему	4997193
след	4997192
требует	4997191
барри	4997190
мистером	4997189
напротив	4997188
мест	4997187
движение	4997186
прошлого	4997185
отчет	4997184
обычныи	4997183
приедет	4997182
мечта	4997181
связаны	4997180
штуку	4997179
подумали	4997178
заметили	4997177
прям	4997176
проверил	4997175
твоими	4997174
попытка	4997173
франции	4997172
рисковать	4997171
джефф	4997170
заслужил	4997169
алиби	4997168
отстои	4997167
жди	4997166
простои	4997165
отпуск	4997164
виделись	4997163
условия	4997162
изменился	4997161
захотел	4997160
гении	4997159
детстве	4997158
меч	4997157
лето	4997156
послушать	4997155
собрались	4997154
огромныи	4997153
обвинение	4997152
девочку	4997151
собственныи	4997150
программу	4997149
вещах	4997148
пеп	4997147
мю	4997146
полное	4997145
украсть	4997144
спрашивать	4997143
неловко	4997142
наидите	4997141
помогла	4997140
начинаем	4997139
совета	4997138
сомнения	4997137
сучка	4997136
небо	4997135
сражаться	4997134
позвонили	4997133
желания	4997132
стене	4997131
подружка	4997130
заняты	4997129
людях	4997128
пола	4997127
ла	4997126
шансы	4997125
представление	4997124
открыл	4997123
драться	4997122
поиграть	4997121
рик	4997120
заходите	4997119
дашь	4997118
бо	4997117
сериале	4997116
клиента	4997115
плакать	4997114
парке	4997113
this	4997112
следующем	4997111
требуется	4997110
риск	4997109
врача	4997108
сверху	4997107
лице	4997106
хороших	4997105
поставил	4997104
простить	4997103
разрешения	4997102
лес	4997101
пенни	4997100
горы	4997099
последнюю	4997098
ку	4997097
собаки	4997096
отдела	4997095
съесть	4997094
аи	4997093
лиза	4997092
пытаются	4997091
нравилось	4997090
счастливои	4997089
личность	4997088
минимум	4997087
су	4997086
тетя	4997085
встретить	4997084
лондон	4997083
болезни	4997082
выиду	4997081
донна	4997080
мари	4997079
привело	4997078
приняли	4997077
заново	4997076
приходи	4997075
зло	4997074
оружием	4997073
продал	4997072
обнаружил	4997071
взгляните	4997070
поделать	4997069
встречался	4997068
управление	4997067
арестовали	4997066
украли	4997065
уме	4997064
выстрел	4997063
круг	4997062
наблюдать	4997061
джеки	4997060
близки	4997059
пытаясь	4997058
элисон	4997057
отвратительно	4997056
поехал	4997055
норме	4997054
стоят	4997053
пальцев	4997052
полном	4997051
выглядят	4997050
саимон	4997049
следов	4997048
крутои	4997047
бывают	4997046
вышли	4997045
создал	4997044
ужасное	4997043
зал	4997042
псих	4997041
исследования	4997040
джонс	4997039
говорится	4997038
животное	4997037
верит	4997036
сделка	4997035
живым	4997034
мистеру	4997033
форму	4997032
наружу	4997031
оказались	4997030
поисках	4997029
дочерью	4997028
силои	4997027
покончить	4997026
стену	4997025
неожиданно	4997024
умерли	4997023
разум	4997022
бутылку	4997021
ответь	4997020
закончила	4997019
роуз	4997018
объясняет	4997017
цена	4997016
стэн	4997015
н	4997014
джесс	4997013
ранен	4997012
терри	4997011
ходят	4997010
фу	4997009
зале	4997008
отдам	4997007
появились	4997006
счастья	4997005
уиди	4997004
искали	4997003
маленькую	4997002
ждали	4997001
пьян	4997000
сперва	4996999
тим	4996998
кэролаин	4996997
группе	4996996
свидетелеи	4996995
собрался	4996994
армия	4996993
снимать	4996992
своя	4996991
позвоните	4996990
красавица	4996989
мо	4996988
охрана	4996987
добиться	4996986
писал	4996985
прибыли	4996984
отоидите	4996983
for	4996982
осторожен	4996981
жарко	4996980
закончим	4996979
открываи	4996978
агента	4996977
голоден	4996976
ищут	4996975
безусловно	4996974
отправиться	4996973
используют	4996972
останься	4996971
волнуюсь	4996970
управления	4996969
поиски	4996968
товарищ	4996967
футбол	4996966
хелен	4996965
замечательныи	4996964
столом	4996963
направо	4996962
плачу	4996961
your	4996960
борту	4996959
бесплатно	4996958
лицу	4996957
похороны	4996956
квартиры	4996955
попрошу	4996954
удобно	4996953
куплю	4996952
сцену	4996951
книге	4996950
участие	4996949
постараися	4996948
важныи	4996947
клуба	4996946
виктор	4996945
автомобиль	4996944
америки	4996943
возьмем	4996942
д	4996941
настоящим	4996940
свадьбе	4996939
возраста	4996938
выбрала	4996937
устроиство	4996936
служба	4996935
пожар	4996934
каждому	4996933
блять	4996932
бросаи	4996931
тупои	4996930
поработать	4996929
молоко	4996928
дорогуша	4996927
недалеко	4996926
выбирать	4996925
вскоре	4996924
привел	4996923
дождаться	4996922
превосходно	4996921
произоити	4996920
папы	4996919
упала	4996918
объясню	4996917
миром	4996916
разговаривали	4996915
единственным	4996914
приходят	4996913
получим	4996912
справишься	4996911
туфли	4996910
женаты	4996909
уильям	4996908
участвовать	4996907
надоело	4996906
искала	4996905
поидемте	4996904
сыграть	4996903
занятия	4996902
англии	4996901
модель	4996900
выхода	4996899
тратить	4996898
взрыв	4996897
смотрела	4996896
пирог	4996895
платят	4996894
командир	4996893
определить	4996892
вырос	4996891
подозреваемыи	4996890
беспокоюсь	4996889
большее	4996888
наблюдения	4996887
беспокоитесь	4996886
входите	4996885
общества	4996884
вел	4996883
нога	4996882
сними	4996881
второго	4996880
самую	4996879
степени	4996878
мастер	4996877
карта	4996876
вспомнил	4996875
хранить	4996874
сети	4996873
преступник	4996872
сумасшедшая	4996871
последним	4996870
следующее	4996869
уберите	4996868
газеты	4996867
роджер	4996866
радость	4996865
продолжить	4996864
секунды	4996863
лорд	4996862
наидет	4996861
ходила	4996860
сплю	4996859
добавить	4996858
магазина	4996857
предпочитаю	4996856
посмотрел	4996855
корабле	4996854
собак	4996853
рождества	4996852
контакт	4996851
папе	4996850
re	4996849
расстались	4996848
приступ	4996847
джеими	4996846
дружок	4996845
последнего	4996844
штат	4996843
роде	4996842
принимаю	4996841
планете	4996840
смотрели	4996839
л	4996838
доставить	4996837
заказ	4996836
напал	4996835
маленьким	4996834
сбежала	4996833
теле	4996832
играли	4996831
понравился	4996830
торт	4996829
родителями	4996828
благодарен	4996827
чаще	4996826
контроля	4996825
дыхание	4996824
приняла	4996823
устраивает	4996822
дар	4996821
настроение	4996820
пары	4996819
нападение	4996818
причинои	4996817
no	4996816
держитесь	4996815
париже	4996814
установить	4996813
банка	4996812
оставаитесь	4996811
общаться	4996810
сыну	4996809
закона	4996808
лоис	4996807
пациентов	4996806
родителям	4996805
отправили	4996804
продолжим	4996803
выбрали	4996802
убираитесь	4996801
хорошенько	4996800
милорд	4996799
сошел	4996798
границы	4996797
некуда	4996796
ходили	4996795
смотрят	4996794
острове	4996793
восторге	4996792
цену	4996791
летом	4996790
заставила	4996789
ен	4996788
верни	4996787
нравлюсь	4996786
надежды	4996785
далее	4996784
обмен	4996783
враг	4996782
принято	4996781
поля	4996780
повторяю	4996779
носит	4996778
просит	4996777
патрик	4996776
пари	4996775
пугает	4996774
оливия	4996773
талант	4996772
сердцем	4996771
помогли	4996770
борт	4996769
отстань	4996768
хрен	4996767
подарки	4996766
се	4996765
ворота	4996764
таилер	4996763
рои	4996762
лечение	4996761
одиночестве	4996760
разговоры	4996759
увидим	4996758
ждем	4996757
доказательство	4996756
уходишь	4996755
счастливого	4996754
звонили	4996753
шею	4996752
положении	4996751
глупости	4996750
угол	4996749
постоите	4996748
здании	4996747
фотографию	4996746
луис	4996745
пользоваться	4996744
пытаться	4996743
уверяю	4996742
точка	4996741
ложись	4996740
шансов	4996739
видим	4996738
плана	4996737
способности	4996736
продавать	4996735
исключением	4996734
оставим	4996733
роза	4996732
число	4996731
мусор	4996730
штуки	4996729
женился	4996728
папу	4996727
нанял	4996726
помнить	4996725
лучшеи	4996724
выглядите	4996723
странные	4996722
водитель	4996721
кэрол	4996720
ужасная	4996719
собрание	4996718
обязаны	4996717
елена	4996716
пальто	4996715
солнца	4996714
фактически	4996713
прекрасна	4996712
отличное	4996711
сок	4996710
расти	4996709
выглядел	4996708
миллионы	4996707
обеда	4996706
проверьте	4996705
хлеб	4996704
судить	4996703
фамилия	4996702
кэрри	4996701
заплачу	4996700
четверг	4996699
арестовать	4996698
дверью	4996697
счастливым	4996696
кричать	4996695
лестнице	4996694
ээ	4996693
скрывать	4996692
новостеи	4996691
века	4996690
ми	4996689
положил	4996688
эшли	4996687
следовать	4996686
эд	4996685
стиле	4996684
поддержки	4996683
фургон	4996682
сью	4996681
коп	4996680
эпизод	4996679
ею	4996678
танец	4996677
причину	4996676
пример	4996675
теория	4996674
системе	4996673
воздуха	4996672
процентов	4996671
подняться	4996670
концерт	4996669
словам	4996668
маленьких	4996667
планеты	4996666
образ	4996665
задача	4996664
расстроен	4996663
вирус	4996662
духе	4996661
раны	4996660
сознание	4996659
эрика	4996658
смех	4996657
собственного	4996656
правил	4996655
началась	4996654
почувствовал	4996653
программа	4996652
относится	4996651
нуждается	4996650
пропустить	4996649
провожу	4996648
субтитры	4996647
защиту	4996646
завести	4996645
верну	4996644
глупая	4996643
столик	4996642
вины	4996641
напали	4996640
сделаете	4996639
погибли	4996638
маленького	4996637
пуля	4996636
умираю	4996635
оставлять	4996634
послать	4996633
связан	4996632
звезды	4996631
каков	4996630
хуи	4996629
базе	4996628
спросите	4996627
силах	4996626
воде	4996625
младшии	4996624
винсент	4996623
прислал	4996622
месяце	4996621
полицеиские	4996620
повод	4996619
собственную	4996618
джулия	4996617
нравиться	4996616
пациента	4996615
углу	4996614
задница	4996613
появляется	4996612
тома	4996611
увидеться	4996610
стрелял	4996609
наркотиков	4996608
слушаешь	4996607
минуточку	4996606
лондоне	4996605
настоящего	4996604
отвечаи	4996603
was	4996602
разрушить	4996601
понравилась	4996600
живы	4996599
пули	4996598
договор	4996597
названием	4996596
самоубииство	4996595
захотите	4996594
е	4996593
боялась	4996592
стреляи	4996591
одежды	4996590
делами	4996589
приглашение	4996588
изо	4996587
покупать	4996586
опасность	4996585
джули	4996584
очереди	4996583
машин	4996582
дорого	4996581
ногами	4996580
старого	4996579
безопасно	4996578
ошибся	4996577
лорен	4996576
танцы	4996575
услугу	4996574
возражаете	4996573
неделя	4996572
ответа	4996571
защита	4996570
позволит	4996569
заметить	4996568
барни	4996567
спрашиваешь	4996566
доволен	4996565
навестить	4996564
живот	4996563
успел	4996562
дьявол	4996561
деньгах	4996560
устроил	4996559
уволили	4996558
шанса	4996557
странным	4996556
скорую	4996555
кармане	4996554
чья	4996553
хлоя	4996552
творится	4996551
освободить	4996550
точку	4996549
этаж	4996548
злишься	4996547
задницы	4996546
разговора	4996545
события	4996544
бить	4996543
мак	4996542
подумаите	4996541
владелец	4996540
эиприл	4996539
перестал	4996538
обоим	4996537
ем	4996536
приготовить	4996535
глупыи	4996534
суп	4996533
будучи	4996532
рикки	4996531
сделают	4996530
почувствовать	4996529
редко	4996528
встречалась	4996527
забуду	4996526
следи	4996525
свободе	4996524
l	4996523
фотография	4996522
исчезла	4996521
небольшое	4996520
камер	4996519
начале	4996518
подоити	4996517
ааа	4996516
доверие	4996515
заднице	4996514
ел	4996513
целая	4996512
зак	4996511
протяжении	4996510
неа	4996509
свободны	4996508
смеяться	4996507
страха	4996506
слева	4996505
принимает	4996504
тридцать	4996503
общество	4996502
кусочек	4996501
джексон	4996500
подожду	4996499
половинои	4996498
проверим	4996497
лгать	4996496
надеялась	4996495
находятся	4996494
вреда	4996493
наказание	4996492
закончу	4996491
пулю	4996490
держал	4996489
едешь	4996488
сцене	4996487
большего	4996486
замолчи	4996485
поддерживать	4996484
сьюзан	4996483
поедешь	4996482
oн	4996481
расстроена	4996480
тысячу	4996479
сестре	4996478
членов	4996477
мадемуазель	4996476
прошлым	4996475
снял	4996474
безопасность	4996473
нехорошо	4996472
представляете	4996471
фильмы	4996470
джоан	4996469
событии	4996468
маргарет	4996467
журнал	4996466
дэниел	4996465
уроки	4996464
газ	4996463
веди	4996462
личности	4996461
выидешь	4996460
поверил	4996459
настоящеи	4996458
области	4996457
годами	4996456
поцеловать	4996455
подряд	4996454
маика	4996453
вера	4996452
больших	4996451
странная	4996450
прибыл	4996449
безумно	4996448
опусти	4996447
полгода	4996446
позволяет	4996445
санта	4996444
вход	4996443
показывает	4996442
высочество	4996441
хан	4996440
дадим	4996439
возможное	4996438
деиствует	4996437
должность	4996436
машинои	4996435
съел	4996434
all	4996433
читала	4996432
вторник	4996431
программы	4996430
проснулся	4996429
старых	4996428
успех	4996427
любили	4996426
картину	4996425
службу	4996424
вдвоем	4996423
покажите	4996422
раион	4996421
касл	4996420
остановите	4996419
аманда	4996418
прокурор	4996417
заработать	4996416
молчать	4996415
классныи	4996414
спенсер	4996413
смит	4996412
дерек	4996411
больна	4996410
солдаты	4996409
офиса	4996408
попробуите	4996407
поближе	4996406
мер	4996405
высоко	4996404
урод	4996403
территории	4996402
обещание	4996401
играют	4996400
бюро	4996399
поими	4996398
этаже	4996397
лесли	4996396
захочу	4996395
меняет	4996394
дю	4996393
with	4996392
долгое	4996391
спрошу	4996390
сценарии	4996389
виновен	4996388
вынужден	4996387
движения	4996386
друзьям	4996385
шевелись	4996384
пеи	4996383
десяти	4996382
приятного	4996381
обращаться	4996380
дне	4996379
пакет	4996378
береги	4996377
услышала	4996376
стиль	4996375
поспать	4996374
народа	4996373
переехать	4996372
пост	4996371
be	4996370
росс	4996369
живем	4996368
согласилась	4996367
звать	4996366
следующие	4996365
хватило	4996364
начнется	4996363
речи	4996362
отвезу	4996361
продолжает	4996360
сеть	4996359
ведешь	4996358
изменится	4996357
нету	4996356
шутки	4996355
отеля	4996354
правительства	4996353
становятся	4996352
тени	4996351
прекрасное	4996350
наидете	4996349
верил	4996348
поблизости	4996347
занимаетесь	4996346
делам	4996345
свободы	4996344
дыши	4996343
образец	4996342
стоишь	4996341
тедди	4996340
звонков	4996339
поступила	4996338
принесли	4996337
отличие	4996336
by	4996335
лжи	4996334
рассказывала	4996333
умная	4996332
b	4996331
замечательная	4996330
станут	4996329
призрак	4996328
переговоры	4996327
каил	4996326
настроении	4996325
июи	4996324
хватало	4996323
подать	4996322
обсудим	4996321
справа	4996320
начинают	4996319
хо	4996318
попрощаться	4996317
искусство	4996316
правды	4996315
уидет	4996314
передаите	4996313
проблемои	4996312
поддержку	4996311
позволите	4996310
фрэнки	4996309
средства	4996308
блэр	4996307
фред	4996306
направлении	4996305
know	4996304
сильная	4996303
научился	4996302
приходилось	4996301
остановились	4996300
ибо	4996299
ребекка	4996298
победа	4996297
печально	4996296
счастливо	4996295
придешь	4996294
пригласили	4996293
пью	4996292
зашел	4996291
итан	4996290
фредди	4996289
давал	4996288
толку	4996287
точнее	4996286
бомбу	4996285
кожа	4996284
изменил	4996283
джека	4996282
аварии	4996281
предстоит	4996280
следующая	4996279
период	4996278
подвале	4996277
раи	4996276
жертвои	4996275
делах	4996274
убииств	4996273
остановился	4996272
карьеру	4996271
справедливо	4996270
невеста	4996269
поступать	4996268
напарник	4996267
парнями	4996266
армию	4996265
зеркало	4996264
отличные	4996263
идею	4996262
заканчивается	4996261
относительно	4996260
копов	4996259
банке	4996258
встречается	4996257
ум	4996256
самим	4996255
женщинами	4996254
имели	4996253
сан	4996252
выпил	4996251
врачи	4996250
вред	4996249
горе	4996248
наркотиками	4996247
смотря	4996246
рэичел	4996245
приходите	4996244
р	4996243
поимешь	4996242
слышно	4996241
построить	4996240
получать	4996239
концу	4996238
новом	4996237
товар	4996236
летать	4996235
рон	4996234
занималась	4996233
сознания	4996232
вызвал	4996231
менеджер	4996230
правилам	4996229
наиболее	4996228
шел	4996227
соседи	4996226
расслабиться	4996225
маркус	4996224
последствия	4996223
нахуи	4996222
полную	4996221
ужасные	4996220
tы	4996219
уровне	4996218
сути	4996217
спасла	4996216
сошла	4996215
выражение	4996214
скрыть	4996213
рюи	4996212
левои	4996211
кристина	4996210
чудовище	4996209
лу	4996208
заранее	4996207
подоидет	4996206
скажут	4996205
бет	4996204
дура	4996203
тошнит	4996202
подарил	4996201
сижу	4996200
любопытно	4996199
сломал	4996198
подруги	4996197
ненавидишь	4996196
президентом	4996195
забываи	4996194
купили	4996193
записку	4996192
уважения	4996191
обещала	4996190
существо	4996189
ресторане	4996188
партнер	4996187
кожи	4996186
навредить	4996185
паркер	4996184
проверили	4996183
выпеи	4996182
веду	4996181
родилась	4996180
заставили	4996179
so	4996178
сегодняшнего	4996177
лодку	4996176
результате	4996175
стакан	4996174
прочитать	4996173
научил	4996172
пережить	4996171
красавчик	4996170
поиму	4996169
расследования	4996168
счастливыи	4996167
учителя	4996166
добры	4996165
лучшему	4996164
размер	4996163
колледжа	4996162
интересное	4996161
ограбление	4996160
линда	4996159
подписать	4996158
каждые	4996157
назвали	4996156
охраны	4996155
крошка	4996154
признание	4996153
любые	4996152
красота	4996151
победил	4996150
уровня	4996149
сделки	4996148
белого	4996147
прочим	4996146
статью	4996145
мешок	4996144
зои	4996143
лошади	4996142
аэропорт	4996141
округе	4996140
сосед	4996139
представьте	4996138
способны	4996137
ставки	4996136
университет	4996135
почту	4996134
просили	4996133
ведьма	4996132
прелесть	4996131
масло	4996130
жопу	4996129
приеду	4996128
останови	4996127
классная	4996126
факты	4996125
умирают	4996124
полицеиского	4996123
луи	4996122
выходите	4996121
городу	4996120
главным	4996119
острова	4996118
пил	4996117
помнит	4996116
нa	4996115
остановитесь	4996114
меры	4996113
вернутся	4996112
рыба	4996111
not	4996110
жалко	4996109
линию	4996108
восстановить	4996107
лора	4996106
форма	4996105
интерес	4996104
яд	4996103
интернете	4996102
видят	4996101
приму	4996100
лабораторию	4996099
подтвердить	4996098
служить	4996097
бывшая	4996096
попытался	4996095
угроза	4996094
испортил	4996093
улик	4996092
засранец	4996091
бетти	4996090
вашингтон	4996089
вправду	4996088
коробку	4996087
позиции	4996086
последних	4996085
существуют	4996084
показаться	4996083
шла	4996082
прокурора	4996081
джордан	4996080
ножом	4996079
купер	4996078
микки	4996077
нэнси	4996076
забрала	4996075
поделиться	4996074
бум	4996073
сэмми	4996072
хожу	4996071
проснись	4996070
лежать	4996069
спрашивает	4996068
русские	4996067
уезжаю	4996066
громко	4996065
пораньше	4996064
кристин	4996063
разговариваю	4996062
белые	4996061
учился	4996060
одри	4996059
шести	4996058
личные	4996057
сеньор	4996056
отправился	4996055
предполагаю	4996054
запомни	4996053
вашими	4996052
падает	4996051
заполучить	4996050
маикла	4996049
правильныи	4996048
прикрытием	4996047
грант	4996046
винить	4996045
мужу	4996044
поездка	4996043
искусства	4996042
детства	4996041
слушает	4996040
помогал	4996039
судьбу	4996038
занимаются	4996037
обсуждали	4996036
считается	4996035
can	4996034
отследить	4996033
происходило	4996032
встречал	4996031
открою	4996030
окажется	4996029
подними	4996028
америка	4996027
встречаюсь	4996026
взрыва	4996025
повторять	4996024
напомнить	4996023
лиз	4996022
ведут	4996021
don	4996020
изменилась	4996019
have	4996018
больнои	4996017
do	4996016
сад	4996015
лме	4996014
поговорил	4996013
ева	4996012
лодке	4996011
сумму	4996010
проверка	4996009
местечко	4996008
поспорить	4996007
поехала	4996006
проваливаи	4996005
пляже	4996004
метро	4996003
перестаньте	4996002
отсутствие	4996001
пешком	4996000
передо	4995999
брюс	4995998
пригласила	4995997
вор	4995996
узнаете	4995995
придти	4995994
гордон	4995993
казино	4995992
тема	4995991
скорости	4995990
стрит	4995989
изменения	4995988
губы	4995987
боятся	4995986
девочкои	4995985
осторожнеи	4995984
пуаро	4995983
вес	4995982
известныи	4995981
гость	4995980
бедная	4995979
менять	4995978
нравился	4995977
закончилась	4995976
рыбу	4995975
непросто	4995974
бонни	4995973
курить	4995972
остальным	4995971
получаю	4995970
угадаи	4995969
издеваешься	4995968
пишу	4995967
отменить	4995966
теилор	4995965
обратиться	4995964
свинья	4995963
врагов	4995962
послание	4995961
ждешь	4995960
желает	4995959
базу	4995958
америку	4995957
влюблен	4995956
оскар	4995955
важная	4995954
убивают	4995953
стоить	4995952
шоссе	4995951
ест	4995950
картины	4995949
позволила	4995948
дорогие	4995947
стюарт	4995946
шутите	4995945
помогут	4995944
благодарения	4995943
доброго	4995942
убежать	4995941
встречаемся	4995940
времен	4995939
директора	4995938
сложнее	4995937
играем	4995936
расскажет	4995935
застрял	4995934
сволочь	4995933
такова	4995932
плане	4995931
север	4995930
мальчиков	4995929
ян	4995928
деиствии	4995927
высокии	4995926
чеи	4995925
способом	4995924
саду	4995923
карлос	4995922
стреляли	4995921
снимаи	4995920
мечтал	4995919
сообщили	4995918
проиграл	4995917
реки	4995916
первых	4995915
стою	4995914
мальчиком	4995913
мотив	4995912
умрешь	4995911
причинить	4995910
добра	4995909
телом	4995908
сиди	4995907
бизнеса	4995906
привела	4995905
отдала	4995904
нечестно	4995903
являются	4995902
огня	4995901
спальне	4995900
пэм	4995899
полицеиских	4995898
снимки	4995897
брал	4995896
езжаи	4995895
вали	4995894
эээ	4995893
лемъ	4995892
вероятность	4995891
ожидала	4995890
монстр	4995889
фигня	4995888
ошибаешься	4995887
способна	4995886
повторить	4995885
сэма	4995884
народу	4995883
огромная	4995882
уехали	4995881
but	4995880
печенье	4995879
переити	4995878
привезли	4995877
адвокатом	4995876
зол	4995875
министр	4995874
подобные	4995873
мнению	4995872
кухню	4995871
побыстрее	4995870
научить	4995869
главная	4995868
хеили	4995867
успеха	4995866
гиббс	4995865
учить	4995864
джессика	4995863
использовала	4995862
братьев	4995861
вторую	4995860
станем	4995859
just	4995858
мороженое	4995857
справимся	4995856
службе	4995855
заднем	4995854
вещами	4995853
совершить	4995852
трогать	4995851
нарушение	4995850
звонка	4995849
oh	4995848
начинаешь	4995847
туалете	4995846
скорои	4995845
воздухе	4995844
сиськи	4995843
мешать	4995842
какова	4995841
подери	4995840
выходных	4995839
камере	4995838
помешает	4995837
спорить	4995836
назвала	4995835
отомстить	4995834
ответила	4995833
спасли	4995832
специальныи	4995831
маиами	4995830
угрозу	4995829
сыр	4995828
возвращаюсь	4995827
отправила	4995826
удержать	4995825
передам	4995824
входит	4995823
сорок	4995822
ездить	4995821
животные	4995820
горит	4995819
задавать	4995818
встал	4995817
маленькое	4995816
следующего	4995815
попозже	4995814
путем	4995813
брака	4995812
пацан	4995811
состоит	4995810
пытаетесь	4995809
ночам	4995808
реис	4995807
заменить	4995806
зомби	4995805
взрослыи	4995804
хороши	4995803
закрыто	4995802
согласиться	4995801
удивлен	4995800
случая	4995799
героем	4995798
винс	4995797
материал	4995796
реальность	4995795
бут	4995794
рубашку	4995793
ботинки	4995792
залог	4995791
разговаривает	4995790
поживаете	4995789
потратил	4995788
соглашение	4995787
подругои	4995786
трус	4995785
чая	4995784
всє	4995783
местом	4995782
художник	4995781
комиссар	4995780
сидишь	4995779
тост	4995778
конкретно	4995777
миссия	4995776
изменит	4995775
брату	4995774
сенатор	4995773
угадаю	4995772
любая	4995771
снег	4995770
выжил	4995769
лукас	4995768
разницы	4995767
развод	4995766
берегу	4995765
свободна	4995764
беи	4995763
бомбы	4995762
украла	4995761
привлечь	4995760
приведет	4995759
свобода	4995758
рассказали	4995757
уважение	4995756
меняется	4995755
поможете	4995754
кит	4995753
мост	4995752
забери	4995751
правои	4995750
выступление	4995749
священник	4995748
разок	4995747
кровотечение	4995746
одиноко	4995745
члены	4995744
отношению	4995743
тревога	4995742
показывают	4995741
автор	4995740
обязана	4995739
плачет	4995738
понимал	4995737
судьбы	4995736
музыки	4995735
дженна	4995734
рассказываи	4995733
объект	4995732
взамен	4995731
бросили	4995730
сторона	4995729
крышу	4995728
камни	4995727
помогло	4995726
чжин	4995725
автобусе	4995724
шли	4995723
красивое	4995722
спине	4995721
смеется	4995720
убиицеи	4995719
беспокоиство	4995718
номере	4995717
болтать	4995716
обычная	4995715
хвост	4995714
свидетеля	4995713
уволить	4995712
белье	4995711
убежище	4995710
луна	4995709
браун	4995708
тина	4995707
температура	4995706
считаем	4995705
возвращения	4995704
поездки	4995703
правдои	4995702
похитили	4995701
агенты	4995700
миледи	4995699
лемон	4995698
осторожны	4995697
энергию	4995696
берет	4995695
молодая	4995694
организации	4995693
поддержать	4995692
возражаешь	4995691
аду	4995690
стола	4995689
визит	4995688
участке	4995687
включить	4995686
опасен	4995685
приближается	4995684
нью	4995683
четырех	4995682
обстоятельства	4995681
входи	4995680
чувств	4995679
порои	4995678
канал	4995677
предположить	4995676
признаю	4995675
поторопись	4995674
неудобно	4995673
личныи	4995672
ам	4995671
вопросом	4995670
продолжается	4995669
троих	4995668
сдать	4995667
ждите	4995666
старался	4995665
борьбе	4995664
уилсон	4995663
чтож	4995662
советую	4995661
красивои	4995660
возвращаитесь	4995659
крик	4995658
проходи	4995657
y	4995656
удача	4995655
искренне	4995654
гэри	4995653
лидер	4995652
влюблена	4995651
испугался	4995650
километров	4995649
впечатляет	4995648
жутко	4995647
деревне	4995646
самостоятельно	4995645
набор	4995644
арест	4995643
идиоты	4995642
николь	4995641
опухоль	4995640
леонард	4995639
злои	4995638
картина	4995637
подумаю	4995636
радости	4995635
греи	4995634
объяснение	4995633
бесполезно	4995632
эдриан	4995631
звуки	4995630
подходящее	4995629
подпись	4995628
собственные	4995627
говард	4995626
мешает	4995625
сообщил	4995624
лана	4995623
течении	4995622
лошадеи	4995621
поиск	4995620
ищете	4995619
вызову	4995618
оборудование	4995617
заказать	4995616
заказал	4995615
поверишь	4995614
предложения	4995613
сосредоточиться	4995612
джонсон	4995611
жестоко	4995610
дэив	4995609
ногах	4995608
парочку	4995607
слушал	4995606
притворяться	4995605
глупость	4995604
беда	4995603
глубже	4995602
границу	4995601
победу	4995600
лори	4995599
какими	4995598
влюбился	4995597
книг	4995596
попался	4995595
слышит	4995594
умнее	4995593
нормальныи	4995592
справится	4995591
зашла	4995590
присаживаитесь	4995589
приказы	4995588
милые	4995587
обувь	4995586
гм	4995585
стекло	4995584
главного	4995583
дед	4995582
темноте	4995581
ужина	4995580
ночнои	4995579
останемся	4995578
карла	4995577
чаю	4995576
кузен	4995575
приходила	4995574
прямои	4995573
нести	4995572
миллер	4995571
реакция	4995570
джорджа	4995569
большеи	4995568
разговаривала	4995567
собственность	4995566
стул	4995565
линия	4995564
проводит	4995563
платит	4995562
горячая	4995561
охрану	4995560
эх	4995559
натворил	4995558
университете	4995557
мередит	4995556
парочка	4995555
пиццу	4995554
вошел	4995553
пятьдесят	4995552
испортить	4995551
попросили	4995550
запрещено	4995549
малыша	4995548
морскои	4995547
джоуи	4995546
трудом	4995545
пусти	4995544
характер	4995543
выполнять	4995542
арестованы	4995541
скучал	4995540
позор	4995539
берите	4995538
вида	4995537
ванну	4995536
привык	4995535
поздравления	4995534
джастин	4995533
важна	4995532
желаете	4995531
теории	4995530
джен	4995529
беспокоить	4995528
отце	4995527
плану	4995526
обид	4995525
шее	4995524
потише	4995523
are	4995522
пустои	4995521
стефан	4995520
партии	4995519
моменты	4995518
дневник	4995517
принесите	4995516
дадут	4995515
никки	4995514
штатов	4995513
вечность	4995512
погода	4995511
би	4995510
понимают	4995509
звоните	4995508
понимаем	4995507
сходи	4995506
неизвестно	4995505
начнут	4995504
занимаемся	4995503
тень	4995502
линдси	4995501
остаток	4995500
выразить	4995499
отделение	4995498
кресло	4995497
братан	4995496
берегись	4995495
целых	4995494
эл	4995493
чо	4995492
исследование	4995491
используя	4995490
херня	4995489
дрю	4995488
сидела	4995487
офицера	4995486
гас	4995485
тепло	4995484
замке	4995483
птица	4995482
использую	4995481
играла	4995480
бегать	4995479
спокоиствие	4995478
неприятно	4995477
потери	4995476
установили	4995475
вернул	4995474
интернет	4995473
домик	4995472
хеи	4995471
четверо	4995470
считаи	4995469
костюме	4995468
сли	4995467
денни	4995466
выиграли	4995465
двигатель	4995464
крыше	4995463
раили	4995462
эдвард	4995461
ошибкои	4995460
заплатили	4995459
нина	4995458
помимо	4995457
исчезнуть	4995456
босса	4995455
прекрасные	4995454
выходнои	4995453
долю	4995452
опаздываю	4995451
почувствовала	4995450
страсть	4995449
градусов	4995448
враги	4995447
отряд	4995446
послали	4995445
покои	4995444
ставлю	4995443
ожидать	4995442
пульс	4995441
называли	4995440
грубо	4995439
недолго	4995438
пускаи	4995437
заставило	4995436
выхожу	4995435
рим	4995434
показывать	4995433
дем	4995432
ричи	4995431
врага	4995430
приказал	4995429
нм	4995428
театр	4995427
рид	4995426
наоми	4995425
ка	4995424
гнев	4995423
кенни	4995422
клетки	4995421
приятныи	4995420
полезно	4995419
сна	4995418
творишь	4995417
единственнои	4995416
кончится	4995415
здоров	4995414
нанять	4995413
вывести	4995412
списка	4995411
успокоиться	4995410
веру	4995409
дочка	4995408
плачь	4995407
оуэн	4995406
сел	4995405
дама	4995404
позволишь	4995403
ставить	4995402
конечном	4995401
днях	4995400
клаус	4995399
разговоров	4995398
используи	4995397
пальцем	4995396
такому	4995395
всяких	4995394
встань	4995393
починить	4995392
терпение	4995391
наидется	4995390
натали	4995389
эмоции	4995388
симпатичныи	4995387
футов	4995386
прочитал	4995385
пропали	4995384
ноль	4995383
пространство	4995382
объяснять	4995381
сильным	4995380
позвать	4995379
надежду	4995378
марш	4995377
важные	4995376
благодарна	4995375
жен	4995374
умно	4995373
get	4995372
событие	4995371
таков	4995370
выполнить	4995369
обязанности	4995368
уважаю	4995367
программе	4995366
сменить	4995365
брук	4995364
эксперт	4995363
кнопку	4995362
возвращением	4995361
бал	4995360
крепко	4995359
шампанское	4995358
км	4995357
ненавидеть	4995356
разрешите	4995355
игрок	4995354
рассчитывать	4995353
спасать	4995352
роз	4995351
кричит	4995350
кеи	4995349
клиенты	4995348
воняет	4995347
прими	4995346
моря	4995345
устроим	4995344
капли	4995343
начнет	4995342
поворот	4995341
лагере	4995340
втором	4995339
диск	4995338
убита	4995337
верится	4995336
законы	4995335
природы	4995334
полон	4995333
мн	4995332
диване	4995331
допустить	4995330
эффект	4995329
предал	4995328
чемодан	4995327
нетерпением	4995326
языке	4995325
энтони	4995324
тишина	4995323
врачу	4995322
планету	4995321
следил	4995320
вьi	4995319
ио	4995318
поимет	4995317
обстоятельствах	4995316
юг	4995315
трусы	4995314
изнутри	4995313
бывшеи	4995312
выясним	4995311
пропустила	4995310
отделе	4995309
тщательно	4995308
хранилище	4995307
магия	4995306
рынок	4995305
англиискии	4995304
согласились	4995303
удивлена	4995302
небе	4995301
холли	4995300
расходы	4995299
следующим	4995298
рэнди	4995297
увидят	4995296
средств	4995295
детектива	4995294
пирс	4995293
утверждает	4995292
молодых	4995291
стреляите	4995290
невиновен	4995289
взрослые	4995288
извиняться	4995287
коем	4995286
луиза	4995285
вела	4995284
питера	4995283
золотои	4995282
клара	4995281
даг	4995280
студии	4995279
смириться	4995278
личного	4995277
личнои	4995276
водить	4995275
покинул	4995274
боги	4995273
болван	4995272
позицию	4995271
посадить	4995270
марко	4995269
делается	4995268
опыта	4995267
пробовал	4995266
поживаешь	4995265
плохих	4995264
out	4995263
минутка	4995262
настоящую	4995261
приговор	4995260
дышит	4995259
янг	4995258
джонатан	4995257
жених	4995256
борьбы	4995255
груз	4995254
называешь	4995253
формы	4995252
лекс	4995251
поставь	4995250
сигареты	4995249
наполовину	4995248
ин	4995247
меню	4995246
нахожу	4995245
лиам	4995244
выглядела	4995243
ходишь	4995242
паспорт	4995241
читаю	4995240
вызвали	4995239
г	4995238
кольца	4995237
ухо	4995236
up	4995235
просим	4995234
мэи	4995233
диана	4995232
передал	4995231
переехал	4995230
записать	4995229
средство	4995228
месть	4995227
солнышко	4995226
эли	4995225
досье	4995224
пределами	4995223
отказалась	4995222
способность	4995221
всякие	4995220
александр	4995219
меган	4995218
достану	4995217
прятаться	4995216
удовольствия	4995215
мэтью	4995214
медсестра	4995213
голубои	4995212
бассеин	4995211
чести	4995210
поднимаися	4995209
длинныи	4995208
присядь	4995207
бабушки	4995206
джеффри	4995205
поидут	4995204
условиях	4995203
чжу	4995202
ищите	4995201
молод	4995200
сегодняшнии	4995199
проснулась	4995198
крики	4995197
трюк	4995196
мэтти	4995195
виктория	4995194
горячии	4995193
мудак	4995192
членом	4995191
шкафу	4995190
страдать	4995189
тв	4995188
хаус	4995187
иск	4995186
старую	4995185
заставит	4995184
приготовила	4995183
знаи	4995182
помогаю	4995181
задумал	4995180
знакомо	4995179
особенное	4995178
бросьте	4995177
центра	4995176
справился	4995175
бегите	4995174
духа	4995173
поговорили	4995172
гордиться	4995171
таина	4995170
обеих	4995169
рынке	4995168
дафни	4995167
алисия	4995166
филипп	4995165
командои	4995164
старым	4995163
небеса	4995162
ударить	4995161
пострадал	4995160
всяком	4995159
руль	4995158
сомнении	4995157
пушку	4995156
открыто	4995155
коул	4995154
поезда	4995153
подозреваемого	4995152
кни	4995151
заслуживаешь	4995150
юн	4995149
получаешь	4995148
восхитительно	4995147
американцы	4995146
сердцу	4995145
спрашивала	4995144
темно	4995143
мертвых	4995142
принца	4995141
строить	4995140
американскии	4995139
салат	4995138
грязные	4995137
соити	4995136
бш	4995135
спятил	4995134
усилия	4995133
повесить	4995132
разберемся	4995131
местные	4995130
таины	4995129
долгии	4995128
мин	4995127
грех	4995126
смс	4995125
надень	4995124
заодно	4995123
используем	4995122
лодка	4995121
присутствие	4995120
потеря	4995119
бедняжка	4995118
тяжелыи	4995117
грязи	4995116
джеимса	4995115
шелдон	4995114
ћне	4995113
показали	4995112
прекраснои	4995111
парои	4995110
захотела	4995109
марка	4995108
кан	4995107
насилия	4995106
игр	4995105
агентов	4995104
ублюдки	4995103
новостях	4995102
спуститься	4995101
многим	4995100
воли	4995099
уидешь	4995098
таки	4995097
убраться	4995096
приносит	4995095
бегом	4995094
мяса	4995093
доверяешь	4995092
выстрелил	4995091
монро	4995090
напугал	4995089
тюрьма	4995088
сны	4995087
сравнению	4995086
наделал	4995085
блюдо	4995084
исчезли	4995083
числа	4995082
южнои	4995081
идемте	4995080
купи	4995079
сид	4995078
лш	4995077
наличными	4995076
бывало	4995075
маия	4995074
браке	4995073
газете	4995072
выросла	4995071
уезжать	4995070
худшее	4995069
верят	4995068
движется	4995067
предупреждаю	4995066
возраст	4995065
советник	4995064
прогуляться	4995063
гарольд	4995062
предупреждение	4995061
повидаться	4995060
познакомился	4995059
присесть	4995058
неприятностеи	4995057
режиссер	4995056
эфире	4995055
собственно	4995054
начиная	4995053
e	4995052
there	4995051
арестован	4995050
роднои	4995049
кинг	4995048
уходят	4995047
тодд	4995046
напишу	4995045
реальности	4995044
нервы	4995043
идеальныи	4995042
сняли	4995041
норман	4995040
процессе	4995039
женщинам	4995038
несправедливо	4995037
удара	4995036
поужинать	4995035
океан	4995034
вытащил	4995033
уладить	4995032
коннор	4995031
летит	4995030
ошибок	4995029
точности	4995028
первыми	4995027
сотрудников	4995026
позволили	4995025
сексуально	4995024
сердечныи	4995023
временно	4995022
лжец	4995021
кэт	4995020
дьявола	4995019
поступок	4995018
центов	4995017
спасения	4995016
минута	4995015
привез	4995014
чересчур	4995013
раскрыть	4995012
мировои	4995011
шарлотта	4995010
подробности	4995009
полтора	4995008
алкоголь	4995007
позвонит	4995006
спасение	4995005
полночь	4995004
разговариваешь	4995003
уеду	4995002
чудесныи	4995001
победитель	4995000
молока	4994999
середине	4994998
встречаешься	4994997
фаилы	4994996
признаков	4994995
like	4994994
объявление	4994993
подобных	4994992
треиси	4994991
беде	4994990
назови	4994989
предыдущих	4994988
очков	4994987
синии	4994986
повреждения	4994985
сдал	4994984
поженились	4994983
выиграла	4994982
отдыха	4994981
оператор	4994980
военныи	4994979
экзамен	4994978
университета	4994977
граф	4994976
предлагаешь	4994975
приз	4994974
подозреваемых	4994973
опоздала	4994972
выглядело	4994971
полициеи	4994970
случаях	4994969
называет	4994968
обычные	4994967
спрятать	4994966
мэра	4994965
привели	4994964
белых	4994963
телефоне	4994962
ронни	4994961
угрозы	4994960
идееи	4994959
молчание	4994958
красная	4994957
обеспечить	4994956
грязь	4994955
причинам	4994954
пункт	4994953
грязныи	4994952
жизнеи	4994951
преследовать	4994950
дерьмом	4994949
мгновение	4994948
агентом	4994947
рори	4994946
третья	4994945
ношу	4994944
примеру	4994943
произошла	4994942
застрелил	4994941
собрал	4994940
поднимите	4994939
возвращение	4994938
кладбище	4994937
успеть	4994936
целое	4994935
захватить	4994934
пароль	4994933
кaк	4994932
глянь	4994931
особенныи	4994930
фирмы	4994929
деревья	4994928
важен	4994927
дрянь	4994926
галстук	4994925
создание	4994924
случаев	4994923
политика	4994922
единого	4994921
разбил	4994920
открыта	4994919
насилие	4994918
рана	4994917
джина	4994916
прислали	4994915
ребенку	4994914
наручники	4994913
солгал	4994912
маршалл	4994911
рики	4994910
попытки	4994909
нападения	4994908
носом	4994907
символ	4994906
упоминал	4994905
неит	4994904
технически	4994903
спали	4994902
севернои	4994901
собирать	4994900
убираться	4994899
глядя	4994898
эрл	4994897
one	4994896
описать	4994895
лив	4994894
заиду	4994893
боитесь	4994892
коммандер	4994891
плавать	4994890
судьи	4994889
птицы	4994888
принимал	4994887
помешать	4994886
венди	4994885
силе	4994884
обещали	4994883
читаешь	4994882
указывает	4994881
вставать	4994880
брошу	4994879
хен	4994878
принимаешь	4994877
влияние	4994876
спи	4994875
причем	4994874
улица	4994873
положите	4994872
человеке	4994871
бизнесе	4994870
учил	4994869
лечения	4994868
деиствие	4994867
возвращаемся	4994866
калифорнии	4994865
ланч	4994864
шляпу	4994863
поставили	4994862
врем	4994861
чжон	4994860
поезде	4994859
намерен	4994858
закону	4994857
написали	4994856
нужды	4994855
мнения	4994854
среду	4994853
размера	4994852
воиска	4994851
хорошем	4994850
вынести	4994849
третьего	4994848
доказывает	4994847
часами	4994846
рецепт	4994845
документов	4994844
повторится	4994843
фантастика	4994842
вмешиваться	4994841
рози	4994840
проклятие	4994839
собственное	4994838
называи	4994837
выключи	4994836
серии	4994835
лечь	4994834
дилан	4994833
дэвида	4994832
нервничаю	4994831
расстоянии	4994830
показала	4994829
чрезвычаино	4994828
выступать	4994827
блага	4994826
идете	4994825
серьезные	4994824
едят	4994823
следующую	4994822
забудем	4994821
сидели	4994820
нелепо	4994819
плохим	4994818
реаъ	4994817
волосами	4994816
бокал	4994815
считала	4994814
пожениться	4994813
победы	4994812
награду	4994811
альбом	4994810
иисуса	4994809
слабость	4994808
осмотреть	4994807
главнои	4994806
перестала	4994805
коллега	4994804
двоинои	4994803
сотрудничать	4994802
бросать	4994801
спрятаться	4994800
стояла	4994799
дадите	4994798
кожу	4994797
ответьте	4994796
германии	4994795
добрые	4994794
шоколад	4994793
слову	4994792
глупостеи	4994791
двор	4994790
подписал	4994789
версия	4994788
ооо	4994787
национальнои	4994786
преступников	4994785
красотка	4994784
самолете	4994783
трогаите	4994782
повезет	4994781
сдаться	4994780
неплохая	4994779
одежде	4994778
чемпион	4994777
поможем	4994776
остаюсь	4994775
решит	4994774
старина	4994773
спрашиваи	4994772
объясни	4994771
заклинание	4994770
ле	4994769
варианты	4994768
наслаждаися	4994767
сильные	4994766
зашли	4994765
измениться	4994764
предложили	4994763
go	4994762
тварь	4994761
случалось	4994760
медведь	4994759
цифры	4994758
поездку	4994757
дно	4994756
устроили	4994755
ошибаюсь	4994754
шампанского	4994753
склад	4994752
готовит	4994751
безопасное	4994750
ненавидят	4994749
здрасьте	4994748
военные	4994747
общии	4994746
редактор	4994745
подкрепление	4994744
пушки	4994743
гулять	4994742
бумажник	4994741
организовать	4994740
кна	4994739
существа	4994738
огромные	4994737
верь	4994736
отныне	4994735
разделить	4994734
мальчишка	4994733
признался	4994732
поменять	4994731
телефоны	4994730
судно	4994729
заслужила	4994728
кампании	4994727
ели	4994726
аэропорту	4994725
воидите	4994724
отвести	4994723
детях	4994722
чистыи	4994721
дa	4994720
доступа	4994719
старика	4994718
европе	4994717
превратить	4994716
очереднои	4994715
совести	4994714
держишь	4994713
рост	4994712
невесты	4994711
белая	4994710
сцены	4994709
независимо	4994708
сладкии	4994707
отправлю	4994706
покажет	4994705
смеешь	4994704
выидем	4994703
занятие	4994702
свидании	4994701
дяди	4994700
примет	4994699
служил	4994698
скучала	4994697
ада	4994696
дерева	4994695
аллергия	4994694
ответственности	4994693
услуги	4994692
нора	4994691
моника	4994690
порно	4994689
неудачник	4994688
языком	4994687
катастрофа	4994686
неплохои	4994685
проводил	4994684
милои	4994683
зуб	4994682
числе	4994681
иисусе	4994680
снимок	4994679
улицах	4994678
уважением	4994677
просишь	4994676
сеиф	4994675
коктеиль	4994674
углом	4994673
добрался	4994672
преимущество	4994671
влюбилась	4994670
соседеи	4994669
робби	4994668
леса	4994667
зеленыи	4994666
залезаи	4994665
поиди	4994664
приготовил	4994663
прощаите	4994662
рабочии	4994661
убиты	4994660
забираи	4994659
могилу	4994658
мобильныи	4994657
шуток	4994656
илаи	4994655
подходи	4994654
пистолета	4994653
дэвис	4994652
предмет	4994651
изменила	4994650
словом	4994649
толпа	4994648
отдаите	4994647
лезь	4994646
отдых	4994645
настало	4994644
добр	4994643
веселье	4994642
переехала	4994641
свидетели	4994640
ники	4994639
джулиан	4994638
местныи	4994637
мести	4994636
плечо	4994635
шар	4994634
коробке	4994633
ловушка	4994632
яицо	4994631
планета	4994630
отвечаю	4994629
симптомы	4994628
барбара	4994627
чистая	4994626
тупая	4994625
игрушки	4994624
предложила	4994623
мэнни	4994622
ездил	4994621
образование	4994620
пустая	4994619
руби	4994618
некоторым	4994617
двигаитесь	4994616
молчи	4994615
деревни	4994614
обнаружила	4994613
держат	4994612
целом	4994611
человечества	4994610
обучение	4994609
юмора	4994608
карьера	4994607
правыи	4994606
таину	4994605
попало	4994604
группои	4994603
скорая	4994602
бывшего	4994601
нравилась	4994600
прожить	4994599
присматривать	4994598
бою	4994597
грег	4994596
расписание	4994595
оставляет	4994594
наука	4994593
представлял	4994592
приветствую	4994591
называю	4994590
they	4994589
битва	4994588
представления	4994587
повернись	4994586
понадобятся	4994585
заимемся	4994584
тесты	4994583
ехал	4994582
жители	4994581
чист	4994580
пытаися	4994579
бара	4994578
подарить	4994577
погибла	4994576
угрожал	4994575
сутки	4994574
арти	4994573
максимум	4994572
собралась	4994571
ll	4994570
тара	4994569
получают	4994568
сторон	4994567
воле	4994566
грин	4994565
поддержка	4994564
путешествия	4994563
коробка	4994562
моложе	4994561
целиком	4994560
заставляи	4994559
сведения	4994558
едут	4994557
допустим	4994556
тхэ	4994555
писатель	4994554
окончательно	4994553
мечтала	4994552
больница	4994551
обмануть	4994550
переведено	4994549
велел	4994548
сигнала	4994547
ужином	4994546
кармен	4994545
костюмы	4994544
смена	4994543
старое	4994542
незаконно	4994541
заботится	4994540
соль	4994539
кругом	4994538
соврал	4994537
городскои	4994536
компаниеи	4994535
дворец	4994534
альберт	4994533
интересныи	4994532
связана	4994531
свидетелем	4994530
рассказ	4994529
грехи	4994528
эллиот	4994527
ящике	4994526
образцы	4994525
черная	4994524
называл	4994523
модели	4994522
потрясающии	4994521
впрочем	4994520
сходим	4994519
деревню	4994518
начинаите	4994517
чувствах	4994516
ручку	4994515
остальными	4994514
ok	4994513
напуган	4994512
ожидания	4994511
начался	4994510
выпивку	4994509
финн	4994508
уезжает	4994507
глубине	4994506
вздыхает	4994505
японии	4994504
близок	4994503
шоке	4994502
местных	4994501
запад	4994500
уидем	4994499
месту	4994498
особыи	4994497
гостинои	4994496
достичь	4994495
просьба	4994494
территорию	4994493
познакомить	4994492
вызовите	4994491
выпустить	4994490
страдания	4994489
занятии	4994488
волк	4994487
основания	4994486
феликс	4994485
труда	4994484
вошла	4994483
дженнифер	4994482
мужчине	4994481
заболел	4994480
допрос	4994479
обещаи	4994478
чьи	4994477
передумал	4994476
дана	4994475
русскии	4994474
предатель	4994473
заснуть	4994472
корабли	4994471
злюсь	4994470
живете	4994469
оправдание	4994468
чашку	4994467
перенести	4994466
небольшую	4994465
семи	4994464
попытаюсь	4994463
коробки	4994462
свободно	4994461
прикрытие	4994460
боя	4994459
опоздали	4994458
иван	4994457
льюис	4994456
шеин	4994455
цветов	4994454
сумка	4994453
предпочел	4994452
злиться	4994451
ходи	4994450
родственники	4994449
бена	4994448
пятно	4994447
общее	4994446
открытие	4994445
профессора	4994444
продюсер	4994443
королевы	4994442
убежал	4994441
королем	4994440
птиц	4994439
семеиныи	4994438
вампиров	4994437
джулс	4994436
рабочих	4994435
видеться	4994434
донни	4994433
лед	4994432
находимся	4994431
понадобиться	4994430
электричество	4994429
глория	4994428
услышали	4994427
каковы	4994426
оставишь	4994425
замешан	4994424
лиззи	4994423
got	4994422
уважать	4994421
заглянуть	4994420
сообщу	4994419
ловушку	4994418
иен	4994417
энергия	4994416
дик	4994415
убедись	4994414
приготовлю	4994413
ошиблись	4994412
полицеиским	4994411
рулем	4994410
громче	4994409
потеряю	4994408
пляж	4994407
важным	4994406
she	4994405
yeah	4994404
сэндвич	4994403
цветок	4994402
великого	4994401
вилли	4994400
необязательно	4994399
приводит	4994398
фишер	4994397
фреизер	4994396
писала	4994395
вдоль	4994394
заключается	4994393
присяжных	4994392
думая	4994391
саит	4994390
легенда	4994389
уснуть	4994388
захотелось	4994387
копию	4994386
считали	4994385
гараже	4994384
рака	4994383
секретарь	4994382
благодарность	4994381
ненавидел	4994380
понадобилось	4994379
реке	4994378
жителеи	4994377
кризис	4994376
честным	4994375
стресс	4994374
бил	4994373
миссии	4994372
цены	4994371
вампир	4994370
ц	4994369
конкурс	4994368
выпускнои	4994367
снимите	4994366
белом	4994365
благодарить	4994364
зоне	4994363
if	4994362
сексе	4994361
декстер	4994360
преследует	4994359
связался	4994358
потрясающая	4994357
иаи	4994356
планировал	4994355
веры	4994354
эван	4994353
создали	4994352
тереза	4994351
едои	4994350
эмбер	4994349
похитил	4994348
врешь	4994347
ряд	4994346
наступит	4994345
эллен	4994344
здоровья	4994343
коллеги	4994342
отпраздновать	4994341
молодые	4994340
губернатор	4994339
мотор	4994338
входа	4994337
убииством	4994336
стар	4994335
банды	4994334
лифт	4994333
идиотом	4994332
кретин	4994331
остаются	4994330
пропустили	4994329
перекусить	4994328
предоставить	4994327
ущерб	4994326
дурака	4994325
округа	4994324
пропало	4994323
дэниэл	4994322
облажался	4994321
шерифа	4994320
банки	4994319
поимают	4994318
закончился	4994317
сошли	4994316
акт	4994315
окончена	4994314
остановит	4994313
вслух	4994312
предупреждал	4994311
лучшем	4994310
департамент	4994309
грани	4994308
таине	4994307
предотвратить	4994306
дошло	4994305
изменились	4994304
аарон	4994303
голодна	4994302
кормить	4994301
неудивительно	4994300
травма	4994299
напугана	4994298
магии	4994297
си	4994296
лучшую	4994295
оплатить	4994294
члена	4994293
подругу	4994292
придумала	4994291
беспорядок	4994290
получал	4994289
here	4994288
отрицать	4994287
чертовы	4994286
фонд	4994285
костеи	4994284
улыбка	4994283
пиздец	4994282
скорого	4994281
куски	4994280
справедливости	4994279
джентльмен	4994278
диван	4994277
банда	4994276
лететь	4994275
приведи	4994274
знания	4994273
пишут	4994272
покажем	4994271
зоны	4994270
сводит	4994269
поцеловал	4994268
гвен	4994267
договориться	4994266
поскорее	4994265
аварию	4994264
убииц	4994263
военных	4994262
мною	4994261
удачу	4994260
всякое	4994259
капитаном	4994258
базы	4994257
открыли	4994256
гордость	4994255
станете	4994254
газету	4994253
поискать	4994252
интересы	4994251
испытание	4994250
сильное	4994249
сити	4994248
проникнуть	4994247
волны	4994246
скоростью	4994245
технологии	4994244
слух	4994243
скандал	4994242
телевизору	4994241
непременно	4994240
копия	4994239
спят	4994238
выиди	4994237
r	4994236
сцена	4994235
сидни	4994234
проверила	4994233
пас	4994232
выяснил	4994231
переспать	4994230
кость	4994229
еимаи	4994228
направляется	4994227
пальца	4994226
координаты	4994225
полным	4994224
мужики	4994223
фанат	4994222
решено	4994221
ожерелье	4994220
врачом	4994219
французскии	4994218
трудности	4994217
подготовить	4994216
курт	4994215
бутылки	4994214
уезжаешь	4994213
возьмешь	4994212
интересах	4994211
жалость	4994210
описание	4994209
одинаковые	4994208
колин	4994207
длинная	4994206
закончились	4994205
симпатичная	4994204
помогают	4994203
закрыты	4994202
отвечу	4994201
меняются	4994200
вариантов	4994199
схватил	4994198
называем	4994197
подход	4994196
элеин	4994195
признаки	4994194
рассел	4994193
почте	4994192
антонио	4994191
пиджак	4994190
пообещал	4994189
реае	4994188
собственных	4994187
видом	4994186
требую	4994185
травмы	4994184
обвинить	4994183
отличается	4994182
крыса	4994181
телефонныи	4994180
протестую	4994179
еякх	4994178
растет	4994177
одолжить	4994176
десерт	4994175
продолжаться	4994174
пенсию	4994173
осторожна	4994172
союз	4994171
светлость	4994170
домов	4994169
копа	4994168
любимое	4994167
мьi	4994166
одинок	4994165
пианино	4994164
органы	4994163
детскии	4994162
пилот	4994161
среднеи	4994160
мерлин	4994159
макги	4994158
выяснили	4994157
связать	4994156
фильмов	4994155
выслушать	4994154
зарплату	4994153
соус	4994152
начались	4994151
подвезти	4994150
заимись	4994149
лежал	4994148
озеро	4994147
господина	4994146
зови	4994145
сжечь	4994144
хреново	4994143
фаил	4994142
эксперимент	4994141
неподалеку	4994140
мэдисон	4994139
воля	4994138
платья	4994137
лгал	4994136
акции	4994135
ела	4994134
долгая	4994133
вчерашнего	4994132
ощущения	4994131
ходу	4994130
продажи	4994129
at	4994128
россии	4994127
охранник	4994126
золота	4994125
полдень	4994124
тремя	4994123
вели	4994122
гольф	4994121
альфа	4994120
проходил	4994119
советы	4994118
поимут	4994117
чертова	4994116
прим	4994115
бензин	4994114
очистить	4994113
орудие	4994112
угрозои	4994111
милым	4994110
волю	4994109
сидите	4994108
христа	4994107
открывается	4994106
рукам	4994105
примите	4994104
ценои	4994103
подвал	4994102
инструменты	4994101
единственные	4994100
вернули	4994099
барт	4994098
рут	4994097
владеет	4994096
напугать	4994095
брэд	4994094
уолт	4994093
объясните	4994092
следит	4994091
поверит	4994090
красные	4994089
быстрыи	4994088
плачешь	4994087
евреи	4994086
евро	4994085
выбросить	4994084
представлять	4994083
проходить	4994082
закончишь	4994081
позвал	4994080
надпись	4994079
вспомнила	4994078
матч	4994077
надеемся	4994076
свежии	4994075
поставлю	4994074
номером	4994073
анализы	4994072
восток	4994071
звездои	4994070
следите	4994069
врал	4994068
даешь	4994067
век	4994066
месяцы	4994065
специалист	4994064
запомнить	4994063
захотят	4994062
совесть	4994061
джеикоб	4994060
согласится	4994059
милость	4994058
хватаи	4994057
аккуратно	4994056
спросили	4994055
духи	4994054
обычное	4994053
сообщите	4994052
вошли	4994051
положено	4994050
послала	4994049
попроси	4994048
вселенная	4994047
очнись	4994046
сумки	4994045
повтори	4994044
родом	4994043
репутацию	4994042
застрелили	4994041
спаси	4994040
приходили	4994039
поговорите	4994038
флаг	4994037
карте	4994036
стэнли	4994035
деиствительности	4994034
немало	4994033
чертям	4994032
честное	4994031
софия	4994030
стерва	4994029
ярости	4994028
секретов	4994027
открыла	4994026
круче	4994025
сахара	4994024
бабуля	4994023
доверься	4994022
ткани	4994021
многого	4994020
небес	4994019
козел	4994018
девчонку	4994017
страдает	4994016
какому	4994015
забота	4994014
андре	4994013
парне	4994012
отставку	4994011
устали	4994010
серьезное	4994009
верните	4994008
демон	4994007
лондона	4994006
рта	4994005
положила	4994004
креин	4994003
рыбы	4994002
наслаждаться	4994001
бессмысленно	4994000
выборы	4993999
борьба	4993998
мыслеи	4993997
поболтать	4993996
авеню	4993995
красива	4993994
пан	4993993
двенадцать	4993992
направление	4993991
городом	4993990
председатель	4993989
италии	4993988
берешь	4993987
звонят	4993986
появилось	4993985
черные	4993984
облегчение	4993983
информациеи	4993982
фрэнка	4993981
аа	4993980
холодильник	4993979
рабочие	4993978
right	4993977
молодым	4993976
удалить	4993975
открывать	4993974
поверхности	4993973
напиток	4993972
велосипед	4993971
значок	4993970
дозвониться	4993969
спорим	4993968
смотрим	4993967
раздражает	4993966
гору	4993965
пыль	4993964
увы	4993963
звонишь	4993962
преступника	4993961
молодцы	4993960
съездить	4993959
посмотрела	4993958
берут	4993957
кент	4993956
ногои	4993955
убьешь	4993954
перчатки	4993953
закрыт	4993952
носишь	4993951
поет	4993950
записал	4993949
снято	4993948
следуите	4993947
пятнадцать	4993946
али	4993945
рок	4993944
эмм	4993943
орошо	4993942
уедем	4993941
читали	4993940
братишка	4993939
красоты	4993938
закрыли	4993937
грязная	4993936
краснои	4993935
добрались	4993934
шок	4993933
человеческои	4993932
браслет	4993931
вылезаи	4993930
потратить	4993929
китти	4993928
поедет	4993927
небольшие	4993926
синьор	4993925
собеседование	4993924
мертвым	4993923
похищение	4993922
показании	4993921
задержать	4993920
синди	4993919
давали	4993918
сумке	4993917
токио	4993916
смешного	4993915
сбежали	4993914
одет	4993913
природа	4993912
бывал	4993911
свалить	4993910
обществе	4993909
мелкии	4993908
крыши	4993907
проекта	4993906
метод	4993905
холмс	4993904
красного	4993903
собраться	4993902
вернитесь	4993901
трагедия	4993900
достала	4993899
остановка	4993898
присяжные	4993897
спрятал	4993896
голода	4993895
тысяча	4993894
мужчинами	4993893
джилл	4993892
успешно	4993891
угрожает	4993890
учителем	4993889
хаос	4993888
рене	4993887
огда	4993886
тео	4993885
строго	4993884
смешнои	4993883
позволяи	4993882
ћ	4993881
создания	4993880
подобно	4993879
переживаю	4993878
неба	4993877
извращенец	4993876
заработал	4993875
стеиси	4993874
намерения	4993873
знакома	4993872
разумно	4993871
преступлении	4993870
покончено	4993869
кира	4993868
дебби	4993867
догадаться	4993866
комплимент	4993865
молиться	4993864
относиться	4993863
придумали	4993862
дыру	4993861
тсс	4993860
протокол	4993859
позову	4993858
природе	4993857
навыки	4993856
рту	4993855
митчелл	4993854
переживать	4993853
должности	4993852
заключить	4993851
интересная	4993850
умрут	4993849
пообедать	4993848
напрасно	4993847
отказ	4993846
шпион	4993845
ферме	4993844
изображение	4993843
курок	4993842
большими	4993841
мужскои	4993840
подходите	4993839
перестали	4993838
задания	4993837
виню	4993836
беспокоится	4993835
слепои	4993834
обращаи	4993833
зверь	4993832
обыск	4993831
долги	4993830
ника	4993829
кеннеди	4993828
реку	4993827
изабель	4993826
святая	4993825
кролик	4993824
стена	4993823
выпила	4993822
крест	4993821
оставалось	4993820
фирма	4993819
соня	4993818
страсти	4993817
поверила	4993816
училась	4993815
наняли	4993814
материалы	4993813
массаж	4993812
перевести	4993811
поднял	4993810
пасибо	4993809
уважении	4993808
обидеть	4993807
заставлю	4993806
суждено	4993805
повышение	4993804
деизи	4993803
подходящии	4993802
музеи	4993801
база	4993800
закроите	4993799
принесет	4993798
новичок	4993797
агентство	4993796
составить	4993795
кусочки	4993794
сядьте	4993793
ремонт	4993792
тон	4993791
постараитесь	4993790
огромную	4993789
записеи	4993788
глупые	4993787
успехи	4993786
лесбиянка	4993785
себ	4993784
соседка	4993783
родила	4993782
выпью	4993781
произвести	4993780
помогаешь	4993779
версию	4993778
свободное	4993777
застряла	4993776
ударила	4993775
проведу	4993774
убеите	4993773
заходил	4993772
статья	4993771
откровенно	4993770
выходил	4993769
паре	4993768
исключительно	4993767
поженимся	4993766
милли	4993765
сообщении	4993764
честен	4993763
слезы	4993762
эфир	4993761
приступим	4993760
появиться	4993759
охота	4993758
ллоид	4993757
королевои	4993756
брюки	4993755
мебель	4993754
бекки	4993753
играете	4993752
станцию	4993751
сезона	4993750
змея	4993749
сидят	4993748
лагеря	4993747
приезжает	4993746
сигарету	4993745
многом	4993744
покоя	4993743
пес	4993742
нормальнои	4993741
доллар	4993740
розы	4993739
уволен	4993738
сериях	4993737
ненависть	4993736
соидет	4993735
гю	4993734
шмидт	4993733
испугалась	4993732
нечем	4993731
ищи	4993730
крыша	4993729
чужие	4993728
сочувствую	4993727
детективы	4993726
объяснил	4993725
необычно	4993724
аренду	4993723
прочесть	4993722
долгу	4993721
рождеством	4993720
позаботься	4993719
хер	4993718
верх	4993717
мотоцикл	4993716
пар	4993715
берег	4993714
открыт	4993713
рассказывает	4993712
авария	4993711
валентина	4993710
используешь	4993709
сценария	4993708
обуви	4993707
шин	4993706
милашка	4993705
защите	4993704
выходят	4993703
девушками	4993702
чертову	4993701
греисон	4993700
немцы	4993699
академии	4993698
сделаны	4993697
атаку	4993696
роста	4993695
леон	4993694
думаите	4993693
нахожусь	4993692
недоразумение	4993691
познакомилась	4993690
возможностеи	4993689
поступки	4993688
сладкая	4993687
смеются	4993686
харрис	4993685
студентов	4993684
сильнои	4993683
носят	4993682
худшии	4993681
инструкции	4993680
ожидает	4993679
хорошими	4993678
пресса	4993677
взялся	4993676
похоронах	4993675
парням	4993674
сир	4993673
лодки	4993672
аппарат	4993671
пенис	4993670
элен	4993669
известен	4993668
сентября	4993667
теряем	4993666
перезвони	4993665
газетах	4993664
мeня	4993663
напитки	4993662
зону	4993661
возвращаются	4993660
взрослых	4993659
побережье	4993658
смены	4993657
гектор	4993656
кроули	4993655
довольны	4993654
охотник	4993653
бишоп	4993652
обнаружить	4993651
статьи	4993650
родственников	4993649
наблюдение	4993648
наблюдал	4993647
охоту	4993646
кухня	4993645
оценки	4993644
хирург	4993643
подождем	4993642
пригодится	4993641
построил	4993640
приведу	4993639
сокровище	4993638
третьеи	4993637
всерьез	4993636
эль	4993635
видение	4993634
беили	4993633
заходит	4993632
холодильнике	4993631
маики	4993630
дата	4993629
хи	4993628
man	4993627
сеи	4993626
милях	4993625
актриса	4993624
заткнитесь	4993623
сотен	4993622
поражение	4993621
привезти	4993620
победили	4993619
маршал	4993618
ошиблась	4993617
закончена	4993616
печень	4993615
рита	4993614
джи	4993613
попытается	4993612
благослови	4993611
уезжаем	4993610
расстаться	4993609
идиотка	4993608
череп	4993607
коридоре	4993606
карьеры	4993605
льда	4993604
портрет	4993603
поступили	4993602
себастьян	4993601
проверку	4993600
ступаи	4993599
великолепен	4993598
тупица	4993597
носил	4993596
постепенно	4993595
решает	4993594
обман	4993593
носа	4993592
краю	4993591
девчонок	4993590
бутылка	4993589
впустую	4993588
заслуживаю	4993587
броуди	4993586
героя	4993585
фон	4993584
продолжаем	4993583
съела	4993582
политики	4993581
уверенность	4993580
простая	4993579
ошибаетесь	4993578
посидеть	4993577
оставляю	4993576
разговариваем	4993575
закрыта	4993574
логан	4993573
свечи	4993572
романтично	4993571
стараться	4993570
стихи	4993569
заинтересован	4993568
славы	4993567
уничтожил	4993566
газа	4993565
производство	4993564
отправились	4993563
заплатит	4993562
скрывает	4993561
пишешь	4993560
упустил	4993559
верныи	4993558
доил	4993557
случаиность	4993556
наилс	4993555
спрашивали	4993554
растут	4993553
друге	4993552
достали	4993551
подошел	4993550
трата	4993549
договаривались	4993548
вопроса	4993547
приготовиться	4993546
считая	4993545
стрелок	4993544
живее	4993543
проводили	4993542
чжи	4993541
сумма	4993540
проверять	4993539
становишься	4993538
дружба	4993537
выступить	4993536
нмю	4993535
годится	4993534
молодого	4993533
режим	4993532
верила	4993531
пошутил	4993530
каникулы	4993529
деб	4993528
перевели	4993527
проходят	4993526
взорвать	4993525
плоть	4993524
саша	4993523
репутация	4993522
кататься	4993521
вспомни	4993520
простое	4993519
стук	4993518
сахар	4993517
разрушил	4993516
правосудия	4993515
песен	4993514
обороны	4993513
уэид	4993512
хлеба	4993511
привыкла	4993510
физически	4993509
полуночи	4993508
подумаешь	4993507
совершила	4993506
стен	4993505
бумагу	4993504
сделан	4993503
самолета	4993502
душои	4993501
каифом	4993500
комитет	4993499
захочется	4993498
лжет	4993497
рубашка	4993496
полотенце	4993495
испортила	4993494
небесах	4993493
пила	4993492
гараж	4993491
дату	4993490
управляет	4993489
кругу	4993488
снов	4993487
проехали	4993486
невинных	4993485
учится	4993484
зона	4993483
марго	4993482
ау	4993481
забавныи	4993480
ближаишее	4993479
обещаешь	4993478
шевелитесь	4993477
юная	4993476
now	4993475
предположим	4993474
боид	4993473
позвонишь	4993472
церемонии	4993471
мартина	4993470
науки	4993469
аж	4993468
клиентом	4993467
приятное	4993466
синдром	4993465
св	4993464
конфеты	4993463
тянет	4993462
запрос	4993461
чужои	4993460
принадлежат	4993459
честныи	4993458
играи	4993457
умрем	4993456
научилась	4993455
зацени	4993454
славно	4993453
отпечатков	4993452
отметить	4993451
отоити	4993450
прыгаи	4993449
акцент	4993448
кэмерон	4993447
врата	4993446
продолжал	4993445
одинаково	4993444
нуждаюсь	4993443
африке	4993442
деда	4993441
шутку	4993440
плакала	4993439
существование	4993438
землеи	4993437
убедил	4993436
готовлю	4993435
развода	4993434
привыкнуть	4993433
проведем	4993432
пропустите	4993431
хозяика	4993430
копии	4993429
преподобныи	4993428
гадость	4993427
дым	4993426
мелочь	4993425
зарабатывать	4993424
спешить	4993423
эивери	4993422
кредит	4993421
правосудие	4993420
минди	4993419
сериал	4993418
запустить	4993417
наиден	4993416
важны	4993415
боссом	4993414
бумага	4993413
поговорила	4993412
отдавать	4993411
ванесса	4993410
основе	4993409
секрете	4993408
застряли	4993407
вине	4993406
увеличить	4993405
щас	4993404
маску	4993403
пустыне	4993402
проверял	4993401
нахрен	4993400
любому	4993399
кокаин	4993398
u	4993397
плоти	4993396
бесит	4993395
разрешил	4993394
помещение	4993393
храм	4993392
внести	4993391
бри	4993390
ветра	4993389
проклят	4993388
пообещаи	4993387
джинни	4993386
степень	4993385
цене	4993384
корова	4993383
успокоить	4993382
останутся	4993381
значило	4993380
удачно	4993379
пусто	4993378
чан	4993377
жалею	4993376
уходил	4993375
ненависти	4993374
писем	4993373
спрашиваете	4993372
выслушаи	4993371
дерьме	4993370
чудеса	4993369
божии	4993368
третьем	4993367
глубокии	4993366
устрою	4993365
роберта	4993364
доверия	4993363
вспоминать	4993362
фиби	4993361
устраивать	4993360
подоидите	4993359
выключить	4993358
виновным	4993357
старалась	4993356
спорт	4993355
тур	4993354
рэимонд	4993353
битвы	4993352
прячется	4993351
предупредил	4993350
сумасшедшие	4993349
сыграем	4993348
курица	4993347
продукты	4993346
колесо	4993345
рис	4993344
генерала	4993343
робот	4993342
помогала	4993341
ошибался	4993340
переехали	4993339
схватить	4993338
индии	4993337
миранда	4993336
нарушил	4993335
защищает	4993334
ручки	4993333
участвовал	4993332
сложныи	4993331
ноге	4993330
воспоминании	4993329
смеешься	4993328
подготовиться	4993327
кэм	4993326
несет	4993325
поразительно	4993324
зоуи	4993323
хобби	4993322
обманул	4993321
присаживаися	4993320
любимые	4993319
уэин	4993318
годом	4993317
братец	4993316
половины	4993315
забывать	4993314
озера	4993313
сексуальныи	4993312
фиона	4993311
папаша	4993310
смену	4993309
заставлять	4993308
слышь	4993307
доверяет	4993306
любимои	4993305
кен	4993304
великолепна	4993303
when	4993302
терапии	4993301
шкаф	4993300
пациенты	4993299
путешествовать	4993298
отключить	4993297
редактируется	4993296
поимите	4993295
получат	4993294
днями	4993293
методы	4993292
каи	4993291
кота	4993290
королю	4993289
красное	4993288
перемены	4993287
пицца	4993286
спальню	4993285
пон	4993284
горах	4993283
среднего	4993282
крылья	4993281
прибыль	4993280
предчувствие	4993279
тяжелая	4993278
лев	4993277
просят	4993276
about	4993275
умеют	4993274
пеидж	4993273
сказав	4993272
качества	4993271
совпадает	4993270
ричарда	4993269
жалеть	4993268
представитель	4993267
воображение	4993266
лоу	4993265
пистолетом	4993264
богов	4993263
шелли	4993262
школьныи	4993261
ванную	4993260
здравствует	4993259
завидую	4993258
сексуальная	4993257
спектакль	4993256
исчезнет	4993255
узнаи	4993254
забочусь	4993253
великои	4993252
сет	4993251
крутая	4993250
куртку	4993249
всякои	4993248
проблемами	4993247
дороже	4993246
детки	4993245
отвечаешь	4993244
остановится	4993243
состояния	4993242
неправ	4993241
старшеи	4993240
алиса	4993239
богатыи	4993238
библиотеке	4993237
зависимости	4993236
стряслось	4993235
теряет	4993234
длинные	4993233
линкольн	4993232
отложить	4993231
сном	4993230
поддерживаю	4993229
следят	4993228
кэсси	4993227
правильное	4993226
кончаи	4993225
оказать	4993224
сдаюсь	4993223
кара	4993222
поешь	4993221
даниэль	4993220
соответствует	4993219
продали	4993218
ужаснои	4993217
умница	4993216
финч	4993215
чувствуют	4993214
вики	4993213
сирена	4993212
июля	4993211
держали	4993210
одеяло	4993209
отпущу	4993208
вру	4993207
лидия	4993206
офицеры	4993205
прямом	4993204
сведению	4993203
дождя	4993202
милое	4993201
ствол	4993200
страшныи	4993199
надел	4993198
появятся	4993197
госпиталь	4993196
лучшими	4993195
ловить	4993194
холодныи	4993193
давления	4993192
тардис	4993191
выбираться	4993190
теряю	4993189
флота	4993188
сделана	4993187
тащи	4993186
заметит	4993185
отчаянно	4993184
отпечаток	4993183
атаки	4993182
геил	4993181
хуя	4993180
трубы	4993179
одних	4993178
беспокоишься	4993177
распоряжении	4993176
мечтать	4993175
избегать	4993174
любимых	4993173
кристи	4993172
рекорд	4993171
женится	4993170
поход	4993169
благодарности	4993168
him	4993167
дуаит	4993166
челси	4993165
франков	4993164
кончилось	4993163
ромео	4993162
некогда	4993161
приют	4993160
уаит	4993159
поведения	4993158
горячо	4993157
носу	4993156
джозеф	4993155
вертолет	4993154
гора	4993153
нормальным	4993152
документ	4993151
империи	4993150
свитер	4993149
вылечить	4993148
напиши	4993147
оценить	4993146
мужика	4993145
предлагает	4993144
довольна	4993143
позаботится	4993142
становиться	4993141
станция	4993140
флот	4993139
побежал	4993138
забирать	4993137
мили	4993136
фокус	4993135
семеи	4993134
сломать	4993133
лекарств	4993132
таблеток	4993131
жар	4993130
вирджиния	4993129
почитать	4993128
стадии	4993127
адреса	4993126
великим	4993125
покер	4993124
ленни	4993123
находишь	4993122
зубов	4993121
посол	4993120
род	4993119
почерк	4993118
резко	4993117
реджи	4993116
логично	4993115
ближаишие	4993114
скотти	4993113
вопросу	4993112
приблизительно	4993111
график	4993110
бежит	4993109
успели	4993108
оо	4993107
занимает	4993106
соболезнования	4993105
вашингтоне	4993104
наслаждаитесь	4993103
обычнои	4993102
племянник	4993101
торопись	4993100
отдали	4993099
побег	4993098
веселиться	4993097
учили	4993096
миллиардов	4993095
выяснилось	4993094
повеселиться	4993093
спорю	4993092
вызвала	4993091
подозрения	4993090
лови	4993089
ставит	4993088
ари	4993087
гомер	4993086
водителя	4993085
виноваты	4993084
зубами	4993083
держится	4993082
багаж	4993081
хозяина	4993080
спеть	4993079
упомянул	4993078
молода	4993077
самих	4993076
желудок	4993075
великая	4993074
планировали	4993073
размером	4993072
солгала	4993071
счастливая	4993070
шума	4993069
сложная	4993068
присутствии	4993067
трупы	4993066
торопиться	4993065
клинику	4993064
села	4993063
посадили	4993062
бежал	4993061
зовет	4993060
личная	4993059
бросает	4993058
тупик	4993057
понравиться	4993056
конрад	4993055
детскои	4993054
клево	4993053
диагноз	4993052
буквы	4993051
поверю	4993050
выкинуть	4993049
хэи	4993048
усилии	4993047
поделаешь	4993046
разрыв	4993045
гони	4993044
поступают	4993043
поидете	4993042
медицинскои	4993041
прихожу	4993040
шторм	4993039
окончания	4993038
текст	4993037
вуди	4993036
данном	4993035
джуди	4993034
выпустите	4993033
заболела	4993032
называете	4993031
выпивка	4993030
адама	4993029
маилз	4993028
медовыи	4993027
бардак	4993026
минус	4993025
бак	4993024
фе	4993023
необычное	4993022
игнорировать	4993021
клинике	4993020
проходили	4993019
фамилию	4993018
сэнди	4993017
космос	4993016
учились	4993015
отчасти	4993014
вдох	4993013
поколения	4993012
допоздна	4993011
gonna	4993010
справедливость	4993009
казаться	4993008
богат	4993007
покончим	4993006
пищу	4993005
услышит	4993004
человечество	4993003
лэин	4993002
ve	4993001
царь	4993000
страховка	4992999
n	4992998
сми	4992997
сотовыи	4992996
мая	4992995
таино	4992994
шляпа	4992993
давить	4992992
боба	4992991
спор	4992990
коленях	4992989
беременности	4992988
площади	4992987
переодеться	4992986
прощу	4992985
ловушке	4992984
наличные	4992983
вершине	4992982
позволим	4992981
николас	4992980
старших	4992979
останетесь	4992978
светит	4992977
нарочно	4992976
дорог	4992975
люка	4992974
клетку	4992973
габи	4992972
проклятыи	4992971
нанести	4992970
пользы	4992969
уилла	4992968
офицеров	4992967
приведите	4992966
состоится	4992965
откажусь	4992964
сеньора	4992963
короткии	4992962
остановил	4992961
дыра	4992960
напрямую	4992959
реи	4992958
крепче	4992957
зовите	4992956
носки	4992955
оставит	4992954
читаи	4992953
площадке	4992952
пожалеешь	4992951
подставил	4992950
сексуальнои	4992949
глазам	4992948
песок	4992947
форд	4992946
испытания	4992945
находился	4992944
включи	4992943
означать	4992942
заполнить	4992941
позднее	4992940
мерзавец	4992939
пустите	4992938
давала	4992937
опасныи	4992936
успела	4992935
придумаем	4992934
поставила	4992933
полна	4992932
кресле	4992931
штате	4992930
шестои	4992929
выросли	4992928
остатки	4992927
ви	4992926
карьере	4992925
передачи	4992924
взломать	4992923
продажу	4992922
прояснить	4992921
мона	4992920
встаньте	4992919
нисколько	4992918
великолепныи	4992917
руди	4992916
третье	4992915
частныи	4992914
запомнил	4992913
победит	4992912
начнешь	4992911
учеников	4992910
превратился	4992909
напряжение	4992908
купим	4992907
начни	4992906
крысы	4992905
опознать	4992904
смелости	4992903
рану	4992902
сары	4992901
находит	4992900
подходят	4992899
парковке	4992898
основнои	4992897
везет	4992896
кэри	4992895
свободныи	4992894
китаи	4992893
дурацкии	4992892
признателен	4992891
выбираи	4992890
берт	4992889
четко	4992888
подружки	4992887
ужинать	4992886
компьютера	4992885
океана	4992884
совершили	4992883
любитель	4992882
выбери	4992881
начальника	4992880
голосом	4992879
фрэнсис	4992878
отказываюсь	4992877
создавать	4992876
высокая	4992875
шутить	4992874
парка	4992873
ещє	4992872
легкие	4992871
тэд	4992870
товарищи	4992869
департамента	4992868
коме	4992867
убежала	4992866
партия	4992865
клетке	4992864
принимают	4992863
перестанешь	4992862
бадди	4992861
грозит	4992860
лестницы	4992859
компьютере	4992858
заплатишь	4992857
прыгать	4992856
собственном	4992855
луну	4992854
дракона	4992853
сяду	4992852
воздухом	4992851
карсон	4992850
согласие	4992849
love	4992848
ресторана	4992847
автомобиля	4992846
пьер	4992845
стефани	4992844
ребятки	4992843
гляди	4992842
вторжение	4992841
наидено	4992840
лекси	4992839
работ	4992838
мертвыи	4992837
заботился	4992836
находитесь	4992835
последнем	4992834
пятыи	4992833
персонал	4992832
присмотреть	4992831
потеряешь	4992830
восьми	4992829
домашнии	4992828
проиграли	4992827
ритм	4992826
обоити	4992825
кричал	4992824
фантазии	4992823
продвигается	4992822
счастливчик	4992821
личную	4992820
значить	4992819
чепуха	4992818
скучаешь	4992817
животе	4992816
резюме	4992815
убило	4992814
видения	4992813
гроб	4992812
открыты	4992811
гари	4992810
негодяи	4992809
пережил	4992808
подстрелили	4992807
ручка	4992806
парижа	4992805
передачу	4992804
вик	4992803
управляющии	4992802
появляются	4992801
кандидат	4992800
бенни	4992799
шрам	4992798
любезно	4992797
идеальное	4992796
объявить	4992795
пожить	4992794
сиденье	4992793
съешь	4992792
американцев	4992791
обедать	4992790
невесту	4992789
синьора	4992788
нормальные	4992787
награда	4992786
комитета	4992785
упустили	4992784
отказывается	4992783
участка	4992782
сбил	4992781
гриффин	4992780
well	4992779
рассмотреть	4992778
огромнои	4992777
мэнди	4992776
вторым	4992775
спина	4992774
соединенных	4992773
закрыл	4992772
забираю	4992771
прикольно	4992770
блондинка	4992769
позови	4992768
суду	4992767
заключение	4992766
бабушке	4992765
прогресс	4992764
инструмент	4992763
влияет	4992762
бэи	4992761
врачеи	4992760
работник	4992759
нолан	4992758
обоитись	4992757
обвинении	4992756
адвокаты	4992755
лаборатория	4992754
обожает	4992753
перси	4992752
присутствовать	4992751
приезжаи	4992750
представляла	4992749
масла	4992748
отправимся	4992747
славныи	4992746
выборов	4992745
охотиться	4992744
ракеты	4992743
платил	4992742
отпустил	4992741
сохранять	4992740
депрессии	4992739
блеик	4992738
полезен	4992737
сделало	4992736
спрашивают	4992735
достань	4992734
счету	4992733
воспользовался	4992732
копом	4992731
правильным	4992730
притормози	4992729
чистои	4992728
проводим	4992727
установил	4992726
врет	4992725
олли	4992724
американскои	4992723
заехать	4992722
вивиан	4992721
трои	4992720
сьюзи	4992719
настоящих	4992718
прикрыть	4992717
несчастью	4992716
догадался	4992715
бя	4992714
отведу	4992713
кристофер	4992712
легких	4992711
идеальная	4992710
подал	4992709
плакал	4992708
заходить	4992707
покончил	4992706
обязанность	4992705
славу	4992704
приглашения	4992703
родная	4992702
проход	4992701
останки	4992700
напасть	4992699
пьет	4992698
американец	4992697
композитор	4992696
аппетита	4992695
выбираю	4992694
просыпаися	4992693
держала	4992692
взаимно	4992691
рисовать	4992690
соглашусь	4992689
справилась	4992688
задуматься	4992687
риз	4992686
взрослая	4992685
назовите	4992684
мусора	4992683
уговорить	4992682
добрым	4992681
делиться	4992680
гонки	4992679
выгнали	4992678
судебныи	4992677
местам	4992676
хранит	4992675
ставку	4992674
возьмет	4992673
проверяю	4992672
сработать	4992671
выпустили	4992670
исключение	4992669
главе	4992668
попытаися	4992667
ведьмы	4992666
драка	4992665
библии	4992664
семеиные	4992663
устроила	4992662
одержим	4992661
опустите	4992660
выпуск	4992659
признаюсь	4992658
защищал	4992657
подозреваю	4992656
кэлли	4992655
адмирал	4992654
терпится	4992653
собакои	4992652
макса	4992651
мелочи	4992650
маршрут	4992649
разбираюсь	4992648
говнюк	4992647
проводишь	4992646
маленькими	4992645
сотню	4992644
американских	4992643
чт	4992642
сказки	4992641
складе	4992640
шикарно	4992639
кошки	4992638
брик	4992637
разбить	4992636
языка	4992635
снимаю	4992634
вытащи	4992633
черного	4992632
сексуальные	4992631
алкоголя	4992630
работаи	4992629
разошлись	4992628
пьяныи	4992627
отчаянии	4992626
трогал	4992625
матушка	4992624
делая	4992623
добился	4992622
сомневаться	4992621
слежу	4992620
прекрасным	4992619
птичка	4992618
рассказываешь	4992617
случился	4992616
разочарован	4992615
детство	4992614
руководство	4992613
магазинам	4992612
труднее	4992611
приходишь	4992610
хью	4992609
отказались	4992608
бегу	4992607
вынуждены	4992606
важного	4992605
конни	4992604
следуи	4992603
прекрасную	4992602
дядю	4992601
запаснои	4992600
аэропорта	4992599
праздновать	4992598
казни	4992597
отказать	4992596
назначил	4992595
подарила	4992594
жалкии	4992593
девочками	4992592
традиция	4992591
кэл	4992590
пассажиров	4992589
предпочла	4992588
работников	4992587
мнe	4992586
почта	4992585
заставляют	4992584
решим	4992583
выбросил	4992582
белои	4992581
домашнее	4992580
партию	4992579
злится	4992578
выступления	4992577
важных	4992576
поздороваться	4992575
открытым	4992574
пальцами	4992573
ранчо	4992572
военнои	4992571
заложников	4992570
оставался	4992569
увидев	4992568
девочке	4992567
данным	4992566
волновался	4992565
преданность	4992564
ангелы	4992563
имен	4992562
гениально	4992561
бок	4992560
отдыхать	4992559
шшш	4992558
сыром	4992557
переспал	4992556
мышь	4992555
гостинице	4992554
белое	4992553
толстыи	4992552
шагом	4992551
старом	4992550
ворот	4992549
разума	4992548
клер	4992547
собственная	4992546
тесс	4992545
кеин	4992544
порядка	4992543
реклама	4992542
жениха	4992541
диего	4992540
гарсия	4992539
отпустили	4992538
поимаем	4992537
выдать	4992536
четвертыи	4992535
теряешь	4992534
эрин	4992533
адвокату	4992532
журналист	4992531
преступники	4992530
проверки	4992529
подтверждение	4992528
карман	4992527
стояли	4992526
флоррик	4992525
печени	4992524
всякого	4992523
экран	4992522
подоиду	4992521
глазом	4992520
романа	4992519
понимала	4992518
клэи	4992517
положу	4992516
продолжаю	4992515
алек	4992514
пили	4992513
спускаися	4992512
уоррен	4992511
журнала	4992510
разбираться	4992509
причинил	4992508
сниму	4992507
ведьм	4992506
чувствовали	4992505
большинства	4992504
получаем	4992503
прощаю	4992502
приготовьтесь	4992501
изменили	4992500
саите	4992499
джун	4992498
встречала	4992497
соответствии	4992496
сопротивляться	4992495
поддерживает	4992494
дополнительные	4992493
магию	4992492
ферму	4992491
слушание	4992490
завещание	4992489
уильямс	4992488
обедом	4992487
построили	4992486
помолчи	4992485
окончен	4992484
выстрелы	4992483
приветик	4992482
томаса	4992481
герр	4992480
барбекю	4992479
юрист	4992478
попытку	4992477
яиц	4992476
звезд	4992475
организация	4992474
личных	4992473
краи	4992472
her	4992471
гитлер	4992470
ожидали	4992469
ответов	4992468
противном	4992467
джоном	4992466
серииныи	4992465
непонятно	4992464
отправь	4992463
переспала	4992462
свести	4992461
волнуешься	4992460
отвлечь	4992459
игроков	4992458
еле	4992457
let	4992456
крутые	4992455
лифте	4992454
налоги	4992453
пасть	4992452
передумала	4992451
соревнование	4992450
вспоминаю	4992449
миссию	4992448
имея	4992447
мечту	4992446
прочитала	4992445
ребятами	4992444
замка	4992443
оставляи	4992442
зрелище	4992441
джанет	4992440
наказания	4992439
постараться	4992438
пропуск	4992437
дракон	4992436
профессионал	4992435
филип	4992434
велик	4992433
живи	4992432
марсель	4992431
теста	4992430
положиться	4992429
проявить	4992428
доусон	4992427
заместитель	4992426
следа	4992425
дождусь	4992424
луны	4992423
простого	4992422
проститутка	4992421
поезжаи	4992420
результатов	4992419
предположение	4992418
ублюдка	4992417
отнести	4992416
харпер	4992415
возражаю	4992414
открывает	4992413
поцеловала	4992412
беккет	4992411
лисбон	4992410
евреев	4992409
умен	4992408
произнести	4992407
процедура	4992406
дюк	4992405
соседству	4992404
моста	4992403
заявил	4992402
го	4992401
удостоверение	4992400
надежде	4992399
двум	4992398
новенькии	4992397
серьезныи	4992396
сопротивление	4992395
версии	4992394
ухода	4992393
проследить	4992392
собственности	4992391
теорию	4992390
шеи	4992389
забываите	4992388
тренировки	4992387
заявления	4992386
изучать	4992385
гастингс	4992384
двигаи	4992383
словах	4992382
бедняга	4992381
духом	4992380
продолжаешь	4992379
знакомыи	4992378
продолжают	4992377
новому	4992376
выстрела	4992375
показатели	4992374
историеи	4992373
доллара	4992372
умеете	4992371
охотится	4992370
случаем	4992369
прислала	4992368
темы	4992367
придурки	4992366
чудесная	4992365
половине	4992364
расследовании	4992363
изучить	4992362
саирус	4992361
услугам	4992360
вызывают	4992359
печать	4992358
двереи	4992357
разрешить	4992356
покупает	4992355
волновалась	4992354
крем	4992353
персонаж	4992352
молитвы	4992351
познакомься	4992350
аксель	4992349
gps	4992348
силами	4992347
использование	4992346
расскажете	4992345
поторопиться	4992344
рисунок	4992343
значительно	4992342
лист	4992341
способы	4992340
чокнутыи	4992339
наряд	4992338
нo	4992337
come	4992336
марии	4992335
шлюхи	4992334
чернои	4992333
багажнике	4992332
дядеи	4992331
попадет	4992330
рекламу	4992329
want	4992328
свидетельство	4992327
окружного	4992326
плечи	4992325
давид	4992324
пожертвовать	4992323
чьеи	4992322
встретился	4992321
мелани	4992320
лаила	4992319
преодолеть	4992318
отведи	4992317
исследовании	4992316
чистого	4992315
иоу	4992314
бегах	4992313
яблоко	4992312
глуп	4992311
говно	4992310
потанцевать	4992309
состав	4992308
безопаснее	4992307
сотрудник	4992306
колено	4992305
крепкии	4992304
сломался	4992303
строя	4992302
близких	4992301
спасите	4992300
блок	4992299
саттон	4992298
пабло	4992297
нормальная	4992296
драгоценности	4992295
насквозь	4992294
инои	4992293
выходим	4992292
okay	4992291
добрая	4992290
обратном	4992289
река	4992288
покажется	4992287
выиграю	4992286
наступает	4992285
долгие	4992284
покупки	4992283
имеется	4992282
дамочка	4992281
область	4992280
просите	4992279
подонок	4992278
бабушкои	4992277
свиньи	4992276
джои	4992275
висит	4992274
повидать	4992273
рискнуть	4992272
ваиолет	4992271
исчезает	4992270
how	4992269
вампиры	4992268
четверть	4992267
органов	4992266
духов	4992265
ограбления	4992264
едете	4992263
кристиан	4992262
интересуют	4992261
адвокатов	4992260
приказу	4992259
ральф	4992258
падения	4992257
простит	4992256
прессе	4992255
дозу	4992254
посетить	4992253
подделка	4992252
усердно	4992251
любовник	4992250
голосов	4992249
признаи	4992248
настоящему	4992247
ри	4992246
уроков	4992245
прямиком	4992244
поверили	4992243
исполнилось	4992242
лечить	4992241
шерлок	4992240
напоминать	4992239
гарантирую	4992238
нашло	4992237
любезны	4992236
жаловаться	4992235
слуга	4992234
ответили	4992233
требуют	4992232
высокие	4992231
решением	4992230
поправится	4992229
нервничать	4992228
подумают	4992227
помощника	4992226
реальныи	4992225
отдохни	4992224
условии	4992223
трахнуть	4992222
посетителеи	4992221
заседание	4992220
мардж	4992219
еє	4992218
ногти	4992217
штучки	4992216
господу	4992215
аш	4992214
основании	4992213
ширли	4992212
расслабьтесь	4992211
пришлю	4992210
десятки	4992209
бяе	4992208
малыи	4992207
упасть	4992206
верим	4992205
высоте	4992204
священника	4992203
сидя	4992202
забавная	4992201
отличным	4992200
поищу	4992199
шона	4992198
ввести	4992197
огне	4992196
воу	4992195
учусь	4992194
пятница	4992193
тeбя	4992192
уведите	4992191
сумасшествие	4992190
устроиства	4992189
благо	4992188
комиссии	4992187
противостоять	4992186
драку	4992185
спросит	4992184
достанется	4992183
пи	4992182
обвинять	4992181
копать	4992180
вступить	4992179
микрофон	4992178
пушка	4992177
потеряем	4992176
de	4992175
поклонник	4992174
поколение	4992173
позовите	4992172
традиции	4992171
зa	4992170
наказать	4992169
шло	4992168
белым	4992167
лезть	4992166
совещание	4992165
настаиваю	4992164
принимала	4992163
готовиться	4992162
законно	4992161
происходят	4992160
цирк	4992159
кухни	4992158
поднимается	4992157
слушаюсь	4992156
спокоен	4992155
ста	4992154
курсы	4992153
внутренних	4992152
приношу	4992151
одеть	4992150
маслом	4992149
проблемах	4992148
билла	4992147
поссорились	4992146
деталь	4992145
низко	4992144
добровольно	4992143
подружку	4992142
назначена	4992141
началом	4992140
утрам	4992139
цепи	4992138
кабинета	4992137
необходимое	4992136
боевои	4992135
медаль	4992134
взгляда	4992133
комфортно	4992132
убивала	4992131
обморок	4992130
шлем	4992129
молоды	4992128
калеб	4992127
собственными	4992126
миг	4992125
обнять	4992124
помешал	4992123
подружкои	4992122
страницы	4992121
приедешь	4992120
трудныи	4992119
способа	4992118
кошмары	4992117
пределы	4992116
баба	4992115
округ	4992114
театре	4992113
жюри	4992112
заиди	4992111
бла	4992110
целыми	4992109
попадает	4992108
остановилась	4992107
освобождения	4992106
выдержать	4992105
довериться	4992104
справляешься	4992103
сняла	4992102
проехать	4992101
колеса	4992100
услышишь	4992099
ехали	4992098
лин	4992097
групп	4992096
высоты	4992095
якобы	4992094
местонахождение	4992093
ремень	4992092
габриэль	4992091
портить	4992090
следили	4992089
штаты	4992088
малеишего	4992087
велосипеде	4992086
поют	4992085
повернуть	4992084
требования	4992083
фирме	4992082
серьезная	4992081
энджи	4992080
ноутбук	4992079
настал	4992078
конверт	4992077
съем	4992076
бинго	4992075
пределах	4992074
взгляды	4992073
падение	4992072
дружбу	4992071
нельсон	4992070
впрямь	4992069
бабки	4992068
ученик	4992067
привыкли	4992066
лука	4992065
кучка	4992064
поиска	4992063
уволил	4992062
сокровища	4992061
позвоним	4992060
получиться	4992059
представляют	4992058
ву	4992057
драки	4992056
собственным	4992055
усы	4992054
насрать	4992053
автобуса	4992052
сбросить	4992051
отвези	4992050
медведя	4992049
заслужили	4992048
выходишь	4992047
королеву	4992046
снимает	4992045
снизу	4992044
любимого	4992043
разногласия	4992042
уход	4992041
плох	4992040
замену	4992039
остановимся	4992038
стиви	4992037
седьмои	4992036
онвелс	4992035
нужным	4992034
убивали	4992033
собрали	4992032
операционнои	4992031
пространства	4992030
ребенке	4992029
заплатила	4992028
извинить	4992027
развития	4992026
джоис	4992025
звука	4992024
музыке	4992023
андреа	4992022
вдвое	4992021
улыбаться	4992020
слабыи	4992019
прах	4992018
несу	4992017
хант	4992016
странного	4992015
устроит	4992014
изнасиловал	4992013
вашингтона	4992012
тачку	4992011
осмотр	4992010
чашечку	4992009
валяи	4992008
отпуске	4992007
провал	4992006
несешь	4992005
доверял	4992004
подумает	4992003
францию	4992002
вероника	4992001
стивенс	4992000
полного	4991999
операционную	4991998
жан	4991997
актер	4991996
деятельности	4991995
тaк	4991994
нервничаешь	4991993
англию	4991992
башку	4991991
неверно	4991990
ружье	4991989
знаки	4991988
новыми	4991987
приедут	4991986
сигналы	4991985
рекламы	4991984
подразделение	4991983
арчи	4991982
трэвис	4991981
общения	4991980
девяти	4991979
планирует	4991978
вскрытие	4991977
сеанс	4991976
различных	4991975
мэл	4991974
особенная	4991973
поиграем	4991972
дружбы	4991971
золотые	4991970
запомните	4991969
срока	4991968
решетку	4991967
похуже	4991966
поменьше	4991965
особое	4991964
ролях	4991963
открытия	4991962
живое	4991961
благодарны	4991960
удивляет	4991959
целовать	4991958
морская	4991957
злая	4991956
дна	4991955
la	4991954
планируешь	4991953
схватили	4991952
ушло	4991951
могиле	4991950
спите	4991949
игрои	4991948
травы	4991947
шефа	4991946
пегги	4991945
фостер	4991944
хоуп	4991943
кажутся	4991942
испании	4991941
обратить	4991940
выживет	4991939
семеиное	4991938
бывали	4991937
ангела	4991936
вытащу	4991935
бреннан	4991934
телефоном	4991933
реальнои	4991932
передача	4991931
дню	4991930
прекрасны	4991929
выясню	4991928
чип	4991927
иззи	4991926
поверите	4991925
баффи	4991924
ецн	4991923
прекрасен	4991922
отправится	4991921
заметно	4991920
желаешь	4991919
классные	4991918
пропавших	4991917
кензи	4991916
дэимон	4991915
пьешь	4991914
одета	4991913
продают	4991912
положения	4991911
кукла	4991910
журнале	4991909
студию	4991908
копам	4991907
загадка	4991906
доставили	4991905
винни	4991904
величества	4991903
покоиник	4991902
нарисовал	4991901
пустить	4991900
поднялся	4991899
мелкие	4991898
секретная	4991897
покупаю	4991896
поначалу	4991895
сидим	4991894
воин	4991893
процесса	4991892
студент	4991891
ненавидела	4991890
качество	4991889
кузина	4991888
андерсон	4991887
голосовать	4991886
остынь	4991885
адресу	4991884
вернем	4991883
чжун	4991882
оставшуюся	4991881
беспокоился	4991880
покажешь	4991879
рамки	4991878
вставаите	4991877
беду	4991876
такер	4991875
лежат	4991874
мэг	4991873
холл	4991872
поедим	4991871
ограбили	4991870
расстроиство	4991869
тату	4991868
смирно	4991867
тяни	4991866
заботит	4991865
меньшеи	4991864
завтрашнего	4991863
расстояние	4991862
близнецы	4991861
way	4991860
позволять	4991859
планов	4991858
джошуа	4991857
медицинскии	4991856
банку	4991855
пятна	4991854
цел	4991853
опасны	4991852
заключенных	4991851
штатах	4991850
отдашь	4991849
освобождение	4991848
пиццы	4991847
знакомых	4991846
директором	4991845
видов	4991844
пожелаешь	4991843
понимание	4991842
марио	4991841
страницу	4991840
отчеты	4991839
раю	4991838
подсказывает	4991837
инфекция	4991836
купишь	4991835
старается	4991834
приезжать	4991833
ударь	4991832
заговор	4991831
квартале	4991830
танцев	4991829
пустяки	4991828
сюзан	4991827
механизм	4991826
обдумать	4991825
ѕочему	4991824
завершить	4991823
детишки	4991822
ударили	4991821
пережили	4991820
детские	4991819
стоун	4991818
удостовериться	4991817
убегать	4991816
битве	4991815
партнера	4991814
time	4991813
черном	4991812
дураком	4991811
потратила	4991810
основываясь	4991809
шелби	4991808
возвращался	4991807
случаю	4991806
женюсь	4991805
поступает	4991804
скотина	4991803
законом	4991802
входить	4991801
остаешься	4991800
ценности	4991799
должное	4991798
уезжаи	4991797
стереть	4991796
хилл	4991795
потратили	4991794
уважаемыи	4991793
двигается	4991792
неитан	4991791
пьяна	4991790
уинстон	4991789
толпы	4991788
ноа	4991787
убедитесь	4991786
стенах	4991785
шаги	4991784
ожидании	4991783
франсуа	4991782
похоронить	4991781
покинули	4991780
прогулку	4991779
женскии	4991778
засунуть	4991777
охранять	4991776
обладает	4991775
мартини	4991774
техас	4991773
партнером	4991772
прессы	4991771
трупов	4991770
продаю	4991769
лады	4991768
телу	4991767
поверхность	4991766
тяжелые	4991765
подержать	4991764
похорон	4991763
назначили	4991762
повелитель	4991761
нравились	4991760
смесь	4991759
достиг	4991758
любым	4991757
христос	4991756
октября	4991755
врагом	4991754
проиграть	4991753
назначить	4991752
попаду	4991751
министерство	4991750
могилы	4991749
честью	4991748
бывшим	4991747
тако	4991746
недвижимости	4991745
властью	4991744
произошел	4991743
срочное	4991742
инцидент	4991741
покупал	4991740
соберись	4991739
проводите	4991738
аль	4991737
рискованно	4991736
июня	4991735
используется	4991734
лорел	4991733
ритуал	4991732
фургоне	4991731
митч	4991730
существовать	4991729
разводе	4991728
незачем	4991727
реакции	4991726
выносить	4991725
больных	4991724
лежала	4991723
подавать	4991722
грэм	4991721
кричи	4991720
предки	4991719
грузовика	4991718
see	4991717
звезду	4991716
проводят	4991715
кислород	4991714
прослушивание	4991713
дункан	4991712
ярость	4991711
противника	4991710
прибудет	4991709
предположительно	4991708
возникли	4991707
знакомству	4991706
ученыи	4991705
продавец	4991704
секретныи	4991703
отдаю	4991702
альфред	4991701
позаботился	4991700
изменяет	4991699
обещания	4991698
лестер	4991697
созданы	4991696
перри	4991695
человеческого	4991694
доля	4991693
мик	4991692
черепа	4991691
заявить	4991690
ненормальныи	4991689
зимои	4991688
томпсон	4991687
письме	4991686
кораблеи	4991685
сюжет	4991684
няня	4991683
дона	4991682
мэдди	4991681
наличие	4991680
необходимость	4991679
надеялись	4991678
куинн	4991677
виды	4991676
жидкость	4991675
угостить	4991674
успеем	4991673
поставьте	4991672
спасет	4991671
становлюсь	4991670
лжешь	4991669
пламя	4991668
берем	4991667
свободного	4991666
забирает	4991665
разведки	4991664
явился	4991663
оон	4991662
клятву	4991661
заботу	4991660
жертве	4991659
симон	4991658
имущество	4991657
игрушка	4991656
змеи	4991655
отделении	4991654
зацепка	4991653
космическии	4991652
паники	4991651
фредерик	4991650
деимон	4991649
шлюхои	4991648
бассеина	4991647
высокого	4991646
good	4991645
снимал	4991644
горячеи	4991643
калифорния	4991642
отдельно	4991641
цезарь	4991640
завод	4991639
стоимость	4991638
целях	4991637
заберите	4991636
as	4991635
заплатят	4991634
научу	4991633
госпитале	4991632
поведу	4991631
циа	4991630
разницу	4991629
дабы	4991628
беременность	4991627
пищи	4991626
встала	4991625
деревня	4991624
первому	4991623
карточки	4991622
сыновеи	4991621
обидно	4991620
насладиться	4991619
выборах	4991618
ареста	4991617
ужасную	4991616
багажник	4991615
темные	4991614
встретили	4991613
финал	4991612
окружнои	4991611
носила	4991610
тигр	4991609
огаио	4991608
несчастье	4991607
черных	4991606
ответит	4991605
поимаю	4991604
останавливаться	4991603
бабушку	4991602
бывать	4991601
подходе	4991600
забудешь	4991599
вначале	4991598
получи	4991597
значат	4991596
глотку	4991595
персонала	4991594
придерживаться	4991593
влюблены	4991592
отчего	4991591
причинять	4991590
очнулся	4991589
зрение	4991588
прокатиться	4991587
встретится	4991586
человеческие	4991585
находят	4991584
гражданин	4991583
высокои	4991582
поток	4991581
рядовои	4991580
hey	4991579
встречаются	4991578
вызывать	4991577
домам	4991576
закрывается	4991575
свежие	4991574
адамс	4991573
задержали	4991572
президенту	4991571
монстра	4991570
планирую	4991569
переживает	4991568
полюбить	4991567
джеика	4991566
переидем	4991565
разбудить	4991564
мошенник	4991563
атака	4991562
фирму	4991561
изначально	4991560
обезьяна	4991559
спокоинее	4991558
пса	4991557
уедешь	4991556
великие	4991555
уничтожит	4991554
живыми	4991553
риме	4991552
успехом	4991551
льдом	4991550
послушаем	4991549
трижды	4991548
потенциал	4991547
достигли	4991546
посмотришь	4991545
поздравить	4991544
унпньн	4991543
ходите	4991542
престарелых	4991541
обидел	4991540
выставить	4991539
перестанет	4991538
конфликт	4991537
космосе	4991536
странице	4991535
свободным	4991534
смеялись	4991533
забываю	4991532
хэллоуин	4991531
беверли	4991530
писали	4991529
гладко	4991528
тьмы	4991527
королевскои	4991526
простые	4991525
угрожать	4991524
взволнован	4991523
отправляися	4991522
официант	4991521
останавливаися	4991520
идиота	4991519
джеком	4991518
обманывать	4991517
наступил	4991516
отыскать	4991515
бизнесом	4991514
даром	4991513
достоин	4991512
джоди	4991511
американского	4991510
кеити	4991509
выберемся	4991508
сего	4991507
деревьев	4991506
уидут	4991505
заключили	4991504
беисбол	4991503
принимаете	4991502
напомни	4991501
номеров	4991500
глупои	4991499
фи	4991498
приносить	4991497
тгм	4991496
фраза	4991495
хватать	4991494
укрытие	4991493
государства	4991492
одиннадцать	4991491
полагается	4991490
мексике	4991489
поживает	4991488
секретнои	4991487
бывших	4991486
продаже	4991485
компьютеры	4991484
тимоти	4991483
кону	4991482
down	4991481
озере	4991480
курицу	4991479
сдаваися	4991478
давненько	4991477
честность	4991476
труд	4991475
анализа	4991474
нажать	4991473
отправилась	4991472
владельца	4991471
па	4991470
субтитров	4991469
источники	4991468
трон	4991467
допроса	4991466
положили	4991465
погибнуть	4991464
торрес	4991463
досталось	4991462
институт	4991461
from	4991460
дико	4991459
барби	4991458
подставили	4991457
возвращаешься	4991456
судом	4991455
сиси	4991454
рассвете	4991453
некотором	4991452
mы	4991451
сходит	4991450
онлаин	4991449
заставляешь	4991448
вкусныи	4991447
жилье	4991446
повлиять	4991445
заднии	4991444
улицам	4991443
рюкзак	4991442
территория	4991441
мечтаю	4991440
зала	4991439
кучеи	4991438
знаменитыи	4991437
поторопитесь	4991436
уокер	4991435
эстер	4991434
позаботимся	4991433
император	4991432
сбить	4991431
предлагаете	4991430
реакцию	4991429
одинока	4991428
страдании	4991427
стекла	4991426
открываите	4991425
справились	4991424
экране	4991423
фонда	4991422
заслуживают	4991421
eгo	4991420
отвечал	4991419
холодная	4991418
ничему	4991417
v	4991416
границе	4991415
имело	4991414
выходила	4991413
возражать	4991412
чили	4991411
принципе	4991410
детективом	4991409
лгала	4991408
танцует	4991407
героин	4991406
мышцы	4991405
счете	4991404
пирога	4991403
мертвои	4991402
мр	4991401
продала	4991400
эллис	4991399
бассеине	4991398
известны	4991397
мобильник	4991396
стати	4991395
открытои	4991394
учительница	4991393
освободите	4991392
тренера	4991391
старшая	4991390
плату	4991389
одинокии	4991388
вернула	4991387
выпусти	4991386
наняла	4991385
профессиональныи	4991384
выиграет	4991383
контролирует	4991382
хера	4991381
мелисса	4991380
замечательные	4991379
ножницы	4991378
леитенанта	4991377
штучка	4991376
свободнои	4991375
руководитель	4991374
понравились	4991373
подошла	4991372
чеиз	4991371
справляется	4991370
вклад	4991369
данте	4991368
частично	4991367
пои	4991366
юноша	4991365
счастливыми	4991364
восхищаюсь	4991363
продолжу	4991362
штраф	4991361
религии	4991360
тупые	4991359
заведение	4991358
веселья	4991357
застрелить	4991356
мухи	4991355
преследовал	4991354
лета	4991353
вампира	4991352
чертовои	4991351
среды	4991350
края	4991349
рассказываю	4991348
сару	4991347
дыры	4991346
коллег	4991345
ждете	4991344
креиг	4991343
особого	4991342
сотрудничество	4991341
меньшее	4991340
назначения	4991339
трахаться	4991338
щиты	4991337
вдова	4991336
повар	4991335
поимала	4991334
приказываю	4991333
his	4991332
карточку	4991331
запросто	4991330
сдаваться	4991329
радоваться	4991328
студенты	4991327
вызываю	4991326
готовится	4991325
напился	4991324
совершал	4991323
раиона	4991322
казнь	4991321
джима	4991320
мосту	4991319
молния	4991318
переживаешь	4991317
продукт	4991316
старшего	4991315
констебль	4991314
тихии	4991313
американская	4991312
содержит	4991311
скрывается	4991310
привычка	4991309
питания	4991308
elderman	4991307
апреля	4991306
порвал	4991305
августа	4991304
сумочку	4991303
уговор	4991302
шепард	4991301
разными	4991300
столовои	4991299
волна	4991298
прозвище	4991297
счетов	4991296
обними	4991295
многому	4991294
захватили	4991293
всюду	4991292
think	4991291
ƒ	4991290
исчезновения	4991289
погнали	4991288
медицинские	4991287
чистые	4991286
открытку	4991285
сол	4991284
соки	4991283
мастера	4991282
обычным	4991281
кларка	4991280
патруль	4991279
возникла	4991278
этажа	4991277
заставь	4991276
скарлетт	4991275
втроем	4991274
двести	4991273
дикс	4991272
новенькая	4991271
пообщаться	4991270
целеи	4991269
доминик	4991268
борьбу	4991267
франклин	4991266
телевидение	4991265
попробовал	4991264
привезла	4991263
напарника	4991262
смотрится	4991261
обычного	4991260
политике	4991259
личным	4991258
показывал	4991257
молодости	4991256
заберет	4991255
нежели	4991254
сломала	4991253
местнои	4991252
позиция	4991251
пробовала	4991250
аплодисменты	4991249
рима	4991248
крут	4991247
возьмут	4991246
чака	4991245
надену	4991244
общались	4991243
неси	4991242
шагов	4991241
бесплатныи	4991240
oни	4991239
сегодн	4991238
дошли	4991237
следующих	4991236
доберусь	4991235
протокола	4991234
превращается	4991233
поздравляем	4991232
вздумаи	4991231
задницеи	4991230
убиваешь	4991229
бенджамин	4991228
бэили	4991227
back	4991226
хизер	4991225
поуп	4991224
заперта	4991223
удается	4991222
пристрелить	4991221
аппетит	4991220
тяжелее	4991219
защитои	4991218
здоровыи	4991217
вкусе	4991216
попыталась	4991215
холоднои	4991214
корпус	4991213
судье	4991212
организм	4991211
маньяк	4991210
рубашки	4991209
геев	4991208
ред	4991207
fad	4991206
занял	4991205
харт	4991204
маска	4991203
гор	4991202
сыра	4991201
американские	4991200
звал	4991199
беннет	4991198
человеческии	4991197
припоминаю	4991196
божья	4991195
праис	4991194
частная	4991193
эвелин	4991192
крыло	4991191
мюрреи	4991190
заткнуться	4991189
плащ	4991188
лорда	4991187
туман	4991186
тревор	4991185
капитану	4991184
крупныи	4991183
спросишь	4991182
ведите	4991181
изнасилование	4991180
клоун	4991179
пригнись	4991178
джерси	4991177
границеи	4991176
запутался	4991175
роды	4991174
пострадает	4991173
сдался	4991172
приключение	4991171
кроватью	4991170
незаметно	4991169
рыцарь	4991168
редакция	4991167
обвиняют	4991166
начинал	4991165
подставить	4991164
моды	4991163
торопитесь	4991162
населения	4991161
наидены	4991160
родились	4991159
бармен	4991158
истины	4991157
отделения	4991156
столкнулись	4991155
коже	4991154
умные	4991153
верхом	4991152
умри	4991151
мужчинам	4991150
оставив	4991149
убирать	4991148
аллен	4991147
закончено	4991146
ткань	4991145
уверенным	4991144
попить	4991143
дина	4991142
сыне	4991141
встретишь	4991140
исполнить	4991139
ученые	4991138
питание	4991137
психиатр	4991136
встреч	4991135
хэили	4991134
барнс	4991133
кислорода	4991132
опаздывает	4991131
доходит	4991130
шеила	4991129
украшения	4991128
охоты	4991127
поместить	4991126
отто	4991125
суши	4991124
боялись	4991123
курса	4991122
забеременела	4991121
клаид	4991120
чудес	4991119
бюджет	4991118
заказала	4991117
попросите	4991116
вытащим	4991115
подруге	4991114
культуры	4991113
лиги	4991112
строи	4991111
фига	4991110
конь	4991109
племени	4991108
спереди	4991107
иль	4991106
отправьте	4991105
веке	4991104
богатым	4991103
двоим	4991102
плохом	4991101
выстрелить	4991100
сенатора	4991099
недостаток	4991098
богатых	4991097
who	4991096
поль	4991095
уничтожили	4991094
следовательно	4991093
таимс	4991092
газета	4991091
отношусь	4991090
выпивки	4991089
дональд	4991088
коллинз	4991087
церемония	4991086
стреляет	4991085
работая	4991084
ревнуешь	4991083
светом	4991082
спутник	4991081
омар	4991080
подарков	4991079
янки	4991078
проник	4991077
заботишься	4991076
порвать	4991075
риска	4991074
вдали	4991073
научила	4991072
ботинок	4991071
уидите	4991070
дениз	4991069
эллисон	4991068
джентельмены	4991067
ƒаваи	4991066
придумаю	4991065
выкладываи	4991064
остальном	4991063
федералы	4991062
сосредоточься	4991061
мягко	4991060
камилла	4991059
чхве	4991058
фестиваль	4991057
раиана	4991056
исключить	4991055
беды	4991054
случаются	4991053
любых	4991052
относятся	4991051
великолепная	4991050
ложью	4991049
залезть	4991048
собери	4991047
паспорта	4991046
юныи	4991045
профиль	4991044
пел	4991043
отрезать	4991042
тьма	4991041
посадят	4991040
человеческая	4991039
трусики	4991038
оз	4991037
указывают	4991036
надела	4991035
отвечаите	4991034
кричат	4991033
ракета	4991032
допросить	4991031
помощником	4991030
гнева	4991029
полли	4991028
попытке	4991027
экипаж	4991026
разбила	4991025
собрания	4991024
выпьешь	4991023
овощи	4991022
партнеры	4991021
старт	4991020
подобрать	4991019
желать	4991018
опустить	4991017
сильна	4991016
охранника	4991015
тарелки	4991014
покинула	4991013
подобным	4991012
русских	4991011
родни	4991010
упали	4991009
дяде	4991008
покидать	4991007
уолкер	4991006
хуиня	4991005
связывает	4991004
ответишь	4991003
эмоционально	4991002
полет	4991001
красивее	4991000
обычных	4990999
сознании	4990998
выпили	4990997
подозрительно	4990996
ерунду	4990995
пустые	4990994
способов	4990993
кеитлин	4990992
квартал	4990991
почувствуешь	4990990
англииского	4990989
палмер	4990988
наркотик	4990987
прибытия	4990986
нуждаются	4990985
несколькими	4990984
упоминала	4990983
кевина	4990982
патроны	4990981
королевство	4990980
находишься	4990979
сексуальное	4990978
манеры	4990977
задачу	4990976
лиц	4990975
выидите	4990974
сержанта	4990973
саманта	4990972
избил	4990971
кошек	4990970
эго	4990969
сломана	4990968
мда	4990967
чипсы	4990966
жак	4990965
спальни	4990964
поднимаи	4990963
предметы	4990962
создает	4990961
навстречу	4990960
бросишь	4990959
местоположение	4990958
вспомните	4990957
раунд	4990956
коня	4990955
сексуальных	4990954
галлюцинации	4990953
заведения	4990952
совпадают	4990951
нынче	4990950
проснуться	4990949
двигатели	4990948
джеисона	4990947
чокнутая	4990946
огромным	4990945
записка	4990944
слаб	4990943
давности	4990942
перелом	4990941
деив	4990940
продает	4990939
лекции	4990938
обслуживание	4990937
истинныи	4990936
волшебник	4990935
разрешили	4990934
заднеи	4990933
церемонию	4990932
смело	4990931
отправим	4990930
осознал	4990929
наладить	4990928
храни	4990927
продолжение	4990926
ниоткуда	4990925
ездили	4990924
поднимать	4990923
врасплох	4990922
бедных	4990921
сообщила	4990920
пони	4990919
разговаривают	4990918
возникает	4990917
подержи	4990916
мэттью	4990915
буря	4990914
фрукты	4990913
пофиг	4990912
рожденья	4990911
внешность	4990910
простым	4990909
среднии	4990908
репортаж	4990907
телефонные	4990906
посуду	4990905
миа	4990904
революции	4990903
жест	4990902
слушаете	4990901
одиночество	4990900
появляться	4990899
пошлю	4990898
похожее	4990897
камерои	4990896
страниц	4990895
лишних	4990894
делся	4990893
артура	4990892
чаевые	4990891
заставлял	4990890
лоуренс	4990889
вернетесь	4990888
прощение	4990887
кончается	4990886
обыскать	4990885
губернатора	4990884
сандра	4990883
зверя	4990882
термин	4990881
скотч	4990880
причастен	4990879
веков	4990878
особенным	4990877
честнои	4990876
неудачу	4990875
подтверждает	4990874
отличнои	4990873
послезавтра	4990872
ужасным	4990871
ѕривет	4990870
забеи	4990869
нила	4990868
откроем	4990867
влево	4990866
розовыи	4990865
остин	4990864
решишь	4990863
ограбить	4990862
таинои	4990861
иорк	4990860
среда	4990859
смелость	4990858
ценность	4990857
всякую	4990856
беседу	4990855
пугать	4990854
объявляю	4990853
намеренно	4990852
маски	4990851
выдержит	4990850
глупи	4990849
чувством	4990848
проделал	4990847
соврала	4990846
агентства	4990845
пороге	4990844
ведущии	4990843
передали	4990842
ушеи	4990841
камнеи	4990840
сели	4990839
чао	4990838
невыносимо	4990837
свяжусь	4990836
норма	4990835
калибра	4990834
футболку	4990833
подходящего	4990832
решении	4990831
краски	4990830
китае	4990829
тревоги	4990828
ресурсы	4990827
сексуального	4990826
орать	4990825
веселее	4990824
чистое	4990823
проитись	4990822
приходило	4990821
государство	4990820
голосование	4990819
получалось	4990818
объяснения	4990817
включает	4990816
боролся	4990815
согласия	4990814
туннель	4990813
биться	4990812
масса	4990811
деятельность	4990810
главы	4990809
мозгу	4990808
пожара	4990807
полагать	4990806
слона	4990805
сядем	4990804
предпринять	4990803
даа	4990802
поклялся	4990801
стреляют	4990800
экзамены	4990799
субъект	4990798
джемма	4990797
отправляется	4990796
new	4990795
воевать	4990794
приятеля	4990793
помешала	4990792
мыслями	4990791
крыс	4990790
сигарет	4990789
умираешь	4990788
улыбку	4990787
ведро	4990786
огни	4990785
салливан	4990784
аборт	4990783
каиф	4990782
изучал	4990781
мадмуазель	4990780
стоя	4990779
слез	4990778
сериала	4990777
пьют	4990776
приключения	4990775
получаете	4990774
сотрудники	4990773
примут	4990772
грэис	4990771
транспорт	4990770
вытащили	4990769
упс	4990768
фамилии	4990767
ходим	4990766
успеешь	4990765
еде	4990764
спины	4990763
необычного	4990762
убииству	4990761
рождении	4990760
дешевле	4990759
министерства	4990758
жара	4990757
малкольм	4990756
потихоньку	4990755
мерфи	4990754
подтвердил	4990753
слабое	4990752
быстренько	4990751
ударом	4990750
узнав	4990749
стоим	4990748
образования	4990747
пожелаете	4990746
присядьте	4990745
правая	4990744
умник	4990743
брала	4990742
страховки	4990741
единственного	4990740
капрал	4990739
предательство	4990738
пробовали	4990737
министра	4990736
трупа	4990735
ассистент	4990734
рико	4990733
существ	4990732
таковы	4990731
появления	4990730
тачка	4990729
самыми	4990728
задам	4990727
планах	4990726
хлам	4990725
являюсь	4990724
докажи	4990723
задал	4990722
музыкои	4990721
уверенности	4990720
алекса	4990719
консультант	4990718
страдал	4990717
билета	4990716
родственник	4990715
тэилор	4990714
нико	4990713
испытать	4990712
звучало	4990711
запасы	4990710
доклад	4990709
езды	4990708
мозгов	4990707
свободная	4990706
чеки	4990705
перезвонить	4990704
голубые	4990703
трава	4990702
прислать	4990701
солнечныи	4990700
суки	4990699
портер	4990698
заняло	4990697
ссора	4990696
побега	4990695
докажу	4990694
конференции	4990693
бедные	4990692
ѕ	4990691
боифренд	4990690
спорта	4990689
улыбается	4990688
поу	4990687
править	4990686
сомневался	4990685
счастливее	4990684
полета	4990683
опасна	4990682
заговорил	4990681
бьет	4990680
ночеи	4990679
важную	4990678
прослежу	4990677
ковбои	4990676
администрации	4990675
европы	4990674
верность	4990673
гаи	4990672
практика	4990671
стольких	4990670
веснои	4990669
коридору	4990668
любимым	4990667
прошлую	4990666
жми	4990665
сущность	4990664
кричала	4990663
девчонкои	4990662
приди	4990661
чертовщина	4990660
музее	4990659
ран	4990658
пользуется	4990657
жалобу	4990656
разряд	4990655
взглядом	4990654
прочее	4990653
приедем	4990652
очаровательно	4990651
анджела	4990650
обстановку	4990649
ебать	4990648
моменту	4990647
совету	4990646
тьl	4990645
разозлился	4990644
брэндон	4990643
собачья	4990642
ху	4990641
луч	4990640
увести	4990639
тестов	4990638
менеджера	4990637
глухои	4990636
скрыться	4990635
берегите	4990634
граждан	4990633
собирает	4990632
волнуется	4990631
пуль	4990630
ранение	4990629
остановки	4990628
рэд	4990627
экскурсию	4990626
избили	4990625
ив	4990624
вещества	4990623
доберемся	4990622
штаб	4990621
ударов	4990620
плод	4990619
посмел	4990618
дн	4990617
дурацкая	4990616
обратился	4990615
проходила	4990614
карточка	4990613
встречаетесь	4990612
джем	4990611
некому	4990610
указывать	4990609
вежливо	4990608
окружающеи	4990607
сумел	4990606
посмотрели	4990605
зрителеи	4990604
нации	4990603
начинаются	4990602
конкурсе	4990601
упустить	4990600
will	4990599
младшего	4990598
давлением	4990597
вегас	4990596
политику	4990595
главных	4990594
гнездо	4990593
голоду	4990592
непосредственно	4990591
коди	4990590
инженер	4990589
автомат	4990588
связываться	4990587
бросит	4990586
хана	4990585
ангелов	4990584
сложилось	4990583
захватил	4990582
хуан	4990581
тел	4990580
аромат	4990579
ребятам	4990578
мочи	4990577
журналы	4990576
случилась	4990575
востоке	4990574
шея	4990573
собрании	4990572
горничная	4990571
сложное	4990570
фитц	4990569
корпорации	4990568
сбор	4990567
переговоров	4990566
подготовки	4990565
потребовалось	4990564
фильмах	4990563
свиданья	4990562
достоино	4990561
меисон	4990560
самоубииства	4990559
закончиться	4990558
запас	4990557
здоровы	4990556
ирония	4990555
севере	4990554
отблагодарить	4990553
встанет	4990552
темноты	4990551
целоваться	4990550
пиши	4990549
наделала	4990548
бах	4990547
порт	4990546
мороженого	4990545
бросаешь	4990544
крепость	4990543
лоб	4990542
пугаешь	4990541
вынуждена	4990540
бостон	4990539
глазу	4990538
человеческое	4990537
таиныи	4990536
городок	4990535
профессии	4990534
собрала	4990533
ужасе	4990532
лос	4990531
лидера	4990530
сработал	4990529
учишься	4990528
выполнил	4990527
дереве	4990526
комментариев	4990525
шарики	4990524
разрешаю	4990523
j	4990522
продавал	4990521
растения	4990520
позволят	4990519
летим	4990518
мерседес	4990517
слушала	4990516
знание	4990515
издеваетесь	4990514
отправляемся	4990513
дурацкие	4990512
угадаите	4990511
повредит	4990510
проведать	4990509
мед	4990508
тарелку	4990507
траву	4990506
библиотеку	4990505
роб	4990504
сильвия	4990503
основные	4990502
благодарим	4990501
прожил	4990500
хе	4990499
опасным	4990498
улыбнись	4990497
сестренка	4990496
здорова	4990495
умна	4990494
налогов	4990493
посетитель	4990492
лена	4990491
падре	4990490
палате	4990489
трудное	4990488
техника	4990487
башни	4990486
скаи	4990485
подросток	4990484
ежедневно	4990483
белла	4990482
красивых	4990481
столкнулся	4990480
охотники	4990479
дедушки	4990478
отведите	4990477
страшное	4990476
навеки	4990475
некии	4990474
жертвами	4990473
брали	4990472
ария	4990471
арестуют	4990470
горячие	4990469
расскажем	4990468
разбудил	4990467
дке	4990466
достижения	4990465
детишек	4990464
заберем	4990463
цепь	4990462
солдата	4990461
заклад	4990460
стрельба	4990459
стрелка	4990458
вещам	4990457
милочка	4990456
огнем	4990455
джинсы	4990454
заключил	4990453
сообщи	4990452
марки	4990451
страховку	4990450
названия	4990449
кварталах	4990448
относишься	4990447
площадь	4990446
участия	4990445
спешу	4990444
белл	4990443
зарплаты	4990442
яму	4990441
святые	4990440
обещать	4990439
платишь	4990438
соседа	4990437
картошку	4990436
противно	4990435
счастливые	4990434
договоримся	4990433
тратишь	4990432
кампанию	4990431
праздники	4990430
обручальное	4990429
длится	4990428
защитник	4990427
порошок	4990426
падают	4990425
встречусь	4990424
помешало	4990423
принимаи	4990422
пикник	4990421
пою	4990420
пульт	4990419
поимете	4990418
спеши	4990417
изменении	4990416
запереть	4990415
смелыи	4990414
грудью	4990413
вещество	4990412
наследство	4990411
плохи	4990410
бернард	4990409
карт	4990408
арнольд	4990407
скрываешь	4990406
решу	4990405
французы	4990404
местами	4990403
декабря	4990402
зоопарк	4990401
эш	4990400
террористов	4990399
направить	4990398
родится	4990397
страшная	4990396
пережила	4990395
мур	4990394
привлекает	4990393
восточнои	4990392
беседы	4990391
превратилась	4990390
существования	4990389
признания	4990388
лас	4990387
рождение	4990386
пояс	4990385
франция	4990384
чуток	4990383
реальная	4990382
интересного	4990381
ноября	4990380
уберу	4990379
варианта	4990378
парнишка	4990377
прилично	4990376
стран	4990375
us	4990374
безумныи	4990373
боссу	4990372
ситуациеи	4990371
деиствуют	4990370
однозначно	4990369
арестом	4990368
улучшить	4990367
содержание	4990366
пополам	4990365
победила	4990364
открытыи	4990363
изменение	4990362
живая	4990361
поставим	4990360
братства	4990359
молоком	4990358
укол	4990357
сложные	4990356
призраки	4990355
обвинили	4990354
сообщать	4990353
деталеи	4990352
герцог	4990351
инцдю	4990350
камня	4990349
голод	4990348
принимали	4990347
борис	4990346
злость	4990345
извлечь	4990344
добавил	4990343
джудит	4990342
тянуть	4990341
уволят	4990340
афганистане	4990339
мальчишки	4990338
блестяще	4990337
закончит	4990336
хантер	4990335
желал	4990334
сложности	4990333
утверждать	4990332
атаковать	4990331
характера	4990330
похожим	4990329
охранников	4990328
дороти	4990327
красть	4990326
обращаите	4990325
эбигеил	4990324
лидером	4990323
разрушила	4990322
серьезного	4990321
легкии	4990320
течет	4990319
героев	4990318
убиице	4990317
медицинская	4990316
смертельно	4990315
мальчику	4990314
берни	4990313
флинн	4990312
платили	4990311
грязную	4990310
отменили	4990309
пожелать	4990308
умным	4990307
закончите	4990306
ћадно	4990305
гарднер	4990304
заберут	4990303
обучения	4990302
считаите	4990301
начальником	4990300
джоанна	4990299
количеством	4990298
уедет	4990297
внук	4990296
женишься	4990295
улика	4990294
погулять	4990293
дочереи	4990292
притвориться	4990291
гордился	4990290
принимаем	4990289
известных	4990288
шарф	4990287
позволяешь	4990286
лола	4990285
испытывать	4990284
побывал	4990283
организовал	4990282
преследуют	4990281
касательно	4990280
хорошенькая	4990279
стива	4990278
коллекции	4990277
тревогу	4990276
палку	4990275
древние	4990274
сыграл	4990273
привычки	4990272
эт	4990271
демонов	4990270
мероприятие	4990269
нахер	4990268
удары	4990267
пела	4990266
дурь	4990265
смеися	4990264
пастор	4990263
дворце	4990262
сдержать	4990261
круга	4990260
бросок	4990259
пробраться	4990258
подозревал	4990257
газет	4990256
одеваться	4990255
take	4990254
повреждение	4990253
верили	4990252
пр	4990251
лук	4990250
заключения	4990249
кража	4990248
мыть	4990247
впорядке	4990246
интереснее	4990245
посадил	4990244
почки	4990243
обеспокоен	4990242
используите	4990241
подаи	4990240
небезопасно	4990239
влюбиться	4990238
нервныи	4990237
джеф	4990236
слабости	4990235
проидите	4990234
веки	4990233
теме	4990232
диноззо	4990231
штанах	4990230
тэмми	4990229
поговоришь	4990228
пенсии	4990227
создан	4990226
вызвало	4990225
утечка	4990224
здрасте	4990223
ученики	4990222
алана	4990221
общеи	4990220
бьюсь	4990219
отнять	4990218
племянница	4990217
проидем	4990216
хьюстон	4990215
ухаживать	4990214
джульетта	4990213
готовься	4990212
беспокоиства	4990211
взволнована	4990210
погибших	4990209
демона	4990208
сердишься	4990207
запиши	4990206
премию	4990205
прорыв	4990204
тормози	4990203
карманы	4990202
пак	4990201
достоинства	4990200
удивительная	4990199
поместье	4990198
федерации	4990197
мс	4990196
полезным	4990195
морис	4990194
щит	4990193
переговорить	4990192
развлечения	4990191
прикрои	4990190
позвала	4990189
знакомства	4990188
гольфа	4990187
нравитесь	4990186
живые	4990185
выглядели	4990184
бруно	4990183
сработала	4990182
силен	4990181
исследовать	4990180
офицером	4990179
временами	4990178
бриллианты	4990177
шутит	4990176
круз	4990175
призраков	4990174
прогулки	4990173
колонии	4990172
слежения	4990171
главную	4990170
превратил	4990169
покончила	4990168
вегасе	4990167
возможных	4990166
классика	4990165
животными	4990164
богатые	4990163
садиться	4990162
происшествия	4990161
отправят	4990160
мексику	4990159
книжку	4990158
математике	4990157
толком	4990156
мертвые	4990155
получения	4990154
валери	4990153
отнеси	4990152
развитие	4990151
страница	4990150
истина	4990149
кишки	4990148
дэна	4990147
доити	4990146
указания	4990145
перестану	4990144
предполагал	4990143
мэром	4990142
частеи	4990141
настанет	4990140
границ	4990139
обязательства	4990138
гражданских	4990137
выбирает	4990136
ничуть	4990135
опаздываем	4990134
отпускать	4990133
салон	4990132
публично	4990131
гребаныи	4990130
абсурд	4990129
уитни	4990128
доске	4990127
толстая	4990126
метра	4990125
замечал	4990124
разрешено	4990123
впусти	4990122
растить	4990121
красоту	4990120
женскои	4990119
сыновья	4990118
китаискии	4990117
европу	4990116
сьюзен	4990115
федеральныи	4990114
дало	4990113
хэл	4990112
уметь	4990111
облака	4990110
выгнать	4990109
диктор	4990108
ра	4990107
курю	4990106
правления	4990105
блюда	4990104
западе	4990103
бросаите	4990102
янм	4990101
сока	4990100
приготовься	4990099
гостиницу	4990098
природу	4990097
пользовался	4990096
вождь	4990095
согласитесь	4990094
прикончить	4990093
налить	4990092
ферма	4990091
отнесу	4990090
бон	4990089
скотта	4990088
рекомендую	4990087
остановили	4990086
поступаешь	4990085
надеется	4990084
соревнования	4990083
арчер	4990082
выпивкои	4990081
кошелек	4990080
правую	4990079
торговыи	4990078
ставка	4990077
великих	4990076
волшебныи	4990075
коллекция	4990074
благословение	4990073
испытываю	4990072
разбирается	4990071
запер	4990070
откроешь	4990069
передумать	4990068
эзра	4990067
повреждении	4990066
похищения	4990065
слоан	4990064
квинн	4990063
воидет	4990062
довести	4990061
ужасен	4990060
разговоре	4990059
появление	4990058
свету	4990057
медленнее	4990056
мина	4990055
коды	4990054
отступить	4990053
западнои	4990052
ордера	4990051
инстинкт	4990050
рос	4990049
белья	4990048
видать	4990047
генератор	4990046
некоторыми	4990045
ведете	4990044
плата	4990043
обращение	4990042
приключении	4990041
зову	4990040
голои	4990039
детская	4990038
кончились	4990037
задолго	4990036
опоздание	4990035
человеческих	4990034
позволяют	4990033
экипажа	4990032
антон	4990031
выключите	4990030
пятеро	4990029
выводы	4990028
парик	4990027
крутым	4990026
little	4990025
лишить	4990024
каила	4990023
саму	4990022
кролика	4990021
сучки	4990020
топливо	4990019
оставалась	4990018
моррис	4990017
лечу	4990016
дэннис	4990015
глупое	4990014
запрет	4990013
бекон	4990012
выдал	4990011
желанием	4990010
важнои	4990009
готовила	4990008
техники	4990007
левыи	4990006
удивительныи	4990005
уничтожен	4990004
предлагал	4990003
необходима	4990002
грузовике	4990001
филадельфии	4990000
огги	4989999
участников	4989998
показ	4989997
жирныи	4989996
посылать	4989995
коридор	4989994
налеи	4989993
клиенту	4989992
жалобы	4989991
провода	4989990
заводить	4989989
депрессия	4989988
тяжелое	4989987
голыи	4989986
прекрасных	4989985
анны	4989984
скалли	4989983
известна	4989982
мигель	4989981
посоветовал	4989980
поступим	4989979
лишнии	4989978
чарльза	4989977
репетиции	4989976
принцип	4989975
подала	4989974
ковер	4989973
подразделения	4989972
зрители	4989971
травму	4989970
вплоть	4989969
источника	4989968
системои	4989967
заканчиваи	4989966
доказал	4989965
мощность	4989964
ночевать	4989963
выпускников	4989962
месяцами	4989961
фотки	4989960
защитит	4989959
разом	4989958
холле	4989957
донован	4989956
судью	4989955
рассказывали	4989954
хьюго	4989953
кинжал	4989952
заплатите	4989951
золотом	4989950
сектор	4989949
шарик	4989948
соблюдать	4989947
прибор	4989946
достоинство	4989945
регулярно	4989944
жестокии	4989943
девушкам	4989942
топлива	4989941
занято	4989940
золотая	4989939
трахнул	4989938
ожидаю	4989937
пэт	4989936
дан	4989935
учит	4989934
потанцуем	4989933
отцы	4989932
придем	4989931
бич	4989930
рубашке	4989929
вправо	4989928
пятницы	4989927
предупреждения	4989926
отличную	4989925
заживо	4989924
мыло	4989923
изменило	4989922
широко	4989921
долга	4989920
заболевание	4989919
канала	4989918
берлин	4989917
чон	4989916
картинки	4989915
ездит	4989914
симпсон	4989913
рассчитываю	4989912
захотели	4989911
волки	4989910
классах	4989909
великое	4989908
заложники	4989907
автограф	4989906
заводит	4989905
спальня	4989904
процедуры	4989903
вызови	4989902
велика	4989901
фишка	4989900
сестер	4989899
редкость	4989898
рынка	4989897
посередине	4989896
жидкости	4989895
чужих	4989894
фразу	4989893
марс	4989892
юге	4989891
моргана	4989890
протест	4989889
дикии	4989888
сдачи	4989887
катушек	4989886
каллен	4989885
врнаш	4989884
гарантировать	4989883
постараемся	4989882
утка	4989881
завтрака	4989880
малость	4989879
прыжок	4989878
перешли	4989877
поработали	4989876
марси	4989875
реиган	4989874
вывод	4989873
ряду	4989872
титул	4989871
близкие	4989870
oнa	4989869
уэллс	4989868
прочел	4989867
поклясться	4989866
клауса	4989865
школьнои	4989864
продам	4989863
прилетел	4989862
пропущу	4989861
общение	4989860
закончен	4989859
боец	4989858
геиб	4989857
избавился	4989856
заснул	4989855
убииствах	4989854
дкъ	4989853
битву	4989852
эдит	4989851
ошибке	4989850
подобраться	4989849
рабочего	4989848
диплом	4989847
ключа	4989846
частнои	4989845
килограмм	4989844
мила	4989843
зануда	4989842
бэт	4989841
хранение	4989840
баскетбол	4989839
англииском	4989838
сломалась	4989837
приснился	4989836
спагетти	4989835
спущусь	4989834
оставляют	4989833
полковника	4989832
прекратишь	4989831
особые	4989830
лина	4989829
домике	4989828
высшеи	4989827
служит	4989826
аиви	4989825
борода	4989824
женские	4989823
скот	4989822
поработал	4989821
куртка	4989820
использования	4989819
подростков	4989818
набрать	4989817
прическа	4989816
оставшиеся	4989815
кори	4989814
сохранил	4989813
холод	4989812
предпочитаешь	4989811
фрау	4989810
моментом	4989809
двоиное	4989808
показался	4989807
подписали	4989806
посылает	4989805
ставишь	4989804
прощание	4989803
терапия	4989802
ездила	4989801
вернет	4989800
лаура	4989799
вытащите	4989798
удивить	4989797
впечатляюще	4989796
сдала	4989795
мужиком	4989794
скольких	4989793
мотеле	4989792
национальныи	4989791
радиусе	4989790
оливера	4989789
настроения	4989788
разобрался	4989787
острыи	4989786
красную	4989785
меняться	4989784
рассвета	4989783
голыми	4989782
подушку	4989781
деиствуи	4989780
предельно	4989779
еярэ	4989778
мотель	4989777
унизительно	4989776
определенные	4989775
предположения	4989774
откроет	4989773
одеться	4989772
кошку	4989771
прерываю	4989770
австралии	4989769
наблюдает	4989768
ривер	4989767
гром	4989766
обращался	4989765
фигура	4989764
услышу	4989763
гроша	4989762
законов	4989761
объяснишь	4989760
планом	4989759
военного	4989758
суббота	4989757
попробуешь	4989756
беном	4989755
анжела	4989754
любовница	4989753
главои	4989752
порвала	4989751
несчастного	4989750
перешел	4989749
зто	4989748
мужество	4989747
защищаешь	4989746
взгляну	4989745
необходим	4989744
мертвого	4989743
дебра	4989742
опасное	4989741
ћожет	4989740
рисунки	4989739
баланс	4989738
простил	4989737
неправильныи	4989736
шерил	4989735
монеты	4989734
местная	4989733
синхронизация	4989732
страхе	4989731
видимости	4989730
печенья	4989729
забираите	4989728
присоединился	4989727
переулке	4989726
денек	4989725
соседнеи	4989724
съели	4989723
стеик	4989722
визита	4989721
потеряет	4989720
опасная	4989719
стелла	4989718
пациентом	4989717
маику	4989716
попытались	4989715
страннои	4989714
похитить	4989713
доидет	4989712
умом	4989711
формально	4989710
порядку	4989709
ванная	4989708
внутреннии	4989707
форман	4989706
жуткии	4989705
would	4989704
вспышка	4989703
производства	4989702
зима	4989701
наготове	4989700
благотворительность	4989699
вce	4989698
did	4989697
взялись	4989696
доложить	4989695
больны	4989694
татуировка	4989693
бл	4989692
пересмотреть	4989691
количества	4989690
геем	4989689
пение	4989688
ужасна	4989687
полицеискои	4989686
завоевать	4989685
раб	4989684
внутреннеи	4989683
гад	4989682
вест	4989681
готовят	4989680
гибели	4989679
ешьте	4989678
больным	4989677
учись	4989676
купите	4989675
платок	4989674
приглашаю	4989673
резать	4989672
трубу	4989671
взорвется	4989670
придете	4989669
прятать	4989668
пещере	4989667
пообещать	4989666
толпу	4989665
включил	4989664
супруга	4989663
дружить	4989662
фабрике	4989661
собираться	4989660
бренди	4989659
старк	4989658
анализов	4989657
встали	4989656
проектом	4989655
педик	4989654
ранить	4989653
пуст	4989652
провернуть	4989651
фотограф	4989650
готовил	4989649
тобою	4989648
взрослым	4989647
нажми	4989646
приезда	4989645
беседа	4989644
одеваися	4989643
звон	4989642
существовании	4989641
основная	4989640
дебил	4989639
планировала	4989638
строительство	4989637
улыбаешься	4989636
удерживать	4989635
вернее	4989634
виноватым	4989633
угадать	4989632
простых	4989631
ничтожество	4989630
жажда	4989629
полудня	4989628
несчастным	4989627
гол	4989626
бам	4989625
уничтожу	4989624
марли	4989623
записывать	4989622
сломан	4989621
наставник	4989620
услышите	4989619
жару	4989618
оперировать	4989617
стараешься	4989616
ссориться	4989615
охранои	4989614
элемент	4989613
приятная	4989612
столу	4989611
сдох	4989610
прежнему	4989609
стратегия	4989608
нои	4989607
единои	4989606
уничтожены	4989605
точное	4989604
стыд	4989603
нужное	4989602
выследить	4989601
всемогущии	4989600
братьями	4989599
берега	4989598
пита	4989597
смертныи	4989596
разобрались	4989595
скучает	4989594
ранили	4989593
интересов	4989592
ын	4989591
предать	4989590
смешная	4989589
отменяется	4989588
bы	4989587
куришь	4989586
отправлюсь	4989585
стесняися	4989584
картинка	4989583
иное	4989582
выступает	4989581
предполагалось	4989580
искусств	4989579
убиваи	4989578
отсутствует	4989577
ножки	4989576
подумаем	4989575
наидена	4989574
голодныи	4989573
предков	4989572
выбрался	4989571
мечом	4989570
смешным	4989569
опнярн	4989568
развлечении	4989567
чуточку	4989566
were	4989565
прихода	4989564
нежно	4989563
купол	4989562
взломал	4989561
нмх	4989560
трудные	4989559
рентген	4989558
кексы	4989557
смеха	4989556
флориде	4989555
франсин	4989554
хэтти	4989553
признак	4989552
ураган	4989551
убрал	4989550
бро	4989549
поездке	4989548
кушать	4989547
улажу	4989546
справляться	4989545
этап	4989544
направляемся	4989543
расследовать	4989542
лифта	4989541
подъем	4989540
обстоятельств	4989539
забор	4989538
удачного	4989537
нижнее	4989536
убьем	4989535
чую	4989534
серию	4989533
рнкэин	4989532
облегчить	4989531
кадров	4989530
хосе	4989529
оскорбление	4989528
орудия	4989527
стаканчик	4989526
выигрывает	4989525
осознать	4989524
безумная	4989523
оти	4989522
опоздаем	4989521
шахматы	4989520
трогательно	4989519
многими	4989518
публике	4989517
императора	4989516
трахал	4989515
фермы	4989514
израиль	4989513
клиники	4989512
поверят	4989511
молоток	4989510
беспокоилась	4989509
нарушить	4989508
then	4989507
погоды	4989506
доставка	4989505
добились	4989504
an	4989503
праву	4989502
общая	4989501
помогали	4989500
соедините	4989499
приближаются	4989498
погляди	4989497
ром	4989496
катрин	4989495
мощь	4989494
доход	4989493
заказывал	4989492
кт	4989491
прикрою	4989490
сплетни	4989489
уставился	4989488
активность	4989487
глупец	4989486
глен	4989485
мотоцикле	4989484
гитаре	4989483
чье	4989482
улиц	4989481
палату	4989480
наркоман	4989479
франк	4989478
напуганы	4989477
полотенца	4989476
здоровяк	4989475
советом	4989474
запястье	4989473
весна	4989472
занялся	4989471
закусочнои	4989470
менеджером	4989469
полпути	4989468
криминалисты	4989467
been	4989466
ошибается	4989465
хон	4989464
бросаю	4989463
сражался	4989462
куклу	4989461
шляпы	4989460
технология	4989459
принципы	4989458
халат	4989457
вознаграждение	4989456
обезьяны	4989455
мика	4989454
уходила	4989453
приносят	4989452
подготовка	4989451
дизаин	4989450
обращаются	4989449
окажешься	4989448
глупым	4989447
замечательное	4989446
любимую	4989445
космоса	4989444
начистоту	4989443
оправдания	4989442
января	4989441
пауни	4989440
or	4989439
упомянуть	4989438
награды	4989437
опасные	4989436
лир	4989435
понимания	4989434
слушали	4989433
получали	4989432
ранена	4989431
корни	4989430
завязал	4989429
поедете	4989428
эддисон	4989427
признал	4989426
поужинаем	4989425
ключеи	4989424
покидает	4989423
барон	4989422
нападении	4989421
глоток	4989420
обратное	4989419
паршиво	4989418
освободи	4989417
лестница	4989416
долои	4989415
ho	4989414
тренировка	4989413
апо	4989412
старались	4989411
уточнить	4989410
никакие	4989409
совершать	4989408
террорист	4989407
свободные	4989406
сядет	4989405
получаи	4989404
врала	4989403
семеиная	4989402
гонка	4989401
почве	4989400
музыкальныи	4989399
бренда	4989398
оркестр	4989397
сменил	4989396
покупатель	4989395
утверждают	4989394
поттер	4989393
мечтои	4989392
ужасного	4989391
превосходительство	4989390
пацаны	4989389
предел	4989388
оставите	4989387
делить	4989386
произносить	4989385
пятои	4989384
мыслью	4989383
фраи	4989382
готовишь	4989381
умирал	4989380
необходимые	4989379
присмотри	4989378
зарабатываю	4989377
сарои	4989376
бумаге	4989375
невестои	4989374
сканирование	4989373
хранил	4989372
желудка	4989371
зарплата	4989370
принцессы	4989369
граждане	4989368
публика	4989367
рекомендации	4989366
демоны	4989365
хвосте	4989364
судьеи	4989363
профи	4989362
потере	4989361
домах	4989360
ехала	4989359
башню	4989358
лишился	4989357
извинился	4989356
красивую	4989355
выжили	4989354
солдатом	4989353
снимали	4989352
кадр	4989351
лгут	4989350
утонул	4989349
конгресс	4989348
поищем	4989347
проголодался	4989346
заверить	4989345
цивилизации	4989344
монастырь	4989343
ответе	4989342
англия	4989341
прогулка	4989340
родить	4989339
мора	4989338
чистить	4989337
сходил	4989336
цветами	4989335
выпал	4989334
высшего	4989333
доставать	4989332
квартала	4989331
чен	4989330
особенности	4989329
избавить	4989328
низкии	4989327
скалы	4989326
прыгнуть	4989325
сумасшедшим	4989324
обязанностеи	4989323
заманчиво	4989322
отверстие	4989321
заботы	4989320
праздника	4989319
хлои	4989318
падать	4989317
соберу	4989316
прочла	4989315
верности	4989314
серебро	4989313
напугала	4989312
используете	4989311
различные	4989310
деннис	4989309
суток	4989308
местного	4989307
красным	4989306
поражения	4989305
фр	4989304
спортзал	4989303
китая	4989302
разочарование	4989301
колорадо	4989300
поверни	4989299
студия	4989298
объявили	4989297
шары	4989296
упорно	4989295
одинокои	4989294
кражу	4989293
подошли	4989292
таи	4989291
рабов	4989290
справки	4989289
чендлер	4989288
потерпи	4989287
сбила	4989286
дикие	4989285
компьютером	4989284
присоединяися	4989283
водки	4989282
сюрпризов	4989281
болью	4989280
обыскали	4989279
сапоги	4989278
проверяет	4989277
кеис	4989276
ватсон	4989275
электричества	4989274
негде	4989273
большому	4989272
серена	4989271
травку	4989270
казался	4989269
рождественскии	4989268
желании	4989267
браиен	4989266
веревку	4989265
исходя	4989264
милости	4989263
попытаемся	4989262
цента	4989261
выбить	4989260
крупные	4989259
изумительно	4989258
учат	4989257
чума	4989256
ранения	4989255
эксперименты	4989254
рокки	4989253
сфе	4989252
бьi	4989251
допущу	4989250
старушка	4989249
адель	4989248
составляет	4989247
умел	4989246
близкии	4989245
why	4989244
повторите	4989243
лгу	4989242
коллекцию	4989241
злые	4989240
топор	4989239
чуваки	4989238
противник	4989237
проси	4989236
мошенничество	4989235
блэк	4989234
соло	4989233
предала	4989232
заднюю	4989231
невероятное	4989230
ссоры	4989229
устранить	4989228
тренироваться	4989227
договорился	4989226
пыли	4989225
победе	4989224
книжки	4989223
форт	4989222
сумасшедшеи	4989221
клиентами	4989220
разобрать	4989219
побеждает	4989218
стыдиться	4989217
терапию	4989216
периметр	4989215
назову	4989214
финансовые	4989213
смущает	4989212
связалась	4989211
постоять	4989210
кубок	4989209
вечеринок	4989208
справитесь	4989207
кирк	4989206
начеку	4989205
обсуждаем	4989204
погибнет	4989203
монтгомери	4989202
езжаите	4989201
купит	4989200
вкусные	4989199
били	4989198
обманули	4989197
рамках	4989196
стараемся	4989195
примешь	4989194
обход	4989193
михаил	4989192
рн	4989191
слушания	4989190
уловка	4989189
акула	4989188
бостоне	4989187
прекрасного	4989186
расположение	4989185
замечание	4989184
выпуска	4989183
заблуждение	4989182
фокс	4989181
мыши	4989180
игроки	4989179
утру	4989178
снимем	4989177
союза	4989176
покататься	4989175
заводи	4989174
бургер	4989173
подумываю	4989172
извинении	4989171
нуля	4989170
черепаха	4989169
находите	4989168
обратил	4989167
применить	4989166
сопровождать	4989165
твари	4989164
осуществить	4989163
обратныи	4989162
посольство	4989161
удобнее	4989160
расстояния	4989159
штукои	4989158
слыхал	4989157
гляньте	4989156
z	4989155
бутылок	4989154
концы	4989153
храбрыи	4989152
кардинал	4989151
подхожу	4989150
контакты	4989149
вызовет	4989148
ауто	4989147
репутации	4989146
королевскии	4989145
брукс	4989144
мыслях	4989143
процедуру	4989142
доставки	4989141
телефонов	4989140
пространстве	4989139
эльза	4989138
сходится	4989137
похоронили	4989136
расы	4989135
заслужить	4989134
выжила	4989133
сопротивления	4989132
книгои	4989131
черное	4989130
ругаться	4989129
дельта	4989128
съемки	4989127
добралась	4989126
изнасиловали	4989125
френк	4989124
ля	4989123
ираке	4989122
крышка	4989121
частицы	4989120
руководить	4989119
крупных	4989118
притащил	4989117
воры	4989116
дженис	4989115
инфекции	4989114
городского	4989113
полные	4989112
жопе	4989111
уберечь	4989110
пивом	4989109
патрика	4989108
мафии	4989107
голд	4989106
сун	4989105
кадры	4989104
надя	4989103
психолог	4989102
мэрилин	4989101
замки	4989100
освободили	4989099
судебного	4989098
дедушкои	4989097
интересуется	4989096
помедленнее	4989095
блеск	4989094
неизбежно	4989093
иммунитет	4989092
гдеяэ	4989091
дорис	4989090
захват	4989089
часах	4989088
смеете	4989087
настроен	4989086
соглашения	4989085
голливуд	4989084
спустился	4989083
сядешь	4989082
прежнеи	4989081
трахать	4989080
жалости	4989079
профессия	4989078
анб	4989077
деловои	4989076
голубая	4989075
подвел	4989074
изменял	4989073
заткни	4989072
издалека	4989071
вопросам	4989070
дарси	4989069
часу	4989068
попросишь	4989067
командование	4989066
кон	4989065
уронил	4989064
атмосферу	4989063
учителеи	4989062
исправлю	4989061
чин	4989060
наблюдением	4989059
девочкам	4989058
деил	4989057
вздор	4989056
хамфри	4989055
молюсь	4989054
дано	4989053
тимми	4989052
пьесу	4989051
эксперты	4989050
сухои	4989049
устоять	4989048
яблоки	4989047
синтия	4989046
возможным	4989045
держишься	4989044
спасу	4989043
частную	4989042
сказка	4989041
охотятся	4989040
записала	4989039
догоню	4989038
нарисовать	4989037
свадебныи	4989036
сигнализация	4989035
моментов	4989034
хор	4989033
приезжал	4989032
шишка	4989031
выпускного	4989030
официальное	4989029
подам	4989028
асдер	4989027
вломился	4989026
кажешься	4989025
фея	4989024
известного	4989023
мешки	4989022
целовались	4989021
бедра	4989020
прибыла	4989019
миф	4989018
местности	4989017
торчать	4989016
синяки	4989015
лишнего	4989014
братство	4989013
идее	4989012
спешите	4989011
странных	4989010
центральныи	4989009
очередная	4989008
could	4989007
находясь	4989006
предъявить	4989005
разорвать	4989004
мужиков	4989003
избавься	4989002
смеялся	4989001
слуги	4989000
продуктов	4988999
ходе	4988998
взаперти	4988997
ана	4988996
лоренцо	4988995
неделями	4988994
гостя	4988993
годовщина	4988992
чувствуем	4988991
уверенна	4988990
правом	4988989
джоэл	4988988
высоким	4988987
понадоблюсь	4988986
отменил	4988985
победим	4988984
нарушать	4988983
правильные	4988982
кружится	4988981
женщинах	4988980
винсента	4988979
злись	4988978
бегут	4988977
жестокость	4988976
темныи	4988975
волнуют	4988974
старшим	4988973
просмотрел	4988972
удавалось	4988971
держим	4988970
полагаем	4988969
верьте	4988968
музыкант	4988967
поэт	4988966
подарили	4988965
красивым	4988964
знании	4988963
сантиметров	4988962
нефти	4988961
корзину	4988960
солнечнои	4988959
общался	4988958
погибло	4988957
подозреваемым	4988956
стресса	4988955
going	4988954
теоретически	4988953
парад	4988952
убедила	4988951
рассматривать	4988950
создала	4988949
бесконечно	4988948
интересным	4988947
принадлежал	4988946
начинали	4988945
химии	4988944
мерзкии	4988943
монстры	4988942
леин	4988941
номеру	4988940
распространяется	4988939
heт	4988938
мыслить	4988937
девка	4988936
происходить	4988935
секси	4988934
мерзость	4988933
одиноким	4988932
подпишите	4988931
ниндзя	4988930
тесно	4988929
даты	4988928
новенькое	4988927
забраться	4988926
кандидатов	4988925
принцессу	4988924
p	4988923
дева	4988922
идиотов	4988921
условие	4988920
норму	4988919
главу	4988918
осуждать	4988917
маэстро	4988916
alex	4988915
подписала	4988914
look	4988913
подозревать	4988912
x	4988911
повесил	4988910
вложил	4988909
умолять	4988908
улыбкои	4988907
четверых	4988906
фактов	4988905
идеальным	4988904
диксон	4988903
потребности	4988902
веселыи	4988901
танцую	4988900
пленку	4988899
подбросить	4988898
выиграем	4988897
делишки	4988896
мудрость	4988895
красив	4988894
мели	4988893
снимают	4988892
немецкии	4988891
подают	4988890
водил	4988889
прогуляемся	4988888
передатчик	4988887
скончался	4988886
побережья	4988885
рапорт	4988884
щенок	4988883
звание	4988882
незнакомец	4988881
заключенныи	4988880
тeбe	4988879
обожают	4988878
больная	4988877
военная	4988876
брате	4988875
потрясающие	4988874
находились	4988873
кодекс	4988872
выяснила	4988871
навечно	4988870
попадешь	4988869
известным	4988868
дыре	4988867
мун	4988866
эхо	4988865
взлома	4988864
главные	4988863
выкуп	4988862
откроется	4988861
таня	4988860
конфет	4988859
никакая	4988858
собираю	4988857
получала	4988856
our	4988855
чудесное	4988854
подтверждаю	4988853
лестницу	4988852
оправдать	4988851
окон	4988850
вены	4988849
подтвердили	4988848
одолжил	4988847
богиня	4988846
страшные	4988845
величаишии	4988844
верен	4988843
заинтересованы	4988842
мел	4988841
слезаи	4988840
кол	4988839
проверяли	4988838
охране	4988837
подняли	4988836
желе	4988835
ври	4988834
простыни	4988833
примете	4988832
тупым	4988831
научили	4988830
мил	4988829
удержаться	4988828
древних	4988827
снимаем	4988826
расстраивать	4988825
тащить	4988824
реагирует	4988823
продлится	4988822
лгунья	4988821
элаиджа	4988820
процент	4988819
засекли	4988818
репортер	4988817
рекс	4988816
предпочитает	4988815
джекс	4988814
where	4988813
девственница	4988812
палочки	4988811
бнр	4988810
насмерть	4988809
понедельника	4988808
задумали	4988807
фронт	4988806
сеифе	4988805
расстроены	4988804
пo	4988803
кора	4988802
дыма	4988801
пытаитесь	4988800
медицинскую	4988799
деиствовал	4988798
кин	4988797
жизнями	4988796
королевства	4988795
спустить	4988794
обвинению	4988793
защищаю	4988792
любопытство	4988791
машинах	4988790
левую	4988789
таилера	4988788
рекламе	4988787
жучок	4988786
ревновать	4988785
хит	4988784
полом	4988783
солнцем	4988782
фантазия	4988781
практики	4988780
жажду	4988779
прекращаи	4988778
драма	4988777
представил	4988776
черным	4988775
пациентка	4988774
нарушения	4988773
реальные	4988772
вырваться	4988771
целые	4988770
разглядеть	4988769
достоиныи	4988768
подготовку	4988767
опытом	4988766
шлюх	4988765
разберись	4988764
виноватои	4988763
обсуждается	4988762
переходит	4988761
свежим	4988760
робота	4988759
целы	4988758
мишень	4988757
шляпе	4988756
челюсть	4988755
вырастет	4988754
интрижка	4988753
придурком	4988752
линетт	4988751
проклятые	4988750
заводе	4988749
бала	4988748
проехал	4988747
горячее	4988746
бизнесмен	4988745
сделке	4988744
управлении	4988743
закрою	4988742
лицензию	4988741
обсудили	4988740
посылал	4988739
барб	4988738
куклы	4988737
побить	4988736
ярдов	4988735
среде	4988734
севера	4988733
особои	4988732
вопросами	4988731
площадку	4988730
отправлять	4988729
долине	4988728
аирис	4988727
агнес	4988726
пончики	4988725
официантка	4988724
странои	4988723
сущности	4988722
комиссия	4988721
подвинься	4988720
федерального	4988719
бутерброд	4988718
пропустим	4988717
продается	4988716
передала	4988715
предметом	4988714
почты	4988713
монстров	4988712
расстроился	4988711
проидут	4988710
отпуска	4988709
слабые	4988708
акцентом	4988707
прыгнул	4988706
розыск	4988705
решеткои	4988704
ключом	4988703
справляюсь	4988702
картинку	4988701
ерунды	4988700
связались	4988699
юридическои	4988698
мощныи	4988697
прятался	4988696
упоминать	4988695
ужасных	4988694
комнат	4988693
проделали	4988692
директоров	4988691
присоединюсь	4988690
высшии	4988689
ружья	4988688
сообщество	4988687
парковку	4988686
закрыла	4988685
увезти	4988684
полицеиском	4988683
обрести	4988682
слабак	4988681
лихорадка	4988680
представиться	4988679
передает	4988678
ящика	4988677
стоянке	4988676
вкусом	4988675
богатство	4988674
переходим	4988673
завершена	4988672
кварталов	4988671
способностеи	4988670
близка	4988669
заказали	4988668
совете	4988667
бандиты	4988666
британии	4988665
царство	4988664
зарабатывает	4988663
проекте	4988662
исполнении	4988661
конгрессмен	4988660
стивена	4988659
волка	4988658
дурачок	4988657
засунул	4988656
железнои	4988655
истину	4988654
тернер	4988653
отъезда	4988652
городке	4988651
голым	4988650
натан	4988649
ожидание	4988648
наследие	4988647
перемен	4988646
фоне	4988645
рановато	4988644
борется	4988643
гарантии	4988642
достанем	4988641
ростом	4988640
испанскии	4988639
подозревает	4988638
заканчивать	4988637
потрясно	4988636
веса	4988635
сарае	4988634
кредитки	4988633
позволено	4988632
гласит	4988631
дорогое	4988630
комплекс	4988629
оскара	4988628
собираи	4988627
листья	4988626
записки	4988625
третью	4988624
уф	4988623
эрни	4988622
одеты	4988621
ки	4988620
терпения	4988619
участвую	4988618
шотландии	4988617
одо	4988616
вопреки	4988615
замолчите	4988614
знаите	4988613
просмотреть	4988612
оборудования	4988611
кресла	4988610
пускать	4988609
большинстве	4988608
ас	4988607
монти	4988606
had	4988605
лиса	4988604
уроды	4988603
ошибалась	4988602
сильвер	4988601
подчиняться	4988600
даннои	4988599
je	4988598
сраныи	4988597
принимая	4988596
мамочки	4988595
следствие	4988594
атмосфера	4988593
телевизора	4988592
умрете	4988591
именами	4988590
наркоту	4988589
услуга	4988588
заряд	4988587
слове	4988586
старому	4988585
духу	4988584
чердаке	4988583
членами	4988582
хот	4988581
желтыи	4988580
сожгли	4988579
расследованию	4988578
омлет	4988577
садится	4988576
врут	4988575
выполняю	4988574
ет	4988573
ночные	4988572
уютно	4988571
спорили	4988570
теннис	4988569
потерялся	4988568
открываю	4988567
шерри	4988566
ожидают	4988565
never	4988564
клеток	4988563
летнии	4988562
поменял	4988561
почтовыи	4988560
ую	4988559
выметаися	4988558
салфетки	4988557
призрака	4988556
сэмом	4988555
радует	4988554
соусом	4988553
затея	4988552
школои	4988551
астрид	4988550
гробу	4988549
завязать	4988548
общественного	4988547
бык	4988546
квин	4988545
худшая	4988544
обстановка	4988543
чиста	4988542
зацепки	4988541
начните	4988540
лбу	4988539
шу	4988538
лапы	4988537
убедительно	4988536
будущии	4988535
толк	4988534
закуски	4988533
отвратительныи	4988532
з	4988531
должным	4988530
волков	4988529
пробки	4988528
дженкинс	4988527
происхождения	4988526
марку	4988525
младенец	4988524
знакомым	4988523
выпустил	4988522
темнои	4988521
будить	4988520
согласишься	4988519
сожалеть	4988518
агенту	4988517
проверяем	4988516
надевать	4988515
отправишься	4988514
заставим	4988513
чжэ	4988512
истинная	4988511
секретное	4988510
пристрелю	4988509
мастерскои	4988508
магазины	4988507
участвует	4988506
повесили	4988505
разрешила	4988504
нвемэ	4988503
кук	4988502
сдавать	4988501
беднои	4988500
вируса	4988499
точке	4988498
последствии	4988497
примем	4988496
полномочия	4988495
назначение	4988494
проводила	4988493
чемоданы	4988492
жестоким	4988491
кеили	4988490
физики	4988489
отдадим	4988488
страховои	4988487
краже	4988486
подобрал	4988485
пригодиться	4988484
ответственныи	4988483
возвращении	4988482
нефть	4988481
филлис	4988480
гибсон	4988479
навещать	4988478
соскучился	4988477
предосторожности	4988476
портал	4988475
потрясающее	4988474
фальшивые	4988473
стража	4988472
москве	4988471
короткие	4988470
свободных	4988469
театра	4988468
вправе	4988467
бьют	4988466
раком	4988465
мужества	4988464
научились	4988463
подготовил	4988462
продержаться	4988461
столкнуться	4988460
прокурором	4988459
коровы	4988458
уилфред	4988457
танцуешь	4988456
гленн	4988455
осенью	4988454
листа	4988453
крышеи	4988452
договора	4988451
маилс	4988450
печали	4988449
тренером	4988448
метрах	4988447
инспектора	4988446
местность	4988445
рабочее	4988444
захотим	4988443
дерьмово	4988442
застрелен	4988441
ужину	4988440
вечеру	4988439
полны	4988438
вонь	4988437
уоллес	4988436
забот	4988435
some	4988434
клеи	4988433
горд	4988432
террористы	4988431
покупают	4988430
оставались	4988429
напала	4988428
просыпаюсь	4988427
дуэин	4988426
волшебство	4988425
отче	4988424
африки	4988423
втянул	4988422
вынесу	4988421
ебаныи	4988420
рэя	4988419
дэизи	4988418
покрепче	4988417
означало	4988416
известная	4988415
маске	4988414
наблюдаю	4988413
приступить	4988412
судна	4988411
вечере	4988410
относился	4988409
призналась	4988408
джону	4988407
переночевать	4988406
шины	4988405
выдумал	4988404
минутах	4988403
соседями	4988402
суммы	4988401
линн	4988400
воровать	4988399
свяжитесь	4988398
останавливается	4988397
торговец	4988396
недоволен	4988395
шестьдесят	4988394
настоящем	4988393
исчезло	4988392
кита	4988391
испытывает	4988390
простила	4988389
переживаите	4988388
цела	4988387
поднимаитесь	4988386
внешнии	4988385
шрамы	4988384
планируете	4988383
встретилась	4988382
очко	4988381
дачи	4988380
бремя	4988379
ближаишии	4988378
марвин	4988377
прекратил	4988376
мамочке	4988375
наиджел	4988374
феи	4988373
сволочи	4988372
произведение	4988371
подобнои	4988370
контракта	4988369
томом	4988368
двадцати	4988367
повеселимся	4988366
приступа	4988365
need	4988364
провалился	4988363
ценное	4988362
печаль	4988361
накануне	4988360
допустил	4988359
совершенство	4988358
харди	4988357
взялась	4988356
попалась	4988355
морге	4988354
дуглас	4988353
щи	4988352
пауэлл	4988351
причинит	4988350
лекцию	4988349
корону	4988348
оценку	4988347
контеинер	4988346
оплаты	4988345
поздороваися	4988344
мгновенно	4988343
передаваи	4988342
опыту	4988341
догадываюсь	4988340
джаспер	4988339
рожать	4988338
понятие	4988337
вора	4988336
жопа	4988335
исчезают	4988334
великолепны	4988333
отвез	4988332
сравнить	4988331
аллах	4988330
стрельбы	4988329
домашние	4988328
убрали	4988327
постоянныи	4988326
пища	4988325
объявил	4988324
вирджинии	4988323
макияж	4988322
превратится	4988321
канале	4988320
гордости	4988319
ладони	4988318
раскрыл	4988317
грязнои	4988316
dvd	4988315
предполагает	4988314
остановим	4988313
натворила	4988312
модераторы	4988311
вмешаться	4988310
успею	4988309
джексона	4988308
базз	4988307
классическии	4988306
ощущаю	4988305
заидем	4988304
заперли	4988303
сомнение	4988302
уснул	4988301
стю	4988300
ладненько	4988299
возможные	4988298
покупаешь	4988297
часам	4988296
добыть	4988295
едите	4988294
советов	4988293
ненормальная	4988292
послушал	4988291
выбором	4988290
бегает	4988289
забил	4988288
вселенную	4988287
гигантскии	4988286
февраля	4988285
куин	4988284
живеи	4988283
проснется	4988282
включите	4988281
ховард	4988280
англичане	4988279
объяснит	4988278
взяться	4988277
спросим	4988276
хммм	4988275
шкуру	4988274
предполагается	4988273
прервать	4988272
подольше	4988271
обращается	4988270
эммет	4988269
чемпионат	4988268
барахло	4988267
молодчина	4988266
вчерашнии	4988265
внутренние	4988264
угрожали	4988263
секторе	4988262
стань	4988261
передохнуть	4988260
клод	4988259
верхнеи	4988258
телевидении	4988257
удивление	4988256
упражнения	4988255
километрах	4988254
воображения	4988253
берк	4988252
ядро	4988251
заходила	4988250
песне	4988249
надеваи	4988248
судьбои	4988247
сократить	4988246
грипп	4988245
луне	4988244
называла	4988243
религия	4988242
возмутительно	4988241
расследованием	4988240
ба	4988239
посадку	4988238
идеальнои	4988237
безумия	4988236
доску	4988235
извиняися	4988234
следователь	4988233
гордостью	4988232
приемнои	4988231
пеите	4988230
красавец	4988229
хг	4988228
семеинои	4988227
требовать	4988226
закрывать	4988225
пообещала	4988224
притворяется	4988223
разговариваи	4988222
sync	4988221
блум	4988220
лэнгли	4988219
взлом	4988218
маловероятно	4988217
смирись	4988216
связеи	4988215
морг	4988214
расстроилась	4988213
дурои	4988212
тори	4988211
почаще	4988210
грегори	4988209
штанов	4988208
рассказывают	4988207
гонку	4988206
живого	4988205
око	4988204
удивительное	4988203
обращать	4988202
намерены	4988201
догнать	4988200
позвали	4988199
сбора	4988198
взорвалась	4988197
урожаи	4988196
нуждаемся	4988195
стрела	4988194
среднем	4988193
сообщает	4988192
произошли	4988191
матерь	4988190
богаты	4988189
продюсеры	4988188
препарат	4988187
показывали	4988186
пачку	4988185
идеален	4988184
нужныи	4988183
доставляет	4988182
задании	4988181
темная	4988180
останьтесь	4988179
пересечь	4988178
этапе	4988177
сє	4988176
болтовня	4988175
яхте	4988174
впечатлен	4988173
кузена	4988172
психопат	4988171
охранники	4988170
революция	4988169
хлопья	4988168
библию	4988167
заботилась	4988166
божьеи	4988165
чистую	4988164
проклятая	4988163
ло	4988162
телефонных	4988161
миллс	4988160
подростки	4988159
пригласи	4988158
упадет	4988157
старуха	4988156
коров	4988155
верным	4988154
задерживать	4988153
эдвардс	4988152
продолжала	4988151
застал	4988150
повыше	4988149
металла	4988148
пред	4988147
опухоли	4988146
реальностью	4988145
отцов	4988144
болеть	4988143
потрогать	4988142
интересные	4988141
испытывал	4988140
педро	4988139
напиться	4988138
развлечься	4988137
забирают	4988136
гордится	4988135
улететь	4988134
рассчитывал	4988133
пришлите	4988132
кнопка	4988131
поведении	4988130
недостатки	4988129
слабо	4988128
сфере	4988127
соли	4988126
чаиник	4988125
население	4988124
напоминаю	4988123
пилота	4988122
положим	4988121
пришельцы	4988120
развлекаться	4988119
пустыми	4988118
окном	4988117
школьного	4988116
приезжают	4988115
брэдли	4988114
тормоза	4988113
кокаина	4988112
криса	4988111
башне	4988110
руководством	4988109
оплату	4988108
пришельцев	4988107
забудет	4988106
моделью	4988105
равных	4988104
понимали	4988103
записано	4988102
птицу	4988101
make	4988100
поиске	4988099
обязательств	4988098
скидку	4988097
лэнс	4988096
ненормально	4988095
радуися	4988094
аукцион	4988093
сыпь	4988092
собаке	4988091
талантов	4988090
освободиться	4988089
отказываться	4988088
грибы	4988087
джулии	4988086
мостик	4988085
вуаля	4988084
отошли	4988083
человеческую	4988082
имущества	4988081
вступил	4988080
нэит	4988079
водит	4988078
бу	4988077
переживу	4988076
уходом	4988075
трагедии	4988074
посещать	4988073
разведка	4988072
врезался	4988071
левая	4988070
татуировки	4988069
гонке	4988068
домашних	4988067
женская	4988066
нереально	4988065
знакомые	4988064
четверти	4988063
переживал	4988062
заперты	4988061
воспоминание	4988060
зависимость	4988059
уильяма	4988058
сараи	4988057
зубнои	4988056
уволился	4988055
жасмин	4988054
температуру	4988053
кеннет	4988052
шерман	4988051
необычныи	4988050
провод	4988049
f	4988048
карев	4988047
ингрид	4988046
двигаемся	4988045
дышите	4988044
спрашиваите	4988043
горячую	4988042
вь	4988041
полагал	4988040
секретные	4988039
пузырь	4988038
кулак	4988037
изображать	4988036
револьвер	4988035
приготовили	4988034
ограбил	4988033
исключено	4988032
обоими	4988031
ранены	4988030
устраивают	4988029
ситуациях	4988028
сбережения	4988027
подушки	4988026
животным	4988025
италию	4988024
вердикт	4988023
амелия	4988022
отбои	4988021
забываешь	4988020
таиминг	4988019
браиана	4988018
развестись	4988017
учила	4988016
молитву	4988015
женского	4988014
наладится	4988013
подали	4988012
следишь	4988011
назовем	4988010
князь	4988009
скучныи	4988008
правильном	4988007
старыми	4988006
посылка	4988005
виктора	4988004
стыда	4988003
задумывался	4988002
полезное	4988001
пошлите	4988000
настаивает	4987999
всмысле	4987998
возможностью	4987997
лифчик	4987996
левон	4987995
похожего	4987994
them	4987993
присутствия	4987992
обезьян	4987991
использовано	4987990
покупками	4987989
фургона	4987988
познакомьтесь	4987987
отстаньте	4987986
джаз	4987985
игрушек	4987984
похожии	4987983
скрываться	4987982
драконов	4987981
присоединится	4987980
заговорит	4987979
побежали	4987978
эпохи	4987977
задержаться	4987976
вернешь	4987975
миллиарды	4987974
автоответчик	4987973
реальном	4987972
наткнулся	4987971
льва	4987970
научныи	4987969
вставить	4987968
мал	4987967
отдаст	4987966
электроннои	4987965
воспользуюсь	4987964
girl	4987963
авто	4987962
проиграешь	4987961
впредь	4987960
стражеи	4987959
кусков	4987958
царапины	4987957
стипендию	4987956
отсутствия	4987955
толстяк	4987954
родные	4987953
бандит	4987952
грязных	4987951
заеду	4987950
мужья	4987949
чувака	4987948
вытащила	4987947
завтраком	4987946
верное	4987945
глазки	4987944
приюте	4987943
маиклом	4987942
жаждет	4987941
материала	4987940
g	4987939
уничтожение	4987938
карло	4987937
лицензии	4987936
грехов	4987935
свежая	4987934
карандаш	4987933
мурашки	4987932
туалета	4987931
клаудия	4987930
теда	4987929
питером	4987928
познакомится	4987927
хиппи	4987926
настоящими	4987925
официальныи	4987924
say	4987923
пользуются	4987922
сдамся	4987921
жизненно	4987920
предлагают	4987919
морду	4987918
опоздать	4987917
водку	4987916
пялиться	4987915
повысить	4987914
посылку	4987913
спец	4987912
наличных	4987911
лотерею	4987910
выживания	4987909
тормоз	4987908
приказа	4987907
придурка	4987906
начальство	4987905
лети	4987904
репетиция	4987903
просьбу	4987902
гражданскои	4987901
чудом	4987900
меча	4987899
вырезать	4987898
печь	4987897
детских	4987896
дрался	4987895
свидетельства	4987894
добром	4987893
западном	4987892
кадди	4987891
молчишь	4987890
спермы	4987889
осел	4987888
потерю	4987887
башня	4987886
рожу	4987885
обнаружено	4987884
гон	4987883
родных	4987882
муки	4987881
повода	4987880
изображения	4987879
следующему	4987878
проститутки	4987877
оригинал	4987876
сиско	4987875
танцевала	4987874
дэниела	4987873
грязно	4987872
швы	4987871
поступаю	4987870
проверяла	4987869
отражение	4987868
маккензи	4987867
блинчики	4987866
весит	4987865
плыть	4987864
капля	4987863
лиге	4987862
продолжали	4987861
таиком	4987860
систем	4987859
вкуса	4987858
определение	4987857
зеркала	4987856
книгах	4987855
приняты	4987854
элементы	4987853
молнии	4987852
кортни	4987851
слышим	4987850
волосах	4987849
директору	4987848
спортивныи	4987847
уолтера	4987846
центральнои	4987845
современнои	4987844
объявления	4987843
здравоохранения	4987842
заметки	4987841
выберу	4987840
шире	4987839
вредно	4987838
танцуют	4987837
легенды	4987836
покупателеи	4987835
заказывать	4987834
тонн	4987833
далеки	4987832
плен	4987831
разбили	4987830
кило	4987829
работники	4987828
открытки	4987827
черты	4987826
см	4987825
давит	4987824
концерте	4987823
расплатиться	4987822
джорджем	4987821
краска	4987820
домашнего	4987819
вмешательство	4987818
одолжении	4987817
пе	4987816
записям	4987815
алексис	4987814
прочти	4987813
костюма	4987812
объяснении	4987811
хранилища	4987810
орел	4987809
pos	4987808
дреик	4987807
наступила	4987806
курил	4987805
отвечают	4987804
снаипер	4987803
статье	4987802
вызывали	4987801
еы	4987800
остановлюсь	4987799
поднимем	4987798
снится	4987797
автомобилеи	4987796
долгих	4987795
испортили	4987794
стьюи	4987793
следовал	4987792
ножи	4987791
стенои	4987790
диски	4987789
приглашать	4987788
приговора	4987787
александра	4987786
неужто	4987785
вз	4987784
пахнешь	4987783
берта	4987782
признали	4987781
эва	4987780
потерплю	4987779
эванс	4987778
ветром	4987777
возбуждает	4987776
стараися	4987775
чудно	4987774
верна	4987773
пацана	4987772
шагу	4987771
подписи	4987770
началу	4987769
ночка	4987768
разрушит	4987767
хьюз	4987766
теряют	4987765
салют	4987764
господня	4987763
букву	4987762
турнир	4987761
сконцентрироваться	4987760
странах	4987759
подарком	4987758
джунгли	4987757
топ	4987756
врагами	4987755
забавным	4987754
вини	4987753
круги	4987752
угадал	4987751
really	4987750
престон	4987749
играх	4987748
шантаж	4987747
выбираешь	4987746
небось	4987745
надрать	4987744
срабатывает	4987743
деревом	4987742
решаю	4987741
спасает	4987740
интересуюсь	4987739
сорвать	4987738
сада	4987737
ввс	4987736
попадают	4987735
джуд	4987734
посадка	4987733
вхожу	4987732
воинов	4987731
робертс	4987730
кнопки	4987729
воздушныи	4987728
отобрать	4987727
отсек	4987726
выживание	4987725
индеицев	4987724
признаися	4987723
лаил	4987722
решат	4987721
предупредили	4987720
остального	4987719
головами	4987718
прикасаться	4987717
нормальное	4987716
ужасов	4987715
бессмыслица	4987714
ѕросто	4987713
взглянул	4987712
берти	4987711
соблазнить	4987710
матереи	4987709
морских	4987708
куколка	4987707
кассету	4987706
слон	4987705
сказку	4987704
продано	4987703
страдала	4987702
младшая	4987701
безумные	4987700
древнии	4987699
беитс	4987698
тоу	4987697
бартон	4987696
отправляитесь	4987695
частиц	4987694
запал	4987693
видал	4987692
сезоне	4987691
отношениям	4987690
сегодняшнеи	4987689
поцелую	4987688
сердцебиение	4987687
сторонои	4987686
сотня	4987685
мэтта	4987684
независимости	4987683
операциеи	4987682
внутреннее	4987681
танцевали	4987680
рации	4987679
перерыва	4987678
ловко	4987677
бруклине	4987676
чувствами	4987675
пироги	4987674
горя	4987673
выпускать	4987672
развелись	4987671
подышать	4987670
исход	4987669
содержимое	4987668
зака	4987667
металл	4987666
заблудился	4987665
херню	4987664
раздобыть	4987663
запомню	4987662
боролись	4987661
извинись	4987660
ожидая	4987659
фанаты	4987658
немцев	4987657
рио	4987656
исходит	4987655
долбаныи	4987654
сильны	4987653
приказано	4987652
шоколадныи	4987651
пустыни	4987650
кондиционер	4987649
конкурса	4987648
запуталась	4987647
признает	4987646
стесняитесь	4987645
спастись	4987644
нужные	4987643
ударился	4987642
дружбе	4987641
крот	4987640
рассвет	4987639
водка	4987638
нeт	4987637
федеральные	4987636
небольшого	4987635
убегает	4987634
лапшу	4987633
черти	4987632
приказам	4987631
алкоголем	4987630
выпеите	4987629
перешла	4987628
юстиции	4987627
фразы	4987626
проглотил	4987625
пик	4987624
медсестры	4987623
шлюху	4987622
выучить	4987621
открытом	4987620
восточном	4987619
переход	4987618
надеясь	4987617
триста	4987616
молись	4987615
ножа	4987614
склада	4987613
придумаи	4987612
целои	4987611
прибывает	4987610
поищи	4987609
мики	4987608
подозреваемые	4987607
предложением	4987606
тусоваться	4987605
кода	4987604
слушают	4987603
присмотрю	4987602
поосторожнее	4987601
букет	4987600
сдерживать	4987599
закажу	4987598
келлер	4987597
укусил	4987596
запаха	4987595
получился	4987594
попросит	4987593
more	4987592
дань	4987591
латте	4987590
жестко	4987589
отставке	4987588
игрока	4987587
повлияет	4987586
окружении	4987585
забить	4987584
хирургии	4987583
футболки	4987582
продолжишь	4987581
уважают	4987580
джаред	4987579
красном	4987578
мягкии	4987577
оружию	4987576
приложение	4987575
известнои	4987574
футболка	4987573
браис	4987572
картошка	4987571
мамаша	4987570
появлялся	4987569
научишься	4987568
успокоится	4987567
тупо	4987566
прячет	4987565
унитаз	4987564
спятила	4987563
чу	4987562
содержать	4987561
оторваться	4987560
поцелуя	4987559
казалась	4987558
ранил	4987557
подстрелил	4987556
организацию	4987555
востока	4987554
подругами	4987553
основных	4987552
пользуюсь	4987551
детскую	4987550
беикер	4987549
музея	4987548
сюзанна	4987547
годовщину	4987546
соскучилась	4987545
берете	4987544
подпишу	4987543
est	4987542
категории	4987541
оп	4987540
выступал	4987539
городов	4987538
рисковал	4987537
международныи	4987536
республики	4987535
существу	4987534
фиг	4987533
мотивы	4987532
уговорил	4987531
уэс	4987530
убеждения	4987529
младенца	4987528
джорджия	4987527
удивлены	4987526
нac	4987525
палаты	4987524
отчете	4987523
факта	4987522
бендер	4987521
сплетница	4987520
питаться	4987519
интуиция	4987518
повесят	4987517
приводить	4987516
выслушивать	4987515
посвятить	4987514
квиты	4987513
аккуратнее	4987512
благородныи	4987511
приятели	4987510
леиси	4987509
ужаса	4987508
смешное	4987507
клиника	4987506
приглядывать	4987505
погоду	4987504
коллегами	4987503
слышат	4987502
ал	4987501
сложить	4987500
саимона	4987499
мег	4987498
догадалась	4987497
дави	4987496
охоте	4987495
over	4987494
скрывал	4987493
выясни	4987492
восстановление	4987491
оппа	4987490
бьется	4987489
спрячь	4987488
ценныи	4987487
встает	4987486
воров	4987485
недвижимость	4987484
надеешься	4987483
туристов	4987482
высоких	4987481
могила	4987480
соединить	4987479
израиля	4987478
рыбка	4987477
исполнять	4987476
бывшую	4987475
магазинов	4987474
головнои	4987473
хаммонд	4987472
запретил	4987471
неподходящее	4987470
сражались	4987469
святых	4987468
веселая	4987467
причиняет	4987466
ото	4987465
упало	4987464
вспомнит	4987463
оттого	4987462
паб	4987461
клана	4987460
август	4987459
труба	4987458
откажется	4987457
реми	4987456
производит	4987455
купаться	4987454
окажи	4987453
следила	4987452
пассажиры	4987451
индеицы	4987450
выдержу	4987449
мальчиками	4987448
риску	4987447
мрт	4987446
джакузи	4987445
невероятныи	4987444
порог	4987443
курит	4987442
гостиницы	4987441
соу	4987440
джунглях	4987439
ртом	4987438
яицами	4987437
секунда	4987436
выходу	4987435
am	4987434
взглянем	4987433
проблеме	4987432
чтобьi	4987431
серыи	4987430
фрост	4987429
остальнои	4987428
преследовали	4987427
подвести	4987426
ассоциации	4987425
совершено	4987424
талисман	4987423
иностранных	4987422
свидетелями	4987421
синяя	4987420
интернета	4987419
напарником	4987418
вооружен	4987417
страдают	4987416
кражи	4987415
свинью	4987414
богатои	4987413
срань	4987412
вопросе	4987411
олько	4987410
джип	4987409
губ	4987408
проникновение	4987407
разговариваете	4987406
заперт	4987405
корее	4987404
оливии	4987403
пещеры	4987402
шоколада	4987401
разыскать	4987400
леила	4987399
посту	4987398
сдам	4987397
захватывающе	4987396
быстрая	4987395
кровавыи	4987394
равны	4987393
пираты	4987392
уезжал	4987391
хранения	4987390
особых	4987389
заглянул	4987388
показываи	4987387
крюк	4987386
приснилось	4987385
споры	4987384
внука	4987383
британскии	4987382
доставил	4987381
устроиться	4987380
супа	4987379
порцию	4987378
лежи	4987377
карма	4987376
пели	4987375
привидение	4987374
пытать	4987373
клаив	4987372
проституткои	4987371
икс	4987370
антуан	4987369
командовать	4987368
проверяют	4987367
растение	4987366
пожелания	4987365
нед	4987364
завтракать	4987363
таин	4987362
хватить	4987361
ктo	4987360
фанни	4987359
клонишь	4987358
задаю	4987357
прелестно	4987356
щедро	4987355
оставлял	4987354
вскрытия	4987353
чистым	4987352
аргумент	4987351
разбился	4987350
черную	4987349
выкинул	4987348
наблюдают	4987347
профессором	4987346
выводу	4987345
арестовал	4987344
келсо	4987343
джоша	4987342
кливленд	4987341
толпе	4987340
воспитывать	4987339
тиффани	4987338
неуместно	4987337
фигню	4987336
уэсли	4987335
королеве	4987334
кев	4987333
толкнул	4987332
валите	4987331
схватки	4987330
простишь	4987329
насекомых	4987328
неизвестныи	4987327
начнутся	4987326
предан	4987325
убежден	4987324
дамочки	4987323
подарка	4987322
клиентам	4987321
пустил	4987320
бухгалтер	4987319
родов	4987318
упрямыи	4987317
колумбия	4987316
даму	4987315
крал	4987314
лютер	4987313
опоздаю	4987312
жилет	4987311
запугать	4987310
придумаешь	4987309
помещении	4987308
крамер	4987307
аспирин	4987306
закрываю	4987305
генеральныи	4987304
свинеи	4987303
полагаете	4987302
переживала	4987301
напоминание	4987300
пытки	4987299
чашки	4987298
хадсон	4987297
заходим	4987296
камнями	4987295
белую	4987294
жесткии	4987293
горят	4987292
танго	4987291
радиации	4987290
сюзи	4987289
взорвался	4987288
преступником	4987287
привлекательныи	4987286
ведем	4987285
взорвал	4987284
продаж	4987283
запуск	4987282
прикасаися	4987281
залез	4987280
тьфу	4987279
способныи	4987278
являешься	4987277
пожарныи	4987276
прическу	4987275
камнем	4987274
моде	4987273
разрушения	4987272
ашрэ	4987271
ашкн	4987270
пудинг	4987269
красных	4987268
реинольдс	4987267
обращались	4987266
кас	4987265
нормы	4987264
прячешься	4987263
запишу	4987262
заботятся	4987261
направил	4987260
выходным	4987259
беременнои	4987258
принадлежало	4987257
речью	4987256
классное	4987255
воровство	4987254
включен	4987253
бакстер	4987252
чудесные	4987251
вручную	4987250
девиз	4987249
навести	4987248
бедного	4987247
декан	4987246
снотворное	4987245
приготовь	4987244
покинет	4987243
знаменитость	4987242
малдер	4987241
бездомных	4987240
звездного	4987239
науке	4987238
готовьтесь	4987237
хлопот	4987236
стариков	4987235
совпадения	4987234
отвлечься	4987233
аизек	4987232
даян	4987231
настаивать	4987230
мечтает	4987229
заявку	4987228
предупреждала	4987227
выразился	4987226
коль	4987225
ока	4987224
сроки	4987223
готовность	4987222
восьмои	4987221
африку	4987220
имеи	4987219
мэисон	4987218
тревожит	4987217
покупку	4987216
бывшие	4987215
синие	4987214
упомянула	4987213
заболевания	4987212
пожертвовал	4987211
жуть	4987210
железныи	4987209
рич	4987208
серьезным	4987207
клади	4987206
одиночества	4987205
выставка	4987204
отвечала	4987203
поздновато	4987202
сливки	4987201
уменьшить	4987200
неверныи	4987199
пал	4987198
доли	4987197
военным	4987196
годов	4987195
кончился	4987194
услышат	4987193
лампу	4987192
храбрости	4987191
нарушили	4987190
мод	4987189
плечах	4987188
стонет	4987187
мучить	4987186
магиеи	4987185
банду	4987184
коне	4987183
целым	4987182
подходить	4987181
набрал	4987180
особая	4987179
почистить	4987178
стадо	4987177
задолжал	4987176
сводить	4987175
включаи	4987174
эффективно	4987173
родину	4987172
временнои	4987171
починил	4987170
баллов	4987169
night	4987168
нить	4987167
творит	4987166
запрещаю	4987165
хвала	4987164
дурнои	4987163
доверяла	4987162
поди	4987161
метр	4987160
принадлежала	4987159
увезли	4987158
мол	4987157
гитлера	4987156
эдгар	4987155
создатель	4987154
кгб	4987153
рика	4987152
указать	4987151
чемпионом	4987150
дураки	4987149
бикини	4987148
задержался	4987147
оставят	4987146
разбито	4987145
собачка	4987144
закрываи	4987143
торта	4987142
пособие	4987141
ниггер	4987140
графиня	4987139
маило	4987138
снимков	4987137
выходили	4987136
попытаешься	4987135
доставит	4987134
тоус	4987133
ответственным	4987132
пострадать	4987131
смертнои	4987130
стражу	4987129
билетов	4987128
общие	4987127
заслугам	4987126
хренов	4987125
посиди	4987124
удачныи	4987123
предпочитаете	4987122
разоитись	4987121
земнои	4987120
оставляешь	4987119
изнасилования	4987118
калифорнию	4987117
короткое	4987116
принят	4987115
бобы	4987114
умираи	4987113
раскрыли	4987112
бартовски	4987111
гу	4987110
гаваии	4987109
бриллиант	4987108
галактики	4987107
пострадала	4987106
домашнюю	4987105
спецназ	4987104
больные	4987103
злодеи	4987102
развлечение	4987101
сорвался	4987100
направляются	4987099
национального	4987098
боевых	4987097
перепутал	4987096
голодны	4987095
страхи	4987094
знакомство	4987093
марина	4987092
тo	4987091
грабитель	4987090
ошибаться	4987089
ускорить	4987088
техасе	4987087
подтверждения	4987086
параноия	4987085
судьбе	4987084
песнеи	4987083
кандидата	4987082
кэффри	4987081
партнеров	4987080
джиллиан	4987079
ученых	4987078
замечательным	4987077
осторожным	4987076
школьные	4987075
опеку	4987074
разрушили	4987073
симмонс	4987072
кристал	4987071
записали	4987070
пообедаем	4987069
замешана	4987068
дерека	4987067
немногие	4987066
держался	4987065
мелкая	4987064
приготовления	4987063
задом	4987062
анну	4987061
намекаешь	4987060
германия	4987059
самолеты	4987058
горле	4987057
пожарные	4987056
ложиться	4987055
дворца	4987054
ящики	4987053
кожеи	4987052
передумаешь	4987051
дикои	4987050
пьеса	4987049
южныи	4987048
шкафчик	4987047
подниматься	4987046
рога	4987045
узнаите	4987044
детского	4987043
пустое	4987042
лнфер	4987041
обижаися	4987040
ублюдков	4987039
товары	4987038
океане	4987037
мирового	4987036
проиграла	4987035
ветру	4987034
выидут	4987033
бедным	4987032
берлине	4987031
признавать	4987030
позволения	4987029
фактом	4987028
сбросил	4987027
сообщества	4987026
дорожку	4987025
уничтожена	4987024
передаю	4987023
входил	4987022
общественных	4987021
предали	4987020
охренеть	4987019
редкии	4987018
укусила	4987017
уверенностью	4987016
выгодно	4987015
описал	4987014
пепел	4987013
пишется	4987012
розыгрыш	4987011
рыбалку	4987010
велела	4987009
дыхания	4987008
польза	4987007
перемирие	4987006
исполнение	4987005
смертеи	4987004
вспомнишь	4987003
профессионально	4987002
заимитесь	4987001
экземпляр	4987000
готовности	4986999
заноза	4986998
онечно	4986997
бумаг	4986996
нажал	4986995
называются	4986994
составил	4986993
донести	4986992
намек	4986991
выставил	4986990
спенс	4986989
высокое	4986988
h	4986987
тьме	4986986
присоединишься	4986985
жалкие	4986984
зеленые	4986983
называите	4986982
бываю	4986981
алкоголик	4986980
кросби	4986979
жанна	4986978
видя	4986977
гостиница	4986976
волну	4986975
пострадали	4986974
племянника	4986973
следом	4986972
режиме	4986971
массу	4986970
пэтти	4986969
заговорить	4986968
отравление	4986967
свадьбои	4986966
саре	4986965
активности	4986964
приземлился	4986963
бад	4986962
малышку	4986961
нападать	4986960
грустныи	4986959
перевода	4986958
порту	4986957
подозрение	4986956
источником	4986955
одеждои	4986954
объяснила	4986953
мелких	4986952
мечтали	4986951
легкая	4986950
епископ	4986949
северныи	4986948
шэрон	4986947
мальчишку	4986946
двигателя	4986945
элвис	4986944
хулио	4986943
наказан	4986942
привезу	4986941
стратегию	4986940
заинтересована	4986939
рокси	4986938
оценка	4986937
настрои	4986936
рыбои	4986935
очнулась	4986934
расследуем	4986933
оргазм	4986932
позавтракать	4986931
яеивюя	4986930
тьму	4986929
уложить	4986928
шантажировать	4986927
распоряжение	4986926
грязное	4986925
спои	4986924
гореть	4986923
привлекать	4986922
снимаешь	4986921
реитинг	4986920
библиотека	4986919
быка	4986918
связанное	4986917
звучать	4986916
окажемся	4986915
стулья	4986914
тно	4986913
тети	4986912
высоту	4986911
присягои	4986910
мясник	4986909
сыт	4986908
концерта	4986907
реальным	4986906
преимущества	4986905
исходе	4986904
обществу	4986903
аааа	4986902
платите	4986901
приказали	4986900
ложитесь	4986899
неплохое	4986898
юности	4986897
нуждался	4986896
устроился	4986895
храбрость	4986894
зараза	4986893
труди	4986892
артерии	4986891
равновесие	4986890
ремни	4986889
фабрики	4986888
жалкая	4986887
серьезных	4986886
защищаться	4986885
происшествие	4986884
мерзко	4986883
джея	4986882
пописать	4986881
фронта	4986880
открытыми	4986879
цикл	4986878
комиссара	4986877
предложении	4986876
запада	4986875
повредил	4986874
француз	4986873
братик	4986872
uh	4986871
вычислить	4986870
детском	4986869
вдохновение	4986868
очаровательная	4986867
еперь	4986866
отвезите	4986865
означают	4986864
вьетнаме	4986863
нижнем	4986862
ловит	4986861
посмотрит	4986860
смертельныи	4986859
роуд	4986858
генрих	4986857
снега	4986856
школ	4986855
реабилитации	4986854
пробовать	4986853
умны	4986852
нервничает	4986851
объятия	4986850
лысыи	4986849
дикая	4986848
повторим	4986847
задумала	4986846
подвергать	4986845
рычаг	4986844
вздох	4986843
назначено	4986842
проведения	4986841
погибнут	4986840
чернила	4986839
самочувствие	4986838
торнадо	4986837
убитых	4986836
заметят	4986835
присутствует	4986834
подходишь	4986833
руководства	4986832
решился	4986831
умолял	4986830
плохими	4986829
спартак	4986828
добыча	4986827
властям	4986826
бегал	4986825
видеонаблюдения	4986824
кокс	4986823
стоила	4986822
отвезли	4986821
уидете	4986820
носите	4986819
палубе	4986818
армиеи	4986817
верны	4986816
обычную	4986815
доверить	4986814
харрисон	4986813
альбома	4986812
приятные	4986811
мирно	4986810
tell	4986809
позавчера	4986808
уволена	4986807
интереса	4986806
занимаися	4986805
вслед	4986804
папочке	4986803
животного	4986802
элла	4986801
легкое	4986800
вс	4986799
выучил	4986798
отпустят	4986797
шедевр	4986796
выношу	4986795
золотых	4986794
предназначение	4986793
практику	4986792
напугали	4986791
телефоннои	4986790
царя	4986789
эффекты	4986788
раненых	4986787
освещение	4986786
тронут	4986785
corrected	4986784
достижение	4986783
отказали	4986782
курицы	4986781
уезжаете	4986780
потолок	4986779
читаете	4986778
убив	4986777
мертвая	4986776
гитару	4986775
побывать	4986774
бежишь	4986773
караоке	4986772
свалил	4986771
син	4986770
играя	4986769
корову	4986768
саммер	4986767
близости	4986766
центром	4986765
передавать	4986764
англииские	4986763
гостях	4986762
проваливаите	4986761
платим	4986760
бесполезен	4986759
бросают	4986758
зубная	4986757
плену	4986756
исключили	4986755
ги	4986754
старики	4986753
молю	4986752
очаровательныи	4986751
наследник	4986750
сходишь	4986749
засаду	4986748
учесть	4986747
личном	4986746
зеркале	4986745
юбку	4986744
didn	4986743
изменять	4986742
мертвец	4986741
сборе	4986740
портфель	4986739
фабрику	4986738
ревность	4986737
империя	4986736
безопасныи	4986735
пожарнои	4986734
издеваться	4986733
прерывать	4986732
танцуи	4986731
золотую	4986730
домашним	4986729
штаба	4986728
дак	4986727
даете	4986726
лежали	4986725
упустила	4986724
выдвигаемся	4986723
саита	4986722
возьмете	4986721
гаррет	4986720
бродяга	4986719
пиратов	4986718
охотников	4986717
рассудок	4986716
оборотень	4986715
канун	4986714
презервативы	4986713
измена	4986712
помнят	4986711
бэн	4986710
свяжись	4986709
выживших	4986708
таиное	4986707
проведешь	4986706
прачечнои	4986705
воиск	4986704
тоннель	4986703
вранье	4986702
прозвучит	4986701
создана	4986700
неинтересно	4986699
преследование	4986698
пребывания	4986697
госпиталя	4986696
обсуждения	4986695
стадия	4986694
художника	4986693
запретить	4986692
эбед	4986691
разбираешься	4986690
препараты	4986689
виделся	4986688
героина	4986687
помехи	4986686
саилас	4986685
боулинг	4986684
священником	4986683
толкаи	4986682
андреи	4986681
выберешь	4986680
обратились	4986679
ставил	4986678
му	4986677
концом	4986676
уделили	4986675
ванны	4986674
вернут	4986673
зива	4986672
медальон	4986671
хиро	4986670
предположил	4986669
записях	4986668
выражения	4986667
побудь	4986666
кризиса	4986665
палатку	4986664
туго	4986663
заманить	4986662
библия	4986661
ныне	4986660
арестуите	4986659
бензина	4986658
локхарт	4986657
попкорн	4986656
смеюсь	4986655
закрытыми	4986654
старости	4986653
исполнится	4986652
скромныи	4986651
собирал	4986650
ген	4986649
захвата	4986648
мэрион	4986647
морские	4986646
ныть	4986645
вершины	4986644
уведи	4986643
ушах	4986642
пабе	4986641
карли	4986640
покажут	4986639
лила	4986638
возомнил	4986637
землетрясение	4986636
принцессои	4986635
связанные	4986634
просьбе	4986633
летят	4986632
северном	4986631
кристалл	4986630
кг	4986629
дюимов	4986628
шахты	4986627
прочитаи	4986626
спешка	4986625
дурацкую	4986624
горничнои	4986623
эиден	4986622
применение	4986621
клиентка	4986620
политические	4986619
оказал	4986618
дюфе	4986617
призвание	4986616
удивился	4986615
везти	4986614
поважнее	4986613
опасных	4986612
водителем	4986611
напомнил	4986610
должник	4986609
насилию	4986608
сенсоры	4986607
ночного	4986606
большии	4986605
встану	4986604
отправляться	4986603
жестокости	4986602
life	4986601
заидет	4986600
езжу	4986599
допрашивать	4986598
толпои	4986597
дьяволом	4986596
счетам	4986595
обложке	4986594
мораль	4986593
вспышки	4986592
руфус	4986591
катастрофы	4986590
целовал	4986589
пытали	4986588
схемы	4986587
иллюзия	4986586
управлял	4986585
чертово	4986584
докторов	4986583
гарвард	4986582
унвс	4986581
ванна	4986580
контакта	4986579
роботов	4986578
говорилось	4986577
блог	4986576
мешаи	4986575
стучит	4986574
собственному	4986573
племя	4986572
моделеи	4986571
нажмите	4986570
государственнои	4986569
петра	4986568
бразилии	4986567
единственную	4986566
опаснои	4986565
дотла	4986564
напоследок	4986563
вэл	4986562
мара	4986561
убиваю	4986560
звездныи	4986559
вокзал	4986558
сергеи	4986557
оглянись	4986556
пробы	4986555
общественности	4986554
кучи	4986553
освободил	4986552
сексуальным	4986551
яркии	4986550
фонарь	4986549
гражданскии	4986548
бруклин	4986547
отъездом	4986546
подбородок	4986545
правах	4986544
мириам	4986543
замешательстве	4986542
мммм	4986541
бонд	4986540
временное	4986539
морали	4986538
трать	4986537
арт	4986536
сгорел	4986535
геитс	4986534
утверждаете	4986533
сдается	4986532
обманула	4986531
перец	4986530
присядем	4986529
поднялась	4986528
раш	4986527
кинул	4986526
френсис	4986525
обращаюсь	4986524
стерлинг	4986523
несчастнои	4986522
заидите	4986521
напишите	4986520
творить	4986519
расширить	4986518
приобрести	4986517
помыть	4986516
неуважение	4986515
двигать	4986514
паук	4986513
презерватив	4986512
прозвучало	4986511
календарь	4986510
дэвидом	4986509
подозрении	4986508
вешаи	4986507
торговом	4986506
мозгами	4986505
лимузин	4986504
линкольна	4986503
мхвецн	4986502
руководит	4986501
самоубииством	4986500
полоса	4986499
путеи	4986498
здecь	4986497
заткнуть	4986496
превратиться	4986495
необходимы	4986494
крупная	4986493
поругались	4986492
остановилось	4986491
др	4986490
вождение	4986489
явление	4986488
встречать	4986487
южном	4986486
японию	4986485
коктеили	4986484
доверяете	4986483
даллас	4986482
шефом	4986481
приятным	4986480
позволяю	4986479
грязью	4986478
наблюдала	4986477
грубым	4986476
чтoбы	4986475
закат	4986474
жирная	4986473
уха	4986472
букв	4986471
соглашаться	4986470
позаботились	4986469
близкого	4986468
отправляюсь	4986467
пардон	4986466
кармана	4986465
поднимает	4986464
пенелопа	4986463
пациенту	4986462
толстои	4986461
вином	4986460
верховныи	4986459
опеки	4986458
победителем	4986457
услуге	4986456
джеку	4986455
изобретение	4986454
успокоительное	4986453
социальнои	4986452
трент	4986451
автоматически	4986450
рехнулся	4986449
отлить	4986448
вл	4986447
маркс	4986446
дырку	4986445
выбирал	4986444
выслушаите	4986443
робинсон	4986442
сэра	4986441
опознали	4986440
веществ	4986439
перебор	4986438
служили	4986437
выиграешь	4986436
катя	4986435
побежала	4986434
превосходныи	4986433
обоидется	4986432
пистолеты	4986431
бэрри	4986430
встречали	4986429
таиная	4986428
холодное	4986427
макароны	4986426
кончилась	4986425
зик	4986424
позаботьтесь	4986423
одержимость	4986422
портит	4986421
пустыню	4986420
затеял	4986419
паипер	4986418
слабым	4986417
миллиарда	4986416
стошнит	4986415
таиные	4986414
ставят	4986413
испугались	4986412
запомнила	4986411
заблудились	4986410
треилер	4986409
жвачку	4986408
решите	4986407
вере	4986406
калибр	4986405
температуры	4986404
болезнью	4986403
командующии	4986402
приятных	4986401
гилберт	4986400
пьяная	4986399
списку	4986398
храню	4986397
рикардо	4986396
пятьсот	4986395
детективов	4986394
мероприятия	4986393
таланты	4986392
особеннои	4986391
бюджета	4986390
повернитесь	4986389
орехи	4986388
подруг	4986387
напомнило	4986386
седьмая	4986385
понемногу	4986384
включу	4986383
упомянули	4986382
продолжит	4986381
прочего	4986380
джулиет	4986379
коротка	4986378
крючок	4986377
є	4986376
кричишь	4986375
молодежь	4986374
представлю	4986373
дюжину	4986372
некто	4986371
oт	4986370
повредить	4986369
наташа	4986368
привлекательная	4986367
страхом	4986366
задумался	4986365
богатая	4986364
соиер	4986363
местным	4986362
восстание	4986361
принадлежать	4986360
типичныи	4986359
обследование	4986358
блэик	4986357
начинаете	4986356
информатор	4986355
указал	4986354
сошлись	4986353
верхнем	4986352
картин	4986351
выгоду	4986350
победителя	4986349
бин	4986348
лыжах	4986347
жe	4986346
разным	4986345
изучил	4986344
наса	4986343
тужься	4986342
гордимся	4986341
несчастна	4986340
поспеши	4986339
магнус	4986338
ручнои	4986337
банан	4986336
фри	4986335
дедушке	4986334
дикон	4986333
общих	4986332
вблизи	4986331
отряда	4986330
сюрпризы	4986329
ресурсов	4986328
виновна	4986327
ногам	4986326
анри	4986325
наслаждаюсь	4986324
незадолго	4986323
управлением	4986322
сирены	4986321
замешаны	4986320
торговли	4986319
убиваите	4986318
сигнализацию	4986317
вечерам	4986316
пожаре	4986315
заканчиваются	4986314
отдыхаи	4986313
ничья	4986312
перевезти	4986311
ноэль	4986310
слезь	4986309
периода	4986308
снах	4986307
спортом	4986306
истекает	4986305
строит	4986304
отличаются	4986303
овец	4986302
двоиную	4986301
граница	4986300
продемонстрировать	4986299
сходство	4986298
инстинкты	4986297
элиза	4986296
планет	4986295
банков	4986294
специальное	4986293
попытаитесь	4986292
off	4986291
ревную	4986290
рнфе	4986289
оплачивать	4986288
охуенно	4986287
спа	4986286
сохраню	4986285
козла	4986284
дистанцию	4986283
шторы	4986282
отпор	4986281
поступлю	4986280
дополнительныи	4986279
зашло	4986278
воспринимать	4986277
небольшим	4986276
пропасть	4986275
находить	4986274
причиню	4986273
тащите	4986272
сантьяго	4986271
пэрис	4986270
дельце	4986269
четырьмя	4986268
благородно	4986267
пятая	4986266
пошутила	4986265
успокаивает	4986264
смелее	4986263
подростком	4986262
глупых	4986261
конгресса	4986260
мучает	4986259
маиком	4986258
припомню	4986257
уолш	4986256
монет	4986255
государственныи	4986254
медицинских	4986253
тканеи	4986252
пытка	4986251
каналы	4986250
яхту	4986249
иорке	4986248
спутника	4986247
совпадении	4986246
захвати	4986245
вагон	4986244
добычу	4986243
забеременеть	4986242
очках	4986241
впустить	4986240
нр	4986239
бостона	4986238
национальная	4986237
бела	4986236
яда	4986235
экстази	4986234
известные	4986233
таблетку	4986232
верхнии	4986231
рассказы	4986230
диких	4986229
проясним	4986228
валить	4986227
ужасны	4986226
хелена	4986225
роджера	4986224
мозге	4986223
голая	4986222
ѕотому	4986221
пятого	4986220
учебу	4986219
добавь	4986218
представители	4986217
уничтожения	4986216
марни	4986215
обама	4986214
владельцем	4986213
люсьен	4986212
соски	4986211
яблочко	4986210
сильных	4986209
количестве	4986208
булочки	4986207
кричали	4986206
дорожке	4986205
здоровьем	4986204
подходим	4986203
шикарныи	4986202
ночную	4986201
жир	4986200
доска	4986199
розовые	4986198
шпионы	4986197
близнецов	4986196
болят	4986195
закрытия	4986194
гаража	4986193
медицины	4986192
сражение	4986191
вооружены	4986190
калинда	4986189
приготовьте	4986188
выпускном	4986187
отвлекать	4986186
отвращение	4986185
годах	4986184
матильда	4986183
блестящии	4986182
полицеиская	4986181
поприветствовать	4986180
посижу	4986179
многовато	4986178
приглашает	4986177
англичанин	4986176
проведет	4986175
вмс	4986174
поместили	4986173
пьесы	4986172
лезвие	4986171
тук	4986170
истинное	4986169
веселитесь	4986168
звери	4986167
внучка	4986166
снилось	4986165
придурков	4986164
премии	4986163
шекспир	4986162
тороплюсь	4986161
джорджи	4986160
нижнеи	4986159
кертис	4986158
находилась	4986157
добрых	4986156
обзор	4986155
солгали	4986154
поддержке	4986153
решению	4986152
сосиски	4986151
мудрости	4986150
отдыхает	4986149
уснула	4986148
улетел	4986147
свитс	4986146
вечныи	4986145
батареики	4986144
ан	4986143
неудачи	4986142
прогноз	4986141
маргарита	4986140
танца	4986139
отъезде	4986138
банде	4986137
басс	4986136
невероятная	4986135
переводе	4986134
итальянскии	4986133
представителеи	4986132
переезжать	4986131
закажем	4986130
стрелы	4986129
уорд	4986128
стоил	4986127
говна	4986126
французского	4986125
обошлось	4986124
опоздаешь	4986123
провинции	4986122
китаискои	4986121
приглашал	4986120
фанатов	4986119
ярко	4986118
горячего	4986117
шага	4986116
росла	4986115
ночная	4986114
фелисити	4986113
встретит	4986112
приема	4986111
прояви	4986110
эссе	4986109
игрушку	4986108
рыжии	4986107
ребра	4986106
приветствовать	4986105
барьер	4986104
надписью	4986103
отправляют	4986102
складывается	4986101
колодец	4986100
седьмом	4986099
объединить	4986098
решена	4986097
празднуем	4986096
злым	4986095
попробует	4986094
жесток	4986093
воиду	4986092
занятои	4986091
эдмунд	4986090
чи	4986089
повышения	4986088
оперу	4986087
покушение	4986086
разбудила	4986085
ванне	4986084
завел	4986083
буква	4986082
дочкои	4986081
остановлю	4986080
выходе	4986079
основание	4986078
отвезем	4986077
рабочем	4986076
пояса	4986075
пациентам	4986074
посетители	4986073
заставишь	4986072
бизнесу	4986071
лампы	4986070
политических	4986069
компромисс	4986068
съехал	4986067
парковки	4986066
сэкономить	4986065
графа	4986064
каролина	4986063
прикончу	4986062
знaю	4986061
оплата	4986060
носили	4986059
спрятала	4986058
ирн	4986057
рнцдю	4986056
бенсон	4986055
личико	4986054
законам	4986053
опытныи	4986052
живота	4986051
замечать	4986050
отчаяние	4986049
обратите	4986048
догадка	4986047
судеи	4986046
специальные	4986045
лиама	4986044
плоды	4986043
хитрыи	4986042
святеишество	4986041
побрал	4986040
института	4986039
картофель	4986038
пожалеете	4986037
дугал	4986036
свежего	4986035
разозлилась	4986034
прекратили	4986033
ирландии	4986032
бриджет	4986031
угодить	4986030
совершают	4986029
выбирают	4986028
вызываи	4986027
яхта	4986026
главном	4986025
завтрашнему	4986024
смею	4986023
морти	4986022
одолеть	4986021
разочарована	4986020
указано	4986019
оскорблять	4986018
похожие	4986017
захожу	4986016
удерживает	4986015
студентка	4986014
профессионалы	4986013
иккинг	4986012
мяснои	4986011
желанию	4986010
сниматься	4986009
фонтан	4986008
возвращалась	4986007
узел	4986006
угощаю	4986005
удивляюсь	4986004
достало	4986003
отнюдь	4986002
регина	4986001
ворф	4986000
бутылочку	4985999
прямая	4985998
младше	4985997
запишите	4985996
русскои	4985995
нафиг	4985994
дедуля	4985993
прикрытия	4985992
женское	4985991
катрина	4985990
линг	4985989
моча	4985988
правительству	4985987
заплатим	4985986
умнои	4985985
слушаться	4985984
городах	4985983
сжег	4985982
шпионом	4985981
короткая	4985980
наденьте	4985979
беспокою	4985978
тс	4985977
отплатить	4985976
азии	4985975
замена	4985974
обвиняет	4985973
превратили	4985972
проституток	4985971
сбили	4985970
милю	4985969
поддерживал	4985968
гмюч	4985967
контактов	4985966
направился	4985965
поучаствовать	4985964
полы	4985963
чтения	4985962
слуг	4985961
бокалы	4985960
посла	4985959
прикрывать	4985958
фотку	4985957
манипулировать	4985956
рауль	4985955
мячик	4985954
холм	4985953
надеждои	4985952
размеров	4985951
движении	4985950
пеитон	4985949
независимость	4985948
ду	4985947
везут	4985946
практике	4985945
отказываешься	4985944
представим	4985943
ук	4985942
отсидел	4985941
загладить	4985940
сердечного	4985939
сломали	4985938
винчи	4985937
грустная	4985936
етс	4985935
морю	4985934
случившемся	4985933
пивка	4985932
банковскии	4985931
являетесь	4985930
гаррисон	4985929
ломать	4985928
уничтожила	4985927
вывел	4985926
третьим	4985925
центру	4985924
подробно	4985923
греха	4985922
спросят	4985921
кампания	4985920
возвращать	4985919
острые	4985918
драконы	4985917
леонардо	4985916
вольно	4985915
отпускаи	4985914
укус	4985913
бесплатные	4985912
сэндвичи	4985911
посещения	4985910
авраам	4985909
королевская	4985908
ракету	4985907
санты	4985906
возникло	4985905
пещеру	4985904
юмор	4985903
заберешь	4985902
обнаружены	4985901
услуг	4985900
уотсон	4985899
попыток	4985898
молчит	4985897
зарегистрирован	4985896
рабы	4985895
трюки	4985894
противоречит	4985893
сладких	4985892
моряк	4985891
явиться	4985890
чтение	4985889
былo	4985888
феррари	4985887
наблюдая	4985886
стучать	4985885
логово	4985884
психологии	4985883
паренек	4985882
благотворительныи	4985881
частности	4985880
бомб	4985879
инфаркт	4985878
торн	4985877
орган	4985876
долгого	4985875
сокращение	4985874
коротышка	4985873
наложить	4985872
антибиотики	4985871
артерию	4985870
медсестрои	4985869
никем	4985868
льду	4985867
выидете	4985866
попадем	4985865
кораблем	4985864
французскои	4985863
знакомств	4985862
наблюдали	4985861
предвидеть	4985860
общественныи	4985859
частенько	4985858
порции	4985857
замолчать	4985856
фила	4985855
тишине	4985854
евы	4985853
трачу	4985852
головная	4985851
несите	4985850
сильными	4985849
течению	4985848
red	4985847
заскочить	4985846
маяк	4985845
уолли	4985844
сообщают	4985843
выбросили	4985842
разгаре	4985841
исключения	4985840
вечнои	4985839
сотрясение	4985838
журналисты	4985837
телевидения	4985836
иогурт	4985835
ставь	4985834
замком	4985833
прощаться	4985832
словечко	4985831
притворялся	4985830
свыше	4985829
книжка	4985828
спим	4985827
способами	4985826
лиа	4985825
ебе	4985824
палатке	4985823
прост	4985822
поменяться	4985821
подробностеи	4985820
автомобили	4985819
охотно	4985818
пятерых	4985817
ограблении	4985816
логика	4985815
точным	4985814
будущим	4985813
прессу	4985812
покину	4985811
people	4985810
помолвлены	4985809
поднимусь	4985808
дэил	4985807
символы	4985806
изобрел	4985805
отнял	4985804
сфотографировать	4985803
подпиши	4985802
сидении	4985801
джуниор	4985800
отправляю	4985799
отрезал	4985798
подразумевает	4985797
математика	4985796
комментарии	4985795
плач	4985794
товарищеи	4985793
мобильного	4985792
воспитание	4985791
опрос	4985790
оторвать	4985789
новостями	4985788
выбросила	4985787
столкновение	4985786
вкусу	4985785
быстрого	4985784
гостем	4985783
газом	4985782
создают	4985781
дедушку	4985780
изнасиловании	4985779
толчок	4985778
чашка	4985777
дарить	4985776
болел	4985775
бюя	4985774
измене	4985773
преступлением	4985772
тонны	4985771
болезнеи	4985770
шах	4985769
диспетчер	4985768
старшина	4985767
китаиская	4985766
мощности	4985765
исчезни	4985764
семьдесят	4985763
избавь	4985762
выходы	4985761
лимонад	4985760
побеседовать	4985759
желаем	4985758
тревис	4985757
спрятался	4985756
роджерс	4985755
прилечь	4985754
мебели	4985753
повернулся	4985752
полномочии	4985751
чувствуется	4985750
сер	4985749
розали	4985748
организме	4985747
хватаите	4985746
пользовались	4985745
обвинил	4985744
похищении	4985743
инструментов	4985742
лнцс	4985741
эвакуации	4985740
звала	4985739
проявил	4985738
совершает	4985737
полагаться	4985736
панель	4985735
чью	4985734
расстался	4985733
триш	4985732
библиотеки	4985731
something	4985730
надежныи	4985729
летает	4985728
родитель	4985727
глубины	4985726
приход	4985725
визитку	4985724
стуле	4985723
славная	4985722
материалов	4985721
достоина	4985720
косяк	4985719
френки	4985718
вырастить	4985717
бетси	4985716
срыв	4985715
разрыва	4985714
правительством	4985713
впечатлить	4985712
зеленая	4985711
рискуешь	4985710
стариком	4985709
бабочка	4985708
роберто	4985707
ужине	4985706
подобныи	4985705
муже	4985704
оборот	4985703
кэмпбелл	4985702
лекса	4985701
потребность	4985700
шпионить	4985699
рубен	4985698
тетушка	4985697
несут	4985696
бросим	4985695
слушаем	4985694
целого	4985693
высказать	4985692
клятвы	4985691
молодость	4985690
инцидента	4985689
талантливыи	4985688
отследили	4985687
принцем	4985686
секретарша	4985685
стая	4985684
наступление	4985683
телек	4985682
стенли	4985681
бороду	4985680
командныи	4985679
вершину	4985678
брет	4985677
решаи	4985676
уверенно	4985675
гретхен	4985674
превыше	4985673
запаниковал	4985672
решительно	4985671
почку	4985670
приглашу	4985669
вдобавок	4985668
чудовища	4985667
режима	4985666
неправа	4985665
идеальна	4985664
проиду	4985663
лонг	4985662
переезд	4985661
казнить	4985660
прикоснуться	4985659
коробок	4985658
потеряно	4985657
одинокая	4985656
артефакт	4985655
ногтями	4985654
магазином	4985653
пустоту	4985652
сердись	4985651
пюре	4985650
накормить	4985649
рая	4985648
акулы	4985647
полке	4985646
знакомое	4985645
тринадцать	4985644
заехал	4985643
взрослои	4985642
военную	4985641
плече	4985640
окажусь	4985639
кашу	4985638
современные	4985637
сатана	4985636
просыпаться	4985635
отставить	4985634
страшнее	4985633
милосердие	4985632
креветки	4985631
поднимет	4985630
макнелли	4985629
задачи	4985628
зан	4985627
ввели	4985626
убегаи	4985625
прокурору	4985624
волшебное	4985623
реисом	4985622
зашибись	4985621
деталях	4985620
честны	4985619
плохую	4985618
сдачу	4985617
занимать	4985616
обеду	4985615
домашнеи	4985614
дополнение	4985613
любопытства	4985612
дополнительных	4985611
током	4985610
доски	4985609
феисбуке	4985608
буквальном	4985607
доверяют	4985606
меняют	4985605
шпионов	4985604
мягкие	4985603
восемьдесят	4985602
уходили	4985601
способностями	4985600
снаряжение	4985599
раса	4985598
аллилуия	4985597
терял	4985596
влияния	4985595
мячом	4985594
зацените	4985593
ряды	4985592
уничтожим	4985591
окончено	4985590
пишите	4985589
повязку	4985588
ответом	4985587
осознаешь	4985586
родиться	4985585
передашь	4985584
государь	4985583
джеффа	4985582
мьl	4985581
хоре	4985580
слепая	4985579
танцевал	4985578
бешенстве	4985577
ашк	4985576
хора	4985575
представляем	4985574
хозяином	4985573
пропаже	4985572
разрушать	4985571
присоединяитесь	4985570
книжныи	4985569
китаицы	4985568
осколки	4985567
обалдеть	4985566
катись	4985565
изучаю	4985564
костер	4985563
only	4985562
бабы	4985561
вторжения	4985560
разузнать	4985559
разреши	4985558
ролик	4985557
выгоды	4985556
разрушение	4985555
доза	4985554
сообщник	4985553
юга	4985552
молчал	4985551
собираися	4985550
родине	4985549
удовлетворить	4985548
задержка	4985547
грань	4985546
дну	4985545
двора	4985544
посвятил	4985543
окне	4985542
отговорить	4985541
клан	4985540
тьы	4985539
принесешь	4985538
взводе	4985537
японскии	4985536
неудобства	4985535
лгали	4985534
волшебная	4985533
фабрика	4985532
ясное	4985531
пустота	4985530
надоели	4985529
торговля	4985528
умоляла	4985527
начальнои	4985526
артист	4985525
полюбил	4985524
нечасто	4985523
полосы	4985522
копаться	4985521
угла	4985520
русская	4985519
роланд	4985518
пациентами	4985517
выгл	4985516
un	4985515
картине	4985514
вежливости	4985513
патронов	4985512
усыновление	4985511
ступаите	4985510
вонючии	4985509
урока	4985508
гранд	4985507
оправдывает	4985506
интересовался	4985505
отказал	4985504
академию	4985503
основа	4985502
слои	4985501
классом	4985500
разнообразия	4985499
обиду	4985498
метафора	4985497
понадобился	4985496
чепуху	4985495
ист	4985494
разделимся	4985493
стандартная	4985492
узнавать	4985491
регистрации	4985490
возникнут	4985489
сохранности	4985488
соответственно	4985487
импульс	4985486
перл	4985485
роботы	4985484
мини	4985483
списки	4985482
честна	4985481
соединение	4985480
прикол	4985479
таланта	4985478
сэму	4985477
поприветствуем	4985476
дружка	4985475
принесут	4985474
неприемлемо	4985473
семена	4985472
вырвать	4985471
монстром	4985470
холме	4985469
выписать	4985468
алмаз	4985467
вин	4985466
запустил	4985465
одержима	4985464
навредит	4985463
северная	4985462
пустяк	4985461
сэл	4985460
сию	4985459
добилась	4985458
долгои	4985457
поспи	4985456
сумочке	4985455
превращает	4985454
зажим	4985453
бунт	4985452
спокоина	4985451
назначен	4985450
флориду	4985449
умение	4985448
day	4985447
побуду	4985446
влез	4985445
отпустишь	4985444
расписанию	4985443
одиноки	4985442
крутится	4985441
дальнеиших	4985440
засунь	4985439
обманщик	4985438
сотворил	4985437
пот	4985436
интересны	4985435
бэнкс	4985434
посчитал	4985433
бекка	4985432
хозяева	4985431
становилось	4985430
сорока	4985429
мечтах	4985428
джэк	4985427
прячься	4985426
снизить	4985425
пробить	4985424
утверждал	4985423
схема	4985422
away	4985421
господину	4985420
сохрани	4985419
милосердия	4985418
нэш	4985417
диете	4985416
комплект	4985415
шахту	4985414
стара	4985413
вырасти	4985412
долгов	4985411
миллиард	4985410
спокоиныи	4985409
атаке	4985408
спички	4985407
соиду	4985406
проигрывать	4985405
лезет	4985404
скучная	4985403
подружек	4985402
предлагаем	4985401
бандитов	4985400
планировать	4985399
заснула	4985398
поступаи	4985397
мерси	4985396
обратилась	4985395
предлог	4985394
входят	4985393
утешение	4985392
копами	4985391
чертежи	4985390
ссорились	4985389
неплохие	4985388
заканчиваю	4985387
заявили	4985386
полмиллиона	4985385
разрешает	4985384
невиновность	4985383
побил	4985382
победои	4985381
хэ	4985380
блокнот	4985379
спаситель	4985378
парься	4985377
реагировать	4985376
ноты	4985375
отступать	4985374
кварк	4985373
трусов	4985372
итана	4985371
хаи	4985370
заидешь	4985369
открытое	4985368
чха	4985367
задержусь	4985366
постарался	4985365
мелодию	4985364
богатства	4985363
шестеро	4985362
доберется	4985361
получение	4985360
бывала	4985359
доказывать	4985358
нормальную	4985357
сладости	4985356
оленя	4985355
лишнее	4985354
раздел	4985353
расстраиваися	4985352
зиму	4985351
собачье	4985350
доброту	4985349
технику	4985348
перспективы	4985347
переводчик	4985346
происходящее	4985345
клетка	4985344
результатом	4985343
десяток	4985342
привыкать	4985341
жуткая	4985340
дюим	4985339
новичков	4985338
перо	4985337
бежали	4985336
ошибиться	4985335
южного	4985334
переспали	4985333
волновать	4985332
тратит	4985331
глубокие	4985330
институте	4985329
прячешь	4985328
палата	4985327
левее	4985326
пропустишь	4985325
нарушила	4985324
симпатичные	4985323
приведут	4985322
шорты	4985321
катер	4985320
федеральное	4985319
молодую	4985318
годам	4985317
владения	4985316
убежища	4985315
разрушает	4985314
картошки	4985313
управляющего	4985312
декс	4985311
подтвердит	4985310
выделить	4985309
выставку	4985308
драмы	4985307
крошки	4985306
певец	4985305
заката	4985304
мужские	4985303
ником	4985302
цыпленок	4985301
жаловался	4985300
соберите	4985299
сударыня	4985298
пончик	4985297
сочувствие	4985296
дурацкои	4985295
убитого	4985294
догадки	4985293
расстраивает	4985292
ответите	4985291
столкнулась	4985290
белыми	4985289
приезжаите	4985288
барышня	4985287
блестящая	4985286
турне	4985285
подведу	4985284
дюжины	4985283
любезен	4985282
опаздываешь	4985281
реиса	4985280
ѕожалуиста	4985279
сильнеи	4985278
расходов	4985277
снимаите	4985276
одень	4985275
расслышал	4985274
прошение	4985273
шестнадцать	4985272
последними	4985271
подаите	4985270
известность	4985269
плечу	4985268
помогаете	4985267
пугают	4985266
муха	4985265
мостом	4985264
аукционе	4985263
железо	4985262
автомобиле	4985261
пахнут	4985260
пэдди	4985259
вчерашнее	4985258
прижать	4985257
наркотои	4985256
выполняет	4985255
шифр	4985254
почтение	4985253
вспомню	4985252
преступлениях	4985251
отстранили	4985250
приличныи	4985249
тамара	4985248
футбольнои	4985247
преподавать	4985246
татуировку	4985245
командор	4985244
ловушки	4985243
смеите	4985242
джонса	4985241
выберет	4985240
девица	4985239
сонни	4985238
помолвку	4985237
ценить	4985236
панели	4985235
белоснежка	4985234
благодари	4985233
белка	4985232
преподать	4985231
искусстве	4985230
остаемся	4985229
сделав	4985228
баллотироваться	4985227
предупредила	4985226
балет	4985225
обет	4985224
подлец	4985223
воскресеньям	4985222
боевые	4985221
настаивал	4985220
облако	4985219
свадебное	4985218
повеселись	4985217
почувствовали	4985216
голосу	4985215
обстановке	4985214
боимся	4985213
джулиана	4985212
знаменитым	4985211
вмешиваися	4985210
неправильное	4985209
организма	4985208
испортишь	4985207
научнои	4985206
военное	4985205
люби	4985204
саид	4985203
заключенные	4985202
повысили	4985201
незаконное	4985200
обречены	4985199
кран	4985198
бриггс	4985197
милую	4985196
карьерои	4985195
балу	4985194
ѕо	4985193
западного	4985192
горю	4985191
польщен	4985190
ожоги	4985189
сигары	4985188
пристрели	4985187
авторы	4985186
риса	4985185
задел	4985184
нормального	4985183
обочине	4985182
пульса	4985181
сокровищ	4985180
мириться	4985179
иного	4985178
отличить	4985177
художником	4985176
честная	4985175
весть	4985174
вампиром	4985173
встречаите	4985172
полицеиское	4985171
поправку	4985170
киска	4985169
южная	4985168
приступы	4985167
надеру	4985166
предоставил	4985165
мия	4985164
лип	4985163
выигрыш	4985162
напилась	4985161
примером	4985160
отпущения	4985159
сарказм	4985158
вокзале	4985157
обстоят	4985156
храме	4985155
трудная	4985154
слухам	4985153
кремом	4985152
взвод	4985151
реальных	4985150
особняк	4985149
гнить	4985148
высказаться	4985147
герман	4985146
упаду	4985145
мишенью	4985144
весом	4985143
подоидут	4985142
сложным	4985141
документами	4985140
великую	4985139
боролась	4985138
руссо	4985137
бури	4985136
еичас	4985135
сибил	4985134
пьяны	4985133
рассталась	4985132
сердцах	4985131
грубыи	4985130
злом	4985129
неудачно	4985128
страстно	4985127
подростка	4985126
запасе	4985125
реина	4985124
наделали	4985123
семеиных	4985122
тренировок	4985121
холт	4985120
покурить	4985119
печати	4985118
джосс	4985117
офигенно	4985116
переделать	4985115
записаться	4985114
бросал	4985113
улыбаися	4985112
секретаря	4985111
достигла	4985110
ценим	4985109
world	4985108
неудачныи	4985107
малышом	4985106
посадки	4985105
thing	4985104
служанка	4985103
испытании	4985102
когти	4985101
спускаться	4985100
репетировать	4985099
собаками	4985098
стаилз	4985097
попались	4985096
спасаю	4985095
политическои	4985094
выключен	4985093
гранта	4985092
испортит	4985091
проиграем	4985090
мексики	4985089
поел	4985088
поста	4985087
болела	4985086
нею	4985085
аудитории	4985084
северу	4985083
вуду	4985082
холма	4985081
исчезновение	4985080
покоиного	4985079
эмми	4985078
убеждать	4985077
рыжая	4985076
горячим	4985075
сбои	4985074
отказа	4985073
спокоиным	4985072
медведи	4985071
хранитель	4985070
швеицарии	4985069
товарища	4985068
бедствия	4985067
находим	4985066
радж	4985065
двоиная	4985064
частных	4985063
индустрии	4985062
ревности	4985061
стихотворение	4985060
осуждаю	4985059
виктории	4985058
волшебные	4985057
отгул	4985056
тумане	4985055
полка	4985054
остро	4985053
смотреться	4985052
склонен	4985051
жрать	4985050
вену	4985049
захотеть	4985048
лукаса	4985047
джунглеи	4985046
намерена	4985045
выстрелю	4985044
штуке	4985043
схватила	4985042
превратились	4985041
пущу	4985040
случившегося	4985039
уважает	4985038
летал	4985037
тесса	4985036
сабрина	4985035
бонус	4985034
покупателя	4985033
вообразить	4985032
находил	4985031
перенесли	4985030
беременная	4985029
участием	4985028
напоминаешь	4985027
голосования	4985026
поезжаите	4985025
сомневаешься	4985024
трубе	4985023
спортзале	4985022
кандидатуру	4985021
трассе	4985020
минет	4985019
свяжемся	4985018
подвезу	4985017
подарю	4985016
канаде	4985015
бь	4985014
учетом	4985013
грабить	4985012
заказы	4985011
папку	4985010
счастливое	4985009
включать	4985008
нарушает	4985007
поддерживают	4985006
стирать	4985005
танк	4985004
помидоры	4985003
догадались	4985002
десятка	4985001
молчите	4985000
худшем	4984999
сочетание	4984998
романе	4984997
фермер	4984996
ƒжон	4984995
выключил	4984994
позднии	4984993
сторонам	4984992
ложная	4984991
бриджит	4984990
жалуюсь	4984989
нреж	4984988
лавке	4984987
медицинского	4984986
происхождение	4984985
открылась	4984984
съест	4984983
лишние	4984982
замри	4984981
красивы	4984980
вещью	4984979
ценит	4984978
безразлично	4984977
полюбила	4984976
подниму	4984975
мэрии	4984974
причинила	4984973
храма	4984972
доставку	4984971
вопросах	4984970
two	4984969
костюмах	4984968
высокую	4984967
выдает	4984966
королеи	4984965
паузу	4984964
семинар	4984963
галерее	4984962
подсказку	4984961
росли	4984960
досталась	4984959
проследи	4984958
выясните	4984957
физические	4984956
избегаешь	4984955
любовника	4984954
частного	4984953
мат	4984952
чинить	4984951
курьер	4984950
глубокои	4984949
шо	4984948
помнил	4984947
сходите	4984946
участник	4984945
помещения	4984944
перезвонил	4984943
никита	4984942
подождет	4984941
вешать	4984940
тьс	4984939
прошлые	4984938
электрическии	4984937
гением	4984936
французские	4984935
мягкая	4984934
донора	4984933
мелли	4984932
участвовала	4984931
смокинг	4984930
нэитан	4984929
give	4984928
страдаю	4984927
таиник	4984926
друзьях	4984925
павел	4984924
обратнои	4984923
иx	4984922
замечаешь	4984921
похмелье	4984920
впустил	4984919
сеньорита	4984918
собачии	4984917
делись	4984916
полк	4984915
шутил	4984914
буш	4984913
интеллект	4984912
оскорбил	4984911
производителя	4984910
чур	4984909
частные	4984908
уголовного	4984907
скальпель	4984906
сработано	4984905
лидеры	4984904
предназначены	4984903
вложить	4984902
наговорил	4984901
отравить	4984900
событиях	4984899
тяжелои	4984898
отделаться	4984897
ва	4984896
бед	4984895
кричите	4984894
джонас	4984893
дэни	4984892
сравнится	4984891
поездом	4984890
холодные	4984889
кроссовки	4984888
юнои	4984887
мими	4984886
физическои	4984885
отрицает	4984884
силам	4984883
напишешь	4984882
рискую	4984881
стеф	4984880
показываю	4984879
эксперимента	4984878
головного	4984877
приборы	4984876
шаттл	4984875
переезжает	4984874
ужасном	4984873
стероиды	4984872
читают	4984871
выполнял	4984870
тoлькo	4984869
заработала	4984868
объекты	4984867
адреналин	4984866
свежее	4984865
чисты	4984864
массы	4984863
дь	4984862
переезжаю	4984861
получив	4984860
поем	4984859
штуковина	4984858
важности	4984857
обеспечения	4984856
клинок	4984855
объекта	4984854
обвиняемыи	4984853
кружок	4984852
хоккеи	4984851
заимется	4984850
юджин	4984849
живущих	4984848
повторяи	4984847
цыпленка	4984846
поставит	4984845
популярен	4984844
задачеи	4984843
великобритании	4984842
глубокая	4984841
актрисои	4984840
вдохновляет	4984839
пробыл	4984838
напряжения	4984837
росси	4984836
функции	4984835
поиграи	4984834
отказала	4984833
ууу	4984832
эволюции	4984831
тима	4984830
священныи	4984829
завалил	4984828
дорогого	4984827
пропадает	4984826
жаклин	4984825
участии	4984824
унизить	4984823
склонность	4984822
определяет	4984821
груднои	4984820
напрокат	4984819
зажечь	4984818
рожден	4984817
положительныи	4984816
учения	4984815
поручил	4984814
стреляю	4984813
тарелке	4984812
эгоист	4984811
снести	4984810
отрицательныи	4984809
общается	4984808
мясом	4984807
нервничал	4984806
возвращались	4984805
будильник	4984804
либби	4984803
расставаться	4984802
вскрыть	4984801
одинаковы	4984800
принесло	4984799
требование	4984798
похититель	4984797
дери	4984796
посещал	4984795
кантри	4984794
возвращению	4984793
железа	4984792
заявляет	4984791
поворачиваи	4984790
олень	4984789
фонарик	4984788
британскои	4984787
ранит	4984786
сегодняшнее	4984785
ведьму	4984784
чжан	4984783
le	4984782
классов	4984781
двигаются	4984780
гил	4984779
франко	4984778
сняты	4984777
подтвердила	4984776
корм	4984775
дживс	4984774
данэм	4984773
затащить	4984772
выстрелов	4984771
поудобнее	4984770
ущерба	4984769
уголок	4984768
техаса	4984767
обезьянка	4984766
построен	4984765
гамбургер	4984764
неприлично	4984763
боком	4984762
прекратится	4984761
мюзикл	4984760
скрылся	4984759
секретом	4984758
омега	4984757
пророчество	4984756
мудрыи	4984755
тачки	4984754
иерусалим	4984753
наверстать	4984752
прессои	4984751
заняли	4984750
инвестиции	4984749
стэна	4984748
опаздывать	4984747
молча	4984746
луиса	4984745
разваливается	4984744
следую	4984743
прошлых	4984742
спид	4984741
придержи	4984740
позволяите	4984739
продолжалось	4984738
предпочитают	4984737
болтаешь	4984736
юриста	4984735
пункта	4984734
выпустят	4984733
защищала	4984732
злости	4984731
вафли	4984730
поднимется	4984729
приложить	4984728
крыльце	4984727
отпустит	4984726
япония	4984725
сирота	4984724
мудила	4984723
коко	4984722
честными	4984721
пожертвования	4984720
долины	4984719
моз	4984718
машинами	4984717
присоединились	4984716
изучения	4984715
наркотиках	4984714
скота	4984713
выспаться	4984712
гуд	4984711
земель	4984710
неудачники	4984709
обнаружен	4984708
госсекретарь	4984707
гамильтон	4984706
лидеров	4984705
больного	4984704
натуре	4984703
сравнивать	4984702
направляюсь	4984701
признается	4984700
контракты	4984699
мюя	4984698
установлена	4984697
выступил	4984696
раит	4984695
улыбки	4984694
завода	4984693
запуска	4984692
отчаяния	4984691
жира	4984690
диди	4984689
дубль	4984688
светлые	4984687
двоюродныи	4984686
дядюшка	4984685
восстановления	4984684
карлтон	4984683
предметов	4984682
занятиях	4984681
рождественские	4984680
плеч	4984679
ii	4984678
скелет	4984677
длиться	4984676
финансовыи	4984675
анджело	4984674
удивительного	4984673
приглашены	4984672
николаи	4984671
повара	4984670
романы	4984669
отъебись	4984668
надеися	4984667
заданием	4984666
начнете	4984665
тонкая	4984664
гвоздь	4984663
выехать	4984662
лилли	4984661
свернуть	4984660
совместно	4984659
кроликов	4984658
лицензия	4984657
японцы	4984656
амбиции	4984655
ћистер	4984654
гормоны	4984653
позвоночник	4984652
гостиную	4984651
аренды	4984650
катерина	4984649
треть	4984648
забрался	4984647
проявлять	4984646
глупа	4984645
посольства	4984644
компас	4984643
уезжают	4984642
праве	4984641
жалоб	4984640
полосе	4984639
переоденусь	4984638
средняя	4984637
боил	4984636
ледянои	4984635
серьезнои	4984634
облажалась	4984633
пулеи	4984632
выстрелом	4984631
передаче	4984630
редкая	4984629
медведеи	4984628
покрыть	4984627
привязан	4984626
медицинское	4984625
доставлю	4984624
альфи	4984623
стрельбе	4984622
грубои	4984621
ночных	4984620
корень	4984619
документах	4984618
биологии	4984617
чжа	4984616
болезненно	4984615
эинштеин	4984614
said	4984613
любовные	4984612
комнатои	4984611
забавное	4984610
салоне	4984609
пидор	4984608
воинои	4984607
пюг	4984606
ударе	4984605
механик	4984604
отправляет	4984603
прохладно	4984602
атакуют	4984601
обсуждение	4984600
свихнулся	4984599
отравили	4984598
отключил	4984597
лампа	4984596
травм	4984595
певица	4984594
молился	4984593
неудача	4984592
загадки	4984591
почувствуи	4984590
вкусная	4984589
тишины	4984588
руля	4984587
too	4984586
банковские	4984585
мюдн	4984584
пламени	4984583
саи	4984582
рона	4984581
лилит	4984580
прожила	4984579
аманды	4984578
плачут	4984577
марию	4984576
автора	4984575
угощаитесь	4984574
кои	4984573
проидемте	4984572
выпьете	4984571
жалок	4984570
огромного	4984569
поимает	4984568
правое	4984567
таинственныи	4984566
бригада	4984565
миров	4984564
попросим	4984563
приготовились	4984562
бездомныи	4984561
дует	4984560
изабелла	4984559
зарабатываешь	4984558
сиэтл	4984557
эко	4984556
главному	4984555
какао	4984554
выведите	4984553
тито	4984552
забираем	4984551
шкале	4984550
baby	4984549
завидуешь	4984548
бумажнои	4984547
мальчишкои	4984546
жалкое	4984545
отоиду	4984544
нравитс	4984543
постоянное	4984542
has	4984541
дурочка	4984540
продадим	4984539
клише	4984538
подозревала	4984537
понадобилась	4984536
жалеешь	4984535
podruga	4984534
короли	4984533
заплати	4984532
комиксов	4984531
вильям	4984530
кросс	4984529
выведи	4984528
точная	4984527
панике	4984526
юрии	4984525
заговора	4984524
убииствами	4984523
министром	4984522
влиянием	4984521
определили	4984520
несчастных	4984519
запрещает	4984518
проведи	4984517
фруктов	4984516
участь	4984515
пуста	4984514
профсоюза	4984513
мелодия	4984512
приближаемся	4984511
даем	4984510
кабель	4984509
дурацкое	4984508
k	4984507
тронешь	4984506
ходатаиство	4984505
звено	4984504
мужеи	4984503
заслуга	4984502
купера	4984501
маиора	4984500
похожеи	4984499
заинтересовать	4984498
максимально	4984497
пресс	4984496
сохраняите	4984495
карате	4984494
принадлежу	4984493
подписывать	4984492
контролю	4984491
заклинания	4984490
разработал	4984489
одобряю	4984488
фунта	4984487
дер	4984486
худшие	4984485
вслепую	4984484
симона	4984483
заслуживаете	4984482
поднимись	4984481
уделить	4984480
препятствие	4984479
вылетел	4984478
солнечные	4984477
коротко	4984476
настроить	4984475
пятом	4984474
стараются	4984473
башка	4984472
винит	4984471
поцелуев	4984470
зоопарке	4984469
оскорбительно	4984468
дури	4984467
коннора	4984466
заменил	4984465
социального	4984464
подготовьте	4984463
доченька	4984462
рисовал	4984461
мороженым	4984460
сильного	4984459
проезд	4984458
повел	4984457
отключился	4984456
зависеть	4984455
рискну	4984454
строю	4984453
финансирование	4984452
хара	4984451
пускают	4984450
замечательнои	4984449
подвела	4984448
болеет	4984447
наденешь	4984446
пьяным	4984445
председателя	4984444
осторожность	4984443
определенныи	4984442
помогаем	4984441
разоблачить	4984440
темп	4984439
сотрудника	4984438
списком	4984437
денежки	4984436
кроуфорд	4984435
сыграи	4984434
секции	4984433
раздеваися	4984432
настоял	4984431
катится	4984430
джентльмена	4984429
семнадцать	4984428
комиксы	4984427
забавы	4984426
вфнм	4984425
алексеи	4984424
джулиетт	4984423
оценил	4984422
получилась	4984421
маиклу	4984420
копеики	4984419
ногтеи	4984418
керри	4984417
оплатил	4984416
размере	4984415
тренировку	4984414
тронет	4984413
политик	4984412
унижение	4984411
испытываешь	4984410
говор	4984409
возвращаю	4984408
яоюяхан	4984407
позаботятся	4984406
псевдоним	4984405
достался	4984404
горшок	4984403
колокол	4984402
спасены	4984401
просмотра	4984400
выгнал	4984399
дырка	4984398
объектом	4984397
отключке	4984396
торговле	4984395
взнос	4984394
ненавидите	4984393
генералом	4984392
неизвестного	4984391
бокс	4984390
проснулись	4984389
относитесь	4984388
переворот	4984387
жизненные	4984386
отверстия	4984385
случившееся	4984384
музыканты	4984383
просмотр	4984382
остановила	4984381
хаид	4984380
башке	4984379
командира	4984378
разлучит	4984377
приятелем	4984376
идентифицировать	4984375
клубы	4984374
окажутся	4984373
удивлюсь	4984372
еб	4984371
отделом	4984370
кончил	4984369
гидеон	4984368
траве	4984367
лекарствами	4984366
санни	4984365
дождем	4984364
вооруженных	4984363
гибель	4984362
сложа	4984361
огромных	4984360
удивительные	4984359
оперы	4984358
движением	4984357
фронте	4984356
написана	4984355
счастливых	4984354
истиннои	4984353
финансовои	4984352
бедро	4984351
попроще	4984350
фунт	4984349
вынесли	4984348
обладать	4984347
бюл	4984346
шкафчике	4984345
валим	4984344
уволены	4984343
ѕоже	4984342
сосуд	4984341
гитара	4984340
пирожные	4984339
мыла	4984338
полегчало	4984337
тепла	4984336
обещает	4984335
современныи	4984334
безо	4984333
шпиона	4984332
готовым	4984331
кекс	4984330
участники	4984329
доказано	4984328
мор	4984327
направляешься	4984326
сохранила	4984325
полюбит	4984324
сбивает	4984323
груб	4984322
заменит	4984321
пребывание	4984320
поговорит	4984319
отвалите	4984318
сломаю	4984317
кбр	4984316
бутылкои	4984315
стремится	4984314
завязываи	4984313
шарль	4984312
строят	4984311
пират	4984310
мисси	4984309
точныи	4984308
реджина	4984307
выполнена	4984306
колумбии	4984305
тэдди	4984304
расчет	4984303
хавьер	4984302
уроке	4984301
поднялись	4984300
мешало	4984299
считаться	4984298
изобрели	4984297
охотился	4984296
недооценивать	4984295
сумасшедшего	4984294
поджог	4984293
шахте	4984292
дешево	4984291
останавливать	4984290
минни	4984289
кодовое	4984288
подобном	4984287
монах	4984286
здоровым	4984285
парламента	4984284
выбил	4984283
заняла	4984282
высота	4984281
поступишь	4984280
уау	4984279
исправим	4984278
вac	4984277
лига	4984276
фэи	4984275
теплыи	4984274
современная	4984273
ответственен	4984272
перевернуть	4984271
авторитет	4984270
бурбон	4984269
карри	4984268
постарше	4984267
ходжинс	4984266
семестр	4984265
царапина	4984264
владею	4984263
консультации	4984262
круглые	4984261
преследования	4984260
вудс	4984259
сюрпризом	4984258
воспользовалась	4984257
познакомлю	4984256
молодыми	4984255
невиновна	4984254
уезжаите	4984253
школьных	4984252
направляетесь	4984251
дебаты	4984250
преданности	4984249
контролирую	4984248
eсли	4984247
тратите	4984246
партнерами	4984245
смеши	4984244
жестокои	4984243
империю	4984242
товара	4984241
поисков	4984240
попытаются	4984239
кажетс	4984238
кинуть	4984237
намекаете	4984236
экспресс	4984235
даррен	4984234
ночами	4984233
вечеринках	4984232
машинам	4984231
разумныи	4984230
уважаемые	4984229
кредитнои	4984228
центрального	4984227
благословит	4984226
анита	4984225
ф	4984224
невежливо	4984223
элеонор	4984222
знакомая	4984221
преступности	4984220
челюсти	4984219
цитирую	4984218
заработали	4984217
нормальных	4984216
похоронен	4984215
герцога	4984214
телохранитель	4984213
сердиться	4984212
вэнс	4984211
поведением	4984210
германию	4984209
katakimiku	4984208
небом	4984207
детское	4984206
видны	4984205
ecть	4984204
ларс	4984203
заявила	4984202
мишка	4984201
смешные	4984200
ханны	4984199
улику	4984198
футбольныи	4984197
толкать	4984196
введите	4984195
шмотки	4984194
ригсби	4984193
ганс	4984192
взятки	4984191
интересен	4984190
сбросили	4984189
магазинах	4984188
владельцы	4984187
цезаря	4984186
заставляите	4984185
клевыи	4984184
обеспокоены	4984183
занесло	4984182
отношениями	4984181
грузовики	4984180
внутреннего	4984179
шумно	4984178
подняла	4984177
планируют	4984176
присутствующих	4984175
распространение	4984174
отвезет	4984173
превратила	4984172
подозревали	4984171
некая	4984170
мосс	4984169
останавливает	4984168
мышеи	4984167
обряд	4984166
малои	4984165
образцов	4984164
статуя	4984163
шанель	4984162
аргументы	4984161
четвертая	4984160
продажа	4984159
маиер	4984158
подружиться	4984157
содовои	4984156
натворили	4984155
ограничения	4984154
попробовала	4984153
прятки	4984152
поосторожнеи	4984151
тяжелым	4984150
отчета	4984149
полосу	4984148
сорвал	4984147
исчезнут	4984146
дураков	4984145
типично	4984144
шансом	4984143
стражи	4984142
невинные	4984141
просыпается	4984140
общественное	4984139
гроза	4984138
нуждалась	4984137
пожарных	4984136
понравятся	4984135
интернету	4984134
джеимсом	4984133
языки	4984132
визитка	4984131
целости	4984130
стремление	4984129
yes	4984128
скуки	4984127
хирургом	4984126
припадок	4984125
экономики	4984124
проникли	4984123
последовал	4984122
передач	4984121
нежныи	4984120
предложит	4984119
входе	4984118
офицеру	4984117
спалось	4984116
дочку	4984115
козлом	4984114
плоха	4984113
разрушена	4984112
сладкие	4984111
актеры	4984110
паршивыи	4984109
решают	4984108
милых	4984107
семеиного	4984106
лишним	4984105
грамм	4984104
столетия	4984103
участвовали	4984102
пани	4984101
холден	4984100
гетто	4984099
уборную	4984098
феиерверк	4984097
сена	4984096
подцепить	4984095
наизусть	4984094
торговать	4984093
прежним	4984092
марша	4984091
помолиться	4984090
привлекательным	4984089
мюл	4984088
морин	4984087
сбегать	4984086
угрожала	4984085
обмена	4984084
марком	4984083
куш	4984082
сандерс	4984081
показало	4984080
мигом	4984079
вынес	4984078
иглу	4984077
кэнди	4984076
впустите	4984075
тратим	4984074
карману	4984073
заднего	4984072
подразумеваю	4984071
веревки	4984070
предприятие	4984069
хоббс	4984068
токсины	4984067
шути	4984066
мешке	4984065
актеров	4984064
надоел	4984063
прежнии	4984062
желают	4984061
крушение	4984060
часом	4984059
становитесь	4984058
неожиданныи	4984057
бордель	4984056
остановке	4984055
поместил	4984054
гуляет	4984053
отвратителен	4984052
марса	4984051
мужского	4984050
комбинация	4984049
дюжина	4984048
франциско	4984047
месячные	4984046
чанг	4984045
гены	4984044
съехать	4984043
французском	4984042
пожелаи	4984041
россия	4984040
прокатимся	4984039
мэт	4984038
свалился	4984037
гдe	4984036
сувенир	4984035
эгоистично	4984034
подходил	4984033
слаба	4984032
панику	4984031
аванс	4984030
интересна	4984029
писателем	4984028
обманывал	4984027
произнес	4984026
поболтаем	4984025
жаркое	4984024
мужская	4984023
основы	4984022
девственность	4984021
хорошему	4984020
владеть	4984019
увольнения	4984018
крон	4984017
затылок	4984016
флетчер	4984015
скандала	4984014
мразь	4984013
отправит	4984012
шуметь	4984011
медали	4984010
лишил	4984009
водишь	4984008
мамуля	4984007
ударилась	4984006
стиг	4984005
анне	4984004
инициалы	4984003
виделась	4984002
глядите	4984001
следим	4984000
одиноких	4983999
теряи	4983998
инсульт	4983997
аптеку	4983996
пожертвование	4983995
мастерство	4983994
утрате	4983993
жестокая	4983992
тактика	4983991
открытых	4983990
берри	4983989
реб	4983988
собираем	4983987
франц	4983986
категорически	4983985
чувствуи	4983984
корпуса	4983983
величаиших	4983982
сходят	4983981
поступит	4983980
куп	4983979
культуре	4983978
орден	4983977
конг	4983976
официанткои	4983975
проходишь	4983974
мертвецов	4983973
ричардс	4983972
разборки	4983971
оранжевыи	4983970
тонкии	4983969
червеи	4983968
заменили	4983967
фюрер	4983966
прогресса	4983965
бега	4983964
вoт	4983963
сержусь	4983962
вои	4983961
клоуна	4983960
беите	4983959
индеику	4983958
поражает	4983957
смеялась	4983956
заимешься	4983955
стадион	4983954
надин	4983953
сложного	4983952
хранится	4983951
встретим	4983950
голливуде	4983949
замечает	4983948
миры	4983947
сердец	4983946
преподаватель	4983945
беркли	4983944
крепкие	4983943
бабочки	4983942
занялись	4983941
стащил	4983940
питеру	4983939
совместнои	4983938
жорж	4983937
et	4983936
анекдот	4983935
болтает	4983934
заимите	4983933
глупы	4983932
иви	4983931
вырвало	4983930
реоепэ	4983929
транспорта	4983928
колокола	4983927
синяк	4983926
матрас	4983925
открытую	4983924
воплощение	4983923
умы	4983922
грабители	4983921
помолвки	4983920
начальнику	4983919
пустым	4983918
тосты	4983917
философии	4983916
следу	4983915
орлеан	4983914
стрелки	4983913
открыться	4983912
флинт	4983911
ночном	4983910
воздеиствие	4983909
вывезти	4983908
кормят	4983907
отдает	4983906
прибудут	4983905
супермаркете	4983904
кам	4983903
французская	4983902
стратегии	4983901
выплаты	4983900
лишили	4983899
любезность	4983898
признательна	4983897
приближаться	4983896
смеет	4983895
гулял	4983894
собираешь	4983893
зубную	4983892
увеличение	4983891
сладкое	4983890
результата	4983889
достоиным	4983888
проклята	4983887
перенес	4983886
трогает	4983885
сменила	4983884
проводи	4983883
отпустила	4983882
поли	4983881
гражданские	4983880
сплошные	4983879
серж	4983878
вырвет	4983877
ловлю	4983876
успешным	4983875
создании	4983874
департаменте	4983873
целься	4983872
несложно	4983871
вырубить	4983870
спускаитесь	4983869
открылся	4983868
ори	4983867
объ	4983866
шекспира	4983865
наушники	4983864
форм	4983863
заливе	4983862
закроем	4983861
подстава	4983860
законные	4983859
искусством	4983858
святым	4983857
сразиться	4983856
обращения	4983855
погромче	4983854
святое	4983853
преосвященство	4983852
летают	4983851
соврать	4983850
персонои	4983849
безнадежно	4983848
трек	4983847
защищая	4983846
седьмого	4983845
заключении	4983844
привлекательнои	4983843
пристрелил	4983842
поколении	4983841
исполнительныи	4983840
фигуры	4983839
выдался	4983838
проделать	4983837
желудке	4983836
поло	4983835
матча	4983834
спокоиствия	4983833
закончи	4983832
успехов	4983831
долину	4983830
россию	4983829
теит	4983828
знакомиться	4983827
присмотра	4983826
спасал	4983825
постояннои	4983824
одобрение	4983823
архитектор	4983822
каппа	4983821
приоритет	4983820
спустись	4983819
энергиеи	4983818
телеграмму	4983817
возникают	4983816
проглотить	4983815
лишиться	4983814
тигра	4983813
докажет	4983812
дизаинер	4983811
кружку	4983810
сумочка	4983809
югу	4983808
никола	4983807
эмиль	4983806
развлекаися	4983805
предела	4983804
мертвыми	4983803
беречь	4983802
присяжным	4983801
готовыи	4983800
крошечныи	4983799
дурно	4983798
забудут	4983797
переходить	4983796
уволила	4983795
маки	4983794
картои	4983793
неловкое	4983792
кашель	4983791
выборе	4983790
насильник	4983789
убедили	4983788
покрывает	4983787
избавились	4983786
откажешься	4983785
посмеяться	4983784
ведома	4983783
важность	4983782
родина	4983781
стоящее	4983780
холода	4983779
основана	4983778
поддержал	4983777
притворяешься	4983776
уэст	4983775
отвлекает	4983774
рэилан	4983773
завела	4983772
вызывал	4983771
заболевании	4983770
погибнем	4983769
обманом	4983768
легла	4983767
паника	4983766
поимаи	4983765
ванда	4983764
позволял	4983763
здоровои	4983762
налью	4983761
франциск	4983760
софии	4983759
узи	4983758
эдварда	4983757
публики	4983756
беженцев	4983755
приятнои	4983754
because	4983753
смыть	4983752
разделим	4983751
проголосовать	4983750
психи	4983749
легкои	4983748
уведомление	4983747
ль	4983746
беспокоят	4983745
паоло	4983744
лни	4983743
шестого	4983742
мсфмн	4983741
быстрые	4983740
расстроиства	4983739
перестанут	4983738
напоминают	4983737
скрывают	4983736
белль	4983735
лесбиянки	4983734
задыхается	4983733
жуков	4983732
прикинь	4983731
медицине	4983730
спланировал	4983729
винтовку	4983728
ядернои	4983727
объявился	4983726
присоединитесь	4983725
засада	4983724
возиться	4983723
фокусы	4983722
прохожу	4983721
ноуп	4983720
мокрыи	4983719
выкупить	4983718
дошла	4983717
пирса	4983716
достигнет	4983715
корделия	4983714
немногих	4983713
big	4983712
обеими	4983711
выдавать	4983710
воедино	4983709
доказали	4983708
необычная	4983707
кладу	4983706
повторю	4983705
надежд	4983704
железная	4983703
коли	4983702
сплошная	4983701
невинность	4983700
ненавидели	4983699
столкновения	4983698
проявление	4983697
облажались	4983696
кoгдa	4983695
имидж	4983694
выдали	4983693
школьная	4983692
судне	4983691
дневнои	4983690
заключим	4983689
колесах	4983688
находили	4983687
шарп	4983686
неприятныи	4983685
часовои	4983684
кишка	4983683
прочих	4983682
поднимаите	4983681
застала	4983680
окружающих	4983679
сеифа	4983678
пробиться	4983677
тыс	4983676
симптомов	4983675
выходом	4983674
подозревают	4983673
брэди	4983672
женскую	4983671
избавлюсь	4983670
повстанцев	4983669
коридора	4983668
зубах	4983667
карантин	4983666
богам	4983665
повреждена	4983664
юристы	4983663
поиман	4983662
лунныи	4983661
шерсть	4983660
городка	4983659
even	4983658
идеального	4983657
признают	4983656
сыграла	4983655
перерезать	4983654
отключили	4983653
милостивыи	4983652
сдали	4983651
полезнои	4983650
мертвеца	4983649
потерян	4983648
увольнение	4983647
бесполезны	4983646
стукач	4983645
дырки	4983644
рональд	4983643
шприц	4983642
отчим	4983641
совершаешь	4983640
уикенд	4983639
безопасном	4983638
проголодалась	4983637
освальд	4983636
сострадание	4983635
отпразднуем	4983634
дрова	4983633
последовать	4983632
мамочку	4983631
демократии	4983630
финли	4983629
угроз	4983628
неправильным	4983627
составе	4983626
продаются	4983625
роя	4983624
сноу	4983623
истинную	4983622
общественном	4983621
показалась	4983620
сожалеешь	4983619
треи	4983618
обеим	4983617
господом	4983616
оружии	4983615
дакс	4983614
покупала	4983613
руководителя	4983612
брови	4983611
особенные	4983610
кукол	4983609
отравил	4983608
плати	4983607
песка	4983606
цде	4983605
эс	4983604
боицов	4983603
вернулось	4983602
взорваться	4983601
поддержкои	4983600
окружены	4983599
обманывает	4983598
путешествовал	4983597
выводит	4983596
чипсов	4983595
школьном	4983594
неудачником	4983593
назовешь	4983592
салата	4983591
помощница	4983590
свисток	4983589
слезами	4983588
рабочая	4983587
звереи	4983586
ирак	4983585
врат	4983584
сталь	4983583
центральном	4983582
ошибаются	4983581
сходила	4983580
семьям	4983579
ши	4983578
серииного	4983577
деиствиях	4983576
ворон	4983575
раскрывать	4983574
eщe	4983573
запомнили	4983572
подключить	4983571
сть	4983570
эивон	4983569
уст	4983568
становимся	4983567
навещал	4983566
взрывчатку	4983565
лаионел	4983564
уровнем	4983563
паниковать	4983562
помолвлена	4983561
закажи	4983560
посылаю	4983559
приветствуем	4983558
семьями	4983557
доходы	4983556
mнe	4983555
обвиняешь	4983554
уничтожать	4983553
десь	4983552
волновало	4983551
близким	4983550
здоровая	4983549
канаду	4983548
тэсс	4983547
испанию	4983546
w	4983545
феири	4983544
репетицию	4983543
схему	4983542
вояджер	4983541
просмотрела	4983540
лечении	4983539
влезет	4983538
внуков	4983537
костюмов	4983536
покупатели	4983535
печеньки	4983534
включили	4983533
сударь	4983532
краях	4983531
жестокое	4983530
здравыи	4983529
отходит	4983528
боицы	4983527
заходят	4983526
болтовни	4983525
азартные	4983524
росса	4983523
ожидаем	4983522
напролет	4983521
смеетесь	4983520
пея	4983519
русского	4983518
этель	4983517
девчонке	4983516
фин	4983515
устраиваем	4983514
ковчег	4983513
молилась	4983512
задавал	4983511
трусом	4983510
замечала	4983509
преступностью	4983508
северного	4983507
шестом	4983506
правилах	4983505
егo	4983504
лежу	4983503
поставки	4983502
рома	4983501
прибыть	4983500
соответствуют	4983499
младшим	4983498
науку	4983497
чужую	4983496
куска	4983495
холодильника	4983494
эрнесто	4983493
неприятность	4983492
персонажа	4983491
жуткие	4983490
луффи	4983489
фальшивка	4983488
длиннее	4983487
пишете	4983486
маи	4983485
множественные	4983484
сожаления	4983483
чувствам	4983482
законопроект	4983481
влиять	4983480
паула	4983479
преступниками	4983478
цитата	4983477
наказывать	4983476
данн	4983475
стефана	4983474
хранила	4983473
девяносто	4983472
мафия	4983471
учу	4983470
журналов	4983469
политикои	4983468
маккеи	4983467
соуса	4983466
запри	4983465
извинение	4983464
празднике	4983463
трупом	4983462
добавлю	4983461
фез	4983460
нарисовала	4983459
убежали	4983458
иска	4983457
дрались	4983456
связанных	4983455
неправы	4983454
прогнать	4983453
пальце	4983452
отслеживать	4983451
разумом	4983450
праздничныи	4983449
восемнадцать	4983448
придумывать	4983447
нанимать	4983446
звездные	4983445
защищают	4983444
гипотетически	4983443
революцию	4983442
крутое	4983441
класть	4983440
краску	4983439
молчания	4983438
чхоль	4983437
требовалось	4983436
уродов	4983435
наблюдаем	4983434
купился	4983433
почтальон	4983432
чемпиона	4983431
убегал	4983430
приятнее	4983429
комнатах	4983428
бесплатная	4983427
глуши	4983426
куртке	4983425
имеются	4983424
опознал	4983423
элементов	4983422
спешке	4983421
апельсиновыи	4983420
напишет	4983419
анонимных	4983418
четырнадцать	4983417
into	4983416
джеид	4983415
посредством	4983414
родителях	4983413
одобрения	4983412
монастыре	4983411
присутствовал	4983410
налог	4983409
пробил	4983408
дамои	4983407
выехал	4983406
дерьмовыи	4983405
полететь	4983404
клевая	4983403
структура	4983402
предлагать	4983401
объясниться	4983400
разведку	4983399
оставляя	4983398
рафаэль	4983397
помолимся	4983396
пятью	4983395
очарование	4983394
кэссиди	4983393
зов	4983392
дмитрии	4983391
экономика	4983390
лорелаи	4983389
малышеи	4983388
бэтмен	4983387
зелье	4983386
джорджу	4983385
пальчики	4983384
ольга	4983383
отсчет	4983382
нужную	4983381
задеть	4983380
работало	4983379
етот	4983378
игроком	4983377
чувствительныи	4983376
умирали	4983375
балл	4983374
младшеи	4983373
соглашаися	4983372
изучение	4983371
сексуальную	4983370
гримм	4983369
футбола	4983368
ander	4983367
борюсь	4983366
следам	4983365
бланк	4983364
стенами	4983363
французов	4983362
поменялись	4983361
языках	4983360
пруд	4983359
перехватить	4983358
скрытые	4983357
пассажир	4983356
попросту	4983355
товаров	4983354
фаилов	4983353
фотографиях	4983352
стих	4983351
порох	4983350
таскать	4983349
юристом	4983348
намерении	4983347
веселого	4983346
проиграю	4983345
показывала	4983344
невозможным	4983343
анкэье	4983342
маркуса	4983341
индию	4983340
наслаждение	4983339
пропадал	4983338
нуждаешься	4983337
социальные	4983336
увлекательно	4983335
прочие	4983334
продаешь	4983333
эры	4983332
унвеьэ	4983331
джеральд	4983330
травка	4983329
спрятали	4983328
культура	4983327
драке	4983326
учебы	4983325
сущии	4983324
восточного	4983323
пити	4983322
наглость	4983321
волнения	4983320
говарда	4983319
федеральнои	4983318
легенду	4983317
выкупа	4983316
неудачников	4983315
упражнение	4983314
болтали	4983313
датчики	4983312
лабиринт	4983311
городские	4983310
долли	4983309
москву	4983308
терапевт	4983307
идеями	4983306
уладим	4983305
пыток	4983304
аха	4983303
толстые	4983302
мес	4983301
малышки	4983300
кофеина	4983299
винтовки	4983298
бьiл	4983297
публику	4983296
ручкои	4983295
стреляла	4983294
уезжала	4983293
сенат	4983292
четвертого	4983291
гневом	4983290
пользуешься	4983289
крупное	4983288
флориды	4983287
законе	4983286
доложите	4983285
неведении	4983284
капельки	4983283
солгать	4983282
марок	4983281
фильмом	4983280
внешности	4983279
богата	4983278
обменять	4983277
раздевалке	4983276
рыцари	4983275
застать	4983274
пролить	4983273
орсон	4983272
образы	4983271
напитков	4983270
борись	4983269
успешныи	4983268
популярныи	4983267
чрезвычаиная	4983266
подушка	4983265
прилетели	4983264
целовалась	4983263
повторно	4983262
лил	4983261
прячутся	4983260
продавали	4983259
хирурга	4983258
существовало	4983257
римляне	4983256
инициативу	4983255
поддержу	4983254
полях	4983253
mean	4983252
сервер	4983251
прошлая	4983250
противоядие	4983249
обращаися	4983248
готовили	4983247
провалилась	4983246
марте	4983245
едь	4983244
лулу	4983243
поврежден	4983242
соглашению	4983241
технологию	4983240
дрожь	4983239
лири	4983238
дочки	4983237
стиля	4983236
немец	4983235
общежитии	4983234
вытаскивать	4983233
постоянные	4983232
работаите	4983231
выписали	4983230
посольстве	4983229
кинга	4983228
одурачить	4983227
порезал	4983226
интересных	4983225
упор	4983224
облом	4983223
правосудию	4983222
эдуард	4983221
денется	4983220
параноик	4983219
вкусное	4983218
поддельные	4983217
хоит	4983216
предпочли	4983215
зять	4983214
союзники	4983213
полнолуние	4983212
проследил	4983211
бургеры	4983210
бентли	4983209
испытал	4983208
яна	4983207
полезны	4983206
шутник	4983205
корпорация	4983204
флора	4983203
витамины	4983202
ходом	4983201
полезна	4983200
смертельнои	4983199
уборнои	4983198
клифф	4983197
попка	4983196
взломали	4983195
возвращает	4983194
бываешь	4983193
наперекосяк	4983192
фортепиано	4983191
сбит	4983190
дворецкии	4983189
ѕока	4983188
раввин	4983187
чары	4983186
мороз	4983185
любителеи	4983184
архив	4983183
космического	4983182
пожизненное	4983181
находка	4983180
бутылке	4983179
угощу	4983178
ящиков	4983177
полку	4983176
полагает	4983175
круиз	4983174
джинджер	4983173
отвратительная	4983172
делась	4983171
непохоже	4983170
хкх	4983169
тор	4983168
скучали	4983167
опаснее	4983166
тяжести	4983165
учатся	4983164
коно	4983163
почитаи	4983162
держусь	4983161
строительства	4983160
охотника	4983159
упаси	4983158
выберите	4983157
карвер	4983156
лаи	4983155
яс	4983154
точняк	4983153
судебное	4983152
ee	4983151
спустил	4983150
фернандо	4983149
бритта	4983148
замечали	4983147
униформу	4983146
отобрали	4983145
апокалипсис	4983144
орландо	4983143
королевского	4983142
убитыи	4983141
лэнг	4983140
пожелает	4983139
грусть	4983138
мери	4983137
коричневыи	4983136
вздремнуть	4983135
досадно	4983134
достигнуть	4983133
выезжаем	4983132
выгнала	4983131
филиппа	4983130
избавимся	4983129
берегитесь	4983128
отпустим	4983127
валерия	4983126
зонтик	4983125
опа	4983124
потребовал	4983123
лягу	4983122
вожу	4983121
уничтожат	4983120
домашняя	4983119
даффи	4983118
доставаи	4983117
полетит	4983116
вега	4983115
возникнуть	4983114
социальныи	4983113
скука	4983112
пикап	4983111
заголовок	4983110
подразумеваешь	4983109
рождаются	4983108
хеил	4983107
доу	4983106
хэнка	4983105
попусту	4983104
внимательнее	4983103
выбрались	4983102
мэ	4983101
сложнои	4983100
слабая	4983099
новостям	4983098
вкуснее	4983097
строили	4983096
сас	4983095
утонула	4983094
мозгом	4983093
камне	4983092
умираем	4983091
реагируют	4983090
пластинку	4983089
бип	4983088
барлоу	4983087
начинала	4983086
сексуальном	4983085
задело	4983084
почувствует	4983083
отходов	4983082
галереи	4983081
специального	4983080
гордилась	4983079
фальшивыи	4983078
русским	4983077
нужном	4983076
обороты	4983075
колец	4983074
мудро	4983073
встретишься	4983072
искра	4983071
множества	4983070
ударит	4983069
доехать	4983068
мерзкая	4983067
убьете	4983066
некоторую	4983065
временныи	4983064
работах	4983063
роскошь	4983062
хван	4983061
ясность	4983060
обмана	4983059
кики	4983058
поднимаю	4983057
браин	4983056
планируем	4983055
пропускать	4983054
спортивные	4983053
просьбои	4983052
забывает	4983051
ценные	4983050
марианна	4983049
выкинули	4983048
фактор	4983047
кичего	4983046
соломон	4983045
рота	4983044
правление	4983043
завтрашнии	4983042
семя	4983041
преданныи	4983040
hо	4983039
хладнокровно	4983038
остановку	4983037
осознаю	4983036
чхан	4983035
кредитку	4983034
эфира	4983033
пунктов	4983032
дюима	4983031
удалили	4983030
сорт	4983029
италия	4983028
открытая	4983027
предсказать	4983026
неоднократно	4983025
скрываете	4983024
привидениями	4983023
несчастные	4983022
подавлен	4983021
источников	4983020
компьютерныи	4983019
читаите	4983018
полки	4983017
отсос	4983016
прикажешь	4983015
иэн	4983014
медицинском	4983013
сваливать	4983012
установила	4983011
сопляк	4983010
заключенного	4983009
морского	4983008
женихом	4983007
банни	4983006
встречает	4983005
реальное	4983004
семеиным	4983003
американское	4983002
совпадением	4983001
агентстве	4983000
маленькому	4982999
управляю	4982998
нетрудно	4982997
настроена	4982996
спасем	4982995
образа	4982994
батлер	4982993
покупали	4982992
собирают	4982991
чужим	4982990
элиот	4982989
рабочеи	4982988
ревнует	4982987
помощники	4982986
здравии	4982985
мадлен	4982984
прогуляюсь	4982983
сперма	4982982
дошел	4982981
честности	4982980
абсолютная	4982979
необычные	4982978
природои	4982977
частоту	4982976
ожидаешь	4982975
избранныи	4982974
голов	4982973
подцепил	4982972
изнасиловать	4982971
аккуратнеи	4982970
заставляла	4982969
соответствовать	4982968
оплачу	4982967
перу	4982966
страстью	4982965
свидетельствовать	4982964
офигеть	4982963
кроу	4982962
компьютеров	4982961
ланча	4982960
наставником	4982959
почтить	4982958
бакли	4982957
жулик	4982956
подачи	4982955
бежала	4982954
настроены	4982953
крупным	4982952
размеры	4982951
хаиль	4982950
начаться	4982949
прожили	4982948
снимет	4982947
мальчикам	4982946
должок	4982945
трофеи	4982944
перкинс	4982943
длиннои	4982942
греции	4982941
джени	4982940
беспорядки	4982939
броди	4982938
уборку	4982937
материи	4982936
шерифом	4982935
стрижка	4982934
пропусти	4982933
скрывала	4982932
ценным	4982931
принятия	4982930
потерпеть	4982929
женятся	4982928
оставшихся	4982927
данное	4982926
направления	4982925
психиатра	4982924
посидим	4982923
доставим	4982922
носок	4982921
гмюеьэ	4982920
столиком	4982919
утреннии	4982918
джефферсон	4982917
задерживается	4982916
путешествии	4982915
почву	4982914
арни	4982913
маршалла	4982912
журналистов	4982911
оставляите	4982910
джастина	4982909
банкет	4982908
подготовили	4982907
изменяла	4982906
жестокие	4982905
голодная	4982904
знаков	4982903
политиков	4982902
июне	4982901
холодным	4982900
прекрасном	4982899
ру	4982898
фрукт	4982897
вскрытии	4982896
сражения	4982895
спустимся	4982894
орешек	4982893
вздумается	4982892
шш	4982891
капитал	4982890
одеяла	4982889
устраиваю	4982888
hy	4982887
следствием	4982886
скамеике	4982885
зубам	4982884
водительские	4982883
подрался	4982882
окрестности	4982881
заказывали	4982880
покиньте	4982879
богатого	4982878
разработки	4982877
фрагменты	4982876
соболезную	4982875
площадки	4982874
хозяиство	4982873
танцах	4982872
притворяися	4982871
кореи	4982870
линден	4982869
заправке	4982868
сообщим	4982867
повеселились	4982866
норм	4982865
кореш	4982864
предлагали	4982863
перепутали	4982862
некрасиво	4982861
подгузники	4982860
разрешают	4982859
сплошнои	4982858
десятку	4982857
восхитительныи	4982856
меняю	4982855
отстоино	4982854
грусти	4982853
уголь	4982852
мечтаи	4982851
девчонками	4982850
нижнего	4982849
чудесным	4982848
шлюшка	4982847
комендантскии	4982846
дешевыи	4982845
взрывчатка	4982844
приносил	4982843
головные	4982842
разочаровал	4982841
глупую	4982840
лапша	4982839
снятся	4982838
платы	4982837
пустили	4982836
покормить	4982835
приеме	4982834
милтон	4982833
среднюю	4982832
общую	4982831
устроено	4982830
поглядите	4982829
бродит	4982828
отправитесь	4982827
экспертов	4982826
елены	4982825
обещании	4982824
тихая	4982823
позвонят	4982822
общаемся	4982821
миллера	4982820
сигарета	4982819
клапан	4982818
раидер	4982817
дневнике	4982816
мысленно	4982815
оскорбить	4982814
динамит	4982813
поправить	4982812
протоколы	4982811
вмешательства	4982810
выдающиися	4982809
вечная	4982808
яицам	4982807
сэиди	4982806
задержите	4982805
помешали	4982804
поддержит	4982803
площадка	4982802
семеика	4982801
достанет	4982800
портишь	4982799
мешают	4982798
ecли	4982797
облаках	4982796
приюта	4982795
волновались	4982794
женимся	4982793
триша	4982792
математики	4982791
прикасался	4982790
левом	4982789
ложные	4982788
съехала	4982787
почувствуете	4982786
скала	4982785
якорь	4982784
экскурсии	4982783
малькольм	4982782
будущих	4982781
воидем	4982780
добьюсь	4982779
чердак	4982778
феникс	4982777
конеи	4982776
типом	4982775
выдумала	4982774
сознался	4982773
абу	4982772
девятыи	4982771
привычку	4982770
деловые	4982769
тура	4982768
усложнять	4982767
виновны	4982766
отменила	4982765
конференция	4982764
выписал	4982763
психически	4982762
детективу	4982761
милого	4982760
таково	4982759
служу	4982758
каникулах	4982757
поверните	4982756
посылают	4982755
поппи	4982754
невинного	4982753
розыске	4982752
платформе	4982751
отметки	4982750
змею	4982749
приветствие	4982748
обвиняете	4982747
увлечение	4982746
рушится	4982745
разумное	4982744
куче	4982743
производить	4982742
рассказываите	4982741
туристы	4982740
леонарда	4982739
замечаю	4982738
страшнои	4982737
kerob	4982736
скорпион	4982735
тетрадь	4982734
изучает	4982733
ушами	4982732
романтическии	4982731
засадить	4982730
одевать	4982729
яблочныи	4982728
долорес	4982727
рукава	4982726
вырубил	4982725
трэиси	4982724
начальству	4982723
сильвестр	4982722
упаковку	4982721
палубу	4982720
злобныи	4982719
уронила	4982718
обращаешься	4982717
угнали	4982716
временная	4982715
курсу	4982714
шикарная	4982713
индия	4982712
печатать	4982711
терпит	4982710
замечания	4982709
каникул	4982708
аппарата	4982707
лживыи	4982706
роману	4982705
брендан	4982704
признаешь	4982703
таннер	4982702
депрессию	4982701
ямы	4982700
сдохнуть	4982699
повторяется	4982698
стаи	4982697
столы	4982696
народом	4982695
поп	4982694
мечи	4982693
пэк	4982692
тенеи	4982691
невиновности	4982690
кислота	4982689
марафон	4982688
медицина	4982687
эдриен	4982686
рабочим	4982685
продаем	4982684
аресте	4982683
попрощаися	4982682
синеи	4982681
уникальныи	4982680
дааа	4982679
голые	4982678
разное	4982677
несовершеннолетних	4982676
провалил	4982675
пользовалась	4982674
дани	4982673
рекомендовал	4982672
дном	4982671
празднование	4982670
предыдущеи	4982669
протеста	4982668
грязным	4982667
жалкои	4982666
слияние	4982665
чистоту	4982664
становись	4982663
сыграю	4982662
отдаваи	4982661
плаву	4982660
победишь	4982659
компьютеру	4982658
эпидемия	4982657
надавить	4982656
даки	4982655
аня	4982654
стенке	4982653
отняли	4982652
хаоса	4982651
кристен	4982650
загадку	4982649
близость	4982648
правительстве	4982647
раздавать	4982646
мировую	4982645
злых	4982644
карманах	4982643
властеи	4982642
навыков	4982641
дорогах	4982640
пустую	4982639
основное	4982638
болтают	4982637
свон	4982636
вручить	4982635
приступаите	4982634
покупаите	4982633
маккинли	4982632
ракет	4982631
волнение	4982630
шкафа	4982629
снился	4982628
переулок	4982627
компенсацию	4982626
осень	4982625
горла	4982624
гармонии	4982623
мировая	4982622
крошечные	4982621
куском	4982620
жизненныи	4982619
поднимемся	4982618
машинка	4982617
заявляю	4982616
килограммов	4982615
сбежит	4982614
слушая	4982613
вфхм	4982612
приезжали	4982611
крупнои	4982610
удалил	4982609
обнаружена	4982608
коэн	4982607
афганистан	4982606
известное	4982605
смелая	4982604
злилась	4982603
малибу	4982602
боремся	4982601
эндрюс	4982600
потеряете	4982599
прятал	4982598
кусты	4982597
незнакомцев	4982596
кэп	4982595
древняя	4982594
спускается	4982593
кличка	4982592
папка	4982591
мускулы	4982590
снимешь	4982589
заражение	4982588
взорвали	4982587
запала	4982586
называемыи	4982585
заставят	4982584
find	4982583
разместить	4982582
поклонница	4982581
винса	4982580
заговорила	4982579
переубедить	4982578
играите	4982577
любовником	4982576
похоронил	4982575
лхм	4982574
составит	4982573
нелли	4982572
картера	4982571
притворялась	4982570
сочинение	4982569
ричардом	4982568
потерпел	4982567
подставила	4982566
торгового	4982565
пилотом	4982564
городских	4982563
влезть	4982562
наложил	4982561
оставляем	4982560
мистере	4982559
завершения	4982558
социальных	4982557
движемся	4982556
лги	4982555
проделала	4982554
врагу	4982553
воспользовались	4982552
добру	4982551
роду	4982550
компенсации	4982549
проценты	4982548
мечтаешь	4982547
беатрис	4982546
оказывает	4982545
сахаром	4982544
посмешище	4982543
прекратим	4982542
помешан	4982541
осложнения	4982540
программои	4982539
жопы	4982538
субботы	4982537
любовники	4982536
соберем	4982535
глухая	4982534
определенного	4982533
олег	4982532
политическии	4982531
перевел	4982530
закончатся	4982529
разбуди	4982528
нянеи	4982527
команд	4982526
пакеты	4982525
сосредоточимся	4982524
лжете	4982523
удостоверения	4982522
любовницеи	4982521
облик	4982520
крысу	4982519
головокружение	4982518
золотое	4982517
господином	4982516
дот	4982515
общественнои	4982514
медсестру	4982513
улажено	4982512
датчик	4982511
демонстрации	4982510
сигнализации	4982509
конференцию	4982508
гамма	4982507
стремиться	4982506
вечные	4982505
сожалеем	4982504
очка	4982503
имеите	4982502
отвечаете	4982501
твиттере	4982500
верховного	4982499
гардероб	4982498
считаются	4982497
одобрил	4982496
подкупить	4982495
претензии	4982494
бриттани	4982493
сравнении	4982492
дарит	4982491
камерами	4982490
второму	4982489
процента	4982488
остановишь	4982487
выстрелили	4982486
владельцев	4982485
выбираите	4982484
присматривает	4982483
галактике	4982482
grenada	4982481
далеков	4982480
свяжется	4982479
баи	4982478
придать	4982477
существовал	4982476
маловато	4982475
помощников	4982474
основан	4982473
бомбои	4982472
солдатами	4982471
танцор	4982470
безумен	4982469
поглубже	4982468
польщена	4982467
кольцом	4982466
забывают	4982465
теплее	4982464
гостям	4982463
будущеи	4982462
алмазы	4982461
молитва	4982460
благополучно	4982459
коула	4982458
уволиться	4982457
определил	4982456
даме	4982455
пророк	4982454
god	4982453
опубликовать	4982452
напомнила	4982451
сдалась	4982450
ребекки	4982449
губам	4982448
приставал	4982447
нация	4982446
смита	4982445
зацепок	4982444
спустилась	4982443
щрнцн	4982442
деиствуите	4982441
сегодняшняя	4982440
батареи	4982439
грузовиков	4982438
праздников	4982437
грир	4982436
bг	4982435
соседом	4982434
хранят	4982433
посещении	4982432
люлю	4982431
поэзия	4982430
доверяи	4982429
искусству	4982428
тряпка	4982427
прибраться	4982426
фотографировать	4982425
топором	4982424
прелестная	4982423
should	4982422
произведения	4982421
монетку	4982420
са	4982419
long	4982418
навредил	4982417
кыш	4982416
корона	4982415
национальных	4982414
притворяюсь	4982413
болото	4982412
знакомьтесь	4982411
мужское	4982410
многочисленные	4982409
плавание	4982408
темнота	4982407
пьесе	4982406
арестовывать	4982405
вызовем	4982404
забавные	4982403
запретили	4982402
тяжко	4982401
монету	4982400
скачки	4982399
тонкие	4982398
яркие	4982397
бункер	4982396
выдумка	4982395
барнаби	4982394
наркотикам	4982393
сладко	4982392
намечается	4982391
сегодняшнем	4982390
длинои	4982389
рассела	4982388
мух	4982387
моззи	4982386
искупить	4982385
исправит	4982384
обеспечение	4982383
готовлюсь	4982382
взрослого	4982381
необходимым	4982380
горем	4982379
сучку	4982378
осознала	4982377
полицеискую	4982376
ездят	4982375
аватар	4982374
жертвовать	4982373
волокна	4982372
классическая	4982371
дерутся	4982370
занести	4982369
продолжаете	4982368
энтузиазм	4982367
рисует	4982366
маневр	4982365
дафна	4982364
урожая	4982363
обвиняю	4982362
лучи	4982361
сомневаися	4982360
ударю	4982359
громкии	4982358
подражания	4982357
заиму	4982356
вчерашнеи	4982355
дарю	4982354
жалуется	4982353
поплавать	4982352
даисон	4982351
мальчишник	4982350
воспринял	4982349
странными	4982348
нянька	4982347
допросов	4982346
деловая	4982345
флорида	4982344
побочные	4982343
пролил	4982342
опасения	4982341
сваливаю	4982340
организовали	4982339
винои	4982338
тридцати	4982337
обманываешь	4982336
верои	4982335
воссоздать	4982334
ларсен	4982333
въехал	4982332
экспедиции	4982331
знаменитостеи	4982330
завтрашнеи	4982329
альберта	4982328
развиваться	4982327
последует	4982326
бегают	4982325
развивается	4982324
крутить	4982323
лавку	4982322
слеп	4982321
распишитесь	4982320
изменишь	4982319
хода	4982318
страдаешь	4982317
видимся	4982316
атмосферы	4982315
изучала	4982314
разоидитесь	4982313
прощать	4982312
утки	4982311
дохода	4982310
сиденья	4982309
средствами	4982308
спок	4982307
птички	4982306
табак	4982305
постоянная	4982304
home	4982303
плакат	4982302
няню	4982301
акта	4982300
бишопа	4982299
испанском	4982298
гостеприимство	4982297
готовь	4982296
работника	4982295
скончалась	4982294
обвиняемого	4982293
указании	4982292
типо	4982291
восточныи	4982290
потер	4982289
активировать	4982288
южную	4982287
ƒл	4982286
презентации	4982285
пороха	4982284
гордишься	4982283
встаю	4982282
паскаль	4982281
выпала	4982280
фестивале	4982279
подходящая	4982278
учитесь	4982277
ценят	4982276
анни	4982275
уместно	4982274
сумасшедших	4982273
безумец	4982272
крыле	4982271
люкс	4982270
приблизиться	4982269
выведет	4982268
супруги	4982267
газы	4982266
представителя	4982265
полторы	4982264
синьорина	4982263
представляли	4982262
рабом	4982261
тобиас	4982260
сожалеет	4982259
бананы	4982258
звучат	4982257
несчастная	4982256
закрывает	4982255
хижине	4982254
пьяница	4982253
реанимации	4982252
волнующе	4982251
гоняться	4982250
эксперта	4982249
ѕростите	4982248
миллионами	4982247
каили	4982246
прокляты	4982245
повлияло	4982244
заходили	4982243
соперник	4982242
поистине	4982241
сводится	4982240
администрация	4982239
этoгo	4982238
мамин	4982237
ча	4982236
ленту	4982235
сесиль	4982234
засуну	4982233
приводят	4982232
палкои	4982231
наизнанку	4982230
закрытым	4982229
пирамиды	4982228
джил	4982227
секретно	4982226
hе	4982225
крышку	4982224
сим	4982223
советовал	4982222
колокольчик	4982221
разрешит	4982220
эир	4982219
наук	4982218
основано	4982217
дорогих	4982216
держатся	4982215
профсоюз	4982214
отбор	4982213
ощущать	4982212
гранаты	4982211
закроют	4982210
куплюсь	4982209
инмевмн	4982208
полости	4982207
ђ	4982206
захватывает	4982205
заботились	4982204
вероятнее	4982203
голодные	4982202
поправка	4982201
кью	4982200
симптом	4982199
услышав	4982198
зонд	4982197
семеиства	4982196
лечит	4982195
худои	4982194
нанес	4982193
кружка	4982192
каюту	4982191
доставят	4982190
естественныи	4982189
недовольны	4982188
телик	4982187
уголовное	4982186
any	4982185
вьl	4982184
рождается	4982183
молодцом	4982182
смене	4982181
верху	4982180
формулу	4982179
сконцентрируися	4982178
музыкантов	4982177
заднее	4982176
инструктор	4982175
заинтересует	4982174
изобразить	4982173
беннетт	4982172
канцлер	4982171
стоики	4982170
нору	4982169
нападает	4982168
красивыми	4982167
житель	4982166
торговлю	4982165
велели	4982164
проста	4982163
ha	4982162
перья	4982161
повернуться	4982160
желала	4982159
супермен	4982158
заряжен	4982157
переместить	4982156
грета	4982155
некого	4982154
потребует	4982153
мэлли	4982152
согласию	4982151
коляске	4982150
правильная	4982149
прикончил	4982148
восторг	4982147
наркоты	4982146
профессиональнои	4982145
миссисипи	4982144
европа	4982143
философия	4982142
относились	4982141
така	4982140
данными	4982139
дьяволу	4982138
потерялась	4982137
house	4982136
недопустимо	4982135
хозяину	4982134
сфокусироваться	4982133
лаитман	4982132
оборону	4982131
ладили	4982130
совать	4982129
унести	4982128
хитрость	4982127
таимер	4982126
гениальныи	4982125
гриппа	4982124
вулкан	4982123
шефу	4982122
армстронг	4982121
нужного	4982120
дo	4982119
кинотеатр	4982118
мастерскую	4982117
прочитали	4982116
загрузить	4982115
простуда	4982114
заходишь	4982113
якоб	4982112
аптеке	4982111
премьера	4982110
литературы	4982109
возражения	4982108
звенит	4982107
неожиданность	4982106
став	4982105
взрывы	4982104
приглашали	4982103
краскои	4982102
направили	4982101
продолжил	4982100
подобную	4982099
джонсона	4982098
поличным	4982097
касаются	4982096
преследуешь	4982095
москва	4982094
глубокое	4982093
поцеловались	4982092
засранцы	4982091
измерения	4982090
голубое	4982089
семеиство	4982088
помириться	4982087
рискует	4982086
поступал	4982085
подружке	4982084
рамон	4982083
правильного	4982082
удачнои	4982081
прилетела	4982080
гарантия	4982079
задняя	4982078
растении	4982077
касаться	4982076
офисом	4982075
биг	4982074
сестричка	4982073
алтарю	4982072
мае	4982071
химия	4982070
щенка	4982069
мэтр	4982068
возглавить	4982067
образе	4982066
воздушные	4982065
применять	4982064
взглядов	4982063
упущенное	4982062
пробка	4982061
сыграли	4982060
тоном	4982059
экспериментов	4982058
пир	4982057
эда	4982056
завалить	4982055
конкурентов	4982054
максом	4982053
девон	4982052
брюса	4982051
битои	4982050
произошедшее	4982049
нло	4982048
вытянуть	4982047
вырастил	4982046
стрельбу	4982045
втягивать	4982044
тренировался	4982043
помада	4982042
легким	4982041
больнее	4982040
специалиста	4982039
паром	4982038
кругами	4982037
занимаясь	4982036
полетим	4982035
рестораны	4982034
балкон	4982033
подтверждают	4982032
задела	4982031
ангелом	4982030
подсказка	4982029
перевела	4982028
пришелец	4982027
литров	4982026
тренировать	4982025
поделился	4982024
съедим	4982023
демократия	4982022
возникнет	4982021
управляют	4982020
заслуги	4982019
выставки	4982018
заставляю	4982017
избавилась	4982016
прослушивания	4982015
готовим	4982014
хижину	4982013
деньки	4982012
промах	4982011
покупке	4982010
морде	4982009
поверх	4982008
африка	4982007
выставили	4982006
call	4982005
ожидаете	4982004
проидемся	4982003
позаботилась	4982002
заполучил	4982001
достает	4982000
сплетен	4981999
интересуешься	4981998
фаза	4981997
экспертизы	4981996
разочаровывать	4981995
сперму	4981994
секретных	4981993
грабителеи	4981992
идеальную	4981991
джози	4981990
смеитесь	4981989
арестую	4981988
ядра	4981987
спокоинеи	4981986
великолепное	4981985
жуткое	4981984
представителем	4981983
называться	4981982
посторонних	4981981
расстроило	4981980
магнит	4981979
спровоцировать	4981978
бац	4981977
индеика	4981976
переезда	4981975
ослеп	4981974
харли	4981973
николя	4981972
папочки	4981971
яснее	4981970
дантист	4981969
maybe	4981968
опыте	4981967
фоллс	4981966
волшебнои	4981965
чулки	4981964
сообщаю	4981963
похитители	4981962
темных	4981961
объятиях	4981960
проиграет	4981959
презентацию	4981958
боифренда	4981957
участки	4981956
увереннои	4981955
финансовых	4981954
ловите	4981953
персонажеи	4981952
незамедлительно	4981951
отдохните	4981950
пизда	4981949
позволяете	4981948
трахни	4981947
владимир	4981946
бандои	4981945
знаменит	4981944
лизы	4981943
торопишься	4981942
расс	4981941
нападают	4981940
готовьте	4981939
расстанемся	4981938
приоритеты	4981937
жадность	4981936
побочныи	4981935
разрешу	4981934
наручниках	4981933
заключению	4981932
юридическую	4981931
патти	4981930
ћои	4981929
кастро	4981928
подробнее	4981927
градуса	4981926
гомик	4981925
блеин	4981924
ворвался	4981923
кюдмн	4981922
похищена	4981921
волоске	4981920
звездами	4981919
соревнованиях	4981918
минутои	4981917
пустыня	4981916
побегушках	4981915
небесныи	4981914
шеннон	4981913
кругах	4981912
службои	4981911
точные	4981910
рыбку	4981909
занялась	4981908
падаю	4981907
исаак	4981906
занавески	4981905
эммы	4981904
поры	4981903
умственно	4981902
бутерброды	4981901
творите	4981900
шторма	4981899
теряете	4981898
комедии	4981897
крепости	4981896
конверте	4981895
колу	4981894
студентом	4981893
мышц	4981892
расшифровать	4981891
круглосуточно	4981890
насиловал	4981889
снежныи	4981888
пластинки	4981887
мстить	4981886
крутых	4981885
выдвинуть	4981884
готовился	4981883
здравом	4981882
отличии	4981881
поэзии	4981880
следуют	4981879
котора	4981878
желающих	4981877
сексу	4981876
зимы	4981875
статуи	4981874
текилы	4981873
супермаркет	4981872
случаиныи	4981871
iii	4981870
внешнеи	4981869
отреагировал	4981868
лодыжку	4981867
взрывом	4981866
леви	4981865
поклонников	4981864
бенедикт	4981863
общаюсь	4981862
добавим	4981861
оуэна	4981860
конрада	4981859
прототип	4981858
шеппард	4981857
самолетом	4981856
завладеть	4981855
стула	4981854
руководителем	4981853
голосе	4981852
опюбдю	4981851
брачныи	4981850
слабых	4981849
предыдущии	4981848
входим	4981847
пещера	4981846
осмотреться	4981845
изменю	4981844
флоренции	4981843
разрезать	4981842
предоставили	4981841
обратного	4981840
картель	4981839
иорка	4981838
новичка	4981837
опера	4981836
поручение	4981835
рено	4981834
брендон	4981833
заговорили	4981832
заприте	4981831
мальчишек	4981830
разозлить	4981829
родео	4981828
стакана	4981827
обманываю	4981826
сделанные	4981825
рюл	4981824
кх	4981823
повести	4981822
львы	4981821
наиму	4981820
порта	4981819
канады	4981818
задушить	4981817
приставать	4981816
пощады	4981815
гавани	4981814
вылез	4981813
допросе	4981812
добавила	4981811
установим	4981810
влечение	4981809
невинная	4981808
президенты	4981807
становился	4981806
комы	4981805
укрыться	4981804
сливками	4981803
feel	4981802
долгом	4981801
сделок	4981800
невероятные	4981799
прервал	4981798
проидусь	4981797
чуда	4981796
камин	4981795
профессиональные	4981794
тонка	4981793
мосты	4981792
нескольким	4981791
шланг	4981790
стоимости	4981789
гэвин	4981788
сорта	4981787
наблюдатель	4981786
усилить	4981785
завещания	4981784
отрежу	4981783
инфекцию	4981782
помилуи	4981781
јга	4981780
сдохни	4981779
сравнение	4981778
флоте	4981777
различия	4981776
корки	4981775
соревноваться	4981774
родителя	4981773
стюарта	4981772
рабство	4981771
желая	4981770
здоровые	4981769
повторял	4981768
насто	4981767
паренька	4981766
утешить	4981765
трубка	4981764
специальность	4981763
долгую	4981762
наступления	4981761
бедную	4981760
рукаве	4981759
семеиную	4981758
тарелка	4981757
умирала	4981756
надвигается	4981755
охотились	4981754
виноград	4981753
жертвам	4981752
ремонта	4981751
глубину	4981750
вуд	4981749
утешит	4981748
ложки	4981747
посадим	4981746
дружили	4981745
викки	4981744
ошибались	4981743
лимон	4981742
дереву	4981741
факс	4981740
испытывают	4981739
далек	4981738
ганди	4981737
цифр	4981736
мода	4981735
состоянием	4981734
момо	4981733
родного	4981732
естественным	4981731
свечу	4981730
жилище	4981729
подача	4981728
потереи	4981727
тери	4981726
горячих	4981725
множеством	4981724
киллер	4981723
объяснили	4981722
извинилась	4981721
эиб	4981720
уилсона	4981719
boт	4981718
соседям	4981717
карлоса	4981716
древнеи	4981715
экстренныи	4981714
правит	4981713
изоляции	4981712
реального	4981711
эвакуировать	4981710
дика	4981709
возник	4981708
коллегои	4981707
научит	4981706
волн	4981705
научится	4981704
хвостом	4981703
днкфем	4981702
выманить	4981701
наешь	4981700
прикалываешься	4981699
последовательность	4981698
жвачка	4981697
ощутить	4981696
евреика	4981695
возрастом	4981694
владение	4981693
проработал	4981692
какашки	4981691
кк	4981690
мешаю	4981689
показываешь	4981688
твердо	4981687
дверях	4981686
голубеи	4981685
выключатель	4981684
моше	4981683
брауна	4981682
чед	4981681
повидал	4981680
вкуснятина	4981679
разыгрываешь	4981678
сдаваитесь	4981677
хранишь	4981676
пригнитесь	4981675
прощении	4981674
поручили	4981673
раздеться	4981672
переиду	4981671
жилья	4981670
осознавать	4981669
открывал	4981668
чет	4981667
обоидусь	4981666
желательно	4981665
загляну	4981664
притворись	4981663
впечатления	4981662
doing	4981661
адриан	4981660
центральная	4981659
ряда	4981658
чєм	4981657
распродажа	4981656
марло	4981655
клинтон	4981654
твареи	4981653
учеником	4981652
покупаем	4981651
серьги	4981650
веские	4981649
невозможное	4981648
беспокоило	4981647
критики	4981646
бесс	4981645
представила	4981644
диаз	4981643
песенка	4981642
аннабель	4981641
слезах	4981640
сбегаю	4981639
успокоимся	4981638
приглашают	4981637
монтаж	4981636
работающии	4981635
хах	4981634
юристов	4981633
заканчиваем	4981632
спятили	4981631
безупречно	4981630
телами	4981629
слабее	4981628
трубки	4981627
доберутся	4981626
шивон	4981625
кенгуру	4981624
покидал	4981623
овцы	4981622
палатки	4981621
занавес	4981620
покончу	4981619
объединиться	4981618
паруса	4981617
вульф	4981616
джеиком	4981615
сдались	4981614
злился	4981613
важном	4981612
рузвельт	4981611
пожарная	4981610
садовник	4981609
релиз	4981608
лесах	4981607
шнурки	4981606
рыб	4981605
печальная	4981604
откровенен	4981603
крючке	4981602
сканер	4981601
королевстве	4981600
загляни	4981599
научные	4981598
персонажи	4981597
приятелеи	4981596
деньгам	4981595
обратили	4981594
вызова	4981593
общалась	4981592
ун	4981591
пригласите	4981590
пригороде	4981589
задаваи	4981588
половои	4981587
охранником	4981586
описали	4981585
катастрофои	4981584
женских	4981583
отцепись	4981582
движутся	4981581
допрашивали	4981580
латыни	4981579
дики	4981578
заставляли	4981577
полеи	4981576
бумажки	4981575
ћен	4981574
общественные	4981573
поединок	4981572
дель	4981571
стоны	4981570
позора	4981569
розу	4981568
издание	4981567
рацию	4981566
доставлять	4981565
поправишься	4981564
пpocтo	4981563
поглядим	4981562
утверждение	4981561
глобал	4981560
формальность	4981559
девственник	4981558
американка	4981557
космическои	4981556
обижать	4981555
ответныи	4981554
краинии	4981553
обслуживания	4981552
молотком	4981551
эвакуация	4981550
богаче	4981549
палки	4981548
похищен	4981547
заинтересовался	4981546
выберусь	4981545
машинку	4981544
наполеон	4981543
редкое	4981542
девичник	4981541
мала	4981540
подвох	4981539
жестов	4981538
заперто	4981537
сироп	4981536
кассандра	4981535
обладают	4981534
ошибках	4981533
обеспечит	4981532
акка	4981531
мусорном	4981530
залезаите	4981529
израиле	4981528
разрез	4981527
путешествует	4981526
посильнее	4981525
скором	4981524
these	4981523
ставим	4981522
обвинят	4981521
привидения	4981520
заметишь	4981519
предложу	4981518
круглыи	4981517
балтимор	4981516
тво	4981515
открываются	4981514
нацисты	4981513
уволилась	4981512
папочку	4981511
сражаются	4981510
вылет	4981509
идиоткои	4981508
ордена	4981507
гектора	4981506
кричу	4981505
шуточки	4981504
наподобие	4981503
дорожка	4981502
серьезнее	4981501
роббинс	4981500
пляжа	4981499
умерло	4981498
поражен	4981497
римскии	4981496
давным	4981495
эффекта	4981494
обожал	4981493
сомневалась	4981492
записываю	4981491
поприветствуите	4981490
покупка	4981489
тaм	4981488
духами	4981487
законныи	4981486
привезут	4981485
мочу	4981484
адреналина	4981483
возражении	4981482
цкз	4981481
угрозами	4981480
отступаем	4981479
сваливаем	4981478
джованни	4981477
эспозито	4981476
выберем	4981475
полетели	4981474
секретную	4981473
внутренности	4981472
ƒаваите	4981471
англ	4981470
справляетесь	4981469
освободился	4981468
ньютон	4981467
нес	4981466
нежная	4981465
беспокоились	4981464
маскои	4981463
бородои	4981462
выставлять	4981461
держа	4981460
приложу	4981459
невестка	4981458
маккарти	4981457
прямое	4981456
переживет	4981455
паразит	4981454
наслаждался	4981453
вилма	4981452
памела	4981451
мастером	4981450
целует	4981449
губами	4981448
наследника	4981447
строил	4981446
предполагать	4981445
сэт	4981444
сотрудничества	4981443
эрику	4981442
экспертом	4981441
угрожаешь	4981440
онфюксиярю	4981439
божечки	4981438
страхования	4981437
генералу	4981436
погоде	4981435
oх	4981434
заложник	4981433
предателем	4981432
препятствия	4981431
джеикоба	4981430
мальчике	4981429
телеку	4981428
криста	4981427
травки	4981426
угнал	4981425
генерального	4981424
включена	4981423
эпоху	4981422
сцен	4981421
научных	4981420
взрывчатки	4981419
спортсмен	4981418
альянс	4981417
козлы	4981416
дары	4981415
всякая	4981414
щрнл	4981413
алехандро	4981412
чашу	4981411
кустах	4981410
обычном	4981409
ученика	4981408
поменяла	4981407
проспал	4981406
бену	4981405
взломом	4981404
выпишу	4981403
џ	4981402
финансов	4981401
воздеиствия	4981400
проходим	4981399
пахло	4981398
повесь	4981397
привязанность	4981396
воистину	4981395
помнится	4981394
лакс	4981393
сияние	4981392
искатель	4981391
злитесь	4981390
дурного	4981389
туфель	4981388
застали	4981387
задают	4981386
измену	4981385
развлекаитесь	4981384
брент	4981383
курите	4981382
завязывать	4981381
ярмарке	4981380
прежние	4981379
яме	4981378
пирожки	4981377
позволило	4981376
сменим	4981375
анонимныи	4981374
гневе	4981373
запястья	4981372
швеции	4981371
признаете	4981370
открываешь	4981369
двоиник	4981368
побегу	4981367
американским	4981366
освобожу	4981365
боида	4981364
сукины	4981363
финансы	4981362
оказывать	4981361
противозаконно	4981360
стадионе	4981359
креветок	4981358
эива	4981357
дюбюи	4981356
дозы	4981355
пакете	4981354
уберем	4981353
обнаружат	4981352
мистик	4981351
юки	4981350
выпускают	4981349
пушкои	4981348
обществом	4981347
компенсировать	4981346
уходе	4981345
эмму	4981344
длинными	4981343
отис	4981342
трахает	4981341
притормозить	4981340
родины	4981339
треугольник	4981338
миленькая	4981337
противоположность	4981336
нэлл	4981335
причинили	4981334
неита	4981333
выглядим	4981332
временные	4981331
дилер	4981330
типов	4981329
пушек	4981328
решиться	4981327
запланировано	4981326
пустых	4981325
выигрыше	4981324
зи	4981323
официального	4981322
расставание	4981321
короткои	4981320
дэ	4981319
поджечь	4981318
сломано	4981317
испекла	4981316
гостями	4981315
филлип	4981314
уборка	4981313
трем	4981312
продержится	4981311
конфликта	4981310
улов	4981309
парковка	4981308
патрон	4981307
лю	4981306
одинокие	4981305
любовное	4981304
человечеству	4981303
отдельные	4981302
несчастья	4981301
довелось	4981300
себастьяна	4981299
чаем	4981298
образца	4981297
мины	4981296
объединяет	4981295
коза	4981294
набирает	4981293
убегаешь	4981292
мадонна	4981291
расскажут	4981290
полдня	4981289
подает	4981288
кровавая	4981287
госпожи	4981286
матки	4981285
юпитер	4981284
двигаюсь	4981283
отрезали	4981282
направились	4981281
бедности	4981280
прочтите	4981279
атакует	4981278
подмогу	4981277
деита	4981276
повешу	4981275
сбежим	4981274
паралич	4981273
але	4981272
хвастаться	4981271
поднос	4981270
прячусь	4981269
согласятся	4981268
поклонники	4981267
капуста	4981266
экстрасенс	4981265
игровои	4981264
вестеи	4981263
конкретного	4981262
младенцев	4981261
подло	4981260
надоедать	4981259
общины	4981258
заложника	4981257
создадим	4981256
угощение	4981255
деревьях	4981254
радар	4981253
окончательное	4981252
обиды	4981251
срочныи	4981250
подводит	4981249
формула	4981248
пожилои	4981247
проекты	4981246
трещины	4981245
сильную	4981244
экономику	4981243
полетел	4981242
балконе	4981241
определеннои	4981240
улыбочку	4981239
судебные	4981238
приедете	4981237
давая	4981236
банально	4981235
ускользнуть	4981234
пригодятся	4981233
браком	4981232
каюте	4981231
гея	4981230
очаровательна	4981229
стоикои	4981228
лузер	4981227
женском	4981226
отказываются	4981225
ожидается	4981224
стемнеет	4981223
тетеи	4981222
ашер	4981221
героями	4981220
связали	4981219
сломаны	4981218
свободными	4981217
достаньте	4981216
шерифу	4981215
проникновения	4981214
передумали	4981213
фрэнком	4981212
тете	4981211
куба	4981210
используются	4981209
средних	4981208
скиннер	4981207
тоска	4981206
опасного	4981205
дотянуться	4981204
аллаха	4981203
странную	4981202
футболе	4981201
возможныи	4981200
породы	4981199
венеции	4981198
стоимостью	4981197
повреждены	4981196
падал	4981195
воевал	4981194
федералов	4981193
пришлют	4981192
запрещены	4981191
трещина	4981190
ночное	4981189
вертолета	4981188
владыка	4981187
опекун	4981186
жалким	4981185
галерею	4981184
еые	4981183
нанесли	4981182
сиэтле	4981181
улыбнулась	4981180
угрожают	4981179
гравитация	4981178
пьете	4981177
туалетом	4981176
бродить	4981175
трахалась	4981174
бун	4981173
уложил	4981172
бумагами	4981171
правильную	4981170
левое	4981169
выплатить	4981168
крепкая	4981167
следуя	4981166
вонг	4981165
арлин	4981164
гордо	4981163
надоела	4981162
приходиться	4981161
привыкнешь	4981160
воссоединение	4981159
инопланетяне	4981158
близкими	4981157
невесте	4981156
графика	4981155
прокат	4981154
батальон	4981153
эриком	4981152
передвижения	4981151
селия	4981150
дав	4981149
конторе	4981148
правильнои	4981147
докажем	4981146
попадут	4981145
парнях	4981144
отказываетесь	4981143
невинныи	4981142
знаменитои	4981141
сострадания	4981140
неофициально	4981139
скрытыи	4981138
приманку	4981137
мастерс	4981136
суку	4981135
покажете	4981134
повториться	4981133
котик	4981132
разгадать	4981131
точек	4981130
величеству	4981129
старшие	4981128
обычаи	4981127
иглы	4981126
происходящего	4981125
выставке	4981124
убедился	4981123
колина	4981122
электронныи	4981121
наркоманка	4981120
предателя	4981119
принадлежишь	4981118
спутники	4981117
выключаи	4981116
салфетку	4981115
выдаст	4981114
ложку	4981113
вступать	4981112
штуковину	4981111
решаешь	4981110
интерсект	4981109
проклятия	4981108
стандартныи	4981107
чувствуите	4981106
still	4981105
помогая	4981104
надели	4981103
вырастила	4981102
вступает	4981101
рукопись	4981100
совершенства	4981099
суини	4981098
кормит	4981097
положением	4981096
перекрыть	4981095
биллом	4981094
баки	4981093
варп	4981092
фреда	4981091
современных	4981090
перекусим	4981089
знака	4981088
пожелал	4981087
оох	4981086
математику	4981085
мокрая	4981084
установлен	4981083
танцуем	4981082
землетрясения	4981081
перестает	4981080
экзамена	4981079
стошнило	4981078
религию	4981077
малого	4981076
бпелъ	4981075
бабла	4981074
назывался	4981073
неплох	4981072
слухов	4981071
наживку	4981070
романтические	4981069
жеребец	4981068
вернувшись	4981067
тетю	4981066
отметины	4981065
конкретное	4981064
достанешь	4981063
стандарты	4981062
ученица	4981061
бридж	4981060
финна	4981059
парашют	4981058
люком	4981057
романтика	4981056
удалась	4981055
учитывать	4981054
собираитесь	4981053
акул	4981052
очередное	4981051
выстрелила	4981050
порву	4981049
флиртовать	4981048
конфиденциально	4981047
кентукки	4981046
толстым	4981045
поспешить	4981044
останавливался	4981043
продлить	4981042
спортивнои	4981041
винтовка	4981040
алтаря	4981039
кораблю	4981038
флэш	4981037
свернул	4981036
тесте	4981035
столовую	4981034
горько	4981033
мера	4981032
сожгла	4981031
убытки	4981030
нaм	4981029
пинки	4981028
орбите	4981027
международнои	4981026
летел	4981025
бауэр	4981024
плотно	4981023
квентин	4981022
рока	4981021
избить	4981020
яецндмъ	4981019
ругались	4981018
спешишь	4981017
усыновить	4981016
порез	4981015
полагают	4981014
разговору	4981013
отошел	4981012
расклад	4981011
перебраться	4981010
пирсон	4981009
дуэль	4981008
разрушен	4981007
выезжаю	4981006
уничтожает	4981005
некоторои	4981004
нокс	4981003
физическое	4981002
американскую	4981001
правитель	4981000
эгоистичныи	4980999
зацепку	4980998
чумы	4980997
прозвали	4980996
китаискую	4980995
разрешается	4980994
выпало	4980993
максим	4980992
ринг	4980991
представили	4980990
установлено	4980989
знакомого	4980988
ерундои	4980987
ханну	4980986
устроен	4980985
повесила	4980984
кладовке	4980983
поразить	4980982
top	4980981
глупого	4980980
дьюи	4980979
эффи	4980978
стоике	4980977
целуи	4980976
учреждение	4980975
осмотрю	4980974
покажись	4980973
трудным	4980972
спешит	4980971
мoи	4980970
лис	4980969
гравитации	4980968
ячеики	4980967
зрачки	4980966
вылезти	4980965
подстроил	4980964
марихуаны	4980963
митчел	4980962
отнесите	4980961
зеро	4980960
древнего	4980959
подозрению	4980958
торонто	4980957
основатель	4980956
изучали	4980955
утверждаю	4980954
держались	4980953
совместное	4980952
перевозки	4980951
оюою	4980950
котенок	4980949
молитесь	4980948
фотоаппарат	4980947
удивляться	4980946
xopoшo	4980945
парламент	4980944
гимн	4980943
строишь	4980942
специалисты	4980941
перееду	4980940
съемок	4980939
внутренняя	4980938
ненавидим	4980937
обязательство	4980936
зависть	4980935
подружились	4980934
муди	4980933
sorry	4980932
производству	4980931
местном	4980930
сертификат	4980929
нашлось	4980928
описанию	4980927
пропавшии	4980926
друзь	4980925
популярность	4980924
марион	4980923
дышу	4980922
ь	4980921
потрогаи	4980920
справятся	4980919
мечте	4980918
ганнибал	4980917
ща	4980916
данного	4980915
смертельная	4980914
стельку	4980913
голышом	4980912
зоопарка	4980911
вспомнили	4980910
крути	4980909
комплименты	4980908
дивана	4980907
мяу	4980906
миша	4980905
отмечать	4980904
монитор	4980903
искусственное	4980902
полечу	4980901
побывали	4980900
джулиус	4980899
запасных	4980898
обеспокоена	4980897
свадебные	4980896
кулаком	4980895
психическое	4980894
профессиональная	4980893
наличии	4980892
возвращаясь	4980891
улучшения	4980890
лампочки	4980889
развернуться	4980888
спасении	4980887
поинтересоваться	4980886
вращается	4980885
болтовню	4980884
сукои	4980883
привилегии	4980882
пениса	4980881
продаст	4980880
залога	4980879
мусорныи	4980878
научи	4980877
аризона	4980876
бесполезныи	4980875
задержан	4980874
наказана	4980873
синклер	4980872
осмотра	4980871
недавних	4980870
слюни	4980869
идиотизм	4980868
бьiло	4980867
принцессе	4980866
грузовои	4980865
активно	4980864
докторе	4980863
таблетками	4980862
онрнлс	4980861
канализации	4980860
сосать	4980859
низкая	4980858
заклятие	4980857
отложим	4980856
держалась	4980855
страдали	4980854
посоветовать	4980853
сборище	4980852
поработаем	4980851
мь	4980850
вагина	4980849
искушение	4980848
квартирои	4980847
куратор	4980846
кончить	4980845
сломается	4980844
арестовывали	4980843
особым	4980842
всадник	4980841
школах	4980840
специальная	4980839
коллинс	4980838
коррупции	4980837
новички	4980836
подготовлю	4980835
гуляли	4980834
выполнения	4980833
посоветоваться	4980832
сыграет	4980831
курила	4980830
влип	4980829
пеппер	4980828
неверное	4980827
тянется	4980826
индиана	4980825
присоединилась	4980824
готовятся	4980823
индастриз	4980822
песенку	4980821
проповедь	4980820
оживить	4980819
агенство	4980818
фанатка	4980817
подсказки	4980816
итог	4980815
кровотечения	4980814
перенесла	4980813
кента	4980812
вовлечен	4980811
прекратила	4980810
баирон	4980809
дженифер	4980808
кандидатом	4980807
вором	4980806
энджела	4980805
холодного	4980804
уставились	4980803
обращаитесь	4980802
умерших	4980801
василии	4980800
слежку	4980799
прикосновение	4980798
девки	4980797
кетчуп	4980796
бурю	4980795
взрыве	4980794
шапку	4980793
ввел	4980792
веселись	4980791
вычеркнуть	4980790
кэит	4980789
далия	4980788
личностью	4980787
утопить	4980786
комик	4980785
супруг	4980784
напомните	4980783
подготовке	4980782
юридическии	4980781
летишь	4980780
одел	4980779
полагаешь	4980778
поцелуешь	4980777
сумме	4980776
снимут	4980775
подарками	4980774
ави	4980773
рагу	4980772
дэрил	4980771
потребовать	4980770
легально	4980769
успеху	4980768
победителеи	4980767
истинного	4980766
световых	4980765
богатыми	4980764
величие	4980763
успокоился	4980762
things	4980761
уборщик	4980760
крутого	4980759
безумнои	4980758
переписать	4980757
гроба	4980756
трусах	4980755
деревьями	4980754
оказали	4980753
туз	4980752
марты	4980751
нападению	4980750
альма	4980749
козырь	4980748
достоины	4980747
средь	4980746
походу	4980745
лезешь	4980744
международного	4980743
женатым	4980742
взволнованы	4980741
музыкальнои	4980740
контеинере	4980739
марихуану	4980738
откладывать	4980737
соседнем	4980736
поставщик	4980735
вечеринкои	4980734
сержантом	4980733
обыщите	4980732
эмоциональныи	4980731
построим	4980730
линзы	4980729
декорации	4980728
обломки	4980727
пожать	4980726
выступит	4980725
яма	4980724
прочитаю	4980723
посажу	4980722
доводилось	4980721
вежливым	4980720
китаиские	4980719
прислуга	4980718
рыбак	4980717
руперт	4980716
жизель	4980715
неприятное	4980714
режь	4980713
роско	4980712
путаница	4980711
бесплатную	4980710
выбрасывать	4980709
тюремныи	4980708
медленныи	4980707
малик	4980706
танки	4980705
разыскивается	4980704
поменяли	4980703
ввязался	4980702
уима	4980701
вызываите	4980700
рискуем	4980699
поддерживали	4980698
комедия	4980697
интенсивнои	4980696
боге	4980695
сердитесь	4980694
соберитесь	4980693
филлипс	4980692
кчень	4980691
детонатор	4980690
необычаино	4980689
канзас	4980688
взятку	4980687
исповеди	4980686
легкого	4980685
статую	4980684
уолл	4980683
контролируют	4980682
кампуса	4980681
прочту	4980680
благотворительности	4980679
конфетка	4980678
темную	4980677
сфера	4980676
бокала	4980675
христиане	4980674
окажите	4980673
родителем	4980672
хвоста	4980671
донор	4980670
медвежонок	4980669
легкостью	4980668
встанешь	4980667
свела	4980666
четвертои	4980665
лнфеьэ	4980664
достается	4980663
огнестрельное	4980662
закончат	4980661
манхэттен	4980660
послания	4980659
black	4980658
постоянным	4980657
столб	4980656
деиствовали	4980655
связал	4980654
пристально	4980653
тик	4980652
двигался	4980651
воскресенья	4980650
through	4980649
везу	4980648
оксфорде	4980647
смирился	4980646
звуков	4980645
пристани	4980644
тссс	4980643
задала	4980642
восхитительна	4980641
счастливую	4980640
живя	4980639
зажигалка	4980638
удовлетворение	4980637
демонстрация	4980636
остановишься	4980635
черри	4980634
убедимся	4980633
спорь	4980632
беглец	4980631
разделяет	4980630
винишь	4980629
обернулось	4980628
гадости	4980627
работающих	4980626
психотерапевт	4980625
сочувствия	4980624
привыкаи	4980623
зо	4980622
мх	4980621
much	4980620
замысел	4980619
психа	4980618
рыбки	4980617
ханс	4980616
подлыи	4980615
прощальныи	4980614
спорте	4980613
лсд	4980612
спускаюсь	4980611
призываю	4980610
тюремнои	4980609
поимем	4980608
треилере	4980607
позвоночника	4980606
рассмотрим	4980605
открытые	4980604
сучкои	4980603
мэн	4980602
немо	4980601
двернои	4980600
заложниках	4980599
одолжила	4980598
драгоценныи	4980597
дальнеишем	4980596
сверхъестественное	4980595
тихонько	4980594
греиси	4980593
закрываются	4980592
выслушал	4980591
нервнои	4980590
заложил	4980589
вилла	4980588
увольняюсь	4980587
начатое	4980586
англиискои	4980585
расположен	4980584
покоинои	4980583
сверх	4980582
разыскивает	4980581
пленка	4980580
ведьмои	4980579
сотового	4980578
связям	4980577
петлю	4980576
кимберли	4980575
ток	4980574
черед	4980573
отозвать	4980572
переводить	4980571
перерезал	4980570
художников	4980569
заканчивает	4980568
динозавров	4980567
воротам	4980566
предыдущие	4980565
хакер	4980564
попробовали	4980563
сдаст	4980562
холлис	4980561
песке	4980560
цирке	4980559
явится	4980558
отсутствии	4980557
неудачное	4980556
вич	4980555
подбросил	4980554
перезвоните	4980553
дополнительную	4980552
воровка	4980551
воттак	4980550
сент	4980549
водопад	4980548
вене	4980547
принадлежали	4980546
расплата	4980545
поимаешь	4980544
отпускаю	4980543
китаец	4980542
повзрослеть	4980541
деревенщина	4980540
гудок	4980539
решилась	4980538
полегчает	4980537
расстроить	4980536
ветеранов	4980535
кэролин	4980534
раздобыл	4980533
лишилась	4980532
лизу	4980531
зачастую	4980530
объявится	4980529
леитенантом	4980528
зданием	4980527
шампунь	4980526
сладкои	4980525
гадать	4980524
костюмчик	4980523
снимались	4980522
принципов	4980521
чертовых	4980520
острым	4980519
спасению	4980518
выпадает	4980517
теплое	4980516
тысячами	4980515
укажет	4980514
спустится	4980513
чакотэи	4980512
автомата	4980511
проблемка	4980510
государственного	4980509
внуки	4980508
сорвалась	4980507
приманка	4980506
официальные	4980505
похода	4980504
красивого	4980503
курение	4980502
бобом	4980501
космические	4980500
помягче	4980499
вредит	4980498
стояк	4980497
тяните	4980496
волне	4980495
протоколу	4980494
потрошитель	4980493
служащии	4980492
рони	4980491
популярным	4980490
автоматы	4980489
включаю	4980488
пако	4980487
щедрыи	4980486
грохот	4980485
атаковали	4980484
вспять	4980483
алисии	4980482
банком	4980481
аудитория	4980480
исчезновении	4980479
щекотно	4980478
всплывет	4980477
активы	4980476
призраком	4980475
поучиться	4980474
сундук	4980473
осколок	4980472
кролики	4980471
организую	4980470
гарантирует	4980469
теплая	4980468
успокоит	4980467
входнои	4980466
вините	4980465
сдвинуть	4980464
мясника	4980463
запустили	4980462
мелким	4980461
манхэттене	4980460
доброта	4980459
позаботишься	4980458
определенных	4980457
талбот	4980456
won	4980455
явилась	4980454
заклинило	4980453
доводы	4980452
записан	4980451
любители	4980450
служащих	4980449
повернул	4980448
впечатлена	4980447
обрадуется	4980446
доспехи	4980445
упрямая	4980444
психолога	4980443
хихикает	4980442
декюрэ	4980441
мексика	4980440
вьетнам	4980439
поисками	4980438
раздражать	4980437
достучаться	4980436
малышу	4980435
приложил	4980434
запахом	4980433
закрытои	4980432
мусоре	4980431
местными	4980430
сакраменто	4980429
прилив	4980428
символом	4980427
деиствуем	4980426
рэп	4980425
врачам	4980424
репутациеи	4980423
старику	4980422
лара	4980421
иосиф	4980420
тувок	4980419
квадратных	4980418
стэфан	4980417
фриц	4980416
настоятельно	4980415
привязать	4980414
прыгает	4980413
ирландец	4980412
памятью	4980411
сговоре	4980410
констанс	4980409
губернатором	4980408
предоставь	4980407
украшение	4980406
англичан	4980405
бекет	4980404
перезвонила	4980403
свежеи	4980402
теодор	4980401
бросился	4980400
повестке	4980399
гарретт	4980398
достоинством	4980397
унаследовал	4980396
избавится	4980395
остальная	4980394
граффити	4980393
освобождении	4980392
захватила	4980391
добавили	4980390
нежные	4980389
преувеличиваешь	4980388
вчетвером	4980387
печи	4980386
заработает	4980385
оправдании	4980384
граната	4980383
каталог	4980382
оригинально	4980381
карлаил	4980380
скучные	4980379
электронные	4980378
массового	4980377
немецкая	4980376
меж	4980375
амиго	4980374
решающии	4980373
местную	4980372
учебе	4980371
снят	4980370
даль	4980369
снимала	4980368
безумием	4980367
яеаъ	4980366
энд	4980365
боевая	4980364
общественностью	4980363
папочкои	4980362
избирателеи	4980361
мяча	4980360
поставишь	4980359
ференги	4980358
орбиту	4980357
ворует	4980356
украдено	4980355
задумывалась	4980354
карлик	4980353
выбираем	4980352
жерар	4980351
ядом	4980350
рекои	4980349
окну	4980348
превосходство	4980347
гонконг	4980346
создаю	4980345
несчастен	4980344
преследую	4980343
короны	4980342
усталость	4980341
береговои	4980340
униформа	4980339
вилл	4980338
расстроил	4980337
мюллер	4980336
отсосать	4980335
осмелился	4980334
миленькии	4980333
героиня	4980332
червь	4980331
парочки	4980330
прикажете	4980329
зерно	4980328
присматривал	4980327
окружают	4980326
hет	4980325
возить	4980324
подбодрить	4980323
торчит	4980322
расплачиваться	4980321
вазу	4980320
баркли	4980319
возобновить	4980318
миле	4980317
хех	4980316
хулиган	4980315
ленивыи	4980314
лак	4980313
удачная	4980312
кэтлин	4980311
этoт	4980310
патрульные	4980309
рождественская	4980308
заключенным	4980307
небольшом	4980306
весе	4980305
пальцах	4980304
отдельности	4980303
наидутся	4980302
мороженное	4980301
велит	4980300
аннои	4980299
чокнутые	4980298
заведении	4980297
родня	4980296
better	4980295
вождения	4980294
мехико	4980293
свист	4980292
захвачу	4980291
елену	4980290
удивилась	4980289
ложе	4980288
стреляешь	4980287
разделиться	4980286
турнире	4980285
спланировать	4980284
аллергии	4980283
яхты	4980282
потерь	4980281
закате	4980280
уолдорф	4980279
выполнила	4980278
ƒумаю	4980277
украденные	4980276
дaвaи	4980275
шара	4980274
ден	4980273
жителям	4980272
дров	4980271
совершения	4980270
городская	4980269
токко	4980268
посылали	4980267
лазарет	4980266
бросали	4980265
гвидо	4980264
красотои	4980263
баром	4980262
молодежи	4980261
жажды	4980260
перестрелка	4980259
шестерых	4980258
забирал	4980257
лоры	4980256
омара	4980255
уступить	4980254
купе	4980253
сдержал	4980252
подрались	4980251
made	4980250
петер	4980249
владел	4980248
рог	4980247
дэррил	4980246
шепотом	4980245
вырезал	4980244
создаст	4980243
вступили	4980242
тележку	4980241
провала	4980240
окружает	4980239
крадет	4980238
сердится	4980237
мануэль	4980236
тгс	4980235
хулия	4980234
набросился	4980233
джорджии	4980232
выдох	4980231
again	4980230
побеждать	4980229
трость	4980228
хоронить	4980227
останавливаитесь	4980226
переломы	4980225
пуговицы	4980224
юных	4980223
тощии	4980222
морем	4980221
понаблюдать	4980220
доставьте	4980219
чаевых	4980218
воспринимает	4980217
пчелы	4980216
родственниками	4980215
пенсов	4980214
обратила	4980213
нифига	4980212
связывался	4980211
торгует	4980210
востоку	4980209
банок	4980208
шимпанзе	4980207
оксфорд	4980206
сменили	4980205
предоставьте	4980204
засыпаи	4980203
вобщем	4980202
покупок	4980201
принадлежности	4980200
исповедь	4980199
светло	4980198
посетил	4980197
сознательно	4980196
ясности	4980195
возглавляет	4980194
постоянного	4980193
палм	4980192
печальныи	4980191
солнцу	4980190
миссури	4980189
нечаянно	4980188
встречаешь	4980187
посещение	4980186
выставила	4980185
судороги	4980184
кирпич	4980183
подошло	4980182
винныи	4980181
привези	4980180
рас	4980179
кати	4980178
набора	4980177
четвертом	4980176
открытка	4980175
клочья	4980174
галлагер	4980173
объяснял	4980172
продумал	4980171
утку	4980170
воплотить	4980169
полицеискими	4980168
ярче	4980167
влюбились	4980166
исполнения	4980165
десятилетия	4980164
обновить	4980163
уго	4980162
увольнении	4980161
творческии	4980160
талон	4980159
скрыл	4980158
приобрел	4980157
взаимоотношения	4980156
дж	4980155
разлучить	4980154
соревновании	4980153
насовсем	4980152
юрисдикции	4980151
собственностью	4980150
наговорила	4980149
западныи	4980148
арестуем	4980147
дуи	4980146
рецепту	4980145
террориста	4980144
остаетесь	4980143
выдвигаться	4980142
вернон	4980141
браку	4980140
голосовую	4980139
разгар	4980138
девид	4980137
ньюман	4980136
почтои	4980135
успеет	4980134
неприятные	4980133
нихуя	4980132
быстрое	4980131
показаниях	4980130
скаилер	4980129
проститутку	4980128
заражения	4980127
guy	4980126
задержи	4980125
пробрался	4980124
улетела	4980123
heart	4980122
бегаю	4980121
управляющим	4980120
замерзла	4980119
втянуть	4980118
фокусник	4980117
задержу	4980116
хак	4980115
диалог	4980114
пригласишь	4980113
продолжите	4980112
кредиткои	4980111
детектор	4980110
признаем	4980109
фотографиями	4980108
крисси	4980107
чаком	4980106
ever	4980105
пепе	4980104
обеды	4980103
наслаждаешься	4980102
воровал	4980101
громкую	4980100
биопсию	4980099
юбка	4980098
замечательных	4980097
джефри	4980096
внедорожник	4980095
пошевеливаися	4980094
прекращать	4980093
неподходящии	4980092
случаиные	4980091
мотеля	4980090
юнион	4980089
жетон	4980088
бесполезна	4980087
закрылась	4980086
work	4980085
призыв	4980084
пожалеть	4980083
кубе	4980082
дотронуться	4980081
тоне	4980080
стью	4980079
будущие	4980078
прицел	4980077
заседании	4980076
ленты	4980075
бомбе	4980074
габби	4980073
питерсон	4980072
показа	4980071
загадочныи	4980070
псы	4980069
гаюс	4980068
наследства	4980067
указ	4980066
робертом	4980065
винчестер	4980064
подиум	4980063
выдержал	4980062
террористами	4980061
крикет	4980060
разобью	4980059
коту	4980058
тишину	4980057
осмелюсь	4980056
сальваторе	4980055
клеитон	4980054
основным	4980053
голубь	4980052
анонимно	4980051
заболеть	4980050
заика	4980049
предполагали	4980048
буррито	4980047
наки	4980046
врезать	4980045
веками	4980044
паста	4980043
образуется	4980042
подразделениям	4980041
нуждаться	4980040
пожертвовала	4980039
коулсон	4980038
гигантская	4980037
дэбби	4980036
цыпочка	4980035
набрала	4980034
пьяные	4980033
наполнить	4980032
кассу	4980031
середина	4980030
сбоку	4980029
зарабатывал	4980028
проведите	4980027
структуру	4980026
событием	4980025
расизм	4980024
проявляет	4980023
протеже	4980022
борец	4980021
ниточки	4980020
аппетитно	4980019
убитои	4980018
выступаю	4980017
бдительность	4980016
лен	4980015
точностью	4980014
обезвредить	4980013
мощное	4980012
мориарти	4980011
настаиваете	4980010
мокрые	4980009
наводит	4980008
исполнитель	4980007
мэру	4980006
честные	4980005
упоминали	4980004
проследите	4980003
бабло	4980002
некоторая	4980001
расчете	4980000
жесть	4979999
содержания	4979998
расположены	4979997
экскурсия	4979996
голосуите	4979995
крупную	4979994
возврата	4979993
папин	4979992
обвинила	4979991
вломились	4979990
ребекку	4979989
блюд	4979988
консультация	4979987
мечтают	4979986
расист	4979985
длину	4979984
бернадетт	4979983
черви	4979982
пикассо	4979981
штабе	4979980
визг	4979979
успокоюсь	4979978
походить	4979977
горацио	4979976
прикид	4979975
приличия	4979974
судебных	4979973
тихое	4979972
выпущу	4979971
ачем	4979970
эвана	4979969
лошадка	4979968
командиром	4979967
фуллер	4979966
незнакомцами	4979965
палочка	4979964
сохраним	4979963
кларенс	4979962
умела	4979961
туалетнои	4979960
уговорила	4979959
установки	4979958
расходятся	4979957
дождись	4979956
si	4979955
характером	4979954
ставили	4979953
соединенные	4979952
противныи	4979951
любовная	4979950
злого	4979949
мамочкои	4979948
велосипеда	4979947
студента	4979946
грина	4979945
наркоманов	4979944
экспертизу	4979943
поддерживала	4979942
спрятано	4979941
обидела	4979940
кулон	4979939
писателя	4979938
терренс	4979937
коста	4979936
расставить	4979935
покоиныи	4979934
last	4979933
пугающе	4979932
поиском	4979931
контору	4979930
яркая	4979929
достаточное	4979928
принципа	4979927
явились	4979926
физике	4979925
исчезну	4979924
лицемер	4979923
далтон	4979922
лок	4979921
подозрительного	4979920
мышление	4979919
перезвонит	4979918
диллон	4979917
распознать	4979916
заглянула	4979915
кодекса	4979914
оправдываться	4979913
джордана	4979912
подушкои	4979911
манере	4979910
поклянись	4979909
комитете	4979908
присмотрит	4979907
организациеи	4979906
эдуардо	4979905
ашкю	4979904
греисона	4979903
критиковать	4979902
реддингтон	4979901
соседкои	4979900
окажетесь	4979899
please	4979898
напомню	4979897
лягушка	4979896
монк	4979895
концами	4979894
восприятие	4979893
безработныи	4979892
youtube	4979891
ре	4979890
катетер	4979889
пауза	4979888
осмотрел	4979887
персоналу	4979886
популярнои	4979885
рипли	4979884
стил	4979883
лигу	4979882
мелоди	4979881
предприятия	4979880
метка	4979879
выносит	4979878
кобра	4979877
деиствием	4979876
триумф	4979875
услышим	4979874
пера	4979873
коньяк	4979872
ставите	4979871
локоть	4979870
подпишешь	4979869
бэтти	4979868
надзиратель	4979867
привлекают	4979866
порядком	4979865
умудрился	4979864
очевидным	4979863
отрывок	4979862
удался	4979861
познакомил	4979860
британского	4979859
ошибочно	4979858
любыми	4979857
светлое	4979856
уиллом	4979855
around	4979854
мусором	4979853
ѕравда	4979852
sure	4979851
зеленои	4979850
дев	4979849
крупнеиших	4979848
футболке	4979847
оформить	4979846
доверил	4979845
борются	4979844
джессики	4979843
няни	4979842
выполнили	4979841
немецкие	4979840
продуктами	4979839
закрывают	4979838
величаишая	4979837
переезжаем	4979836
гонорар	4979835
командованием	4979834
дока	4979833
утонуть	4979832
оставляла	4979831
лушаи	4979830
окружен	4979829
карлом	4979828
подобными	4979827
ослабить	4979826
нихрена	4979825
видимость	4979824
дслюч	4979823
бешенство	4979822
пострадавших	4979821
голодать	4979820
дурацких	4979819
кажетесь	4979818
свободои	4979817
деньжат	4979816
общаешься	4979815
жук	4979814
передают	4979813
разбитое	4979812
боеприпасы	4979811
телеграмма	4979810
алгоритм	4979809
легенде	4979808
нервов	4979807
бригадир	4979806
мотивам	4979805
республика	4979804
джони	4979803
обработать	4979802
мешаешь	4979801
превратилось	4979800
ближаиших	4979799
дежурстве	4979798
фары	4979797
случаиности	4979796
шерсти	4979795
заседания	4979794
ограничении	4979793
отвратительные	4979792
разорвал	4979791
бег	4979790
становились	4979789
продавца	4979788
порядочныи	4979787
задаи	4979786
застрелила	4979785
угощаися	4979784
доходов	4979783
подпишет	4979782
отослать	4979781
великолепные	4979780
выжившие	4979779
мотива	4979778
промахнулся	4979777
помним	4979776
ужинали	4979775
разбит	4979774
сантана	4979773
полюбишь	4979772
яиюгюк	4979771
появишься	4979770
наступило	4979769
разберется	4979768
похуи	4979767
большем	4979766
вылезаите	4979765
чутье	4979764
пилар	4979763
подготовила	4979762
красавицы	4979761
дисциплина	4979760
осужден	4979759
страдание	4979758
прислушаться	4979757
отклонено	4979756
задали	4979755
берлина	4979754
заработаешь	4979753
леа	4979752
основу	4979751
браки	4979750
рокко	4979749
пул	4979748
слежки	4979747
дасти	4979746
основал	4979745
наглости	4979744
художники	4979743
обычными	4979742
сдашь	4979741
листьев	4979740
порадовать	4979739
плесень	4979738
сложных	4979737
эдвин	4979736
теплые	4979735
чемпионата	4979734
гордыи	4979733
цыган	4979732
подвала	4979731
надеетесь	4979730
укрепить	4979729
обезболивающее	4979728
иллюзии	4979727
кексов	4979726
наказаны	4979725
проидешь	4979724
сходили	4979723
идеальные	4979722
утреннеи	4979721
поступило	4979720
оглянуться	4979719
расчеты	4979718
храбрым	4979717
добиваться	4979716
защищаете	4979715
бороды	4979714
nothing	4979713
учебныи	4979712
кепнер	4979711
дэили	4979710
долгах	4979709
раненыи	4979708
дурдом	4979707
хули	4979706
сделанныи	4979705
очевидное	4979704
генетически	4979703
взялось	4979702
put	4979701
величаишим	4979700
делл	4979699
кинотеатре	4979698
проснешься	4979697
даны	4979696
маике	4979695
ссору	4979694
просыпаешься	4979693
историческии	4979692
особенность	4979691
спрятан	4979690
модно	4979689
структуры	4979688
потерялись	4979687
кола	4979686
победители	4979685
отпечатками	4979684
конор	4979683
асдс	4979682
заставьте	4979681
потрясающеи	4979680
впустила	4979679
религиозные	4979678
бэрроу	4979677
пообещали	4979676
девушках	4979675
привлекательна	4979674
интеллекта	4979673
агата	4979672
кислоты	4979671
запасные	4979670
романтики	4979669
ai	4979668
братьям	4979667
романтик	4979666
вниманием	4979665
бочку	4979664
кампусе	4979663
подождал	4979662
темное	4979661
believe	4979660
протянет	4979659
курта	4979658
отравления	4979657
конституции	4979656
выживать	4979655
хадар	4979654
прослушку	4979653
прю	4979652
шагах	4979651
драив	4979650
выдают	4979649
родном	4979648
подгузник	4979647
рабами	4979646
сражается	4979645
маникюр	4979644
трэвиса	4979643
настаиваешь	4979642
ковальски	4979641
адриана	4979640
лнъ	4979639
сигналу	4979638
заводится	4979637
фрида	4979636
бруклина	4979635
обсуждают	4979634
кроватку	4979633
радостно	4979632
позволяла	4979631
предполагала	4979630
курорт	4979629
хором	4979628
отдаешь	4979627
посплю	4979626
подержите	4979625
картеля	4979624
запрыгиваи	4979623
пленных	4979622
максин	4979621
установка	4979620
изолировать	4979619
насос	4979618
вырастешь	4979617
эмоциональная	4979616
медсестер	4979615
выяснять	4979614
доверьтесь	4979613
танцовщица	4979612
примерить	4979611
нелегально	4979610
багажа	4979609
спаик	4979608
кроется	4979607
инстинктам	4979606
колдун	4979605
пленки	4979604
ветеринар	4979603
незамеченным	4979602
талии	4979601
описывает	4979600
герцогиня	4979599
автобусы	4979598
жары	4979597
соперника	4979596
очнется	4979595
законным	4979594
середины	4979593
седло	4979592
наперед	4979591
славные	4979590
участвуешь	4979589
онию	4979588
подделать	4979587
католик	4979586
шиллингов	4979585
окружение	4979584
картошкои	4979583
приезжала	4979582
семеином	4979581
раба	4979580
куртки	4979579
рация	4979578
великому	4979577
молится	4979576
энсин	4979575
праздником	4979574
спится	4979573
убитым	4979572
хэрриет	4979571
нервная	4979570
живую	4979569
арене	4979568
местное	4979567
энтерпраиз	4979566
клоуны	4979565
помолвлен	4979564
упаковать	4979563
взлететь	4979562
чел	4979561
союзников	4979560
иным	4979559
занудои	4979558
островов	4979557
живьем	4979556
наносит	4979555
тренировке	4979554
носило	4979553
открылись	4979552
платформы	4979551
семестра	4979550
утратил	4979549
бланш	4979548
клубом	4979547
трудностеи	4979546
регби	4979545
кусочка	4979544
сави	4979543
ударило	4979542
плечом	4979541
обниматься	4979540
риццоли	4979539
грубая	4979538
отрицаю	4979537
вероятности	4979536
хищник	4979535
схватят	4979534
зависят	4979533
затеяли	4979532
защищали	4979531
рискнул	4979530
вирусом	4979529
предлогом	4979528
таиного	4979527
адамом	4979526
поговорка	4979525
эр	4979524
низкие	4979523
манера	4979522
чeм	4979521
нездоровится	4979520
пятки	4979519
обои	4979518
леснои	4979517
бута	4979516
предыдущего	4979515
разведке	4979514
оказываются	4979513
камерах	4979512
гилмор	4979511
агрессии	4979510
полин	4979509
превращаются	4979508
ахмед	4979507
готовые	4979506
небесам	4979505
темои	4979504
аннабет	4979503
желтые	4979502
отправлял	4979501
овца	4979500
открывают	4979499
предназначен	4979498
спуск	4979497
учимся	4979496
династии	4979495
залив	4979494
туалеты	4979493
пригласим	4979492
подтолкнуть	4979491
составила	4979490
кровавые	4979489
пластырь	4979488
последствиями	4979487
спрос	4979486
замечательную	4979485
некоторыи	4979484
бактерии	4979483
успешнои	4979482
долбанныи	4979481
срочная	4979480
недавнего	4979479
напечатать	4979478
отметил	4979477
чистыми	4979476
синее	4979475
поработаю	4979474
усвоил	4979473
тупике	4979472
джино	4979471
защитныи	4979470
лэндри	4979469
марсе	4979468
bce	4979467
затмение	4979466
убивая	4979465
show	4979464
boy	4979463
джулию	4979462
острое	4979461
коллегу	4979460
осмотрели	4979459
подозрительным	4979458
пониже	4979457
национальном	4979456
биту	4979455
ядерныи	4979454
расставания	4979453
таиных	4979452
казались	4979451
сотворить	4979450
отдавал	4979449
телевидению	4979448
пасту	4979447
служат	4979446
торговаться	4979445
даниель	4979444
казнят	4979443
лоренс	4979442
вернои	4979441
сохранили	4979440
построена	4979439
лилиан	4979438
браслеты	4979437
львов	4979436
натура	4979435
стабилен	4979434
называлась	4979433
скучным	4979432
джанин	4979431
банкир	4979430
вспоминал	4979429
подходящую	4979428
отказано	4979427
стремился	4979426
совершаете	4979425
полученные	4979424
зависти	4979423
залечь	4979422
москвы	4979421
мачо	4979420
шокирует	4979419
поддерживаешь	4979418
потусоваться	4979417
бритни	4979416
мощная	4979415
юные	4979414
воспользуися	4979413
молчу	4979412
фруктовыи	4979411
гения	4979410
мотоцикла	4979409
отвлекаться	4979408
цыплят	4979407
расслабляться	4979406
скотча	4979405
бетани	4979404
лошадях	4979403
съездим	4979402
параде	4979401
жюли	4979400
сводишь	4979399
внесли	4979398
составляют	4979397
беконом	4979396
худшего	4979395
услугами	4979394
выращивать	4979393
разбудили	4979392
препятствии	4979391
магазинчик	4979390
сроке	4979389
рухнет	4979388
экономике	4979387
сентябре	4979386
талантлив	4979385
состава	4979384
гордона	4979383
выигрывать	4979382
бумажные	4979381
вечную	4979380
диета	4979379
взрослыми	4979378
задушил	4979377
батарея	4979376
доказательством	4979375
учти	4979374
отключен	4979373
познать	4979372
числом	4979371
налоговои	4979370
решимости	4979369
правдоподобно	4979368
защитил	4979367
сблизиться	4979366
придает	4979365
утомительно	4979364
подкрепления	4979363
современного	4979362
орлеане	4979361
почувствую	4979360
остановятся	4979359
статеи	4979358
рыдать	4979357
выложил	4979356
дипломат	4979355
сведении	4979354
oчeнь	4979353
раианом	4979352
спустились	4979351
табличку	4979350
рисуешь	4979349
отсеке	4979348
будущему	4979347
повеселитесь	4979346
отмени	4979345
поступков	4979344
высшее	4979343
поворота	4979342
сказке	4979341
котов	4979340
раионах	4979339
игорь	4979338
поработала	4979337
оборотня	4979336
сук	4979335
психом	4979334
вызвано	4979333
крупного	4979332
безразличен	4979331
открываем	4979330
успокоишься	4979329
гитары	4979328
оленеи	4979327
отбросить	4979326
кругов	4979325
побороть	4979324
наводку	4979323
окончание	4979322
сиськами	4979321
забираися	4979320
присматриваю	4979319
ричмонд	4979318
туре	4979317
ветеран	4979316
приближаися	4979315
достоиного	4979314
творение	4979313
щедрость	4979312
ясна	4979311
прикрыл	4979310
подскажете	4979309
фрэнку	4979308
джонатана	4979307
быстрои	4979306
показаниям	4979305
пенсильвания	4979304
дежурство	4979303
бешеныи	4979302
академия	4979301
проживает	4979300
содержат	4979299
трогали	4979298
славе	4979297
допуск	4979296
вышвырнуть	4979295
шока	4979294
типы	4979293
спасая	4979292
обезопасить	4979291
чемодане	4979290
брюнетка	4979289
бегаешь	4979288
удо	4979287
чучело	4979286
хауса	4979285
вдвоине	4979284
иель	4979283
воиско	4979282
пантеры	4979281
веревка	4979280
углы	4979279
возвращаетесь	4979278
стоили	4979277
пакета	4979276
воспоминаниями	4979275
рэндалл	4979274
груза	4979273
колонию	4979272
слил	4979271
назначаю	4979270
передвинуть	4979269
поражена	4979268
определенное	4979267
нервах	4979266
неудачница	4979265
счастьем	4979264
корра	4979263
окружили	4979262
инвесторов	4979261
застрелю	4979260
окнами	4979259
объяснило	4979258
проектов	4979257
кали	4979256
производят	4979255
лента	4979254
выразиться	4979253
норрис	4979252
урода	4979251
разновидность	4979250
фасоль	4979249
ягоды	4979248
keep	4979247
гуру	4979246
дерись	4979245
переносить	4979244
скорби	4979243
заявлении	4979242
курят	4979241
first	4979240
проигрывает	4979239
юного	4979238
неразумно	4979237
нападут	4979236
невозможного	4979235
лунои	4979234
увольнять	4979233
сталкивался	4979232
задержал	4979231
стопам	4979230
закрываемся	4979229
ом	4979228
калеба	4979227
спектакля	4979226
принятие	4979225
троинои	4979224
улетаю	4979223
плавает	4979222
пересадка	4979221
листок	4979220
диске	4979219
забастовка	4979218
вырастут	4979217
губки	4979216
рождественскои	4979215
маг	4979214
голодом	4979213
зерна	4979212
боку	4979211
доверяем	4979210
воспользуемся	4979209
ma	4979208
программ	4979207
масле	4979206
вследствие	4979205
бэлл	4979204
подготовь	4979203
устраивали	4979202
оденься	4979201
питается	4979200
достоиное	4979199
поклялась	4979198
палка	4979197
ассистента	4979196
хаиди	4979195
широкии	4979194
thought	4979193
мозговои	4979192
удачное	4979191
колдовство	4979190
сравниться	4979189
ближнего	4979188
хранятся	4979187
столица	4979186
вальс	4979185
сгорела	4979184
обрати	4979183
выгода	4979182
левого	4979181
ассистентка	4979180
переоденься	4979179
вольт	4979178
кэппи	4979177
уважаешь	4979176
выдала	4979175
висеть	4979174
iq	4979173
разбита	4979172
смешивать	4979171
вестен	4979170
преуспел	4979169
костра	4979168
альцгеимера	4979167
летнеи	4979166
матче	4979165
марис	4979164
солнечного	4979163
рассказа	4979162
назначила	4979161
диска	4979160
сигару	4979159
деточка	4979158
врезал	4979157
приглашен	4979156
помолчать	4979155
благословен	4979154
препаратов	4979153
домино	4979152
уважал	4979151
гори	4979150
уверить	4979149
аккумулятор	4979148
повестку	4979147
учителю	4979146
проверит	4979145
навид	4979144
посадите	4979143
кольт	4979142
душка	4979141
некое	4979140
шалом	4979139
островах	4979138
подтвердите	4979137
отличного	4979136
презентация	4979135
начит	4979134
рисую	4979133
идиотами	4979132
возражает	4979131
ган	4979130
заперла	4979129
обри	4979128
хендерсон	4979127
луком	4979126
нижнии	4979125
гонок	4979124
уиму	4979123
инспектором	4979122
перестанем	4979121
выброшу	4979120
похмелья	4979119
гожусь	4979118
проезжал	4979117
касалось	4979116
дополнительное	4979115
крах	4979114
королевское	4979113
бонжур	4979112
предпочту	4979111
ручаюсь	4979110
сс	4979109
дженны	4979108
концерты	4979107
посредник	4979106
убиваете	4979105
отследил	4979104
получено	4979103
фрагмент	4979102
арахис	4979101
вырасту	4979100
поскореи	4979099
семестре	4979098
ясен	4979097
ближнем	4979096
кладут	4979095
маршала	4979094
медового	4979093
разумным	4979092
внимательны	4979091
слушании	4979090
августе	4979089
нана	4979088
огромными	4979087
мошенничестве	4979086
раннии	4979085
виновнои	4979084
инвалид	4979083
проклятои	4979082
блаи	4979081
абсолютныи	4979080
tак	4979079
стремятся	4979078
аквариум	4979077
записке	4979076
рядах	4979075
оливье	4979074
послушала	4979073
стоику	4979072
help	4979071
сполна	4979070
самолетов	4979069
развитии	4979068
дэном	4979067
последствиях	4979066
вонючка	4979065
портье	4979064
потеряна	4979063
дурная	4979062
сидение	4979061
предлагала	4979060
требуются	4979059
обнаружения	4979058
одевается	4979057
джозефа	4979056
аарона	4979055
реальную	4979054
психиатру	4979053
похожих	4979052
марокко	4979051
ездишь	4979050
свалим	4979049
женатыи	4979048
договорилась	4979047
властями	4979046
ченг	4979045
собеседования	4979044
тапочки	4979043
познания	4979042
правого	4979041
реилан	4979040
избегает	4979039
низкои	4979038
застряло	4979037
естественнои	4979036
впускать	4979035
додумался	4979034
рвота	4979033
скачках	4979032
всеобщее	4979031
скачок	4979030
снегу	4979029
добавки	4979028
обедали	4979027
собор	4979026
подыскать	4979025
вилку	4979024
пяепеи	4979023
содержится	4979022
недовольна	4979021
кливер	4979020
попытаетесь	4979019
подаст	4979018
общежитие	4979017
вдовои	4979016
высшая	4979015
отдельных	4979014
лесбиянок	4979013
близнец	4979012
паик	4979011
фестиваля	4979010
разыграть	4979009
таксист	4979008
недоступен	4979007
блюз	4979006
нервничаи	4979005
обеде	4979004
высоки	4979003
шуткои	4979002
значительное	4979001
произвел	4979000
проклятую	4978999
подвергнуть	4978998
доверием	4978997
похитителеи	4978996
very	4978995
роскоши	4978994
монета	4978993
помогаи	4978992
мягче	4978991
уроком	4978990
меняем	4978989
культуру	4978988
забег	4978987
уволю	4978986
горизонте	4978985
выброси	4978984
насилии	4978983
потенциально	4978982
способно	4978981
похвастаться	4978980
вертится	4978979
запчасти	4978978
диабет	4978977
хиллари	4978976
отправлено	4978975
гаити	4978974
моисеи	4978973
опере	4978972
трикси	4978971
каплю	4978970
джоб	4978969
спецназа	4978968
заслуживал	4978967
пластик	4978966
гавань	4978965
подождешь	4978964
ебучии	4978963
постановка	4978962
арестов	4978961
километра	4978960
летите	4978959
помеха	4978958
познакомимся	4978957
рекламныи	4978956
изгнать	4978955
превосходная	4978954
вши	4978953
wait	4978952
стрел	4978951
азве	4978950
субботам	4978949
выражать	4978948
вдохни	4978947
оторву	4978946
ушам	4978945
представился	4978944
видеоигры	4978943
оркестра	4978942
убиицами	4978941
принимаите	4978940
тао	4978939
организуем	4978938
расписаться	4978937
сохранения	4978936
внес	4978935
менял	4978934
пропавшеи	4978933
министерстве	4978932
воздеиствием	4978931
гювел	4978930
бригады	4978929
мариеи	4978928
реинджер	4978927
внешне	4978926
загнать	4978925
присяду	4978924
разочарованы	4978923
ловят	4978922
поведать	4978921
стэнфорд	4978920
отвернуться	4978919
скучнои	4978918
присматриваи	4978917
возрасту	4978916
среднее	4978915
направлять	4978914
спрячься	4978913
барабан	4978912
книжке	4978911
добавьте	4978910
тратят	4978909
везение	4978908
умных	4978907
индеец	4978906
жестока	4978905
пошевеливаитесь	4978904
кассеты	4978903
лгун	4978902
гарварде	4978901
белки	4978900
отдельныи	4978899
коррекция	4978898
приказов	4978897
рассуждать	4978896
ожог	4978895
эспрессо	4978894
ресторанов	4978893
нервничала	4978892
немецком	4978891
добровольцем	4978890
физических	4978889
незнаю	4978888
присмотром	4978887
пластика	4978886
направлялся	4978885
вляпался	4978884
верные	4978883
балкона	4978882
позором	4978881
тактику	4978880
уда	4978879
араб	4978878
осподи	4978877
гребаные	4978876
некую	4978875
воображении	4978874
хэллоуина	4978873
качеств	4978872
потянуть	4978871
мачеха	4978870
апреле	4978869
платила	4978868
целовала	4978867
уток	4978866
глянуть	4978865
комиссию	4978864
разработать	4978863
линиеи	4978862
петух	4978861
частном	4978860
восьмого	4978859
берутся	4978858
умеем	4978857
выдвигать	4978856
леона	4978855
пряталась	4978854
пота	4978853
профессиональным	4978852
тонет	4978851
тронул	4978850
приносишь	4978849
встречаю	4978848
мятеж	4978847
значил	4978846
кабельное	4978845
научусь	4978844
набери	4978843
преследовала	4978842
мариана	4978841
провернул	4978840
стоящии	4978839
замечен	4978838
коснуться	4978837
пепла	4978836
лоретта	4978835
свалке	4978834
туннели	4978833
отходы	4978832
сэди	4978831
повторяет	4978830
надето	4978829
уликами	4978828
ставок	4978827
воидут	4978826
стаканы	4978825
технике	4978824
услышь	4978823
джарвис	4978822
импровизировать	4978821
нуу	4978820
остановило	4978819
добычи	4978818
возражение	4978817
стаканчику	4978816
использовании	4978815
стгм	4978814
ламберт	4978813
защитника	4978812
классы	4978811
потрясающим	4978810
заставляя	4978809
незнакомца	4978808
разделяю	4978807
плюсы	4978806
раствор	4978805
нетрезвом	4978804
кассета	4978803
беисбольнои	4978802
добираться	4978801
лишились	4978800
будущая	4978799
cause	4978798
розовая	4978797
добычеи	4978796
лэрри	4978795
отходим	4978794
вывели	4978793
спешим	4978792
квадрат	4978791
включила	4978790
морковь	4978789
открытии	4978788
серебра	4978787
влюбленных	4978786
place	4978785
пчела	4978784
регионе	4978783
подарочек	4978782
литра	4978781
просмотрели	4978780
унижения	4978779
срезать	4978778
сукина	4978777
покидаю	4978776
представлении	4978775
вымыть	4978774
бесплатное	4978773
острая	4978772
выручить	4978771
призраками	4978770
every	4978769
посвящается	4978768
хек	4978767
общаются	4978766
проснусь	4978765
устроилась	4978764
плеча	4978763
железные	4978762
палочку	4978761
вообщем	4978760
штурм	4978759
карнавал	4978758
спою	4978757
продолжаются	4978756
поклялись	4978755
правее	4978754
орал	4978753
джентльменом	4978752
величаишее	4978751
виолетта	4978750
ƒаже	4978749
интереснои	4978748
грядет	4978747
дэвиду	4978746
искры	4978745
путешественник	4978744
являемся	4978743
диету	4978742
сухим	4978741
наукои	4978740
эмилио	4978739
сегодняшние	4978738
ƒо	4978737
субъекта	4978736
исправлять	4978735
показатель	4978734
откроют	4978733
реактор	4978732
приятелями	4978731
маркиз	4978730
bad	4978729
дилана	4978728
кузины	4978727
исцелить	4978726
отделить	4978725
рагнар	4978724
вступила	4978723
пехоты	4978722
акров	4978721
вовсю	4978720
лоусон	4978719
посчитать	4978718
шестью	4978717
ложка	4978716
muji	4978715
заложить	4978714
политическая	4978713
била	4978712
куриные	4978711
проявляется	4978710
командования	4978709
флоренс	4978708
отвратительное	4978707
марлоу	4978706
энзо	4978705
осла	4978704
консультацию	4978703
врежь	4978702
сожгу	4978701
поправки	4978700
зарегистрирована	4978699
худших	4978698
отражает	4978697
электронную	4978696
ведра	4978695
рождественскую	4978694
понимании	4978693
редких	4978692
сообща	4978691
карлу	4978690
сомнению	4978689
кусочков	4978688
всплыло	4978687
вaм	4978686
британцы	4978685
прорваться	4978684
отовсюду	4978683
спасло	4978682
расписании	4978681
арендовал	4978680
согласись	4978679
обдумал	4978678
хендрикс	4978677
попадание	4978676
шоколадом	4978675
управлению	4978674
альтернатива	4978673
хорхе	4978672
водятся	4978671
дается	4978670
нах	4978669
сексуальна	4978668
купола	4978667
линк	4978666
северную	4978665
гав	4978664
пения	4978663
долина	4978662
сузить	4978661
катался	4978660
определиться	4978659
тучи	4978658
произносится	4978657
напились	4978656
взбесился	4978655
рюини	4978654
убрала	4978653
рыжие	4978652
овощеи	4978651
осмотрим	4978650
пятам	4978649
обеспечивает	4978648
арахисовое	4978647
трахались	4978646
обслуживать	4978645
мерзкие	4978644
гигантские	4978643
выживу	4978642
шагаи	4978641
переводят	4978640
встречеи	4978639
строгии	4978638
next	4978637
уловки	4978636
выметаитесь	4978635
рнани	4978634
крыльями	4978633
любящии	4978632
сговор	4978631
lucky	4978630
верном	4978629
продвинулись	4978628
новостью	4978627
канаве	4978626
подтверждено	4978625
сатаны	4978624
гюнтер	4978623
высоком	4978622
норы	4978621
мортон	4978620
решится	4978619
рецепты	4978618
папарацци	4978617
бьiть	4978616
перестрелки	4978615
благодать	4978614
борджиа	4978613
поспешите	4978612
мэибл	4978611
скидка	4978610
очередную	4978609
запаху	4978608
капельницу	4978607
old	4978606
ядерного	4978605
всплеск	4978604
джоффри	4978603
фотографиеи	4978602
человечность	4978601
легендои	4978600
филе	4978599
пух	4978598
настояла	4978597
постою	4978596
слабои	4978595
предоставлю	4978594
сладкого	4978593
начиналось	4978592
люсиль	4978591
послушает	4978590
дыханием	4978589
отвратительна	4978588
человеческим	4978587
эрнест	4978586
онщрнлс	4978585
разбираетесь	4978584
отбросы	4978583
вегаса	4978582
нормальными	4978581
льюиса	4978580
торговца	4978579
требовании	4978578
вырву	4978577
брюшнои	4978576
блестящие	4978575
культ	4978574
лоран	4978573
куриныи	4978572
ассистентом	4978571
маиерс	4978570
наряды	4978569
физика	4978568
пеизаж	4978567
разыскивают	4978566
произошедшего	4978565
суди	4978564
родным	4978563
леденцы	4978562
спиртное	4978561
сохранит	4978560
посты	4978559
играми	4978558
тошнота	4978557
прикроите	4978556
пересадку	4978555
подобрали	4978554
наличкои	4978553
мисис	4978552
дальнии	4978551
собирала	4978550
вложили	4978549
воспитания	4978548
постоянных	4978547
болтаи	4978546
зовешь	4978545
связями	4978544
условием	4978543
бернар	4978542
шевелится	4978541
подходящим	4978540
клив	4978539
освобождению	4978538
валять	4978537
плюнуть	4978536
учебники	4978535
пюгбе	4978534
домохозяика	4978533
чистилище	4978532
местонахождении	4978531
гостевои	4978530
дежурныи	4978529
недвижимостью	4978528
предварительныи	4978527
кажусь	4978526
лонни	4978525
орешки	4978524
надоест	4978523
психушку	4978522
шоколадное	4978521
удобное	4978520
ѕрошу	4978519
стыжусь	4978518
починю	4978517
мегги	4978516
грэг	4978515
педали	4978514
научись	4978513
левша	4978512
заговоре	4978511
сдастся	4978510
заметку	4978509
примерь	4978508
амстердам	4978507
существом	4978506
выпадет	4978505
густав	4978504
слепым	4978503
несправедливость	4978502
богами	4978501
проверяешь	4978500
джорди	4978499
поступаем	4978498
кладите	4978497
увеличивается	4978496
техническии	4978495
выполню	4978494
вмешался	4978493
ирэн	4978492
рида	4978491
контора	4978490
taк	4978489
картами	4978488
огненныи	4978487
вырубился	4978486
дино	4978485
выкуси	4978484
борешься	4978483
марселя	4978482
заместителя	4978481
темпе	4978480
разработали	4978479
распоряжения	4978478
доберешься	4978477
схватим	4978476
чешется	4978475
погубит	4978474
собирали	4978473
длинное	4978472
энтузиазма	4978471
превращать	4978470
королевских	4978469
юбки	4978468
покупаи	4978467
боязнь	4978466
красными	4978465
лечиться	4978464
египте	4978463
талия	4978462
телешоу	4978461
зеленых	4978460
изменим	4978459
than	4978458
перспектива	4978457
одними	4978456
хауз	4978455
сисек	4978454
памятник	4978453
присутствием	4978452
баз	4978451
марумо	4978450
дурень	4978449
китаицев	4978448
петр	4978447
покоиники	4978446
сожалении	4978445
ален	4978444
повредила	4978443
отказывать	4978442
перевозить	4978441
сирену	4978440
большинству	4978439
вечности	4978438
чудовищем	4978437
измерить	4978436
times	4978435
защити	4978434
опасную	4978433
русло	4978432
предупреждали	4978431
арсенал	4978430
консультанта	4978429
кимми	4978428
иуда	4978427
окажешь	4978426
уроках	4978425
научного	4978424
входящии	4978423
защищены	4978422
автомобильнои	4978421
одолжу	4978420
агентами	4978419
помыться	4978418
одела	4978417
пончиков	4978416
подумывал	4978415
газон	4978414
вмф	4978413
романов	4978412
позу	4978411
премьер	4978410
беспокоятся	4978409
улыбаюсь	4978408
жалоба	4978407
дэи	4978406
добиваешься	4978405
сумкои	4978404
внешнего	4978403
передозировка	4978402
сплошное	4978401
потенциальных	4978400
лжецом	4978399
дэмиен	4978398
напарники	4978397
дисциплины	4978396
распространяются	4978395
паука	4978394
церковью	4978393
знаменитости	4978392
stop	4978391
погубить	4978390
обидит	4978389
щрнр	4978388
бедэ	4978387
клубов	4978386
падаи	4978385
пушками	4978384
аномалия	4978383
паркера	4978382
кеина	4978381
издевается	4978380
устрицы	4978379
доверяли	4978378
арестована	4978377
пощечину	4978376
указаниям	4978375
завели	4978374
корзине	4978373
золушка	4978372
страху	4978371
скрываю	4978370
неясно	4978369
больное	4978368
кулаками	4978367
документам	4978366
убииствам	4978365
общественность	4978364
размышлял	4978363
свободную	4978362
официальная	4978361
поделюсь	4978360
обедал	4978359
брызги	4978358
опровергнуть	4978357
стремительно	4978356
сдохла	4978355
моряков	4978354
хозяев	4978353
профессию	4978352
лэнгстон	4978351
вызвался	4978350
скверно	4978349
тупое	4978348
баке	4978347
разозлится	4978346
ариэль	4978345
ублюдком	4978344
подобие	4978343
конфетку	4978342
болота	4978341
телескоп	4978340
пеиджер	4978339
пауков	4978338
малышкои	4978337
малыши	4978336
трибунал	4978335
звездных	4978334
пах	4978333
погоня	4978332
окончательныи	4978331
ядекюрэ	4978330
периодически	4978329
иена	4978328
задыхаюсь	4978327
важными	4978326
гонках	4978325
удивил	4978324
вентиляции	4978323
задает	4978322
пациентки	4978321
нику	4978320
похожая	4978319
чаша	4978318
гонишь	4978317
уивер	4978316
выполняите	4978315
намерение	4978314
январе	4978313
забираешь	4978312
унижать	4978311
верная	4978310
саммерс	4978309
лежало	4978308
космических	4978307
австралию	4978306
группировки	4978305
посещает	4978304
уловил	4978303
амулет	4978302
пенсильвании	4978301
убиваем	4978300
криминалистов	4978299
вырвал	4978298
бингам	4978297
извиняешься	4978296
летние	4978295
сталкивались	4978294
джаилз	4978293
идеал	4978292
леденец	4978291
нарушении	4978290
обогнать	4978289
лишнеи	4978288
мячи	4978287
вынудил	4978286
дополнительная	4978285
давят	4978284
сажать	4978283
мышления	4978282
переднеи	4978281
благословения	4978280
польше	4978279
подразумеваете	4978278
сегодняшним	4978277
нити	4978276
гангстер	4978275
телевизором	4978274
литературе	4978273
девок	4978272
ира	4978271
лодыжки	4978270
обеденныи	4978269
свечеи	4978268
отдадут	4978267
сова	4978266
сантос	4978265
духовныи	4978264
распространения	4978263
животик	4978262
отцовство	4978261
talk	4978260
контрабандои	4978259
китаиского	4978258
блины	4978257
докладывать	4978256
грубость	4978255
божье	4978254
совершали	4978253
фишки	4978252
создавая	4978251
трюков	4978250
развлекать	4978249
выступаем	4978248
голосовал	4978247
вынуть	4978246
соедини	4978245
обнаружит	4978244
волнуетесь	4978243
прин	4978242
крупно	4978241
вэнди	4978240
вито	4978239
пялишься	4978238
цирка	4978237
боргов	4978236
обниму	4978235
проживания	4978234
примета	4978233
убрался	4978232
цветом	4978231
самаритянин	4978230
сраные	4978229
связанныи	4978228
before	4978227
ветчина	4978226
популярна	4978225
вырезали	4978224
арендовать	4978223
клоунов	4978222
распоряжаться	4978221
марджори	4978220
ястреб	4978219
орудием	4978218
публичное	4978217
переживания	4978216
лазер	4978215
честер	4978214
сумочки	4978213
эллиота	4978212
командует	4978211
испытывала	4978210
отрицание	4978209
каблуках	4978208
сокол	4978207
одеялом	4978206
гаса	4978205
джеинвеи	4978204
простую	4978203
запросы	4978202
красоте	4978201
переедем	4978200
мэллори	4978199
огромном	4978198
этажом	4978197
поступления	4978196
святую	4978195
обнял	4978194
случаиностью	4978193
обиделся	4978192
любовниками	4978191
елизавета	4978190
оборудованием	4978189
барта	4978188
старлинг	4978187
моральныи	4978186
отели	4978185
возбуждение	4978184
делаются	4978183
инструментами	4978182
швов	4978181
необходимую	4978180
укусить	4978179
влюбляться	4978178
подобная	4978177
стараясь	4978176
последнему	4978175
компьютернои	4978174
сексуальность	4978173
роскошныи	4978172
водителеи	4978171
шафер	4978170
алкоголиков	4978169
везунчик	4978168
ответственны	4978167
этoм	4978166
веббер	4978165
уилли	4978164
сеанса	4978163
lady	4978162
неприкосновенность	4978161
оберегать	4978160
пересек	4978159
строим	4978158
безумным	4978157
зданию	4978156
джу	4978155
ворона	4978154
иогои	4978153
плакаты	4978152
книгами	4978151
парку	4978150
листовки	4978149
nbc	4978148
заканчиваите	4978147
отчаянные	4978146
мегатрон	4978145
жизнеобеспечения	4978144
реитинги	4978143
вторникам	4978142
двенадцати	4978141
жюльен	4978140
объявлении	4978139
хотч	4978138
единственно	4978137
невыносима	4978136
втянула	4978135
баик	4978134
диско	4978133
проникает	4978132
кулисами	4978131
съедят	4978130
успеете	4978129
отстал	4978128
музыкальная	4978127
передается	4978126
низкого	4978125
вежлив	4978124
доброволец	4978123
капот	4978122
робер	4978121
продаете	4978120
парочкои	4978119
ранние	4978118
полдюжины	4978117
струсил	4978116
рвать	4978115
подвез	4978114
кашляет	4978113
дружескии	4978112
осторожными	4978111
чужого	4978110
истинные	4978109
автобуснои	4978108
женись	4978107
иронично	4978106
сдача	4978105
расстраиваться	4978104
развивать	4978103
просыпаитесь	4978102
полюбили	4978101
мыться	4978100
мужчинах	4978099
самец	4978098
шаге	4978097
бродвее	4978096
прогнал	4978095
пелт	4978094
мореи	4978093
выбралась	4978092
спокоины	4978091
муравьи	4978090
масках	4978089
франкенштеин	4978088
реимонд	4978087
джоэль	4978086
расу	4978085
джульет	4978084
лекарством	4978083
кэтти	4978082
арло	4978081
пчел	4978080
храбрая	4978079
разговорами	4978078
лошадьми	4978077
продаи	4978076
технические	4978075
удивит	4978074
узы	4978073
оценит	4978072
признан	4978071
люцифер	4978070
джетро	4978069
феиерверки	4978068
работником	4978067
переезжаешь	4978066
подонки	4978065
ирландскии	4978064
знаменитая	4978063
гнезда	4978062
веселои	4978061
гестапо	4978060
доила	4978059
ктлично	4978058
парикмахер	4978057
крадут	4978056
лерои	4978055
упускать	4978054
носков	4978053
отобрал	4978052
высока	4978051
оттенок	4978050
задушили	4978049
уничтожено	4978048
пробежку	4978047
смел	4978046
интерн	4978045
припасы	4978044
хорн	4978043
злит	4978042
биби	4978041
раковину	4978040
рожает	4978039
доминика	4978038
национальную	4978037
целовался	4978036
крестьяне	4978035
избавляться	4978034
проводник	4978033
ханне	4978032
выведу	4978031
ало	4978030
дерби	4978029
сенатором	4978028
безумное	4978027
готовимся	4978026
предстать	4978025
королевскую	4978024
помолвке	4978023
пассажира	4978022
заицев	4978021
спортивных	4978020
дтп	4978019
развяжи	4978018
платьев	4978017
паразиты	4978016
задумалась	4978015
отзыв	4978014
достигает	4978013
спущу	4978012
разберешься	4978011
расследую	4978010
разочаровать	4978009
направлению	4978008
дов	4978007
сектора	4978006
вдалеке	4978005
отказывался	4978004
худшим	4978003
кадре	4978002
кошмаром	4978001
посещали	4978000
подозреваете	4977999
контракте	4977998
сияет	4977997
золотого	4977996
оригинальныи	4977995
язва	4977994
добивается	4977993
пропавшие	4977992
папки	4977991
феномен	4977990
лоиза	4977989
карманные	4977988
удивило	4977987
иран	4977986
крушения	4977985
вакансия	4977984
эис	4977983
письмах	4977982
балтиморе	4977981
набраться	4977980
жевать	4977979
винтер	4977978
христианин	4977977
амир	4977976
спасителя	4977975
лесбиянкои	4977974
преподаю	4977973
видеозапись	4977972
измерение	4977971
сошло	4977970
oдин	4977969
впоследствии	4977968
цветочек	4977967
следовали	4977966
кэиси	4977965
шкуре	4977964
оставляете	4977963
счеты	4977962
формои	4977961
помирились	4977960
возил	4977959
невиновным	4977958
подозрением	4977957
фигуру	4977956
тратил	4977955
форест	4977954
психологу	4977953
отличных	4977952
тихом	4977951
защитные	4977950
надуть	4977949
глазго	4977948
полез	4977947
консультантом	4977946
лаки	4977945
ежели	4977944
завершено	4977943
проснитесь	4977942
британская	4977941
подсудимого	4977940
включены	4977939
социальная	4977938
радиация	4977937
евреем	4977936
поддерживаем	4977935
держимся	4977934
подавал	4977933
комфорта	4977932
бесплатнои	4977931
альберто	4977930
советника	4977929
дэвиса	4977928
плакали	4977927
типу	4977926
жаловалась	4977925
конторы	4977924
хулиан	4977923
трагедию	4977922
шахта	4977921
записался	4977920
ништяк	4977919
пятницам	4977918
мешка	4977917
blue	4977916
почем	4977915
пошевелиться	4977914
белок	4977913
предназначено	4977912
водила	4977911
засыпать	4977910
паша	4977909
переднем	4977908
дели	4977907
заботимся	4977906
прекратит	4977905
считанные	4977904
проглотила	4977903
побыстреи	4977902
дешевые	4977901
бритва	4977900
замечают	4977899
дневники	4977898
неуютно	4977897
крема	4977896
грега	4977895
строк	4977894
варгас	4977893
фокусов	4977892
психиатрическои	4977891
шевели	4977890
бродвеи	4977889
драгоценностеи	4977888
шафером	4977887
рея	4977886
забили	4977885
государственных	4977884
дерьмовая	4977883
квитанции	4977882
причастна	4977881
обходится	4977880
беременны	4977879
пятую	4977878
покорить	4977877
городском	4977876
оглядываясь	4977875
хезер	4977874
чм	4977873
аирин	4977872
марихуана	4977871
тил	4977870
представляется	4977869
склонны	4977868
чизбургер	4977867
продвигаются	4977866
милан	4977865
лавки	4977864
излучение	4977863
июле	4977862
сцепление	4977861
гусь	4977860
грязными	4977859
уолта	4977858
проповеди	4977857
передовои	4977856
бегали	4977855
застрять	4977854
понадобились	4977853
ценностеи	4977852
пылесос	4977851
сколь	4977850
концепция	4977849
привилегия	4977848
засунули	4977847
отразится	4977846
народов	4977845
удобныи	4977844
стэиси	4977843
нерв	4977842
количеству	4977841
страницах	4977840
медичи	4977839
развелась	4977838
упаковки	4977837
упаковке	4977836
фиш	4977835
дочке	4977834
оборотнеи	4977833
потанцуи	4977832
волшебным	4977831
отвлекаю	4977830
датч	4977829
сервис	4977828
тикают	4977827
применения	4977826
пирожное	4977825
замести	4977824
наилучшего	4977823
усилие	4977822
загнал	4977821
иными	4977820
соседки	4977819
передаст	4977818
существую	4977817
администратор	4977816
вооруженное	4977815
чудак	4977814
разбивает	4977813
стрелу	4977812
отдадите	4977811
дюнан	4977810
выброс	4977809
заими	4977808
сопли	4977807
малая	4977806
шофер	4977805
бретт	4977804
урагана	4977803
апелляцию	4977802
эммои	4977801
олив	4977800
рычит	4977799
еврея	4977798
англиискому	4977797
храните	4977796
трону	4977795
лег	4977794
юлия	4977793
крыльев	4977792
классным	4977791
рухнул	4977790
посоветовала	4977789
хиллс	4977788
селина	4977787
кевином	4977786
горизонт	4977785
карманов	4977784
посуды	4977783
болоте	4977782
цветочки	4977781
морс	4977780
млн	4977779
ведущих	4977778
венера	4977777
подружками	4977776
ярмарку	4977775
ceичac	4977774
немыслимо	4977773
гамлет	4977772
выбрось	4977771
бабочек	4977770
бездомным	4977769
графику	4977768
зеландии	4977767
улетает	4977766
coming	4977765
жалуются	4977764
интересоваться	4977763
клоните	4977762
пятидесяти	4977761
улыбалась	4977760
хилтон	4977759
алис	4977758
засранцем	4977757
пошутить	4977756
перчатку	4977755
паршивая	4977754
ране	4977753
длилось	4977752
скрытая	4977751
коляску	4977750
уверенны	4977749
огорчает	4977748
ют	4977747
отключилась	4977746
пьеро	4977745
съезжу	4977744
потолке	4977743
официанта	4977742
обвиняется	4977741
елс	4977740
пижаму	4977739
задержку	4977738
поднимаются	4977737
руководил	4977736
загвоздка	4977735
панда	4977734
желтая	4977733
блузку	4977732
украшении	4977731
учебник	4977730
пробке	4977729
постановление	4977728
ивонн	4977727
сумели	4977726
шишки	4977725
ключевои	4977724
нужных	4977723
беллами	4977722
обижаитесь	4977721
пофигу	4977720
стриптиз	4977719
медики	4977718
двоиным	4977717
сладенькии	4977716
наряду	4977715
свали	4977714
суперинтендант	4977713
троя	4977712
посчитали	4977711
уладил	4977710
анжело	4977709
членам	4977708
аманду	4977707
секция	4977706
кашля	4977705
спиртного	4977704
свалку	4977703
организованнои	4977702
испытательныи	4977701
судов	4977700
пожилых	4977699
зажигать	4977698
na	4977697
якудза	4977696
вакцину	4977695
харлан	4977694
покинешь	4977693
воздуху	4977692
замедлить	4977691
отдают	4977690
джером	4977689
бернс	4977688
кабине	4977687
милы	4977686
air	4977685
выпускник	4977684
миллионер	4977683
co	4977682
девы	4977681
десятыи	4977680
иллиноис	4977679
невероятным	4977678
опасными	4977677
французских	4977676
химию	4977675
фидель	4977674
сказанное	4977673
спускаи	4977672
родную	4977671
сдаешься	4977670
ms	4977669
недостаточность	4977668
блю	4977667
актера	4977666
персик	4977665
интересуетесь	4977664
религиозных	4977663
редкие	4977662
официальным	4977661
ячдю	4977660
солью	4977659
побывала	4977658
субботнии	4977657
распространяться	4977656
эдисон	4977655
разнообразие	4977654
судебнои	4977653
карин	4977652
нова	4977651
иностранец	4977650
бармена	4977649
сценарист	4977648
дианы	4977647
колебании	4977646
велики	4977645
ивана	4977644
ссорятся	4977643
платформу	4977642
воспаление	4977641
девиц	4977640
повстанцы	4977639
подорвать	4977638
обнимемся	4977637
девку	4977636
провалится	4977635
привлекли	4977634
their	4977633
обернется	4977632
вавилон	4977631
автокатастрофе	4977630
западная	4977629
баб	4977628
прошедшие	4977627
ошеиник	4977626
потолка	4977625
дразнить	4977624
моира	4977623
поделим	4977622
принимается	4977621
раис	4977620
судебном	4977619
взрывать	4977618
передвигаться	4977617
личностеи	4977616
дикого	4977615
конгрессмена	4977614
каблуки	4977613
скидки	4977612
неправильные	4977611
итон	4977610
почка	4977609
лишняя	4977608
бэ	4977607
носилки	4977606
глубоким	4977605
дышишь	4977604
грехах	4977603
привлекло	4977602
употреблять	4977601
курицеи	4977600
глупее	4977599
пу	4977598
гамбургеры	4977597
протянуть	4977596
каньон	4977595
поимке	4977594
дурные	4977593
царствие	4977592
светлая	4977591
рср	4977590
прачечную	4977589
разбудишь	4977588
заботитесь	4977587
ракель	4977586
франклина	4977585
пожарным	4977584
усмехается	4977583
дантиста	4977582
устрои	4977581
евреискии	4977580
поездок	4977579
cпacибo	4977578
приезд	4977577
коротких	4977576
запутанно	4977575
популярная	4977574
противником	4977573
мужском	4977572
оскорбления	4977571
невероятнои	4977570
шапка	4977569
ови	4977568
коснулся	4977567
насильно	4977566
наслаждается	4977565
стервои	4977564
бyдeт	4977563
выложить	4977562
устраивал	4977561
широкие	4977560
великолепнои	4977559
сосредоточьтесь	4977558
белому	4977557
эимс	4977556
подаваи	4977555
пирожок	4977554
аномалии	4977553
ассоциация	4977552
незнакомцем	4977551
рассказываете	4977550
вильямс	4977549
холмы	4977548
китов	4977547
входом	4977546
освободится	4977545
относилась	4977544
баронесса	4977543
возместить	4977542
клеимо	4977541
кима	4977540
великолепным	4977539
семьях	4977538
затруднит	4977537
железы	4977536
подделки	4977535
быстрым	4977534
каспер	4977533
снижение	4977532
недостатка	4977531
anything	4977530
наркоманы	4977529
контакте	4977528
излишне	4977527
режиссера	4977526
элвиса	4977525
трона	4977524
пугало	4977523
необычным	4977522
гул	4977521
бочки	4977520
помер	4977519
разобралась	4977518
очешь	4977517
походы	4977516
убегаю	4977515
стипендии	4977514
захватим	4977513
полусмерти	4977512
порше	4977511
марисоль	4977510
разрывается	4977509
баллы	4977508
гэбриел	4977507
пиноккио	4977506
жуки	4977505
нравов	4977504
коры	4977503
страшным	4977502
длинным	4977501
напоказ	4977500
андрэ	4977499
скользкии	4977498
понимая	4977497
бензином	4977496
бабу	4977495
шоном	4977494
покрытие	4977493
пижаме	4977492
апартаменты	4977491
кадиллак	4977490
униформе	4977489
бирже	4977488
шут	4977487
ще	4977486
посылки	4977485
домика	4977484
отреагировала	4977483
парковаться	4977482
следуем	4977481
конго	4977480
безумна	4977479
выбью	4977478
последователеи	4977477
нaдo	4977476
профессору	4977475
ухе	4977474
ferrari	4977473
участвуют	4977472
моцарт	4977471
лезу	4977470
ланс	4977469
потрясена	4977468
беременных	4977467
иоги	4977466
гражданского	4977465
разглядел	4977464
дуэт	4977463
поимел	4977462
нееет	4977461
покупаете	4977460
напишем	4977459
учи	4977458
невредимым	4977457
губах	4977456
вернер	4977455
подраться	4977454
ключе	4977453
дорожные	4977452
зажигалку	4977451
прибытие	4977450
тьı	4977449
эмилия	4977448
розмари	4977447
составлю	4977446
профессионалом	4977445
далека	4977444
кастиэль	4977443
яичницу	4977442
отвел	4977441
создавал	4977440
остыть	4977439
еву	4977438
хэрри	4977437
феит	4977436
тяжесть	4977435
синего	4977434
номерами	4977433
проклятых	4977432
миленько	4977431
снаипера	4977430
ведущим	4977429
разберутся	4977428
спрятаны	4977427
цвете	4977426
сценарию	4977425
планировалось	4977424
доброты	4977423
объектов	4977422
цепочку	4977421
задерживаться	4977420
вытри	4977419
саикс	4977418
совещании	4977417
перебрал	4977416
француженка	4977415
выучила	4977414
бек	4977413
втаине	4977412
аккаунт	4977411
безопасным	4977410
кобб	4977409
хартли	4977408
заблудилась	4977407
уборки	4977406
чудныи	4977405
герберт	4977404
вершина	4977403
модныи	4977402
прокормить	4977401
разозлил	4977400
середину	4977399
описания	4977398
рассчитывала	4977397
приземлиться	4977396
заместителем	4977395
замерз	4977394
верхнюю	4977393
вдовы	4977392
развязать	4977391
летнего	4977390
столице	4977389
деиствуешь	4977388
эмме	4977387
цивилизация	4977386
засаде	4977385
частное	4977384
написаны	4977383
пике	4977382
ака	4977381
черепахи	4977380
хэнсон	4977379
горами	4977378
отвернулся	4977377
подписано	4977376
вовлечены	4977375
music	4977374
вампирами	4977373
жильцов	4977372
ренди	4977371
алименты	4977370
приглашаешь	4977369
журналиста	4977368
константин	4977367
добровольцы	4977366
проверят	4977365
всяким	4977364
уничтожь	4977363
подоидешь	4977362
плечами	4977361
везите	4977360
мгновения	4977359
чудеснои	4977358
главарь	4977357
молот	4977356
быстр	4977355
правилами	4977354
десерта	4977353
выслать	4977352
гонконге	4977351
босиком	4977350
санто	4977349
возможна	4977348
суше	4977347
трудиться	4977346
государственные	4977345
рыцаря	4977344
ѕрости	4977343
глупышка	4977342
афера	4977341
альф	4977340
информатора	4977339
наиденные	4977338
моник	4977337
резня	4977336
милыми	4977335
дергаися	4977334
сожаление	4977333
отослал	4977332
конгрессе	4977331
баррет	4977330
досягаемости	4977329
поминки	4977328
прекрасными	4977327
блоке	4977326
подозрительное	4977325
одену	4977324
амбар	4977323
живущии	4977322
вариантом	4977321
мафиози	4977320
зеркалом	4977319
итого	4977318
предвидел	4977317
застрелился	4977316
темного	4977315
шину	4977314
бедами	4977313
засранца	4977312
погибает	4977311
амнезия	4977310
мягкои	4977309
меру	4977308
бакса	4977307
ухом	4977306
привязанности	4977305
поправиться	4977304
чужими	4977303
дрожишь	4977302
отсутствуют	4977301
раскрою	4977300
крюгер	4977299
выгонят	4977298
формальности	4977297
взрывается	4977296
всякими	4977295
стоящего	4977294
отвернись	4977293
смыслом	4977292
процветает	4977291
брэда	4977290
верхнего	4977289
маккуин	4977288
пакетик	4977287
экзамене	4977286
психов	4977285
отдыхаите	4977284
обаяние	4977283
порция	4977282
стальнои	4977281
барабаны	4977280
пусты	4977279
бренд	4977278
операционная	4977277
опасаться	4977276
пропавшего	4977275
напугало	4977274
парки	4977273
аира	4977272
выходки	4977271
волшебника	4977270
иан	4977269
невиновны	4977268
оглядываться	4977267
гостья	4977266
упоминания	4977265
паттерсон	4977264
появлялась	4977263
воиди	4977262
тачдаун	4977261
аризоне	4977260
состоял	4977259
неудачная	4977258
вооруженные	4977257
жаждут	4977256
приезжаю	4977255
кормили	4977254
посылала	4977253
everything	4977252
коронер	4977251
теряли	4977250
оградить	4977249
размеру	4977248
сената	4977247
подмечено	4977246
пропускаю	4977245
располагаитесь	4977244
заправляет	4977243
охраняет	4977242
предатели	4977241
вестибюле	4977240
педаль	4977239
вилсон	4977238
зовем	4977237
расстроится	4977236
возлюбленныи	4977235
вкусы	4977234
питом	4977233
бывшему	4977232
пентагон	4977231
джекки	4977230
связки	4977229
возможного	4977228
ночным	4977227
санту	4977226
специалистов	4977225
коттедж	4977224
лошадью	4977223
позе	4977222
доун	4977221
владеют	4977220
навыками	4977219
международных	4977218
атмосфере	4977217
дюбуа	4977216
невиновного	4977215
записывал	4977214
притащили	4977213
сенате	4977212
зарабатывают	4977211
замечательного	4977210
сосуды	4977209
бегала	4977208
заботои	4977207
везло	4977206
подушке	4977205
фотка	4977204
подевались	4977203
приводил	4977202
креста	4977201
светится	4977200
разрешат	4977199
тупых	4977198
приказала	4977197
пищевои	4977196
срать	4977195
флагом	4977194
убедится	4977193
флирт	4977192
искусственного	4977191
рассмотрение	4977190
пропускает	4977189
сливок	4977188
существенно	4977187
виден	4977186
клэя	4977185
спутников	4977184
бекона	4977183
цифра	4977182
прикажу	4977181
объясняю	4977180
форда	4977179
вторника	4977178
критическом	4977177
пожалел	4977176
летнюю	4977175
кј	4977174
торговцев	4977173
исключает	4977172
потерянныи	4977171
вспоминаешь	4977170
сокращения	4977169
узлов	4977168
кнут	4977167
продашь	4977166
премного	4977165
задаешь	4977164
физического	4977163
нельз	4977162
положит	4977161
недопонимание	4977160
пользуися	4977159
инъекции	4977158
облигации	4977157
разного	4977156
усыновили	4977155
приносим	4977154
facebook	4977153
самоубиистве	4977152
шепчет	4977151
вышвырнули	4977150
таша	4977149
запасов	4977148
подачу	4977147
дэива	4977146
вице	4977145
спасаешь	4977144
тодда	4977143
храбро	4977142
догадаися	4977141
торги	4977140
экрана	4977139
протекает	4977138
девственности	4977137
qu	4977136
помех	4977135
нацистов	4977134
чистки	4977133
детроит	4977132
мощи	4977131
ирен	4977130
дружки	4977129
выигрываю	4977128
папина	4977127
ложныи	4977126
джимом	4977125
парадокс	4977124
смылся	4977123
надписи	4977122
дуги	4977121
тихим	4977120
солдатам	4977119
серебряныи	4977118
постучать	4977117
уделять	4977116
увлекся	4977115
ксандер	4977114
наталья	4977113
гаваиях	4977112
эмоциональнои	4977111
выигрывал	4977110
жутковато	4977109
военными	4977108
пoчeмy	4977107
откажетесь	4977106
ярмарка	4977105
гуляла	4977104
шеих	4977103
честного	4977102
мака	4977101
довел	4977100
состязание	4977099
луиджи	4977098
споров	4977097
заведи	4977096
усами	4977095
трепаться	4977094
денежныи	4977093
твиттер	4977092
суета	4977091
снимался	4977090
сработали	4977089
нашелся	4977088
тянешь	4977087
тoбoи	4977086
послужит	4977085
назло	4977084
ненавистью	4977083
прыжки	4977082
ранних	4977081
обращал	4977080
знаток	4977079
равен	4977078
уличныи	4977077
походит	4977076
боиня	4977075
досада	4977074
сломаешь	4977073
истинно	4977072
тенью	4977071
смотрятся	4977070
нарушением	4977069
мелинда	4977068
огнеи	4977067
высадки	4977066
грузовиком	4977065
тяжелую	4977064
бреиверман	4977063
обещаете	4977062
лень	4977061
бохэннон	4977060
мон	4977059
серииные	4977058
выскочил	4977057
кассе	4977056
сортир	4977055
принцу	4977054
обоидемся	4977053
проживание	4977052
немецкого	4977051
подхватил	4977050
донором	4977049
синяков	4977048
сломить	4977047
сеул	4977046
серьезную	4977045
браться	4977044
молочныи	4977043
исключая	4977042
глории	4977041
помоложе	4977040
перемена	4977039
дикари	4977038
джеисоном	4977037
подготовкои	4977036
мартинез	4977035
подари	4977034
ближаишем	4977033
смертников	4977032
отвезла	4977031
обращалась	4977030
инженера	4977029
моро	4977028
обманывают	4977027
торговцы	4977026
супергерои	4977025
поцелуем	4977024
ввязываться	4977023
отдыхе	4977022
видна	4977021
аптеки	4977020
заказывала	4977019
буфера	4977018
интерпол	4977017
колонки	4977016
популярны	4977015
иерусалиме	4977014
гудини	4977013
медиум	4977012
проявите	4977011
статистика	4977010
влияют	4977009
костями	4977008
индеики	4977007
летели	4977006
раннего	4977005
кабаре	4977004
китаиском	4977003
нуждаетесь	4977002
рискуя	4977001
дора	4977000
запросил	4976999
коньках	4976998
начальством	4976997
навещу	4976996
абсолютнои	4976995
введу	4976994
рискуете	4976993
инопланетян	4976992
владельцу	4976991
выбирала	4976990
актрисы	4976989
промышленности	4976988
рнцн	4976987
вал	4976986
порезы	4976985
тромб	4976984
колеи	4976983
сыщик	4976982
потерпите	4976981
заботливыи	4976980
бумажнике	4976979
удаление	4976978
миску	4976977
французское	4976976
приступаи	4976975
чертовом	4976974
веская	4976973
удивительным	4976972
некомфортно	4976971
искренние	4976970
сегодняшнюю	4976969
сбору	4976968
провалиться	4976967
закончены	4976966
вылетает	4976965
соломинку	4976964
мрак	4976963
виллу	4976962
кушаи	4976961
еилаи	4976960
повязка	4976959
требовал	4976958
наркота	4976957
отзывы	4976956
посади	4976955
турист	4976954
небольших	4976953
психологическии	4976952
остынет	4976951
накачали	4976950
надеются	4976949
образу	4976948
херни	4976947
контролируешь	4976946
реплики	4976945
введи	4976944
восьмом	4976943
элиты	4976942
логана	4976941
поидите	4976940
кредитка	4976939
семеро	4976938
блока	4976937
устраиваешь	4976936
полицеискому	4976935
морально	4976934
эла	4976933
болтаю	4976932
пруду	4976931
холостяк	4976930
мет	4976929
реальны	4976928
насекомые	4976927
возможны	4976926
споткнулся	4976925
тает	4976924
трип	4976923
тыкать	4976922
элеанор	4976921
врун	4976920
кормила	4976919
летняя	4976918
испытываете	4976917
переполнен	4976916
переносит	4976915
тото	4976914
военном	4976913
притворюсь	4976912
бекетт	4976911
мелкого	4976910
обрыва	4976909
конвои	4976908
допуска	4976907
временного	4976906
духовку	4976905
ведения	4976904
беззубик	4976903
дес	4976902
алексом	4976901
былые	4976900
персона	4976899
заболели	4976898
записывает	4976897
безразлична	4976896
единиц	4976895
научная	4976894
создателя	4976893
сбился	4976892
игрушками	4976891
эффектов	4976890
мировых	4976889
слоган	4976888
секретного	4976887
союзник	4976886
подходящие	4976885
увольняют	4976884
периметру	4976883
пиджаке	4976882
стивом	4976881
красавицеи	4976880
обвиняли	4976879
инвалидов	4976878
сталин	4976877
ночевал	4976876
родриго	4976875
освобожден	4976874
фантастически	4976873
актером	4976872
рожи	4976871
уродливыи	4976870
починили	4976869
атак	4976868
удовлетворения	4976867
забит	4976866
доступен	4976865
знаниями	4976864
хикс	4976863
выговор	4976862
сиджеи	4976861
тары	4976860
гретчен	4976859
наткнулась	4976858
выехали	4976857
ѕошли	4976856
допустили	4976855
весны	4976854
дракула	4976853
фоие	4976852
объем	4976851
влагалище	4976850
сожми	4976849
келси	4976848
рождена	4976847
слугои	4976846
бьешь	4976845
пожилая	4976844
сгорели	4976843
знакомои	4976842
желаемое	4976841
кая	4976840
промежуток	4976839
пускает	4976838
горки	4976837
погоню	4976836
недовольство	4976835
чьих	4976834
легавые	4976833
кладбища	4976832
падении	4976831
заедем	4976830
взаимы	4976829
доках	4976828
начальства	4976827
снимается	4976826
различие	4976825
клятва	4976824
ведущие	4976823
подавлена	4976822
звините	4976821
иронии	4976820
окончил	4976819
страховая	4976818
направлениях	4976817
пена	4976816
расходитесь	4976815
отстранить	4976814
напрягает	4976813
заткнешься	4976812
увижусь	4976811
дробовик	4976810
кес	4976809
догадывался	4976808
звания	4976807
бревно	4976806
успокоились	4976805
га	4976804
восхищался	4976803
упражнении	4976802
вступление	4976801
учительницеи	4976800
неизвестнои	4976799
вводить	4976798
прибытии	4976797
вдохновения	4976796
пулями	4976795
ориентации	4976794
сь	4976793
игнорируи	4976792
чистоте	4976791
шокирован	4976790
сосчитать	4976789
пупсик	4976788
киото	4976787
стимул	4976786
ограничены	4976785
случаиным	4976784
клубах	4976783
кассы	4976782
визитом	4976781
переходи	4976780
медицинским	4976779
японские	4976778
отключите	4976777
разрушено	4976776
развалится	4976775
разыгрывать	4976774
сожги	4976773
исправь	4976772
рупии	4976771
нитки	4976770
свеча	4976769
тея	4976768
установлены	4976767
отрицательно	4976766
чудовищно	4976765
спешил	4976764
безопасностью	4976763
трах	4976762
мигрень	4976761
национальные	4976760
христиан	4976759
сажусь	4976758
those	4976757
создано	4976756
интуиции	4976755
путями	4976754
потрахаться	4976753
круге	4976752
ученого	4976751
симпатичным	4976750
вымогательство	4976749
темпл	4976748
ненормальные	4976747
книжном	4976746
состоянию	4976745
костелло	4976744
своиства	4976743
прохода	4976742
охотимся	4976741
гражданина	4976740
просидел	4976739
наследником	4976738
вторых	4976737
удвоить	4976736
ужасными	4976735
пустила	4976734
функционирует	4976733
заполнил	4976732
хрупкая	4976731
немецкои	4976730
ботинках	4976729
коктеилеи	4976728
научишь	4976727
недооценил	4976726
задумано	4976725
гарет	4976724
организовала	4976723
значишь	4976722
пилотов	4976721
саванна	4976720
переговорах	4976719
мрачныи	4976718
вредить	4976717
освободит	4976716
сонбэ	4976715
террористическои	4976714
спортивная	4976713
циско	4976712
ћо	4976711
взглянула	4976710
окрестностях	4976709
рюкзаке	4976708
убираю	4976707
угрозе	4976706
размышления	4976705
любовных	4976704
закрылись	4976703
шить	4976702
ударишь	4976701
полем	4976700
конфиденциальность	4976699
деиствиями	4976698
бродил	4976697
other	4976696
вороны	4976695
особняке	4976694
соком	4976693
стажер	4976692
поза	4976691
улизнуть	4976690
рублеи	4976689
капусты	4976688
ксвье	4976687
изредка	4976686
никакое	4976685
председателем	4976684
лево	4976683
отправляешься	4976682
предназначена	4976681
могучии	4976680
выполняи	4976679
мамины	4976678
вьы	4976677
нато	4976676
проведете	4976675
фотографа	4976674
афина	4976673
жвачки	4976672
перепутала	4976671
присмотрите	4976670
устроиств	4976669
латынь	4976668
итальянец	4976667
планирования	4976666
четверга	4976665
кулаки	4976664
эволюция	4976663
сн	4976662
кристофера	4976661
курсах	4976660
целуются	4976659
хилари	4976658
утечки	4976657
закопал	4976656
федеральных	4976655
гриль	4976654
тунца	4976653
изменят	4976652
шевалье	4976651
покрасить	4976650
покроет	4976649
словарь	4976648
душно	4976647
хлопок	4976646
кредитные	4976645
новенького	4976644
редж	4976643
камерон	4976642
кирстен	4976641
поменяемся	4976640
инструкциям	4976639
прекратилось	4976638
достаточнои	4976637
ощущении	4976636
яркое	4976635
кончать	4976634
женились	4976633
рукав	4976632
общении	4976631
sdjobo	4976630
сообщит	4976629
отметим	4976628
залива	4976627
денвер	4976626
выследил	4976625
прямую	4976624
вписывается	4976623
особа	4976622
грустить	4976621
оливию	4976620
атлантик	4976619
иде	4976618
побеге	4976617
вынос	4976616
оборотни	4976615
вломиться	4976614
свидетельствует	4976613
грустные	4976612
гвозди	4976611
финале	4976610
посмеешь	4976609
очаровательнои	4976608
отъезд	4976607
забудете	4976606
du	4976605
слепых	4976604
поиметь	4976603
подземныи	4976602
покончили	4976601
приступать	4976600
дженсен	4976599
калли	4976598
болтал	4976597
свен	4976596
скетч	4976595
подъехать	4976594
служебныи	4976593
коммунисты	4976592
поджег	4976591
временах	4976590
отнестись	4976589
грузом	4976588
остановят	4976587
щеки	4976586
дружим	4976585
истек	4976584
залазь	4976583
винил	4976582
самозащита	4976581
заслуживаем	4976580
установите	4976579
следовала	4976578
молнию	4976577
строике	4976576
прописал	4976575
молить	4976574
страик	4976573
брехня	4976572
ручеи	4976571
стремлюсь	4976570
видении	4976569
распознавания	4976568
приспособиться	4976567
пэн	4976566
мичиган	4976565
бухло	4976564
мастерская	4976563
сомневается	4976562
красотки	4976561
западу	4976560
телефонного	4976559
мэттом	4976558
благодарите	4976557
старшую	4976556
орла	4976555
занимают	4976554
деклан	4976553
попадал	4976552
головка	4976551
меи	4976550
продвижение	4976549
волнуются	4976548
сестрами	4976547
мазь	4976546
повесился	4976545
вшеи	4976544
ссоре	4976543
ложусь	4976542
идиотскии	4976541
добровольцев	4976540
буквами	4976539
еисаи	4976538
объятии	4976537
вытворяешь	4976536
гарак	4976535
талантлива	4976534
предупреди	4976533
очаровательным	4976532
бью	4976531
гражданская	4976530
отправлены	4976529
проводится	4976528
лимит	4976527
выберут	4976526
чище	4976525
бледная	4976524
страшную	4976523
лорна	4976522
редактура	4976521
полудню	4976520
elder	4976519
скофилд	4976518
кубиков	4976517
дальнеишего	4976516
больничнои	4976515
вдаваться	4976514
химчистки	4976513
паркс	4976512
способностью	4976511
гостиная	4976510
откроете	4976509
хлебом	4976508
требуем	4976507
дэш	4976506
битлз	4976505
достигнем	4976504
блондин	4976503
очарован	4976502
сгорит	4976501
эмоциями	4976500
thank	4976499
седан	4976498
кровоизлияние	4976497
судите	4976496
украдены	4976495
модуль	4976494
лежишь	4976493
скорбь	4976492
побед	4976491
влиятельныи	4976490
пересечении	4976489
кэндис	4976488
тексты	4976487
носовои	4976486
звездная	4976485
far	4976484
значки	4976483
подхватить	4976482
просьбы	4976481
операциях	4976480
жительства	4976479
ножеи	4976478
этажеи	4976477
закрылся	4976476
убежит	4976475
полезаи	4976474
компетенции	4976473
женитесь	4976472
строг	4976471
смыться	4976470
умницеи	4976469
движет	4976468
ступни	4976467
барменом	4976466
естественная	4976465
вытаскиваи	4976464
покуда	4976463
запутать	4976462
хуиню	4976461
пределе	4976460
медикаменты	4976459
мужику	4976458
спектакле	4976457
счетом	4976456
состоялась	4976455
килограмма	4976454
дисков	4976453
разглашать	4976452
фермеры	4976451
содовую	4976450
некои	4976449
вакцина	4976448
символизирует	4976447
избавишься	4976446
подобает	4976445
охотником	4976444
парков	4976443
двигаешься	4976442
единицы	4976441
пролетел	4976440
пляжу	4976439
грабеж	4976438
руины	4976437
морскую	4976436
предохранитель	4976435
лечил	4976434
документальныи	4976433
объявила	4976432
цепочка	4976431
гранату	4976430
кишечник	4976429
совместная	4976428
падет	4976427
риски	4976426
подведи	4976425
обернуться	4976424
направлены	4976423
прискорбно	4976422
бланка	4976421
оценивать	4976420
крутиться	4976419
реид	4976418
возражал	4976417
талантом	4976416
всевышнии	4976415
полевои	4976414
излечить	4976413
чад	4976412
roman	4976411
сумею	4976410
экономить	4976409
смертная	4976408
писатели	4976407
эскорт	4976406
глубина	4976405
подлежит	4976404
встречах	4976403
продолжения	4976402
фирмои	4976401
береговая	4976400
крючка	4976399
избегаю	4976398
непрофессионально	4976397
капусту	4976396
черными	4976395
прилетит	4976394
хави	4976393
always	4976392
рояль	4976391
хирурги	4976390
коике	4976389
фантастическии	4976388
закрытыи	4976387
кака	4976386
ирина	4976385
передавал	4976384
сабина	4976383
полутора	4976382
послушаю	4976381
жареныи	4976380
учишь	4976379
трахался	4976378
грудную	4976377
освобожусь	4976376
пересекли	4976375
химические	4976374
кардинала	4976373
стабильность	4976372
погляжу	4976371
перестрелке	4976370
известие	4976369
приглашала	4976368
мастерства	4976367
закрытая	4976366
четвертое	4976365
экспертиза	4976364
малышке	4976363
отвяжись	4976362
штучек	4976361
домашку	4976360
единому	4976359
гуляю	4976358
заразить	4976357
подавить	4976356
глотки	4976355
врагам	4976354
дженет	4976353
передумает	4976352
морда	4976351
греческии	4976350
заставляете	4976349
клубу	4976348
задавали	4976347
почтового	4976346
ходячии	4976345
ронда	4976344
могущественныи	4976343
исправил	4976342
прахом	4976341
дэниель	4976340
корея	4976339
больными	4976338
доделать	4976337
спасатели	4976336
головоломки	4976335
олух	4976334
побили	4976333
ш	4976332
заработаю	4976331
четыреста	4976330
класснои	4976329
выдам	4976328
лечится	4976327
лезвия	4976326
соединения	4976325
щеке	4976324
средством	4976323
поступали	4976322
защититься	4976321
рэина	4976320
частота	4976319
обратную	4976318
орлеана	4976317
wanna	4976316
сопротивляися	4976315
уэина	4976314
страховке	4976313
загнали	4976312
низким	4976311
бездельник	4976310
лицами	4976309
папуля	4976308
птичку	4976307
фермеров	4976306
ил	4976305
будите	4976304
факел	4976303
ковре	4976302
похитителя	4976301
попрощавшись	4976300
страшных	4976299
доставь	4976298
лечили	4976297
засек	4976296
бастер	4976295
шерон	4976294
лодок	4976293
облаков	4976292
плавал	4976291
джими	4976290
money	4976289
вставил	4976288
включено	4976287
мирное	4976286
мучительно	4976285
секретами	4976284
калека	4976283
rock	4976282
моменте	4976281
постановке	4976280
ведущая	4976279
союзе	4976278
похудел	4976277
гигант	4976276
англииская	4976275
греки	4976274
герпес	4976273
перемещения	4976272
здраствуите	4976271
матео	4976270
священники	4976269
поладили	4976268
мужскую	4976267
газировки	4976266
нрав	4976265
грандиозное	4976264
цыпочек	4976263
статуса	4976262
знаменитого	4976261
интересную	4976260
продавцом	4976259
грустное	4976258
свежую	4976257
аварииныи	4976256
смягчить	4976255
ранении	4976254
испания	4976253
поднятыми	4976252
монахи	4976251
владеешь	4976250
встретитесь	4976249
голосую	4976248
будда	4976247
блевать	4976246
странном	4976245
полис	4976244
шелдона	4976243
брок	4976242
мягкое	4976241
крошечная	4976240
тис	4976239
шаика	4976238
яблок	4976237
трипп	4976236
внешним	4976235
коику	4976234
after	4976233
чудовищ	4976232
сеансы	4976231
невидимыи	4976230
сбежишь	4976229
нелл	4976228
выпускает	4976227
справедливыи	4976226
аукциона	4976225
помоику	4976224
диас	4976223
царица	4976222
подсудимыи	4976221
трахается	4976220
школьную	4976219
дага	4976218
ломбард	4976217
изучили	4976216
сотрудником	4976215
личному	4976214
тяжкие	4976213
ежегодныи	4976212
сознаться	4976211
демоном	4976210
нины	4976209
блоге	4976208
орех	4976207
впал	4976206
девственницеи	4976205
популярности	4976204
скинуть	4976203
сеимур	4976202
сдаи	4976201
тихои	4976200
измены	4976199
поместья	4976198
сиятельство	4976197
кишит	4976196
реже	4976195
предательства	4976194
tьl	4976193
жадности	4976192
сигналов	4976191
сида	4976190
дуг	4976189
увлеклась	4976188
ханнои	4976187
разбирательство	4976186
искусственныи	4976185
малы	4976184
реифов	4976183
возможнои	4976182
охраняют	4976181
демпси	4976180
здравого	4976179
перехода	4976178
ложится	4976177
обезьяну	4976176
обучать	4976175
агрессивно	4976174
эмоциональные	4976173
попрощался	4976172
поровну	4976171
подсознание	4976170
духовке	4976169
веселые	4976168
ладонь	4976167
логотип	4976166
расплачусь	4976165
гибрид	4976164
хижина	4976163
каналу	4976162
торопить	4976161
обузои	4976160
повернулась	4976159
чувствительность	4976158
защитником	4976157
тристан	4976156
отключи	4976155
сражаемся	4976154
синем	4976153
ссоримся	4976152
тау	4976151
австралия	4976150
пэиси	4976149
притворяясь	4976148
делится	4976147
подержу	4976146
двоиные	4976145
величия	4976144
спрыгнуть	4976143
блефует	4976142
тоску	4976141
песо	4976140
гмювхр	4976139
государственная	4976138
шелк	4976137
нажимать	4976136
сиэтла	4976135
тону	4976134
секретным	4976133
голых	4976132
лягушки	4976131
расплаты	4976130
поживее	4976129
сохраняет	4976128
наивныи	4976127
егодн	4976126
терплю	4976125
носи	4976124
одетыи	4976123
игла	4976122
физическая	4976121
образцом	4976120
издатель	4976119
серые	4976118
жестокого	4976117
отстранен	4976116
воск	4976115
труб	4976114
спорят	4976113
демэ	4976112
улыбнуться	4976111
постирать	4976110
голуби	4976109
новак	4976108
туфлях	4976107
лмнцн	4976106
повестка	4976105
добавлять	4976104
следствия	4976103
экзаменов	4976102
ученым	4976101
почек	4976100
рабочую	4976099
линди	4976098
фальшивая	4976097
whoa	4976096
лампочка	4976095
приведешь	4976094
жестоки	4976093
иные	4976092
проблемам	4976091
задние	4976090
содеиствие	4976089
скрывали	4976088
германн	4976087
ветки	4976086
засечь	4976085
санчес	4976084
рюине	4976083
андервуд	4976082
шина	4976081
укуса	4976080
правка	4976079
бухте	4976078
дизаина	4976077
убегают	4976076
эич	4976075
покидают	4976074
оставшееся	4976073
положишь	4976072
выкинь	4976071
передумаете	4976070
определения	4976069
аах	4976068
аренда	4976067
атом	4976066
плыви	4976065
запрещен	4976064
притащить	4976063
координатор	4976062
судят	4976061
уволит	4976060
опишите	4976059
становилась	4976058
вылитыи	4976057
кхм	4976056
распродаже	4976055
средам	4976054
талантливая	4976053
собачьи	4976052
называемые	4976051
постам	4976050
завершение	4976049
крисом	4976048
выпьет	4976047
волшебно	4976046
исследованиях	4976045
готовых	4976044
поднимался	4976043
тэ	4976042
проведение	4976041
патриция	4976040
налеите	4976039
шкафчика	4976038
own	4976037
соображения	4976036
худшему	4976035
моральные	4976034
уј	4976033
грома	4976032
днкфмю	4976031
собираите	4976030
понеслась	4976029
коннектикут	4976028
воздушных	4976027
баттерс	4976026
натурал	4976025
подложил	4976024
сенсация	4976023
премия	4976022
освежить	4976021
гнать	4976020
канада	4976019
строгие	4976018
sans	4976017
притащила	4976016
химическии	4976015
дрожит	4976014
разумные	4976013
шеина	4976012
наличку	4976011
превращение	4976010
англииских	4976009
комета	4976008
появляешься	4976007
ланчем	4976006
украден	4976005
иисусу	4976004
адскии	4976003
поели	4976002
жесткие	4976001
любопытныи	4976000
отменю	4975999
правым	4975998
девятого	4975997
капсулу	4975996
бегство	4975995
пыл	4975994
послужнои	4975993
поболтали	4975992
альфредо	4975991
справлялся	4975990
грэи	4975989
колонку	4975988
итальянцы	4975987
спокоиная	4975986
партнерство	4975985
залетела	4975984
разделили	4975983
кличке	4975982
прикажите	4975981
que	4975980
одиночка	4975979
кишечника	4975978
подземелье	4975977
тронь	4975976
каноэ	4975975
потерпели	4975974
обречен	4975973
разбитым	4975972
буфет	4975971
малое	4975970
использованием	4975969
преуспеть	4975968
стащить	4975967
дарби	4975966
клыки	4975965
закроешь	4975964
сага	4975963
почитаю	4975962
мягким	4975961
немои	4975960
дональда	4975959
говорящии	4975958
впутывать	4975957
требованиям	4975956
американском	4975955
арестовала	4975954
побочных	4975953
осенило	4975952
крылышки	4975951
справляются	4975950
убежишь	4975949
помолвка	4975948
лужаике	4975947
подаю	4975946
хасан	4975945
четвертак	4975944
переношу	4975943
совершаем	4975942
лез	4975941
опознание	4975940
перемещение	4975939
мoгу	4975938
винстон	4975937
сухая	4975936
ловил	4975935
обратитесь	4975934
звуковои	4975933
oна	4975932
дарвин	4975931
тофер	4975930
угля	4975929
бледныи	4975928
мошенники	4975927
давида	4975926
выезд	4975925
уродина	4975924
попку	4975923
дискуссии	4975922
упоминается	4975921
патрульных	4975920
поподробнее	4975919
eмy	4975918
колонны	4975917
позовем	4975916
платформа	4975915
форбс	4975914
геркулес	4975913
рассчитывает	4975912
взят	4975911
одеколон	4975910
рассмотрел	4975909
воевали	4975908
синдрома	4975907
говядина	4975906
биологическии	4975905
уорнер	4975904
прячьтесь	4975903
здешних	4975902
несчастны	4975901
своиственно	4975900
дэниелс	4975899
насильника	4975898
тору	4975897
половинка	4975896
зависать	4975895
разрешал	4975894
точную	4975893
учебного	4975892
спортивную	4975891
заговоришь	4975890
раздавить	4975889
произноси	4975888
египет	4975887
лает	4975886
купюры	4975885
чужом	4975884
шпионил	4975883
украсить	4975882
уаили	4975881
превышение	4975880
родах	4975879
обложки	4975878
уголке	4975877
маус	4975876
лапочка	4975875
потрясен	4975874
мнением	4975873
сдохнешь	4975872
понюхаи	4975871
техникои	4975870
скарлет	4975869
great	4975868
team	4975867
вестон	4975866
калории	4975865
тонко	4975864
наврал	4975863
танцами	4975862
частоты	4975861
холодную	4975860
обработки	4975859
поездов	4975858
расписания	4975857
песком	4975856
кхэ	4975855
опустился	4975854
тихого	4975853
толкает	4975852
фильтр	4975851
колько	4975850
мечтании	4975849
яков	4975848
забава	4975847
делало	4975846
лезут	4975845
психушке	4975844
уличных	4975843
поведет	4975842
адскои	4975841
республиканцы	4975840
моны	4975839
чемпионате	4975838
ворвались	4975837
октябре	4975836
прекратиться	4975835
испугал	4975834
артерия	4975833
решка	4975832
фальшивое	4975831
жертвах	4975830
оскорбляет	4975829
устав	4975828
хук	4975827
брешь	4975826
макси	4975825
переидет	4975824
папке	4975823
перестают	4975822
шкипер	4975821
медицину	4975820
наслышан	4975819
насилием	4975818
сем	4975817
перекрыли	4975816
подменить	4975815
грязного	4975814
путешествую	4975813
направлен	4975812
гильзы	4975811
входу	4975810
стаю	4975809
параграф	4975808
уолден	4975807
маслу	4975806
приводов	4975805
реальна	4975804
двору	4975803
бетт	4975802
сопротивлялся	4975801
надежно	4975800
фундамент	4975799
металлическии	4975798
девицы	4975797
успокоилась	4975796
чеснок	4975795
взяв	4975794
ема	4975793
денис	4975792
раунде	4975791
ричарду	4975790
наставника	4975789
мелодии	4975788
притягивает	4975787
колебания	4975786
юноши	4975785
романтическая	4975784
усложняет	4975783
криков	4975782
платьем	4975781
старта	4975780
физическии	4975779
уравнения	4975778
высказал	4975777
химчистку	4975776
спасут	4975775
сходятся	4975774
миссиеи	4975773
годфри	4975772
перчатках	4975771
преступница	4975770
улыбался	4975769
смелым	4975768
таисон	4975767
радиус	4975766
наварро	4975765
кристины	4975764
грим	4975763
тостер	4975762
руковожу	4975761
преподавал	4975760
оглох	4975759
деиствовала	4975758
украду	4975757
тротуаре	4975756
казнили	4975755
столицу	4975754
компьютерная	4975753
шоколадные	4975752
лутор	4975751
диким	4975750
намерениях	4975749
рожа	4975748
обломков	4975747
неитрализовать	4975746
идеалы	4975745
мхинцдю	4975744
проведут	4975743
кажись	4975742
отвернулась	4975741
попасться	4975740
подделал	4975739
артисты	4975738
фюрера	4975737
таро	4975736
костях	4975735
смахивает	4975734
плавания	4975733
хетти	4975732
федерация	4975731
live	4975730
архиве	4975729
бесспорно	4975728
пытал	4975727
гарварда	4975726
почтовом	4975725
заметите	4975724
навещала	4975723
пустят	4975722
конечности	4975721
обучить	4975720
лосося	4975719
вызовут	4975718
мирныи	4975717
стер	4975716
реагирования	4975715
мори	4975714
приветствует	4975713
преданным	4975712
чрезмерно	4975711
сильнеишии	4975710
доллары	4975709
вырастили	4975708
развлечь	4975707
садимся	4975706
надобности	4975705
надежных	4975704
фигурои	4975703
head	4975702
защищу	4975701
использовался	4975700
размышлении	4975699
хватку	4975698
вагины	4975697
больничныи	4975696
полных	4975695
старка	4975694
блондинкои	4975693
коллектив	4975692
прикончи	4975691
снимаете	4975690
придержите	4975689
light	4975688
заражены	4975687
ожидалось	4975686
причастны	4975685
ноябре	4975684
американцам	4975683
заполните	4975682
гвардии	4975681
доложу	4975680
трос	4975679
голосовои	4975678
афганистана	4975677
пх	4975676
валяться	4975675
понесу	4975674
невиннои	4975673
корт	4975672
тонну	4975671
пожалею	4975670
помогало	4975669
пошлем	4975668
шутками	4975667
шариков	4975666
автомобилем	4975665
персональныи	4975664
подслушал	4975663
длина	4975662
родственница	4975661
смутно	4975660
поднимаем	4975659
придумано	4975658
надрал	4975657
закопать	4975656
izolenta	4975655
доверился	4975654
угомонись	4975653
паникуи	4975652
существовала	4975651
сторож	4975650
вернете	4975649
избивал	4975648
дешевая	4975647
катастрофе	4975646
плаза	4975645
выявить	4975644
отправляются	4975643
крутыми	4975642
великодушно	4975641
кромвель	4975640
забывал	4975639
разбежались	4975638
хозяиства	4975637
прокуратуры	4975636
специальных	4975635
жребии	4975634
донны	4975633
температуре	4975632
молчала	4975631
интересовало	4975630
luizot	4975629
плиту	4975628
guys	4975627
составили	4975626
монтана	4975625
непростительно	4975624
псом	4975623
сторонник	4975622
ладим	4975621
кимоно	4975620
эпидемии	4975619
долгим	4975618
сотрудникам	4975617
гребаная	4975616
признаваться	4975615
увел	4975614
утренняя	4975613
предоставляет	4975612
дарил	4975611
зеленого	4975610
вспомним	4975609
явления	4975608
subtitles	4975607
аиленд	4975606
контроле	4975605
врезалась	4975604
человечности	4975603
неожиданное	4975602
разгадке	4975601
подеиствует	4975600
запускаи	4975599
госпоже	4975598
отвергла	4975597
висят	4975596
издевались	4975595
законное	4975594
деваться	4975593
душам	4975592
похоронена	4975591
раннеи	4975590
франческа	4975589
немногим	4975588
убн	4975587
кучкои	4975586
золотым	4975585
лицах	4975584
федеральным	4975583
спонсоров	4975582
прочли	4975581
школьным	4975580
рисковали	4975579
оценили	4975578
хиггинс	4975577
прихватил	4975576
предписание	4975575
вытащит	4975574
темноту	4975573
мишени	4975572
убеждена	4975571
выступали	4975570
приходим	4975569
энрике	4975568
заимутся	4975567
обещаите	4975566
предвыборнои	4975565
танце	4975564
доггетт	4975563
отвратительны	4975562
hear	4975561
типичная	4975560
двигателем	4975559
предупрежу	4975558
опаздываи	4975557
тетради	4975556
колетт	4975555
мочевои	4975554
жадныи	4975553
бокалов	4975552
тан	4975551
благодарит	4975550
улыбнулся	4975549
основную	4975548
человечек	4975547
капель	4975546
рыбачить	4975545
грибов	4975544
задниц	4975543
смени	4975542
юбилеи	4975541
неизвестным	4975540
артистов	4975539
епископа	4975538
нэд	4975537
бенджи	4975536
знaeшь	4975535
ужинаем	4975534
раунда	4975533
электрические	4975532
почвы	4975531
нехватка	4975530
произвела	4975529
спонсор	4975528
эид	4975527
очередного	4975526
инструкция	4975525
бита	4975524
повороте	4975523
поранился	4975522
масштаба	4975521
бункере	4975520
отчитываться	4975519
тачке	4975518
старость	4975517
выпрыгнул	4975516
сборнои	4975515
признательны	4975514
грубиян	4975513
прибрать	4975512
механика	4975511
срочные	4975510
сбегу	4975509
тупую	4975508
шевелиться	4975507
скрипке	4975506
финальныи	4975505
завидует	4975504
сохраняи	4975503
желающие	4975502
someone	4975501
объявляется	4975500
частям	4975499
поселился	4975498
сигаретами	4975497
ладушки	4975496
спасешь	4975495
ссср	4975494
антиквариат	4975493
берегов	4975492
прическои	4975491
замечу	4975490
снегом	4975489
освободим	4975488
фиолетовыи	4975487
исчезать	4975486
опросить	4975485
выруби	4975484
хэзер	4975483
прямые	4975482
патриот	4975481
аллее	4975480
вентилятор	4975479
присмотришь	4975478
сесилия	4975477
лапши	4975476
баш	4975475
нужнo	4975474
пратт	4975473
блондинки	4975472
четвергам	4975471
разбирательства	4975470
кормил	4975469
шов	4975468
сыта	4975467
бельгии	4975466
наткнулись	4975465
тратьте	4975464
посещала	4975463
уважали	4975462
произвол	4975461
обложку	4975460
похожими	4975459
hvblack	4975458
дубина	4975457
хитрая	4975456
вешаю	4975455
избивать	4975454
называлось	4975453
испанского	4975452
уиллис	4975451
заказов	4975450
оплачивает	4975449
капсулы	4975448
ушиб	4975447
шкуры	4975446
доставал	4975445
освободят	4975444
илья	4975443
безобразие	4975442
тошнило	4975441
потренироваться	4975440
генетическии	4975439
обернулся	4975438
религиозныи	4975437
собраны	4975436
бмв	4975435
дефицит	4975434
мерлина	4975433
опускаи	4975432
выпустила	4975431
кларком	4975430
удачеи	4975429
лекция	4975428
бобов	4975427
прятались	4975426
останков	4975425
устанавливать	4975424
полю	4975423
маркиза	4975422
заразился	4975421
госпожу	4975420
здрасти	4975419
ежегодно	4975418
ужасы	4975417
коврик	4975416
отравлен	4975415
приведем	4975414
попадать	4975413
дальнеишие	4975412
обращении	4975411
волосок	4975410
клео	4975409
скачет	4975408
материя	4975407
подчиниться	4975406
уродом	4975405
фигни	4975404
признала	4975403
ближаишеи	4975402
джулиеи	4975401
умышленно	4975400
лосось	4975399
спасением	4975398
наряде	4975397
выразил	4975396
ведущего	4975395
престол	4975394
выключу	4975393
галерея	4975392
чеиза	4975391
нуждались	4975390
привлек	4975389
раскрыла	4975388
буллок	4975387
уникальная	4975386
проголодались	4975385
маии	4975384
поведешь	4975383
трахаешь	4975382
приятелю	4975381
анхель	4975380
передозировки	4975379
стандартам	4975378
кровавои	4975377
выходя	4975376
исполняется	4975375
моряки	4975374
прицелом	4975373
угадала	4975372
пали	4975371
сотрудниками	4975370
просматривал	4975369
поддержания	4975368
прентисс	4975367
стон	4975366
исчезнешь	4975365
ѕоэтому	4975364
испытывали	4975363
трясти	4975362
симпатичнои	4975361
живописи	4975360
джузеппе	4975359
вверху	4975358
кровяное	4975357
значила	4975356
оделся	4975355
наилучшие	4975354
поделить	4975353
прыгнула	4975352
рассматриваю	4975351
селин	4975350
советскии	4975349
набить	4975348
намеревался	4975347
прежнего	4975346
решило	4975345
судиться	4975344
странник	4975343
странности	4975342
маршрута	4975341
поселиться	4975340
лизои	4975339
повела	4975338
джамал	4975337
отключение	4975336
известия	4975335
обижу	4975334
посчастливилось	4975333
уколы	4975332
кинула	4975331
загадочная	4975330
вертолете	4975329
банд	4975328
отправляли	4975327
крэк	4975326
справедливым	4975325
пасти	4975324
старания	4975323
небу	4975322
языков	4975321
теориеи	4975320
прикрывает	4975319
кирби	4975318
шестая	4975317
древнее	4975316
приставил	4975315
письмом	4975314
прямым	4975313
марчелло	4975312
заводят	4975311
ливень	4975310
болею	4975309
кретины	4975308
нюхать	4975307
произвели	4975306
лот	4975305
бритья	4975304
дорожки	4975303
торопился	4975302
снятия	4975301
напортачил	4975300
схеме	4975299
тесто	4975298
продолжится	4975297
детским	4975296
высотои	4975295
болтаем	4975294
речеи	4975293
готовились	4975292
макнамара	4975291
раскрыто	4975290
лаиза	4975289
временную	4975288
загрузил	4975287
впечатлением	4975286
блеф	4975285
запретила	4975284
kind	4975283
лаинел	4975282
эвакуацию	4975281
выбирали	4975280
паразитов	4975279
пожарную	4975278
лодкои	4975277
зарядить	4975276
побережью	4975275
обеспечивать	4975274
предполагаем	4975273
расширение	4975272
записями	4975271
серииных	4975270
порезать	4975269
привидении	4975268
слетел	4975267
повтор	4975266
оболочка	4975265
капельку	4975264
идеальны	4975263
учениками	4975262
сдавал	4975261
крыла	4975260
бреннер	4975259
перестанете	4975258
заблокировать	4975257
локвуд	4975256
солнечных	4975255
жизнях	4975254
чисел	4975253
запутано	4975252
ветчинои	4975251
двигателеи	4975250
флоид	4975249
дженнингс	4975248
снились	4975247
шкатулку	4975246
выступала	4975245
бака	4975244
короткую	4975243
нефтянои	4975242
мустанг	4975241
возрождения	4975240
бранч	4975239
зеленым	4975238
горои	4975237
врежу	4975236
пожалеет	4975235
потеряв	4975234
отвлеку	4975233
внимателен	4975232
тронута	4975231
уэида	4975230
повозку	4975229
полковником	4975228
блондинку	4975227
цветнои	4975226
готовилась	4975225
кузнец	4975224
оставляли	4975223
отвезешь	4975222
лапу	4975221
mon	4975220
усыпить	4975219
горныи	4975218
пригодилась	4975217
прокуратура	4975216
јх	4975215
юридическая	4975214
серьезными	4975213
роже	4975212
аналитик	4975211
рбни	4975210
вена	4975209
нападавшего	4975208
организатор	4975207
остроумно	4975206
редактора	4975205
мерзавцы	4975204
погасить	4975203
мертвое	4975202
отомщу	4975201
ласки	4975200
натрия	4975199
тряпки	4975198
отряды	4975197
дслюеьэ	4975196
опустил	4975195
прежнюю	4975194
приемная	4975193
дожди	4975192
чез	4975191
маскарад	4975190
базар	4975189
допускаю	4975188
поку	4975187
условно	4975186
дикси	4975185
валентино	4975184
прячут	4975183
бордо	4975182
тесен	4975181
плот	4975180
коричневые	4975179
вулкана	4975178
комедию	4975177
дюка	4975176
беисболе	4975175
произнесла	4975174
лету	4975173
думается	4975172
младших	4975171
посмеет	4975170
международные	4975169
продавала	4975168
пустом	4975167
чемоданчик	4975166
теряла	4975165
вагоне	4975164
голубого	4975163
мощные	4975162
пробку	4975161
замены	4975160
нулевои	4975159
поттера	4975158
ромни	4975157
пропускаешь	4975156
ѕохоже	4975155
осознает	4975154
компьютерные	4975153
потребуются	4975152
смотритель	4975151
числится	4975150
доказала	4975149
вакцины	4975148
морфии	4975147
сиделка	4975146
квинсе	4975145
частным	4975144
салам	4975143
поторапливаися	4975142
столовая	4975141
гатри	4975140
кристиана	4975139
сложится	4975138
обернись	4975137
цифровои	4975136
посетили	4975135
подчеркнуть	4975134
qui	4975133
двадцатку	4975132
грустнои	4975131
монако	4975130
обращает	4975129
лизать	4975128
сфотографироваться	4975127
зуба	4975126
даимонд	4975125
любовныи	4975124
заправки	4975123
порчу	4975122
иети	4975121
навел	4975120
плавно	4975119
течь	4975118
рождеству	4975117
телефонную	4975116
пьянои	4975115
гонится	4975114
исполняет	4975113
бильярд	4975112
аилин	4975111
испорчен	4975110
заказа	4975109
лопату	4975108
привязана	4975107
немецких	4975106
голосовая	4975105
хесус	4975104
отражается	4975103
завали	4975102
силия	4975101
уложу	4975100
полезная	4975099
избран	4975098
спасена	4975097
моники	4975096
rose	4975095
классу	4975094
погоне	4975093
притворимся	4975092
эббс	4975091
торопится	4975090
считалось	4975089
кесарево	4975088
бесконечные	4975087
произносит	4975086
приличная	4975085
откровенным	4975084
сирот	4975083
откровение	4975082
методами	4975081
крэин	4975080
химикаты	4975079
синюю	4975078
назовут	4975077
ориентировку	4975076
устроят	4975075
моррисон	4975074
автобусом	4975073
буша	4975072
изнасилована	4975071
поблагодарил	4975070
побеспокоил	4975069
сканирования	4975068
хэдди	4975067
узкие	4975066
лея	4975065
ступеньки	4975064
переживают	4975063
домработница	4975062
живопись	4975061
упаковка	4975060
тупого	4975059
прелестныи	4975058
выяснит	4975057
барона	4975056
пятен	4975055
поручить	4975054
болтун	4975053
халате	4975052
головку	4975051
красить	4975050
томпсона	4975049
лимузине	4975048
праведныи	4975047
голубчик	4975046
неє	4975045
накрыть	4975044
интересуются	4975043
запахи	4975042
роки	4975041
высокими	4975040
пизду	4975039
оторвал	4975038
продолжили	4975037
брюках	4975036
общаетесь	4975035
достались	4975034
массовое	4975033
добьешься	4975032
вложила	4975031
патмор	4975030
табличка	4975029
представлены	4975028
возможен	4975027
припарковался	4975026
звезде	4975025
суфле	4975024
возмездие	4975023
фильму	4975022
um	4975021
пантер	4975020
терезы	4975019
приземлились	4975018
дистанции	4975017
небесное	4975016
суицид	4975015
таблетка	4975014
осудили	4975013
подходящих	4975012
испорчу	4975011
птицами	4975010
отсрочку	4975009
мнoи	4975008
меняешь	4975007
закрываем	4975006
осторожнои	4975005
абдул	4975004
восхищение	4975003
случаиных	4975002
глубокую	4975001
мудаком	4975000
fntimes	4974999
помешаю	4974998
превратит	4974997
линды	4974996
гевин	4974995
бесконечнои	4974994
стесняться	4974993
преступность	4974992
разбираются	4974991
отсталыи	4974990
брэнди	4974989
финансового	4974988
эннализ	4974987
dead	4974986
лестницеи	4974985
рю	4974984
выбору	4974983
мао	4974982
отмена	4974981
поездкои	4974980
чистоты	4974979
джентльменов	4974978
джекпот	4974977
рабства	4974976
роберту	4974975
ветерок	4974974
ставьте	4974973
заявлением	4974972
атланте	4974971
монастыря	4974970
заяц	4974969
ноготь	4974968
передадим	4974967
сбываются	4974966
долеи	4974965
плода	4974964
дорогую	4974963
отвратительным	4974962
зим	4974961
угадаешь	4974960
отвезут	4974959
ребро	4974958
моментально	4974957
поступаете	4974956
енот	4974955
бросается	4974954
учеба	4974953
голубки	4974952
слабы	4974951
торжество	4974950
крокодил	4974949
смешать	4974948
заразил	4974947
камелот	4974946
брэндона	4974945
веселятся	4974944
задумывались	4974943
поразвлечься	4974942
укладывается	4974941
болтаться	4974940
земного	4974939
походе	4974938
попугаи	4974937
отнимать	4974936
филиал	4974935
заполнять	4974934
скрипка	4974933
морпех	4974932
отверг	4974931
светлыи	4974930
голубых	4974929
секретности	4974928
берд	4974927
сифилис	4974926
осудить	4974925
гениталии	4974924
голливуда	4974923
одержимы	4974922
американца	4974921
урон	4974920
посланник	4974919
заскочу	4974918
раковине	4974917
подготовился	4974916
anna	4974915
адом	4974914
добродетель	4974913
джеимсу	4974912
проявления	4974911
привыкаешь	4974910
дыр	4974909
ингредиенты	4974908
свысока	4974907
кепку	4974906
мозли	4974905
дэмиан	4974904
гордитесь	4974903
восстания	4974902
худ	4974901
смертельным	4974900
беглеца	4974899
сурово	4974898
удивлять	4974897
сценои	4974896
беседе	4974895
вечерние	4974894
ниликс	4974893
выкинула	4974892
колы	4974891
выживешь	4974890
адвокатами	4974889
мияги	4974888
бета	4974887
прекратились	4974886
убирает	4974885
рэиган	4974884
джед	4974883
опередил	4974882
раскалывается	4974881
реабилитацию	4974880
вытащишь	4974879
сокровищами	4974878
выстрелишь	4974877
поручения	4974876
посто	4974875
староста	4974874
стволы	4974873
бифштекс	4974872
натуральныи	4974871
выздоровление	4974870
переливание	4974869
слонов	4974868
озможно	4974867
адресом	4974866
сядете	4974865
комбинацию	4974864
лмни	4974863
кислотои	4974862
пино	4974861
телефонная	4974860
коты	4974859
пропавшим	4974858
отчетливо	4974857
приманкои	4974856
набрался	4974855
финансирования	4974854
корзины	4974853
неприятная	4974852
родственникам	4974851
восстановили	4974850
писк	4974849
уборщица	4974848
здорового	4974847
прикосновения	4974846
первоклассныи	4974845
поганыи	4974844
назначу	4974843
пошевелить	4974842
анастасия	4974841
поддержите	4974840
обходиться	4974839
поела	4974838
получении	4974837
виновного	4974836
громкои	4974835
покруче	4974834
дурное	4974833
принимаются	4974832
точность	4974831
продюсера	4974830
квартир	4974829
завтрашнем	4974828
заработок	4974827
запишем	4974826
пропадет	4974825
результатам	4974824
заявился	4974823
свожу	4974822
шато	4974821
ирака	4974820
жалуешься	4974819
рыбалка	4974818
фрэн	4974817
ринге	4974816
адмирала	4974815
затраты	4974814
вежливыи	4974813
подтвердилось	4974812
адская	4974811
стенку	4974810
модные	4974809
грабят	4974808
любовников	4974807
открытого	4974806
готовои	4974805
лопатои	4974804
весы	4974803
нортон	4974802
ужинал	4974801
индивидуальность	4974800
заключать	4974799
тараканы	4974798
бродяги	4974797
компромат	4974796
акция	4974795
похитила	4974794
выигрывают	4974793
пауэрс	4974792
лосьон	4974791
веселое	4974790
воротами	4974789
везучии	4974788
кур	4974787
инвалидном	4974786
юнаитед	4974785
мечтами	4974784
меняи	4974783
колокольчики	4974782
посыльныи	4974781
воспринимаешь	4974780
мертвецы	4974779
видеозаписи	4974778
диком	4974777
англииским	4974776
достоиная	4974775
альтман	4974774
установку	4974773
страже	4974772
профессиональных	4974771
сдашься	4974770
нанимает	4974769
привлекательно	4974768
шрифт	4974767
прислушаися	4974766
вежливость	4974765
сочельник	4974764
отмените	4974763
званию	4974762
угодники	4974761
синим	4974760
слепа	4974759
шутят	4974758
китинг	4974757
добавляет	4974756
заключила	4974755
кларисса	4974754
фигово	4974753
спрыгнул	4974752
наугад	4974751
катастрофу	4974750
желтои	4974749
шарлин	4974748
цыпочки	4974747
пастора	4974746
учреждения	4974745
чека	4974744
столицы	4974743
торопимся	4974742
централ	4974741
обыскал	4974740
доказывают	4974739
французским	4974738
отключены	4974737
поводке	4974736
бывшими	4974735
любовницы	4974734
завещании	4974733
облажаться	4974732
глупыми	4974731
поищите	4974730
вынудили	4974729
мердок	4974728
дикое	4974727
психологом	4974726
таим	4974725
погони	4974724
троика	4974723
хоффман	4974722
молодому	4974721
злодея	4974720
джорж	4974719
варить	4974718
вокзала	4974717
отошла	4974716
гениальная	4974715
событиями	4974714
кидаи	4974713
выживем	4974712
биологическая	4974711
рев	4974710
дуб	4974709
закрепить	4974708
обследования	4974707
прикольныи	4974706
ключами	4974705
основателеи	4974704
шарон	4974703
танака	4974702
провалы	4974701
срыва	4974700
племянницы	4974699
тумана	4974698
поте	4974697
смыслах	4974696
мартином	4974695
пауль	4974694
походка	4974693
дерзость	4974692
окраине	4974691
летали	4974690
свинину	4974689
джентельмен	4974688
батончик	4974687
прервали	4974686
разбивать	4974685
насекомое	4974684
упоминание	4974683
свинка	4974682
подонка	4974681
испуган	4974680
никс	4974679
длинную	4974678
японского	4974677
дениэл	4974676
шик	4974675
бессмертие	4974674
финальная	4974673
удержит	4974672
лиллиан	4974671
щелчок	4974670
рассчитывали	4974669
покрывало	4974668
чаки	4974667
николаса	4974666
набережнои	4974665
боссы	4974664
отрыв	4974663
документа	4974662
следами	4974661
удочку	4974660
провалились	4974659
доле	4974658
трассы	4974657
свиданием	4974656
добыл	4974655
окажете	4974654
покопаться	4974653
моссад	4974652
смотришься	4974651
парашютом	4974650
подсказать	4974649
тяжелых	4974648
электричеством	4974647
переодеваться	4974646
бронежилет	4974645
длинных	4974644
сутенер	4974643
скромно	4974642
отелеи	4974641
детроите	4974640
обожала	4974639
ида	4974638
восточная	4974637
велике	4974636
избранных	4974635
проявили	4974634
джер	4974633
бумагах	4974632
недостатков	4974631
фелиция	4974630
клерк	4974629
учение	4974628
опередить	4974627
русскими	4974626
ценных	4974625
упускаем	4974624
безопаснои	4974623
доном	4974622
иохан	4974621
диппер	4974620
заражен	4974619
катушку	4974618
годовщины	4974617
хорошенькии	4974616
рождественское	4974615
мышка	4974614
марионетка	4974613
приглашаем	4974612
сладостеи	4974611
созданию	4974610
кэш	4974609
кабину	4974608
диджеи	4974607
водители	4974606
перевернул	4974605
маршруту	4974604
опыты	4974603
громкие	4974602
пьетро	4974601
непростои	4974600
предположу	4974599
надевал	4974598
спасательныи	4974597
саломея	4974596
расселл	4974595
распространять	4974594
текущии	4974593
интереснеи	4974592
постоянную	4974591
отсутствовал	4974590
морт	4974589
сырои	4974588
догадается	4974587
блаженство	4974586
голодным	4974585
карточке	4974584
бесплатных	4974583
тронуть	4974582
публикации	4974581
кидать	4974580
состоят	4974579
врачами	4974578
кэити	4974577
сетью	4974576
результатами	4974575
присягу	4974574
утверждаешь	4974573
ченнинг	4974572
составлять	4974571
кандидаты	4974570
пленник	4974569
призвать	4974568
отделу	4974567
дрилл	4974566
верн	4974565
устроиством	4974564
лнфмн	4974563
человеческом	4974562
уединиться	4974561
выполняют	4974560
удивишься	4974559
кристаллы	4974558
коктеиля	4974557
шарлотты	4974556
кружки	4974555
настаивала	4974554
возьмусь	4974553
больниц	4974552
джемеин	4974551
перчаток	4974550
методов	4974549
доннои	4974548
остальную	4974547
специалистом	4974546
шекелеи	4974545
появлялись	4974544
наяву	4974543
внутреннюю	4974542
научное	4974541
ѕапа	4974540
эрла	4974539
частоте	4974538
убеждении	4974537
логики	4974536
влиятельных	4974535
чеку	4974534
серая	4974533
кена	4974532
докажите	4974531
стада	4974530
сапог	4974529
высших	4974528
удрать	4974527
джиджи	4974526
дирк	4974525
резервации	4974524
эверест	4974523
яиюгюрэ	4974522
бормочет	4974521
шапочка	4974520
съезд	4974519
испытала	4974518
ботаник	4974517
решаем	4974516
шлюз	4974515
базои	4974514
старушку	4974513
изрядно	4974512
салфеток	4974511
дождался	4974510
гамбоа	4974509
пиццеи	4974508
кувшин	4974507
улисес	4974506
сохранение	4974505
совестью	4974504
вспотел	4974503
ложных	4974502
сенсеи	4974501
факультет	4974500
творят	4974499
солис	4974498
ответственнои	4974497
едины	4974496
максимальная	4974495
спасаися	4974494
слепые	4974493
таиную	4974492
магическии	4974491
поставят	4974490
обращаетесь	4974489
помаду	4974488
джеини	4974487
заголовки	4974486
описала	4974485
порвали	4974484
жирные	4974483
ощущаешь	4974482
уставшим	4974481
преступнои	4974480
июнь	4974479
верную	4974478
наград	4974477
справляемся	4974476
групповои	4974475
щедрое	4974474
преподобного	4974473
вылетело	4974472
встретите	4974471
безуспешно	4974470
авиации	4974469
путешествовали	4974468
переверни	4974467
журналах	4974466
догадывается	4974465
техник	4974464
сквер	4974463
вагину	4974462
любимчик	4974461
скакать	4974460
японцев	4974459
функция	4974458
ценная	4974457
манго	4974456
недавние	4974455
повиноваться	4974454
блокирует	4974453
нужнои	4974452
поднимаюсь	4974451
признании	4974450
редактором	4974449
шееи	4974448
подозреваемая	4974447
параноиком	4974446
перальта	4974445
попыткои	4974444
колена	4974443
причал	4974442
глупцом	4974441
бытия	4974440
холоднее	4974439
платежи	4974438
добивался	4974437
сыграешь	4974436
проклятого	4974435
современное	4974434
стучат	4974433
тестирование	4974432
глобальное	4974431
розовое	4974430
поженитесь	4974429
общим	4974428
поддерживаете	4974427
взгл	4974426
оказала	4974425
объясним	4974424
xoчy	4974423
овр	4974422
освежиться	4974421
ann	4974420
георг	4974419
коробкои	4974418
упокои	4974417
стоянку	4974416
сражении	4974415
скучаем	4974414
стесняюсь	4974413
тюремного	4974412
обратится	4974411
жозе	4974410
кратко	4974409
ввела	4974408
магнитофон	4974407
дружков	4974406
отбить	4974405
жалкую	4974404
обошел	4974403
напросился	4974402
лиланд	4974401
химиотерапии	4974400
компьютерах	4974399
разговаривая	4974398
республиканцев	4974397
гуннар	4974396
иголку	4974395
уиллу	4974394
выступлении	4974393
аркадии	4974392
апельсин	4974391
договоренность	4974390
живите	4974389
задержалась	4974388
генриха	4974387
нажму	4974386
obezyna	4974385
британских	4974384
купилась	4974383
совместныи	4974382
фута	4974381
щетку	4974380
оставшиися	4974379
восхищаться	4974378
аидахо	4974377
лесов	4974376
психология	4974375
помедленнеи	4974374
конкретныи	4974373
голландии	4974372
пилоты	4974371
люсия	4974370
гиббса	4974369
папаши	4974368
стульев	4974367
перспективе	4974366
разжечь	4974365
мачете	4974364
конфиденциальности	4974363
читая	4974362
кошмара	4974361
пятерку	4974360
поторопимся	4974359
опора	4974358
столике	4974357
ритуалы	4974356
текила	4974355
водах	4974354
джефферсона	4974353
бобу	4974352
конфетки	4974351
ходячая	4974350
священное	4974349
ультразвук	4974348
фроиляин	4974347
номернои	4974346
спрингс	4974345
федералам	4974344
teattack	4974343
врали	4974342
увлечен	4974341
палач	4974340
футболист	4974339
бриллиантов	4974338
сравнения	4974337
хуана	4974336
хуесос	4974335
искупление	4974334
сгореть	4974333
идеальном	4974332
осборн	4974331
юпитера	4974330
криминалист	4974329
оргазма	4974328
предположила	4974327
тащит	4974326
марисса	4974325
переходят	4974324
кафетерии	4974323
посмешищем	4974322
понос	4974321
door	4974320
римскои	4974319
благотворительностью	4974318
сукиного	4974317
максу	4974316
брысь	4974315
неправильного	4974314
языку	4974313
ненастоящии	4974312
эдна	4974311
машинки	4974310
брюк	4974309
ор	4974308
выполнение	4974307
полагаюсь	4974306
проверке	4974305
ндхм	4974304
прыгну	4974303
лягушек	4974302
симпатичнее	4974301
шестое	4974300
троица	4974299
динозавр	4974298
пеппино	4974297
формулы	4974296
нянчиться	4974295
забираете	4974294
пахнуть	4974293
больницах	4974292
пожертвовании	4974291
торжественно	4974290
отправляем	4974289
подумаете	4974288
оперативник	4974287
острых	4974286
гадкии	4974285
акои	4974284
связала	4974283
моргнуть	4974282
расстроеннои	4974281
родит	4974280
крепкое	4974279
отреагирует	4974278
play	4974277
неудачника	4974276
католическои	4974275
частях	4974274
приидется	4974273
оливиеи	4974272
станцевать	4974271
целуешь	4974270
баран	4974269
прочитаите	4974268
кошмаров	4974267
посадила	4974266
мельком	4974265
рыбок	4974264
развернуть	4974263
ета	4974262
далласе	4974261
квон	4974260
поспоришь	4974259
оливером	4974258
порезался	4974257
лэиси	4974256
поставщика	4974255
всадника	4974254
флеминг	4974253
маминои	4974252
подверг	4974251
добрее	4974250
глотать	4974249
вилле	4974248
выезжать	4974247
политическое	4974246
доверии	4974245
деревенскии	4974244
поскользнулся	4974243
street	4974242
киры	4974241
выдалась	4974240
роллинс	4974239
пинту	4974238
присмотреться	4974237
исключении	4974236
тедом	4974235
хеиден	4974234
язвы	4974233
грубые	4974232
возбужден	4974231
доиду	4974230
любезныи	4974229
вычислил	4974228
отведать	4974227
невинную	4974226
пропустит	4974225
корицеи	4974224
опознала	4974223
best	4974222
самообладание	4974221
милдред	4974220
обыскивать	4974219
рождены	4974218
обманывала	4974217
попытках	4974216
увеличивает	4974215
реагируешь	4974214
сумеет	4974213
наказали	4974212
опиши	4974211
синдромом	4974210
офелия	4974209
сморкала	4974208
забирали	4974207
аврора	4974206
выразилась	4974205
фамилиеи	4974204
покоится	4974203
батареика	4974202
спрятана	4974201
лавка	4974200
набросок	4974199
причастность	4974198
пачка	4974197
пункты	4974196
шокирована	4974195
музыкального	4974194
полюс	4974193
политическую	4974192
лат	4974191
хэппи	4974190
нтс	4974189
младенцем	4974188
барах	4974187
кислоту	4974186
харриет	4974185
перехватили	4974184
воином	4974183
сопровождения	4974182
ролики	4974181
безопасного	4974180
написан	4974179
поваром	4974178
втянули	4974177
мид	4974176
бразилию	4974175
отправлен	4974174
коммунист	4974173
планирование	4974172
историями	4974171
свадебного	4974170
разбеи	4974169
готовите	4974168
пятое	4974167
поделись	4974166
уедете	4974165
проголосовали	4974164
отнимает	4974163
криминальнои	4974162
называемои	4974161
тоником	4974160
завидовать	4974159
кони	4974158
рычание	4974157
некоего	4974156
закусочную	4974155
пауки	4974154
рассказывая	4974153
придержать	4974152
использовались	4974151
неаполь	4974150
ином	4974149
нервные	4974148
торнтон	4974147
стащила	4974146
точкои	4974145
поклон	4974144
шантажировал	4974143
богач	4974142
крестьян	4974141
единым	4974140
раскусил	4974139
штанишки	4974138
раздеваться	4974137
гонщик	4974136
борделе	4974135
кинули	4974134
ар	4974133
апельсины	4974132
отродье	4974131
независимои	4974130
задержки	4974129
норт	4974128
рестораном	4974127
разберитесь	4974126
домашнем	4974125
прикончит	4974124
ценного	4974123
случаиная	4974122
бессонница	4974121
уязвимы	4974120
расстроенным	4974119
подготовлен	4974118
муза	4974117
теилора	4974116
садик	4974115
планку	4974114
всеобщего	4974113
обращусь	4974112
колес	4974111
bmw	4974110
праид	4974109
банковских	4974108
лезьте	4974107
конкуренции	4974106
июм	4974105
песик	4974104
торговои	4974103
вздохи	4974102
заглянем	4974101
гарольда	4974100
неуклюжии	4974099
сломаннои	4974098
анонимные	4974097
прикалываюсь	4974096
давлю	4974095
бандита	4974094
уродливая	4974093
издержки	4974092
тотчас	4974091
резкии	4974090
утечку	4974089
обвинен	4974088
чашке	4974087
ядерная	4974086
перца	4974085
турции	4974084
дре	4974083
дункана	4974082
омерзительно	4974081
мецн	4974080
обстоит	4974079
задевает	4974078
вкратце	4974077
веселеи	4974076
обвинитель	4974075
дании	4974074
разговорить	4974073
выражает	4974072
вcе	4974071
уму	4974070
хватаися	4974069
интимные	4974068
инъекцию	4974067
личинки	4974066
воидешь	4974065
голубом	4974064
извращенцы	4974063
полетов	4974062
оперативнои	4974061
хам	4974060
раннее	4974059
равные	4974058
колби	4974057
хирургов	4974056
коллеге	4974055
способная	4974054
чудненько	4974053
сосредоточен	4974052
отпад	4974051
вложение	4974050
преимуществ	4974049
irver	4974048
предмета	4974047
трактор	4974046
спартака	4974045
робина	4974044
днкфмш	4974043
оооо	4974042
дневника	4974041
мелкои	4974040
нюх	4974039
кислородом	4974038
совершала	4974037
элиас	4974036
дебс	4974035
господ	4974034
кипит	4974033
вылетела	4974032
ответственностью	4974031
нежности	4974030
яички	4974029
незнакомцы	4974028
кончаю	4974027
бьiла	4974026
приносила	4974025
приветствия	4974024
камина	4974023
дориан	4974022
передаваите	4974021
всецело	4974020
докладываите	4974019
загородныи	4974018
максимальнои	4974017
послышалось	4974016
лору	4974015
профессиональное	4974014
заехали	4974013
коммандера	4974012
подключиться	4974011
хлопьев	4974010
увеличь	4974009
секрету	4974008
парниша	4974007
сухие	4974006
журналистом	4974005
червяк	4974004
удобства	4974003
губка	4974002
задних	4974001
хопкинс	4974000
мех	4973999
джошем	4973998
великом	4973997
указали	4973996
моран	4973995
терроризмом	4973994
голосовое	4973993
утешает	4973992
cкaзaл	4973991
обнимать	4973990
гроши	4973989
лживая	4973988
предъявите	4973987
ранним	4973986
ноте	4973985
способствует	4973984
водички	4973983
стеики	4973982
рассматриваем	4973981
финансовую	4973980
фартук	4973979
загара	4973978
бесследно	4973977
сирил	4973976
кар	4973975
беки	4973974
поднимитесь	4973973
местечке	4973972
постарались	4973971
панк	4973970
допускать	4973969
переведут	4973968
ножницами	4973967
хлама	4973966
ooh	4973965
интернат	4973964
царства	4973963
изучаем	4973962
проследим	4973961
чужое	4973960
бинты	4973959
хреновыи	4973958
избрали	4973957
проникла	4973956
бочке	4973955
предварительные	4973954
мучения	4973953
бросаться	4973952
вертолеты	4973951
выдумки	4973950
сэмюэль	4973949
обошли	4973948
признательность	4973947
позаниматься	4973946
указание	4973945
украдена	4973944
японская	4973943
начальная	4973942
дорогим	4973941
таблетках	4973940
выздоровления	4973939
жирнои	4973938
деталями	4973937
основаны	4973936
официальнои	4973935
сотрудничестве	4973934
грабителя	4973933
парнишку	4973932
изучила	4973931
песнь	4973930
якхьинл	4973929
чрезвычаинои	4973928
франческо	4973927
центральное	4973926
сады	4973925
удовлетворены	4973924
воспринимают	4973923
стоянки	4973922
предостаточно	4973921
мостике	4973920
слежка	4973919
живущие	4973918
ухудшается	4973917
блу	4973916
рекламои	4973915
заглушить	4973914
музыкальные	4973913
опозорил	4973912
поставлено	4973911
входило	4973910
шульц	4973909
приемы	4973908
входишь	4973907
спам	4973906
запланировал	4973905
эльф	4973904
кухнеи	4973903
тока	4973902
серииным	4973901
патрульныи	4973900
гель	4973899
тора	4973898
вышвырнул	4973897
специализация	4973896
измените	4973895
корею	4973894
девчонкам	4973893
рин	4973892
равновесия	4973891
видали	4973890
пропадают	4973889
польши	4973888
танцуете	4973887
csi	4973886
вила	4973885
окружения	4973884
грустным	4973883
помнила	4973882
смирилась	4973881
журналистка	4973880
твердыи	4973879
неким	4973878
студентами	4973877
конкуренты	4973876
простыми	4973875
серьезен	4973874
ядерные	4973873
свитера	4973872
скоттом	4973871
нельсона	4973870
профессионала	4973869
травои	4973868
переедет	4973867
дорожного	4973866
обрела	4973865
симпатии	4973864
достаю	4973863
чепухи	4973862
унни	4973861
спряталась	4973860
сбудется	4973859
хитро	4973858
шварц	4973857
попадете	4973856
уровни	4973855
декана	4973854
ворчит	4973853
перехожу	4973852
крупнее	4973851
today	4973850
запаниковала	4973849
уебок	4973848
меди	4973847
последующие	4973846
спускать	4973845
колготки	4973844
моретти	4973843
упоминаи	4973842
копье	4973841
металлические	4973840
тысячах	4973839
столкнул	4973838
коллегам	4973837
данфи	4973836
стеклом	4973835
харбор	4973834
дверями	4973833
волшебную	4973832
пунш	4973831
элвин	4973830
дорота	4973829
ненси	4973828
приказать	4973827
пользуетесь	4973826
замужества	4973825
бумажная	4973824
похищением	4973823
тарик	4973822
снотворного	4973821
римлян	4973820
предложишь	4973819
джорджина	4973818
сочли	4973817
назван	4973816
уляжется	4973815
кавалер	4973814
включим	4973813
податься	4973812
усрачки	4973811
единственными	4973810
фермера	4973809
слышен	4973808
пьяных	4973807
виднее	4973806
хокинс	4973805
переезде	4973804
прикрывал	4973803
напишут	4973802
рэимонда	4973801
пачки	4973800
заинтересовало	4973799
рыбьеног	4973798
прямого	4973797
давил	4973796
гризли	4973795
корди	4973794
объявлен	4973793
инциденте	4973792
никсон	4973791
наилучшим	4973790
причитается	4973789
возможностями	4973788
безумных	4973787
дит	4973786
жюль	4973785
пэидж	4973784
петли	4973783
рудольф	4973782
бумажныи	4973781
кинь	4973780
экстренное	4973779
цунами	4973778
толкнуть	4973777
горилла	4973776
шустер	4973775
борта	4973774
иисусом	4973773
трусливыи	4973772
устанавливает	4973771
бинокль	4973770
альбукерке	4973769
мешком	4973768
северное	4973767
ограничить	4973766
задним	4973765
вальтер	4973764
родственные	4973763
благодарностью	4973762
придя	4973761
поцеловаться	4973760
клевые	4973759
персоналом	4973758
пробыла	4973757
краинем	4973756
массажа	4973755
выжать	4973754
напрягаться	4973753
подменил	4973752
тренировал	4973751
проекту	4973750
умершего	4973749
пишем	4973748
шери	4973747
министров	4973746
аллан	4973745
светлости	4973744
ограничен	4973743
брэдшоу	4973742
разделились	4973741
разводить	4973740
убираи	4973739
антония	4973738
транс	4973737
выполнено	4973736
закрываите	4973735
дэниэла	4973734
потеряи	4973733
факультета	4973732
торговые	4973731
die	4973730
воздушного	4973729
критика	4973728
литература	4973727
корзина	4973726
леитенанту	4973725
gear	4973724
прокатит	4973723
седрик	4973722
сладенькая	4973721
уверенными	4973720
черепе	4973719
ядовитыи	4973718
аша	4973717
отрубить	4973716
дожидаться	4973715
зашить	4973714
динь	4973713
звуком	4973712
происшествии	4973711
священников	4973710
динозавры	4973709
деили	4973708
парада	4973707
пригодился	4973706
интересовалась	4973705
пониманию	4973704
голубую	4973703
научитесь	4973702
дурацкого	4973701
разбилась	4973700
потянул	4973699
быков	4973698
мужиками	4973697
вагнер	4973696
прощает	4973695
министру	4973694
клялся	4973693
ина	4973692
франс	4973691
доставлен	4973690
балтимора	4973689
поите	4973688
передадите	4973687
ново	4973686
мелвин	4973685
источнику	4973684
почва	4973683
напиваться	4973682
left	4973681
розовом	4973680
картах	4973679
дословно	4973678
коби	4973677
космическая	4973676
очарователен	4973675
беспокоимся	4973674
сборы	4973673
малым	4973672
анжелика	4973671
стильно	4973670
сферы	4973669
энджел	4973668
уличные	4973667
сгодится	4973666
старею	4973665
скрывался	4973664
кредитке	4973663
ученикам	4973662
лошадиных	4973661
хозяикои	4973660
упадешь	4973659
шаров	4973658
ремонте	4973657
обвинениями	4973656
специальнои	4973655
трагично	4973654
ощущал	4973653
проидете	4973652
ромеро	4973651
послужило	4973650
щита	4973649
атомнои	4973648
неро	4973647
шотландию	4973646
гоа	4973645
исчезновением	4973644
проспала	4973643
послужить	4973642
задумываясь	4973641
литературу	4973640
ецы	4973639
аресты	4973638
бентон	4973637
астма	4973636
переведи	4973635
тренируюсь	4973634
выступают	4973633
отелях	4973632
постучал	4973631
махать	4973630
тире	4973629
вивьен	4973628
сексуальности	4973627
храним	4973626
побереги	4973625
дуэли	4973624
задаюсь	4973623
сервера	4973622
пациенткои	4973621
укусит	4973620
парами	4973619
фраз	4973618
далековато	4973617
цыгане	4973616
прикасаитесь	4973615
легли	4973614
одобряет	4973613
lot	4973612
обыкновенныи	4973611
закурить	4973610
прекраснее	4973609
инженером	4973608
ловкии	4973607
одноразовыи	4973606
забываем	4973605
рабыня	4973604
производстве	4973603
божьего	4973602
милосердныи	4973601
пожаловаться	4973600
пароме	4973599
sun	4973598
нда	4973597
подчиняется	4973596
викарии	4973595
вонючие	4973594
последователи	4973593
реконструкции	4973592
привезите	4973591
кольце	4973590
итаном	4973589
определять	4973588
милане	4973587
отравила	4973586
видится	4973585
мемуары	4973584
мексиканскои	4973583
юта	4973582
ценишь	4973581
творчество	4973580
наруто	4973579
железную	4973578
отвлекаися	4973577
высшие	4973576
озеру	4973575
свершилось	4973574
симпатично	4973573
поперек	4973572
исследованиями	4973571
обошлись	4973570
очно	4973569
счетах	4973568
величаишеи	4973567
невидимым	4973566
профессионального	4973565
значительнои	4973564
воробеи	4973563
пристегните	4973562
игнорируешь	4973561
обратимся	4973560
сотнями	4973559
развлекаешься	4973558
побуждении	4973557
сосиска	4973556
вмешиваюсь	4973555
отелем	4973554
соперников	4973553
приличное	4973552
спасателеи	4973551
дробь	4973550
задавала	4973549
напомнили	4973548
представит	4973547
пялится	4973546
надрез	4973545
спускаемся	4973544
прелести	4973543
приближение	4973542
удивительнои	4973541
презираю	4973540
боиню	4973539
призывает	4973538
сраную	4973537
прибью	4973536
группами	4973535
демонстрирует	4973534
щитов	4973533
отсоси	4973532
разгуливает	4973531
декабре	4973530
грандиозныи	4973529
предупреждением	4973528
столика	4973527
голди	4973526
отсутствием	4973525
вызовы	4973524
изображает	4973523
аут	4973522
оплате	4973521
фигнеи	4973520
водоросли	4973519
посмела	4973518
вспышку	4973517
малых	4973516
испорченныи	4973515
схватка	4973514
контракту	4973513
озабочен	4973512
корсак	4973511
соусе	4973510
found	4973509
шер	4973508
качели	4973507
газу	4973506
торпеды	4973505
повторяешь	4973504
комментировать	4973503
таковои	4973502
прыгал	4973501
поворачивается	4973500
фруктами	4973499
подробностях	4973498
денежные	4973497
гонятся	4973496
заводись	4973495
вобще	4973494
медиа	4973493
выводами	4973492
спецагент	4973491
костре	4973490
землях	4973489
процессом	4973488
официантки	4973487
соврали	4973486
подъехал	4973485
боеприпасов	4973484
перекрестке	4973483
лукреция	4973482
ящерица	4973481
курили	4973480
клиентки	4973479
стерн	4973478
карим	4973477
толкнула	4973476
никоим	4973475
гра	4973474
улетели	4973473
боифрендом	4973472
потрясающую	4973471
самозащиты	4973470
секретарем	4973469
бочка	4973468
мадрид	4973467
давина	4973466
слепо	4973465
адаму	4973464
мамина	4973463
погибнешь	4973462
лик	4973461
побудет	4973460
определенную	4973459
подвели	4973458
заскочил	4973457
прослушка	4973456
аджосси	4973455
разбогатеть	4973454
использован	4973453
гринго	4973452
деревянные	4973451
спортивного	4973450
доставила	4973449
краудер	4973448
попадаешь	4973447
пибоди	4973446
опуститься	4973445
кредитную	4973444
избиратели	4973443
сыворотка	4973442
which	4973441
дурачиться	4973440
done	4973439
колонна	4973438
эгоистом	4973437
центры	4973436
значка	4973435
испечь	4973434
артефакты	4973433
курьера	4973432
эффективность	4973431
священная	4973430
соберемся	4973429
стихов	4973428
бумажника	4973427
фродо	4973426
неразглашении	4973425
купальник	4973424
браианом	4973423
повторилось	4973422
текут	4973421
существовали	4973420
илана	4973419
искупаться	4973418
защитим	4973417
хильда	4973416
получаса	4973415
лось	4973414
бумагои	4973413
знаменитые	4973412
шкатулка	4973411
диапазон	4973410
довели	4973409
кажи	4973408
консул	4973407
покрывать	4973406
сдадимся	4973405
леик	4973404
позаимствовать	4973403
возлюбленнои	4973402
контролировал	4973401
разумная	4973400
пинка	4973399
потока	4973398
желали	4973397
бедствие	4973396
форель	4973395
ревновала	4973394
подозрительныи	4973393
прятала	4973392
подразумевал	4973391
джеити	4973390
здоровью	4973389
минобороны	4973388
воруют	4973387
жалюзи	4973386
предаст	4973385
незаконным	4973384
нино	4973383
встало	4973382
рассудка	4973381
знакомься	4973380
знаменитых	4973379
основного	4973378
потрошителя	4973377
крутятся	4973376
выстрелит	4973375
былa	4973374
цветные	4973373
святилище	4973372
унизил	4973371
привлекателен	4973370
эммм	4973369
логике	4973368
внешностью	4973367
инспектору	4973366
слушаися	4973365
сторонников	4973364
покинем	4973363
зависело	4973362
дельфина	4973361
пэтси	4973360
рисковала	4973359
корпусе	4973358
индустрия	4973357
подозреваем	4973356
уязвим	4973355
линдсеи	4973354
стесняется	4973353
весельчак	4973352
привлекла	4973351
адольф	4973350
пропуска	4973349
пташка	4973348
слыхали	4973347
мертвую	4973346
низкое	4973345
поедут	4973344
осознаете	4973343
расположена	4973342
рыцарем	4973341
анфе	4973340
наступают	4973339
вышибу	4973338
юбке	4973337
воспоминаниях	4973336
ирландцы	4973335
кид	4973334
ответственна	4973333
шасси	4973332
коронера	4973331
вчерашнем	4973330
защитники	4973329
слепого	4973328
порошка	4973327
терминал	4973326
сердечные	4973325
безответственно	4973324
сводят	4973323
богини	4973322
ваще	4973321
невада	4973320
пилюли	4973319
люд	4973318
оняке	4973317
раздражение	4973316
признались	4973315
сократили	4973314
хозяики	4973313
перестаю	4973312
судмедэксперт	4973311
веселимся	4973310
итальянская	4973309
покидаи	4973308
стучаться	4973307
развить	4973306
подашь	4973305
традицию	4973304
возврат	4973303
маршалов	4973302
дыхательные	4973301
комикс	4973300
маскировка	4973299
мако	4973298
стояло	4973297
рефлекс	4973296
отопление	4973295
девятнадцать	4973294
развеяться	4973293
атомы	4973292
предложи	4973291
тофу	4973290
целуется	4973289
шарм	4973288
выступили	4973287
фрик	4973286
интриги	4973285
драк	4973284
штамм	4973283
доминиона	4973282
счетчик	4973281
веселым	4973280
рукопожатие	4973279
достоиную	4973278
пуха	4973277
магистр	4973276
потеряют	4973275
раионы	4973274
засыпаю	4973273
франсуаза	4973272
ядерных	4973271
любимом	4973270
биллу	4973269
футбольная	4973268
сфорца	4973267
свяжите	4973266
темном	4973265
манхэттена	4973264
уил	4973263
торговых	4973262
злить	4973261
цвету	4973260
яинкэин	4973259
стальные	4973258
разделение	4973257
подполье	4973256
вдохнуть	4973255
занимаитесь	4973254
активов	4973253
мексиканскии	4973252
притворился	4973251
посидите	4973250
проиди	4973249
сводныи	4973248
риверс	4973247
пощадите	4973246
отметка	4973245
меибл	4973244
молниеи	4973243
браков	4973242
пациентку	4973241
переведены	4973240
реальными	4973239
затруднения	4973238
слуха	4973237
биографию	4973236
подделку	4973235
набрали	4973234
объединились	4973233
поддержали	4973232
буквам	4973231
ложное	4973230
задержались	4973229
оригинальная	4973228
кукурузу	4973227
канализацию	4973226
порыв	4973225
надоедает	4973224
маунт	4973223
расходимся	4973222
водительских	4973221
погибают	4973220
крекеры	4973219
наличка	4973218
индиискии	4973217
избежал	4973216
туше	4973215
толстого	4973214
связью	4973213
несерьезно	4973212
выражаться	4973211
чеков	4973210
самооборона	4973209
практиковаться	4973208
проехала	4973207
проводов	4973206
нижняя	4973205
безумного	4973204
предпринимать	4973203
смущен	4973202
ит	4973201
роис	4973200
доложили	4973199
обручена	4973198
проездом	4973197
климат	4973196
избегал	4973195
fox	4973194
чистил	4973193
выяснится	4973192
слияния	4973191
останавливались	4973190
ая	4973189
агос	4973188
doesn	4973187
манерам	4973186
последуют	4973185
расход	4973184
канат	4973183
зуд	4973182
отважныи	4973181
скале	4973180
ритуала	4973179
императором	4973178
раскрывает	4973177
загадаи	4973176
does	4973175
домохозяики	4973174
манер	4973173
дуба	4973172
связанным	4973171
сказок	4973170
замышляет	4973169
гтам	4973168
волнительно	4973167
жалких	4973166
плите	4973165
избавьтесь	4973164
лаинус	4973163
проверкои	4973162
внешние	4973161
легион	4973160
кармаикл	4973159
морга	4973158
богачи	4973157
разрывает	4973156
бедность	4973155
проследили	4973154
эпоха	4973153
потоки	4973152
стабильна	4973151
восстал	4973150
норе	4973149
gotta	4973148
бяецдю	4973147
чемпионов	4973146
схвачено	4973145
детроита	4973144
ваи	4973143
кофеине	4973142
штуковины	4973141
тяга	4973140
подходящеи	4973139
подарит	4973138
антидот	4973137
ханта	4973136
цитаты	4973135
дерзкии	4973134
маньяка	4973133
пешка	4973132
ѕон	4973131
влечет	4973130
доставкои	4973129
рты	4973128
мондо	4973127
избиение	4973126
планетои	4973125
полковнику	4973124
очистки	4973123
исправиться	4973122
еst	4973121
соитись	4973120
ручная	4973119
испугать	4973118
запустим	4973117
свежих	4973116
осени	4973115
полезного	4973114
посему	4973113
свалка	4973112
хранили	4973111
опускается	4973110
включаите	4973109
потрудились	4973108
возразить	4973107
экг	4973106
обошлась	4973105
низ	4973104
поддержим	4973103
объятья	4973102
несчастлив	4973101
приложи	4973100
бары	4973099
патрули	4973098
сочинил	4973097
крестныи	4973096
черчилль	4973095
прогулок	4973094
редакции	4973093
поплакать	4973092
рифмуется	4973091
пpaвдa	4973090
аляске	4973089
вещички	4973088
стоге	4973087
токсин	4973086
молчат	4973085
советского	4973084
доступна	4973083
злобная	4973082
men	4973081
урсула	4973080
гивенс	4973079
пониманием	4973078
hу	4973077
грозы	4973076
способностях	4973075
обижаться	4973074
матиас	4973073
создаем	4973072
молимся	4973071
каплеи	4973070
летучая	4973069
реален	4973068
трезвыи	4973067
спел	4973066
кок	4973065
беден	4973064
таковым	4973063
совершаю	4973062
члену	4973061
карандаши	4973060
египта	4973059
вызывала	4973058
очками	4973057
продажеи	4973056
высовываися	4973055
галлюцинация	4973054
гук	4973053
издевался	4973052
вибрации	4973051
платеж	4973050
часовне	4973049
телка	4973048
воскресение	4973047
монахини	4973046
угон	4973045
шампанским	4973044
ягодицы	4973043
садом	4973042
пленке	4973041
фреид	4973040
трезв	4973039
аида	4973038
masha	4973037
неподвижно	4973036
спора	4973035
фарго	4973034
шнур	4973033
запирать	4973032
эинштеина	4973031
печеньем	4973030
появлением	4973029
наручников	4973028
докажешь	4973027
неразбериха	4973026
ранило	4973025
пользуемся	4973024
деревянныи	4973023
истекло	4973022
сорваться	4973021
обманешь	4973020
презрение	4973019
попробуете	4973018
куст	4973017
щеку	4973016
личными	4973015
бриланд	4973014
жесткая	4973013
прячемся	4973012
придачу	4973011
продвинуться	4973010
ничeгo	4973009
альбер	4973008
углов	4973007
бортом	4973006
привкус	4973005
стадиона	4973004
непростая	4973003
ветчину	4973002
советником	4973001
игнорирует	4973000
колье	4972999
лобби	4972998
кучку	4972997
галактика	4972996
фальшивых	4972995
вецн	4972994
утверждения	4972993
дрожат	4972992
вражда	4972991
пострелять	4972990
обалденно	4972989
днм	4972988
наименее	4972987
сувениры	4972986
захватите	4972985
морским	4972984
гая	4972983
поручиться	4972982
нажала	4972981
футболу	4972980
барахла	4972979
прислуги	4972978
одолжи	4972977
критик	4972976
драгоценные	4972975
резиденция	4972974
чудище	4972973
всe	4972972
различными	4972971
негр	4972970
божественно	4972969
спасательная	4972968
пялился	4972967
невинным	4972966
развести	4972965
совещания	4972964
погодь	4972963
взлетит	4972962
всемирно	4972961
каша	4972960
бонда	4972959
сбросила	4972958
лихорадки	4972957
средние	4972956
крикс	4972955
заказу	4972954
любоваться	4972953
половинку	4972952
лордом	4972951
qi	4972950
микеланджело	4972949
внесла	4972948
ватикан	4972947
преследуем	4972946
прибереги	4972945
несете	4972944
меняемся	4972943
мессия	4972942
лиамом	4972941
помолчите	4972940
валяется	4972939
разворот	4972938
заком	4972937
банджо	4972936
цифрами	4972935
удовольствии	4972934
чарльзом	4972933
разбудите	4972932
малолетних	4972931
гипноз	4972930
отвлекающии	4972929
реплика	4972928
простыл	4972927
сложную	4972926
женами	4972925
римского	4972924
продолжительность	4972923
јк	4972922
здоровых	4972921
кокаином	4972920
спасатель	4972919
случаинои	4972918
remember	4972917
ловим	4972916
лектер	4972915
выполнен	4972914
вечернии	4972913
пристегнись	4972912
фаулер	4972911
подписался	4972910
набирать	4972909
зрителям	4972908
болваны	4972907
эими	4972906
повлиял	4972905
сегодняшних	4972904
чп	4972903
дивизии	4972902
ломает	4972901
перепихнуться	4972900
пластиковыи	4972899
арабы	4972898
угодил	4972897
убедит	4972896
проданы	4972895
уверенныи	4972894
текста	4972893
старикан	4972892
компаньон	4972891
аптека	4972890
съемка	4972889
крана	4972888
прикурить	4972887
полезныи	4972886
серои	4972885
салона	4972884
подевался	4972883
мочои	4972882
клад	4972881
жука	4972880
хассан	4972879
свалилась	4972878
оставаясь	4972877
опекои	4972876
прекращу	4972875
убежим	4972874
ордером	4972873
выслушали	4972872
years	4972871
чередом	4972870
томографию	4972869
затылке	4972868
этики	4972867
князя	4972866
мину	4972865
девятом	4972864
вглубь	4972863
смешнее	4972862
cюдa	4972861
сана	4972860
чашкои	4972859
илая	4972858
свинина	4972857
умения	4972856
делия	4972855
лазанью	4972854
чаику	4972853
ведущеи	4972852
сделкои	4972851
проанализировать	4972850
занозои	4972849
наблюдается	4972848
поспорили	4972847
статистике	4972846
моряка	4972845
случаиное	4972844
взносы	4972843
осложнении	4972842
называемых	4972841
вызван	4972840
поэта	4972839
наложила	4972838
драму	4972837
китаиских	4972836
мешков	4972835
нервным	4972834
соответствующие	4972833
созданныи	4972832
королевские	4972831
демонами	4972830
воришка	4972829
сибли	4972828
аббатство	4972827
вождя	4972826
лучах	4972825
убеди	4972824
поэзию	4972823
мелочеи	4972822
скрыто	4972821
кладет	4972820
порок	4972819
джоне	4972818
вторые	4972817
покрыт	4972816
позволяя	4972815
абсурдно	4972814
судили	4972813
наследия	4972812
колония	4972811
брокколи	4972810
певицеи	4972809
смертельную	4972808
драматично	4972807
больницеи	4972806
психического	4972805
покрыты	4972804
опубликовал	4972803
откажет	4972802
вымерли	4972801
произошедшем	4972800
клочок	4972799
троне	4972798
выспался	4972797
курсов	4972796
лебедь	4972795
предварительно	4972794
three	4972793
might	4972792
недоумок	4972791
раджа	4972790
промазал	4972789
покоися	4972788
закрываешь	4972787
упусти	4972786
помешают	4972785
деиствиям	4972784
пошлет	4972783
репетировали	4972782
крика	4972781
пунктам	4972780
телику	4972779
дэб	4972778
наступать	4972777
царстве	4972776
расследует	4972775
пробуи	4972774
прежняя	4972773
камелота	4972772
апокалипсиса	4972771
забыто	4972770
клюшки	4972769
розен	4972768
толще	4972767
штурвал	4972766
загар	4972765
тару	4972764
организует	4972763
включают	4972762
заметьте	4972761
клея	4972760
колен	4972759
сохо	4972758
проявлял	4972757
дженну	4972756
куклои	4972755
трудился	4972754
told	4972753
наркоманом	4972752
остина	4972751
огласке	4972750
разрушены	4972749
птицеи	4972748
облегчением	4972747
заснять	4972746
кодом	4972745
радуется	4972744
особую	4972743
федерал	4972742
бенуа	4972741
хребет	4972740
поднимал	4972739
решаите	4972738
подстроено	4972737
ловили	4972736
джус	4972735
en	4972734
результатах	4972733
безопаснеи	4972732
вдребезги	4972731
рулет	4972730
смотритесь	4972729
girls	4972728
аудиторию	4972727
указываи	4972726
находила	4972725
даунтон	4972724
рен	4972723
проучить	4972722
фактами	4972721
косметики	4972720
турнира	4972719
работенка	4972718
выберешься	4972717
шутила	4972716
армеискии	4972715
независимыи	4972714
зарезали	4972713
проезжаите	4972712
полина	4972711
нарушаете	4972710
орегон	4972709
высшую	4972708
психоз	4972707
поливать	4972706
крупнеишии	4972705
неудобство	4972704
фергюсон	4972703
притворство	4972702
присылает	4972701
эмоциям	4972700
дрон	4972699
посредником	4972698
раскрытие	4972697
крысои	4972696
дону	4972695
страстныи	4972694
записаны	4972693
музыкальном	4972692
женитьбы	4972691
яицом	4972690
лексс	4972689
мотоциклы	4972688
наручниками	4972687
удалиться	4972686
подо	4972685
эра	4972684
садился	4972683
дополнительнои	4972682
ягуар	4972681
шаре	4972680
чистку	4972679
пребудет	4972678
порознь	4972677
разбитого	4972676
оглядываися	4972675
иврите	4972674
интрижки	4972673
оле	4972672
поддержала	4972671
добьемся	4972670
противников	4972669
заразиться	4972668
изящно	4972667
сраная	4972666
чистота	4972665
устаю	4972664
убеждены	4972663
силовое	4972662
деловое	4972661
апрель	4972660
продержался	4972659
бит	4972658
небрежно	4972657
ро	4972656
официальных	4972655
баллон	4972654
существами	4972653
статистику	4972652
подполковник	4972651
трудновато	4972650
выпустим	4972649
предпочтения	4972648
убираемся	4972647
лорду	4972646
повязки	4972645
тормозов	4972644
скрип	4972643
плавки	4972642
влипли	4972641
выезде	4972640
сумасшедшую	4972639
деться	4972638
сговорились	4972637
подавали	4972636
моне	4972635
истине	4972634
барак	4972633
согласимся	4972632
сибири	4972631
откровенны	4972630
кружке	4972629
мерсер	4972628
извинюсь	4972627
фонари	4972626
потрудиться	4972625
остановок	4972624
убедились	4972623
рекомендацию	4972622
споем	4972621
цикла	4972620
реанимацию	4972619
инвесторы	4972618
костного	4972617
дрочить	4972616
захвачен	4972615
дорин	4972614
посвящения	4972613
заподозрит	4972612
позитивно	4972611
повторяла	4972610
отрицал	4972609
щель	4972608
романтичныи	4972607
клуни	4972606
договорюсь	4972605
выслушаю	4972604
покрыта	4972603
принтер	4972602
мосби	4972601
переедешь	4972600
рыцареи	4972599
государственную	4972598
макбет	4972597
навалилось	4972596
задумываться	4972595
негров	4972594
поцелуе	4972593
медиков	4972592
расположения	4972591
очутился	4972590
обиделась	4972589
уставшеи	4972588
жестоких	4972587
фиаско	4972586
торговал	4972585
приходом	4972584
собственноручно	4972583
умного	4972582
проститься	4972581
романтических	4972580
верующии	4972579
аналогично	4972578
ребеккои	4972577
повзрослел	4972576
залезла	4972575
ускользает	4972574
участником	4972573
текилу	4972572
нанимал	4972571
освободила	4972570
факту	4972569
закроется	4972568
похоронены	4972567
разместил	4972566
плавали	4972565
стакане	4972564
любопытная	4972563
лежа	4972562
политического	4972561
выбежал	4972560
превзоити	4972559
амандои	4972558
вилки	4972557
прекращается	4972556
завязала	4972555
изменяешь	4972554
франсис	4972553
моет	4972552
медик	4972551
мания	4972550
компьютерную	4972549
стараитесь	4972548
мрачные	4972547
верхняя	4972546
служб	4972545
преподнести	4972544
психиатром	4972543
парализован	4972542
петля	4972541
завернуть	4972540
тусить	4972539
сомневаитесь	4972538
блестящее	4972537
same	4972536
успеваю	4972535
капсула	4972534
плэнет	4972533
солнечная	4972532
приводи	4972531
философ	4972530
тарзан	4972529
поддержи	4972528
темнеет	4972527
тряпку	4972526
употреблял	4972525
оденусь	4972524
продвижения	4972523
вонючая	4972522
снимках	4972521
подкинул	4972520
допросили	4972519
ральфа	4972518
капюшон	4972517
щенков	4972516
конкретные	4972515
спида	4972514
пустышка	4972513
драгоценное	4972512
гастон	4972511
оптимизм	4972510
приказывать	4972509
прибудем	4972508
строки	4972507
чемберс	4972506
проживу	4972505
отпускает	4972504
au	4972503
перевозят	4972502
бесконечное	4972501
мемориал	4972500
эмс	4972499
морфин	4972498
часок	4972497
надул	4972496
переварить	4972495
бланки	4972494
заботься	4972493
феликса	4972492
сержанту	4972491
эверетт	4972490
зарплате	4972489
ци	4972488
извинится	4972487
химена	4972486
растила	4972485
наполняет	4972484
кампус	4972483
шоколадку	4972482
гном	4972481
договоренности	4972480
звонком	4972479
бывшем	4972478
откос	4972477
приступаем	4972476
преданы	4972475
ети	4972474
тепле	4972473
газировку	4972472
катались	4972471
вентиляцию	4972470
приглашена	4972469
узами	4972468
tu	4972467
шевроле	4972466
правоохранительных	4972465
лох	4972464
чертовым	4972463
нежным	4972462
национальное	4972461
жером	4972460
предполагаете	4972459
ƒоктор	4972458
тоня	4972457
добби	4972456
тараканов	4972455
собакам	4972454
опнярх	4972453
священнику	4972452
манчестер	4972451
извне	4972450
лыжи	4972449
специальную	4972448
изгнание	4972447
старичок	4972446
порождает	4972445
марлин	4972444
чрезвычаиное	4972443
циати	4972442
пингвин	4972441
сносит	4972440
социопат	4972439
получены	4972438
hot	4972437
понести	4972436
офису	4972435
крабов	4972434
запрещена	4972433
гранью	4972432
глубоком	4972431
насиловали	4972430
зарезал	4972429
саируса	4972428
наглыи	4972427
флешку	4972426
ссылку	4972425
свергнуть	4972424
кузеном	4972423
скип	4972422
христианство	4972421
секретаршеи	4972420
приличные	4972419
асдеьэ	4972418
акционеров	4972417
глубокого	4972416
единство	4972415
мнении	4972414
отдыхаю	4972413
разрушают	4972412
высадить	4972411
тунец	4972410
ясныи	4972409
бесполезная	4972408
трахаешься	4972407
поставщиков	4972406
постороннии	4972405
принстон	4972404
макки	4972403
невыносимои	4972402
стесняешься	4972401
напарница	4972400
тусовка	4972399
кубка	4972398
атаковал	4972397
смертном	4972396
здешние	4972395
киску	4972394
луиз	4972393
неполадки	4972392
округу	4972391
благополучие	4972390
уран	4972389
семерых	4972388
подсел	4972387
чудная	4972386
стрессом	4972385
крота	4972384
созвонимся	4972383
внешних	4972382
попкорна	4972381
себастиан	4972380
свяжи	4972379
истерику	4972378
декларации	4972377
раиану	4972376
печальное	4972375
пилу	4972374
горох	4972373
товаром	4972372
уинслоу	4972371
распространить	4972370
пожары	4972369
портленде	4972368
диагностику	4972367
футах	4972366
засудить	4972365
шипы	4972364
заманил	4972363
выпустит	4972362
предупреждать	4972361
палермо	4972360
финансовая	4972359
глупцы	4972358
иллюзию	4972357
скидкои	4972356
досрочно	4972355
школьник	4972354
проявила	4972353
обитания	4972352
повторил	4972351
жужжание	4972350
воит	4972349
голубя	4972348
любящая	4972347
влезать	4972346
сломанные	4972345
оплакивать	4972344
уедут	4972343
ребе	4972342
передышку	4972341
нужнее	4972340
жучки	4972339
лестера	4972338
героином	4972337
горошек	4972336
кредиты	4972335
жечь	4972334
иванович	4972333
уделите	4972332
грехе	4972331
воняешь	4972330
рассмотрения	4972329
поцелуите	4972328
трясутся	4972327
соседку	4972326
тами	4972325
отвела	4972324
мешаите	4972323
мгновенье	4972322
катлер	4972321
посчитала	4972320
сентябрь	4972319
псов	4972318
бухгалтерии	4972317
украденных	4972316
звучал	4972315
заложниками	4972314
рэндольф	4972313
причастности	4972312
run	4972311
стирки	4972310
биографии	4972309
подбросили	4972308
сосок	4972307
здраво	4972306
герб	4972305
далласа	4972304
разговором	4972303
правительственные	4972302
раионов	4972301
погибшего	4972300
наивная	4972299
убегу	4972298
дружком	4972297
хокинг	4972296
исследователь	4972295
харриса	4972294
кисти	4972293
воровстве	4972292
аферу	4972291
вези	4972290
зеленое	4972289
обсуждал	4972288
джеику	4972287
отоидем	4972286
милее	4972285
mind	4972284
одобрит	4972283
ѕосле	4972282
феврале	4972281
еленои	4972280
проституции	4972279
носик	4972278
хулиганы	4972277
виновных	4972276
ствола	4972275
укрытия	4972274
уважаемая	4972273
клон	4972272
медведем	4972271
вылететь	4972270
горяч	4972269
шоколаде	4972268
спалил	4972267
патрисия	4972266
котом	4972265
червя	4972264
характере	4972263
отклонение	4972262
предателеи	4972261
отличает	4972260
русском	4972259
деиствующии	4972258
высок	4972257
удерживают	4972256
параметры	4972255
смертных	4972254
заглядывать	4972253
мизинец	4972252
дебатов	4972251
роликах	4972250
избавит	4972249
рехнулась	4972248
покушать	4972247
тревора	4972246
предъявили	4972245
гражданином	4972244
холмах	4972243
car	4972242
коробках	4972241
нынешнего	4972240
восход	4972239
привлечет	4972238
сопрано	4972237
комитетом	4972236
велико	4972235
засунула	4972234
наблюдаи	4972233
карина	4972232
тревожить	4972231
кендра	4972230
сну	4972229
гонять	4972228
порога	4972227
жемчуг	4972226
елене	4972225
забросил	4972224
маккои	4972223
hell	4972222
вызваны	4972221
угнетает	4972220
малкольма	4972219
мечеть	4972218
переходите	4972217
сверхурочно	4972216
лс	4972215
неправду	4972214
занятно	4972213
наводка	4972212
двигались	4972211
произносишь	4972210
хэис	4972209
мешал	4972208
прислушиваться	4972207
попридержи	4972206
инь	4972205
десятого	4972204
опегхдемр	4972203
встанем	4972202
татьяна	4972201
выговориться	4972200
гибнут	4972199
боулинга	4972198
баики	4972197
отставаи	4972196
пощаде	4972195
заблокировал	4972194
простят	4972193
столики	4972192
чемоданом	4972191
поступком	4972190
поводок	4972189
заводишь	4972188
пианист	4972187
взаправду	4972186
звини	4972185
разумнои	4972184
испытательном	4972183
hard	4972182
слоны	4972181
выведем	4972180
раковины	4972179
аресту	4972178
валяите	4972177
нанесла	4972176
ляжет	4972175
нормана	4972174
мылом	4972173
игнасио	4972172
бронксе	4972171
обороте	4972170
перцем	4972169
блокировать	4972168
пришить	4972167
плюща	4972166
работающие	4972165
спасен	4972164
кадо	4972163
исследовал	4972162
происходили	4972161
марин	4972160
пoкa	4972159
трясет	4972158
чико	4972157
устроились	4972156
леибл	4972155
family	4972154
предам	4972153
навестил	4972152
репортеры	4972151
вырастают	4972150
блюдечке	4972149
окружным	4972148
застукал	4972147
птаха	4972146
импульсы	4972145
заподозрил	4972144
запрашиваю	4972143
отправятся	4972142
кукурузы	4972141
колесе	4972140
спреи	4972139
холмса	4972138
поделитесь	4972137
бене	4972136
ваза	4972135
разводятся	4972134
заглянули	4972133
определенным	4972132
намерениями	4972131
потаскуха	4972130
тыяа	4972129
трезвым	4972128
высокомерныи	4972127
новинку	4972126
дикарь	4972125
блузка	4972124
долбаные	4972123
вниманию	4972122
кдин	4972121
ћожно	4972120
хдх	4972119
погреб	4972118
орбиты	4972117
нарцисс	4972116
заметано	4972115
тэит	4972114
славои	4972113
радуги	4972112
окружить	4972111
мотри	4972110
необходимых	4972109
эстель	4972108
осмотрите	4972107
перережу	4972106
компенсация	4972105
хитом	4972104
late	4972103
лояльность	4972102
елку	4972101
приносили	4972100
повседневнои	4972099
наградои	4972098
легендарныи	4972097
выкурить	4972096
вод	4972095
чудесную	4972094
иден	4972093
балла	4972092
мучают	4972091
фонтана	4972090
голда	4972089
переждать	4972088
кубы	4972087
обнимаю	4972086
блер	4972085
фактам	4972084
размышлять	4972083
смеси	4972082
побриться	4972081
труды	4972080
глухих	4972079
банках	4972078
ядерную	4972077
купон	4972076
проповедник	4972075
наказанием	4972074
жуткои	4972073
ступени	4972072
маршалы	4972071
характеристики	4972070
сосудов	4972069
каналов	4972068
чувствуя	4972067
конфликтов	4972066
отставки	4972065
траектории	4972064
капучино	4972063
михаила	4972062
жилец	4972061
аъ	4972060
сломает	4972059
племянницу	4972058
ядерное	4972057
осознание	4972056
свело	4972055
разочарования	4972054
сблизились	4972053
делим	4972052
наказывает	4972051
перчатка	4972050
способные	4972049
бульдог	4972048
внезапныи	4972047
договоре	4972046
гроув	4972045
роми	4972044
ночевала	4972043
получаются	4972042
деива	4972041
включается	4972040
начальница	4972039
доступны	4972038
пыс	4972037
удел	4972036
локти	4972035
цифру	4972034
ривера	4972033
арестуете	4972032
гляну	4972031
электрик	4972030
кукуруза	4972029
ломается	4972028
игрушкои	4972027
сражаясь	4972026
малютка	4972025
суеты	4972024
стукнуло	4972023
привод	4972022
сфотографировал	4972021
криминального	4972020
рыбе	4972019
биологическои	4972018
обамы	4972017
доброте	4972016
розои	4972015
отвечали	4972014
охватывает	4972013
обижен	4972012
энергетическии	4972011
гложет	4972010
мобильные	4972009
бригаду	4972008
финала	4972007
ходьбы	4972006
оператора	4972005
методом	4972004
плача	4972003
приговорили	4972002
навоз	4972001
совершит	4972000
беседовать	4971999
съедает	4971998
строение	4971997
специализируется	4971996
забронировал	4971995
сообществе	4971994
инди	4971993
автоответчике	4971992
крепкого	4971991
козы	4971990
сантиметр	4971989
молекулы	4971988
неудач	4971987
тобы	4971986
сладость	4971985
алека	4971984
тюрьмои	4971983
задаваите	4971982
алеикум	4971981
познакомишься	4971980
возрождение	4971979
ознакомиться	4971978
ощутил	4971977
служила	4971976
существуешь	4971975
богачеи	4971974
прикидываися	4971973
превращу	4971972
визиты	4971971
маша	4971970
называемая	4971969
настороже	4971968
акушерка	4971967
непривычно	4971966
решились	4971965
приготовим	4971964
мужских	4971963
ресторанах	4971962
космическом	4971961
избирательнои	4971960
сжигать	4971959
каплан	4971958
бетховен	4971957
смущать	4971956
психопатка	4971955
заблокирован	4971954
трети	4971953
дружно	4971952
одеваюсь	4971951
виви	4971950
клаусом	4971949
превышает	4971948
продукта	4971947
постарел	4971946
нолана	4971945
выводов	4971944
блеска	4971943
пробыли	4971942
кэи	4971941
рассказов	4971940
японскои	4971939
пивнои	4971938
запуску	4971937
приготовит	4971936
рэнд	4971935
возлюбленная	4971934
уладили	4971933
переживаем	4971932
приемныи	4971931
причинят	4971930
поддельныи	4971929
афины	4971928
кошкои	4971927
утренние	4971926
хаим	4971925
грязном	4971924
прижми	4971923
притворяются	4971922
британия	4971921
злятся	4971920
бесполезнои	4971919
продавая	4971918
эббот	4971917
клиффорд	4971916
побороться	4971915
божественныи	4971914
оценила	4971913
ссуду	4971912
разделять	4971911
заставите	4971910
санитар	4971909
алле	4971908
дакота	4971907
поднимают	4971906
подразделении	4971905
такт	4971904
болеешь	4971903
стабилизировать	4971902
трудовои	4971901
зоя	4971900
подонков	4971899
бистро	4971898
джеина	4971897
отрываться	4971896
десятков	4971895
бьянка	4971894
пеа	4971893
выполняешь	4971892
ухаживал	4971891
красавицу	4971890
плотныи	4971889
потянет	4971888
закричала	4971887
веселились	4971886
умора	4971885
джэи	4971884
пересекает	4971883
привязал	4971882
полными	4971881
сомневаетесь	4971880
крэиг	4971879
кадет	4971878
кабинке	4971877
невинности	4971876
поднимаемся	4971875
лизе	4971874
оуэнс	4971873
вызвана	4971872
филадельфию	4971871
проклятое	4971870
сюжета	4971869
американцем	4971868
присутствуют	4971867
некоторого	4971866
отключения	4971865
тахикардия	4971864
изобретения	4971863
зельда	4971862
потрачу	4971861
октябрь	4971860
разорву	4971859
причинял	4971858
сато	4971857
гр	4971856
сняться	4971855
аравии	4971854
направляет	4971853
женитьба	4971852
портнои	4971851
деиствую	4971850
ответят	4971849
дадли	4971848
пропасти	4971847
предварительное	4971846
консервы	4971845
жалел	4971844
тауэр	4971843
боица	4971842
висел	4971841
влюбляется	4971840
мелмнцн	4971839
даиана	4971838
утверждали	4971837
опаздывают	4971836
дог	4971835
конфликты	4971834
полетишь	4971833
stay	4971832
станциеи	4971831
сложность	4971830
квитанцию	4971829
оторвались	4971828
спуститесь	4971827
почетныи	4971826
вылетит	4971825
инопланетянин	4971824
сожрать	4971823
фотографом	4971822
март	4971821
взлетел	4971820
лгм	4971819
грамма	4971818
заглядывал	4971817
приемлемо	4971816
стриптизерша	4971815
секретность	4971814
подброшу	4971813
отработать	4971812
марту	4971811
разобьет	4971810
подставлять	4971809
вебер	4971808
боях	4971807
рассердился	4971806
тоски	4971805
фантазию	4971804
окончании	4971803
вулф	4971802
гидра	4971801
психологическои	4971800
супермаркета	4971799
злодеев	4971798
джессику	4971797
синьоры	4971796
останавливаются	4971795
разведены	4971794
осведомитель	4971793
загадкои	4971792
фонды	4971791
итоги	4971790
обследовать	4971789
терроризм	4971788
заморозить	4971787
велено	4971786
каменныи	4971785
fine	4971784
копья	4971783
поджарить	4971782
подан	4971781
возвратиться	4971780
дружелюбныи	4971779
приобрели	4971778
эркюль	4971777
сидения	4971776
выпивать	4971775
прогнозы	4971774
поляк	4971773
штрафы	4971772
сосиску	4971771
real	4971770
спонтанно	4971769
готовая	4971768
must	4971767
погибну	4971766
раздельно	4971765
рулит	4971764
отклонения	4971763
хенрик	4971762
наелся	4971761
paз	4971760
проиграете	4971759
концентрация	4971758
угнать	4971757
translate	4971756
налогоплательщиков	4971755
снежного	4971754
внутренним	4971753
спланировано	4971752
care	4971751
аллена	4971750
туннеле	4971749
вика	4971748
попотеть	4971747
сунул	4971746
круглая	4971745
атомная	4971744
крофт	4971743
ah	4971742
подсобке	4971741
пустоты	4971740
бесконечности	4971739
мелкое	4971738
юридические	4971737
рассматривает	4971736
амбаре	4971735
дальнего	4971734
саботаж	4971733
валентин	4971732
парсонс	4971731
ша	4971730
выкидыш	4971729
ревновал	4971728
раскопки	4971727
летних	4971726
капоне	4971725
многочисленных	4971724
траур	4971723
изумительныи	4971722
восхода	4971721
ячеику	4971720
уинтер	4971719
следователя	4971718
надевает	4971717
сохраните	4971716
копаи	4971715
узлы	4971714
мероприятии	4971713
тропе	4971712
ревнивыи	4971711
преследуете	4971710
баллард	4971709
чаку	4971708
слоун	4971707
выживает	4971706
гипс	4971705
туалетная	4971704
проигнорировать	4971703
увели	4971702
агрессивныи	4971701
пистолете	4971700
усталости	4971699
табака	4971698
работодатель	4971697
being	4971696
очистите	4971695
покоиника	4971694
самообороны	4971693
вечное	4971692
позавтракаем	4971691
выследили	4971690
упадут	4971689
осматривать	4971688
уединение	4971687
перевожу	4971686
признаешься	4971685
религиознои	4971684
томасом	4971683
отчетов	4971682
авторов	4971681
пошлют	4971680
опросы	4971679
мусорку	4971678
давало	4971677
футбольную	4971676
марлен	4971675
подписан	4971674
отказывает	4971673
неитана	4971672
трогала	4971671
безопасен	4971670
куки	4971669
норвегии	4971668
просмотров	4971667
телевизоре	4971666
большему	4971665
птичек	4971664
выпуске	4971663
лампочку	4971662
появлюсь	4971661
задерживаися	4971660
построено	4971659
предстанет	4971658
фигурки	4971657
wanted	4971656
ритма	4971655
рэ	4971654
страхование	4971653
эидан	4971652
алтарь	4971651
обидели	4971650
атлантис	4971649
недооцениваешь	4971648
переднюю	4971647
улыбаитесь	4971646
снежок	4971645
годности	4971644
крутую	4971643
соннои	4971642
асфальт	4971641
перехват	4971640
эф	4971639
разрушило	4971638
припаркована	4971637
сыворотку	4971636
оззи	4971635
разбоиники	4971634
пялятся	4971633
смущена	4971632
треке	4971631
шпионка	4971630
загорелся	4971629
уникальное	4971628
мрачно	4971627
пасуи	4971626
достопримечательности	4971625
лан	4971624
сложил	4971623
синих	4971622
осмотрюсь	4971621
прилетает	4971620
разработке	4971619
лотерея	4971618
ридли	4971617
карлсон	4971616
чеком	4971615
карие	4971614
самка	4971613
собою	4971612
осведомлены	4971611
чертиков	4971610
хаузер	4971609
флаги	4971608
продолжат	4971607
турок	4971606
предавать	4971605
аэродром	4971604
шведскии	4971603
священнои	4971602
общественная	4971601
контеинеры	4971600
завидовал	4971599
вспоминаи	4971598
кристоф	4971597
улыбнитесь	4971596
темным	4971595
нынешнеи	4971594
сверхурочные	4971593
эгоистка	4971592
матрос	4971591
планами	4971590
улеи	4971589
прижал	4971588
наложили	4971587
грэма	4971586
мартышка	4971585
кокса	4971584
чьим	4971583
подрядчик	4971582
боксер	4971581
сердечко	4971580
аилс	4971579
оплатила	4971578
полюблю	4971577
осуждения	4971576
бросилась	4971575
пособия	4971574
рассматривал	4971573
благодати	4971572
криком	4971571
мобильника	4971570
попрактиковаться	4971569
мессу	4971568
медуза	4971567
указала	4971566
прибывают	4971565
боясь	4971564
вдохновил	4971563
научите	4971562
интерпола	4971561
процессы	4971560
столетии	4971559
решается	4971558
пропавшая	4971557
беседовали	4971556
усиливается	4971555
подумав	4971554
социальную	4971553
ценил	4971552
дополнительно	4971551
дотти	4971550
глотаи	4971549
достоиные	4971548
аманде	4971547
пасты	4971546
олбани	4971545
вранья	4971544
громкая	4971543
гражданским	4971542
фашист	4971541
сигар	4971540
горел	4971539
состо	4971538
уинни	4971537
офисы	4971536
летающие	4971535
доступно	4971534
переживали	4971533
погрузиться	4971532
сосисок	4971531
отпечаткам	4971530
цент	4971529
элси	4971528
прикроем	4971527
преждевременно	4971526
заработаем	4971525
жидкии	4971524
отправляла	4971523
амстердаме	4971522
фальконе	4971521
miss	4971520
похожую	4971519
скутер	4971518
совершенное	4971517
рина	4971516
травмои	4971515
усмотрение	4971514
договорить	4971513
приказывает	4971512
арестуи	4971511
удочерили	4971510
глотка	4971509
херб	4971508
крыльях	4971507
надрали	4971506
благотворительном	4971505
авиакомпании	4971504
обратная	4971503
сердечных	4971502
совместную	4971501
mне	4971500
некие	4971499
открытием	4971498
негодяя	4971497
санчез	4971496
волком	4971495
декстера	4971494
конкуренция	4971493
разбиты	4971492
марвина	4971491
кусается	4971490
упускаешь	4971489
забавнои	4971488
салага	4971487
шумит	4971486
пожелаю	4971485
сочетании	4971484
превосходит	4971483
предоставит	4971482
мoжет	4971481
безрассудно	4971480
годятся	4971479
неожиданности	4971478
вен	4971477
отремонтировать	4971476
жилои	4971475
сумела	4971474
собачьим	4971473
подцепила	4971472
католики	4971471
справочник	4971470
лондонскии	4971469
радуга	4971468
полость	4971467
дотронулся	4971466
бабочку	4971465
лопнет	4971464
мозес	4971463
погружение	4971462
волшебства	4971461
пробую	4971460
мушке	4971459
позировать	4971458
воспользуется	4971457
каналам	4971456
франка	4971455
режет	4971454
холланд	4971453
порви	4971452
теплои	4971451
вынесла	4971450
одноклассников	4971449
большинством	4971448
маили	4971447
выполняли	4971446
карету	4971445
фхрэ	4971444
банковского	4971443
беднягу	4971442
посвятила	4971441
смски	4971440
препятствовать	4971439
записалась	4971438
сера	4971437
артуро	4971436
алистер	4971435
лишила	4971434
хена	4971433
вырвался	4971432
стекле	4971431
образно	4971430
дилера	4971429
уничтожьте	4971428
усыновления	4971427
проигравшии	4971426
восхитительная	4971425
трахаются	4971424
слоем	4971423
полоски	4971422
оправдан	4971421
шлюхами	4971420
восприняла	4971419
моду	4971418
мучении	4971417
намерением	4971416
карусель	4971415
целостность	4971414
скелеты	4971413
одинокого	4971412
разозлило	4971411
мерзавца	4971410
забита	4971409
ощупь	4971408
посмели	4971407
ранила	4971406
забастовку	4971405
хеизел	4971404
глэдис	4971403
беспилотник	4971402
электроники	4971401
извинишься	4971400
колись	4971399
удобная	4971398
ноутбуке	4971397
пожертвовали	4971396
нежнее	4971395
разработку	4971394
погладить	4971393
прививки	4971392
поговаривают	4971391
портленд	4971390
подстрелить	4971389
конкурировать	4971388
сдаю	4971387
wrong	4971386
ьэ	4971385
устроишь	4971384
проводе	4971383
грандиозно	4971382
тым	4971381
грабил	4971380
республике	4971379
обманщица	4971378
ультра	4971377
видами	4971376
навигатор	4971375
подождут	4971374
еко	4971373
рыбныи	4971372
кристину	4971371
плюсом	4971370
алиша	4971369
гнался	4971368
эмоциональное	4971367
сажают	4971366
fuck	4971365
cd	4971364
шикарные	4971363
опознания	4971362
сантиметра	4971361
студентам	4971360
громкость	4971359
воротник	4971358
спирт	4971357
джинсах	4971356
ковры	4971355
внимании	4971354
драконом	4971353
постер	4971352
опасностеи	4971351
взрывчаткои	4971350
дамами	4971349
паинькои	4971348
кельвин	4971347
свиток	4971346
анализировать	4971345
патер	4971344
контексте	4971343
бумагам	4971342
подходили	4971341
ресторанчик	4971340
венец	4971339
сохранились	4971338
ключевое	4971337
мука	4971336
дружбои	4971335
присылать	4971334
станьте	4971333
вынесет	4971332
природныи	4971331
бетон	4971330
трезво	4971329
булочку	4971328
коммунистов	4971327
остыл	4971326
одолжишь	4971325
маркер	4971324
сборник	4971323
помешана	4971322
обещают	4971321
тунцом	4971320
удаления	4971319
сожрал	4971318
щии	4971317
голубым	4971316
грубить	4971315
ультиматум	4971314
стирку	4971313
налички	4971312
покинете	4971311
когуре	4971310
leave	4971309
уравнение	4971308
лол	4971307
поиску	4971306
серого	4971305
наследница	4971304
выписывать	4971303
коснулась	4971302
феисбук	4971301
маячок	4971300
ожогов	4971299
квадрате	4971298
брика	4971297
переполох	4971296
заберете	4971295
мхл	4971294
правами	4971293
тесть	4971292
невыносим	4971291
портера	4971290
подкинуть	4971289
разнести	4971288
луже	4971287
кирка	4971286
розовои	4971285
грааль	4971284
мятежников	4971283
ссор	4971282
рузвельта	4971281
подчиняюсь	4971280
бедному	4971279
тиран	4971278
связывать	4971277
may	4971276
голодных	4971275
end	4971274
анкету	4971273
горючее	4971272
воскресныи	4971271
обстановки	4971270
бессилен	4971269
скрытои	4971268
будка	4971267
ами	4971266
ваис	4971265
джа	4971264
отрицаете	4971263
хармон	4971262
кури	4971261
виста	4971260
излучения	4971259
дождешься	4971258
подвиг	4971257
диснеиленд	4971256
напряженныи	4971255
мировые	4971254
трагедиеи	4971253
сложновато	4971252
спад	4971251
командующего	4971250
открылось	4971249
гомосексуалист	4971248
родственника	4971247
свифт	4971246
вымысел	4971245
трудностями	4971244
ѕез	4971243
магистра	4971242
whole	4971241
сожалением	4971240
демократов	4971239
снаиперы	4971238
оделась	4971237
холла	4971236
ии	4971235
неблагодарныи	4971234
лентои	4971233
выбираися	4971232
способным	4971231
фотографировал	4971230
обнаружите	4971229
олимпииских	4971228
смешон	4971227
обращаю	4971226
витает	4971225
наброски	4971224
эмметт	4971223
марди	4971222
элегантно	4971221
пластинка	4971220
подождали	4971219
обедаю	4971218
дымом	4971217
чеини	4971216
гады	4971215
побегать	4971214
разбирался	4971213
учтите	4971212
нарушитель	4971211
паганель	4971210
подражатель	4971209
носы	4971208
надеваю	4971207
потоп	4971206
полотенец	4971205
недельку	4971204
похищать	4971203
старикашка	4971202
поразил	4971201
рапорте	4971200
различить	4971199
обеспечил	4971198
отправки	4971197
чистых	4971196
пекло	4971195
выводить	4971194
миллионах	4971193
дуру	4971192
пляжи	4971191
катается	4971190
похвалы	4971189
предугадать	4971188
суперзвезда	4971187
читаем	4971186
компьютерами	4971185
морфина	4971184
ускорение	4971183
рыдает	4971182
виза	4971181
мешаете	4971180
обрел	4971179
несправедлива	4971178
канзасе	4971177
филипа	4971176
годзилла	4971175
оправдали	4971174
рисования	4971173
никлаус	4971172
гляжу	4971171
пересекались	4971170
летнем	4971169
переживаете	4971168
протез	4971167
глубоких	4971166
присмотрел	4971165
шнаидер	4971164
банши	4971163
ограничение	4971162
доидем	4971161
поручено	4971160
проститутками	4971159
обитает	4971158
пришельцами	4971157
реакциеи	4971156
влюбленные	4971155
слизняк	4971154
отговорки	4971153
марв	4971152
слэид	4971151
привязаны	4971150
доставке	4971149
концентрации	4971148
элаи	4971147
необычных	4971146
командую	4971145
жанет	4971144
mm	4971143
километр	4971142
пересчитать	4971141
николс	4971140
нацию	4971139
телах	4971138
послан	4971137
съемках	4971136
высовываться	4971135
стрелков	4971134
оплатили	4971133
фреия	4971132
миранды	4971131
мелкими	4971130
заехала	4971129
зачитать	4971128
палатка	4971127
исполнил	4971126
бедное	4971125
специальным	4971124
ясным	4971123
комиссаром	4971122
поднимешься	4971121
колодца	4971120
повторяите	4971119
сдаются	4971118
поимели	4971117
кончу	4971116
тод	4971115
рави	4971114
привыкну	4971113
руфь	4971112
люцифера	4971111
предположении	4971110
защищаем	4971109
допустит	4971108
куполом	4971107
помады	4971106
выберется	4971105
одинаковых	4971104
разъяснить	4971103
мячу	4971102
премьеру	4971101
сражаюсь	4971100
музыкантом	4971099
поимаете	4971098
дюрант	4971097
умное	4971096
позволяли	4971095
тормозить	4971094
харпера	4971093
дамам	4971092
пробежал	4971091
отправишь	4971090
любимец	4971089
психологические	4971088
этике	4971087
первоначально	4971086
выбран	4971085
математикои	4971084
нынешнии	4971083
таилером	4971082
ncis	4971081
отдохну	4971080
неизвестных	4971079
вращаться	4971078
swan	4971077
терпел	4971076
классных	4971075
подбирать	4971074
соберутся	4971073
могил	4971072
регистрация	4971071
засады	4971070
новенькие	4971069
принесем	4971068
разбились	4971067
овощ	4971066
шарли	4971065
врываться	4971064
бэмби	4971063
настроики	4971062
юсуф	4971061
свиданиях	4971060
посредника	4971059
ведется	4971058
публичныи	4971057
собачку	4971056
бабок	4971055
теряите	4971054
тов	4971053
помои	4971052
отказом	4971051
перебивать	4971050
травме	4971049
половые	4971048
значительные	4971047
опекуном	4971046
складывать	4971045
сдурел	4971044
пещерах	4971043
переведите	4971042
сумасшедшее	4971041
краб	4971040
отключена	4971039
царит	4971038
весенние	4971037
сферу	4971036
жемчужина	4971035
заброшенныи	4971034
страж	4971033
послом	4971032
падали	4971031
разделил	4971030
рань	4971029
саиты	4971028
записываи	4971027
недурно	4971026
обнаружим	4971025
линду	4971024
доложил	4971023
сверчок	4971022
чувствительная	4971021
приличную	4971020
жестокими	4971019
геморрои	4971018
условиями	4971017
ут	4971016
домами	4971015
невиновных	4971014
созданием	4971013
лечат	4971012
представл	4971011
откровенна	4971010
скатертью	4971009
лютера	4971008
холоде	4971007
взрывов	4971006
суи	4971005
выступлением	4971004
болт	4971003
взятые	4971002
инструментом	4971001
пророчества	4971000
руководству	4970999
ляг	4970998
объявлена	4970997
эльфы	4970996
бабник	4970995
донну	4970994
правопорядка	4970993
прогнали	4970992
хирургия	4970991
виктором	4970990
творчества	4970989
самодовольныи	4970988
растерянности	4970987
исдю	4970986
дожить	4970985
студенткои	4970984
возьмись	4970983
нашлась	4970982
нилом	4970981
обрадовался	4970980
тона	4970979
рбнъ	4970978
джеми	4970977
лимона	4970976
батюшка	4970975
медсестре	4970974
вывеску	4970973
ерт	4970972
пожарного	4970971
клоуном	4970970
гармония	4970969
обнимашки	4970968
расслабляет	4970967
сматываться	4970966
блеика	4970965
дефект	4970964
строчку	4970963
отмены	4970962
агентам	4970961
ущелье	4970960
додж	4970959
сумеем	4970958
тротуар	4970957
ношение	4970956
андерс	4970955
перевезли	4970954
задумка	4970953
несправедливости	4970952
подожгли	4970951
потрудился	4970950
взываю	4970949
хва	4970948
локк	4970947
риском	4970946
забываете	4970945
согреться	4970944
подадим	4970943
вьетнама	4970942
завершил	4970941
душить	4970940
пищеи	4970939
здоровую	4970938
вздохнуть	4970937
опробовать	4970936
горишь	4970935
закрытие	4970934
стенки	4970933
разорвала	4970932
творения	4970931
сломанныи	4970930
сдохну	4970929
возомнила	4970928
благородного	4970927
зубки	4970926
ѕослушаи	4970925
электронных	4970924
прибыло	4970923
упускаю	4970922
свистит	4970921
замешательство	4970920
утешения	4970919
ответчик	4970918
пиджака	4970917
заключалась	4970916
библиотекарь	4970915
трущоб	4970914
наденет	4970913
древнем	4970912
шлюхе	4970911
комфорт	4970910
убегала	4970909
направь	4970908
положительные	4970907
алабама	4970906
нокаут	4970905
лорои	4970904
оладьи	4970903
достоинои	4970902
дорожных	4970901
выдвинул	4970900
амбер	4970899
важному	4970898
повышает	4970897
откроются	4970896
щетка	4970895
блеяре	4970894
единое	4970893
кана	4970892
заедет	4970891
земляне	4970890
деиствию	4970889
протянул	4970888
прозвища	4970887
бриллиантами	4970886
грабили	4970885
современном	4970884
сестрица	4970883
британские	4970882
трупами	4970881
жарить	4970880
стараетесь	4970879
новичком	4970878
акулу	4970877
бесстрашныи	4970876
мэтисон	4970875
сеансов	4970874
стадию	4970873
превращаться	4970872
julias	4970871
тыковка	4970870
любовницу	4970869
нежнои	4970868
сбегает	4970867
витрине	4970866
закружилась	4970865
сенсоров	4970864
водителю	4970863
фьюри	4970862
кларксон	4970861
суждения	4970860
выключила	4970859
наполеона	4970858
шляпка	4970857
обозначает	4970856
горничную	4970855
кетрин	4970854
huh	4970853
переключатель	4970852
блант	4970851
пожелала	4970850
управляться	4970849
кредитная	4970848
крошечных	4970847
выплачивать	4970846
присутствовали	4970845
бухгалтером	4970844
ингредиент	4970843
негодник	4970842
альфонсо	4970841
стаканов	4970840
мошенничества	4970839
улыбаются	4970838
разложения	4970837
сбрось	4970836
грибок	4970835
маноло	4970834
батя	4970833
добрыми	4970832
таиным	4970831
молились	4970830
возбуждена	4970829
лав	4970828
makarova	4970827
коммуникации	4970826
одержимости	4970825
лжецы	4970824
туннеля	4970823
подозреваешь	4970822
последовательности	4970821
соучастником	4970820
удостоверюсь	4970819
питает	4970818
нападет	4970817
соображаешь	4970816
празднования	4970815
спинку	4970814
фантомас	4970813
абсолютное	4970812
галстуки	4970811
спасаи	4970810
тянул	4970809
светиться	4970808
ролью	4970807
чуваком	4970806
пикника	4970805
возненавидит	4970804
передавали	4970803
тяжкое	4970802
завершен	4970801
слушается	4970800
жопои	4970799
вошло	4970798
нанесен	4970797
создавали	4970796
традиционныи	4970795
ранняя	4970794
бис	4970793
таверне	4970792
побеждают	4970791
слышны	4970790
оспорить	4970789
дара	4970788
макияжа	4970787
вспоминает	4970786
рассчитываи	4970785
знанием	4970784
гражданское	4970783
относимся	4970782
came	4970781
потушить	4970780
согрешил	4970779
школьников	4970778
ступень	4970777
зарплатои	4970776
участи	4970775
ноябрь	4970774
приближаитесь	4970773
расслышала	4970772
юридически	4970771
съездил	4970770
автоматов	4970769
потомки	4970768
фантастическая	4970767
питерс	4970766
воспринимаю	4970765
бродвея	4970764
стивеном	4970763
праим	4970762
шелл	4970761
нехорошее	4970760
живется	4970759
охх	4970758
арчибальд	4970757
поаккуратнее	4970756
неяы	4970755
маяка	4970754
дозвонились	4970753
частями	4970752
треск	4970751
погас	4970750
альбомы	4970749
женевьева	4970748
отвели	4970747
съемку	4970746
насчитал	4970745
уимись	4970744
простуды	4970743
преднамеренно	4970742
старушки	4970741
писателеи	4970740
гипотеза	4970739
сыны	4970738
нежность	4970737
рекламные	4970736
извинениями	4970735
веир	4970734
финансовом	4970733
трансляцию	4970732
депо	4970731
приводы	4970730
нерва	4970729
выступила	4970728
лотереи	4970727
жестче	4970726
четкие	4970725
пасху	4970724
фанатом	4970723
водянои	4970722
клянется	4970721
девчушка	4970720
оценке	4970719
измени	4970718
вещица	4970717
электростанции	4970716
охренительно	4970715
троим	4970714
подходила	4970713
стрижку	4970712
исполню	4970711
запускать	4970710
заичик	4970709
увлечена	4970708
восстановится	4970707
ды	4970706
связях	4970705
задач	4970704
кастинг	4970703
привычек	4970702
анатомии	4970701
русскую	4970700
понадобишься	4970699
ринго	4970698
искренность	4970697
выдержала	4970696
поверим	4970695
шашки	4970694
попеи	4970693
порадоваться	4970692
длительного	4970691
дрожу	4970690
частичка	4970689
трико	4970688
креина	4970687
переводится	4970686
опускать	4970685
шортах	4970684
очевидныи	4970683
фредерика	4970682
доверили	4970681
материнскои	4970680
пехота	4970679
пересечение	4970678
гавриил	4970677
судимости	4970676
лишены	4970675
машинке	4970674
сисси	4970673
перевернулся	4970672
находилось	4970671
маира	4970670
заявки	4970669
запрета	4970668
сирии	4970667
соображении	4970666
отменять	4970665
доводить	4970664
дрожать	4970663
крещение	4970662
гномов	4970661
снаряд	4970660
автором	4970659
чужая	4970658
oи	4970657
уставилась	4970656
бомж	4970655
разгуливать	4970654
арк	4970653
императору	4970652
течения	4970651
подписывал	4970650
sky	4970649
обманываи	4970648
плиты	4970647
подтвердят	4970646
лавочку	4970645
несли	4970644
ходжес	4970643
совпали	4970642
рамона	4970641
информатором	4970640
сдерживает	4970639
грабли	4970638
ћк	4970637
чемпионы	4970636
патологоанатом	4970635
пополнить	4970634
головах	4970633
хлопоты	4970632
дедом	4970631
напечатали	4970630
малеишии	4970629
замолкни	4970628
генетическое	4970627
загадок	4970626
мерзкое	4970625
повышать	4970624
потерянных	4970623
посторонним	4970622
пригород	4970621
получен	4970620
гласс	4970619
объединение	4970618
киран	4970617
меха	4970616
трауре	4970615
офицерам	4970614
временам	4970613
ассистировать	4970612
расспрашивать	4970611
мазок	4970610
ангелочек	4970609
закусочная	4970608
фхгмэ	4970607
похудела	4970606
гекко	4970605
джулианна	4970604
допустила	4970603
джеффом	4970602
выбрасывают	4970601
рассказчик	4970600
зеин	4970599
труман	4970598
антидепрессанты	4970597
тяжких	4970596
углерода	4970595
лицам	4970594
братцы	4970593
заброшенном	4970592
повелителя	4970591
жилах	4970590
судебным	4970589
толстых	4970588
trying	4970587
уильямса	4970586
снимке	4970585
поменялось	4970584
квалификации	4970583
уничтожению	4970582
разминулись	4970581
бесполезным	4970580
реализовать	4970579
гоните	4970578
лягушку	4970577
въехали	4970576
стрип	4970575
уилер	4970574
уложила	4970573
together	4970572
рабби	4970571
цен	4970570
камерам	4970569
государством	4970568
наполнен	4970567
пристрелите	4970566
реактора	4970565
картраит	4970564
хеис	4970563
строчки	4970562
мартину	4970561
тащил	4970560
мусульманин	4970559
башкои	4970558
преследователь	4970557
воспитали	4970556
мощным	4970555
застукала	4970554
зажигания	4970553
кровавую	4970552
пневмония	4970551
потрясение	4970550
пародия	4970549
приезду	4970548
отвратительнои	4970547
каролины	4970546
джолин	4970545
встречают	4970544
пластиковые	4970543
сломалось	4970542
злыми	4970541
зарабатываете	4970540
козлов	4970539
кевину	4970538
равнои	4970537
геиба	4970536
рашид	4970535
багажника	4970534
эрекция	4970533
рино	4970532
окошко	4970531
корлеоне	4970530
боско	4970529
шепот	4970528
хлою	4970527
шариками	4970526
ньютона	4970525
колдунья	4970524
хладнокровныи	4970523
ближнии	4970522
шарлотт	4970521
уезжали	4970520
уродец	4970519
свалилось	4970518
хироши	4970517
лепестки	4970516
причинишь	4970515
исцеление	4970514
всадников	4970513
конюшне	4970512
скромность	4970511
моллюсков	4970510
спустишься	4970509
барбуха	4970508
атомов	4970507
болеи	4970506
ням	4970505
миллионером	4970504
признаитесь	4970503
ƒаи	4970502
сотовые	4970501
будке	4970500
умными	4970499
зрелости	4970498
точнои	4970497
провожать	4970496
выпечки	4970495
костныи	4970494
начос	4970493
мотивация	4970492
пошире	4970491
восстановиться	4970490
распорядок	4970489
кроликом	4970488
повеселился	4970487
бумажку	4970486
жакет	4970485
ответчика	4970484
аег	4970483
пика	4970482
комплекса	4970481
старинныи	4970480
ларк	4970479
спрашивая	4970478
мирные	4970477
повреждено	4970476
финансовым	4970475
румынии	4970474
усерднее	4970473
стрелявшего	4970472
вырвалось	4970471
рождественских	4970470
сторонники	4970469
преступныи	4970468
восстановил	4970467
напряженная	4970466
цветка	4970465
нападали	4970464
купились	4970463
процедур	4970462
туалетную	4970461
эстебан	4970460
расспросить	4970459
кузены	4970458
испытанием	4970457
посходили	4970456
задержания	4970455
британским	4970454
рисом	4970453
меисона	4970452
ne	4970451
легавыи	4970450
гид	4970449
последовали	4970448
случались	4970447
вторглись	4970446
святится	4970445
подаришь	4970444
лени	4970443
индеикои	4970442
проверено	4970441
идиотская	4970440
отличием	4970439
беионсе	4970438
оркестре	4970437
протестовать	4970436
сочинять	4970435
сиротои	4970434
биологические	4970433
попахивает	4970432
припомнить	4970431
торжества	4970430
понюхать	4970429
флага	4970428
резерв	4970427
догадываться	4970426
крутит	4970425
патрис	4970424
иголки	4970423
андреас	4970422
клинт	4970421
порезала	4970420
андерсона	4970419
фреизера	4970418
аки	4970417
бали	4970416
иммигрантов	4970415
таз	4970414
барбары	4970413
неделеи	4970412
пoтoм	4970411
комбинации	4970410
сокс	4970409
руководителеи	4970408
антонии	4970407
пень	4970406
саке	4970405
показались	4970404
джеем	4970403
неловкость	4970402
закричал	4970401
кристине	4970400
преподает	4970399
переводом	4970398
онни	4970397
пробудет	4970396
башир	4970395
пугаи	4970394
коленки	4970393
контрольныи	4970392
завидуют	4970391
любителя	4970390
подбери	4970389
раскроем	4970388
гуляем	4970387
стыдишься	4970386
выигрываешь	4970385
отмечаем	4970384
пробелы	4970383
массовои	4970382
болдуин	4970381
уборкои	4970380
гриле	4970379
кинозвезда	4970378
дреипер	4970377
самураи	4970376
срубить	4970375
маилза	4970374
бэтмена	4970373
научным	4970372
убившии	4970371
иоко	4970370
конек	4970369
дарят	4970368
экспедиция	4970367
sighs	4970366
бросят	4970365
вопли	4970364
связывают	4970363
выяснишь	4970362
white	4970361
опубликовали	4970360
сосунок	4970359
жесткои	4970358
квитанция	4970357
двоиника	4970356
спускался	4970355
нину	4970354
тошно	4970353
расследовал	4970352
способных	4970351
летаю	4970350
затащил	4970349
обручены	4970348
повзрослеи	4970347
использованы	4970346
подзаработать	4970345
тренеру	4970344
западное	4970343
заплакать	4970342
лану	4970341
карьер	4970340
клетках	4970339
инсулин	4970338
унаследовала	4970337
безрезультатно	4970336
забивать	4970335
фирменныи	4970334
лимоном	4970333
препарата	4970332
бедняков	4970331
коляска	4970330
возродить	4970329
сельскои	4970328
медитации	4970327
ярким	4970326
бреда	4970325
ближаишего	4970324
постаралась	4970323
зададим	4970322
бэби	4970321
определению	4970320
эгоизм	4970319
покровитель	4970318
скрытых	4970317
отдельную	4970316
сложными	4970315
les	4970314
взор	4970313
магические	4970312
внезапное	4970311
выпишут	4970310
прикроет	4970309
риггинс	4970308
сережки	4970307
подслушивать	4970306
образовании	4970305
рассчитывают	4970304
припадки	4970303
навещает	4970302
издавать	4970301
предсказание	4970300
темпами	4970299
ноутбука	4970298
огорчать	4970297
сумеешь	4970296
рассветом	4970295
вудсен	4970294
заполнен	4970293
факторов	4970292
сани	4970291
пенн	4970290
прибавку	4970289
школьница	4970288
мошенников	4970287
малец	4970286
проигрыш	4970285
выехала	4970284
поясе	4970283
суровыи	4970282
лидии	4970281
благородная	4970280
раскроет	4970279
деивис	4970278
совпало	4970277
посвящение	4970276
ишь	4970275
сменю	4970274
переведу	4970273
лапки	4970272
аннулировать	4970271
незаконного	4970270
губернатору	4970269
задержится	4970268
направлялись	4970267
молитв	4970266
реивен	4970265
включенным	4970264
засыпает	4970263
проигрываешь	4970262
караул	4970261
вилка	4970260
выдыхает	4970259
отшила	4970258
волеи	4970257
попа	4970256
инициатива	4970255
жениху	4970254
шор	4970253
коронации	4970252
склероз	4970251
солнечно	4970250
открывали	4970249
ниче	4970248
поселение	4970247
добавок	4970246
падаем	4970245
умирающего	4970244
переводчика	4970243
тель	4970242
потомство	4970241
догадываешься	4970240
кредитных	4970239
матрицу	4970238
eyes	4970237
навредила	4970236
красотку	4970235
задеиствовать	4970234
фондом	4970233
угрожаете	4970232
восприятия	4970231
служащие	4970230
заказывает	4970229
последую	4970228
заряжаи	4970227
садишься	4970226
восхождение	4970225
подглядывать	4970224
сотри	4970223
накачал	4970222
морпехов	4970221
нигер	4970220
сдержу	4970219
кораблях	4970218
чашечки	4970217
копу	4970216
тяжелыми	4970215
поправь	4970214
премьеры	4970213
увеличения	4970212
укусов	4970211
эди	4970210
рекса	4970209
выручку	4970208
эпштеин	4970207
вечернеи	4970206
требовали	4970205
ужинаю	4970204
клаида	4970203
фонде	4970202
пирамида	4970201
свалила	4970200
гудки	4970199
пощади	4970198
ячеика	4970197
инвестировать	4970196
двоюродная	4970195
заинтересовалась	4970194
перемещается	4970193
радостныи	4970192
хани	4970191
прически	4970190
обожаешь	4970189
шляпку	4970188
микс	4970187
толкал	4970186
непрерывно	4970185
низу	4970184
состояла	4970183
океаном	4970182
летающии	4970181
дженерал	4970180
рам	4970179
допрашивал	4970178
праге	4970177
прежних	4970176
обмену	4970175
прикоснулся	4970174
основательно	4970173
внушает	4970172
куры	4970171
выпивке	4970170
ришар	4970169
оболочку	4970168
пирогов	4970167
риком	4970166
спешат	4970165
увела	4970164
полетела	4970163
одинаковыи	4970162
эн	4970161
выбираете	4970160
патриком	4970159
служанки	4970158
сортире	4970157
спортзала	4970156
сгорело	4970155
happy	4970154
защищен	4970153
тысячелетия	4970152
мотивом	4970151
лаилу	4970150
душит	4970149
скучают	4970148
кормлю	4970147
небесные	4970146
осознали	4970145
привожу	4970144
мирных	4970143
мужественныи	4970142
переходишь	4970141
червоточину	4970140
crazy	4970139
ладить	4970138
пациенте	4970137
разработка	4970136
бесед	4970135
злобы	4970134
изучают	4970133
одержимыи	4970132
гадко	4970131
габриель	4970130
правильнее	4970129
судныи	4970128
построю	4970127
отложил	4970126
поменяю	4970125
греинджер	4970124
правительственныи	4970123
представится	4970122
жестким	4970121
коллин	4970120
логове	4970119
крысами	4970118
старомодно	4970117
скучаете	4970116
просыпался	4970115
перемещаться	4970114
выясняется	4970113
стукнет	4970112
воткнуть	4970111
спутником	4970110
адалинда	4970109
яиюгюкю	4970108
увез	4970107
слеитер	4970106
приемную	4970105
уладится	4970104
блядскии	4970103
восхищения	4970102
коттон	4970101
джессике	4970100
стрелои	4970099
призвал	4970098
раздать	4970097
попросят	4970096
сетку	4970095
квантовои	4970094
реинолдс	4970093
старшему	4970092
взаимодеиствие	4970091
проголосовал	4970090
порекомендовать	4970089
община	4970088
ключевых	4970087
владеете	4970086
обыграть	4970085
засекла	4970084
подкупил	4970083
поработаи	4970082
тиг	4970081
gone	4970080
скрыла	4970079
газов	4970078
воздушнои	4970077
архива	4970076
скалу	4970075
прошлому	4970074
долгами	4970073
дереком	4970072
улучшение	4970071
завелась	4970070
тампоны	4970069
приземлится	4970068
истерика	4970067
чарльстон	4970066
сумасшедшими	4970065
ссылка	4970064
выражением	4970063
танцам	4970062
прицеле	4970061
подозрительных	4970060
портреты	4970059
плеибои	4970058
касла	4970057
окружающую	4970056
гарибальди	4970055
гек	4970054
побежишь	4970053
мэделин	4970052
императрица	4970051
утрата	4970050
кранты	4970049
обладаю	4970048
политическим	4970047
пирожных	4970046
закажите	4970045
бертрам	4970044
дюран	4970043
карета	4970042
доехал	4970041
лечению	4970040
визу	4970039
поранил	4970038
крала	4970037
дышат	4970036
австрии	4970035
пугаете	4970034
притон	4970033
стом	4970032
сделанное	4970031
жаркии	4970030
пробу	4970029
скрываются	4970028
дождеи	4970027
положительная	4970026
эилин	4970025
навестим	4970024
закуска	4970023
пулевое	4970022
потенциальныи	4970021
горожан	4970020
зажигаи	4970019
мoя	4970018
закрыться	4970017
фарс	4970016
разделяют	4970015
выкопать	4970014
слугу	4970013
процедуре	4970012
адвокатам	4970011
поглощает	4970010
невероятную	4970009
автоматическии	4970008
приглашенных	4970007
обошелся	4970006
бронь	4970005
полезные	4970004
поведению	4970003
овладеть	4970002
iv	4970001
монахиня	4970000
педофил	4969999
наповал	4969998
ребер	4969997
брит	4969996
взломала	4969995
цветах	4969994
вынул	4969993
конкурент	4969992
кошмарныи	4969991
громкое	4969990
агенства	4969989
news	4969988
продюсером	4969987
божественная	4969986
картинои	4969985
инфаркта	4969984
выиграют	4969983
стабильно	4969982
квадратныи	4969981
незнакомых	4969980
мирами	4969979
tonight	4969978
напитками	4969977
напоить	4969976
деррик	4969975
защищаи	4969974
вкусным	4969973
лажа	4969972
скромная	4969971
логику	4969970
загрузка	4969969
боевым	4969968
трудных	4969967
соучастник	4969966
дельфины	4969965
карточек	4969964
комендант	4969963
стучал	4969962
эпизоде	4969961
помою	4969960
закуску	4969959
полагала	4969958
тортом	4969957
мета	4969956
дебора	4969955
выжившии	4969954
опережает	4969953
укусили	4969952
комиссионные	4969951
заразно	4969950
уу	4969949
уязвима	4969948
мук	4969947
нападением	4969946
побежит	4969945
побью	4969944
беспомощным	4969943
двигалась	4969942
ранга	4969941
роуэн	4969940
справлялась	4969939
экс	4969938
порода	4969937
замертво	4969936
комиссиеи	4969935
напряжена	4969934
гормонов	4969933
свалили	4969932
пацаном	4969931
икра	4969930
пижама	4969929
забастовки	4969928
чистом	4969927
захода	4969926
накажут	4969925
борьбои	4969924
рэдли	4969923
гриндеил	4969922
подслушала	4969921
передумаю	4969920
домогательство	4969919
бабуль	4969918
жалеет	4969917
уничтожишь	4969916
зажги	4969915
швеицарию	4969914
устанавливаю	4969913
отняла	4969912
советам	4969911
строгои	4969910
чун	4969909
выписки	4969908
мусорке	4969907
забросить	4969906
польшу	4969905
обезболивающие	4969904
унес	4969903
стулу	4969902
дизаинеры	4969901
кемп	4969900
швеицар	4969899
поверхностью	4969898
бездомные	4969897
оттолкнул	4969896
проверишь	4969895
гонг	4969894
отделяет	4969893
городским	4969892
иностранцев	4969891
рама	4969890
тумбочке	4969889
запертои	4969888
херли	4969887
доехали	4969886
оси	4969885
неизвестная	4969884
келвин	4969883
парамедики	4969882
вечернее	4969881
объявим	4969880
пакетов	4969879
сиять	4969878
визы	4969877
dream	4969876
уважаем	4969875
отличном	4969874
иммиграции	4969873
терпелив	4969872
носитель	4969871
морзе	4969870
солано	4969869
совершенныи	4969868
порекомендовал	4969867
просматриваю	4969866
пинок	4969865
hold	4969864
божественнои	4969863
разозлились	4969862
лэсси	4969861
ключевые	4969860
сексуальнее	4969859
севераид	4969858
духовного	4969857
грегсон	4969856
потепление	4969855
жаба	4969854
маркос	4969853
мудака	4969852
расплатился	4969851
груши	4969850
валиум	4969849
мудрец	4969848
шаттла	4969847
миллиграмм	4969846
гигантскои	4969845
кикто	4969844
замков	4969843
терроризма	4969842
попадали	4969841
разбужу	4969840
мази	4969839
подскажет	4969838
годовщинои	4969837
предложите	4969836
предпочитаем	4969835
охуеть	4969834
докладывает	4969833
поступала	4969832
поэму	4969831
зятя	4969830
хоу	4969829
водорода	4969828
дорожныи	4969827
рухнула	4969826
фрэнни	4969825
упрятать	4969824
юность	4969823
сеуле	4969822
сантино	4969821
попадется	4969820
ложкои	4969819
нобелевскую	4969818
заметь	4969817
испытали	4969816
наехал	4969815
шантажа	4969814
завязку	4969813
газетои	4969812
blood	4969811
любимыми	4969810
скаут	4969809
диллона	4969808
прыгаю	4969807
управляешь	4969806
миллиардер	4969805
адлер	4969804
тянут	4969803
подверглись	4969802
покрупнее	4969801
элтон	4969800
близится	4969799
заинтригован	4969798
внимательнеи	4969797
дженнои	4969796
секцию	4969795
посылаешь	4969794
замять	4969793
управляется	4969792
настала	4969791
тоннеля	4969790
напряженно	4969789
надули	4969788
регистрацию	4969787
июль	4969786
выставляет	4969785
старомодныи	4969784
создам	4969783
шикарное	4969782
повестки	4969781
дням	4969780
террасе	4969779
печальные	4969778
развитию	4969777
училище	4969776
приземлимся	4969775
исправишь	4969774
перехватил	4969773
брэнд	4969772
прыгаите	4969771
переборщил	4969770
органах	4969769
отрежь	4969768
завоевал	4969767
благородных	4969766
называемого	4969765
покатаемся	4969764
кровопролития	4969763
саимоном	4969762
культа	4969761
наказал	4969760
роскошно	4969759
гым	4969758
урну	4969757
обладал	4969756
американцами	4969755
предоставляю	4969754
рыться	4969753
декюеьэ	4969752
расцвете	4969751
прикрыли	4969750
парн	4969749
сочту	4969748
расслабился	4969747
ротик	4969746
нарушал	4969745
пригласит	4969744
гепатит	4969743
прослушать	4969742
лaднo	4969741
широкои	4969740
радуюсь	4969739
погуляем	4969738
престола	4969737
ингалятор	4969736
экзаменам	4969735
кредита	4969734
ирвин	4969733
нервничаете	4969732
eще	4969731
позволив	4969730
инвестор	4969729
агрессию	4969728
очаровательны	4969727
классическое	4969726
свидетельств	4969725
сколькими	4969724
соси	4969723
пророки	4969722
сумерки	4969721
священные	4969720
заряды	4969719
удалены	4969718
холдер	4969717
жирную	4969716
соперничество	4969715
повторное	4969714
дьявольскии	4969713
отчаянныи	4969712
минусом	4969711
орлы	4969710
дэну	4969709
итальянского	4969708
продажам	4969707
успешного	4969706
зевс	4969705
юным	4969704
твердит	4969703
откровенность	4969702
лесом	4969701
масштабе	4969700
сексуальными	4969699
насиловать	4969698
устриц	4969697
засекречено	4969696
предоставим	4969695
общественным	4969694
юнис	4969693
клаудиа	4969692
толкаите	4969691
обрезание	4969690
волнои	4969689
родинка	4969688
получило	4969687
британец	4969686
мамуль	4969685
штуками	4969684
ликвидировать	4969683
лэнди	4969682
болтаете	4969681
уаита	4969680
отряде	4969679
шлет	4969678
шону	4969677
прецедент	4969676
запущен	4969675
чемодана	4969674
состоялся	4969673
течением	4969672
привязался	4969671
коротким	4969670
хиллз	4969669
linux	4969668
пристань	4969667
объявляет	4969666
наступить	4969665
коннектикуте	4969664
написанное	4969663
струны	4969662
издеваются	4969661
танцполе	4969660
орехов	4969659
мигеля	4969658
существованию	4969657
каннинг	4969656
режиссером	4969655
обиде	4969654
наслаждения	4969653
браитон	4969652
инженеры	4969651
испарился	4969650
эвери	4969649
флиртует	4969648
резиденции	4969647
бенджамина	4969646
выполнит	4969645
секундои	4969644
кулисы	4969643
садятся	4969642
машет	4969641
леопард	4969640
свободном	4969639
исцеления	4969638
генов	4969637
задержала	4969636
гиль	4969635
бока	4969634
превращения	4969633
элементарно	4969632
перебиваи	4969631
наследству	4969630
стэнтон	4969629
принята	4969628
земных	4969627
аннет	4969626
тoже	4969625
соперничать	4969624
высокомерие	4969623
фашисты	4969622
боссов	4969621
поднимешь	4969620
романтическое	4969619
приносите	4969618
похвально	4969617
оказываю	4969616
полете	4969615
головорезов	4969614
постоянном	4969613
кубики	4969612
обязывает	4969611
купоны	4969610
разбирать	4969609
генриетта	4969608
контрабанду	4969607
выдающимся	4969606
расступитесь	4969605
хастингс	4969604
пристрелили	4969603
довела	4969602
уоррена	4969601
котят	4969600
поимаите	4969599
догнал	4969598
воспитать	4969597
долл	4969596
декн	4969595
постановку	4969594
прихватить	4969593
ящиках	4969592
ранкл	4969591
губу	4969590
научно	4969589
лореин	4969588
моцарта	4969587
стипендия	4969586
приходу	4969585
нихера	4969584
лап	4969583
моли	4969582
атлас	4969581
удрал	4969580
любовнои	4969579
ирана	4969578
сони	4969577
подадут	4969576
отделался	4969575
дышал	4969574
нажимаи	4969573
киллера	4969572
нападал	4969571
выдумывать	4969570
полюбоваться	4969569
яблони	4969568
манипулирует	4969567
классную	4969566
сомнительно	4969565
продавцы	4969564
развлекается	4969563
боем	4969562
пересадки	4969561
электронная	4969560
шерлока	4969559
скамье	4969558
неспроста	4969557
псина	4969556
смелые	4969555
обзора	4969554
присылают	4969553
крокодила	4969552
готовишься	4969551
актом	4969550
метеорит	4969549
благородные	4969548
положительно	4969547
cnn	4969546
великолепную	4969545
кору	4969544
посуда	4969543
наивнои	4969542
кусать	4969541
ярмарки	4969540
записана	4969539
сталкиваться	4969538
стандарт	4969537
жаждешь	4969536
избавление	4969535
уязвимым	4969534
проктор	4969533
жиль	4969532
вышка	4969531
видок	4969530
презервативов	4969529
сберечь	4969528
пакистане	4969527
сопротивлялась	4969526
стары	4969525
иностранцы	4969524
тоскую	4969523
свихнулась	4969522
укусы	4969521
миртл	4969520
тревожно	4969519
пролезть	4969518
нарушаешь	4969517
погубил	4969516
морриса	4969515
аргентине	4969514
геракл	4969513
уносит	4969512
болеют	4969511
нанимают	4969510
нянькои	4969509
анархии	4969508
нищии	4969507
пациентах	4969506
счетами	4969505
бакс	4969504
приидет	4969503
постичь	4969502
беспорядке	4969501
ввожу	4969500
ладите	4969499
уведомления	4969498
воинах	4969497
name	4969496
гог	4969495
приняв	4969494
соперники	4969493
сдаите	4969492
моби	4969491
иога	4969490
подготовим	4969489
пятерка	4969488
целиться	4969487
храброи	4969486
фрисби	4969485
валентаин	4969484
shmel	4969483
протяни	4969482
последовала	4969481
умничка	4969480
флиртовала	4969479
привезет	4969478
атакуем	4969477
итальянском	4969476
предпринял	4969475
демонстрацию	4969474
женя	4969473
дозор	4969472
нагрузку	4969471
веин	4969470
андо	4969469
скамеику	4969468
догоним	4969467
опра	4969466
сваливаи	4969465
плаванию	4969464
тесту	4969463
красоткои	4969462
капитала	4969461
идентификации	4969460
крепким	4969459
поправился	4969458
эгоистичная	4969457
трансплантации	4969456
аспект	4969455
доставляют	4969454
раковинои	4969453
заполучила	4969452
пли	4969451
пузырьки	4969450
называемое	4969449
противоположное	4969448
извлекли	4969447
арнольда	4969446
крепыш	4969445
встают	4969444
ћама	4969443
коз	4969442
книжного	4969441
химическое	4969440
одобрили	4969439
дешевых	4969438
упустите	4969437
догадаешься	4969436
слезу	4969435
фсб	4969434
делятся	4969433
беисбольныи	4969432
идиотские	4969431
наркотика	4969430
карстен	4969429
художественныи	4969428
кончена	4969427
химик	4969426
унитаза	4969425
внутривенно	4969424
шарлотту	4969423
каору	4969422
частица	4969421
бабка	4969420
клапана	4969419
митчелла	4969418
дряни	4969417
риггс	4969416
сохранишь	4969415
охочусь	4969414
отдельная	4969413
понравлюсь	4969412
кавалерия	4969411
отставать	4969410
багажом	4969409
кров	4969408
lost	4969407
несла	4969406
скрыли	4969405
управляли	4969404
высадил	4969403
дилаурентис	4969402
перестало	4969401
врете	4969400
помнили	4969399
противозачаточные	4969398
топаи	4969397
свернули	4969396
наете	4969395
сообщника	4969394
опросили	4969393
закричу	4969392
нэита	4969391
отклонить	4969390
рэмбо	4969389
кончаются	4969388
плавают	4969387
знамя	4969386
прикажи	4969385
крошкои	4969384
вустер	4969383
изображением	4969382
конфету	4969381
сварить	4969380
вечеров	4969379
жгут	4969378
ваня	4969377
сухо	4969376
факсу	4969375
давнии	4969374
наблюдаешь	4969373
спортивном	4969372
святому	4969371
ризотто	4969370
вчерашняя	4969369
спросив	4969368
достижении	4969367
выполнишь	4969366
вмешалась	4969365
путаешь	4969364
убюрхр	4969363
парус	4969362
мюзикла	4969361
разбоиник	4969360
од	4969359
ветчины	4969358
девичья	4969357
аббат	4969356
страдаете	4969355
киру	4969354
цепочке	4969353
прощания	4969352
поэтом	4969351
кресте	4969350
ƒжо	4969349
гинеи	4969348
бардачке	4969347
инструкцию	4969346
номерах	4969345
подобрала	4969344
вешаите	4969343
назовет	4969342
искупления	4969341
сводил	4969340
акцента	4969339
вышлю	4969338
устах	4969337
компоненты	4969336
самозванец	4969335
подготовлены	4969334
дзен	4969333
калия	4969332
посмотрят	4969331
обязанностями	4969330
отпускают	4969329
перила	4969328
шурин	4969327
киборг	4969326
векнбеи	4969325
дискриминации	4969324
божьи	4969323
положись	4969322
следователи	4969321
гарантию	4969320
нарисуи	4969319
трахну	4969318
влюбляются	4969317
официальную	4969316
прояснится	4969315
впервои	4969314
неверные	4969313
молятся	4969312
страховкои	4969311
кристинои	4969310
ищеика	4969309
многообещающе	4969308
маионез	4969307
тонкои	4969306
исследовали	4969305
капкан	4969304
дружку	4969303
учебная	4969302
мороженного	4969301
артуром	4969300
люку	4969299
встретятся	4969298
запланировали	4969297
комок	4969296
неирохирург	4969295
фух	4969294
позоришь	4969293
переставал	4969292
честных	4969291
отнеслись	4969290
отложили	4969289
обрабатывать	4969288
единорога	4969287
придумает	4969286
развлекался	4969285
блинчиков	4969284
влюбляюсь	4969283
езда	4969282
классическои	4969281
фа	4969280
чокнутои	4969279
обменялись	4969278
полцены	4969277
лад	4969276
помине	4969275
поднимут	4969274
забора	4969273
рельсы	4969272
кампаниеи	4969271
присматривала	4969270
деликатныи	4969269
армандо	4969268
сыночек	4969267
свежем	4969266
супом	4969265
хлоп	4969264
кднако	4969263
true	4969262
приложения	4969261
коллекционер	4969260
небезразличен	4969259
ползать	4969258
беспорядков	4969257
бюстгальтер	4969256
бешеная	4969255
впечатляющая	4969254
локсли	4969253
тетка	4969252
убито	4969251
доррит	4969250
участника	4969249
голубыми	4969248
лнеи	4969247
горяча	4969246
фальшивои	4969245
вспоминая	4969244
аланом	4969243
летала	4969242
брони	4969241
аз	4969240
браиант	4969239
заклинании	4969238
ночует	4969237
ебаная	4969236
доложи	4969235
острои	4969234
шуми	4969233
приступов	4969232
заведу	4969231
хьюстоне	4969230
разводом	4969229
девочках	4969228
вернутьс	4969227
огонек	4969226
разнои	4969225
окнах	4969224
срочность	4969223
огню	4969222
проголосуем	4969221
докучать	4969220
жд	4969219
пирата	4969218
переключить	4969217
англииски	4969216
продавцов	4969215
сомали	4969214
гриффина	4969213
пристав	4969212
лимонада	4969211
дурацким	4969210
лобовое	4969209
пала	4969208
dance	4969207
лодыжка	4969206
пророка	4969205
коммерческого	4969204
катание	4969203
попадаю	4969202
грэисон	4969201
трусиков	4969200
аптечка	4969199
пьянство	4969198
разрешишь	4969197
шалава	4969196
пользои	4969195
красти	4969194
пеисон	4969193
хвосты	4969192
выплат	4969191
канаву	4969190
закроет	4969189
прок	4969188
бергер	4969187
кале	4969186
выберете	4969185
японских	4969184
смятении	4969183
ячеике	4969182
завелся	4969181
убоиныи	4969180
хулиганов	4969179
долбаная	4969178
евреиская	4969177
сталкиваются	4969176
возглавлял	4969175
вооруженныи	4969174
бoльшe	4969173
являться	4969172
намеки	4969171
общине	4969170
потерянные	4969169
скрудж	4969168
бумажную	4969167
левым	4969166
откопал	4969165
заканчиваешь	4969164
свидетельские	4969163
холмов	4969162
бабах	4969161
дули	4969160
хищников	4969159
экстреннои	4969158
сладкую	4969157
воняют	4969156
сиднеи	4969155
внушить	4969154
выпали	4969153
жарковато	4969152
покрышки	4969151
налогами	4969150
тыквы	4969149
затянуться	4969148
кредитов	4969147
автомате	4969146
начисто	4969145
спенсера	4969144
барнои	4969143
уилкс	4969142
хатч	4969141
open	4969140
заидете	4969139
чищу	4969138
oб	4969137
пижамы	4969136
вызволить	4969135
договариваться	4969134
свадебных	4969133
оказывают	4969132
таинственная	4969131
прочистить	4969130
шпионишь	4969129
оформление	4969128
цветочныи	4969127
пробили	4969126
ваит	4969125
шкафы	4969124
кадром	4969123
пьера	4969122
каролине	4969121
решетки	4969120
прогулке	4969119
поразительное	4969118
греисонов	4969117
контролируем	4969116
ћюси	4969115
приемные	4969114
спортсменов	4969113
невежество	4969112
годен	4969111
твердил	4969110
kill	4969109
длины	4969108
дельгадо	4969107
приемных	4969106
касался	4969105
прогнала	4969104
добывать	4969103
шоколадного	4969102
уличнои	4969101
лестно	4969100
энергетические	4969099
меняли	4969098
проигрываю	4969097
несладко	4969096
евреискои	4969095
маргариту	4969094
плывет	4969093
блестит	4969092
васкез	4969091
лифты	4969090
фазу	4969089
рассматривали	4969088
изоляция	4969087
тошноту	4969086
везли	4969085
мусульман	4969084
метки	4969083
посрать	4969082
помоике	4969081
похоть	4969080
коньки	4969079
судьбами	4969078
потусить	4969077
гражданство	4969076
хат	4969075
ложную	4969074
изменяю	4969073
приобрела	4969072
швырнул	4969071
арестовываю	4969070
кинотеатра	4969069
правоту	4969068
стоянка	4969067
превратно	4969066
президентов	4969065
неисправность	4969064
профессионалов	4969063
размышляю	4969062
адрианна	4969061
исключать	4969060
ашкх	4969059
талоны	4969058
исследованием	4969057
катарина	4969056
званыи	4969055
налицо	4969054
защитников	4969053
добрую	4969052
робертсон	4969051
агрессия	4969050
джери	4969049
анджелес	4969048
пугаися	4969047
стремимся	4969046
образованныи	4969045
лишать	4969044
лоре	4969043
удовлетворен	4969042
джуда	4969041
табло	4969040
гила	4969039
бепмн	4969038
коварныи	4969037
напрочь	4969036
вставал	4969035
неловкая	4969034
верхушка	4969033
артиллерия	4969032
застрели	4969031
безнаказанным	4969030
ребекке	4969029
поставку	4969028
плясать	4969027
келлера	4969026
оденешь	4969025
предполагают	4969024
конюшни	4969023
закопали	4969022
эффективности	4969021
свиные	4969020
таинственного	4969019
чхи	4969018
роты	4969017
древо	4969016
различии	4969015
дурацком	4969014
улитка	4969013
удиви	4969012
ковбоев	4969011
буди	4969010
определенная	4969009
пункту	4969008
поделилась	4969007
висконсин	4969006
отослали	4969005
выполняем	4969004
филадельфия	4969003
поторапливаитесь	4969002
софию	4969001
city	4969000
массачусетс	4968999
вытирать	4968998
наберу	4968997
таира	4968996
раненые	4968995
сочтены	4968994
отслеживает	4968993
вплотную	4968992
избавил	4968991
пообещаите	4968990
боковои	4968989
бекер	4968988
заело	4968987
деду	4968986
жирдяи	4968985
стероидов	4968984
автомобильная	4968983
сно	4968982
сбавь	4968981
элемента	4968980
умело	4968979
минг	4968978
ублюдку	4968977
пробежки	4968976
освобождает	4968975
кожаные	4968974
известными	4968973
прыжка	4968972
химиотерапию	4968971
понравишься	4968970
двд	4968969
определенном	4968968
успешных	4968967
расколоть	4968966
лью	4968965
террористом	4968964
барнса	4968963
полового	4968962
немногое	4968961
опиум	4968960
луки	4968959
стричь	4968958
ярлык	4968957
реисе	4968956
блонди	4968955
мусульмане	4968954
филипс	4968953
риторическии	4968952
кучки	4968951
предъявят	4968950
разумного	4968949
раин	4968948
встреться	4968947
притворилась	4968946
выслали	4968945
облегчит	4968944
давняя	4968943
оставило	4968942
доминион	4968941
getting	4968940
предполагаешь	4968939
значимость	4968938
нищете	4968937
интрижку	4968936
вылазь	4968935
рисовала	4968934
сжигает	4968933
макналти	4968932
сарасэн	4968931
распродажу	4968930
уиллоу	4968929
пьяного	4968928
десятилетии	4968927
лотти	4968926
флиртовал	4968925
достают	4968924
арно	4968923
another	4968922
вечерних	4968921
встретят	4968920
незаконнои	4968919
лицемерие	4968918
рассказав	4968917
alone	4968916
заявлять	4968915
дуться	4968914
сафари	4968913
трещит	4968912
поимку	4968911
сопроводить	4968910
тани	4968909
стержень	4968908
старец	4968907
скал	4968906
рассмотрели	4968905
дравствуите	4968904
подростками	4968903
роад	4968902
польша	4968901
обрадовалась	4968900
различать	4968899
сообщали	4968898
согласии	4968897
жана	4968896
гада	4968895
else	4968894
hello	4968893
курьером	4968892
желаниями	4968891
дени	4968890
спокоиное	4968889
бросала	4968888
росту	4968887
купером	4968886
выбыл	4968885
выгонять	4968884
показе	4968883
секты	4968882
присядешь	4968881
делла	4968880
яюм	4968879
пообещаешь	4968878
брандо	4968877
мг	4968876
спасаем	4968875
рнвмн	4968874
спусковои	4968873
кляин	4968872
уста	4968871
осматривал	4968870
выбежала	4968869
городскую	4968868
слабаки	4968867
френч	4968866
злы	4968865
ушибы	4968864
luybava	4968863
тупицы	4968862
сравнил	4968861
жульничество	4968860
поздоровится	4968859
иоанн	4968858
расстроила	4968857
клары	4968856
радиостанции	4968855
рожала	4968854
tv	4968853
властелин	4968852
вытереть	4968851
тошнить	4968850
норри	4968849
вносить	4968848
вынудила	4968847
протестировать	4968846
реигана	4968845
гомера	4968844
развиваются	4968843
сделанная	4968842
инвалиднои	4968841
lt	4968840
копыта	4968839
стирает	4968838
концепцию	4968837
коллегии	4968836
дьюк	4968835
покидали	4968834
обновление	4968833
смертельное	4968832
бесподобно	4968831
помидор	4968830
вылечит	4968829
деиствительность	4968828
деловых	4968827
олсен	4968826
матку	4968825
хищники	4968824
моральных	4968823
банковскои	4968822
шпионаж	4968821
альянса	4968820
дебют	4968819
доедем	4968818
усов	4968817
арахисовым	4968816
проходя	4968815
правильных	4968814
восхитительны	4968813
мамаши	4968812
усмотрению	4968811
плотник	4968810
беисбола	4968809
входили	4968808
отклонил	4968807
мышонок	4968806
обговорить	4968805
разногласии	4968804
окружена	4968803
обещаем	4968802
ола	4968801
могилои	4968800
цивилизацию	4968799
упущу	4968798
отличия	4968797
разоидись	4968796
бедре	4968795
свинины	4968794
сложилась	4968793
свидетельница	4968792
посторонись	4968791
фирм	4968790
ролеи	4968789
представишь	4968788
пляжныи	4968787
чулок	4968786
спектр	4968785
аисберга	4968784
попробуют	4968783
саудовскои	4968782
ангелами	4968781
спорил	4968780
оперативников	4968779
рывок	4968778
мэриленд	4968777
try	4968776
влиятельные	4968775
коллинза	4968774
транспортнои	4968773
лилии	4968772
навык	4968771
прирожденныи	4968770
возмездия	4968769
подвезли	4968768
интерфеис	4968767
макгарретт	4968766
золотце	4968765
колбаса	4968764
строительстве	4968763
шепарда	4968762
заговорю	4968761
рыбака	4968760
сноб	4968759
просвети	4968758
джессикои	4968757
успокои	4968756
хаммер	4968755
предоставила	4968754
палуба	4968753
дарвина	4968752
серебряные	4968751
альтернативы	4968750
дыхании	4968749
празднуют	4968748
забиты	4968747
позволяем	4968746
неуверенность	4968745
перстень	4968744
данбар	4968743
бросаете	4968742
воскрешение	4968741
взрослеть	4968740
музыкальную	4968739
сирен	4968738
лидс	4968737
знаменитостью	4968736
таракан	4968735
каттер	4968734
незаконные	4968733
выбрасывает	4968732
станок	4968731
окружному	4968730
здоровенныи	4968729
выкарабкается	4968728
узор	4968727
простили	4968726
стареет	4968725
готовыми	4968724
питу	4968723
дорогам	4968722
развяжите	4968721
подвергся	4968720
выдающихся	4968719
джерард	4968718
огнестрельного	4968717
титьки	4968716
салфетка	4968715
смертельные	4968714
реин	4968713
ушко	4968712
горечь	4968711
целуешься	4968710
da	4968709
пронести	4968708
палочек	4968707
пинать	4968706
яксвхкняэ	4968705
красавчика	4968704
признаны	4968703
домогательства	4968702
бэикер	4968701
великан	4968700
лежите	4968699
отношением	4968698
воздушное	4968697
оплошность	4968696
сильви	4968695
жжет	4968694
холодна	4968693
изменюсь	4968692
пробежаться	4968691
ручья	4968690
путешествовала	4968689
электронное	4968688
наставил	4968687
темнее	4968686
пентагона	4968685
заезд	4968684
мэры	4968683
поспешно	4968682
груп	4968681
палочке	4968680
сингл	4968679
дэимона	4968678
постарается	4968677
братва	4968676
пальчик	4968675
сплошь	4968674
расстрелять	4968673
нахал	4968672
убедительным	4968671
палочкои	4968670
поддался	4968669
паутину	4968668
психологическая	4968667
робинс	4968666
хенним	4968665
огурцы	4968664
малеишеи	4968663
архивы	4968662
безжалостно	4968661
потеряннои	4968660
раиону	4968659
прикроешь	4968658
изменяют	4968657
предъявлено	4968656
зависим	4968655
кеидж	4968654
помехои	4968653
опеке	4968652
деть	4968651
продукции	4968650
подтолкнул	4968649
освещения	4968648
отвечаем	4968647
календаре	4968646
магическое	4968645
голубка	4968644
акте	4968643
уровню	4968642
грэнтэм	4968641
архивах	4968640
акцию	4968639
хижины	4968638
посмотрев	4968637
саттер	4968636
дождемся	4968635
наилучшии	4968634
указан	4968633
полюбят	4968632
незначительные	4968631
подписью	4968630
цыплята	4968629
разочек	4968628
трусиха	4968627
отправляетесь	4968626
применением	4968625
ipad	4968624
поправилась	4968623
захватывающее	4968622
talking	4968621
прослушивании	4968620
шумиха	4968619
записываешь	4968618
нат	4968617
ibm	4968616
употребление	4968615
пpивeт	4968614
ритме	4968613
осознавал	4968612
физик	4968611
пистолетов	4968610
сета	4968609
деталям	4968608
искренним	4968607
бываи	4968606
воздеиствию	4968605
форте	4968604
каталась	4968603
проветриться	4968602
метти	4968601
пункте	4968600
позднеи	4968599
демэцх	4968598
артаньян	4968597
мечети	4968596
трав	4968595
восхитительные	4968594
основои	4968593
схватке	4968592
ступить	4968591
поднимаешь	4968590
щипцы	4968589
надевала	4968588
написание	4968587
определит	4968586
мариса	4968585
рабочими	4968584
взвода	4968583
пастух	4968582
выкину	4968581
приборов	4968580
мыслишь	4968579
настроил	4968578
злую	4968577
технологиями	4968576
известную	4968575
террора	4968574
кузинои	4968573
наборе	4968572
терапевта	4968571
местному	4968570
вовнутрь	4968569
ограждение	4968568
колдер	4968567
вовлечена	4968566
списках	4968565
мoжнo	4968564
зафиксировать	4968563
сорвали	4968562
сопровождении	4968561
чуднои	4968560
управл	4968559
серебряная	4968558
куб	4968557
фаиле	4968556
федеральная	4968555
оптимист	4968554
положению	4968553
отстаивать	4968552
говядины	4968551
супругу	4968550
посетила	4968549
худшеи	4968548
напитка	4968547
направила	4968546
записью	4968545
translation	4968544
while	4968543
развелся	4968542
пристанище	4968541
мэннинг	4968540
поджелудочнои	4968539
пятнадцати	4968538
унесли	4968537
джини	4968536
посоветовали	4968535
храбрец	4968534
временным	4968533
гуляют	4968532
короне	4968531
младенцы	4968530
скульптуры	4968529
сранои	4968528
газировка	4968527
внезапная	4968526
гребанныи	4968525
поручению	4968524
гребаную	4968523
принципу	4968522
танцевальныи	4968521
сальто	4968520
назначать	4968519
даиан	4968518
теила	4968517
хили	4968516
бросаем	4968515
построила	4968514
прокол	4968513
пиратом	4968512
органами	4968511
выидя	4968510
названии	4968509
филдс	4968508
ускользнул	4968507
белло	4968506
гинеколог	4968505
сучек	4968504
микаэла	4968503
божественное	4968502
прижали	4968501
предложат	4968500
чиновник	4968499
лорин	4968498
преступлению	4968497
повесьте	4968496
экспедицию	4968495
барабанщик	4968494
викодин	4968493
замечено	4968492
неет	4968491
блефуешь	4968490
петицию	4968489
скрипку	4968488
медленная	4968487
дулом	4968486
астмы	4968485
истца	4968484
гуляи	4968483
аватара	4968482
неизвестен	4968481
конфетами	4968480
выросло	4968479
тревиса	4968478
благородство	4968477
уединения	4968476
клюшку	4968475
кадеюсь	4968474
зимнии	4968473
финансировать	4968472
батальона	4968471
торговлеи	4968470
вмешивать	4968469
поставка	4968468
рекорды	4968467
несем	4968466
донне	4968465
штанами	4968464
замужество	4968463
довод	4968462
доказательствами	4968461
поворачиваися	4968460
ничтожныи	4968459
сбита	4968458
научную	4968457
нно	4968456
повеситься	4968455
нахождения	4968454
смехотворно	4968453
брокер	4968452
te	4968451
нинои	4968450
ара	4968449
мусорные	4968448
реконструкцию	4968447
орет	4968446
буффало	4968445
гарриет	4968444
сломанная	4968443
подпишем	4968442
бьl	4968441
дарья	4968440
работами	4968439
шокировать	4968438
дэиви	4968437
наливаи	4968436
като	4968435
тер	4968434
значительныи	4968433
гениев	4968432
материалом	4968431
давишь	4968430
уличная	4968429
монсеньор	4968428
спаркс	4968427
совершенная	4968426
одина	4968425
постановки	4968424
врезались	4968423
произношу	4968422
пробыть	4968421
музыкальных	4968420
реисы	4968419
одеваи	4968418
обменяться	4968417
титаник	4968416
york	4968415
аудио	4968414
уведомить	4968413
обвиняетесь	4968412
припарковаться	4968411
нужда	4968410
естественных	4968409
соблюдаите	4968408
приглядываи	4968407
рубашек	4968406
porsche	4968405
сканеры	4968404
синдикат	4968403
пробила	4968402
ягненка	4968401
менно	4968400
интересам	4968399
исполнял	4968398
таити	4968397
глубин	4968396
талли	4968395
опрометчиво	4968394
уолкера	4968393
мудаки	4968392
просты	4968391
фэири	4968390
уходя	4968389
изображал	4968388
хоровои	4968387
привозят	4968386
висела	4968385
благотворительнои	4968384
голограмма	4968383
пирогом	4968382
отключается	4968381
карлито	4968380
пентхаус	4968379
здоровое	4968378
кома	4968377
чипа	4968376
перекрестныи	4968375
прыгают	4968374
притяжения	4968373
пострадают	4968372
подловил	4968371
потратим	4968370
ссадины	4968369
финансами	4968368
одре	4968367
раскопать	4968366
пале	4968365
вечного	4968364
невинно	4968363
насильников	4968362
дерьмовое	4968361
плазмы	4968360
деятельностью	4968359
вдоволь	4968358
леннокс	4968357
галактик	4968356
жрец	4968355
опхбер	4968354
завтраки	4968353
горда	4968352
падди	4968351
рубить	4968350
кончиться	4968349
скопировать	4968348
обстоятельствам	4968347
буфете	4968346
полов	4968345
шутили	4968344
линч	4968343
иоанна	4968342
фазе	4968341
введение	4968340
охотои	4968339
джиму	4968338
штучку	4968337
приезжаешь	4968336
обеспечу	4968335
приметы	4968334
терпи	4968333
совершу	4968332
эмоционального	4968331
полезу	4968330
уколов	4968329
изумительная	4968328
программное	4968327
любезна	4968326
тину	4968325
нулю	4968324
пузыри	4968323
клал	4968322
водопровод	4968321
касс	4968320
цепляться	4968319
добродетели	4968318
рыдал	4968317
капает	4968316
итальянскои	4968315
кошелька	4968314
потомков	4968313
резких	4968312
мудрое	4968311
закрывал	4968310
запрещается	4968309
упустим	4968308
мону	4968307
абрахам	4968306
митинг	4968305
внутреннем	4968304
назначим	4968303
nice	4968302
нутром	4968301
повесим	4968300
балета	4968299
иака	4968298
довер	4968297
took	4968296
безоговорочно	4968295
розовых	4968294
совы	4968293
изолятор	4968292
умножить	4968291
гематома	4968290
проехаться	4968289
оплатит	4968288
аризоны	4968287
соответствие	4968286
нан	4968285
банкрот	4968284
питаются	4968283
индекс	4968282
клип	4968281
выбили	4968280
оливки	4968279
лысого	4968278
пробок	4968277
доки	4968276
поместите	4968275
играться	4968274
комптон	4968273
выключили	4968272
wasn	4968271
покидаешь	4968270
разорвали	4968269
копался	4968268
иерусалима	4968267
свонсон	4968266
обочину	4968265
сообщников	4968264
венеры	4968263
склонна	4968262
диктофон	4968261
безумную	4968260
выиграете	4968259
лаит	4968258
философию	4968257
стандартные	4968256
отстали	4968255
нравимся	4968254
проституциеи	4968253
тщеславие	4968252
уговорили	4968251
прогуляися	4968250
мамину	4968249
ислам	4968248
уступки	4968247
варенье	4968246
раздражают	4968245
повлияла	4968244
кисть	4968243
изысканныи	4968242
онпъдие	4968241
хаитс	4968240
напрягаися	4968239
признаите	4968238
круза	4968237
павла	4968236
лазеику	4968235
труднои	4968234
упрям	4968233
золоте	4968232
застрелишь	4968231
физкультуры	4968230
народе	4968229
южнее	4968228
соглашается	4968227
расстроиством	4968226
итальянские	4968225
взрывнои	4968224
заблокировали	4968223
фальшивую	4968222
google	4968221
входную	4968220
пек	4968219
победят	4968218
горевать	4968217
мауи	4968216
наказывают	4968215
ћюди	4968214
загляните	4968213
костюмом	4968212
дружит	4968211
нападавшии	4968210
ганн	4968209
касса	4968208
терпеливо	4968207
иозеф	4968206
демонстрировать	4968205
сфокусируися	4968204
тряпкои	4968203
запечатлеть	4968202
региональных	4968201
free	4968200
отдаете	4968199
психопата	4968198
взоидет	4968197
притом	4968196
нижнюю	4968195
отведем	4968194
всплывает	4968193
денусь	4968192
старуху	4968191
кети	4968190
молочные	4968189
связываися	4968188
подписания	4968187
носим	4968186
траекторию	4968185
будки	4968184
практикои	4968183
спела	4968182
подозревается	4968181
бродяг	4968180
жертвоприношение	4968179
физическую	4968178
монте	4968177
разводиться	4968176
маскировки	4968175
бобо	4968174
веселишься	4968173
диеты	4968172
олимпииские	4968171
рыбалке	4968170
порежу	4968169
прислугои	4968168
превосходное	4968167
шугар	4968166
кровавое	4968165
похоронят	4968164
нагрузки	4968163
колесом	4968162
рассчитываем	4968161
фаилах	4968160
тамми	4968159
рэмси	4968158
командиру	4968157
уродство	4968156
зеленую	4968155
дамскую	4968154
хранении	4968153
освободилась	4968152
придетс	4968151
дерьмовои	4968150
екатерина	4968149
представителями	4968148
madder	4968147
тампон	4968146
выпускники	4968145
имеющии	4968144
ограблением	4968143
конституцию	4968142
свинца	4968141
des	4968140
гномы	4968139
лира	4968138
плаще	4968137
тужиться	4968136
сбились	4968135
переживем	4968134
уоллеса	4968133
соул	4968132
причала	4968131
сибирь	4968130
въехать	4968129
усек	4968128
одеваются	4968127
бас	4968126
moi	4968125
испорчена	4968124
aa	4968123
кошельке	4968122
кливленда	4968121
дальнем	4968120
нотации	4968119
невероятна	4968118
чepт	4968117
нэт	4968116
навряд	4968115
похоронное	4968114
подавала	4968113
халк	4968112
боев	4968111
понятное	4968110
химических	4968109
подключен	4968108
начальников	4968107
угрожая	4968106
вычислили	4968105
днлни	4968104
кип	4968103
неизбежное	4968102
торп	4968101
риты	4968100
строга	4968099
глядеть	4968098
соглашении	4968097
уолтерс	4968096
объявят	4968095
фрэдди	4968094
волнении	4968093
турбо	4968092
вышки	4968091
уксус	4968090
стюардесса	4968089
употребления	4968088
жизненных	4968087
напряжен	4968086
молишься	4968085
ведьмами	4968084
построены	4968083
вживую	4968082
портфолио	4968081
восточное	4968080
принципами	4968079
сотру	4968078
микробов	4968077
посвящена	4968076
папинои	4968075
свинец	4968074
негры	4968073
крису	4968072
истинным	4968071
мoжeт	4968070
супермена	4968069
дикки	4968068
гудит	4968067
разведданные	4968066
вегетарианец	4968065
просматривала	4968064
христианскои	4968063
матушки	4968062
вечерами	4968061
пат	4968060
нехорошии	4968059
выделил	4968058
минимуму	4968057
отхода	4968056
уничтожают	4968055
взглядами	4968054
ћј	4968053
помилование	4968052
соблазнил	4968051
применил	4968050
пропадать	4968049
перерезали	4968048
лишает	4968047
чезаре	4968046
роскошная	4968045
познал	4968044
обходит	4968043
прервала	4968042
оплатои	4968041
пришлет	4968040
издает	4968039
прихоти	4968038
вермонт	4968037
ребрышки	4968036
рядового	4968035
кончаите	4968034
волосатыи	4968033
затеяла	4968032
телки	4968031
разрушаешь	4968030
моральнои	4968029
подождете	4968028
беременную	4968027
прикольная	4968026
листе	4968025
сложите	4968024
винченцо	4968023
удалила	4968022
бульон	4968021
открывала	4968020
клюв	4968019
собеседовании	4968018
прибавить	4968017
приданое	4968016
коробочку	4968015
евангелие	4968014
дешевое	4968013
улыбаетесь	4968012
сведениям	4968011
бриз	4968010
кубик	4968009
связывались	4968008
яркои	4968007
конечная	4968006
шрамов	4968005
невилл	4968004
пингвины	4968003
нанесены	4968002
официантом	4968001
выручил	4968000
полученных	4967999
растил	4967998
седле	4967997
прелестное	4967996
воисками	4967995
граимс	4967994
isn	4967993
лом	4967992
марлон	4967991
свадьбах	4967990
паршивец	4967989
сказывается	4967988
ругаются	4967987
банкомат	4967986
центральную	4967985
мадриде	4967984
раскрои	4967983
страшен	4967982
резни	4967981
сдержаться	4967980
исследованиям	4967979
поблагодари	4967978
радаре	4967977
донахью	4967976
гена	4967975
миллиметров	4967974
метку	4967973
химикатов	4967972
торчу	4967971
телохранителя	4967970
конструкции	4967969
пиццерии	4967968
смитти	4967967
джинн	4967966
гастроли	4967965
давние	4967964
местью	4967963
участков	4967962
песнями	4967961
брифинг	4967960
лужу	4967959
разряда	4967958
проезжали	4967957
одеваитесь	4967956
ледяная	4967955
прежнее	4967954
просветить	4967953
gooffi	4967952
жижи	4967951
заинтересовались	4967950
утопил	4967949
правителя	4967948
вламываться	4967947
чиновники	4967946
косячок	4967945
suis	4967944
прилететь	4967943
вакансии	4967942
крича	4967941
удивляешься	4967940
развеселить	4967939
поменялся	4967938
злобу	4967937
кепка	4967936
агонии	4967935
затею	4967934
баров	4967933
красавиц	4967932
охотничии	4967931
guess	4967930
агрессивным	4967929
придаст	4967928
трястись	4967927
февраль	4967926
заблокированы	4967925
sheypa	4967924
броситься	4967923
ксавье	4967922
географии	4967921
исторического	4967920
неприязнь	4967919
опал	4967918
ярдах	4967917
кусочкам	4967916
сандвич	4967915
совершении	4967914
почистил	4967913
гонконга	4967912
мотивов	4967911
приходе	4967910
попадаются	4967909
извиняется	4967908
голосовые	4967907
бухгалтера	4967906
both	4967905
вдову	4967904
дверцу	4967903
днлю	4967902
уснули	4967901
восхитителен	4967900
изучая	4967899
вылечил	4967898
неладное	4967897
потерпит	4967896
неспособность	4967895
садист	4967894
сик	4967893
запомнят	4967892
палмера	4967891
наемник	4967890
сшила	4967889
хуанита	4967888
ain	4967887
playing	4967886
обнимает	4967885
отмыть	4967884
карусели	4967883
взорву	4967882
незнакомым	4967881
дэви	4967880
учите	4967879
микрофона	4967878
плантации	4967877
танцовщицеи	4967876
вставь	4967875
дите	4967874
обучил	4967873
отлучиться	4967872
тыл	4967871
заживет	4967870
перерыве	4967869
ѕк	4967868
рек	4967867
бабули	4967866
каюты	4967865
континент	4967864
гигантского	4967863
завербовать	4967862
адамса	4967861
вешают	4967860
деревьям	4967859
дженне	4967858
спешки	4967857
кузов	4967856
american	4967855
женитьбе	4967854
альбоме	4967853
глупостью	4967852
набросилась	4967851
фентон	4967850
прокомментировать	4967849
вагнера	4967848
выводи	4967847
уикэнд	4967846
наносить	4967845
подобрался	4967844
психотерапевта	4967843
лечебницу	4967842
пастырь	4967841
уинстона	4967840
выздоровел	4967839
отложи	4967838
говориться	4967837
впечатляющии	4967836
боевую	4967835
снесло	4967834
людовик	4967833
сломанных	4967832
обречена	4967831
неитом	4967830
ланы	4967829
thanks	4967828
родительского	4967827
янбяел	4967826
беглецов	4967825
продумать	4967824
бездомного	4967823
меиси	4967822
bang	4967821
преимуществом	4967820
бессмысленнои	4967819
иностранныи	4967818
передние	4967817
налоговая	4967816
объектив	4967815
утомляет	4967814
осведомлен	4967813
распускать	4967812
студенческии	4967811
вив	4967810
зачать	4967809
рвоту	4967808
звонке	4967807
продан	4967806
обратись	4967805
нисса	4967804
гупта	4967803
твист	4967802
рекламных	4967801
пропадала	4967800
тяжкии	4967799
свидетелю	4967798
мэриан	4967797
связнои	4967796
стабильны	4967795
намека	4967794
вручил	4967793
изгнали	4967792
намекаю	4967791
малеишее	4967790
массовые	4967789
валялся	4967788
предчувствия	4967787
арену	4967786
подеиствовало	4967785
винт	4967784
засадил	4967783
вебстер	4967782
забрались	4967781
темными	4967780
расстреляли	4967779
входила	4967778
индианы	4967777
детекторе	4967776
спланировали	4967775
артуру	4967774
сандро	4967773
отстоиныи	4967772
рискуют	4967771
рубежом	4967770
пам	4967769
донаги	4967768
косметику	4967767
бумажных	4967766
левых	4967765
картинке	4967764
исус	4967763
креисер	4967762
мгновении	4967761
деток	4967760
дарнелл	4967759
предвкушении	4967758
аптечку	4967757
примирения	4967756
развернись	4967755
эффективныи	4967754
козу	4967753
забралась	4967752
квантико	4967751
кабана	4967750
went	4967749
отрицаешь	4967748
фоток	4967747
оккупации	4967746
listen	4967745
мешали	4967744
грехом	4967743
чэд	4967742
уборщика	4967741
курения	4967740
замутить	4967739
максвелл	4967738
переездом	4967737
ѕог	4967736
гага	4967735
придумываю	4967734
генераторы	4967733
необыкновенно	4967732
green	4967731
ангар	4967730
превращают	4967729
заключена	4967728
пустит	4967727
жалкого	4967726
бурно	4967725
орудии	4967724
советники	4967723
стефано	4967722
услугах	4967721
нраву	4967720
окружающим	4967719
груба	4967718
параллельно	4967717
птенчик	4967716
потомок	4967715
богатстве	4967714
мыл	4967713
лотереиныи	4967712
типаж	4967711
дискомфорт	4967710
приводила	4967709
одиннадцати	4967708
пустим	4967707
обезьянои	4967706
ебаные	4967705
старбакс	4967704
мани	4967703
умираете	4967702
лия	4967701
тестирования	4967700
мучиться	4967699
зарядку	4967698
подхватила	4967697
словаре	4967696
поддаваться	4967695
бесплатного	4967694
предложим	4967693
скотчем	4967692
симпатичных	4967691
железных	4967690
мартинес	4967689
гарден	4967688
слезть	4967687
наглец	4967686
законами	4967685
специи	4967684
глины	4967683
улисс	4967682
нападающии	4967681
находитс	4967680
свадебном	4967679
обозрение	4967678
выявил	4967677
жильцы	4967676
взятка	4967675
показываться	4967674
душевои	4967673
автобусов	4967672
лидерство	4967671
астор	4967670
отыщем	4967669
выпутаться	4967668
спортсмены	4967667
ходы	4967666
лазарете	4967665
фаилам	4967664
бурбона	4967663
раскрыта	4967662
помолись	4967661
фридман	4967660
мудрее	4967659
радуитесь	4967658
галстуке	4967657
касающиеся	4967656
дальнеишее	4967655
гребанои	4967654
меняла	4967653
глянем	4967652
направлена	4967651
уникальные	4967650
тыкву	4967649
винсентом	4967648
покушения	4967647
нба	4967646
стажировку	4967645
кометы	4967644
здешнии	4967643
перебить	4967642
верхних	4967641
бульвар	4967640
прослушки	4967639
room	4967638
покороче	4967637
заканчивая	4967636
поспешил	4967635
отключила	4967634
пакетом	4967633
составим	4967632
прощаюсь	4967631
ошибаемся	4967630
поменяи	4967629
ворошить	4967628
мьы	4967627
пакистан	4967626
соглашался	4967625
любезности	4967624
ланселот	4967623
кровоточит	4967622
отступление	4967621
велосипеды	4967620
причиняют	4967619
наивно	4967618
путешествиях	4967617
затрат	4967616
подводнои	4967615
хитоми	4967614
острову	4967613
вульгарно	4967612
направилась	4967611
возбуждения	4967610
сжать	4967609
ярких	4967608
лидирует	4967607
урезать	4967606
стэкхаус	4967605
лопата	4967604
зиг	4967603
облегчает	4967602
добьется	4967601
рисунков	4967600
играм	4967599
мексиканская	4967598
льготы	4967597
харри	4967596
засужу	4967595
никудышныи	4967594
кеды	4967593
алексу	4967592
отмечено	4967591
предупредите	4967590
смелеи	4967589
неуклюжая	4967588
обнаженнои	4967587
начинкои	4967586
war	4967585
сообщники	4967584
надежное	4967583
транспортное	4967582
трогаю	4967581
унитазе	4967580
чтоли	4967579
общему	4967578
критику	4967577
слаще	4967576
визуальныи	4967575
апелляции	4967574
карцер	4967573
проинформировать	4967572
яеае	4967571
инструктаж	4967570
сдесь	4967569
лазло	4967568
утонет	4967567
хозяику	4967566
лопес	4967565
зоила	4967564
спирс	4967563
сверну	4967562
кадра	4967561
бертон	4967560
похищены	4967559
проидя	4967558
поспорил	4967557
ножами	4967556
спроса	4967555
прочищает	4967554
фрэд	4967553
предположили	4967552
мамино	4967551
отходи	4967550
сантои	4967549
быстром	4967548
деррил	4967547
нелепыи	4967546
роса	4967545
наркомана	4967544
репортеров	4967543
обручились	4967542
сенна	4967541
лопез	4967540
билдинг	4967539
спрашиваем	4967538
наслаждалась	4967537
спрячьте	4967536
беспокоили	4967535
испанскои	4967534
клин	4967533
иати	4967532
маленько	4967531
прекращаю	4967530
обьяснить	4967529
теряется	4967528
варвары	4967527
юридических	4967526
преподавателя	4967525
забила	4967524
нотариус	4967523
сухого	4967522
атланты	4967521
усну	4967520
призвали	4967519
кухонныи	4967518
перелет	4967517
госпожои	4967516
забегаловке	4967515
тэтчер	4967514
признаваися	4967513
сицилии	4967512
членство	4967511
дэниелом	4967510
изучаешь	4967509
благородным	4967508
клубника	4967507
кушетке	4967506
обстрел	4967505
швеицарскии	4967504
психологию	4967503
бредит	4967502
десятью	4967501
милостью	4967500
пасс	4967499
трещину	4967498
великолепие	4967497
уху	4967496
звездам	4967495
налет	4967494
грешник	4967493
оборачиваися	4967492
наркоторговец	4967491
пожал	4967490
тигры	4967489
воздушная	4967488
поделишься	4967487
взгляде	4967486
єрт	4967485
спичку	4967484
непростое	4967483
следуешь	4967482
способного	4967481
томатныи	4967480
поправляися	4967479
кер	4967478
звукозаписи	4967477
пленники	4967476
раковина	4967475
развеять	4967474
дальнеи	4967473
высшем	4967472
вдохновила	4967471
пожаловал	4967470
медь	4967469
служебных	4967468
викторию	4967467
снятие	4967466
аспирина	4967465
разбираися	4967464
stars	4967463
самолюбие	4967462
крыльцо	4967461
тоннеле	4967460
известии	4967459
трамваи	4967458
coffee	4967457
южных	4967456
фраини	4967455
бульваре	4967454
тренировались	4967453
сэ	4967452
гигантскую	4967451
конде	4967450
исполнено	4967449
нервного	4967448
зли	4967447
заказан	4967446
льсти	4967445
находящихся	4967444
заканчивают	4967443
кольцами	4967442
поживу	4967441
медлить	4967440
автографы	4967439
верных	4967438
накопилось	4967437
вселился	4967436
рецептов	4967435
мафиеи	4967434
худая	4967433
закрытое	4967432
стае	4967431
намереваюсь	4967430
ближаишая	4967429
сумашедшии	4967428
душевнои	4967427
травкои	4967426
берка	4967425
change	4967424
наркодилер	4967423
социальное	4967422
поспешим	4967421
трусость	4967420
вскрыл	4967419
чиновников	4967418
органа	4967417
побудешь	4967416
манипулировал	4967415
пахать	4967414
разбитои	4967413
готэма	4967412
подписываи	4967411
бессильны	4967410
монашка	4967409
фортепьяно	4967408
необходимыи	4967407
торчат	4967406
геями	4967405
чернил	4967404
корреспондент	4967403
шрамом	4967402
тoгo	4967401
бандами	4967400
зефир	4967399
лэни	4967398
нагло	4967397
опустилась	4967396
пресвятая	4967395
чистка	4967394
морганом	4967393
дистанция	4967392
бес	4967391
немцам	4967390
изгнан	4967389
ава	4967388
спасательнои	4967387
брекеты	4967386
порядки	4967385
джину	4967384
снесу	4967383
упаковал	4967382
невозможен	4967381
ива	4967380
ощущается	4967379
манипуляции	4967378
исполняю	4967377
торты	4967376
управиться	4967375
ворчание	4967374
ставила	4967373
крошку	4967372
возрастает	4967371
покидала	4967370
использованию	4967369
взглянув	4967368
вилкои	4967367
повздорили	4967366
блестящеи	4967365
мастеров	4967364
стро	4967363
горчица	4967362
vip	4967361
кикогда	4967360
банкноты	4967359
джареда	4967358
преуспели	4967357
looking	4967356
френни	4967355
сироты	4967354
раздевалку	4967353
макото	4967352
гвендолин	4967351
заткнулся	4967350
тратили	4967349
подлодка	4967348
выпускаи	4967347
негра	4967346
подскажите	4967345
творилось	4967344
теннесси	4967343
уволь	4967342
альфреда	4967341
пузырек	4967340
привлекательность	4967339
романом	4967338
мерф	4967337
невольно	4967336
ноя	4967335
нелепая	4967334
восхитительное	4967333
дикона	4967332
следующими	4967331
независимая	4967330
безмерно	4967329
стерео	4967328
крэш	4967327
очевиден	4967326
выдавал	4967325
опасаюсь	4967324
волшебного	4967323
орион	4967322
antiqua	4967321
заклятье	4967320
fnbook	4967319
догадаюсь	4967318
уоу	4967317
тормозит	4967316
несчастном	4967315
департаментом	4967314
теа	4967313
попрощалась	4967312
графства	4967311
шпионила	4967310
шардоне	4967309
поспорим	4967308
повредили	4967307
мумия	4967306
догоняи	4967305
использоваться	4967304
уронили	4967303
столов	4967302
устраиваитесь	4967301
кусочком	4967300
стулом	4967299
размечтался	4967298
элита	4967297
располагаися	4967296
штрафа	4967295
приездом	4967294
скотту	4967293
инструктором	4967292
свечку	4967291
ангус	4967290
отослала	4967289
корнеи	4967288
гвардия	4967287
мешочек	4967286
аве	4967285
подлая	4967284
мультики	4967283
эмерсон	4967282
обрез	4967281
пасифик	4967280
винила	4967279
участком	4967278
шарлотте	4967277
съемочнои	4967276
братца	4967275
пересекать	4967274
неожиданная	4967273
дикую	4967272
aka	4967271
чистит	4967270
прихожеи	4967269
верного	4967268
факторы	4967267
освобождены	4967266
быструю	4967265
учреждении	4967264
нелепость	4967263
волками	4967262
летающих	4967261
пацанов	4967260
жареные	4967259
мпюбхряъ	4967258
сарая	4967257
неаполя	4967256
маиклс	4967255
el	4967254
восхищен	4967253
законных	4967252
девицу	4967251
макдональд	4967250
взбесилась	4967249
передоз	4967248
лэик	4967247
задержимся	4967246
героизм	4967245
племянником	4967244
одобрила	4967243
божьим	4967242
составь	4967241
занимал	4967240
glee	4967239
обитель	4967238
лава	4967237
проследила	4967236
бочонок	4967235
пирсинг	4967234
предначертано	4967233
когтями	4967232
поступление	4967231
таинственным	4967230
обвинял	4967229
сили	4967228
охлаждения	4967227
маиями	4967226
накажет	4967225
диснеи	4967224
морпехи	4967223
близняшки	4967222
земные	4967221
прошедшии	4967220
потею	4967219
обаятельныи	4967218
прививку	4967217
жалование	4967216
вечерком	4967215
произведении	4967214
дельфин	4967213
косточки	4967212
разделе	4967211
навязчивая	4967210
pretty	4967209
жирного	4967208
лабиринте	4967207
оригинальные	4967206
слабеет	4967205
тэнди	4967204
падаешь	4967203
идущии	4967202
видала	4967201
японском	4967200
перевернули	4967199
сумок	4967198
разлуки	4967197
штрафов	4967196
деяния	4967195
окончены	4967194
биологического	4967193
мировое	4967192
достоиных	4967191
ветви	4967190
элиягу	4967189
строгого	4967188
джадзия	4967187
федеральном	4967186
члене	4967185
корзинку	4967184
резинки	4967183
бальзам	4967182
гитарист	4967181
стареть	4967180
стабильное	4967179
дюваль	4967178
противная	4967177
прямых	4967176
парикмахерскои	4967175
пожизненно	4967174
восстановлению	4967173
послушали	4967172
фараон	4967171
хун	4967170
купят	4967169
кћ	4967168
колледжу	4967167
летучих	4967166
реили	4967165
призы	4967164
заканчивал	4967163
брошен	4967162
китаиское	4967161
киллиан	4967160
полежать	4967159
обширные	4967158
филом	4967157
бесконечная	4967156
объятие	4967155
благороднои	4967154
арбуз	4967153
гонялся	4967152
xoчeшь	4967151
слепы	4967150
головоломка	4967149
запомнишь	4967148
феникса	4967147
защищена	4967146
концовка	4967145
твердои	4967144
разыгрываете	4967143
нервирует	4967142
познакомлюсь	4967141
выступаешь	4967140
цианид	4967139
ками	4967138
фишера	4967137
пригорода	4967136
исповедаться	4967135
подвохом	4967134
ceбя	4967133
мобильники	4967132
планам	4967131
поссорился	4967130
джет	4967129
выполняя	4967128
моче	4967127
голдберг	4967126
вооружения	4967125
кузину	4967124
трахнуться	4967123
кларку	4967122
тошноты	4967121
селеста	4967120
тратои	4967119
бик	4967118
сакс	4967117
эксплуатации	4967116
недоверие	4967115
познакомила	4967114
достанут	4967113
балбес	4967112
дилемма	4967111
without	4967110
спиннои	4967109
ченс	4967108
пленников	4967107
крали	4967106
крепких	4967105
джеисону	4967104
затянуть	4967103
распада	4967102
командная	4967101
флорес	4967100
допросы	4967099
останавливаемся	4967098
животом	4967097
баню	4967096
битком	4967095
шредер	4967094
угадали	4967093
роботом	4967092
периметра	4967091
соседу	4967090
засранцев	4967089
малколм	4967088
джеикобс	4967087
гражданскую	4967086
ссылки	4967085
рутина	4967084
роджером	4967083
отлучусь	4967082
меиер	4967081
ебало	4967080
запустила	4967079
примера	4967078
зелени	4967077
текла	4967076
сопровождение	4967075
подавился	4967074
разочаровала	4967073
ebay	4967072
выпивал	4967071
решив	4967070
грузовом	4967069
общежития	4967068
контрольная	4967067
поглядеть	4967066
коричневая	4967065
oчень	4967064
сыграно	4967063
похоронила	4967062
грабит	4967061
надумал	4967060
барретт	4967059
двоиного	4967058
ответственная	4967057
вводит	4967056
джедаев	4967055
обняла	4967054
экли	4967053
сходства	4967052
оплачено	4967051
арабов	4967050
раздумии	4967049
счел	4967048
компьютерных	4967047
наит	4967046
налоговые	4967045
натаниэль	4967044
снежная	4967043
каток	4967042
истребители	4967041
диану	4967040
заверил	4967039
хватка	4967038
схватит	4967037
формана	4967036
приляг	4967035
пожирает	4967034
зигги	4967033
хэил	4967032
амели	4967031
откажемся	4967030
кривои	4967029
восемьсот	4967028
дворецкого	4967027
road	4967026
бухту	4967025
тарелок	4967024
духовное	4967023
помадои	4967022
грецию	4967021
полотно	4967020
раскладе	4967019
изучению	4967018
обыска	4967017
каюта	4967016
иностранные	4967015
новоселье	4967014
корне	4967013
яицеклетки	4967012
вpeмя	4967011
фальшивым	4967010
свадеб	4967009
нелегальных	4967008
перенесу	4967007
отключились	4967006
ухаживает	4967005
удачным	4967004
щє	4967003
кукольныи	4967002
почувствуите	4967001
загадать	4967000
наряжаться	4966999
барабану	4966998
достаточным	4966997
ирма	4966996
бриться	4966995
отменяет	4966994
шестьсот	4966993
разорвало	4966992
свел	4966991
угрызения	4966990
продаваи	4966989
рвет	4966988
собирая	4966987
злоупотребление	4966986
кабины	4966985
смешанные	4966984
пароли	4966983
внучку	4966982
пиву	4966981
юношеи	4966980
перекроите	4966979
жутким	4966978
сладким	4966977
храбрые	4966976
редактирование	4966975
определяется	4966974
выбила	4966973
образованием	4966972
эвакуироваться	4966971
благословенна	4966970
вынуждаи	4966969
покушении	4966968
выяснят	4966967
полезнее	4966966
спалить	4966965
невероятен	4966964
дешевои	4966963
ааааа	4966962
сдвиг	4966961
читателеи	4966960
раскаяние	4966959
фоторобот	4966958
интересными	4966957
заснял	4966956
накамура	4966955
глазеть	4966954
хopoшo	4966953
оказавшись	4966952
тупее	4966951
оружеиныи	4966950
промышленность	4966949
естественные	4966948
сексуален	4966947
тонг	4966946
голосовали	4966945
берется	4966944
бэкки	4966943
отдохнем	4966942
корпоративныи	4966941
деимона	4966940
взаимодеиствия	4966939
главнокомандующии	4966938
стилем	4966937
производитель	4966936
гарнизон	4966935
дином	4966934
мордои	4966933
супругов	4966932
взорвем	4966931
твердая	4966930
строится	4966929
дион	4966928
равна	4966927
тернера	4966926
естественное	4966925
ляжешь	4966924
кексик	4966923
закругляться	4966922
горящии	4966921
антитела	4966920
обрели	4966919
ay	4966918
абонент	4966917
справедливое	4966916
понапрасну	4966915
уплаты	4966914
аик	4966913
португалии	4966912
симпатичное	4966911
сообщением	4966910
связаннои	4966909
торгую	4966908
контрабанда	4966907
диктовать	4966906
форрест	4966905
поражены	4966904
распределение	4966903
продолжая	4966902
котлеты	4966901
обожаем	4966900
доспехах	4966899
пересохло	4966898
кеико	4966897
влад	4966896
комбинезон	4966895
мошенником	4966894
тафу	4966893
поступка	4966892
написания	4966891
трик	4966890
направиться	4966889
завязке	4966888
шоколадки	4966887
часе	4966886
тестом	4966885
фан	4966884
приговорен	4966883
строитель	4966882
рвоты	4966881
концепции	4966880
отвагу	4966879
хрупкие	4966878
наблюдении	4966877
собачки	4966876
секьюрити	4966875
тупыми	4966874
нарушит	4966873
трепет	4966872
адвокатскои	4966871
механизма	4966870
благотворительного	4966869
спусти	4966868
удивляешь	4966867
поимки	4966866
огромен	4966865
делимся	4966864
будку	4966863
жалеи	4966862
lee	4966861
решал	4966860
стопку	4966859
гуда	4966858
плотью	4966857
олени	4966856
дариус	4966855
оазис	4966854
летучие	4966853
мечтатель	4966852
смелои	4966851
ломаи	4966850
трев	4966849
fire	4966848
немножечко	4966847
стеклянныи	4966846
выводите	4966845
уплыть	4966844
спасали	4966843
свр	4966842
аорты	4966841
напоминаете	4966840
вчерашние	4966839
генералы	4966838
лаима	4966837
выделяется	4966836
теплом	4966835
волосам	4966834
перестрелку	4966833
крысиныи	4966832
мэлори	4966831
маркса	4966830
enough	4966829
разницеи	4966828
косвенные	4966827
ничегo	4966826
кладовои	4966825
краткии	4966824
тихие	4966823
заправка	4966822
разворачиваися	4966821
охрененно	4966820
неожиданным	4966819
отказывают	4966818
склеп	4966817
продадут	4966816
роба	4966815
звучала	4966814
ирис	4966813
сплетничать	4966812
вез	4966811
влюбится	4966810
версиеи	4966809
ускоритель	4966808
мохаммед	4966807
лунатик	4966806
исходить	4966805
карсона	4966804
бешенства	4966803
поблагодарила	4966802
отрядом	4966801
аренде	4966800
утихнет	4966799
небыло	4966798
эрон	4966797
неблагодарная	4966796
пристроить	4966795
уотерс	4966794
посадке	4966793
употребляю	4966792
гамлета	4966791
херман	4966790
впустили	4966789
мэиси	4966788
правдиво	4966787
алфавит	4966786
фаила	4966785
устраиваися	4966784
поделится	4966783
вдове	4966782
переводит	4966781
дастин	4966780
бориса	4966779
наклеики	4966778
сорвала	4966777
значится	4966776
успешная	4966775
group	4966774
напоминаи	4966773
активирован	4966772
простудился	4966771
насущныи	4966770
герреро	4966769
сродни	4966768
засну	4966767
гладить	4966766
диккенс	4966765
ложно	4966764
презирает	4966763
поместится	4966762
пузыре	4966761
отчима	4966760
страстная	4966759
жестокостью	4966758
телефонами	4966757
снималась	4966756
пьяном	4966755
трансляция	4966754
фондю	4966753
скуби	4966752
искусственные	4966751
запускаю	4966750
горничных	4966749
провалом	4966748
миля	4966747
доступом	4966746
наю	4966745
гаррета	4966744
woman	4966743
бился	4966742
скромнои	4966741
шэннон	4966740
бухты	4966739
матка	4966738
орфеи	4966737
il	4966736
отвалить	4966735
гудвин	4966734
симпатию	4966733
арабскии	4966732
взглянули	4966731
компаниями	4966730
заботе	4966729
истекать	4966728
традиционные	4966727
популярных	4966726
полетят	4966725
ирвинг	4966724
скромное	4966723
рефлексы	4966722
ури	4966721
преувеличиваи	4966720
вильгельм	4966719
писает	4966718
задаст	4966717
вынуждает	4966716
перез	4966715
твердое	4966714
предок	4966713
пингвинов	4966712
облава	4966711
графом	4966710
заводы	4966709
пределов	4966708
трогают	4966707
dе	4966706
морковку	4966705
волнуемся	4966704
аневризма	4966703
анус	4966702
лэс	4966701
одурачил	4966700
щедр	4966699
ладят	4966698
золотыми	4966697
пятерки	4966696
чуешь	4966695
сбегаи	4966694
фланг	4966693
салатом	4966692
неестественно	4966691
фиск	4966690
джимбо	4966689
чаши	4966688
уголовным	4966687
матрица	4966686
крошечнои	4966685
вылетели	4966684
шумите	4966683
самир	4966682
признанием	4966681
пип	4966680
верняк	4966679
верблюд	4966678
продвинулся	4966677
посещают	4966676
хищника	4966675
тпру	4966674
переносят	4966673
утреннюю	4966672
отличаться	4966671
испугана	4966670
ручке	4966669
доберетесь	4966668
переживании	4966667
расширения	4966666
доживу	4966665
олд	4966664
индииская	4966663
проверяи	4966662
ужe	4966661
уборная	4966660
bbc	4966659
монетки	4966658
аттикус	4966657
меньшего	4966656
претендентов	4966655
тропу	4966654
решительныи	4966653
единорог	4966652
утреннее	4966651
скачать	4966650
пакистана	4966649
вольфганг	4966648
песенки	4966647
наиденныи	4966646
меньшим	4966645
лентяи	4966644
стиву	4966643
больному	4966642
застенчивыи	4966641
пауло	4966640
теракт	4966639
ямнбю	4966638
загадочным	4966637
анонимность	4966636
широкая	4966635
боевого	4966634
ночлег	4966633
алоха	4966632
галстука	4966631
чрезвычаиных	4966630
лакеи	4966629
радуешься	4966628
воруешь	4966627
дип	4966626
нацелился	4966625
куриц	4966624
морское	4966623
подверглась	4966622
теннисныи	4966621
шломо	4966620
семян	4966619
бесси	4966618
разрушитель	4966617
вспоминала	4966616
стоуна	4966615
ni	4966614
краду	4966613
затмения	4966612
эффектно	4966611
успеют	4966610
взятых	4966609
гуся	4966608
сирел	4966607
твердят	4966606
катере	4966605
судимостеи	4966604
янга	4966603
интересовались	4966602
жесты	4966601
бедняги	4966600
липа	4966599
осмотримся	4966598
совершенен	4966597
гонолулу	4966596
ƒжордж	4966595
mьl	4966594
сосредоточена	4966593
блубелл	4966592
олаф	4966591
этика	4966590
нарисовали	4966589
одеваешься	4966588
отвергли	4966587
обернулась	4966586
спорит	4966585
динозавра	4966584
отнес	4966583
докопаться	4966582
колечко	4966581
развалился	4966580
зрением	4966579
добуду	4966578
краток	4966577
шарлатан	4966576
величаишего	4966575
никаким	4966574
нэн	4966573
страховые	4966572
людские	4966571
правам	4966570
цемент	4966569
брюхо	4966568
овощами	4966567
слушатель	4966566
неплохим	4966565
рэидзи	4966564
голосует	4966563
предана	4966562
щрх	4966561
коснется	4966560
осуждает	4966559
астронавт	4966558
ние	4966557
внезапнои	4966556
царапин	4966555
международная	4966554
мятныи	4966553
депозит	4966552
франциска	4966551
справочнике	4966550
дантисту	4966549
сансет	4966548
грешников	4966547
очаровашка	4966546
примеры	4966545
больную	4966544
пуговицу	4966543
персики	4966542
застукали	4966541
шарма	4966540
студенческого	4966539
оттолкнуть	4966538
магда	4966537
star	4966536
горам	4966535
странность	4966534
публичных	4966533
хромои	4966532
эльфов	4966531
сигналом	4966530
клингоны	4966529
ветку	4966528
международном	4966527
жареную	4966526
блондиночка	4966525
сражаешься	4966524
хлоеи	4966523
невинна	4966522
ворваться	4966521
тележки	4966520
меир	4966519
руинах	4966518
поладить	4966517
em	4966516
побудем	4966515
латимер	4966514
загадочно	4966513
необходимого	4966512
dad	4966511
джафар	4966510
ленивые	4966509
похищает	4966508
болтается	4966507
охраннои	4966506
придумываешь	4966505
макклеин	4966504
непредумышленное	4966503
докладываи	4966502
неприятных	4966501
частичныи	4966500
утреннего	4966499
дочерьми	4966498
сталкиваемся	4966497
гордятся	4966496
восстанавливать	4966495
сдерживаться	4966494
проигнорировал	4966493
морском	4966492
прелестные	4966491
обязанностям	4966490
кошачии	4966489
форта	4966488
сложна	4966487
заправку	4966486
эмпаир	4966485
такера	4966484
описывал	4966483
портят	4966482
веидер	4966481
фору	4966480
уполномочен	4966479
баллистики	4966478
ликер	4966477
наидя	4966476
chuckles	4966475
мишку	4966474
веер	4966473
салями	4966472
принятии	4966471
рассказываем	4966470
трахаю	4966469
переключи	4966468
энид	4966467
учебои	4966466
батюшки	4966465
apple	4966464
сматываемся	4966463
eго	4966462
праздновали	4966461
заражена	4966460
отсылка	4966459
схватите	4966458
промыть	4966457
наравне	4966456
опустили	4966455
задержим	4966454
быстрых	4966453
довольствоваться	4966452
фрея	4966451
повторныи	4966450
непостижимо	4966449
руиз	4966448
вырубили	4966447
нии	4966446
глухие	4966445
кубу	4966444
елки	4966443
зелень	4966442
провалила	4966441
насмотрелся	4966440
фотографироваться	4966439
шкура	4966438
намекнуть	4966437
волтер	4966436
тележка	4966435
джамаль	4966434
влажные	4966433
люки	4966432
хрени	4966431
сопоставить	4966430
отвлекся	4966429
балаган	4966428
преувеличиваю	4966427
джипе	4966426
кирпичи	4966425
отрастить	4966424
перезвонили	4966423
функционировать	4966422
усталыи	4966421
подсчетам	4966420
ос	4966419
взяты	4966418
чертового	4966417
пору	4966416
рубеж	4966415
орехами	4966414
сидр	4966413
перечить	4966412
заполучили	4966411
ваиоминг	4966410
короткими	4966409
кару	4966408
икры	4966407
техническои	4966406
напьюсь	4966405
вооружена	4966404
plus	4966403
аура	4966402
трахаюсь	4966401
кб	4966400
подробностями	4966399
невидимка	4966398
фактах	4966397
солидарность	4966396
заполнены	4966395
ездим	4966394
въехала	4966393
нарушаю	4966392
потребовали	4966391
венецию	4966390
слить	4966389
иода	4966388
une	4966387
задавался	4966386
вихрь	4966385
ипотеку	4966384
паршивые	4966383
артиста	4966382
days	4966381
посторонние	4966380
двигаите	4966379
браслета	4966378
узрите	4966377
еве	4966376
правому	4966375
уговаривать	4966374
культур	4966373
оксфорда	4966372
бананов	4966371
взаимоотношении	4966370
конкретнои	4966369
вложения	4966368
преступлениями	4966367
ренту	4966366
ничьеи	4966365
цинциннати	4966364
цыпочках	4966363
face	4966362
шмидта	4966361
солидарности	4966360
грешники	4966359
отстранение	4966358
помыл	4966357
актрису	4966356
контекста	4966355
затянется	4966354
откусил	4966353
фараона	4966352
древним	4966351
разозлиться	4966350
поместим	4966349
поберегись	4966348
стрелком	4966347
шрек	4966346
замочить	4966345
бат	4966344
заполнена	4966343
аварииная	4966342
прекращаите	4966341
проезжаи	4966340
склоняюсь	4966339
ниx	4966338
боуи	4966337
подберу	4966336
британское	4966335
публичные	4966334
поощрять	4966333
воспитала	4966332
марселе	4966331
выделяться	4966330
обучении	4966329
уберешь	4966328
связанного	4966327
гарза	4966326
капюшоне	4966325
куратором	4966324
султан	4966323
ноша	4966322
пенсия	4966321
значком	4966320
стремились	4966319
проболтался	4966318
потеряны	4966317
тысяче	4966316
тусовались	4966315
порнографии	4966314
составляю	4966313
точного	4966312
закрываться	4966311
отклоняется	4966310
маккорд	4966309
пришельца	4966308
необходимои	4966307
негодяев	4966306
небесного	4966305
внесу	4966304
необходимая	4966303
возвращают	4966302
прослушивать	4966301
завладел	4966300
броня	4966299
мали	4966298
поэтов	4966297
удобрения	4966296
меркам	4966295
домовладелец	4966294
избивали	4966293
тропа	4966292
сводная	4966291
флакон	4966290
оправиться	4966289
противен	4966288
неудачных	4966287
нажимаешь	4966286
узде	4966285
эдуарда	4966284
дверьми	4966283
вымои	4966282
выкладываите	4966281
отслеживаем	4966280
сахарная	4966279
уберемся	4966278
звуку	4966277
вкладывать	4966276
вдовец	4966275
списать	4966274
разболелась	4966273
прикончили	4966272
friend	4966271
духовнои	4966270
жги	4966269
закари	4966268
выходка	4966267
воспользуитесь	4966266
засняли	4966265
зацикливаться	4966264
блестящим	4966263
буквои	4966262
линде	4966261
избрал	4966260
глотнуть	4966259
матье	4966258
мститель	4966257
запугивать	4966256
пророков	4966255
безоружен	4966254
сногсшибательно	4966253
лахири	4966252
заразу	4966251
человеческими	4966250
мико	4966249
нужд	4966248
разрезал	4966247
надзором	4966246
встаешь	4966245
воссоединиться	4966244
океану	4966243
являлся	4966242
бутылочки	4966241
прозвищу	4966240
смертного	4966239
евреями	4966238
кормишь	4966237
толка	4966236
поглотить	4966235
паинс	4966234
удивительных	4966233
мутации	4966232
корма	4966231
бухгалтерию	4966230
прерываем	4966229
криками	4966228
подмога	4966227
никчемныи	4966226
пятном	4966225
увлечения	4966224
почтовые	4966223
яблока	4966222
элеонора	4966221
тоста	4966220
убедите	4966219
выдадут	4966218
прочитаешь	4966217
променял	4966216
обнимал	4966215
голосами	4966214
публикои	4966213
барбер	4966212
венах	4966211
социальным	4966210
плутон	4966209
авокадо	4966208
атакои	4966207
кабо	4966206
парадную	4966205
насилуют	4966204
разбиться	4966203
хардман	4966202
ирландию	4966201
подъезжает	4966200
чтобь	4966199
послушаешь	4966198
запасная	4966197
говядину	4966196
ясного	4966195
письменное	4966194
алкоголиком	4966193
спасся	4966192
цилиндр	4966191
табу	4966190
тяжела	4966189
иеитс	4966188
хакера	4966187
утробе	4966186
sweet	4966185
отвернулись	4966184
скаво	4966183
чертах	4966182
яюл	4966181
воздержаться	4966180
проходило	4966179
коррупция	4966178
надo	4966177
виновными	4966176
ѕосмотри	4966175
подозреваемои	4966174
решимость	4966173
созвал	4966172
анн	4966171
задержание	4966170
строгим	4966169
косметика	4966168
прыгаешь	4966167
объединения	4966166
обедаем	4966165
старухи	4966164
тюрем	4966163
благородное	4966162
уменьшается	4966161
выполняла	4966160
посерьезнее	4966159
стервы	4966158
john	4966157
управляла	4966156
хеллоуин	4966155
сунь	4966154
джексоном	4966153
явныи	4966152
забивает	4966151
подхода	4966150
черепаху	4966149
единица	4966148
благословил	4966147
сторонку	4966146
британцев	4966145
банкомата	4966144
загадочнои	4966143
чудик	4966142
французскую	4966141
пнул	4966140
дешевка	4966139
коля	4966138
неил	4966137
длительное	4966136
скопировал	4966135
ударами	4966134
сломаи	4966133
писательница	4966132
игнорировал	4966131
коуч	4966130
дрель	4966129
правонарушение	4966128
zmeuko	4966127
поспешных	4966126
перес	4966125
горючего	4966124
женским	4966123
позаимствовал	4966122
подавляет	4966121
красивом	4966120
перенесем	4966119
тимом	4966118
заплакал	4966117
выгодное	4966116
горизонты	4966115
снесли	4966114
зашкаливает	4966113
штату	4966112
nobody	4966111
экстренная	4966110
вздумаите	4966109
давите	4966108
ходячие	4966107
публичного	4966106
двухсот	4966105
сведет	4966104
упадок	4966103
тупость	4966102
откажись	4966101
проституция	4966100
неправильнои	4966099
замерзли	4966098
добавит	4966097
воспитал	4966096
поздороваитесь	4966095
невзирая	4966094
дичь	4966093
финансовое	4966092
богатое	4966091
отследила	4966090
иамеис	4966089
тусуется	4966088
спеис	4966087
летела	4966086
болтала	4966085
монстрами	4966084
внучки	4966083
длился	4966082
повысил	4966081
унесло	4966080
надувнои	4966079
фостера	4966078
строительнои	4966077
бесконечныи	4966076
рыть	4966075
палома	4966074
посидишь	4966073
ведутся	4966072
иная	4966071
нeгo	4966070
выдержки	4966069
повышением	4966068
утер	4966067
ламар	4966066
вопить	4966065
невозможна	4966064
джулз	4966063
лечением	4966062
тревожная	4966061
чипсами	4966060
официантку	4966059
таза	4966058
ужаснее	4966057
безопасная	4966056
проповедовать	4966055
отличаешься	4966054
банкиры	4966053
отделением	4966052
захватывающая	4966051
семьсот	4966050
получая	4966049
иеле	4966048
леикемия	4966047
розе	4966046
покрыто	4966045
цените	4966044
заход	4966043
традиционно	4966042
сообщат	4966041
тяжелого	4966040
повежливее	4966039
обедает	4966038
нездоров	4966037
окажет	4966036
поглотит	4966035
женеве	4966034
повышении	4966033
роудс	4966032
поводов	4966031
дри	4966030
теду	4966029
нечисто	4966028
етo	4966027
микроволновке	4966026
агентством	4966025
слухом	4966024
физическом	4966023
современным	4966022
измаил	4966021
тюремные	4966020
преимущественно	4966019
сбегаешь	4966018
оптимистично	4966017
психологически	4966016
плачьте	4966015
переставала	4966014
яростно	4966013
удалять	4966012
отнимет	4966011
барбару	4966010
высшим	4966009
сиропом	4966008
захоронения	4966007
спираль	4966006
поразила	4966005
разведена	4966004
сообразить	4966003
разуме	4966002
беисбольная	4966001
мудрым	4966000
прощенья	4965999
сакэ	4965998
сражаися	4965997
молитве	4965996
отвечая	4965995
больничном	4965994
невидимои	4965993
отступает	4965992
бродят	4965991
выдержишь	4965990
коннер	4965989
хвастался	4965988
ковбоя	4965987
реджинальд	4965986
группировка	4965985
притворялись	4965984
хлопать	4965983
реветь	4965982
жучков	4965981
пучком	4965980
брошюры	4965979
наивен	4965978
справка	4965977
вооружение	4965976
отборочных	4965975
располагает	4965974
преподавателем	4965973
проблематично	4965972
туфлю	4965971
стоящие	4965970
бразилия	4965969
красоток	4965968
переписке	4965967
извинишь	4965966
трудов	4965965
ранят	4965964
путин	4965963
ушки	4965962
аиртон	4965961
банановыи	4965960
изгнании	4965959
пристрелим	4965958
атос	4965957
боно	4965956
изи	4965955
полагали	4965954
безболезненно	4965953
колледжеи	4965952
андроид	4965951
дружками	4965950
эврика	4965949
сезам	4965948
кончила	4965947
чувстве	4965946
выпущен	4965945
леннон	4965944
пользования	4965943
азот	4965942
подвеска	4965941
оденьте	4965940
аппараты	4965939
виола	4965938
уходу	4965937
радикально	4965936
лишен	4965935
доставлено	4965934
проклятья	4965933
вытяни	4965932
назвался	4965931
пожизненного	4965930
остерегаитесь	4965929
овцу	4965928
предъявлять	4965927
текущеи	4965926
роем	4965925
ответим	4965924
свидетельствуют	4965923
греческои	4965922
идентичны	4965921
выгорит	4965920
чже	4965919
опустим	4965918
эликсир	4965917
возглавил	4965916
авраама	4965915
совершим	4965914
сторонке	4965913
зарегистрированы	4965912
сунуть	4965911
менеджеру	4965910
yжe	4965909
даче	4965908
монреаль	4965907
атома	4965906
художественнои	4965905
спектер	4965904
попу	4965903
разогреть	4965902
кабриолет	4965901
незнакомка	4965900
неизвестные	4965899
классические	4965898
сьерра	4965897
беженцы	4965896
воскреснои	4965895
аларик	4965894
стенам	4965893
сброшу	4965892
скважину	4965891
понарошку	4965890
текущие	4965889
рыбные	4965888
растерян	4965887
потныи	4965886
магнум	4965885
капустои	4965884
рукописи	4965883
вызовов	4965882
краем	4965881
трожь	4965880
обладатель	4965879
бетховена	4965878
переставая	4965877
раксин	4965876
привлекался	4965875
реле	4965874
шанхаи	4965873
слабого	4965872
изменишься	4965871
госсекретаря	4965870
вылезать	4965869
скрылись	4965868
великими	4965867
предварительного	4965866
беседовал	4965865
регион	4965864
натурально	4965863
торгуют	4965862
деверо	4965861
подсознательно	4965860
угробил	4965859
пытающиися	4965858
прибить	4965857
секретаршу	4965856
строгая	4965855
аквариуме	4965854
бренна	4965853
экономическии	4965852
паба	4965851
джоселин	4965850
рылся	4965849
крестик	4965848
объявите	4965847
выражаясь	4965846
турки	4965845
кристально	4965844
попадания	4965843
игроками	4965842
аспекты	4965841
переписку	4965840
унесла	4965839
струн	4965838
веги	4965837
маиором	4965836
ричардсон	4965835
сыновьями	4965834
восстановлен	4965833
ограниченныи	4965832
цыпа	4965831
удивила	4965830
беспорядка	4965829
вступит	4965828
советскои	4965827
отек	4965826
банкам	4965825
полюбуитесь	4965824
горячими	4965823
бедолага	4965822
спрингфилд	4965821
стыдится	4965820
мигрени	4965819
мощнее	4965818
объявлю	4965817
осторожностью	4965816
садовника	4965815
траектория	4965814
жуи	4965813
чувству	4965812
перепробовал	4965811
обзавестись	4965810
безупречныи	4965809
кандалы	4965808
миновать	4965807
дозволено	4965806
вю	4965805
секретном	4965804
запрограммирован	4965803
произносил	4965802
wow	4965801
угоне	4965800
предрассудков	4965799
лечебнице	4965798
говорящая	4965797
рычаги	4965796
отпускаешь	4965795
пожалела	4965794
блоки	4965793
сигаретку	4965792
мудростью	4965791
свистеть	4965790
ютс	4965789
конструкция	4965788
ганса	4965787
вылезет	4965786
евои	4965785
усвоить	4965784
запретом	4965783
душевное	4965782
смаилик	4965781
арли	4965780
нехило	4965779
сено	4965778
позициях	4965777
двоика	4965776
скажется	4965775
реванш	4965774
выходное	4965773
дельфинов	4965772
сказочно	4965771
изменятся	4965770
враждебность	4965769
присяжными	4965768
нынешняя	4965767
сталина	4965766
звоним	4965765
близнецами	4965764
удивительную	4965763
нилу	4965762
пуск	4965761
прикидываться	4965760
газовыи	4965759
корнелл	4965758
ушибся	4965757
ясны	4965756
сшить	4965755
пег	4965754
аляска	4965753
краж	4965752
залить	4965751
сбегал	4965750
провоцировать	4965749
рэем	4965748
неожиданные	4965747
ветеринару	4965746
очарования	4965745
изображаешь	4965744
запретная	4965743
лион	4965742
транспортом	4965741
построики	4965740
спрятались	4965739
морпол	4965738
окружающие	4965737
приветики	4965736
установи	4965735
поппинс	4965734
чудесного	4965733
ионас	4965732
прачечная	4965731
увези	4965730
крикнул	4965729
обуза	4965728
шлема	4965727
разгадал	4965726
пригрозил	4965725
комплекте	4965724
маги	4965723
доставлял	4965722
путешествуете	4965721
домыслы	4965720
ледяные	4965719
пикард	4965718
поросенок	4965717
подн	4965716
руни	4965715
кароль	4965714
ядовитые	4965713
представилась	4965712
космо	4965711
мартен	4965710
вырвали	4965709
масштаб	4965708
впала	4965707
хлое	4965706
потоком	4965705
наденем	4965704
конечностеи	4965703
краиности	4965702
наемников	4965701
бредишь	4965700
шоком	4965699
вмешались	4965698
плита	4965697
подводил	4965696
птице	4965695
каверное	4965694
голландец	4965693
очаг	4965692
племянницеи	4965691
азота	4965690
элиз	4965689
избавлю	4965688
назначь	4965687
комаров	4965686
хитрости	4965685
пересеклись	4965684
настоичиво	4965683
вагона	4965682
гомерчик	4965681
раздался	4965680
отстать	4965679
леонардом	4965678
сердечнои	4965677
деву	4965676
почини	4965675
уникален	4965674
чашек	4965673
бесконечность	4965672
дружеские	4965671
психологическое	4965670
ужины	4965669
твoи	4965668
приемов	4965667
подробныи	4965666
дружу	4965665
водныи	4965664
вежливои	4965663
состояться	4965662
этакии	4965661
зед	4965660
напоминал	4965659
застегни	4965658
обошла	4965657
уродливые	4965656
водород	4965655
поиграю	4965654
вызвалась	4965653
пробежать	4965652
равными	4965651
законнои	4965650
ящиком	4965649
плеер	4965648
конверты	4965647
аппендицит	4965646
аттракцион	4965645
преисподнеи	4965644
образов	4965643
урана	4965642
неразлучны	4965641
преодолел	4965640
настучал	4965639
ясмин	4965638
празднует	4965637
гангстеры	4965636
избранные	4965635
мобильных	4965634
нагишом	4965633
разныи	4965632
маменькин	4965631
гробницу	4965630
преступного	4965629
жареная	4965628
воротах	4965627
очевидцев	4965626
буде	4965625
легенд	4965624
посиделки	4965623
ящику	4965622
пользователеи	4965621
наиденных	4965620
приоритетом	4965619
покинут	4965618
фарфор	4965617
сообщал	4965616
заявляют	4965615
спрячу	4965614
пропускал	4965613
преподавателеи	4965612
хаосе	4965611
сроком	4965610
флинна	4965609
пенисом	4965608
раскаяния	4965607
фатима	4965606
впору	4965605
достигнут	4965604
зодиака	4965603
божественного	4965602
vela	4965601
зонт	4965600
терпела	4965599
договариваешь	4965598
шутим	4965597
разыскиваем	4965596
промок	4965595
amour	4965594
петти	4965593
гиббонс	4965592
реквизит	4965591
стервятники	4965590
роби	4965589
пассажирам	4965588
рассердится	4965587
родительских	4965586
обратит	4965585
мис	4965584
дерьмовые	4965583
воскрес	4965582
грэиди	4965581
мозгах	4965580
карантине	4965579
стихии	4965578
подоидем	4965577
руле	4965576
boys	4965575
раздают	4965574
противники	4965573
пробуждение	4965572
замужнеи	4965571
служебнои	4965570
замечаете	4965569
галя	4965568
склонить	4965567
ловишь	4965566
лоуренса	4965565
заряжено	4965564
божьих	4965563
улетим	4965562
одержать	4965561
ботинка	4965560
потомучто	4965559
тиси	4965558
отбывает	4965557
злое	4965556
разуму	4965555
повезу	4965554
скукотища	4965553
обезвоживание	4965552
падала	4965551
присылал	4965550
вегетарианка	4965549
разговорах	4965548
народнои	4965547
хранителя	4965546
содержанием	4965545
подводить	4965544
доверила	4965543
движок	4965542
братстве	4965541
устроена	4965540
поступите	4965539
девятьсот	4965538
великолепного	4965537
чаепитие	4965536
пахну	4965535
фридрих	4965534
кюре	4965533
заслуживала	4965532
отпечатка	4965531
разрешаешь	4965530
приводишь	4965529
усложняи	4965528
генетические	4965527
перестаешь	4965526
споткнулась	4965525
джулио	4965524
восстановим	4965523
объявит	4965522
плюнул	4965521
поцарапал	4965520
восстановлена	4965519
пунктик	4965518
слюны	4965517
объехать	4965516
удерживал	4965515
несовершеннолетнии	4965514
безобидныи	4965513
поворотом	4965512
мочиться	4965511
заведем	4965510
уингер	4965509
родерик	4965508
узнавал	4965507
скромным	4965506
мексиканец	4965505
несчастными	4965504
вождению	4965503
запасного	4965502
евреиского	4965501
ослом	4965500
выскочила	4965499
доступе	4965498
определяют	4965497
проступок	4965496
бяеу	4965495
абигеил	4965494
присвоил	4965493
длятся	4965492
выкрасть	4965491
звонку	4965490
нарушают	4965489
утраты	4965488
ступеньках	4965487
свитере	4965486
гуще	4965485
ненастоящая	4965484
голодают	4965483
fda	4965482
томасу	4965481
назначению	4965480
растяжение	4965479
глав	4965478
оливеру	4965477
везем	4965476
сердечная	4965475
заведено	4965474
избит	4965473
чмо	4965472
восстанет	4965471
раскопал	4965470
небезразлична	4965469
непристоино	4965468
густои	4965467
головную	4965466
оплачен	4965465
гордились	4965464
выдающиеся	4965463
нонсенс	4965462
проходу	4965461
беисбольную	4965460
харрингтон	4965459
дразнили	4965458
таскал	4965457
удушение	4965456
запоминать	4965455
выслеживать	4965454
финиша	4965453
годовои	4965452
мотора	4965451
грустишь	4965450
футбольные	4965449
victoria	4965448
татуировкои	4965447
документе	4965446
медотсек	4965445
запихнуть	4965444
легкую	4965443
хардинг	4965442
присоединимся	4965441
тиа	4965440
ожидаите	4965439
поставок	4965438
жиром	4965437
пальмы	4965436
напрашивается	4965435
отрубил	4965434
воображаемыи	4965433
бандитами	4965432
прада	4965431
образцами	4965430
понд	4965429
браунинг	4965428
верхние	4965427
четкии	4965426
юрисдикция	4965425
упаковала	4965424
смогло	4965423
мендоза	4965422
безмозглыи	4965421
приостановить	4965420
поддается	4965419
вычистить	4965418
стабильности	4965417
элинор	4965416
целился	4965415
воспитывал	4965414
захватит	4965413
навигации	4965412
хорошенькои	4965411
предсказуемо	4965410
туши	4965409
отелло	4965408
спорныи	4965407
тащусь	4965406
actually	4965405
хансен	4965404
киса	4965403
заебись	4965402
разрешали	4965401
хакеры	4965400
лишения	4965399
грозныи	4965398
взорвалось	4965397
козлина	4965396
механизмы	4965395
претендовать	4965394
воскресить	4965393
приземления	4965392
пэрри	4965391
ковра	4965390
преступлениям	4965389
киски	4965388
страхов	4965387
папашу	4965386
здоровыми	4965385
бэк	4965384
обманывали	4965383
рал	4965382
трущобах	4965381
подстроила	4965380
жирным	4965379
элвуд	4965378
водные	4965377
репортера	4965376
сото	4965375
посвятили	4965374
фелипе	4965373
подсказал	4965372
шустрыи	4965371
интеллектом	4965370
фортуна	4965369
хрупкии	4965368
резиновые	4965367
нескоро	4965366
уловить	4965365
исследовательскии	4965364
чудесных	4965363
желаемого	4965362
пирсе	4965361
создателем	4965360
наличия	4965359
спальныи	4965358
шимон	4965357
ступенька	4965356
обозвал	4965355
есу	4965354
бизнесмена	4965353
приезде	4965352
противостояние	4965351
оперативника	4965350
обращают	4965349
задаваться	4965348
doctor	4965347
разлом	4965346
спасательную	4965345
устраиваи	4965344
оскорбили	4965343
тролль	4965342
глушитель	4965341
шрэк	4965340
соглашаюсь	4965339
мрачная	4965338
балерина	4965337
увеличил	4965336
блондинок	4965335
стаялпаи	4965334
стремления	4965333
рассчитать	4965332
крошек	4965331
пламенем	4965330
логически	4965329
переполнена	4965328
ридж	4965327
недостоин	4965326
сбылось	4965325
конфисковали	4965324
кастрюлю	4965323
коиот	4965322
очаровать	4965321
июферяъ	4965320
замечании	4965319
предприниматель	4965318
рюмку	4965317
вывела	4965316
онрнл	4965315
горлу	4965314
милиции	4965313
партиеи	4965312
выделяет	4965311
покрытия	4965310
соблазнила	4965309
выкрутиться	4965308
вольво	4965307
восходит	4965306
замужняя	4965305
крохотныи	4965304
жителями	4965303
мутантов	4965302
неудобное	4965301
покидаете	4965300
остерегаися	4965299
сбылась	4965298
подлежат	4965297
плюнь	4965296
головорезы	4965295
дарт	4965294
ниггеры	4965293
веревке	4965292
благословляю	4965291
парит	4965290
инес	4965289
когтеи	4965288
доклада	4965287
покидаем	4965286
милашки	4965285
нагрузка	4965284
рассеянныи	4965283
хаген	4965282
придумаите	4965281
кардассианцы	4965280
шизофрения	4965279
понесли	4965278
наслаждаетесь	4965277
утвердить	4965276
завтраку	4965275
осуждаешь	4965274
олсон	4965273
фрая	4965272
заброшеннои	4965271
должного	4965270
режут	4965269
скиталец	4965268
свиньеи	4965267
хэивен	4965266
классику	4965265
придите	4965264
крестьянин	4965263
декабрь	4965262
клевета	4965261
родительское	4965260
догоняю	4965259
вызывая	4965258
самки	4965257
прострелил	4965256
кери	4965255
добротои	4965254
јћ	4965253
спасиб	4965252
рулетку	4965251
отрицательные	4965250
поклонником	4965249
плакса	4965248
напряжены	4965247
вписаться	4965246
заица	4965245
салливана	4965244
извинялся	4965243
значу	4965242
персонажем	4965241
аллаху	4965240
nah	4965239
узкии	4965238
изменник	4965237
обменял	4965236
жаловались	4965235
натуры	4965234
достижением	4965233
ницше	4965232
здарова	4965231
абель	4965230
демо	4965229
упростить	4965228
mother	4965227
грубое	4965226
оболочки	4965225
укола	4965224
цнм	4965223
служите	4965222
бедняжки	4965221
усложняешь	4965220
обмане	4965219
сонная	4965218
прощанье	4965217
неразборчиво	4965216
числу	4965215
шарады	4965214
выражаю	4965213
рецепта	4965212
пуле	4965211
аттестат	4965210
прочеи	4965209
убедилась	4965208
бесполезные	4965207
учителями	4965206
джоунс	4965205
распятие	4965204
кусает	4965203
шарлоттои	4965202
пантера	4965201
показывая	4965200
дождитесь	4965199
сдает	4965198
владелица	4965197
until	4965196
пpoстo	4965195
луизы	4965194
схватку	4965193
тарои	4965192
викингов	4965191
воссоединения	4965190
анатомия	4965189
определила	4965188
кладешь	4965187
извинитесь	4965186
сотне	4965185
микробы	4965184
запру	4965183
бьются	4965182
мии	4965181
хэнком	4965180
политически	4965179
наглая	4965178
подмышки	4965177
родительскии	4965176
денежных	4965175
диктатор	4965174
phone	4965173
оскорбляешь	4965172
лажу	4965171
микроскопом	4965170
контактные	4965169
очистил	4965168
фансаб	4965167
диссертацию	4965166
грибами	4965165
азартных	4965164
арестует	4965163
почести	4965162
стремишься	4965161
надзору	4965160
парикмахерскую	4965159
остатков	4965158
забывала	4965157
прикрываешь	4965156
фарадеи	4965155
дугласа	4965154
нынешнем	4965153
витрину	4965152
посвящен	4965151
разбоиников	4965150
квинс	4965149
совместного	4965148
дианои	4965147
любимому	4965146
трассу	4965145
вонючеи	4965144
слоновои	4965143
входы	4965142
хельга	4965141
прыжков	4965140
викторина	4965139
европеискии	4965138
флоранс	4965137
облегчения	4965136
шила	4965135
веселится	4965134
побрить	4965133
транспортировки	4965132
служебные	4965131
петрович	4965130
очевидного	4965129
клиентах	4965128
десмонд	4965127
ману	4965126
тащили	4965125
молчали	4965124
пропадаешь	4965123
ресурсами	4965122
догадывалась	4965121
портленда	4965120
торчишь	4965119
повнимательнее	4965118
брэиди	4965117
разыграл	4965116
мебелью	4965115
доводит	4965114
прикрываю	4965113
кожаныи	4965112
иона	4965111
одинаковыми	4965110
вытворяет	4965109
everybody	4965108
поблагодарите	4965107
сожжем	4965106
предупреждает	4965105
бокалом	4965104
усталым	4965103
клонов	4965102
воспринимал	4965101
чулане	4965100
страничку	4965099
проку	4965098
проложить	4965097
принципам	4965096
честную	4965095
щедрым	4965094
обокрали	4965093
договору	4965092
хенк	4965091
сочетается	4965090
сдохли	4965089
отходить	4965088
антона	4965087
офицерами	4965086
потрохами	4965085
рамси	4965084
эланна	4965083
сломались	4965082
танцпол	4965081
издания	4965080
виллоу	4965079
копировать	4965078
спичек	4965077
обрушится	4965076
одиночке	4965075
воспитывали	4965074
обняться	4965073
разведен	4965072
присцилла	4965071
франкенштеина	4965070
плевал	4965069
заткнулись	4965068
откровеннои	4965067
арендную	4965066
рюиюъ	4965065
устроистве	4965064
воспримет	4965063
потенциальные	4965062
бинг	4965061
единыи	4965060
вставлять	4965059
щенки	4965058
лазанья	4965057
собачьих	4965056
выбраны	4965055
тяжелом	4965054
неполныи	4965053
татуировок	4965052
публиковать	4965051
газовои	4965050
свежо	4965049
перелома	4965048
деревянная	4965047
смертные	4965046
ковров	4965045
нелогично	4965044
ветка	4965043
немецким	4965042
создаешь	4965041
запутались	4965040
лyчшe	4965039
маккласки	4965038
детально	4965037
квадранте	4965036
частички	4965035
повели	4965034
хоп	4965033
сталкивается	4965032
предательстве	4965031
чтением	4965030
кавано	4965029
футбольном	4965028
банкротства	4965027
кчдх	4965026
сонную	4965025
реконструкция	4965024
густаво	4965023
рыдала	4965022
приставаи	4965021
черновик	4965020
маршруты	4965019
ананас	4965018
обналичить	4965017
ƒa	4965016
вызовешь	4965015
съехаться	4965014
дядюшки	4965013
готэм	4965012
затягивает	4965011
перехитрить	4965010
шлеме	4965009
эсмеральда	4965008
напраснои	4965007
светить	4965006
минкс	4965005
скопление	4965004
дряннои	4965003
вето	4965002
брошь	4965001
прибавь	4965000
папины	4964999
тиган	4964998
кровавых	4964997
откровения	4964996
славным	4964995
аэропорты	4964994
сильвии	4964993
раскрыться	4964992
работниками	4964991
восхищает	4964990
яо	4964989
ножку	4964988
монолог	4964987
политиком	4964986
проходе	4964985
ѕитер	4964984
залп	4964983
арестовывают	4964982
жаждои	4964981
хирургию	4964980
скаинет	4964979
брэнда	4964978
вылечили	4964977
дезодорант	4964976
ближаишую	4964975
порыве	4964974
досрочного	4964973
цитировать	4964972
подружился	4964971
бампер	4964970
климата	4964969
мелочам	4964968
потакать	4964967
отделаешься	4964966
позитивныи	4964965
ведение	4964964
стрелявшии	4964963
рубашкои	4964962
допускает	4964961
жульен	4964960
коммерческих	4964959
сэндвичеи	4964958
ремня	4964957
флоту	4964956
ярлыки	4964955
жизненная	4964954
тя	4964953
постыдного	4964952
равенство	4964951
поженятся	4964950
средствах	4964949
перьев	4964948
гнались	4964947
прочность	4964946
приготовишь	4964945
использована	4964944
возгласы	4964943
инстинктивно	4964942
причале	4964941
интересовали	4964940
грек	4964939
педики	4964938
зедд	4964937
поторопился	4964936
ся	4964935
закрытые	4964934
пробел	4964933
руководстве	4964932
известить	4964931
называя	4964930
педиков	4964929
наде	4964928
выключать	4964927
швеицария	4964926
поворачивает	4964925
птичии	4964924
концертов	4964923
мотивации	4964922
освобождаю	4964921
заполнила	4964920
путешественники	4964919
нехватки	4964918
бессердечныи	4964917
распечатать	4964916
выдержат	4964915
вo	4964914
повышается	4964913
максимальныи	4964912
роскошные	4964911
раввина	4964910
раскроют	4964909
спасательные	4964908
продвигаться	4964907
сознанием	4964906
зон	4964905
взрослую	4964904
дабл	4964903
разыграли	4964902
элоиза	4964901
хал	4964900
просидеть	4964899
отметили	4964898
зритель	4964897
погрузить	4964896
алкаш	4964895
сакура	4964894
голую	4964893
селфи	4964892
свершится	4964891
издательство	4964890
самоубииц	4964889
путешествуют	4964888
сельского	4964887
самолетах	4964886
встречаем	4964885
синтии	4964884
начав	4964883
каллум	4964882
необычнои	4964881
вивер	4964880
media	4964879
стронг	4964878
отстранены	4964877
пансион	4964876
подделкои	4964875
присвоить	4964874
карточкои	4964873
уровнеи	4964872
незаконном	4964871
навалом	4964870
цепочки	4964869
звуковые	4964868
миллионера	4964867
активныи	4964866
передышка	4964865
парламенте	4964864
погибшии	4964863
глобус	4964862
муху	4964861
чутка	4964860
единства	4964859
красок	4964858
аким	4964857
пузыря	4964856
сесил	4964855
троику	4964854
манекен	4964853
мирного	4964852
ip	4964851
знaчит	4964850
черному	4964849
поразило	4964848
мелочью	4964847
богатенькии	4964846
архитектором	4964845
медикаментов	4964844
пробуду	4964843
классного	4964842
планшет	4964841
капюшоном	4964840
miles	4964839
пробуждения	4964838
обвинением	4964837
заре	4964836
запор	4964835
лесть	4964834
иоге	4964833
католическая	4964832
бритвы	4964831
выживают	4964830
торговая	4964829
раскрыты	4964828
пролила	4964827
прячете	4964826
оспаривать	4964825
дрочил	4964824
забирала	4964823
киты	4964822
жаждал	4964821
гигантских	4964820
наемники	4964819
поворачивать	4964818
рошель	4964817
вспыльчивыи	4964816
творил	4964815
литтл	4964814
сокрытие	4964813
слюна	4964812
кобель	4964811
конюшню	4964810
started	4964809
юную	4964808
гдр	4964807
побеседуем	4964806
лаилы	4964805
относись	4964804
опи	4964803
уголовныи	4964802
отрава	4964801
странами	4964800
адресовано	4964799
позабыл	4964798
сообщником	4964797
иголка	4964796
подключил	4964795
внимательным	4964794
зазвонил	4964793
поднятои	4964792
биение	4964791
рущ	4964790
показываите	4964789
ларкин	4964788
молодо	4964787
ожерелья	4964786
неуважительно	4964785
выигрыша	4964784
стоящая	4964783
любящеи	4964782
fun	4964781
банана	4964780
бедрами	4964779
безнадежен	4964778
шумиху	4964777
произнеси	4964776
эксперименте	4964775
кроссворд	4964774
зевса	4964773
оказываюсь	4964772
контрабанды	4964771
запросов	4964770
дневного	4964769
удушения	4964768
gerts	4964767
готье	4964766
трудились	4964765
портного	4964764
икки	4964763
горожане	4964762
склады	4964761
удивились	4964760
усталои	4964759
наберите	4964758
будущую	4964757
оцените	4964756
сидящии	4964755
архиепископ	4964754
прикупить	4964753
ветвь	4964752
овсянку	4964751
безжалостныи	4964750
водкои	4964749
знамение	4964748
тины	4964747
декольте	4964746
ленивая	4964745
соц	4964744
бессмысленныи	4964743
разговариваите	4964742
поставлена	4964741
господни	4964740
провенза	4964739
лио	4964738
обходить	4964737
ель	4964736
униформы	4964735
толстяка	4964734
мокрои	4964733
монашки	4964732
zbz	4964731
отбивные	4964730
бeз	4964729
западных	4964728
чоппер	4964727
плачете	4964726
дружишь	4964725
обедов	4964724
путях	4964723
кэрен	4964722
совместить	4964721
дружелюбным	4964720
мексиканцы	4964719
подписаться	4964718
прячу	4964717
демократическои	4964716
маию	4964715
приличнои	4964714
лучами	4964713
отправляи	4964712
дану	4964711
забыться	4964710
бутч	4964709
бутылочка	4964708
взлет	4964707
расстроит	4964706
отвлеки	4964705
мэрию	4964704
коровои	4964703
атташе	4964702
ругать	4964701
представляя	4964700
вожак	4964699
куини	4964698
мидж	4964697
одетая	4964696
петерсон	4964695
отступил	4964694
смертную	4964693
прятали	4964692
сотрудничает	4964691
проигрывают	4964690
жидкостью	4964689
hand	4964688
нацист	4964687
людскои	4964686
курсом	4964685
сожгите	4964684
очищает	4964683
bring	4964682
пожалуста	4964681
сингер	4964680
break	4964679
углам	4964678
morning	4964677
слизь	4964676
капелла	4964675
гриб	4964674
марони	4964673
каилом	4964672
выполните	4964671
неприятным	4964670
кредиток	4964669
напряжением	4964668
пожеланиями	4964667
истори	4964666
завершению	4964665
отвращения	4964664
запискои	4964663
продвигать	4964662
хичкок	4964661
ldinka	4964660
отменяю	4964659
отправите	4964658
mail	4964657
уставшии	4964656
брачную	4964655
разместили	4964654
истребительница	4964653
путаю	4964652
уилкокс	4964651
толкнули	4964650
умудрилась	4964649
испуганныи	4964648
охранял	4964647
кван	4964646
соединены	4964645
wouldn	4964644
тeпepь	4964643
коммодор	4964642
поведал	4964641
снилась	4964640
разрабатывать	4964639
всадники	4964638
касаемо	4964637
дпсц	4964636
хеллер	4964635
слабаков	4964634
неохота	4964633
санте	4964632
справлялись	4964631
снить	4964630
кузену	4964629
кошечка	4964628
отпугнуть	4964627
выслушаем	4964626
ища	4964625
ƒжеимс	4964624
церковнои	4964623
вишни	4964622
запущу	4964621
рекламнои	4964620
улетаем	4964619
нарушу	4964618
ривз	4964617
злодеем	4964616
отнесем	4964615
скрипки	4964614
супружескои	4964613
мэддокс	4964612
единственному	4964611
красе	4964610
игнорируют	4964609
вырежу	4964608
кофеин	4964607
спер	4964606
воюют	4964605
коротком	4964604
забыв	4964603
разбросаны	4964602
враждебно	4964601
сапогах	4964600
разъехались	4964599
всевышнего	4964598
десятилетие	4964597
футболок	4964596
напряжении	4964595
мощно	4964594
альфонс	4964593
град	4964592
присматриваешь	4964591
патрулировать	4964590
разочаровывает	4964589
пароход	4964588
спрячемся	4964587
шпионит	4964586
назначенныи	4964585
развлекаюсь	4964584
немедля	4964583
родригез	4964582
указаны	4964581
кошмаре	4964580
испытываи	4964579
обновления	4964578
сосредоточены	4964577
кпп	4964576
графике	4964575
шапки	4964574
одобряешь	4964573
заполнили	4964572
президентскии	4964571
злотых	4964570
охраняется	4964569
жуткую	4964568
подготовились	4964567
горькии	4964566
скачек	4964565
загородном	4964564
шоколадных	4964563
японец	4964562
прадо	4964561
анвар	4964560
парочке	4964559
тюряге	4964558
пьяницеи	4964557
дипломатическии	4964556
заварил	4964555
заменила	4964554
венеция	4964553
отрицательная	4964552
служанкои	4964551
запятая	4964550
обезумел	4964549
экспонат	4964548
нy	4964547
совершенным	4964546
повторюсь	4964545
микроскоп	4964544
вздумал	4964543
мудрые	4964542
сбережении	4964541
пятнице	4964540
подождала	4964539
уныло	4964538
разыскиваемых	4964537
создается	4964536
занятием	4964535
искру	4964534
изъяли	4964533
фрикадельки	4964532
дикареи	4964531
полюсе	4964530
доходят	4964529
порезали	4964528
преувеличение	4964527
временных	4964526
аута	4964525
отработал	4964524
холодном	4964523
кчакч	4964522
небольшими	4964521
картофельные	4964520
проигрываем	4964519
разорвет	4964518
рубин	4964517
закричать	4964516
объявлять	4964515
моделями	4964514
танцуите	4964513
кончик	4964512
беседуем	4964511
дополнительного	4964510
оли	4964509
рольф	4964508
серы	4964507
дизаинера	4964506
ие	4964505
хоппер	4964504
осчастливить	4964503
рассмешить	4964502
колпак	4964501
придерживаюсь	4964500
анджелесе	4964499
финальнои	4964498
судного	4964497
индиискои	4964496
таррант	4964495
леитон	4964494
служишь	4964493
коллектива	4964492
плывут	4964491
трубои	4964490
вонять	4964489
государственным	4964488
эпизода	4964487
конечнои	4964486
оргии	4964485
смертельного	4964484
худо	4964483
обслужить	4964482
молчаливыи	4964481
нервничают	4964480
светскои	4964479
символов	4964478
обыщем	4964477
настоичив	4964476
соседнии	4964475
оправдаться	4964474
выдумали	4964473
республику	4964472
зажигание	4964471
автоматом	4964470
ceгoдня	4964469
умоляет	4964468
исторических	4964467
безумны	4964466
размахивать	4964465
строчка	4964464
повернули	4964463
креимер	4964462
проделки	4964461
ѕусть	4964460
презирать	4964459
опорои	4964458
бьiли	4964457
единственном	4964456
барселоне	4964455
корнями	4964454
хэивена	4964453
очаровательные	4964452
translators	4964451
пушистыи	4964450
влетит	4964449
гордая	4964448
осудят	4964447
лимонныи	4964446
преодолевать	4964445
энжи	4964444
микрофоны	4964443
переднии	4964442
хроники	4964441
возвращаем	4964440
tout	4964439
спустили	4964438
умничаи	4964437
погостить	4964436
метрополиса	4964435
бунгало	4964434
разнесу	4964433
приглядеть	4964432
домохозяек	4964431
ахх	4964430
завалю	4964429
очистили	4964428
хонда	4964427
отказывалась	4964426
принесете	4964425
непосредственнои	4964424
проидись	4964423
задира	4964422
похудеть	4964421
потерянным	4964420
церковныи	4964419
неравнодушен	4964418
косои	4964417
ватикана	4964416
товарищем	4964415
невиновныи	4964414
созданная	4964413
фернан	4964412
спидом	4964411
художница	4964410
рождественского	4964409
смокинге	4964408
американскому	4964407
присяжного	4964406
угораздило	4964405
мюзикле	4964404
подозрительные	4964403
федералами	4964402
придают	4964401
происходящем	4964400
нуле	4964399
незамеченными	4964398
убрались	4964397
любимица	4964396
данкан	4964395
унрек	4964394
левые	4964393
поставлен	4964392
луторкорп	4964391
шотландия	4964390
отпускаите	4964389
колонка	4964388
щедрости	4964387
контеинера	4964386
таблички	4964385
явное	4964384
лама	4964383
задержит	4964382
свадебнои	4964381
заказываю	4964380
гуляешь	4964379
неитральнои	4964378
сантехник	4964377
стрендж	4964376
причастие	4964375
бегства	4964374
лагерю	4964373
фердинанд	4964372
бн	4964371
сплетницы	4964370
накрыли	4964369
ресницы	4964368
move	4964367
воспитании	4964366
атланту	4964365
даруи	4964364
россом	4964363
восторга	4964362
изложить	4964361
острого	4964360
доставлены	4964359
сессии	4964358
ступенькам	4964357
нарушена	4964356
турецкии	4964355
отступлю	4964354
огурец	4964353
немцами	4964352
злюка	4964351
моралес	4964350
массои	4964349
посчитаи	4964348
мирным	4964347
топаз	4964346
понедельникам	4964345
информаторов	4964344
извращенца	4964343
магнолия	4964342
музыканта	4964341
настаивают	4964340
евеи	4964339
школьники	4964338
лобо	4964337
аляску	4964336
приманки	4964335
иски	4964334
кореискии	4964333
подписывался	4964332
дорожнои	4964331
попав	4964330
шаман	4964329
саиласа	4964328
обладаешь	4964327
преступникам	4964326
приблизились	4964325
жутких	4964324
иоланда	4964323
булочка	4964322
романтичным	4964321
обогреватель	4964320
сотворила	4964319
развлекались	4964318
пыльца	4964317
леденцов	4964316
счастливица	4964315
огорчен	4964314
дyмaю	4964313
сохранился	4964312
кинокомпания	4964311
озарение	4964310
метал	4964309
сожалел	4964308
джошу	4964307
снаиперов	4964306
повозка	4964305
исследователи	4964304
полюса	4964303
парком	4964302
лабораториеи	4964301
саддама	4964300
приор	4964299
трента	4964298
пустякам	4964297
сеньоры	4964296
лапать	4964295
борги	4964294
консьерж	4964293
громила	4964292
наиденнои	4964291
публичнои	4964290
пожалеи	4964289
рекомендовать	4964288
і	4964287
пoтoмy	4964286
поило	4964285
химическая	4964284
морозилке	4964283
федеральному	4964282
жиголо	4964281
ровер	4964280
родство	4964279
заверяю	4964278
заставив	4964277
безопасную	4964276
корпорацию	4964275
отбора	4964274
опоздаете	4964273
двоином	4964272
вскрывать	4964271
набираю	4964270
неизменно	4964269
стоящим	4964268
европеиских	4964267
загадал	4964266
порочныи	4964265
бреду	4964264
юл	4964263
шестерка	4964262
титула	4964261
зверски	4964260
лексингтон	4964259
настоятель	4964258
фазы	4964257
high	4964256
расчитывать	4964255
изобрести	4964254
дуаита	4964253
пожелаите	4964252
радовался	4964251
ебал	4964250
первоначальныи	4964249
доведет	4964248
полезных	4964247
чувствительные	4964246
eи	4964245
набросились	4964244
ординатор	4964243
сворачиваи	4964242
case	4964241
обдумала	4964240
медбрат	4964239
поджигатель	4964238
дeнь	4964237
line	4964236
извольте	4964235
неправильная	4964234
ноту	4964233
кимбер	4964232
камп	4964231
поссать	4964230
употребляет	4964229
sub	4964228
кодексу	4964227
картман	4964226
покончи	4964225
четвертую	4964224
расстроились	4964223
дергаться	4964222
борг	4964221
маиору	4964220
отметку	4964219
мохито	4964218
злобные	4964217
корсет	4964216
бедны	4964215
наградить	4964214
сопровождает	4964213
ачжосси	4964212
тренировочныи	4964211
жертвоприношения	4964210
незаконныи	4964209
чувствительным	4964208
трусишка	4964207
навела	4964206
всемирныи	4964205
часовню	4964204
примириться	4964203
прочесать	4964202
благодарностеи	4964201
украденныи	4964200
уютныи	4964199
мужественно	4964198
напевает	4964197
внимательныи	4964196
каламбур	4964195
вмешивается	4964194
огромна	4964193
тесновато	4964192
антенну	4964191
пожрать	4964190
ведущую	4964189
дороговато	4964188
прибежал	4964187
лорреин	4964186
обедала	4964185
саммит	4964184
задаете	4964183
генеральным	4964182
выслушала	4964181
суров	4964180
риччи	4964179
кесси	4964178
шиллинг	4964177
письменныи	4964176
визитки	4964175
отведет	4964174
творец	4964173
ругался	4964172
мопед	4964171
вышвырнут	4964170
раннем	4964169
мирах	4964168
остывает	4964167
желтого	4964166
сыро	4964165
усыновлению	4964164
халатности	4964163
завидовала	4964162
лапал	4964161
ответственного	4964160
мумбаи	4964159
концовку	4964158
соседнюю	4964157
удивлению	4964156
пожилые	4964155
изюм	4964154
оуэном	4964153
старину	4964152
приобретение	4964151
грохнуть	4964150
пижон	4964149
мицуко	4964148
вирусы	4964147
основаниях	4964146
череда	4964145
колыбели	4964144
поцелует	4964143
дедсьию	4964142
озадачен	4964141
превращаешься	4964140
меньшинстве	4964139
отговорка	4964138
выдумываешь	4964137
бекс	4964136
превратишься	4964135
суровые	4964134
ломал	4964133
возможном	4964132
дурью	4964131
взобраться	4964130
фиджи	4964129
ман	4964128
пошутили	4964127
высшему	4964126
гарт	4964125
ароматом	4964124
закусок	4964123
универсальныи	4964122
порнография	4964121
денвере	4964120
галлонов	4964119
альфы	4964118
повышеннои	4964117
сандовал	4964116
тощая	4964115
темнице	4964114
холоден	4964113
орак	4964112
купюр	4964111
клубнику	4964110
фрибо	4964109
шнурок	4964108
соидут	4964107
кустов	4964106
партнеру	4964105
изделия	4964104
землян	4964103
придерживаемся	4964102
продана	4964101
оракул	4964100
спровоцировал	4964099
разрушается	4964098
исусе	4964097
линдои	4964096
государству	4964095
выдвинули	4964094
шапочку	4964093
религиозным	4964092
нарываешься	4964091
откроися	4964090
контеинеров	4964089
реабилитационныи	4964088
жестоком	4964087
пунша	4964086
солнечную	4964085
браиану	4964084
извращенка	4964083
пищит	4964082
картофельныи	4964081
переводы	4964080
баскетбольнои	4964079
попки	4964078
лафи	4964077
племена	4964076
пены	4964075
хавьера	4964074
сдохнет	4964073
забеге	4964072
дартс	4964071
дежурства	4964070
заключен	4964069
сезар	4964068
бетона	4964067
вынь	4964066
камнях	4964065
пристрелишь	4964064
снаряды	4964063
прескотт	4964062
корпоративнои	4964061
кошке	4964060
часики	4964059
реши	4964058
демократию	4964057
цыц	4964056
долбанные	4964055
дарлин	4964054
спящая	4964053
обитают	4964052
подвергает	4964051
целуемся	4964050
коики	4964049
черепах	4964048
насмехаться	4964047
контрактов	4964046
кэди	4964045
странностями	4964044
пристрастие	4964043
бяецн	4964042
берроуз	4964041
категорию	4964040
двигаем	4964039
разочарую	4964038
рассердилась	4964037
виолончели	4964036
твердые	4964035
суждение	4964034
связывало	4964033
командировку	4964032
оппозиции	4964031
разгребать	4964030
дверям	4964029
сапожник	4964028
ученицеи	4964027
тауб	4964026
тащиться	4964025
астероид	4964024
скинул	4964023
наконечник	4964022
храпит	4964021
оглянитесь	4964020
надевают	4964019
джаспера	4964018
торте	4964017
сужает	4964016
кис	4964015
жаренои	4964014
повторение	4964013
третьему	4964012
лимузина	4964011
наследственное	4964010
гриппом	4964009
пропавшем	4964008
январь	4964007
обсуждению	4964006
плоскии	4964005
процессор	4964004
сравним	4964003
уэллса	4964002
lа	4964001
участвуем	4964000
рекламировать	4963999
ульрих	4963998
скучное	4963997
пикчерз	4963996
этoи	4963995
потрясная	4963994
преданнои	4963993
болели	4963992
иране	4963991
реабилитация	4963990
находок	4963989
наемныи	4963988
заиметесь	4963987
дерешься	4963986
медосмотр	4963985
выписывают	4963984
умершеи	4963983
таможню	4963982
гэб	4963981
показываем	4963980
империеи	4963979
америкои	4963978
тирании	4963977
нанесет	4963976
репортером	4963975
ванессы	4963974
буг	4963973
хотчнер	4963972
успокаивать	4963971
джез	4963970
браток	4963969
прерваться	4963968
сделанных	4963967
кемпбелл	4963966
статьеи	4963965
идя	4963964
переступить	4963963
пристегни	4963962
job	4963961
гарсиа	4963960
тянутся	4963959
шоппинг	4963958
шапиро	4963957
избавьте	4963956
рекомендация	4963955
претендент	4963954
мифологии	4963953
истребитель	4963952
voice	4963951
луизу	4963950
холодных	4963949
свод	4963948
молодца	4963947
определился	4963946
залил	4963945
брэтт	4963944
обучен	4963943
галактику	4963942
роллинг	4963941
ирландцев	4963940
проведя	4963939
отвергает	4963938
эру	4963937
флиртуешь	4963936
умели	4963935
зацепило	4963934
мокрое	4963933
морфия	4963932
строите	4963931
письмами	4963930
гордыня	4963929
увидемся	4963928
творю	4963927
путешествуем	4963926
филу	4963925
захватывающим	4963924
поужинали	4963923
суды	4963922
плотность	4963921
se	4963920
хань	4963919
прекращает	4963918
сочинения	4963917
отдохнул	4963916
престолов	4963915
хакеров	4963914
таблицы	4963913
доверилась	4963912
леопольд	4963911
морено	4963910
сов	4963909
биологических	4963908
психиатрическая	4963907
дождалась	4963906
сэром	4963905
почищу	4963904
пруда	4963903
конфетти	4963902
монаха	4963901
мэк	4963900
замкнутыи	4963899
витрины	4963898
невообразимо	4963897
трио	4963896
подстрелила	4963895
блох	4963894
постараешься	4963893
русалка	4963892
силуэт	4963891
улыбаемся	4963890
потяни	4963889
юбер	4963888
симпсоны	4963887
очисти	4963886
лодыжке	4963885
трахаи	4963884
воспоминаниям	4963883
одолжения	4963882
сандалии	4963881
подбор	4963880
устраивала	4963879
браиена	4963878
юнит	4963877
яицах	4963876
аппендикс	4963875
основать	4963874
хранители	4963873
резню	4963872
пронесло	4963871
фаско	4963870
национальным	4963869
подогнать	4963868
вдаль	4963867
заманили	4963866
отключаися	4963865
душами	4963864
вырывается	4963863
полевые	4963862
вижусь	4963861
выполним	4963860
прочно	4963859
гардинер	4963858
скаипу	4963857
выдохся	4963856
обдумаи	4963855
канцлера	4963854
снимка	4963853
приключилось	4963852
шрама	4963851
пупок	4963850
гэбриэл	4963849
стиральнои	4963848
установлю	4963847
пристрелят	4963846
зелья	4963845
достоинству	4963844
светлои	4963843
одинаковая	4963842
дилеров	4963841
фермои	4963840
встанут	4963839
мониторе	4963838
смирюсь	4963837
палочками	4963836
залу	4963835
популярное	4963834
увидишься	4963833
жаре	4963832
избежали	4963831
девственницы	4963830
подушек	4963829
киоск	4963828
размерах	4963827
слуховои	4963826
сторибрук	4963825
невредим	4963824
спикер	4963823
карэн	4963822
весточку	4963821
эдвина	4963820
посредине	4963819
волосатые	4963818
извращение	4963817
полезными	4963816
имитирует	4963815
запоминаю	4963814
отслеживаю	4963813
шляпои	4963812
сбрасывать	4963811
исследуем	4963810
плесени	4963809
веселых	4963808
темницу	4963807
отрастил	4963806
стаканчиков	4963805
неловкии	4963804
пустует	4963803
руководители	4963802
ударим	4963801
накладные	4963800
ложному	4963799
осло	4963798
наживка	4963797
останавливаюсь	4963796
плывем	4963795
бабои	4963794
последствиям	4963793
близ	4963792
заявлял	4963791
start	4963790
вкалывать	4963789
прикрыла	4963788
сыщика	4963787
отрезаны	4963786
судебная	4963785
кусаться	4963784
камине	4963783
реиха	4963782
легиона	4963781
ответу	4963780
игор	4963779
долге	4963778
фарли	4963777
вычисления	4963776
девис	4963775
полагая	4963774
одинаковое	4963773
записывали	4963772
нарисую	4963771
трасса	4963770
итальянское	4963769
дзынь	4963768
витамин	4963767
объективно	4963766
сюрприза	4963765
смиренно	4963764
отступают	4963763
махинации	4963762
нуар	4963761
визите	4963760
косички	4963759
сказало	4963758
книгам	4963757
hope	4963756
вызываем	4963755
опозорить	4963754
значили	4963753
крута	4963752
наивна	4963751
сраного	4963750
рыбалки	4963749
диваном	4963748
улетаи	4963747
уследить	4963746
гомосексуалистов	4963745
категория	4963744
взаимопонимание	4963743
убившего	4963742
облаву	4963741
бартлет	4963740
доноров	4963739
всевозможные	4963738
королевским	4963737
moжeт	4963736
дружил	4963735
отморозок	4963734
неспособен	4963733
уэнди	4963732
наврала	4963731
мэдс	4963730
издевательство	4963729
двa	4963728
двигаясь	4963727
спазмы	4963726
выставляешь	4963725
чтиво	4963724
лун	4963723
своди	4963722
ботан	4963721
брасс	4963720
отчаянных	4963719
говном	4963718
предательством	4963717
соучастие	4963716
брошеннои	4963715
взрывное	4963714
религиозная	4963713
выпивает	4963712
протоколе	4963711
пробежала	4963710
борцов	4963709
наивным	4963708
самоубиица	4963707
включение	4963706
невредимои	4963705
осмелится	4963704
исхода	4963703
пригласят	4963702
количествах	4963701
перечень	4963700
вращение	4963699
лужаику	4963698
единогласно	4963697
чуму	4963696
знакомыми	4963695
гиганты	4963694
смертным	4963693
лафаиетт	4963692
симпатичную	4963691
заменю	4963690
завет	4963689
вчерашнюю	4963688
тяну	4963687
пробудить	4963686
правительственных	4963685
звучание	4963684
терезу	4963683
наблюдателя	4963682
напарнику	4963681
народы	4963680
ватерлоо	4963679
артрит	4963678
передадут	4963677
безнаказанно	4963676
эля	4963675
массимо	4963674
случаиного	4963673
правдивая	4963672
извращенцев	4963671
румпель	4963670
кткуда	4963669
сонг	4963668
наведения	4963667
опытные	4963666
листы	4963665
гамильтона	4963664
прыщ	4963663
побеспокоит	4963662
разузнал	4963661
психиатрическую	4963660
адскую	4963659
причиняешь	4963658
громадныи	4963657
бэлла	4963656
влезла	4963655
осколков	4963654
труса	4963653
катаюсь	4963652
анестезии	4963651
ежедневник	4963650
поразмыслить	4963649
существуем	4963648
идентифицировали	4963647
флинта	4963646
бумажка	4963645
спазм	4963644
выставлю	4963643
придерживаися	4963642
перенаправить	4963641
казнью	4963640
фантазиях	4963639
бонго	4963638
ѕотом	4963637
чаилдс	4963636
визитов	4963635
прощаешь	4963634
обвинит	4963633
спрячем	4963632
застрахован	4963631
маио	4963630
наблюдателеи	4963629
чета	4963628
медэксперт	4963627
идиотское	4963626
покинь	4963625
зебра	4963624
объединимся	4963623
медицинои	4963622
кэитлин	4963621
приложила	4963620
командировки	4963619
народныи	4963618
штамп	4963617
актив	4963616
вытерпеть	4963615
волшебству	4963614
потрясены	4963613
промокла	4963612
благословить	4963611
ганнибала	4963610
подправить	4963609
муравьев	4963608
танкреди	4963607
погребе	4963606
воздушном	4963605
придурками	4963604
шлемы	4963603
доступные	4963602
завалили	4963601
мауч	4963600
оценок	4963599
стирка	4963598
гнилои	4963597
движению	4963596
милостыню	4963595
called	4963594
дауна	4963593
забронировать	4963592
извиняемся	4963591
стринги	4963590
замку	4963589
катера	4963588
ссать	4963587
креига	4963586
задержитесь	4963585
ветеринара	4963584
кроссовок	4963583
отам	4963582
погрузился	4963581
рвется	4963580
факте	4963579
порадует	4963578
протесты	4963577
терапевтом	4963576
лезвием	4963575
разложить	4963574
попытать	4963573
трудную	4963572
аудиториеи	4963571
дохлыи	4963570
прихожан	4963569
виновныи	4963568
кабан	4963567
денниса	4963566
отстранена	4963565
жирных	4963564
бернадет	4963563
отзови	4963562
карр	4963561
непредсказуем	4963560
одолжите	4963559
неизвестное	4963558
прикован	4963557
кливленде	4963556
ливия	4963555
магистрат	4963554
мири	4963553
воюем	4963552
накопить	4963551
овечка	4963550
соседнего	4963549
трюме	4963548
запусти	4963547
смеху	4963546
нашлись	4963545
отстанет	4963544
абзац	4963543
командовал	4963542
стрижки	4963541
твистер	4963540
щрхл	4963539
бегун	4963538
соскучились	4963537
джины	4963536
разбогател	4963535
огоньку	4963534
подчиненных	4963533
сотворили	4963532
шантажирует	4963531
сообразительныи	4963530
yourself	4963529
разная	4963528
просидела	4963527
глобального	4963526
чоу	4963525
недавнеи	4963524
продолжалась	4963523
колсон	4963522
стольким	4963521
хантера	4963520
тронулся	4963519
изысканно	4963518
подчиняются	4963517
вступления	4963516
крадешь	4963515
предсказания	4963514
голосуют	4963513
пэрриш	4963512
промыли	4963511
разумнее	4963510
египтяне	4963509
марджи	4963508
макинтош	4963507
розовую	4963506
отбросов	4963505
пен	4963504
вони	4963503
пересмотрел	4963502
юридического	4963501
чокнутым	4963500
потрясти	4963499
подобрались	4963498
трезвости	4963497
тушь	4963496
сердит	4963495
греческого	4963494
ванессои	4963493
коленом	4963492
кризисе	4963491
сулит	4963490
поэтично	4963489
вытекает	4963488
фирменное	4963487
нуна	4963486
предоставляется	4963485
хозяиству	4963484
отрезала	4963483
убираюсь	4963482
самими	4963481
переправить	4963480
жарче	4963479
уолтеру	4963478
дудку	4963477
процветания	4963476
обставить	4963475
рику	4963474
острыми	4963473
верблюда	4963472
размах	4963471
лисы	4963470
отчетах	4963469
безупречен	4963468
закрытом	4963467
тигров	4963466
сосредоточился	4963465
растяпа	4963464
уд	4963463
внушил	4963462
торчвуд	4963461
ведре	4963460
подлодки	4963459
смутить	4963458
впутываи	4963457
elsesomeone	4963456
плоская	4963455
акселя	4963454
иных	4963453
село	4963452
точны	4963451
секрета	4963450
леони	4963449
лимонов	4963448
желаниям	4963447
мундир	4963446
хаитауэр	4963445
журналистам	4963444
минуте	4963443
факультете	4963442
задушена	4963441
упоминании	4963440
отправке	4963439
людвиг	4963438
венам	4963437
сопротивляется	4963436
экономка	4963435
современную	4963434
трущобы	4963433
провокация	4963432
вынудить	4963431
жилу	4963430
матчи	4963429
пепперони	4963428
роу	4963427
беитса	4963426
инвалидом	4963425
устроены	4963424
лису	4963423
видишься	4963422
перебил	4963421
посмеялись	4963420
брин	4963419
нуждающимся	4963418
алану	4963417
дарует	4963416
желудком	4963415
мальчишке	4963414
энергичныи	4963413
ipod	4963412
транспортных	4963411
nataliya	4963410
крышки	4963409
скольким	4963408
ранои	4963407
бе	4963406
ветров	4963405
медузы	4963404
задолжали	4963403
тoжe	4963402
возмещение	4963401
кумир	4963400
дурачка	4963399
арамис	4963398
образуют	4963397
возможную	4963396
дюпре	4963395
чужак	4963394
отбоя	4963393
макарон	4963392
хозяике	4963391
клеопатра	4963390
свинои	4963389
закинуть	4963388
бессмертныи	4963387
отыграться	4963386
оил	4963385
усиливает	4963384
плыл	4963383
ценно	4963382
отрывать	4963381
прекращение	4963380
скользко	4963379
свадебная	4963378
трагическая	4963377
опроса	4963376
покровом	4963375
юношу	4963374
естественного	4963373
рамку	4963372
отравлена	4963371
игрушечныи	4963370
тесла	4963369
насладимся	4963368
снижается	4963367
взрыву	4963366
наклонись	4963365
везучая	4963364
бредом	4963363
нацбезопасности	4963362
прелестна	4963361
денвера	4963360
навек	4963359
накричал	4963358
картелем	4963357
лунном	4963356
запускаите	4963355
возражала	4963354
весенних	4963353
кардассии	4963352
световои	4963351
маршруте	4963350
цыганка	4963349
цветных	4963348
сформировать	4963347
сыновьям	4963346
пороть	4963345
имение	4963344
слабыми	4963343
убоиного	4963342
славнои	4963341
спектра	4963340
выносят	4963339
впечатляющее	4963338
воровала	4963337
тинои	4963336
мэтту	4963335
педиком	4963334
тыква	4963333
бритву	4963332
пана	4963331
milo	4963330
герти	4963329
watch	4963328
лучом	4963327
накачать	4963326
ферг	4963325
пoчему	4963324
жучка	4963323
аиноя	4963322
заданию	4963321
бан	4963320
сложностеи	4963319
населением	4963318
хэммонд	4963317
лобстера	4963316
противоречия	4963315
прилягу	4963314
неверных	4963313
марихуанои	4963312
мумии	4963311
дисциплину	4963310
венок	4963309
харкер	4963308
биология	4963307
симпатяга	4963306
неспокоино	4963305
бару	4963304
сожалеете	4963303
нот	4963302
поселилась	4963301
возникновения	4963300
карп	4963299
экономии	4963298
твориться	4963297
посох	4963296
высот	4963295
вытянул	4963294
младшему	4963293
налил	4963292
notabenoid	4963291
поохотиться	4963290
горькая	4963289
лаиман	4963288
нападаи	4963287
автостраде	4963286
ларсон	4963285
секретарши	4963284
turn	4963283
луису	4963282
прокуратуре	4963281
муку	4963280
картофеля	4963279
торчал	4963278
воспитывала	4963277
ухаживания	4963276
спящии	4963275
самуэль	4963274
люб	4963273
cэp	4963272
таши	4963271
полюбуися	4963270
сетеи	4963269
холост	4963268
желаниях	4963267
лпояы	4963266
mom	4963265
обрюхатил	4963264
длительныи	4963263
сдадим	4963262
рауля	4963261
удерживали	4963260
превысил	4963259
никсона	4963258
макет	4963257
котенка	4963256
болотах	4963255
ллоида	4963254
поджимает	4963253
подевалась	4963252
разобрали	4963251
утюг	4963250
буратино	4963249
прислушаитесь	4963248
подешевле	4963247
алфи	4963246
начо	4963245
четырем	4963244
чеснока	4963243
органические	4963242
промолчать	4963241
атакован	4963240
экстренных	4963239
скорпиона	4963238
адаптироваться	4963237
греби	4963236
реди	4963235
апокко	4963234
подписку	4963233
очиститься	4963232
перебрала	4963231
ленин	4963230
исполнителеи	4963229
дeлo	4963228
уязвимои	4963227
разбираемся	4963226
ладит	4963225
разрешать	4963224
притяжение	4963223
допрашивают	4963222
правят	4963221
молоть	4963220
защитное	4963219
прощени	4963218
отмечали	4963217
предостеречь	4963216
лжецов	4963215
заполняет	4963214
каролин	4963213
связанными	4963212
учителям	4963211
подсунул	4963210
пациентке	4963209
стальная	4963208
запросили	4963207
послушался	4963206
приближаюсь	4963205
полотенцем	4963204
фургоном	4963203
щеночек	4963202
эштон	4963201
утратили	4963200
чертовки	4963199
праиса	4963198
рути	4963197
споре	4963196
коням	4963195
воспитан	4963194
наказании	4963193
уплыл	4963192
воспринимаи	4963191
откладывается	4963190
усомниться	4963189
запросить	4963188
объясняться	4963187
увлекается	4963186
лить	4963185
конкретнее	4963184
гарфилд	4963183
провернули	4963182
футболом	4963181
модная	4963180
билетом	4963179
поправлюсь	4963178
католичка	4963177
фокстрот	4963176
практиковать	4963175
побила	4963174
крестовыи	4963173
полевых	4963172
гриндеила	4963171
индастрис	4963170
возможная	4963169
волнами	4963168
мышцу	4963167
проигрывал	4963166
ану	4963165
гуантанамо	4963164
забором	4963163
изгоем	4963162
энтузиазмом	4963161
обижал	4963160
туже	4963159
резинку	4963158
eе	4963157
придерживается	4963156
утешать	4963155
тронули	4963154
учуял	4963153
спарки	4963152
шоколаднои	4963151
подвиньтесь	4963150
желанныи	4963149
заправиться	4963148
похищают	4963147
каблук	4963146
королевском	4963145
резинка	4963144
ближаишим	4963143
смешите	4963142
поцелуемся	4963141
милуоки	4963140
локи	4963139
удали	4963138
кэлвин	4963137
языками	4963136
eye	4963135
обстоятельствами	4963134
морального	4963133
ролекс	4963132
фанатик	4963131
переполнены	4963130
признаком	4963129
сказанного	4963128
подозреваемыми	4963127
кальция	4963126
мощнои	4963125
прыгаем	4963124
кертиса	4963123
добудем	4963122
помешался	4963121
миллионам	4963120
разослал	4963119
задержаны	4963118
гаррисона	4963117
половых	4963116
тусовки	4963115
ручек	4963114
серены	4963113
украдкои	4963112
бываете	4963111
вол	4963110
стволов	4963109
маркусом	4963108
убегали	4963107
беленко	4963106
невидимые	4963105
сухое	4963104
батиата	4963103
противоположнои	4963102
вмешиваитесь	4963101
деила	4963100
взлетели	4963099
провоцирует	4963098
похороним	4963097
выслушаешь	4963096
мошенница	4963095
муссолини	4963094
сырные	4963093
совместные	4963092
спеша	4963091
испытываем	4963090
картинах	4963089
облажаися	4963088
выпрыгнуть	4963087
гребаных	4963086
чуи	4963085
корал	4963084
сложен	4963083
просматривать	4963082
одобрить	4963081
реформы	4963080
заботят	4963079
порядочным	4963078
хэдли	4963077
скульптура	4963076
компонент	4963075
латинскои	4963074
раненого	4963073
воспроизвести	4963072
гангстеров	4963071
глядишь	4963070
лпояеи	4963069
областях	4963068
спасительница	4963067
приближался	4963066
правлении	4963065
процессу	4963064
водят	4963063
составлял	4963062
прощальную	4963061
испорчено	4963060
комитету	4963059
рискни	4963058
петуха	4963057
демократы	4963056
щрю	4963055
мартои	4963054
уговорю	4963053
подчинить	4963052
увеличьте	4963051
обитателеи	4963050
тюремная	4963049
лекарствах	4963048
узри	4963047
оторвался	4963046
интернов	4963045
пулемет	4963044
гигантов	4963043
христианскии	4963042
прекращении	4963041
причиним	4963040
ружьем	4963039
тенденция	4963038
выродок	4963037
мессы	4963036
used	4963035
шокированы	4963034
парнишки	4963033
осуждение	4963032
сносить	4963031
бездельничать	4963030
брут	4963029
продолжила	4963028
запястьях	4963027
труппы	4963026
опнярхре	4963025
суматоха	4963024
нищим	4963023
лифтом	4963022
макино	4963021
каллена	4963020
баскетбольныи	4963019
пылью	4963018
текущее	4963017
бухла	4963016
ибрагим	4963015
страшновато	4963014
соседскии	4963013
милк	4963012
замолвить	4963011
защитите	4963010
тоньше	4963009
смотрелся	4963008
хоронили	4963007
магазину	4963006
тоесть	4963005
монахов	4963004
гомес	4963003
благополучия	4963002
китнисс	4963001
исполнит	4963000
химического	4962999
вылечу	4962998
sir	4962997
раздумывая	4962996
льстите	4962995
порезов	4962994
реифы	4962993
совладать	4962992
пшеницы	4962991
ценен	4962990
нахождение	4962989
управляющему	4962988
oкеи	4962987
петрелли	4962986
преодолели	4962985
даришь	4962984
покорныи	4962983
джаффа	4962982
наделать	4962981
практиковался	4962980
побои	4962979
дискриминация	4962978
смелое	4962977
лебедя	4962976
лукасом	4962975
избивает	4962974
заплатив	4962973
смыл	4962972
мху	4962971
воспоминанием	4962970
портос	4962969
фантазиеи	4962968
юбкои	4962967
настали	4962966
крутился	4962965
союзниками	4962964
заезжал	4962963
удалю	4962962
арон	4962961
могущество	4962960
выживут	4962959
обложка	4962958
потеряться	4962957
отдыхают	4962956
мэисона	4962955
незнакомцу	4962954
помощнику	4962953
делили	4962952
стандартное	4962951
повторения	4962950
уникальным	4962949
al	4962948
слетела	4962947
кумар	4962946
фен	4962945
ярнхр	4962944
занимаите	4962943
вывезли	4962942
терпеливым	4962941
томсон	4962940
бассеином	4962939
джоли	4962938
яинпн	4962937
химическои	4962936
вечернюю	4962935
реиф	4962934
захватывающии	4962933
бурная	4962932
мячеи	4962931
негативные	4962930
поддержат	4962929
заплакала	4962928
хрипит	4962927
укрепления	4962926
железное	4962925
потратишь	4962924
ряъ	4962923
устоит	4962922
клитор	4962921
заключенными	4962920
гретель	4962919
сумасшествия	4962918
пегас	4962917
криминальныи	4962916
данному	4962915
духовным	4962914
ностальгия	4962913
нужду	4962912
стареишины	4962911
масс	4962910
завтракал	4962909
ворчун	4962908
паровоз	4962907
радуются	4962906
ѕодожди	4962905
рационально	4962904
разочарованием	4962903
ложнои	4962902
зарабатываем	4962901
подменили	4962900
заключенная	4962899
atever	4962898
непредвиденные	4962897
гориллы	4962896
таином	4962895
польскии	4962894
ask	4962893
носителя	4962892
божью	4962891
организмы	4962890
забавляет	4962889
fight	4962888
сциллу	4962887
манхеттене	4962886
пасхи	4962885
милиция	4962884
имеющие	4962883
сорен	4962882
каши	4962881
весеннии	4962880
религиеи	4962879
высылаю	4962878
пловец	4962877
монтане	4962876
повторного	4962875
разрушении	4962874
авиалинии	4962873
розового	4962872
повзрослела	4962871
слетать	4962870
показаниями	4962869
хоз	4962868
калле	4962867
неплохую	4962866
полночи	4962865
объятьях	4962864
смску	4962863
обыщи	4962862
скрывая	4962861
прикрепить	4962860
очнитесь	4962859
распространилась	4962858
превращаюсь	4962857
новичкам	4962856
починим	4962855
четверка	4962854
преступнику	4962853
выкинут	4962852
bee	4962851
выдумать	4962850
донована	4962849
существенное	4962848
разработан	4962847
веллингтон	4962846
чулан	4962845
елка	4962844
мэтьюс	4962843
реинджеры	4962842
влажная	4962841
профессиональном	4962840
простофиля	4962839
гертруда	4962838
малявка	4962837
поискал	4962836
мэган	4962835
разоидутся	4962834
shit	4962833
олимпиаде	4962832
испанцы	4962831
выпущена	4962830
взбесится	4962829
прощаем	4962828
подобен	4962827
девкои	4962826
переходе	4962825
веи	4962824
отстану	4962823
накама	4962822
потаскушка	4962821
mine	4962820
талантливым	4962819
выкинет	4962818
злоупотреблять	4962817
стамбул	4962816
стареешь	4962815
тьмои	4962814
намекает	4962813
отменен	4962812
паршивои	4962811
нищие	4962810
неэтично	4962809
бесишься	4962808
пригодились	4962807
наводнение	4962806
рамос	4962805
филли	4962804
шлюпку	4962803
докторам	4962802
обн	4962801
воспрещен	4962800
григории	4962799
тэрри	4962798
флотом	4962797
учебнои	4962796
кужно	4962795
колыбель	4962794
смеясь	4962793
стопы	4962792
ƒело	4962791
командировке	4962790
ватит	4962789
техническая	4962788
похищал	4962787
катиться	4962786
переломов	4962785
маикле	4962784
билетами	4962783
англииское	4962782
water	4962781
базовыи	4962780
кулинарии	4962779
тьι	4962778
бесится	4962777
буржински	4962776
наступили	4962775
инженерныи	4962774
ирландская	4962773
лего	4962772
кличку	4962771
достоинств	4962770
величаишие	4962769
серебрянои	4962768
патрульнои	4962767
убитая	4962766
спасала	4962765
упрямым	4962764
восьмая	4962763
поддержишь	4962762
использовалось	4962761
дaжe	4962760
соединяю	4962759
выбросим	4962758
бедои	4962757
священного	4962756
возненавидел	4962755
одинокими	4962754
технических	4962753
перевозке	4962752
кэмерона	4962751
воткнул	4962750
нотабеноиде	4962749
стреляем	4962748
хлопает	4962747
шрифтом	4962746
уильямом	4962745
бешеные	4962744
бом	4962743
неваде	4962742
будды	4962741
обрушился	4962740
днл	4962739
часовых	4962738
караван	4962737
паковать	4962736
надавил	4962735
дарла	4962734
рыбаки	4962733
куклами	4962732
игровые	4962731
близкое	4962730
завещал	4962729
разрешении	4962728
руи	4962727
сестрам	4962726
манн	4962725
шеиха	4962724
отрубили	4962723
поднимутся	4962722
хвостик	4962721
жезл	4962720
заживает	4962719
столкнуть	4962718
позы	4962717
happened	4962716
хитроу	4962715
съезде	4962714
гран	4962713
рафаэля	4962712
затрагивает	4962711
салем	4962710
норбит	4962709
ухты	4962708
припаркован	4962707
набором	4962706
местонахождения	4962705
ƒжек	4962704
шевелить	4962703
управляющая	4962702
отдаем	4962701
сопровождал	4962700
переписка	4962699
душил	4962698
милана	4962697
вона	4962696
зен	4962695
монику	4962694
идеальных	4962693
орегоне	4962692
виктору	4962691
laughs	4962690
всячески	4962689
рэн	4962688
сожрут	4962687
прошения	4962686
бесценныи	4962685
превзошел	4962684
радаров	4962683
метамфетамин	4962682
батарею	4962681
голосовании	4962680
эмоциях	4962679
присяжныи	4962678
встреть	4962677
собачьеи	4962676
мрачное	4962675
бессмысленным	4962674
бедняки	4962673
гладкая	4962672
свечах	4962671
ответственно	4962670
самоубииств	4962669
брэнсон	4962668
шотландец	4962667
гибсона	4962666
разыскивать	4962665
надлежит	4962664
мучил	4962663
эмоциональную	4962662
убедителен	4962661
лидерами	4962660
толстую	4962659
коннели	4962658
заблудиться	4962657
выгодная	4962656
проедем	4962655
беатриче	4962654
отразить	4962653
работникам	4962652
тг	4962651
kid	4962650
стиркои	4962649
изображении	4962648
мелко	4962647
кончишь	4962646
гнездышко	4962645
традиционная	4962644
дикими	4962643
шест	4962642
сендвич	4962641
сигаретои	4962640
глазные	4962639
постояльцев	4962638
подъеду	4962637
проживешь	4962636
товарищами	4962635
оригинальное	4962634
михаэль	4962633
считался	4962632
сражалась	4962631
внуком	4962630
будапешт	4962629
педикюр	4962628
мела	4962627
входная	4962626
потенциала	4962625
ограничено	4962624
сэмюэл	4962623
консульство	4962622
записывают	4962621
опаздываете	4962620
подводная	4962619
пиратами	4962618
надеваешь	4962617
признательности	4962616
лишение	4962615
мятежники	4962614
красавчиком	4962613
испанец	4962612
пекин	4962611
историческое	4962610
семинаре	4962609
пощадить	4962608
делегация	4962607
брюстер	4962606
трансвестит	4962605
улетит	4962604
месиво	4962603
драгоценных	4962602
прослушал	4962601
закусками	4962600
армеиские	4962599
невероятных	4962598
манифест	4962597
тоник	4962596
колючеи	4962595
кружит	4962594
реддингтона	4962593
мэив	4962592
поцелуями	4962591
поместила	4962590
вовлекать	4962589
сдают	4962588
бочек	4962587
изыди	4962586
разбитые	4962585
недавнее	4962584
подслушивал	4962583
отличался	4962582
пук	4962581
дитрих	4962580
ощущала	4962579
крэг	4962578
лиэнн	4962577
свежими	4962576
перевозили	4962575
фонареи	4962574
храбрых	4962573
отравляет	4962572
кала	4962571
откупиться	4962570
гостиннои	4962569
умолку	4962568
повышенныи	4962567
избиения	4962566
отзовитесь	4962565
половое	4962564
приспичило	4962563
трека	4962562
гарденс	4962561
исландии	4962560
сек	4962559
напарниками	4962558
вьı	4962557
экзамену	4962556
мчится	4962555
кретином	4962554
невероятного	4962553
драгоценного	4962552
переезжают	4962551
вестерн	4962550
клиентку	4962549
годишься	4962548
лнх	4962547
раян	4962546
прекратят	4962545
рудник	4962544
зверем	4962543
секта	4962542
транспорте	4962541
соблазнительно	4962540
препятствует	4962539
литр	4962538
бессмертия	4962537
прилагается	4962536
кассир	4962535
трудится	4962534
ручное	4962533
шикарнои	4962532
настоичивость	4962531
минимальныи	4962530
поводом	4962529
казанова	4962528
достигают	4962527
цепью	4962526
студенток	4962525
вознаграждения	4962524
пожизненныи	4962523
котята	4962522
knew	4962521
основали	4962520
лаин	4962519
капитализм	4962518
голосуем	4962517
террористам	4962516
евреиские	4962515
правша	4962514
дышим	4962513
плаваю	4962512
ахмад	4962511
зарегистрировано	4962510
конфисковать	4962509
возьмется	4962508
бандитом	4962507
аллигатор	4962506
универ	4962505
горди	4962504
голосовала	4962503
привлечения	4962502
финансово	4962501
прочувствовать	4962500
устраиваете	4962499
сосредоточится	4962498
разгром	4962497
дерьму	4962496
христианства	4962495
берусь	4962494
качать	4962493
обходятся	4962492
староват	4962491
вообразил	4962490
государств	4962489
успеваемости	4962488
лимоны	4962487
вечным	4962486
застрелят	4962485
залоге	4962484
магов	4962483
декларацию	4962482
телепат	4962481
отнеслась	4962480
откажешь	4962479
обокрал	4962478
оковы	4962477
колоть	4962476
диарея	4962475
голого	4962474
условиям	4962473
степенью	4962472
ненужных	4962471
арены	4962470
механики	4962469
редакцию	4962468
пищевое	4962467
жареного	4962466
карлика	4962465
даглас	4962464
жираф	4962463
отказываися	4962462
приведение	4962461
ребека	4962460
критическое	4962459
безупречнои	4962458
уаилдер	4962457
колене	4962456
работающая	4962455
сынов	4962454
затягивать	4962453
доставлена	4962452
микрочип	4962451
лилия	4962450
дачу	4962449
сиропа	4962448
нижних	4962447
бертран	4962446
ничегошеньки	4962445
пенса	4962444
акого	4962443
выздороветь	4962442
побеждал	4962441
картинок	4962440
картером	4962439
безделушки	4962438
насмешек	4962437
нуждающихся	4962436
реплику	4962435
проклинаю	4962434
мелкую	4962433
обеспечим	4962432
убирал	4962431
тираж	4962430
обнаружишь	4962429
содеянном	4962428
отдавала	4962427
манит	4962426
отказываемся	4962425
russian	4962424
чарльзу	4962423
высочества	4962422
выкинешь	4962421
метафоры	4962420
slava	4962419
дрисколл	4962418
испугаться	4962417
мексиканцев	4962416
эдгара	4962415
конвенции	4962414
завис	4962413
орхидеи	4962412
одолжили	4962411
строка	4962410
финни	4962409
разы	4962408
инженеров	4962407
предотвращения	4962406
вулси	4962405
примеров	4962404
достаются	4962403
сверни	4962402
уолтером	4962401
убегаите	4962400
ford	4962399
истец	4962398
винном	4962397
водопроводчик	4962396
замедляется	4962395
скряга	4962394
кеил	4962393
уолдо	4962392
превратятся	4962391
сброд	4962390
мма	4962389
паркинсона	4962388
покоях	4962387
набирают	4962386
имуществом	4962385
везешь	4962384
пропажу	4962383
поаплодируем	4962382
зарядка	4962381
надеятся	4962380
заповедь	4962379
карлосом	4962378
созрел	4962377
электрическая	4962376
подключили	4962375
махоуни	4962374
желтую	4962373
деликатная	4962372
позлить	4962371
отстоиная	4962370
пропадали	4962369
заповедеи	4962368
шанхае	4962367
размножаться	4962366
мнениях	4962365
назначены	4962364
хоронят	4962363
почтальона	4962362
распишись	4962361
погибшим	4962360
дружеское	4962359
просмотри	4962358
мечтая	4962357
приложили	4962356
нелегальные	4962355
налетаи	4962354
вкуснои	4962353
эммета	4962352
бублик	4962351
образцовыи	4962350
колебался	4962349
проснувшись	4962348
крестом	4962347
незаконных	4962346
мексиканского	4962345
загрязнения	4962344
определились	4962343
баркер	4962342
шаблон	4962341
материк	4962340
замене	4962339
идеале	4962338
замрите	4962337
кары	4962336
крупными	4962335
парадныи	4962334
берит	4962333
отличаемся	4962332
велю	4962331
трупе	4962330
контрольнои	4962329
яичница	4962328
бухта	4962327
жеребца	4962326
эмоциональных	4962325
проработала	4962324
исключительныи	4962323
макбил	4962322
кофеиныи	4962321
терпишь	4962320
упрямство	4962319
ванессу	4962318
удивляися	4962317
пылает	4962316
пытают	4962315
поздороваюсь	4962314
жульничал	4962313
докторскую	4962312
тоннели	4962311
надвое	4962310
характерно	4962309
карни	4962308
одаренныи	4962307
тепловои	4962306
ужасом	4962305
дяденька	4962304
графики	4962303
хл	4962302
щрни	4962301
гус	4962300
ходячих	4962299
смеемся	4962298
полоску	4962297
предосторожность	4962296
британию	4962295
салим	4962294
опоздает	4962293
пользуитесь	4962292
подвергается	4962291
союзником	4962290
жать	4962289
дождик	4962288
hr	4962287
уважаемым	4962286
трастовыи	4962285
pосси	4962284
рвало	4962283
спасаитесь	4962282
торо	4962281
монике	4962280
брызг	4962279
bell	4962278
дырок	4962277
аудиенции	4962276
склону	4962275
заправлять	4962274
пятнами	4962273
внешняя	4962272
догонит	4962271
киф	4962270
вандализм	4962269
коридорам	4962268
вставили	4962267
беспилотники	4962266
любящих	4962265
поступят	4962264
спускаите	4962263
функцию	4962262
согреть	4962261
здес	4962260
далось	4962259
пословица	4962258
колбасу	4962257
исков	4962256
заботливая	4962255
розовым	4962254
уголовнои	4962253
вэи	4962252
легкими	4962251
джанго	4962250
кидаться	4962249
аисберг	4962248
закономерность	4962247
улетать	4962246
проживет	4962245
монетои	4962244
мерзкои	4962243
избегала	4962242
сдаемся	4962241
открыток	4962240
волкер	4962239
досрочное	4962238
азиат	4962237
предоставлять	4962236
махал	4962235
заложником	4962234
червоточины	4962233
берто	4962232
разбитых	4962231
съехали	4962230
унизила	4962229
гнезде	4962228
зациклен	4962227
убираем	4962226
разложение	4962225
поспал	4962224
хекы	4962223
анкеты	4962222
надави	4962221
заснули	4962220
эмоциональным	4962219
приехав	4962218
аждыи	4962217
лопнул	4962216
больша	4962215
китом	4962214
затруднительном	4962213
федерико	4962212
повидала	4962211
дронов	4962210
кирои	4962209
шеп	4962208
стычка	4962207
мура	4962206
сандрин	4962205
занесу	4962204
маман	4962203
залезу	4962202
ложился	4962201
проклятым	4962200
графство	4962199
сфотографируи	4962198
запущена	4962197
винограда	4962196
месяцем	4962195
зовется	4962194
причуды	4962193
застыл	4962192
лопнула	4962191
туп	4962190
интерьер	4962189
баби	4962188
частичку	4962187
соевыи	4962186
раскрыт	4962185
проводником	4962184
ремонтом	4962183
ready	4962182
чаики	4962181
пробуждает	4962180
выясняем	4962179
погодои	4962178
сиэттл	4962177
моргану	4962176
side	4962175
подписанныи	4962174
перегнул	4962173
спасителем	4962172
прячетесь	4962171
какашка	4962170
орешков	4962169
захвачена	4962168
заменят	4962167
прочему	4962166
прикончат	4962165
муках	4962164
идентификация	4962163
машинное	4962162
непристоиное	4962161
народная	4962160
кладовку	4962159
взволнованным	4962158
иронию	4962157
геноцид	4962156
псу	4962155
заботясь	4962154
лючия	4962153
приблизить	4962152
врезаться	4962151
талантливых	4962150
кукурузные	4962149
засвидетельствовать	4962148
правдивы	4962147
приемник	4962146
долбанои	4962145
сигара	4962144
штатом	4962143
няне	4962142
проскользнуть	4962141
повторяться	4962140
опасался	4962139
отреагировали	4962138
финляндии	4962137
сукиным	4962136
вырезки	4962135
выходного	4962134
разогнать	4962133
поинт	4962132
выкупил	4962131
сместить	4962130
ирландскои	4962129
фетиш	4962128
поблагодаришь	4962127
ора	4962126
поете	4962125
заправить	4962124
грести	4962123
ньюс	4962122
этапа	4962121
агрессивнои	4962120
повлияли	4962119
мокро	4962118
диане	4962117
смыслу	4962116
придумывает	4962115
викинг	4962114
выкопал	4962113
овсянка	4962112
кунг	4962111
воротничок	4962110
северных	4962109
раскрытия	4962108
макколл	4962107
фло	4962106
гаденыш	4962105
кандидатура	4962104
учительницу	4962103
успокоил	4962102
оперативники	4962101
остепениться	4962100
орут	4962099
флешка	4962098
принуждать	4962097
взглянешь	4962096
умолкни	4962095
транквилизатор	4962094
похер	4962093
пустого	4962092
скрытныи	4962091
разлеи	4962090
океаны	4962089
советников	4962088
джеффрис	4962087
перспективу	4962086
структуре	4962085
наполнены	4962084
въезд	4962083
швам	4962082
луисом	4962081
наблюдаите	4962080
розами	4962079
дерется	4962078
старинные	4962077
беккер	4962076
нелепые	4962075
приветствуют	4962074
любовную	4962073
обосрался	4962072
джентльмену	4962071
hit	4962070
кастеллано	4962069
синг	4962068
трагически	4962067
биография	4962066
варшаве	4962065
государстве	4962064
нервную	4962063
худа	4962062
хоган	4962061
шаром	4962060
происхождении	4962059
названивать	4962058
санти	4962057
гугл	4962056
коттедже	4962055
укладывать	4962054
надрала	4962053
матрицы	4962052
дoлжeн	4962051
задумываюсь	4962050
успехе	4962049
всадил	4962048
самооценка	4962047
основанная	4962046
нарушен	4962045
извержение	4962044
плитку	4962043
заткните	4962042
колумб	4962041
клянешься	4962040
son	4962039
пропаганда	4962038
выставит	4962037
подставляет	4962036
доесть	4962035
погибель	4962034
наполнена	4962033
порыбачить	4962032
кесслер	4962031
надеваите	4962030
клементина	4962029
молина	4962028
фаворит	4962027
шива	4962026
дзинь	4962025
лузеры	4962024
спутниковыи	4962023
подиуме	4962022
мусорных	4962021
франциеи	4962020
рифму	4962019
распорядился	4962018
персиваль	4962017
нео	4962016
увлекался	4962015
проволоку	4962014
моешь	4962013
столетие	4962012
русалки	4962011
собора	4962010
тэннер	4962009
несчастлива	4962008
стрелку	4962007
пожелание	4962006
карточныи	4962005
читатели	4962004
замороженныи	4962003
аферы	4962002
соседке	4962001
проведенное	4962000
греков	4961999
датои	4961998
боу	4961997
дрянью	4961996
рухлядь	4961995
поляки	4961994
степлер	4961993
мальчиках	4961992
буту	4961991
минивэн	4961990
клаустрофобия	4961989
фиксирую	4961988
выслал	4961987
стоящеи	4961986
автографом	4961985
внешнем	4961984
почтенныи	4961983
обмениваться	4961982
воском	4961981
жесткого	4961980
левин	4961979
почерком	4961978
пообщаемся	4961977
наими	4961976
певца	4961975
сумками	4961974
сиренои	4961973
очищение	4961972
мул	4961971
освальда	4961970
колдовства	4961969
акбар	4961968
заявиться	4961967
рассчитываешь	4961966
бэиджор	4961965
гамбург	4961964
двоиных	4961963
максимальное	4961962
поранилась	4961961
каштановые	4961960
wall	4961959
искусно	4961958
негатив	4961957
оперативная	4961956
греция	4961955
обвинениям	4961954
лодках	4961953
пуговица	4961952
свинки	4961951
прилавком	4961950
оценят	4961949
проникать	4961948
seen	4961947
волнах	4961946
наполни	4961945
камаро	4961944
истинных	4961943
возьмемся	4961942
коика	4961941
спутница	4961940
прочитает	4961939
рассматривается	4961938
седои	4961937
семеиному	4961936
значимости	4961935
предрассудки	4961934
возглавит	4961933
жалованье	4961932
опоры	4961931
паи	4961930
лись	4961929
дураками	4961928
находящиися	4961927
джинна	4961926
англичанка	4961925
цитату	4961924
обыскивали	4961923
нынешние	4961922
руж	4961921
свели	4961920
дивизия	4961919
магнитное	4961918
необыкновенная	4961917
поправляется	4961916
дуэтом	4961915
переданы	4961914
жителя	4961913
верха	4961912
saw	4961911
аия	4961910
мнoгo	4961909
строительные	4961908
сидящего	4961907
тензи	4961906
ванильныи	4961905
гробы	4961904
навредишь	4961903
погуляи	4961902
учет	4961901
ирландия	4961900
либидо	4961899
принс	4961898
лнц	4961897
психиатрии	4961896
завесу	4961895
кипятись	4961894
кастрюли	4961893
напомнит	4961892
фат	4961891
харрисона	4961890
анджелы	4961889
ходж	4961888
дорожная	4961887
фигур	4961886
пролетела	4961885
порнуху	4961884
взлетаем	4961883
котел	4961882
вытаскивает	4961881
удивительна	4961880
мытья	4961879
кактус	4961878
увольте	4961877
финишную	4961876
венгрии	4961875
переманить	4961874
джуно	4961873
мартино	4961872
союзника	4961871
волонтером	4961870
приземлилась	4961869
лопатки	4961868
ювелирныи	4961867
печенек	4961866
стемнело	4961865
расспрашивал	4961864
разрушу	4961863
обнародовать	4961862
собираете	4961861
связанная	4961860
девченка	4961859
предстояло	4961858
проволока	4961857
удобнеи	4961856
разочаровался	4961855
разрушаи	4961854
портфеле	4961853
вершить	4961852
телок	4961851
отвертка	4961850
инструмента	4961849
спаслись	4961848
зависящее	4961847
массовых	4961846
алмазов	4961845
собачьего	4961844
леи	4961843
книжек	4961842
радовать	4961841
отверстии	4961840
вэн	4961839
ленор	4961838
усвоила	4961837
очнуться	4961836
грош	4961835
восточному	4961834
неизвестна	4961833
червоточина	4961832
аляски	4961831
химиотерапия	4961830
вана	4961829
лобстер	4961828
нутро	4961827
кинни	4961826
кел	4961825
гудман	4961824
посмертно	4961823
танков	4961822
республиканец	4961821
чувствителен	4961820
трансплантацию	4961819
следователем	4961818
ya	4961817
младшие	4961816
вкололи	4961815
пропажи	4961814
объединим	4961813
поэма	4961812
верхушке	4961811
heard	4961810
исторические	4961809
обезьянки	4961808
американскими	4961807
оральныи	4961806
воискам	4961805
диксона	4961804
сообразил	4961803
толщинои	4961802
серебряных	4961801
канадскии	4961800
вписать	4961799
защищался	4961798
родимое	4961797
тренеры	4961796
вестник	4961795
сокола	4961794
поручила	4961793
проедет	4961792
тош	4961791
улетают	4961790
мясные	4961789
высказывание	4961788
зам	4961787
аигу	4961786
вышиб	4961785
колебаться	4961784
констебля	4961783
небытие	4961782
ограничивать	4961781
фрэнчи	4961780
суммои	4961779
магуаир	4961778
норико	4961777
ужинала	4961776
христианка	4961775
рихтер	4961774
отвлечет	4961773
лики	4961772
потребовала	4961771
стоика	4961770
помоика	4961769
пенсионеров	4961768
несса	4961767
разрядить	4961766
вручения	4961765
мечеи	4961764
искусственно	4961763
процитировать	4961762
озабочены	4961761
халатность	4961760
подписывает	4961759
любящим	4961758
жака	4961757
тюрьмах	4961756
процентами	4961755
концах	4961754
мерзким	4961753
лась	4961752
занятости	4961751
потенциального	4961750
дереку	4961749
довезти	4961748
направьте	4961747
стремилась	4961746
незнакомыи	4961745
оправдывать	4961744
находки	4961743
увлечены	4961742
явью	4961741
реалистично	4961740
повелители	4961739
подписчиков	4961738
хупер	4961737
сядут	4961736
слабаком	4961735
баллончик	4961734
рекомендуется	4961733
островом	4961732
приятную	4961731
присутствовала	4961730
нужная	4961729
тягу	4961728
длинного	4961727
сумасшедшем	4961726
джесса	4961725
долбанная	4961724
опекать	4961723
постельное	4961722
напоминанием	4961721
дочурка	4961720
гидры	4961719
волшебных	4961718
гигиены	4961717
кэла	4961716
аиова	4961715
спасают	4961714
стриптизерши	4961713
женатые	4961712
зеленом	4961711
дебатах	4961710
наезд	4961709
спешила	4961708
квадрант	4961707
голдман	4961706
боковую	4961705
важнеи	4961704
экстра	4961703
прибегнуть	4961702
психованная	4961701
лима	4961700
шланга	4961699
пролетели	4961698
лагерем	4961697
свекровь	4961696
разумных	4961695
разведчик	4961694
гэ	4961693
ниггеров	4961692
фитч	4961691
мичигане	4961690
пещер	4961689
изготовления	4961688
сосков	4961687
случились	4961686
дишь	4961685
промокли	4961684
добавляют	4961683
подложить	4961682
свалю	4961681
смертельных	4961680
оскорблении	4961679
канзаса	4961678
выстоять	4961677
tabushechka	4961676
вывихнул	4961675
палить	4961674
иосеф	4961673
сталкер	4961672
чанга	4961671
эвакуировали	4961670
сожгут	4961669
поделом	4961668
ѕри	4961667
труппа	4961666
несовершеннолетним	4961665
ик	4961664
зациклился	4961663
стаббс	4961662
горшки	4961661
праху	4961660
гидом	4961659
партизаны	4961658
облавы	4961657
вояджера	4961656
разносчик	4961655
фанк	4961654
лишена	4961653
тюремном	4961652
зев	4961651
слоев	4961650
миска	4961649
онунфе	4961648
опытным	4961647
ракушки	4961646
ярл	4961645
экономического	4961644
гастер	4961643
фантом	4961642
колонну	4961641
содеянное	4961640
традиционнои	4961639
возлюбленного	4961638
региона	4961637
приключениях	4961636
материю	4961635
доказана	4961634
допрашивала	4961633
увезу	4961632
задели	4961631
глок	4961630
лагерях	4961629
сотовых	4961628
исполняют	4961627
хруст	4961626
продаваться	4961625
ломакс	4961624
деликатно	4961623
подвергли	4961622
титана	4961621
внукам	4961620
сволочью	4961619
валет	4961618
дэина	4961617
вепр	4961616
зацепиться	4961615
верующие	4961614
давила	4961613
дэнис	4961612
двоюродного	4961611
стреляете	4961610
уводите	4961609
скачал	4961608
мудрая	4961607
христова	4961606
ручками	4961605
приблизился	4961604
дожил	4961603
болин	4961602
тариф	4961601
вибрирует	4961600
чесноком	4961599
передохни	4961598
чинил	4961597
попугая	4961596
джорджио	4961595
неопознанныи	4961594
никoгдa	4961593
заблокирована	4961592
deal	4961591
двинуться	4961590
отслеживают	4961589
отозвали	4961588
скитер	4961587
орлов	4961586
анонимное	4961585
дневное	4961584
продвинуть	4961583
завершится	4961582
джею	4961581
мраке	4961580
бонусы	4961579
зарегистрироваться	4961578
моднои	4961577
возбудить	4961576
приперся	4961575
советами	4961574
фолс	4961573
надзор	4961572
провериться	4961571
удаче	4961570
патриоты	4961569
террор	4961568
роке	4961567
изменяли	4961566
club	4961565
неудобств	4961564
открытию	4961563
компани	4961562
твин	4961561
упорство	4961560
заперся	4961559
шарлота	4961558
носках	4961557
монетка	4961556
служанку	4961555
полеты	4961554
передано	4961553
сароян	4961552
икабод	4961551
смущаешь	4961550
холст	4961549
томоко	4961548
светлых	4961547
путеводитель	4961546
откусить	4961545
бени	4961544
накрылся	4961543
ежедневные	4961542
криминальное	4961541
лугу	4961540
утонули	4961539
хьюстона	4961538
приглядывал	4961537
хаккани	4961536
клубок	4961535
образовалась	4961534
веревкои	4961533
нынешнее	4961532
поговорив	4961531
зимние	4961530
туи	4961529
бумер	4961528
боевое	4961527
ћогу	4961526
насмешка	4961525
медленнеи	4961524
благоразумие	4961523
насморк	4961522
чуваков	4961521
наводить	4961520
пернелл	4961519
гидеона	4961518
щетки	4961517
информировать	4961516
фразои	4961515
противиться	4961514
грегом	4961513
бнглнфмн	4961512
вышибала	4961511
фицджеральд	4961510
менталист	4961509
сказочныи	4961508
священную	4961507
коэффициент	4961506
хромает	4961505
дину	4961504
лисса	4961503
зарегистрировать	4961502
калекои	4961501
раскололся	4961500
прощаемся	4961499
эстела	4961498
тино	4961497
шишек	4961496
ноздри	4961495
чуши	4961494
опры	4961493
бесишь	4961492
лучик	4961491
огласки	4961490
поднималась	4961489
витаминов	4961488
бендера	4961487
овладел	4961486
переживешь	4961485
детонаторы	4961484
традициям	4961483
раикер	4961482
научим	4961481
намекнул	4961480
викинги	4961479
прошествии	4961478
безопасные	4961477
отдыхал	4961476
лотта	4961475
пояснить	4961474
зафиксировали	4961473
разделены	4961472
повышенное	4961471
холи	4961470
дальние	4961469
sos	4961468
фордж	4961467
прелестнои	4961466
физическим	4961465
последующих	4961464
некролог	4961463
культурныи	4961462
кирилл	4961461
любительница	4961460
пострадало	4961459
уступать	4961458
познакомитесь	4961457
помолюсь	4961456
рубена	4961455
исправлюсь	4961454
диагностировали	4961453
оттянуться	4961452
завершили	4961451
гребаное	4961450
ланои	4961449
серьезность	4961448
оказывал	4961447
навязываться	4961446
микеле	4961445
печальнои	4961444
пыталс	4961443
владении	4961442
натана	4961441
диалоги	4961440
слиться	4961439
резину	4961438
попадается	4961437
нак	4961436
ади	4961435
пристал	4961434
солидныи	4961433
потерпела	4961432
очищения	4961431
раздражаешь	4961430
обоиди	4961429
вакуум	4961428
поточнее	4961427
неправильном	4961426
путает	4961425
зрительныи	4961424
выживанию	4961423
изобретатель	4961422
расписку	4961421
проклял	4961420
подножия	4961419
возможными	4961418
кинжалом	4961417
лишусь	4961416
карандашом	4961415
набит	4961414
казначеи	4961413
закажешь	4961412
студентки	4961411
израильтяне	4961410
выносишь	4961409
вечерок	4961408
скоростнои	4961407
валера	4961406
задумаися	4961405
нажрался	4961404
скелета	4961403
барроу	4961402
перекресток	4961401
почувствуют	4961400
ничтожеством	4961399
ладоши	4961398
доскои	4961397
оказываешься	4961396
тренировалась	4961395
превратим	4961394
cпасибо	4961393
хернеи	4961392
понедельнику	4961391
одетт	4961390
подданных	4961389
опустится	4961388
врубаешься	4961387
ябнч	4961386
клеменс	4961385
лошадку	4961384
заносит	4961383
pour	4961382
зеркал	4961381
чернилами	4961380
хреновая	4961379
девои	4961378
интересом	4961377
отказе	4961376
скромные	4961375
мероприятиях	4961374
андрес	4961373
выезжает	4961372
герою	4961371
отрицания	4961370
деревяннои	4961369
задолжала	4961368
sms	4961367
зажимы	4961366
брюсселе	4961365
бедными	4961364
отчету	4961363
отложила	4961362
волокон	4961361
ралло	4961360
прислуживать	4961359
нищеты	4961358
весу	4961357
чои	4961356
жуткого	4961355
вывеска	4961354
маркетинг	4961353
цифровые	4961352
достаточного	4961351
прострелю	4961350
мэнсон	4961349
улечу	4961348
сидящих	4961347
предводитель	4961346
кеиб	4961345
несовершеннолетняя	4961344
блокноте	4961343
северные	4961342
особенными	4961341
хлопка	4961340
уинтерс	4961339
дерзкая	4961338
остыло	4961337
вфх	4961336
qm	4961335
фишку	4961334
потребления	4961333
дерзко	4961332
винсенту	4961331
баночку	4961330
показываете	4961329
раздавил	4961328
сработают	4961327
разделите	4961326
шумом	4961325
критическии	4961324
эллиса	4961323
святом	4961322
прохожих	4961321
иогурта	4961320
пандоры	4961319
николая	4961318
рнл	4961317
валяются	4961316
диплома	4961315
горящего	4961314
ягненок	4961313
полугода	4961312
разбудит	4961311
зрелыи	4961310
железного	4961309
уна	4961308
двинемся	4961307
аивз	4961306
заканчивалось	4961305
рыжик	4961304
захватят	4961303
принадлежим	4961302
любящие	4961301
сообщишь	4961300
дэниелу	4961299
атомную	4961298
стандартов	4961297
клиенткои	4961296
мня	4961295
уборке	4961294
стоукс	4961293
спалили	4961292
бессмертным	4961291
пропавшую	4961290
осьминог	4961289
выплату	4961288
докладе	4961287
плут	4961286
роковои	4961285
сэру	4961284
облажаешься	4961283
угостишь	4961282
психоаналитик	4961281
планетах	4961280
взбодрись	4961279
предательница	4961278
сбежавшии	4961277
водится	4961276
пунктом	4961275
пересесть	4961274
привезем	4961273
своиство	4961272
собранные	4961271
коридоры	4961270
расстаемся	4961269
гонщики	4961268
вызове	4961267
аркадия	4961266
операционном	4961265
неслыханно	4961264
докажете	4961263
пиратскии	4961262
предпочитал	4961261
body	4961260
улыбке	4961259
конституция	4961258
каменная	4961257
осознают	4961256
постановил	4961255
метода	4961254
третьих	4961253
геитса	4961252
бортовои	4961251
совершенна	4961250
подлинность	4961249
говорящих	4961248
боевиков	4961247
кхан	4961246
посложнее	4961245
сона	4961244
воображением	4961243
преследовании	4961242
печенью	4961241
ведьме	4961240
построение	4961239
подобна	4961238
нечему	4961237
заразилась	4961236
своє	4961235
драгоценностями	4961234
зарин	4961233
взломщик	4961232
генератора	4961231
кроватке	4961230
хэизел	4961229
наслаждаются	4961228
раздели	4961227
попрощались	4961226
парах	4961225
невидимая	4961224
газовую	4961223
починит	4961222
мюррея	4961221
потребоваться	4961220
занятиям	4961219
давних	4961218
петри	4961217
имитировать	4961216
нежен	4961215
фениксе	4961214
ребятишек	4961213
жри	4961212
саманты	4961211
кляп	4961210
мошенника	4961209
отпускаем	4961208
преграды	4961207
чернокожии	4961206
веро	4961205
костюмам	4961204
щели	4961203
терпят	4961202
малые	4961201
кении	4961200
привозить	4961199
antoniolagrande	4961198
супругои	4961197
корпоративных	4961196
состою	4961195
song	4961194
редкои	4961193
раздеваитесь	4961192
аплодисментов	4961191
феррис	4961190
могущественным	4961189
ап	4961188
умирающих	4961187
стереотип	4961186
стоящих	4961185
ранением	4961184
курорте	4961183
жареным	4961182
насчєт	4961181
лаим	4961180
соседних	4961179
риэлтор	4961178
ухаживала	4961177
моникои	4961176
выдашь	4961175
аткнись	4961174
бросив	4961173
поделили	4961172
впадает	4961171
юридическом	4961170
исключил	4961169
соваться	4961168
питаю	4961167
маллиган	4961166
инсульта	4961165
расследовали	4961164
детишками	4961163
контактировать	4961162
сэндвича	4961161
нежное	4961160
ненастоящее	4961159
смоки	4961158
пробрались	4961157
выпивали	4961156
твoя	4961155
авансом	4961154
берг	4961153
мрачным	4961152
вдохните	4961151
великодушие	4961150
эдем	4961149
морщины	4961148
эрики	4961147
промедления	4961146
удостоверься	4961145
ловушкои	4961144
ago	4961143
алисиеи	4961142
пфф	4961141
реинольдса	4961140
комод	4961139
колоду	4961138
нильс	4961137
раскин	4961136
новобрачных	4961135
катания	4961134
highflyer	4961133
лося	4961132
римские	4961131
покрывала	4961130
июини	4961129
решаете	4961128
секретарю	4961127
бусы	4961126
заря	4961125
гросс	4961124
учета	4961123
слыхала	4961122
приступил	4961121
перемирия	4961120
приза	4961119
приватныи	4961118
симс	4961117
недоразумения	4961116
пoд	4961115
обстоятельство	4961114
маню	4961113
дюбюире	4961112
убедишь	4961111
ценными	4961110
рождени	4961109
восполнить	4961108
сальса	4961107
слушателеи	4961106
генетическая	4961105
потрясныи	4961104
вскрыли	4961103
перис	4961102
бережно	4961101
обладаете	4961100
уликам	4961099
джаббар	4961098
обманут	4961097
отцовскии	4961096
разворачиваи	4961095
велосипедах	4961094
роузи	4961093
идишь	4961092
расе	4961091
порть	4961090
greg	4961089
обуздать	4961088
кадфаэль	4961087
спонсора	4961086
моряком	4961085
извиняитесь	4961084
тренеров	4961083
гисборн	4961082
пролете	4961081
стерли	4961080
танка	4961079
заводите	4961078
инициативы	4961077
ограничена	4961076
благотворительных	4961075
возомнили	4961074
истечет	4961073
халяву	4961072
учту	4961071
отдельнои	4961070
писаю	4961069
фуу	4961068
делюсь	4961067
земная	4961066
воет	4961065
объятиями	4961064
бросите	4961063
покладая	4961062
багамы	4961061
поменяем	4961060
очередным	4961059
синдиката	4961058
саши	4961057
сборную	4961056
жадные	4961055
подонком	4961054
влезли	4961053
пропустят	4961052
акира	4961051
умники	4961050
нарыл	4961049
группам	4961048
обижает	4961047
отнесли	4961046
спящим	4961045
вероники	4961044
видете	4961043
обронил	4961042
покончит	4961041
настоять	4961040
обнаруживает	4961039
путаться	4961038
ненастоящие	4961037
юна	4961036
ключевым	4961035
приручить	4961034
взломе	4961033
незнакомы	4961032
негативно	4961031
ккеи	4961030
вторгаться	4961029
августин	4961028
зацепил	4961027
хватил	4961026
парить	4961025
отношени	4961024
удобные	4961023
плохому	4961022
акты	4961021
джаза	4961020
отдыхали	4961019
прислугу	4961018
теневои	4961017
гэбби	4961016
повеселилась	4961015
наи	4961014
испанская	4961013
утекло	4961012
дэвон	4961011
историях	4961010
водных	4961009
неизвестность	4961008
оркестром	4961007
палубы	4961006
минное	4961005
вceгдa	4961004
дезмонд	4961003
жизненного	4961002
возмущение	4961001
замечательна	4961000
барин	4960999
отклонен	4960998
данную	4960997
проконсультироваться	4960996
печальным	4960995
унизили	4960994
защитят	4960993
администратора	4960992
ниточка	4960991
порывы	4960990
гильермо	4960989
углах	4960988
обременять	4960987
исходят	4960986
дежа	4960985
миленькие	4960984
встряхнуть	4960983
квартирка	4960982
записывала	4960981
артиллерии	4960980
отправляешь	4960979
освежает	4960978
отстает	4960977
разбилось	4960976
чате	4960975
ярдли	4960974
догадываетесь	4960973
артефактов	4960972
неверо	4960971
завалила	4960970
вылезла	4960969
mercedes	4960968
слабительное	4960967
подтянуть	4960966
ансамбль	4960965
окончила	4960964
специалисту	4960963
зод	4960962
беспомощнои	4960961
five	4960960
козыри	4960959
огурчик	4960958
выполняете	4960957
пикнике	4960956
амаро	4960955
конвеи	4960954
лем	4960953
выебать	4960952
нине	4960951
покупателем	4960950
унять	4960949
стивенсон	4960948
психологическую	4960947
скучных	4960946
спугнуть	4960945
верующих	4960944
пролетает	4960943
озабоченныи	4960942
клаин	4960941
ворвалась	4960940
готовки	4960939
нелепои	4960938
славься	4960937
мучительнои	4960936
терра	4960935
благотворительные	4960934
софиеи	4960933
словил	4960932
казнен	4960931
скулы	4960930
сондерс	4960929
пенисы	4960928
консульства	4960927
боила	4960926
деревенские	4960925
квинт	4960924
унижает	4960923
оттенков	4960922
хэлен	4960921
криминальных	4960920
вступают	4960919
нижние	4960918
тусуюсь	4960917
шермана	4960916
кото	4960915
заработка	4960914
отрубился	4960913
продукцию	4960912
утебя	4960911
музыкальное	4960910
гадюка	4960909
приобретения	4960908
увеличит	4960907
механиком	4960906
телосложения	4960905
обвиняи	4960904
суровое	4960903
окажу	4960902
скрытую	4960901
котиков	4960900
мыслит	4960899
чтο	4960898
скептически	4960897
отложите	4960896
письменном	4960895
поклоняться	4960894
техасскии	4960893
ловушек	4960892
полнолуния	4960891
идиш	4960890
успевает	4960889
убеждает	4960888
подавлять	4960887
слухами	4960886
граммов	4960885
кембридже	4960884
борн	4960883
телефонным	4960882
карете	4960881
колыбельную	4960880
сотнях	4960879
бенито	4960878
творим	4960877
реактивныи	4960876
работодателя	4960875
вырядился	4960874
кодов	4960873
древесины	4960872
хэмптон	4960871
улитки	4960870
браи	4960869
сраных	4960868
сатурна	4960867
стрельбои	4960866
буги	4960865
тяжким	4960864
олицетворяет	4960863
кончины	4960862
взаимностью	4960861
отомстил	4960860
облаке	4960859
суставы	4960858
подвиги	4960857
хитер	4960856
вломилась	4960855
кендалл	4960854
пехотинец	4960853
получаите	4960852
взбучку	4960851
арендовали	4960850
эффективным	4960849
викториеи	4960848
сергея	4960847
людишки	4960846
спланировала	4960845
примере	4960844
гранат	4960843
mary	4960842
разрешала	4960841
просмотрю	4960840
горстка	4960839
вышибли	4960838
подведем	4960837
заграницеи	4960836
date	4960835
ансельмо	4960834
упоминает	4960833
выходов	4960832
сари	4960831
водопада	4960830
самоуважение	4960829
объезд	4960828
бокса	4960827
курятник	4960826
опираясь	4960825
ненужные	4960824
лакомыи	4960823
слабостью	4960822
суметь	4960821
краткое	4960820
резал	4960819
нырять	4960818
хаскел	4960817
фантастическое	4960816
пуф	4960815
открываете	4960814
соломона	4960813
застрелиться	4960812
воплощением	4960811
автостопом	4960810
альцгеимер	4960809
клюшкои	4960808
угостил	4960807
таун	4960806
жилеты	4960805
вынесения	4960804
глубочаишие	4960803
засовывать	4960802
братика	4960801
паин	4960800
созвать	4960799
остерегаться	4960798
гребаного	4960797
туча	4960796
отведешь	4960795
ругаемся	4960794
причиндалы	4960793
финансирует	4960792
раздела	4960791
вражескии	4960790
комиссару	4960789
перестарался	4960788
мутация	4960787
пало	4960786
севернее	4960785
благ	4960784
траты	4960783
понятна	4960782
кровопролитие	4960781
потеть	4960780
министерством	4960779
возможностях	4960778
помру	4960777
soul	4960776
обрезать	4960775
чемберлен	4960774
щитом	4960773
перевестись	4960772
преданные	4960771
подчинении	4960770
намасте	4960769
сужу	4960768
растает	4960767
волен	4960766
гюбрпю	4960765
контрактом	4960764
иммиграционнои	4960763
забиваи	4960762
паузы	4960761
разыскал	4960760
дозвонился	4960759
профессиональную	4960758
риту	4960757
броню	4960756
раша	4960755
игл	4960754
arletta	4960753
бобер	4960752
подтверждается	4960751
сатурн	4960750
прыщи	4960749
колибри	4960748
поздоровался	4960747
соберусь	4960746
срочного	4960745
экстрадиции	4960744
летчик	4960743
повороты	4960742
оцени	4960741
гиганта	4960740
кражеи	4960739
уэидом	4960738
несчастии	4960737
произнесу	4960736
находящиеся	4960735
задержись	4960734
невинное	4960733
прокате	4960732
queen	4960731
свечки	4960730
прорвало	4960729
мориса	4960728
заимем	4960727
бьlл	4960726
объявилась	4960725
филиппо	4960724
продумано	4960723
задаток	4960722
вспышек	4960721
непонятного	4960720
освещает	4960719
поселились	4960718
биопсия	4960717
аутг	4960716
сучонок	4960715
рассматривала	4960714
предсказывать	4960713
каса	4960712
иа	4960711
садилась	4960710
мюнхене	4960709
говорящие	4960708
гражданам	4960707
каза	4960706
гелии	4960705
шеридан	4960704
надеитесь	4960703
блендер	4960702
львом	4960701
инфекциеи	4960700
уважительно	4960699
джадд	4960698
присмотрим	4960697
lotus	4960696
эксклюзивное	4960695
накидку	4960694
кендрик	4960693
джедаи	4960692
весов	4960691
бесценно	4960690
манерами	4960689
законного	4960688
ноно	4960687
рамирез	4960686
пеиси	4960685
дискуссию	4960684
немедленного	4960683
втрое	4960682
гарви	4960681
одетым	4960680
диггл	4960679
хренова	4960678
филмз	4960677
фактором	4960676
гармонию	4960675
спящего	4960674
цельтесь	4960673
родными	4960672
отзывался	4960671
серебром	4960670
запомнит	4960669
вбил	4960668
засветился	4960667
кушаите	4960666
мерзавка	4960665
запеканку	4960664
асакура	4960663
порядочно	4960662
добить	4960661
уничтожило	4960660
клингонов	4960659
гулливер	4960658
замечены	4960657
мелочах	4960656
обыкновенная	4960655
дальнеишеи	4960654
экзаменах	4960653
выдаи	4960652
нанимали	4960651
адрик	4960650
сотрудничал	4960649
забега	4960648
центров	4960647
состязания	4960646
слепую	4960645
вместить	4960644
ачжоши	4960643
раздражен	4960642
дзюдо	4960641
крокер	4960640
составишь	4960639
снабжения	4960638
сложи	4960637
слуху	4960636
гитарои	4960635
самооценку	4960634
пекине	4960633
исключат	4960632
манда	4960631
варит	4960630
этьен	4960629
краям	4960628
паспортов	4960627
чипы	4960626
безответственныи	4960625
развалина	4960624
енота	4960623
заповеди	4960622
срезал	4960621
высадились	4960620
цто	4960619
делился	4960618
understand	4960617
текстом	4960616
ересь	4960615
происходящим	4960614
долбаную	4960613
миллисент	4960612
одеял	4960611
ставшии	4960610
критическои	4960609
классическую	4960608
устраивало	4960607
решали	4960606
лишится	4960605
горячем	4960604
прочесали	4960603
префект	4960602
определим	4960601
студенческои	4960600
винтовкои	4960599
боеголовки	4960598
построиться	4960597
орала	4960596
hmm	4960595
рем	4960594
флоренция	4960593
незнакомыми	4960592
танцоров	4960591
растили	4960590
кроватеи	4960589
блэин	4960588
разъездах	4960587
отстают	4960586
соединиться	4960585
барам	4960584
защитила	4960583
стокгольм	4960582
фильтры	4960581
посоветуешь	4960580
сложившеися	4960579
gun	4960578
огр	4960577
засос	4960576
блестящих	4960575
томография	4960574
анатолии	4960573
оттолкнула	4960572
господень	4960571
лотерее	4960570
предками	4960569
пекла	4960568
старикам	4960567
патент	4960566
маскировку	4960565
нассау	4960564
пина	4960563
артистом	4960562
анализе	4960561
выпускаите	4960560
болельщиц	4960559
лариса	4960558
разоблачения	4960557
cool	4960556
наговорили	4960555
beautiful	4960554
явные	4960553
полставки	4960552
пугаитесь	4960551
ивонна	4960550
нетерпения	4960549
ювфняях	4960548
барахлит	4960547
колоколов	4960546
повстречал	4960545
самоуважения	4960544
жалела	4960543
запонки	4960542
ось	4960541
выделили	4960540
гробницы	4960539
портите	4960538
стука	4960537
уладит	4960536
неубедительно	4960535
бегством	4960534
провидец	4960533
подрочить	4960532
ноже	4960531
ja	4960530
лавина	4960529
нервное	4960528
скандалов	4960527
сыграите	4960526
ооу	4960525
point	4960524
удобном	4960523
подражать	4960522
июиюъ	4960521
альдо	4960520
мозоли	4960519
гремит	4960518
снаряжения	4960517
сердитыи	4960516
суеверия	4960515
раздавлен	4960514
постельныи	4960513
восприняли	4960512
придумывал	4960511
потребностеи	4960510
сарказма	4960509
советовать	4960508
рэмзи	4960507
последуем	4960506
получились	4960505
скрижаль	4960504
бронсон	4960503
злее	4960502
развитием	4960501
анджелина	4960500
пэин	4960499
чрева	4960498
экипажем	4960497
налегке	4960496
ахти	4960495
кошками	4960494
соотношение	4960493
благотворительная	4960492
экипажу	4960491
town	4960490
включаем	4960489
ввязалась	4960488
уэикфилд	4960487
обижаюсь	4960486
вероятностью	4960485
икру	4960484
гарнер	4960483
светлее	4960482
контактировал	4960481
замедленного	4960480
участвуете	4960479
бюджете	4960478
пазл	4960477
помаши	4960476
увяз	4960475
ремонтировать	4960474
улицеи	4960473
депортируют	4960472
немца	4960471
поинтереснее	4960470
янус	4960469
тортик	4960468
коктеилем	4960467
отрицают	4960466
награждения	4960465
продуктовыи	4960464
испытаниях	4960463
задержишься	4960462
акие	4960461
недорого	4960460
разоблачение	4960459
бизнесменов	4960458
каратэ	4960457
отреагировать	4960456
задремал	4960455
скверныи	4960454
критическая	4960453
совершеннои	4960452
павлин	4960451
викрам	4960450
теренс	4960449
кораблям	4960448
ралли	4960447
вытер	4960446
фхгмх	4960445
жизненнои	4960444
трагическои	4960443
лэндон	4960442
чинит	4960441
этο	4960440
покорно	4960439
горка	4960438
воспользуешься	4960437
ханжа	4960436
доке	4960435
кардио	4960434
опущу	4960433
макбраид	4960432
радиуса	4960431
справедлив	4960430
останавливало	4960429
дукат	4960428
заимут	4960427
зигфрид	4960426
разгромили	4960425
взята	4960424
брэндан	4960423
смаили	4960422
умов	4960421
грантом	4960420
death	4960419
окорок	4960418
столкнули	4960417
отговорок	4960416
оправился	4960415
поединке	4960414
веил	4960413
шахтеров	4960412
опасностью	4960411
правовои	4960410
юго	4960409
радостные	4960408
ньют	4960407
эскизы	4960406
случись	4960405
даина	4960404
лучеи	4960403
ода	4960402
раскроется	4960401
обычному	4960400
помощницеи	4960399
образованию	4960398
корпоративные	4960397
олден	4960396
несовершеннолетнеи	4960395
скаутов	4960394
пером	4960393
просыпаются	4960392
зубные	4960391
наградил	4960390
брошенныи	4960389
булл	4960388
ренато	4960387
коннорс	4960386
объявлено	4960385
замыкание	4960384
импульса	4960383
маргариты	4960382
видимых	4960381
наклонности	4960380
собеседник	4960379
довезу	4960378
посмеялся	4960377
покаяться	4960376
металлическая	4960375
подсудимых	4960374
подержишь	4960373
зажег	4960372
грегор	4960371
упустишь	4960370
сотрясения	4960369
скромности	4960368
свалки	4960367
каменные	4960366
скрипит	4960365
налаживается	4960364
рэджи	4960363
шотландскии	4960362
kiss	4960361
пустоши	4960360
новобранцев	4960359
мировом	4960358
каин	4960357
верхушки	4960356
неудачнои	4960355
чокнутых	4960354
дзиро	4960353
бездну	4960352
кнопок	4960351
натянуть	4960350
главаря	4960349
свидетельницеи	4960348
чуваку	4960347
хемингуэи	4960346
проклято	4960345
требуешь	4960344
крылом	4960343
срывается	4960342
гольфу	4960341
заявится	4960340
вышвырну	4960339
мастерски	4960338
романтическои	4960337
уорвик	4960336
исторически	4960335
церквеи	4960334
отмечают	4960333
рассчитаться	4960332
нафига	4960331
календаря	4960330
пробудешь	4960329
радовалась	4960328
нууу	4960327
сжалься	4960326
искреннеи	4960325
сокровищем	4960324
отвертеться	4960323
люмен	4960322
описывают	4960321
пюанрс	4960320
финном	4960319
twelve	4960318
клубам	4960317
эффективнее	4960316
сложились	4960315
чаика	4960314
тужьтесь	4960313
торговцем	4960312
паутина	4960311
посетителя	4960310
замочил	4960309
вата	4960308
гонщика	4960307
подгони	4960306
знающии	4960305
запускаем	4960304
украденнои	4960303
увлеклись	4960302
водили	4960301
сочетаются	4960300
смешную	4960299
томи	4960298
регистрационныи	4960297
беспредел	4960296
mayra	4960295
вывело	4960294
тупицеи	4960293
слушаются	4960292
проведено	4960291
плавала	4960290
масок	4960289
славное	4960288
шибко	4960287
эррол	4960286
сбросим	4960285
отражают	4960284
лазерныи	4960283
надежным	4960282
зажми	4960281
пугал	4960280
просмотром	4960279
передаем	4960278
зданиях	4960277
средневековье	4960276
епископом	4960275
штаин	4960274
кастор	4960273
вздоха	4960272
организовывать	4960271
мостов	4960270
психологических	4960269
бельем	4960268
эви	4960267
ирена	4960266
лифчика	4960265
старения	4960264
идеальными	4960263
подлые	4960262
заповедник	4960261
возненавидела	4960260
уступлю	4960259
неаполе	4960258
гриффит	4960257
розетки	4960256
тащишь	4960255
близнеца	4960254
огород	4960253
объедки	4960252
застегнуть	4960251
забираитесь	4960250
налога	4960249
пузо	4960248
монтеро	4960247
передавала	4960246
four	4960245
зэв	4960244
навылет	4960243
неисповедимы	4960242
моє	4960241
аделина	4960240
пострадавшие	4960239
фримен	4960238
потопить	4960237
переоделся	4960236
деритесь	4960235
сократ	4960234
тонкое	4960233
сечешь	4960232
почтовои	4960231
усиленно	4960230
тэда	4960229
выключаите	4960228
спиртным	4960227
сожжены	4960226
мираж	4960225
удивитесь	4960224
весну	4960223
ботвин	4960222
завязываю	4960221
чендлера	4960220
вовлечь	4960219
мэдлин	4960218
моль	4960217
отплатил	4960216
сократил	4960215
поплачь	4960214
проигрыватель	4960213
оправдал	4960212
манчестера	4960211
скрытого	4960210
всезнаика	4960209
заставляло	4960208
эксклюзив	4960207
розанна	4960206
полиграф	4960205
активен	4960204
констанция	4960203
невезение	4960202
распознавание	4960201
кровоизлияния	4960200
амбициозныи	4960199
нелепое	4960198
капитолия	4960197
попадаться	4960196
ответственные	4960195
продавщица	4960194
шаики	4960193
железнодорожнои	4960192
ястреба	4960191
понесло	4960190
отогнать	4960189
поручу	4960188
самоуничтожения	4960187
альбомов	4960186
бормочешь	4960185
мортимер	4960184
клинтона	4960183
костью	4960182
мутанты	4960181
джоэла	4960180
oк	4960179
уточню	4960178
управляем	4960177
лэини	4960176
победите	4960175
шпионаже	4960174
загадала	4960173
вампирах	4960172
публичная	4960171
грозу	4960170
клаудии	4960169
глена	4960168
органам	4960167
менингит	4960166
могущественная	4960165
окунуться	4960164
уэльсе	4960163
банкиров	4960162
нанят	4960161
продаите	4960160
разберетесь	4960159
гнусныи	4960158
обрыв	4960157
короткого	4960156
инвентарь	4960155
иске	4960154
выбросило	4960153
главными	4960152
кофеику	4960151
отбил	4960150
ковчега	4960149
стучится	4960148
пластическии	4960147
смехом	4960146
загорелась	4960145
способное	4960144
электроэнергии	4960143
горнои	4960142
дори	4960141
повышаю	4960140
правителем	4960139
глухим	4960138
помяни	4960137
адские	4960136
паттон	4960135
восхищалась	4960134
лишит	4960133
итал	4960132
сверкает	4960131
дикинсон	4960130
треилера	4960129
мега	4960128
задерживаю	4960127
ловкость	4960126
лам	4960125
эвакуатор	4960124
финча	4960123
жозеф	4960122
сеансе	4960121
уважаи	4960120
отвратительных	4960119
питомец	4960118
рабынеи	4960117
шантажировала	4960116
особняка	4960115
пекарь	4960114
мелиссы	4960113
ильза	4960112
зулу	4960111
поселения	4960110
французскому	4960109
чековую	4960108
подвернется	4960107
накажу	4960106
причиняю	4960105
ножками	4960104
напоминало	4960103
вылечиться	4960102
подушками	4960101
тщетно	4960100
подъехали	4960099
поквитаться	4960098
серену	4960097
вылетаем	4960096
таракана	4960095
капитане	4960094
поставите	4960093
искателя	4960092
надзора	4960091
полжизни	4960090
красивеи	4960089
проветрить	4960088
рождению	4960087
левона	4960086
терпеливы	4960085
луча	4960084
танцовщицы	4960083
улучшает	4960082
хорошенькие	4960081
коран	4960080
нарастает	4960079
культурои	4960078
шатается	4960077
баиньки	4960076
указатель	4960075
сломлен	4960074
клянетесь	4960073
джеиджеи	4960072
одели	4960071
сохранилось	4960070
наблюдатели	4960069
уступил	4960068
писание	4960067
boom	4960066
фарш	4960065
ларго	4960064
интимных	4960063
процветать	4960062
реинджеров	4960061
повредило	4960060
дружелюбные	4960059
припугнуть	4960058
разнесли	4960057
сиэттле	4960056
маркетинга	4960055
туннелеи	4960054
добиваетесь	4960053
подтверждена	4960052
митча	4960051
подвергаешь	4960050
посланец	4960049
уверяет	4960048
перевозил	4960047
оборона	4960046
благие	4960045
доставаите	4960044
филиала	4960043
бомбами	4960042
борделя	4960041
повязали	4960040
гробнице	4960039
винят	4960038
эри	4960037
свиньями	4960036
декер	4960035
празднику	4960034
гринч	4960033
ограничивает	4960032
переоценивают	4960031
модных	4960030
исполнителя	4960029
резервуар	4960028
имитация	4960027
написанные	4960026
вражеские	4960025
пострадавшии	4960024
алжир	4960023
наркоторговцев	4960022
винтерс	4960021
терминатор	4960020
примирение	4960019
бургеров	4960018
краба	4960017
марионетки	4960016
дешевого	4960015
кабина	4960014
существующих	4960013
природные	4960012
танцоры	4960011
воидете	4960010
сиденьем	4960009
добудь	4960008
путешественников	4960007
дружелюбно	4960006
слушатели	4960005
удовлетворена	4960004
коммунизм	4960003
сгинь	4960002
тревожные	4960001
пирамиду	4960000
оля	4959999
холестерина	4959998
реган	4959997
вежливы	4959996
стандартнои	4959995
выговорить	4959994
чудные	4959993
юлии	4959992
ненормальным	4959991
рональда	4959990
праха	4959989
отбирать	4959988
игровых	4959987
суровая	4959986
прекратился	4959985
предоставлен	4959984
mais	4959983
уловку	4959982
спирали	4959981
технологиеи	4959980
арчера	4959979
морелли	4959978
джанни	4959977
father	4959976
верфи	4959975
отступления	4959974
мельчаиших	4959973
проверены	4959972
сенсацию	4959971
тренируется	4959970
шалости	4959969
стеит	4959968
обсудил	4959967
имиджа	4959966
медалью	4959965
запретныи	4959964
king	4959963
тиджеи	4959962
раке	4959961
сегодняшнему	4959960
обижена	4959959
специальности	4959958
убеждение	4959957
благоразумно	4959956
неяеис	4959955
сиэттла	4959954
раем	4959953
рани	4959952
ящерицы	4959951
догони	4959950
паштет	4959949
отыскал	4959948
сян	4959947
взбитые	4959946
звена	4959945
энергетики	4959944
близкая	4959943
хачи	4959942
бизнесмены	4959941
снята	4959940
коммунистическои	4959939
крабы	4959938
haм	4959937
описывать	4959936
ljelyka	4959935
душем	4959934
фондов	4959933
поддельных	4959932
отменим	4959931
защищаите	4959930
касались	4959929
ломают	4959928
заидут	4959927
роном	4959926
непри	4959925
ресслер	4959924
пингвина	4959923
вляпались	4959922
поскользнулась	4959921
искренен	4959920
пробралась	4959919
тропы	4959918
продемонстрировал	4959917
глазурь	4959916
мексиканскую	4959915
клаудио	4959914
эмоциональном	4959913
united	4959912
автопилот	4959911
опытного	4959910
предстоящеи	4959909
девченки	4959908
распалась	4959907
коре	4959906
удалите	4959905
читти	4959904
пещерныи	4959903
small	4959902
снежнои	4959901
бигелоу	4959900
бровь	4959899
постучи	4959898
подолгу	4959897
асдел	4959896
оскаром	4959895
ноет	4959894
унываи	4959893
насмешки	4959892
разоидемся	4959891
прокуратуру	4959890
везете	4959889
крошечную	4959888
достоянием	4959887
извращенцем	4959886
неееет	4959885
батиста	4959884
комоде	4959883
денешься	4959882
ниггера	4959881
зажжем	4959880
зара	4959879
уводи	4959878
романтичное	4959877
аморально	4959876
перехвата	4959875
общину	4959874
численность	4959873
уличного	4959872
похищенных	4959871
живущая	4959870
хитрец	4959869
кружек	4959868
джеке	4959867
бомбоубежище	4959866
самоубииству	4959865
спускаются	4959864
гибридов	4959863
бессмысленная	4959862
каина	4959861
вырвала	4959860
чувиха	4959859
макалистер	4959858
чешутся	4959857
уважаемого	4959856
назначат	4959855
канг	4959854
сумерках	4959853
боди	4959852
манхеттена	4959851
сером	4959850
тянем	4959849
мерзких	4959848
убогии	4959847
газоне	4959846
фитца	4959845
джеимсон	4959844
обезболивающих	4959843
колледжи	4959842
устроится	4959841
уродливои	4959840
выводят	4959839
орешь	4959838
ясная	4959837
сочныи	4959836
дивныи	4959835
ассистенткои	4959834
запрыгнуть	4959833
бингли	4959832
продержишься	4959831
разорвана	4959830
канистры	4959829
международным	4959828
передняя	4959827
малия	4959826
растянуть	4959825
подключены	4959824
незначительное	4959823
неверным	4959822
хирургические	4959821
хаким	4959820
лассе	4959819
ядовитая	4959818
томе	4959817
безразличны	4959816
торопилась	4959815
прогрессирует	4959814
second	4959813
микроволновку	4959812
механизмом	4959811
сос	4959810
психотерапевту	4959809
короле	4959808
прибегать	4959807
дирижер	4959806
дефибриллятор	4959805
нервных	4959804
духовные	4959803
головке	4959802
дебилы	4959801
простынеи	4959800
патрульным	4959799
склон	4959798
предсказал	4959797
общаге	4959796
кухонном	4959795
обучали	4959794
электрошокер	4959793
дерст	4959792
сола	4959791
раздавлю	4959790
серебристыи	4959789
вектор	4959788
недуг	4959787
отличненько	4959786
восстанавливается	4959785
влюбишься	4959784
трансплантация	4959783
дискуссия	4959782
экономическои	4959781
стартует	4959780
рецепторы	4959779
законченныи	4959778
церковные	4959777
under	4959776
антенна	4959775
дураках	4959774
наводнения	4959773
рэю	4959772
возлюбленные	4959771
дежурить	4959770
описанием	4959769
мусорное	4959768
избранным	4959767
кауфман	4959766
алабамы	4959765
пешки	4959764
льется	4959763
кусочками	4959762
вражды	4959761
страдаем	4959760
бассеины	4959759
западную	4959758
маккартни	4959757
доннелли	4959756
выдумываю	4959755
борцы	4959754
ладена	4959753
ито	4959752
полить	4959751
тoм	4959750
клич	4959749
глазурью	4959748
кембридж	4959747
алкоголики	4959746
отречься	4959745
парики	4959744
кап	4959743
сбавить	4959742
заскочила	4959741
вентиляция	4959740
способнои	4959739
напивался	4959738
ливви	4959737
сбилась	4959736
обыскивают	4959735
ездите	4959734
собаках	4959733
разводимся	4959732
лысым	4959731
чувствительны	4959730
иглои	4959729
прадед	4959728
известном	4959727
ерунде	4959726
дроны	4959725
пер	4959724
хьюза	4959723
приличного	4959722
нежелание	4959721
привяжи	4959720
смэш	4959719
горды	4959718
китон	4959717
священным	4959716
наладилось	4959715
особи	4959714
пристрелит	4959713
надзирателя	4959712
унвер	4959711
флоренцию	4959710
щрс	4959709
коридорах	4959708
бомжеи	4959707
унции	4959706
психопаты	4959705
быстрому	4959704
ѕыло	4959703
поступлении	4959702
пробежка	4959701
добавляю	4959700
адское	4959699
доеду	4959698
перекрыты	4959697
подлинныи	4959696
мнт	4959695
индивидуальности	4959694
электрическои	4959693
коготь	4959692
покупкои	4959691
весил	4959690
поделились	4959689
скуку	4959688
таре	4959687
устроило	4959686
подвинуть	4959685
чьего	4959684
юристами	4959683
кно	4959682
простудишься	4959681
задрот	4959680
прекращаем	4959679
комар	4959678
испорченные	4959677
травить	4959676
трюфели	4959675
состояли	4959674
бриггса	4959673
качествами	4959672
джастином	4959671
сувениров	4959670
саитов	4959669
расстегни	4959668
кинжала	4959667
аризону	4959666
сосет	4959665
поднят	4959664
поясом	4959663
драгоценная	4959662
губа	4959661
особом	4959660
евреям	4959659
возглавлять	4959658
беннета	4959657
снижает	4959656
водорослеи	4959655
субару	4959654
проводя	4959653
лане	4959652
штраус	4959651
рекомендательное	4959650
гриссом	4959649
выперли	4959648
подано	4959647
ниро	4959646
процветание	4959645
пауэлла	4959644
недостает	4959643
физику	4959642
эскимо	4959641
набу	4959640
привязали	4959639
топлесс	4959638
раскусила	4959637
потребление	4959636
посланы	4959635
элегантныи	4959634
маклеин	4959633
тихую	4959632
пнуть	4959631
подловить	4959630
путешествием	4959629
болтон	4959628
болвана	4959627
отдыхаешь	4959626
обещано	4959625
сломаться	4959624
напишете	4959623
автомобильную	4959622
переночую	4959621
мультик	4959620
убиралась	4959619
морковка	4959618
киша	4959617
пластины	4959616
алекси	4959615
копал	4959614
проведении	4959613
бедняжку	4959612
запланирована	4959611
мотоциклах	4959610
оранжевая	4959609
замолчал	4959608
фонду	4959607
неправильную	4959606
развлекаетесь	4959605
ремесло	4959604
туалетов	4959603
богохульство	4959602
use	4959601
раффи	4959600
экспериментировать	4959599
стоматолога	4959598
саус	4959597
рекомендовали	4959596
опередили	4959595
ириса	4959594
румпельштильцхен	4959593
младшую	4959592
служащего	4959591
широкую	4959590
варианте	4959589
напечатал	4959588
баллотируется	4959587
инъекция	4959586
сокрушить	4959585
голограммы	4959584
пропускают	4959583
слоя	4959582
безупречна	4959581
верховои	4959580
либерти	4959579
объедение	4959578
горизонта	4959577
капсуле	4959576
травянои	4959575
хокинга	4959574
мстит	4959573
шишкои	4959572
воздушным	4959571
сварю	4959570
подкуп	4959569
шелка	4959568
генералов	4959567
загорится	4959566
приглашением	4959565
значительная	4959564
популярные	4959563
подразумевается	4959562
подготовилась	4959561
кидает	4959560
заросли	4959559
крошечное	4959558
баффало	4959557
виолончель	4959556
здравия	4959555
гостеприимством	4959554
разделаться	4959553
побоев	4959552
душевного	4959551
переделывать	4959550
аиове	4959549
xbox	4959548
отчаялись	4959547
гэтсби	4959546
легка	4959545
насыщенныи	4959544
принцесс	4959543
лучевои	4959542
грея	4959541
восхождения	4959540
потерпим	4959539
оперативныи	4959538
далекои	4959537
аналог	4959536
спасибочки	4959535
подписываю	4959534
выращивают	4959533
опекунство	4959532
привлекая	4959531
инкогнито	4959530
гэррити	4959529
pro	4959528
соперником	4959527
изъять	4959526
запаса	4959525
заглянешь	4959524
гипнозом	4959523
дорожу	4959522
смазка	4959521
унылыи	4959520
скачи	4959519
гэндальф	4959518
эмиссар	4959517
грузить	4959516
алисию	4959515
напряженнои	4959514
qa	4959513
заботливо	4959512
ложишься	4959511
many	4959510
полотна	4959509
оригинальнои	4959508
всемирнои	4959507
делаила	4959506
иерархии	4959505
мозгоправ	4959504
полетать	4959503
ляжем	4959502
компромиссы	4959501
джэнет	4959500
этажи	4959499
верными	4959498
освободишься	4959497
ликвидации	4959496
чашечке	4959495
дауд	4959494
штрих	4959493
кровавого	4959492
охранная	4959491
бомжа	4959490
ножик	4959489
экраном	4959488
fncomic	4959487
особь	4959486
падут	4959485
реабилитационном	4959484
поаккуратнеи	4959483
обыскала	4959482
выбирая	4959481
завал	4959480
томоки	4959479
точен	4959478
вызываешь	4959477
футляр	4959476
компенсирует	4959475
нападавших	4959474
украшать	4959473
абракадабра	4959472
интернате	4959471
гомез	4959470
отвага	4959469
настигнет	4959468
ателье	4959467
улиток	4959466
успокоятся	4959465
напрягать	4959464
пластинок	4959463
серенои	4959462
выигрываем	4959461
телесных	4959460
серьезна	4959459
встречныи	4959458
приглашении	4959457
грэмми	4959456
премьере	4959455
знамениты	4959454
попади	4959453
разрабатывал	4959452
проклятом	4959451
заинтересовал	4959450
прояснилось	4959449
попрощаемся	4959448
тюремных	4959447
уэстон	4959446
ругается	4959445
историческои	4959444
ложным	4959443
придал	4959442
мировым	4959441
ландау	4959440
растерялся	4959439
наилучшими	4959438
рафи	4959437
снаидер	4959436
дамскои	4959435
aх	4959434
периоде	4959433
bay	4959432
осужденныи	4959431
пугаю	4959430
чилтон	4959429
рамиро	4959428
равняется	4959427
тутси	4959426
уведу	4959425
отмазка	4959424
чувствительна	4959423
совершенных	4959422
ег	4959421
притормозите	4959420
подбросила	4959419
пробуем	4959418
космическую	4959417
честному	4959416
ломаются	4959415
письменные	4959414
пожмите	4959413
изучаете	4959412
наставления	4959411
фроста	4959410
взламывать	4959409
нераскрытых	4959408
дизель	4959407
стеклянные	4959406
пластиковых	4959405
трудилась	4959404
вэнса	4959403
отдаться	4959402
актов	4959401
юри	4959400
графини	4959399
рассмотрела	4959398
разогреве	4959397
разговорчив	4959396
назовете	4959395
нефтяных	4959394
казармы	4959393
заговоры	4959392
строительныи	4959391
отбивную	4959390
жало	4959389
нилл	4959388
патруля	4959387
переезжаи	4959386
угри	4959385
меркурии	4959384
тщательного	4959383
шэин	4959382
dans	4959381
веселился	4959380
расширяется	4959379
внешнему	4959378
срывать	4959377
больничные	4959376
бомонт	4959375
отнесся	4959374
залезли	4959373
рочестер	4959372
совершенные	4959371
уважаете	4959370
янек	4959369
сетчатки	4959368
попрощаюсь	4959367
превосходные	4959366
рекомендовала	4959365
отменены	4959364
товарищам	4959363
повозке	4959362
иллиноиса	4959361
собираешьс	4959360
коробочка	4959359
интересовала	4959358
вращаются	4959357
отравился	4959356
коммерческии	4959355
поживают	4959354
неотложные	4959353
путешествуешь	4959352
будит	4959351
кондитерскои	4959350
врезала	4959349
небесных	4959348
взорвет	4959347
цс	4959346
проникнет	4959345
расчистить	4959344
напряженность	4959343
бнм	4959342
старинке	4959341
госдепартамент	4959340
сосны	4959339
основывается	4959338
подписаны	4959337
титан	4959336
копнуть	4959335
долететь	4959334
согласовать	4959333
hands	4959332
позорище	4959331
свиная	4959330
лихорадку	4959329
вытаскиваите	4959328
мустафа	4959327
сроку	4959326
эквивалент	4959325
неповторимыи	4959324
суровои	4959323
температурои	4959322
уилльям	4959321
творческие	4959320
букмекер	4959319
предлагая	4959318
помалкиваи	4959317
подсчитал	4959316
симпатичного	4959315
центральному	4959314
горан	4959313
кошмарах	4959312
коим	4959311
охотишься	4959310
европеискои	4959309
ступенек	4959308
странновато	4959307
расследуют	4959306
почитал	4959305
выписан	4959304
осмотрись	4959303
скрыты	4959302
карузо	4959301
падением	4959300
мастурбировать	4959299
уголовном	4959298
реисов	4959297
завелись	4959296
боливии	4959295
бессмысленное	4959294
ценнее	4959293
вредная	4959292
желающии	4959291
заливать	4959290
шанти	4959289
нестабилен	4959288
нынешних	4959287
переписывались	4959286
индеица	4959285
городское	4959284
подведите	4959283
священных	4959282
помешаны	4959281
казначеиства	4959280
амелии	4959279
использовалась	4959278
опаздывал	4959277
сбрасывает	4959276
заинтересованность	4959275
монреале	4959274
электроды	4959273
тусовался	4959272
направлено	4959271
картинками	4959270
говнюки	4959269
парам	4959268
средствам	4959267
обретает	4959266
распустить	4959265
репетируем	4959264
кирпичом	4959263
повержен	4959262
боискаут	4959261
безумство	4959260
коломбо	4959259
карга	4959258
скрытое	4959257
акциями	4959256
берил	4959255
цев	4959254
снимая	4959253
утрату	4959252
рассержен	4959251
трахнула	4959250
очевидные	4959249
расколется	4959248
тостов	4959247
старательно	4959246
биологически	4959245
поставляет	4959244
испытательного	4959243
привлекательны	4959242
католиков	4959241
анемия	4959240
голоднои	4959239
губит	4959238
сетка	4959237
арии	4959236
барбаре	4959235
удочерить	4959234
льстит	4959233
распродажи	4959232
разочаровании	4959231
нобу	4959230
норои	4959229
шлюпки	4959228
богатством	4959227
храбр	4959226
широких	4959225
leonidovna	4959224
натворить	4959223
прекраснеи	4959222
телефонном	4959221
англиискую	4959220
взаимное	4959219
нищих	4959218
содовая	4959217
адресов	4959216
уставу	4959215
лгуньеи	4959214
солдатик	4959213
клубничныи	4959212
текущего	4959211
джеральдин	4959210
правых	4959209
фоли	4959208
толкаешь	4959207
меда	4959206
глупыш	4959205
страннее	4959204
ширину	4959203
ударная	4959202
культурах	4959201
самурая	4959200
выскочка	4959199
перепроверить	4959198
каньона	4959197
поднимались	4959196
поселок	4959195
стимулирует	4959194
каблуком	4959193
bit	4959192
пристрастия	4959191
жужера	4959190
крысохват	4959189
сеула	4959188
вылитая	4959187
традициях	4959186
приблизится	4959185
щее	4959184
диабета	4959183
утренних	4959182
умудрились	4959181
non	4959180
приговорил	4959179
диверсия	4959178
отберут	4959177
гражданами	4959176
охотниками	4959175
дьявольская	4959174
унесите	4959173
лопаты	4959172
переделку	4959171
иуяие	4959170
каро	4959169
приняло	4959168
престона	4959167
футбольного	4959166
мучается	4959165
завершим	4959164
раскрутить	4959163
раздавит	4959162
почтовых	4959161
публичном	4959160
бани	4959159
уберут	4959158
бомбить	4959157
станцуем	4959156
содрать	4959155
фрицы	4959154
причинах	4959153
чаек	4959152
ласси	4959151
хаскелл	4959150
пенои	4959149
слоняться	4959148
санкции	4959147
сыворотки	4959146
порти	4959145
пэгги	4959144
сандерсон	4959143
выиграи	4959142
зажгли	4959141
оставшеися	4959140
выдавить	4959139
трогательная	4959138
оповещения	4959137
проявит	4959136
игровая	4959135
ринга	4959134
ценнои	4959133
кабинку	4959132
захлопни	4959131
подобны	4959130
муни	4959129
звездолет	4959128
входящие	4959127
препятствием	4959126
взорвались	4959125
извлек	4959124
оксикодон	4959123
торчок	4959122
финишнои	4959121
француза	4959120
кетчупа	4959119
обувнои	4959118
летаешь	4959117
обоняние	4959116
пользователя	4959115
исповедоваться	4959114
зарезать	4959113
первенец	4959112
рулевои	4959111
непростые	4959110
активным	4959109
пятнышко	4959108
дюпон	4959107
пентагоне	4959106
падла	4959105
терпелось	4959104
дреика	4959103
цех	4959102
отрасли	4959101
ангаре	4959100
обезьянку	4959099
звании	4959098
полезет	4959097
пересекла	4959096
объекте	4959095
форум	4959094
тормашками	4959093
закажете	4959092
вирджил	4959091
самца	4959090
закрытых	4959089
нарушая	4959088
освободишь	4959087
таиланд	4959086
предупредив	4959085
назначении	4959084
уборщиком	4959083
шлялся	4959082
неповиновение	4959081
крохотные	4959080
доркас	4959079
накричала	4959078
приобретает	4959077
мыслям	4959076
пребывает	4959075
кчанбэ	4959074
мыс	4959073
шляется	4959072
выходило	4959071
основанныи	4959070
аис	4959069
запускает	4959068
холера	4959067
взошло	4959066
ответами	4959065
сбивать	4959064
деревень	4959063
брелок	4959062
театральныи	4959061
конлон	4959060
ноешь	4959059
алжире	4959058
вставлю	4959057
южное	4959056
повернулись	4959055
несчастную	4959054
имеющих	4959053
chita	4959052
разбитыи	4959051
яэль	4959050
понадобитесь	4959049
назначит	4959048
пиздюк	4959047
мага	4959046
первоклассная	4959045
перевернулась	4959044
телевизоры	4959043
чертои	4959042
развалилось	4959041
блэика	4959040
реликвия	4959039
нажил	4959038
мешала	4959037
кэрролл	4959036
расслабь	4959035
исправления	4959034
ид	4959033
сражаитесь	4959032
расовои	4959031
трэв	4959030
клинических	4959029
жозефина	4959028
экологически	4959027
vi	4959026
кризисом	4959025
цнбнпхк	4959024
аппарате	4959023
транспортного	4959022
обороне	4959021
разобрал	4959020
убирают	4959019
поупа	4959018
мастерсон	4959017
угрызении	4959016
беспокоил	4959015
сожрали	4959014
телохранителем	4959013
страстеи	4959012
докторами	4959011
обсуждаете	4959010
спермои	4959009
приплыли	4959008
девать	4959007
дуга	4959006
шана	4959005
стерлингов	4959004
слоана	4959003
потраченное	4959002
туфля	4959001
холмом	4959000
мутант	4958999
растворился	4958998
амер	4958997
пластическои	4958996
коркоран	4958995
мар	4958994
появлению	4958993
мышкои	4958992
эсфени	4958991
возглавляю	4958990
безумнее	4958989
крушении	4958988
курочка	4958987
кореша	4958986
выпадают	4958985
гэби	4958984
зательно	4958983
сесар	4958982
башки	4958981
исследовательскои	4958980
юном	4958979
побежим	4958978
саботировать	4958977
виновные	4958976
франсиско	4958975
сталкивалась	4958974
денежнои	4958973
выборами	4958972
региональные	4958971
виконт	4958970
подкрепиться	4958969
мечтаете	4958968
застрелены	4958967
внушение	4958966
бессмысленные	4958965
tom	4958964
раздавал	4958963
пробудем	4958962
подумывала	4958961
осмотрит	4958960
востро	4958959
звонками	4958958
рожденныи	4958957
дятел	4958956
клинические	4958955
прикольные	4958954
прыгали	4958953
аритмия	4958952
россиискои	4958951
испарилась	4958950
питт	4958949
спрингер	4958948
вышвырнула	4958947
фанатиков	4958946
приударить	4958945
андрея	4958944
джонси	4958943
јлло	4958942
вагоны	4958941
экраны	4958940
подбирает	4958939
боицом	4958938
eсть	4958937
подтверждающие	4958936
заключительныи	4958935
фина	4958934
соображает	4958933
обеспечивают	4958932
взорвала	4958931
заработанные	4958930
окажись	4958929
регулярные	4958928
биологическое	4958927
таблицу	4958926
достигло	4958925
уменьшает	4958924
спинами	4958923
глас	4958922
проявляют	4958921
ласло	4958920
соглашаешься	4958919
покорил	4958918
сочтут	4958917
загрязнение	4958916
тратила	4958915
японское	4958914
проституцию	4958913
деиствуете	4958912
классики	4958911
разрушению	4958910
булочек	4958909
изучим	4958908
лампои	4958907
протестующих	4958906
получаться	4958905
пролетит	4958904
дистанционно	4958903
двоику	4958902
белку	4958901
еѕећ	4958900
ролло	4958899
прот	4958898
взрываются	4958897
шахтах	4958896
горках	4958895
косима	4958894
запрещают	4958893
вебсаит	4958892
уаиат	4958891
свяжутся	4958890
хитрые	4958889
отмечает	4958888
child	4958887
эшби	4958886
останавливалась	4958885
открыв	4958884
засуха	4958883
feeling	4958882
игнорирую	4958881
избежание	4958880
заявилась	4958879
сменои	4958878
поранить	4958877
привязалась	4958876
утверждала	4958875
солнышке	4958874
краха	4958873
собран	4958872
проныра	4958871
гога	4958870
мадонны	4958869
тетушки	4958868
каменнои	4958867
логаном	4958866
удовлетворять	4958865
ћожешь	4958864
поглотила	4958863
римская	4958862
мексиканские	4958861
гонит	4958860
клауд	4958859
може	4958858
никарагуа	4958857
таилеру	4958856
попрощаитесь	4958855
рассказу	4958854
сконцентрируитесь	4958853
круты	4958852
очарована	4958851
даниэля	4958850
тележке	4958849
пилы	4958848
заждались	4958847
дробовика	4958846
покупателю	4958845
беглыи	4958844
остатьс	4958843
побеспокоила	4958842
сентиментальныи	4958841
отменено	4958840
террасу	4958839
апельсинового	4958838
паломарес	4958837
пэнни	4958836
светило	4958835
зарегистрировался	4958834
пеизажи	4958833
болваном	4958832
ричмонда	4958831
выспалась	4958830
обрывки	4958829
морроу	4958828
бедненькии	4958827
складываются	4958826
выработать	4958825
слеза	4958824
подстричь	4958823
пепси	4958822
подстроили	4958821
безопасна	4958820
атеист	4958819
магистрали	4958818
скорбит	4958817
джордже	4958816
разрешен	4958815
встревожен	4958814
подорвал	4958813
капитуляции	4958812
энрико	4958811
чeлoвeк	4958810
дуло	4958809
выбивает	4958808
дерусь	4958807
распространился	4958806
неожиданностью	4958805
оклахома	4958804
кошельки	4958803
торжественныи	4958802
раундов	4958801
сериалы	4958800
фигу	4958799
евеис	4958798
сугубо	4958797
испуганным	4958796
дурачком	4958795
уроками	4958794
радара	4958793
влиться	4958792
столбы	4958791
отличными	4958790
загружен	4958789
переведен	4958788
звезднои	4958787
палача	4958786
ѕр	4958785
монахинь	4958784
терк	4958783
садились	4958782
рисование	4958781
экзотических	4958780
потребую	4958779
одевал	4958778
перевозит	4958777
советует	4958776
духовно	4958775
луизианы	4958774
воздержания	4958773
тренировках	4958772
гардеробе	4958771
престиж	4958770
фифи	4958769
удушья	4958768
встречаися	4958767
перевязать	4958766
запутанная	4958765
клифтон	4958764
тылу	4958763
предметами	4958762
ям	4958761
смотровои	4958760
дружеская	4958759
похоти	4958758
подрывник	4958757
загадочное	4958756
муравеи	4958755
поживем	4958754
удару	4958753
пики	4958752
территориеи	4958751
терпением	4958750
почками	4958749
ввысь	4958748
хинди	4958747
длилась	4958746
выявили	4958745
юко	4958744
неудачницеи	4958743
спонсоры	4958742
дружите	4958741
слим	4958740
пускаите	4958739
заклинаю	4958738
нормальном	4958737
побаловать	4958736
протяну	4958735
собачью	4958734
журналу	4958733
вытаскивал	4958732
выдачи	4958731
футбольных	4958730
связывалась	4958729
собраниях	4958728
цыпочку	4958727
копиеи	4958726
даниэла	4958725
высказывания	4958724
детективам	4958723
зорро	4958722
трансляции	4958721
помочиться	4958720
ћучше	4958719
журналистами	4958718
выдающаяся	4958717
умоися	4958716
превзошла	4958715
анка	4958714
филд	4958713
ажетс	4958712
брачные	4958711
высказывать	4958710
пролежал	4958709
расположении	4958708
обвинителем	4958707
фол	4958706
бизнесс	4958705
хельсинки	4958704
стилю	4958703
репетитор	4958702
блюдом	4958701
самоволку	4958700
откажутся	4958699
отниму	4958698
семени	4958697
расходиться	4958696
воздержание	4958695
кардассианцев	4958694
трубочку	4958693
занимаю	4958692
превосходства	4958691
подлинная	4958690
недостаточности	4958689
пачкать	4958688
каспера	4958687
восстановит	4958686
проектор	4958685
повозки	4958684
каталога	4958683
орсона	4958682
уделал	4958681
запрещать	4958680
вермонте	4958679
теплую	4958678
китаем	4958677
канадцы	4958676
отвергнуть	4958675
миллси	4958674
мучаи	4958673
поссорилась	4958672
самоуверенныи	4958671
служим	4958670
встречаи	4958669
гольдман	4958668
задаите	4958667
отрицательнои	4958666
ебучие	4958665
интимнои	4958664
тая	4958663
вмиг	4958662
клички	4958661
духовки	4958660
стеика	4958659
условныи	4958658
расписанием	4958657
пинк	4958656
ледяного	4958655
крекеров	4958654
знаменитыми	4958653
пожаров	4958652
клару	4958651
ребячество	4958650
сфотографирую	4958649
хранителем	4958648
торгуешь	4958647
взоити	4958646
трибуне	4958645
исправила	4958644
сбудутся	4958643
судимость	4958642
карликов	4958641
ала	4958640
шабаш	4958639
амазонки	4958638
мэриголд	4958637
подключи	4958636
перешло	4958635
направлялась	4958634
эскорта	4958633
ээээ	4958632
разделения	4958631
остальному	4958630
мару	4958629
лектера	4958628
георгии	4958627
театром	4958626
танцем	4958625
субботним	4958624
грызть	4958623
вeдь	4958622
вкусняшка	4958621
приказом	4958620
проткнул	4958619
непристоиные	4958618
доставляю	4958617
вернулс	4958616
фургоны	4958615
простота	4958614
электрошок	4958613
достаточныи	4958612
судорога	4958611
арестуешь	4958610
выкопали	4958609
ad	4958608
рассматривают	4958607
джулиано	4958606
повременить	4958605
оплачиваю	4958604
судопроизводства	4958603
издал	4958602
подожгла	4958601
увлекаюсь	4958600
упечь	4958599
связывается	4958598
квалификация	4958597
греческая	4958596
присоединятся	4958595
незаконченное	4958594
финансах	4958593
номерам	4958592
кончает	4958591
усыновлении	4958590
мишки	4958589
сотовои	4958588
мертво	4958587
холлоуэи	4958586
яичныи	4958585
наелась	4958584
куске	4958583
фибрилляция	4958582
nickst	4958581
патриотов	4958580
ирландские	4958579
отличаюсь	4958578
дженкинса	4958577
переменам	4958576
парфюм	4958575
арри	4958574
сгусток	4958573
преувеличивает	4958572
откопали	4958571
детишкам	4958570
фотосессии	4958569
пенсионныи	4958568
таннера	4958567
окончательного	4958566
туриста	4958565
эгоисткои	4958564
динамита	4958563
перегрузка	4958562
озером	4958561
величине	4958560
талантами	4958559
неисправен	4958558
студиеи	4958557
исключен	4958556
поворачиваем	4958555
подписеи	4958554
новенькои	4958553
сделанного	4958552
стихия	4958551
сума	4958550
пользуясь	4958549
международное	4958548
хармони	4958547
kids	4958546
копыт	4958545
превосходным	4958544
покурю	4958543
отнесла	4958542
хаббл	4958541
истерики	4958540
лины	4958539
оставлены	4958538
активное	4958537
джеикс	4958536
зрителя	4958535
пустишь	4958534
прощен	4958533
вмешиваешься	4958532
пушечное	4958531
ролл	4958530
капоте	4958529
материнскии	4958528
назир	4958527
залом	4958526
клевету	4958525
хвостиком	4958524
смоллвилль	4958523
уоткинс	4958522
справку	4958521
почитаем	4958520
создало	4958519
шуму	4958518
продумала	4958517
принуждение	4958516
lamborghini	4958515
потоке	4958514
потрясло	4958513
клык	4958512
минимальнои	4958511
отметила	4958510
гилберта	4958509
манч	4958508
тренируешься	4958507
четкое	4958506
вляпалась	4958505
переместиться	4958504
отменена	4958503
устанавливают	4958502
наслаждались	4958501
гамбургеров	4958500
азиз	4958499
благополучии	4958498
предоставят	4958497
разыскиваю	4958496
бисквит	4958495
достанете	4958494
подъехала	4958493
прикончим	4958492
урегулировать	4958491
особенных	4958490
статьям	4958489
разговорились	4958488
деканом	4958487
свалишь	4958486
беспилотников	4958485
воздеиствует	4958484
солт	4958483
бессмысленна	4958482
стопудово	4958481
седые	4958480
мио	4958479
виллы	4958478
отстала	4958477
кусаи	4958476
повелителеи	4958475
позавтракал	4958474
приноси	4958473
исследованию	4958472
ценна	4958471
заденет	4958470
уголовник	4958469
противоположном	4958468
развернулся	4958467
ползи	4958466
похищали	4958465
рамзи	4958464
натуральные	4958463
сучии	4958462
преподаватели	4958461
убирался	4958460
дружочек	4958459
тигрица	4958458
длинном	4958457
бенжамин	4958456
проб	4958455
далеком	4958454
вязать	4958453
check	4958452
блокировка	4958451
лечащии	4958450
потяну	4958449
поворотах	4958448
накки	4958447
питался	4958446
лакросс	4958445
переоделась	4958444
обвиняла	4958443
унрекю	4958442
отпускал	4958441
разворачивается	4958440
статистики	4958439
привозил	4958438
ростбиф	4958437
теплым	4958436
побеспокоить	4958435
херово	4958434
мисти	4958433
крутят	4958432
солдату	4958431
разрешится	4958430
диабетик	4958429
благотворительную	4958428
yo	4958427
вылетишь	4958426
хрупкое	4958425
романтику	4958424
вогель	4958423
couldn	4958422
выпечка	4958421
основ	4958420
выплюнь	4958419
соблазн	4958418
подземелья	4958417
кофеиню	4958416
отсека	4958415
подвезла	4958414
сводки	4958413
познакомишь	4958412
психических	4958411
развалилась	4958410
навещаю	4958409
once	4958408
ахиллес	4958407
царю	4958406
фрэнклин	4958405
простуду	4958404
укрепляет	4958403
бернарда	4958402
mama	4958401
охранную	4958400
переключиться	4958399
негодяем	4958398
плюшевыи	4958397
слышится	4958396
волнам	4958395
записываться	4958394
отмечен	4958393
сумашедшая	4958392
pfqrf	4958391
прояснили	4958390
запретительныи	4958389
квирк	4958388
лучники	4958387
зловеще	4958386
покрытыи	4958385
потр	4958384
скоты	4958383
хозяиством	4958382
калии	4958381
завуч	4958380
расставались	4958379
дизаинером	4958378
глядят	4958377
краснеть	4958376
химчистке	4958375
оскорбила	4958374
сотнеи	4958373
льет	4958372
мучаешь	4958371
исследователеи	4958370
организованная	4958369
величеством	4958368
колонке	4958367
brothers	4958366
проткнуть	4958365
скафандр	4958364
викерс	4958363
поиграли	4958362
лордов	4958361
special	4958360
дружелюбны	4958359
стероидах	4958358
греиди	4958357
поодиночке	4958356
забронировала	4958355
еиеи	4958354
объясняется	4958353
дега	4958352
эрекции	4958351
дамочек	4958350
пэна	4958349
выгоняют	4958348
гувернантка	4958347
склонности	4958346
газовые	4958345
даниил	4958344
придираться	4958343
english	4958342
жу	4958341
эффектом	4958340
таиланде	4958339
барышни	4958338
завтрашнее	4958337
налоговых	4958336
проводника	4958335
таран	4958334
кремировали	4958333
носорог	4958332
голосок	4958331
люсинда	4958330
кардинально	4958329
графу	4958328
церковном	4958327
умываю	4958326
переходныи	4958325
кафедры	4958324
осуществлять	4958323
сьюз	4958322
конченыи	4958321
вирусов	4958320
мох	4958319
ѕослушаите	4958318
хаки	4958317
холостяков	4958316
смен	4958315
биопсии	4958314
тано	4958313
сжигают	4958312
содержатся	4958311
преодолеем	4958310
неправдоподобно	4958309
кенна	4958308
дэвидсон	4958307
сохранилась	4958306
умирающеи	4958305
простаты	4958304
хека	4958303
троики	4958302
наркоз	4958301
должньi	4958300
таможне	4958299
джокер	4958298
юте	4958297
потерянная	4958296
мачехои	4958295
выдерживать	4958294
додумалась	4958293
выражаюсь	4958292
юхан	4958291
конкретных	4958290
испортите	4958289
серебряную	4958288
веря	4958287
чамхам	4958286
наркозом	4958285
постучаться	4958284
наоки	4958283
мечтаем	4958282
обширныи	4958281
картам	4958280
баранина	4958279
аизека	4958278
забавного	4958277
сетки	4958276
хоббит	4958275
добиваются	4958274
печатью	4958273
ограду	4958272
сахарнои	4958271
энджело	4958270
холта	4958269
сучара	4958268
поиманы	4958267
дизаином	4958266
дымоход	4958265
ковбоем	4958264
папину	4958263
сплетнице	4958262
наследного	4958261
бане	4958260
носится	4958259
ощутила	4958258
особыми	4958257
выражают	4958256
джеффу	4958255
взбодриться	4958254
бесплатным	4958253
выращивает	4958252
соберет	4958251
кончатся	4958250
кирпича	4958249
статистически	4958248
маркеры	4958247
авиакатастрофе	4958246
успеваешь	4958245
рассказе	4958244
моторс	4958243
старпом	4958242
социально	4958241
рекламная	4958240
забывается	4958239
крепись	4958238
традиционное	4958237
доступным	4958236
шпинат	4958235
передаются	4958234
фабио	4958233
лазить	4958232
деревенская	4958231
горсть	4958230
хилла	4958229
вырубаи	4958228
сквозняк	4958227
дискредитировать	4958226
поднажми	4958225
региональныи	4958224
протянешь	4958223
литературныи	4958222
профиля	4958221
фигне	4958220
разглядела	4958219
пастором	4958218
помогаите	4958217
угадывать	4958216
смыслю	4958215
напоминала	4958214
тине	4958213
состариться	4958212
заполни	4958211
впустишь	4958210
надери	4958209
подарите	4958208
небоскреб	4958207
поступаите	4958206
направлю	4958205
перевернула	4958204
армани	4958203
смещение	4958202
ltd	4958201
ракетои	4958200
накрыл	4958199
врубаи	4958198
столбом	4958197
администрацию	4958196
мечтам	4958195
утомлять	4958194
потрачены	4958193
желтое	4958192
дамбы	4958191
достигнешь	4958190
скальп	4958189
комфортнее	4958188
арбалет	4958187
разбогатеем	4958186
психики	4958185
приводите	4958184
продвигаемся	4958183
уиллард	4958182
вставляет	4958181
прикрываи	4958180
успешен	4958179
прождал	4958178
хотело	4958177
каре	4958176
бреиди	4958175
невинными	4958174
минимальная	4958173
разбило	4958172
провинция	4958171
изготовить	4958170
эксклюзивныи	4958169
соидешь	4958168
инопланетныи	4958167
очевидна	4958166
гашиш	4958165
размышляя	4958164
праздную	4958163
печеньку	4958162
аноним	4958161
болтался	4958160
уэльс	4958159
затащили	4958158
дыбом	4958157
пехоте	4958156
еиласте	4958155
обсуждаю	4958154
кѕ	4958153
шиллинга	4958152
шантажировали	4958151
южные	4958150
сие	4958149
астрономии	4958148
гмм	4958147
неловкости	4958146
висконсине	4958145
бестолочь	4958144
кабельного	4958143
набралась	4958142
коррадо	4958141
взяток	4958140
выучили	4958139
душевныи	4958138
воздеиствовать	4958137
свяжет	4958136
успеваем	4958135
блохи	4958134
системах	4958133
психопатом	4958132
замороженные	4958131
пенициллин	4958130
летучеи	4958129
иони	4958128
изгнания	4958127
устроите	4958126
брюсом	4958125
полному	4958124
чужаков	4958123
онд	4958122
размять	4958121
забыты	4958120
флеите	4958119
опухолеи	4958118
гермес	4958117
абрамс	4958116
чул	4958115
глюки	4958114
настольныи	4958113
лазеры	4958112
умыться	4958111
ставни	4958110
отвлекают	4958109
мелиссои	4958108
проезжать	4958107
мороза	4958106
эидена	4958105
осподин	4958104
доставишь	4958103
полнеишии	4958102
инрнпши	4958101
осмотре	4958100
праздничные	4958099
хуч	4958098
дурить	4958097
затвор	4958096
выпиваю	4958095
креветками	4958094
путать	4958093
посещаю	4958092
сбывается	4958091
teбe	4958090
ласкать	4958089
пище	4958088
монарх	4958087
колбаски	4958086
прикажет	4958085
организуи	4958084
проведаю	4958083
страданиях	4958082
женушка	4958081
осветить	4958080
умирая	4958079
чернокожих	4958078
уровнях	4958077
осеннии	4958076
кроличью	4958075
эша	4958074
доведу	4958073
командам	4958072
тренажерныи	4958071
анекдоты	4958070
уэлч	4958069
издевательства	4958068
служение	4958067
изволите	4958066
рэич	4958065
оставшись	4958064
камином	4958063
каролину	4958062
истеричка	4958061
контрабандист	4958060
свинцом	4958059
затянулась	4958058
совершены	4958057
менты	4958056
прославиться	4958055
копаешься	4958054
проведена	4958053
цукаса	4958052
армстронга	4958051
пропорции	4958050
родительские	4958049
альтернативнои	4958048
псевдонимом	4958047
понизить	4958046
подлодку	4958045
бостонскии	4958044
титры	4958043
боден	4958042
молоке	4958041
фресно	4958040
поэты	4958039
обращаемся	4958038
взвесить	4958037
готовясь	4958036
врядли	4958035
зажать	4958034
представлен	4958033
проникновением	4958032
испорченная	4958031
set	4958030
спасибo	4958029
присел	4958028
домогательстве	4958027
подозревая	4958026
даровал	4958025
рвутся	4958024
сенатору	4958023
разрушишь	4958022
пересечения	4958021
лондонского	4958020
опекуна	4958019
припоминаешь	4958018
увеличили	4958017
божие	4958016
прислушивается	4958015
матти	4958014
плато	4958013
ступил	4958012
совершеннолетия	4958011
тревоге	4958010
гасом	4958009
серфингом	4958008
которьiи	4958007
прервана	4958006
изменяется	4958005
пилюлю	4958004
отступили	4958003
разрешением	4958002
диссертации	4958001
нагнать	4958000
параноии	4957999
верховном	4957998
программного	4957997
личинок	4957996
бунта	4957995
уставшая	4957994
горо	4957993
требованию	4957992
lе	4957991
доверенность	4957990
благословением	4957989
геном	4957988
walk	4957987
фонг	4957986
фермером	4957985
сфотографируемся	4957984
турбулентность	4957983
предназначалось	4957982
прозвучать	4957981
помешательство	4957980
испанские	4957979
страховую	4957978
отправляите	4957977
лагуэрта	4957976
слепота	4957975
девятка	4957974
барксдеила	4957973
идиотскои	4957972
дождались	4957971
бьlть	4957970
загрузили	4957969
уууу	4957968
багдаде	4957967
кретина	4957966
плыву	4957965
сердцами	4957964
пультом	4957963
бархат	4957962
нэвилл	4957961
сеять	4957960
пердун	4957959
неудачного	4957958
задницами	4957957
измерении	4957956
предыдущим	4957955
поцарапала	4957954
красному	4957953
всадить	4957952
соловеи	4957951
арне	4957950
сплав	4957949
заботило	4957948
осы	4957947
мутит	4957946
сырныи	4957945
лака	4957944
забрало	4957943
тиф	4957942
теряюсь	4957941
saying	4957940
встаем	4957939
повезти	4957938
чокнулся	4957937
company	4957936
троиное	4957935
волшебница	4957934
переписал	4957933
царем	4957932
фортуны	4957931
выстроить	4957930
хиты	4957929
подсыпал	4957928
расслабся	4957927
понятны	4957926
дава	4957925
додд	4957924
доверяите	4957923
корица	4957922
взросления	4957921
бедреннои	4957920
послушают	4957919
нефтяные	4957918
присматривают	4957917
боссе	4957916
наследныи	4957915
грустит	4957914
штуках	4957913
слабоумие	4957912
поблажку	4957911
позорить	4957910
полетом	4957909
фишек	4957908
потрясающего	4957907
кoнeчнo	4957906
переработки	4957905
талантливы	4957904
континенте	4957903
лепту	4957902
бель	4957901
посвящаю	4957900
вуаль	4957899
лунку	4957898
идущие	4957897
каори	4957896
рассматриваешь	4957895
проливать	4957894
интерна	4957893
дуть	4957892
наперегонки	4957891
вылечим	4957890
психовать	4957889
распался	4957888
верховная	4957887
правоохранительные	4957886
катит	4957885
безымянныи	4957884
ленточки	4957883
поручаю	4957882
обрадует	4957881
западню	4957880
некомпетентность	4957879
биполярное	4957878
ранами	4957877
друган	4957876
ариадна	4957875
ртуть	4957874
контрразведки	4957873
влиянию	4957872
интерны	4957871
повесилась	4957870
плеис	4957869
феромоны	4957868
активнои	4957867
грация	4957866
эммануэль	4957865
портала	4957864
присутствующие	4957863
малую	4957862
узкая	4957861
подбросишь	4957860
рентгеновские	4957859
схвати	4957858
иммигранты	4957857
рецидив	4957856
дьяволы	4957855
значимое	4957854
срываться	4957853
луизиана	4957852
даун	4957851
бyдy	4957850
лэнса	4957849
водите	4957848
сэме	4957847
мерилин	4957846
спустите	4957845
пролететь	4957844
неизвестны	4957843
выслушает	4957842
клоню	4957841
дубинкои	4957840
комплиментов	4957839
драматизировать	4957838
аксессуары	4957837
мифы	4957836
подтекст	4957835
принадлежность	4957834
превращусь	4957833
участниками	4957832
евгении	4957831
тусуются	4957830
отключаюсь	4957829
геральд	4957828
технологическии	4957827
пыткам	4957826
отшил	4957825
пытками	4957824
чашечкои	4957823
утолить	4957822
шпана	4957821
извлекать	4957820
ценную	4957819
детскими	4957818
перезванивает	4957817
отбивать	4957816
помалкивать	4957815
одержал	4957814
змеями	4957813
загружать	4957812
влиятельным	4957811
обоиду	4957810
погодка	4957809
процентах	4957808
мониторы	4957807
перебиваю	4957806
балда	4957805
ограниченное	4957804
вцепился	4957803
поносить	4957802
нерис	4957801
эби	4957800
приготовление	4957799
мюь	4957798
рассчитал	4957797
стивену	4957796
посмеивается	4957795
начинающии	4957794
техническим	4957793
карвера	4957792
mad	4957791
сталкиваюсь	4957790
пускали	4957789
трапезу	4957788
проектами	4957787
манчестере	4957786
штыки	4957785
открытке	4957784
инспекции	4957783
ругаися	4957782
влажность	4957781
fucking	4957780
вдов	4957779
since	4957778
застрелите	4957777
тянуло	4957776
расстегнуть	4957775
творятся	4957774
твердила	4957773
отзовите	4957772
регенерации	4957771
фабрицио	4957770
изменениях	4957769
джекса	4957768
примитивные	4957767
прогони	4957766
карлы	4957765
математик	4957764
исполнительного	4957763
магниты	4957762
натуру	4957761
кораблями	4957760
сверхъестественного	4957759
рисунке	4957758
ничью	4957757
чтить	4957756
нападки	4957755
оторвемся	4957754
уяснил	4957753
затаиться	4957752
развалины	4957751
ндмю	4957750
жирафа	4957749
нарды	4957748
загон	4957747
мантию	4957746
карлтона	4957745
ненормальнои	4957744
марафона	4957743
присядете	4957742
злоба	4957741
пятым	4957740
сал	4957739
демиан	4957738
фреида	4957737
одесса	4957736
влюбленныи	4957735
обращала	4957734
заморожены	4957733
алонзо	4957732
усложнить	4957731
мягких	4957730
вызывающе	4957729
обязанным	4957728
открывая	4957727
боулинге	4957726
подробные	4957725
заблуждения	4957724
шкафчики	4957723
навели	4957722
гван	4957721
устанавливаем	4957720
сечение	4957719
прячь	4957718
крутишь	4957717
бредни	4957716
клэнси	4957715
мэис	4957714
пустяков	4957713
дурацкими	4957712
базам	4957711
теплого	4957710
подведет	4957709
распространится	4957708
милнер	4957707
нуть	4957706
любителем	4957705
killed	4957704
развлекаются	4957703
письму	4957702
пакуи	4957701
кл	4957700
hbo	4957699
капец	4957698
махом	4957697
балете	4957696
матрац	4957695
кусаюсь	4957694
сниться	4957693
кривые	4957692
шнапс	4957691
цареи	4957690
продажныи	4957689
полномочиями	4957688
рыночнои	4957687
хд	4957686
кеужели	4957685
крашер	4957684
подошвы	4957683
ограбила	4957682
штрафнои	4957681
мастурбации	4957680
дофига	4957679
камню	4957678
бауэра	4957677
отделов	4957676
гуччи	4957675
мальчишками	4957674
агрессивная	4957673
ползти	4957672
перьями	4957671
перепады	4957670
искренности	4957669
anyone	4957668
напрямик	4957667
колои	4957666
already	4957665
онид	4957664
обслуживает	4957663
дэивис	4957662
размножения	4957661
аналогия	4957660
санчо	4957659
силовые	4957658
разведчики	4957657
особеи	4957656
трюм	4957655
стильныи	4957654
скатерть	4957653
ориентироваться	4957652
плевака	4957651
рандеву	4957650
предпримем	4957649
широты	4957648
бритвои	4957647
избыток	4957646
служащим	4957645
заменяет	4957644
пеппи	4957643
доннер	4957642
соска	4957641
киви	4957640
иогу	4957639
вил	4957638
первенца	4957637
унаследует	4957636
пшеницу	4957635
лавры	4957634
свинарник	4957633
особы	4957632
пристало	4957631
текущих	4957630
отталкивает	4957629
дальних	4957628
вставьте	4957627
пюбмн	4957626
frank	4957625
орхидея	4957624
уныние	4957623
уникальнои	4957622
стюард	4957621
услышаны	4957620
резонанс	4957619
гланды	4957618
переходил	4957617
методах	4957616
somali	4957615
кузине	4957614
супергероя	4957613
part	4957612
антуана	4957611
револьвера	4957610
обвиняемая	4957609
эшер	4957608
люпен	4957607
трения	4957606
отбеливатель	4957605
мясником	4957604
особенную	4957603
цветком	4957602
броска	4957601
чуствую	4957600
изделии	4957599
иммунная	4957598
looks	4957597
складки	4957596
бюджетом	4957595
кендал	4957594
привилегиями	4957593
соединяет	4957592
уокера	4957591
дурачить	4957590
знакомится	4957589
биты	4957588
марке	4957587
маньяки	4957586
пончиками	4957585
малка	4957584
заподозрить	4957583
порази	4957582
оценивают	4957581
вдохновить	4957580
христово	4957579
формальностеи	4957578
выдерживает	4957577
игровую	4957576
реагирую	4957575
лишишься	4957574
ослепла	4957573
починят	4957572
кабели	4957571
дерьмовую	4957570
телосложение	4957569
пробныи	4957568
галстуком	4957567
стариками	4957566
питтсбурге	4957565
макдафф	4957564
превосходна	4957563
бизнесменом	4957562
стиральную	4957561
неряха	4957560
туннелях	4957559
моссада	4957558
сочувствовать	4957557
lie	4957556
ƒк	4957555
предыдущая	4957554
синатра	4957553
похлопаем	4957552
удалено	4957551
спустила	4957550
рефери	4957549
поколению	4957548
говорило	4957547
прорвались	4957546
элена	4957545
опрашивать	4957544
хэнку	4957543
уинифред	4957542
издали	4957541
гонщиков	4957540
калифорниискии	4957539
держась	4957538
гостиничном	4957537
намеков	4957536
иакова	4957535
проиграи	4957534
перезвоним	4957533
быком	4957532
переулка	4957531
xорошо	4957530
акое	4957529
самогон	4957528
владела	4957527
посоветовавшись	4957526
сбором	4957525
запорол	4957524
обеты	4957523
прекратятся	4957522
окунь	4957521
нили	4957520
вырубила	4957519
джэимс	4957518
безнадежныи	4957517
онидс	4957516
представлением	4957515
варваров	4957514
романо	4957513
осознавая	4957512
бессмертнои	4957511
облаками	4957510
погряз	4957509
сердечно	4957508
велят	4957507
китт	4957506
римлянин	4957505
винсом	4957504
расстреляют	4957503
переверните	4957502
нашествие	4957501
африканских	4957500
фара	4957499
дерзаи	4957498
влюбленным	4957497
хреновы	4957496
нормандии	4957495
сухими	4957494
иаков	4957493
приставили	4957492
ошивается	4957491
батончики	4957490
джеммы	4957489
ссуды	4957488
вепег	4957487
бредли	4957486
взаимодеиствовать	4957485
потащил	4957484
депутат	4957483
убедишься	4957482
жестком	4957481
подъедет	4957480
спортсменом	4957479
лужа	4957478
анархия	4957477
уитли	4957476
эваном	4957475
руслан	4957474
искусственнои	4957473
материнство	4957472
раимонд	4957471
офигенныи	4957470
скрылась	4957469
загадками	4957468
покидаите	4957467
инсулина	4957466
петтигрю	4957465
джемом	4957464
париться	4957463
габриэля	4957462
прикоснись	4957461
подкрадываться	4957460
дурочкои	4957459
даврос	4957458
охраняите	4957457
зовете	4957456
незначительная	4957455
китаиским	4957454
разделяем	4957453
шумныи	4957452
микаэль	4957451
оставшаяся	4957450
напыщенныи	4957449
острую	4957448
россам	4957447
стилист	4957446
поваров	4957445
домашними	4957444
богородица	4957443
корте	4957442
потряси	4957441
бутылках	4957440
созданные	4957439
антибиотиков	4957438
зонои	4957437
аварииное	4957436
противозаконного	4957435
нападем	4957434
учим	4957433
нектар	4957432
карол	4957431
гамбурге	4957430
довольныи	4957429
пропадут	4957428
убирала	4957427
заколол	4957426
далии	4957425
уолтон	4957424
бона	4957423
играющии	4957422
янь	4957421
неизлечимо	4957420
оборачивается	4957419
оса	4957418
штопор	4957417
совместимы	4957416
технического	4957415
наезжать	4957414
экземпляров	4957413
охраннику	4957412
развлекаемся	4957411
деиярбхрекэмн	4957410
яростью	4957409
парике	4957408
проверяете	4957407
коннелл	4957406
масштабах	4957405
парикмахера	4957404
стоматолог	4957403
цнбнпхрэ	4957402
господство	4957401
анника	4957400
начальную	4957399
куртом	4957398
шапке	4957397
одиночки	4957396
gets	4957395
могущественные	4957394
пополнение	4957393
принципах	4957392
похвалить	4957391
боинтон	4957390
деликатес	4957389
нытье	4957388
космонавт	4957387
рогами	4957386
благосклонность	4957385
ракете	4957384
споилер	4957383
шахт	4957382
молох	4957381
домохозяикои	4957380
обдумываю	4957379
твердить	4957378
рисуют	4957377
заявка	4957376
джеиме	4957375
вертеться	4957374
сдаваи	4957373
ошибусь	4957372
рою	4957371
рождаемости	4957370
джипа	4957369
беспомощен	4957368
супергероев	4957367
friends	4957366
заменять	4957365
уязвимость	4957364
индиане	4957363
ходов	4957362
подпишете	4957361
куагмир	4957360
элегантная	4957359
изгнал	4957358
диланом	4957357
каталку	4957356
розыска	4957355
исчезаешь	4957354
конечныи	4957353
пмс	4957352
running	4957351
эмир	4957350
свобод	4957349
резиденцию	4957348
экспериментах	4957347
затруднительно	4957346
новорожденного	4957345
исчезал	4957344
чаинои	4957343
головокружения	4957342
хилли	4957341
резиновыи	4957340
солнечным	4957339
неприятнои	4957338
реич	4957337
написанная	4957336
углеводы	4957335
haven	4957334
девицеи	4957333
баланса	4957332
итальянских	4957331
брукса	4957330
вирджинию	4957329
баня	4957328
халид	4957327
инициативе	4957326
смотрителя	4957325
зола	4957324
безработных	4957323
поставив	4957322
проезжает	4957321
абортов	4957320
знаками	4957319
утверждая	4957318
общественную	4957317
беикера	4957316
диапазоне	4957315
исаака	4957314
марла	4957313
выселить	4957312
зеркальце	4957311
древнюю	4957310
инструменте	4957309
хватают	4957308
украдем	4957307
обсуждении	4957306
скрываем	4957305
калифорнииского	4957304
исправили	4957303
запчастеи	4957302
центральным	4957301
усопп	4957300
обкурился	4957299
отчаянная	4957298
стрижкои	4957297
клюшка	4957296
ухватиться	4957295
задавая	4957294
незадача	4957293
слиянии	4957292
набитыи	4957291
графстве	4957290
практично	4957289
сеидж	4957288
ролли	4957287
проводятся	4957286
рюмок	4957285
советовала	4957284
склеить	4957283
пробует	4957282
затишье	4957281
напролом	4957280
швецию	4957279
прикасаюсь	4957278
подрос	4957277
изобразил	4957276
предшественник	4957275
одноклассники	4957274
отдохнули	4957273
листьями	4957272
позорно	4957271
клеить	4957270
отключиться	4957269
спящеи	4957268
кусаются	4957267
перенеси	4957266
пропавшими	4957265
привычкои	4957264
отходите	4957263
обличье	4957262
чародеи	4957261
аргументов	4957260
разводится	4957259
инфу	4957258
медом	4957257
поправьте	4957256
экстренные	4957255
записную	4957254
признаетесь	4957253
лесби	4957252
медленнои	4957251
жулики	4957250
разгромил	4957249
сраное	4957248
вынесут	4957247
задался	4957246
мочился	4957245
истерике	4957244
оратор	4957243
городишке	4957242
фазеры	4957241
выносливость	4957240
доусона	4957239
грубер	4957238
украденное	4957237
тимминс	4957236
женам	4957235
логическое	4957234
заболеешь	4957233
мастеру	4957232
дипломатов	4957231
росте	4957230
активации	4957229
каменное	4957228
металлолом	4957227
скулить	4957226
сенаторов	4957225
уберет	4957224
томографии	4957223
риф	4957222
радиацию	4957221
натуральная	4957220
любя	4957219
подбородке	4957218
дешевую	4957217
иврит	4957216
пригодилось	4957215
прочтет	4957214
схвачу	4957213
заем	4957212
греисоны	4957211
щедры	4957210
дюжин	4957209
девида	4957208
воисках	4957207
прослушивают	4957206
виновник	4957205
махмуд	4957204
зацепился	4957203
каспар	4957202
темперанс	4957201
печатают	4957200
столкнемся	4957199
побоялся	4957198
доков	4957197
нарвался	4957196
ому	4957195
уступает	4957194
бьорн	4957193
эдо	4957192
стрелами	4957191
ћэгги	4957190
кобыла	4957189
дотронься	4957188
трезвои	4957187
провалить	4957186
мешках	4957185
адски	4957184
официанты	4957183
ядерным	4957182
звенят	4957181
сосредоточились	4957180
бросаются	4957179
заначку	4957178
заведешь	4957177
загадочного	4957176
редактору	4957175
самосохранения	4957174
дразнит	4957173
танцевальная	4957172
испугается	4957171
продержимся	4957170
невредимыми	4957169
свято	4957168
пехотинцев	4957167
ясновидец	4957166
рискнула	4957165
пекарня	4957164
хаммонда	4957163
гир	4957162
ладах	4957161
росло	4957160
мулан	4957159
ребус	4957158
битвои	4957157
выкупе	4957156
опньс	4957155
сэн	4957154
стабилизируется	4957153
простыню	4957152
искреннее	4957151
криптонит	4957150
остроумныи	4957149
включился	4957148
поступках	4957147
дефаент	4957146
полках	4957145
освещать	4957144
низких	4957143
шумы	4957142
мерзавцев	4957141
рыжеи	4957140
мюнхен	4957139
безразличие	4957138
land	4957137
распечатка	4957136
опускаите	4957135
бессильна	4957134
улыбаясь	4957133
подводных	4957132
берегах	4957131
поладим	4957130
доблесть	4957129
пaпa	4957128
употребляла	4957127
финиш	4957126
эвфемизм	4957125
заценить	4957124
странностеи	4957123
дорожное	4957122
дюи	4957121
фотографировали	4957120
согреет	4957119
съезди	4957118
гостю	4957117
усилитель	4957116
рѕ	4957115
анализу	4957114
убитые	4957113
навещали	4957112
астронавты	4957111
родригес	4957110
поддаться	4957109
стиральная	4957108
выпускные	4957107
импровизация	4957106
взорвусь	4957105
летнее	4957104
платьях	4957103
трогаешь	4957102
оценкам	4957101
посттравматическии	4957100
уклонения	4957099
ворчать	4957098
утратила	4957097
сломанным	4957096
подвожу	4957095
охраняи	4957094
джеис	4957093
объясняла	4957092
питанием	4957091
хеиз	4957090
черте	4957089
избегают	4957088
кратер	4957087
поднимаешься	4957086
заду	4957085
достанутся	4957084
пересплю	4957083
franz	4957082
приветом	4957081
носками	4957080
прелюдия	4957079
рисовыи	4957078
преувеличивать	4957077
шуточек	4957076
цитадель	4957075
третьи	4957074
европеиские	4957073
понятнее	4957072
стэнфорде	4957071
острее	4957070
поплыли	4957069
смотрелась	4957068
лолита	4957067
паломничество	4957066
могущественнои	4957065
рулить	4957064
дэниэлс	4957063
comes	4957062
предприняли	4957061
линнет	4957060
активная	4957059
бластер	4957058
медленные	4957057
уликои	4957056
банковском	4957055
завяжу	4957054
истекла	4957053
насолить	4957052
калебом	4957051
acn	4957050
издать	4957049
девственниц	4957048
карле	4957047
скиттеров	4957046
опустошен	4957045
забежал	4957044
бильбо	4957043
хомяк	4957042
режу	4957041
убииственно	4957040
most	4957039
шарами	4957038
заряжены	4957037
движениями	4957036
поставило	4957035
относительности	4957034
взорвутся	4957033
заявлению	4957032
греет	4957031
касающихся	4957030
chaos	4957029
макгрегор	4957028
блюде	4957027
скандалом	4957026
коляски	4957025
успев	4957024
дразни	4957023
разработала	4957022
предметам	4957021
поул	4957020
туза	4957019
певцом	4957018
рала	4957017
гвинет	4957016
подземного	4957015
донг	4957014
приговариваю	4957013
игрокам	4957012
марино	4957011
гадина	4957010
отзовись	4957009
бабулю	4957008
помещается	4957007
самаритянина	4957006
архитектора	4957005
теллер	4957004
устарели	4957003
корыто	4957002
докладом	4957001
утенок	4957000
координат	4956999
пруденс	4956998
придеться	4956997
аполлон	4956996
уголовных	4956995
истребить	4956994
петров	4956993
нeи	4956992
софт	4956991
очи	4956990
эиби	4956989
етси	4956988
гувер	4956987
шаль	4956986
улучшит	4956985
напитком	4956984
требовала	4956983
красит	4956982
профсоюзы	4956981
кингсли	4956980
спрячешься	4956979
попе	4956978
ца	4956977
тонна	4956976
миннесоте	4956975
запрограммировал	4956974
контекст	4956973
добивалась	4956972
стянул	4956971
целуюсь	4956970
обучал	4956969
довольным	4956968
съемке	4956967
муса	4956966
праздникам	4956965
спящих	4956964
стукнул	4956963
высказался	4956962
варвар	4956961
отвозить	4956960
материалами	4956959
ударяет	4956958
погорячился	4956957
потерянное	4956956
негативныи	4956955
передряги	4956954
оставленные	4956953
знаменитое	4956952
продержусь	4956951
безумцы	4956950
саимону	4956949
криминальные	4956948
гонсалес	4956947
полушарии	4956946
банковским	4956945
жабы	4956944
задушен	4956943
критические	4956942
заменим	4956941
безопасны	4956940
божия	4956939
уяснить	4956938
скину	4956937
продовольствия	4956936
расправиться	4956935
троицы	4956934
гиббсу	4956933
задачка	4956932
обида	4956931
лнфел	4956930
голосовых	4956929
чавес	4956928
ориентацию	4956927
отстранил	4956926
шлюшки	4956925
ленка	4956924
хати	4956923
приготовится	4956922
уистлер	4956921
влюбляешься	4956920
похороню	4956919
прошлась	4956918
авариинои	4956917
park	4956916
грыжа	4956915
данная	4956914
замен	4956913
терзает	4956912
вавилона	4956911
агрессивен	4956910
крышкои	4956909
прошедшем	4956908
разрыве	4956907
наполнил	4956906
кал	4956905
государственном	4956904
позовешь	4956903
кетчупом	4956902
штаинер	4956901
стынет	4956900
вестибюль	4956899
переворота	4956898
порядочности	4956897
переделал	4956896
специальном	4956895
отстаем	4956894
кабинетом	4956893
рэчел	4956892
альпинистов	4956891
запачкать	4956890
вcex	4956889
опытов	4956888
заставл	4956887
рванул	4956886
рынки	4956885
доидут	4956884
дилетант	4956883
бесценна	4956882
макао	4956881
отборочные	4956880
тaкoи	4956879
коннектикута	4956878
эпизодов	4956877
qy	4956876
родишь	4956875
испортило	4956874
полярная	4956873
прорыва	4956872
hi	4956871
давили	4956870
понятным	4956869
опытных	4956868
удалим	4956867
кокос	4956866
предусмотрено	4956865
терминала	4956864
сяо	4956863
гарднера	4956862
лозунг	4956861
звеном	4956860
треверс	4956859
гольфе	4956858
джорджтауне	4956857
такеда	4956856
привычке	4956855
молотка	4956854
строиная	4956853
уважаемых	4956852
сравнили	4956851
всмятку	4956850
проводились	4956849
барк	4956848
хану	4956847
двоиников	4956846
мусорного	4956845
поганая	4956844
карается	4956843
спускалась	4956842
распечатки	4956841
подвозил	4956840
драм	4956839
дыни	4956838
пинцет	4956837
битв	4956836
преследуя	4956835
дурную	4956834
легкомысленно	4956833
дурочку	4956832
мочить	4956831
опозорила	4956830
иностранного	4956829
уоллер	4956828
лeт	4956827
затащила	4956826
записываите	4956825
матрице	4956824
одеколоном	4956823
летним	4956822
любовнице	4956821
михаль	4956820
участку	4956819
спрыгнула	4956818
шило	4956817
поглазеть	4956816
осмотри	4956815
отражения	4956814
потрясающих	4956813
малярия	4956812
светлую	4956811
вырастает	4956810
подсела	4956809
сразимся	4956808
итальянцев	4956807
взбесило	4956806
дуо	4956805
осаде	4956804
салазар	4956803
сознаюсь	4956802
родственная	4956801
леопарда	4956800
проволоки	4956799
коньяка	4956798
тана	4956797
удовлетворит	4956796
заподозрили	4956795
удачных	4956794
скандальнои	4956793
дeлaть	4956792
ошибками	4956791
печку	4956790
ботинке	4956789
берди	4956788
заперлась	4956787
скульптуру	4956786
покупателям	4956785
каизер	4956784
близкои	4956783
обдумаю	4956782
запреты	4956781
несс	4956780
нота	4956779
стареишина	4956778
домогательствах	4956777
чумои	4956776
дубликат	4956775
пением	4956774
дневниках	4956773
победителю	4956772
опьянения	4956771
хонг	4956770
потребовалась	4956769
переезжаете	4956768
пасо	4956767
призывают	4956766
пэ	4956765
спешили	4956764
височнои	4956763
рушить	4956762
оливковое	4956761
ерез	4956760
учуять	4956759
инвентаризацию	4956758
выставляют	4956757
экологии	4956756
забегать	4956755
предпочтение	4956754
ебаться	4956753
девятои	4956752
поешьте	4956751
обмочился	4956750
алво	4956749
герцель	4956748
исчезнем	4956747
easy	4956746
душечка	4956745
обокрасть	4956744
просыпалась	4956743
длине	4956742
гибриды	4956741
купится	4956740
путаи	4956739
симфония	4956738
переводи	4956737
анжелы	4956736
фотографов	4956735
сюзанн	4956734
повесть	4956733
банкнот	4956732
упускаи	4956731
оценишь	4956730
аивен	4956729
токи	4956728
очаровательное	4956727
переезжали	4956726
милл	4956725
стерву	4956724
природных	4956723
стенд	4956722
олдермен	4956721
эскобар	4956720
владеем	4956719
старухои	4956718
лондонскои	4956717
ступню	4956716
введен	4956715
прячась	4956714
ставке	4956713
доклады	4956712
романах	4956711
горные	4956710
jane	4956709
отслеживания	4956708
людских	4956707
гарлеме	4956706
окончить	4956705
гондон	4956704
боретесь	4956703
luvilla	4956702
понизили	4956701
нандо	4956700
боксе	4956699
yu	4956698
юсь	4956697
аргентины	4956696
гигантским	4956695
символа	4956694
слив	4956693
завожу	4956692
гороскоп	4956691
схвачен	4956690
бригаде	4956689
веселую	4956688
махони	4956687
опасаясь	4956686
пенальти	4956685
несправедлив	4956684
указана	4956683
басса	4956682
промышленныи	4956681
уговаривал	4956680
зажигает	4956679
светишься	4956678
эпидемию	4956677
каракули	4956676
сообщениями	4956675
заведует	4956674
установке	4956673
фашистов	4956672
ласалль	4956671
программист	4956670
следуете	4956669
восстать	4956668
tолько	4956667
вылетают	4956666
телохранителеи	4956665
выявила	4956664
джессап	4956663
купидон	4956662
основанием	4956661
раскаиваюсь	4956660
скандалы	4956659
хорошенькое	4956658
швед	4956657
потребуют	4956656
помереть	4956655
паика	4956654
ашера	4956653
вырвалась	4956652
втюрился	4956651
теряя	4956650
барабанах	4956649
солеи	4956648
военнопленных	4956647
современности	4956646
доакс	4956645
старины	4956644
окончится	4956643
пароля	4956642
обеспечен	4956641
вылезает	4956640
завербовал	4956639
мичигана	4956638
любопытное	4956637
лечите	4956636
улучшилось	4956635
рисунка	4956634
учительницы	4956633
сжимается	4956632
унижаться	4956631
болеутоляющие	4956630
развлекает	4956629
арабском	4956628
фальшивыми	4956627
оди	4956626
конга	4956625
еуваяисты	4956624
отклонили	4956623
унръ	4956622
мерри	4956621
нигерии	4956620
независимые	4956619
дача	4956618
остине	4956617
заменои	4956616
капрала	4956615
огоньки	4956614
правильными	4956613
обсудите	4956612
изобель	4956611
ужиться	4956610
злу	4956609
человечка	4956608
коллапс	4956607
оптимизма	4956606
убежищем	4956605
нарушишь	4956604
изжога	4956603
олимпиискии	4956602
раздал	4956601
хлеммн	4956600
кружева	4956599
городишко	4956598
занимала	4956597
догоняет	4956596
помирать	4956595
лечила	4956594
исходныи	4956593
незнание	4956592
пилоту	4956591
погнался	4956590
заполню	4956589
потрачено	4956588
питомца	4956587
восточную	4956586
раздевалка	4956585
чат	4956584
упрекать	4956583
дневном	4956582
пленником	4956581
присмотрись	4956580
немка	4956579
парикмахеру	4956578
стареишин	4956577
гоняется	4956576
взбрело	4956575
андерсен	4956574
сомневались	4956573
креслом	4956572
украдут	4956571
стычки	4956570
ключик	4956569
обнаружу	4956568
виновности	4956567
воюет	4956566
идиоту	4956565
охренел	4956564
хладнокровие	4956563
клаусу	4956562
приготовлено	4956561
итану	4956560
маионеза	4956559
лидди	4956558
аиола	4956557
проверяите	4956556
ислама	4956555
аше	4956554
ров	4956553
pacific	4956552
манни	4956551
фредом	4956550
учли	4956549
фермерскии	4956548
надежные	4956547
наркоманкои	4956546
десятилетиями	4956545
тахо	4956544
ролан	4956543
прочая	4956542
болот	4956541
поминках	4956540
приводили	4956539
ревнивая	4956538
пси	4956537
родственником	4956536
соответствующим	4956535
обыграл	4956534
уловок	4956533
бони	4956532
накрыла	4956531
выкидывать	4956530
болты	4956529
маминого	4956528
taking	4956527
полюбите	4956526
предполагая	4956525
van	4956524
пopядкe	4956523
санатории	4956522
убедительны	4956521
отступит	4956520
упаковок	4956519
сыпи	4956518
аъд	4956517
подвергла	4956516
системами	4956515
зарегистрированныи	4956514
непредсказуема	4956513
биржи	4956512
колумбиискии	4956511
невидимыми	4956510
бункера	4956509
перевозку	4956508
требуя	4956507
приятнеи	4956506
раздражена	4956505
фланга	4956504
френка	4956503
поднятия	4956502
массив	4956501
овощнои	4956500
загадочные	4956499
заимешь	4956498
избегаи	4956497
тысячам	4956496
докладываю	4956495
подозрительнои	4956494
фасоли	4956493
поляков	4956492
наилса	4956491
сует	4956490
юсеф	4956489
заморозили	4956488
меньшинства	4956487
сумеете	4956486
старомодным	4956485
бюст	4956484
марионеткои	4956483
переидут	4956482
колотится	4956481
диапазона	4956480
язычники	4956479
сценариев	4956478
покрывают	4956477
нац	4956476
вернуло	4956475
подвозить	4956474
тиль	4956473
пим	4956472
чудное	4956471
переодеваися	4956470
shot	4956469
кэбот	4956468
помешанныи	4956467
спинного	4956466
мхирн	4956465
мантии	4956464
салема	4956463
спрашивается	4956462
убедительные	4956461
чехол	4956460
выгоню	4956459
счастливчиком	4956458
долбоеб	4956457
эванса	4956456
приходя	4956455
заинтересовала	4956454
шляп	4956453
отжимании	4956452
видеокамеру	4956451
рули	4956450
caм	4956449
ласточка	4956448
павших	4956447
подгоню	4956446
як	4956445
ћэри	4956444
миндаль	4956443
головорез	4956442
вли	4956441
задержало	4956440
сжальтесь	4956439
нитью	4956438
оборотнем	4956437
милт	4956436
прочем	4956435
намертво	4956434
повреждениях	4956433
записнои	4956432
четвертым	4956431
разбиваешь	4956430
гаснет	4956429
достопочтенныи	4956428
катализатор	4956427
рождением	4956426
тюлень	4956425
закрывали	4956424
спокоиными	4956423
болезненныи	4956422
спонсором	4956421
проработали	4956420
производим	4956419
мине	4956418
флетчера	4956417
моральная	4956416
фламинго	4956415
клеем	4956414
физиономию	4956413
приток	4956412
хэивене	4956411
законах	4956410
талию	4956409
слепок	4956408
заступился	4956407
фар	4956406
просрал	4956405
wa	4956404
модификации	4956403
дружбан	4956402
прервалась	4956401
трепло	4956400
пуе	4956399
меррин	4956398
процессов	4956397
подводные	4956396
пьяницы	4956395
making	4956394
половинки	4956393
целостности	4956392
стопка	4956391
питере	4956390
немецкое	4956389
толстовку	4956388
записывается	4956387
тонким	4956386
навязчивои	4956385
магических	4956384
метрополис	4956383
риму	4956382
возмещения	4956381
таиер	4956380
подрезал	4956379
ужинает	4956378
джена	4956377
канадскои	4956376
ламп	4956375
сообщаем	4956374
увольняю	4956373
передвигается	4956372
кэннон	4956371
разверни	4956370
себастьяном	4956369
фултон	4956368
перспектив	4956367
задерживает	4956366
мерзости	4956365
защитная	4956364
баха	4956363
поискам	4956362
гугле	4956361
молочнои	4956360
удушье	4956359
гровер	4956358
тонкости	4956357
комп	4956356
десятои	4956355
разрушится	4956354
группах	4956353
ворами	4956352
мощью	4956351
алена	4956350
сохнет	4956349
чар	4956348
юнец	4956347
невнятно	4956346
заложена	4956345
присоединяться	4956344
хьюга	4956343
хренотень	4956342
course	4956341
келлогг	4956340
украине	4956339
ладишь	4956338
бумажек	4956337
покера	4956336
адаптация	4956335
независимым	4956334
самоуверенность	4956333
кроха	4956332
лафаиет	4956331
банди	4956330
пидарас	4956329
расизма	4956328
соглашаитесь	4956327
офигительно	4956326
слюнои	4956325
появляюсь	4956324
оригиналы	4956323
блестящую	4956322
автомобильныи	4956321
наткнуться	4956320
педиатр	4956319
fly	4956318
лоуэлл	4956317
погибшеи	4956316
разорвут	4956315
противоречие	4956314
банкира	4956313
дырои	4956312
плачем	4956311
подъезжаем	4956310
авель	4956309
кепке	4956308
смотрюсь	4956307
плаща	4956306
гордым	4956305
возбуждают	4956304
подключился	4956303
захолустье	4956302
пистолетами	4956301
party	4956300
dark	4956299
сентиментальным	4956298
способностям	4956297
офигенная	4956296
пускал	4956295
покопался	4956294
предавал	4956293
патронами	4956292
тронула	4956291
смиритесь	4956290
доку	4956289
производится	4956288
уничтожении	4956287
патрулям	4956286
вооруженного	4956285
алфавиту	4956284
мотоциклов	4956283
максималов	4956282
заполучу	4956281
ножевых	4956280
грузового	4956279
эрике	4956278
пометить	4956277
штучками	4956276
изоляторе	4956275
назревает	4956274
goes	4956273
организовано	4956272
керолаин	4956271
почисти	4956270
психопатов	4956269
jе	4956268
дневная	4956267
кэб	4956266
распрощаться	4956265
заблуждаешься	4956264
навоза	4956263
бальтазар	4956262
сопротивлении	4956261
луннои	4956260
лаять	4956259
морозильник	4956258
стыдись	4956257
утопили	4956256
эгоизма	4956255
съешьте	4956254
скромную	4956253
шикарную	4956252
штурмовать	4956251
проживать	4956250
индииского	4956249
рисовые	4956248
кеноби	4956247
сооружение	4956246
суеверие	4956245
проскочить	4956244
расследуете	4956243
решениях	4956242
согласуется	4956241
осторожности	4956240
трюка	4956239
роме	4956238
самоубиицы	4956237
сновидении	4956236
чэн	4956235
сиднее	4956234
брезент	4956233
взбитыми	4956232
княгиня	4956231
спрячусь	4956230
каннингем	4956229
реви	4956228
сервере	4956227
шприцы	4956226
уэльса	4956225
красками	4956224
пачек	4956223
сброс	4956222
итальянскую	4956221
софтбол	4956220
идол	4956219
нацепил	4956218
повеселее	4956217
пуповину	4956216
психотерапии	4956215
бежите	4956214
ценится	4956213
корн	4956212
лживые	4956211
бальбоа	4956210
маклин	4956209
топливом	4956208
перепрыгнуть	4956207
контролируете	4956206
избила	4956205
грубовато	4956204
смотрелось	4956203
портативныи	4956202
мармелад	4956201
норфолк	4956200
троллеи	4956199
познавательно	4956198
заблагорассудится	4956197
психические	4956196
равнины	4956195
радиоактивные	4956194
напуганным	4956193
стеклу	4956192
каллахан	4956191
готовка	4956190
надев	4956189
немая	4956188
пробивает	4956187
запрете	4956186
гермиона	4956185
кошмарно	4956184
id	4956183
прочтешь	4956182
цнбнпч	4956181
сираито	4956180
пацану	4956179
сиделку	4956178
опека	4956177
посетите	4956176
часовня	4956175
мотрите	4956174
замечательными	4956173
воровства	4956172
холбрук	4956171
mmm	4956170
бабуле	4956169
соблазнять	4956168
сезонов	4956167
стэном	4956166
кардиостимулятор	4956165
разочаровали	4956164
схожи	4956163
купюрами	4956162
скучную	4956161
веселюсь	4956160
безрассудство	4956159
тренирует	4956158
алфавитном	4956157
веских	4956156
кoгда	4956155
вентура	4956154
ожил	4956153
заболеванием	4956152
провалили	4956151
тесные	4956150
олимпиаду	4956149
курва	4956148
виселицу	4956147
цин	4956146
доидешь	4956145
аппаратом	4956144
вручили	4956143
традициеи	4956142
колбасы	4956141
африканскии	4956140
дoлжны	4956139
докажут	4956138
лишено	4956137
троицу	4956136
ковром	4956135
хару	4956134
завернул	4956133
навредили	4956132
стимулировать	4956131
запасную	4956130
безопастности	4956129
напало	4956128
менеджеров	4956127
эрикои	4956126
посылаем	4956125
подаешь	4956124
старинная	4956123
дожидаясь	4956122
покорми	4956121
вспотела	4956120
кандидатуры	4956119
перебрался	4956118
сдаися	4956117
говардом	4956116
somebody	4956115
пустоте	4956114
проигнорировали	4956113
бенедикта	4956112
букве	4956111
тенденцию	4956110
ƒумаешь	4956109
оуу	4956108
простом	4956107
стюартом	4956106
обожали	4956105
куратора	4956104
потроха	4956103
венделл	4956102
перемещать	4956101
даррена	4956100
вполовину	4956099
глоточек	4956098
ножка	4956097
прикрывают	4956096
недавнии	4956095
единицу	4956094
алкоголичка	4956093
угрожаю	4956092
сетях	4956091
эво	4956090
страхами	4956089
департаменту	4956088
бедер	4956087
доносится	4956086
порша	4956085
дровосек	4956084
медвежонка	4956083
прогулять	4956082
выслеживал	4956081
вольф	4956080
отстанешь	4956079
переосмыслить	4956078
безработным	4956077
поклоняются	4956076
кульминация	4956075
damn	4956074
увезла	4956073
восхищается	4956072
дэниэль	4956071
тоскливо	4956070
джок	4956069
удовлетворяет	4956068
обширная	4956067
заурядныи	4956066
монахинеи	4956065
западные	4956064
защищаися	4956063
надежного	4956062
уделял	4956061
предстал	4956060
мирнои	4956059
каприз	4956058
скрыта	4956057
замысла	4956056
фут	4956055
назарета	4956054
медные	4956053
спортивным	4956052
присматривали	4956051
ферн	4956050
окси	4956049
копенгагене	4956048
отключу	4956047
призван	4956046
паршивое	4956045
замдиректора	4956044
camera	4956043
тали	4956042
бибер	4956041
чepeз	4956040
французами	4956039
крылышек	4956038
острие	4956037
весел	4956036
склоне	4956035
страшном	4956034
мичман	4956033
лихо	4956032
шизофрении	4956031
колодце	4956030
фредо	4956029
догадок	4956028
векслер	4956027
анонимным	4956026
хихиканье	4956025
шафера	4956024
растеряна	4956023
карандашеи	4956022
садике	4956021
паззл	4956020
сжимает	4956019
плацебо	4956018
транспортные	4956017
отвратительную	4956016
изюмом	4956015
берман	4956014
леярн	4956013
доедаи	4956012
подаем	4956011
стремитесь	4956010
осадок	4956009
брошюру	4956008
прилавок	4956007
мусорнои	4956006
посадит	4956005
откопать	4956004
каилу	4956003
метко	4956002
металлы	4956001
пекарне	4956000
блестят	4955999
спросом	4955998
нищета	4955997
астронавтов	4955996
задохнулся	4955995
дурных	4955994
прэди	4955993
припрятал	4955992
очнулись	4955991
домогался	4955990
пообещаю	4955989
обыкновение	4955988
метафору	4955987
выступаете	4955986
одобряете	4955985
иоши	4955984
делось	4955983
подписалась	4955982
спели	4955981
кирсти	4955980
астронавтом	4955979
трясется	4955978
чихуахуа	4955977
честнее	4955976
груша	4955975
соборе	4955974
рулетка	4955973
аполло	4955972
всемогущего	4955971
передрягу	4955970
заключает	4955969
хаинц	4955968
набью	4955967
сгорает	4955966
кореискои	4955965
дворик	4955964
холокост	4955963
послу	4955962
вылета	4955961
мугивара	4955960
глупенькии	4955959
толкаю	4955958
крупье	4955957
сбивают	4955956
лнецн	4955955
dj	4955954
тревожныи	4955953
ила	4955952
отвезете	4955951
любовничек	4955950
осесть	4955949
развлечением	4955948
испугала	4955947
раикерс	4955946
исходящие	4955945
публичным	4955944
освобождать	4955943
нарушители	4955942
лояльности	4955941
фантастические	4955940
банкете	4955939
пь	4955938
качелях	4955937
очкарик	4955936
упади	4955935
кенз	4955934
knows	4955933
поклонника	4955932
выписала	4955931
pаз	4955930
гитлером	4955929
сбыться	4955928
барсук	4955927
напугает	4955926
привыкаю	4955925
гладиатор	4955924
влажныи	4955923
таинственнои	4955922
гробница	4955921
рушатся	4955920
game	4955919
безгранично	4955918
лнпрх	4955917
служебного	4955916
хол	4955915
месса	4955914
гребешки	4955913
складов	4955912
оторвали	4955911
сучке	4955910
заявит	4955909
кексики	4955908
подземном	4955907
каир	4955906
указывали	4955905
гнаться	4955904
скауты	4955903
вселяет	4955902
кастильо	4955901
кормления	4955900
вонючих	4955899
детективами	4955898
герцогом	4955897
выздоровела	4955896
сорняки	4955895
дорогому	4955894
побегом	4955893
раздеть	4955892
разбираитесь	4955891
событиям	4955890
джонстон	4955889
хоакин	4955888
зануды	4955887
факелы	4955886
непредсказуемы	4955885
суперкубок	4955884
волшебником	4955883
сглазить	4955882
выздоровеет	4955881
прядь	4955880
отцовскои	4955879
гигантское	4955878
девятью	4955877
ангелам	4955876
мощную	4955875
мозговая	4955874
рурк	4955873
печатает	4955872
oтличнo	4955871
тыла	4955870
бесчувственныи	4955869
исполнению	4955868
фэит	4955867
зрелища	4955866
обернуть	4955865
флеш	4955864
rolling	4955863
отменныи	4955862
десертом	4955861
раs	4955860
застрелит	4955859
мусс	4955858
анальныи	4955857
прицелиться	4955856
положительным	4955855
шм	4955854
разводам	4955853
групповое	4955852
эмблема	4955851
подвинуться	4955850
красавцы	4955849
разборок	4955848
сплетницу	4955847
чаиныи	4955846
поправлю	4955845
чудесна	4955844
комбо	4955843
борясь	4955842
пообщались	4955841
креслу	4955840
шумят	4955839
джульетту	4955838
зависает	4955837
добыче	4955836
витамина	4955835
гаражом	4955834
ошиваться	4955833
запасным	4955832
выдающегося	4955831
модным	4955830
эссекс	4955829
профсоюзов	4955828
сексуальному	4955827
аплодировать	4955826
патруле	4955825
вдохновением	4955824
награде	4955823
светская	4955822
созданное	4955821
восстали	4955820
экспериментом	4955819
оперировали	4955818
лоток	4955817
торгов	4955816
боикович	4955815
командованию	4955814
провидение	4955813
ракетами	4955812
скорбеть	4955811
напор	4955810
уголки	4955809
уоллис	4955808
осторожныи	4955807
пересекаются	4955806
коулман	4955805
откажут	4955804
эдак	4955803
оспа	4955802
отвлеклась	4955801
огорчена	4955800
осмотрела	4955799
королевств	4955798
маньяком	4955797
сцилла	4955796
произносят	4955795
поиздеваться	4955794
поволноваться	4955793
разнес	4955792
смешаться	4955791
хэк	4955790
оближешь	4955789
фрагментов	4955788
разрушим	4955787
явитесь	4955786
клариса	4955785
изберут	4955784
толкаться	4955783
вымыл	4955782
ровня	4955781
операциями	4955780
излучает	4955779
подделали	4955778
воспринимали	4955777
удасться	4955776
пожевать	4955775
mclaren	4955774
присоединяется	4955773
расстраиваитесь	4955772
behind	4955771
сообщается	4955770
называетс	4955769
краиние	4955768
очертания	4955767
телку	4955766
двоюроднои	4955765
алиментов	4955764
сорвалось	4955763
ваиоминге	4955762
дренаж	4955761
неизбежна	4955760
копенгаген	4955759
предусмотрительно	4955758
роскошнои	4955757
поздна	4955756
производителеи	4955755
приключениям	4955754
убираешь	4955753
циник	4955752
травмами	4955751
самсон	4955750
здравому	4955749
штык	4955748
боксом	4955747
бэиджора	4955746
интрига	4955745
имеющиеся	4955744
бристоль	4955743
селена	4955742
маие	4955741
сладостями	4955740
проверок	4955739
оправданием	4955738
отстранения	4955737
вставала	4955736
целитель	4955735
стига	4955734
тринадцатыи	4955733
убиицам	4955732
ленте	4955731
черепом	4955730
джульетт	4955729
сторонами	4955728
жид	4955727
внедрить	4955726
коннором	4955725
отвертку	4955724
мотоциклом	4955723
начальники	4955722
недооценили	4955721
разбудим	4955720
матерями	4955719
цветут	4955718
банч	4955717
засуньте	4955716
приятном	4955715
валюта	4955714
макэвои	4955713
николсон	4955712
рыбаков	4955711
канареика	4955710
братаны	4955709
лауреат	4955708
саманту	4955707
биологическим	4955706
запертым	4955705
обаяния	4955704
раинер	4955703
дива	4955702
пугала	4955701
мэлоун	4955700
голландскии	4955699
съеду	4955698
асами	4955697
оппонента	4955696
нанесение	4955695
бутон	4955694
летающая	4955693
сюжеты	4955692
боини	4955691
блефую	4955690
барьеры	4955689
шив	4955688
смылись	4955687
кокон	4955686
преданная	4955685
таверну	4955684
типичное	4955683
операторы	4955682
сумо	4955681
традиционных	4955680
блаит	4955679
зависнуть	4955678
риверсаид	4955677
сдавала	4955676
украдет	4955675
восстановлении	4955674
недоступна	4955673
подложили	4955672
бесплодия	4955671
сьюки	4955670
добиваюсь	4955669
судах	4955668
запрут	4955667
налоговую	4955666
дилеры	4955665
токсикологическии	4955664
наградили	4955663
побаливает	4955662
погонять	4955661
архитектура	4955660
мужским	4955659
лоно	4955658
затеи	4955657
неизменным	4955656
морщин	4955655
хенри	4955654
славных	4955653
тонуть	4955652
rover	4955651
поведаи	4955650
мафию	4955649
прочные	4955648
ублюдкам	4955647
лофт	4955646
варлоу	4955645
храп	4955644
заработало	4955643
раискии	4955642
уиллоби	4955641
связанно	4955640
дозах	4955639
объеме	4955638
обогнал	4955637
умирающии	4955636
тяжеловато	4955635
подрывает	4955634
рассмотрении	4955633
бурение	4955632
пробежке	4955631
гудка	4955630
племяннице	4955629
рахул	4955628
телесные	4955627
болезнями	4955626
поджигать	4955625
судмедэксперта	4955624
предполагаемыи	4955623
приземление	4955622
незнакомого	4955621
явным	4955620
пэриш	4955619
плакаться	4955618
превзошли	4955617
артиллерию	4955616
разбивается	4955615
опросов	4955614
снялся	4955613
виагра	4955612
тщательное	4955611
огнетушитель	4955610
мельница	4955609
запросила	4955608
заложено	4955607
болезненным	4955606
покоиная	4955605
подарочныи	4955604
вынесен	4955603
внимательна	4955602
аргентина	4955601
швабру	4955600
вышку	4955599
укушу	4955598
свежесть	4955597
святыми	4955596
интригующе	4955595
независимых	4955594
основателя	4955593
сапфир	4955592
cm	4955591
рнр	4955590
напивается	4955589
рекомендует	4955588
ссоритесь	4955587
обнаружение	4955586
токсинов	4955585
полнеишая	4955584
заминка	4955583
рваные	4955582
избивают	4955581
кеила	4955580
гарантировано	4955579
синяках	4955578
продадите	4955577
бесполезных	4955576
барабанная	4955575
превосходят	4955574
чашечка	4955573
предъявим	4955572
откладывал	4955571
директриса	4955570
текстов	4955569
прольется	4955568
обучены	4955567
аспергера	4955566
призрачныи	4955565
заморачиваться	4955564
победныи	4955563
резали	4955562
брошены	4955561
строила	4955560
чистишь	4955559
повысят	4955558
куплен	4955557
университетскии	4955556
скукота	4955555
отдавали	4955554
sikildyavka	4955553
кхьэ	4955552
бабулеи	4955551
впасть	4955550
бада	4955549
градус	4955548
федеральную	4955547
романтичная	4955546
национальности	4955545
мисаки	4955544
мрачнои	4955543
автобусах	4955542
напряженным	4955541
подписанное	4955540
квотербек	4955539
отчаялся	4955538
кажите	4955537
покупая	4955536
теилонов	4955535
вставила	4955534
дилдо	4955533
пометки	4955532
западне	4955531
опираться	4955530
таможня	4955529
склепе	4955528
мощного	4955527
карму	4955526
дорогими	4955525
защитили	4955524
ребятишки	4955523
милостив	4955522
зашивать	4955521
бора	4955520
танцовщиц	4955519
одноглазыи	4955518
покрышек	4955517
одиночкои	4955516
питья	4955515
скалах	4955514
проекция	4955513
юджина	4955512
луизои	4955511
яшм	4955510
обоюдному	4955509
строители	4955508
попадала	4955507
san	4955506
пришєл	4955505
покраснела	4955504
амос	4955503
натуральное	4955502
эдом	4955501
храму	4955500
алисы	4955499
дышала	4955498
неуважения	4955497
обчистил	4955496
фата	4955495
сьiн	4955494
сложны	4955493
побудьте	4955492
одиннадцатого	4955491
бреик	4955490
скрытно	4955489
топить	4955488
заколоть	4955487
ловкач	4955486
создатели	4955485
нэшвилл	4955484
подавись	4955483
жестких	4955482
племяннику	4955481
творческая	4955480
просмотрите	4955479
горела	4955478
скверная	4955477
вечернем	4955476
рылась	4955475
кланяться	4955474
повез	4955473
вою	4955472
официантов	4955471
метеоритныи	4955470
соответствующии	4955469
погрузили	4955468
эннис	4955467
границах	4955466
котелок	4955465
расширены	4955464
ошибочка	4955463
светлана	4955462
деловую	4955461
подгузников	4955460
вступаю	4955459
жилетку	4955458
припарковал	4955457
записываем	4955456
сторожевои	4955455
съезжает	4955454
милхаус	4955453
делового	4955452
достоверно	4955451
валит	4955450
недооценивают	4955449
выставлен	4955448
славного	4955447
стрельбище	4955446
радиациеи	4955445
чокнутого	4955444
галлон	4955443
записываете	4955442
завидно	4955441
прикосновении	4955440
тюльпаны	4955439
промежность	4955438
поломка	4955437
метатрон	4955436
вампирам	4955435
повернула	4955434
нимрод	4955433
стволом	4955432
разыграем	4955431
наброситься	4955430
мэдден	4955429
морепродукты	4955428
тенниса	4955427
террористических	4955426
авива	4955425
рассвету	4955424
сердита	4955423
застану	4955422
вить	4955421
подослал	4955420
предварительных	4955419
обнимаешь	4955418
дефицита	4955417
ударьте	4955416
брожу	4955415
остатка	4955414
макдональдс	4955413
заказывают	4955412
поэмы	4955411
тал	4955410
язву	4955409
обработал	4955408
костры	4955407
эротическии	4955406
колотые	4955405
богача	4955404
пленника	4955403
помолитесь	4955402
стокгольме	4955401
рассчитываите	4955400
высмеивать	4955399
макферсон	4955398
параднои	4955397
степан	4955396
разослали	4955395
потные	4955394
предъявления	4955393
отравлены	4955392
коде	4955391
отрабатывать	4955390
внешнюю	4955389
чувствительности	4955388
пентхаусе	4955387
необыкновенныи	4955386
крупному	4955385
наклонился	4955384
аневризмы	4955383
обвал	4955382
репертуаре	4955381
отшлепать	4955380
седла	4955379
отменит	4955378
непослушныи	4955377
подняты	4955376
тактике	4955375
противнои	4955374
яичко	4955373
ниади	4955372
ничтожества	4955371
пилить	4955370
мечами	4955369
имбирныи	4955368
конкурента	4955367
медди	4955366
сауну	4955365
превратило	4955364
грядут	4955363
выпустишь	4955362
зари	4955361
полушарие	4955360
подписание	4955359
связка	4955358
корми	4955357
забавную	4955356
соединю	4955355
yet	4955354
нyжнo	4955353
включал	4955352
кассете	4955351
парашюта	4955350
ферм	4955349
окружающии	4955348
капри	4955347
размышляла	4955346
психушки	4955345
наклон	4955344
щедрые	4955343
ѕольше	4955342
написанныи	4955341
миновала	4955340
остроты	4955339
получена	4955338
ломка	4955337
инспекция	4955336
навредят	4955335
симмс	4955334
уаитхолл	4955333
клем	4955332
отставка	4955331
намекал	4955330
невидимкои	4955329
заведет	4955328
бродила	4955327
красс	4955326
выполнены	4955325
научном	4955324
утреннем	4955323
анализом	4955322
далеких	4955321
набил	4955320
беглецы	4955319
наряда	4955318
веществами	4955317
всеобщеи	4955316
опровержение	4955315
значительную	4955314
шаибу	4955313
нюхает	4955312
разделю	4955311
абби	4955310
сантехника	4955309
подышу	4955308
подрядчика	4955307
типота	4955306
лурдес	4955305
бестселлер	4955304
плюшевого	4955303
рекламного	4955302
отдышаться	4955301
проявляются	4955300
everyone	4955299
грандиозная	4955298
наитли	4955297
отъезду	4955296
искушения	4955295
залы	4955294
чандлер	4955293
ƒј	4955292
девичью	4955291
глубока	4955290
аттракционов	4955289
шаббат	4955288
одевает	4955287
хиросиме	4955286
пеин	4955285
владели	4955284
повезли	4955283
раздувать	4955282
эвелина	4955281
свидетелях	4955280
камилл	4955279
ремнем	4955278
отмотаи	4955277
затопило	4955276
куинна	4955275
правосудием	4955274
командуешь	4955273
ножек	4955272
этa	4955271
дэрмот	4955270
прихоть	4955269
рояле	4955268
наступлением	4955267
сен	4955266
флеита	4955265
жанин	4955264
бездельники	4955263
радугу	4955262
оборота	4955261
очаровательную	4955260
леибла	4955259
привлекали	4955258
выпускница	4955257
банчи	4955256
свяжем	4955255
твердым	4955254
активны	4955253
магнитные	4955252
выделения	4955251
серьезны	4955250
тирана	4955249
хатаки	4955248
сравнять	4955247
кхалиси	4955246
педиатрии	4955245
лежащим	4955244
засыпал	4955243
кофеиня	4955242
подвержены	4955241
уловила	4955240
александер	4955239
уточним	4955238
чуткии	4955237
переведена	4955236
бровеи	4955235
кофеини	4955234
резерва	4955233
расширяться	4955232
возится	4955231
презрения	4955230
телеграммы	4955229
рехнулись	4955228
стервятник	4955227
хору	4955226
вылил	4955225
попадись	4955224
партизан	4955223
искреннии	4955222
цепях	4955221
инцидентов	4955220
огневои	4955219
цифрах	4955218
стряпня	4955217
сидра	4955216
нелепым	4955215
ябнеи	4955214
бухать	4955213
описался	4955212
серьезном	4955211
гиллеспи	4955210
выражается	4955209
точь	4955208
шармеин	4955207
роял	4955206
вытру	4955205
худшую	4955204
здешняя	4955203
вытащат	4955202
скотом	4955201
эгоистичным	4955200
шизофреник	4955199
обдумывать	4955198
вешает	4955197
фриман	4955196
прихвати	4955195
доступнои	4955194
лобстеров	4955193
сардины	4955192
вялыи	4955191
стикер	4955190
мягок	4955189
обозрения	4955188
соберется	4955187
прощается	4955186
чарльстона	4955185
разносить	4955184
равенства	4955183
джанис	4955182
бесчисленные	4955181
прыгнет	4955180
знаменита	4955179
избавляется	4955178
небесами	4955177
покраснел	4955176
рошфор	4955175
цепляется	4955174
парализует	4955173
вертикально	4955172
отшельник	4955171
таинственные	4955170
дубаи	4955169
мэта	4955168
носовые	4955167
прохождения	4955166
ашярпее	4955165
банкета	4955164
буэнос	4955163
topsi	4955162
впечатлил	4955161
втягиваи	4955160
ml	4955159
состоялось	4955158
уничтожив	4955157
болеутоляющее	4955156
бяел	4955155
утешением	4955154
невпроворот	4955153
презерватива	4955152
остатками	4955151
багдад	4955150
смышленыи	4955149
снижения	4955148
лагереи	4955147
ходор	4955146
уникальна	4955145
police	4955144
яснои	4955143
яиюфх	4955142
назначает	4955141
амнезии	4955140
раздает	4955139
блэка	4955138
бродягои	4955137
маком	4955136
банками	4955135
фарук	4955134
подглядываи	4955133
благое	4955132
пешкои	4955131
раки	4955130
фрг	4955129
унаследовать	4955128
мамашу	4955127
огорчить	4955126
произнесли	4955125
неда	4955124
тусуешься	4955123
бергман	4955122
сбыть	4955121
бастард	4955120
бев	4955119
прежними	4955118
нормои	4955117
забавных	4955116
осознавала	4955115
саперов	4955114
эпицентре	4955113
такта	4955112
чєрт	4955111
серое	4955110
интернетом	4955109
диаметр	4955108
просветите	4955107
предназначалась	4955106
отзывов	4955105
цепляешься	4955104
уничтожите	4955103
меняющиися	4955102
обеликс	4955101
отправляете	4955100
проснутся	4955099
звучишь	4955098
замужестве	4955097
ховарда	4955096
равносильно	4955095
божество	4955094
притворяемся	4955093
сгораю	4955092
сахарныи	4955091
всякому	4955090
фильмами	4955089
монтаны	4955088
half	4955087
вратам	4955086
перепутать	4955085
накроет	4955084
цепеи	4955083
видимому	4955082
сырая	4955081
ренни	4955080
взглядах	4955079
активные	4955078
досуге	4955077
отследи	4955076
опознан	4955075
исправительнои	4955074
перемене	4955073
хозяистве	4955072
жуан	4955071
бродягу	4955070
постов	4955069
разошлась	4955068
привязи	4955067
постирала	4955066
расстаются	4955065
увеличивать	4955064
холостяка	4955063
вопит	4955062
сомнительные	4955061
заложили	4955060
метель	4955059
рената	4955058
наказываешь	4955057
молочных	4955056
спрячьтесь	4955055
пикс	4955054
протянем	4955053
мифов	4955052
отчетом	4955051
валюты	4955050
поганые	4955049
осудит	4955048
танцевальнои	4955047
доставали	4955046
густые	4955045
специализируюсь	4955044
бэш	4955043
встречаясь	4955042
осложнение	4955041
оскорблен	4955040
системам	4955039
крыльца	4955038
смените	4955037
дамскии	4955036
холостои	4955035
рельс	4955034
золотко	4955033
ветке	4955032
побеспокою	4955031
笙ｪ	4955030
аламо	4955029
рисовали	4955028
колвин	4955027
раздобуду	4955026
существенного	4955025
жанр	4955024
драгоценную	4955023
объявлению	4955022
посылаи	4955021
расстроишься	4955020
задерживаитесь	4955019
почитаите	4955018
каан	4955017
логова	4955016
анабель	4955015
изображают	4955014
ухудшилось	4955013
фарнсворт	4955012
заразились	4955011
wife	4955010
мельницы	4955009
трагическии	4955008
закалки	4955007
ретт	4955006
фонариком	4955005
кимчи	4955004
бездомная	4955003
совершенству	4955002
побеспокоили	4955001
изъян	4955000
насилует	4954999
интуицию	4954998
муниципалитет	4954997
архангел	4954996
кровеи	4954995
зажила	4954994
клюнет	4954993
кэсс	4954992
графе	4954991
грустную	4954990
здравствуют	4954989
беговои	4954988
вытворять	4954987
порождение	4954986
тащат	4954985
высказала	4954984
михалыч	4954983
рэнк	4954982
кроссворды	4954981
свадебную	4954980
кинкеид	4954979
октавия	4954978
вдыхать	4954977
молодожены	4954976
отправлена	4954975
включишь	4954974
волкам	4954973
лечебницы	4954972
скобки	4954971
необходимостью	4954970
обрабатывает	4954969
видениях	4954968
поставщиком	4954967
переложить	4954966
боидом	4954965
обувью	4954964
мучили	4954963
путешественника	4954962
комары	4954961
отталкивать	4954960
лидеру	4954959
умершии	4954958
облике	4954957
регги	4954956
надоедливыи	4954955
праздничное	4954954
обеспечьте	4954953
выступим	4954952
лондонском	4954951
осуществил	4954950
уложили	4954949
атомные	4954948
издают	4954947
киста	4954946
обручиться	4954945
компьютерного	4954944
близняшек	4954943
фигурка	4954942
средним	4954941
дэнниса	4954940
спускались	4954939
андроида	4954938
вечернего	4954937
пассажирами	4954936
просветления	4954935
гаечныи	4954934
напьемся	4954933
превосходен	4954932
оперировал	4954931
копеечку	4954930
заменишь	4954929
реанимировать	4954928
жилось	4954927
поспим	4954926
обделался	4954925
зада	4954924
расходах	4954923
создаете	4954922
джексону	4954921
наивны	4954920
штатам	4954919
магнат	4954918
делов	4954917
ланкастер	4954916
взлеты	4954915
школьницы	4954914
позвол	4954913
расширять	4954912
зе	4954911
снес	4954910
похвала	4954909
лари	4954908
выложу	4954907
стоикии	4954906
выбивать	4954905
игги	4954904
угощает	4954903
согревает	4954902
вазири	4954901
корнем	4954900
республиканскои	4954899
охраняли	4954898
двинулся	4954897
атланта	4954896
ногда	4954895
ключевая	4954894
связывали	4954893
заку	4954892
холестерин	4954891
монархии	4954890
гильз	4954889
замер	4954888
рухнуло	4954887
хрустальныи	4954886
чуде	4954885
анестезию	4954884
харольд	4954883
пожаловался	4954882
гардеробнои	4954881
убытков	4954880
нытик	4954879
дандер	4954878
товарищу	4954877
меис	4954876
начиналась	4954875
боснии	4954874
предкам	4954873
трахают	4954872
сапога	4954871
одержимым	4954870
прибежище	4954869
вдохновило	4954868
кожаная	4954867
дарлинг	4954866
знаменательныи	4954865
дизаинеров	4954864
жнец	4954863
веку	4954862
скиттеры	4954861
яичек	4954860
свидани	4954859
мерло	4954858
потереть	4954857
привлекаешь	4954856
поступи	4954855
неуверенно	4954854
альтернативу	4954853
антиквариата	4954852
посчитаю	4954851
иеремия	4954850
упряма	4954849
супружеская	4954848
тoгдa	4954847
мобильному	4954846
побеспокоиться	4954845
молил	4954844
криминальная	4954843
вкусного	4954842
мэрия	4954841
заварушка	4954840
откровенныи	4954839
ступнеи	4954838
максимальную	4954837
ƒобро	4954836
виндзор	4954835
мусорки	4954834
нарезать	4954833
колесами	4954832
азарт	4954831
лунд	4954830
поручился	4954829
полтинник	4954828
приступаю	4954827
скважины	4954826
локер	4954825
запрыгнул	4954824
переступил	4954823
истекал	4954822
питьевои	4954821
лунного	4954820
художественную	4954819
гибнет	4954818
расположить	4954817
вечна	4954816
экзотические	4954815
порнографию	4954814
порядочность	4954813
подопытных	4954812
опознает	4954811
ганник	4954810
фантастики	4954809
trans	4954808
восьмидесятых	4954807
элитное	4954806
мануэла	4954805
боикот	4954804
искушению	4954803
вынимаи	4954802
скунс	4954801
круизе	4954800
споешь	4954799
карнавала	4954798
сотыи	4954797
девчата	4954796
выключим	4954795
таксиста	4954794
пиццерию	4954793
новобранец	4954792
секретариат	4954791
каунти	4954790
конфедерации	4954789
means	4954788
осиное	4954787
снялась	4954786
шкатулке	4954785
отразилось	4954784
юэн	4954783
морскими	4954782
превысили	4954781
трубопровод	4954780
нанимаю	4954779
уводит	4954778
западня	4954777
нырнуть	4954776
активировал	4954775
краиняя	4954774
осмыслить	4954773
уладила	4954772
веществом	4954771
sashasushko	4954770
мексико	4954769
опасном	4954768
георга	4954767
карманных	4954766
расселом	4954765
уорен	4954764
назначьте	4954763
строику	4954762
прочитав	4954761
выбираитесь	4954760
эдвардса	4954759
семеику	4954758
пизды	4954757
примерныи	4954756
съезжать	4954755
joe	4954754
young	4954753
myself	4954752
надлежащим	4954751
дьявольское	4954750
индеицами	4954749
полученнои	4954748
комендантского	4954747
пески	4954746
прогуливался	4954745
подсказок	4954744
забудется	4954743
шляться	4954742
кузнечик	4954741
приложите	4954740
мерл	4954739
баррикады	4954738
тортов	4954737
чудовищныи	4954736
долбаного	4954735
сущая	4954734
кружиться	4954733
толстуха	4954732
уликах	4954731
отдаленно	4954730
фокусника	4954729
участках	4954728
осуждают	4954727
выписку	4954726
херне	4954725
одевалась	4954724
отнимают	4954723
актрис	4954722
производительность	4954721
культурного	4954720
нехорошие	4954719
лелеять	4954718
хики	4954717
патрульную	4954716
серьезнеи	4954715
ивановна	4954714
обучался	4954713
булавки	4954712
рассказом	4954711
принадлежащии	4954710
храниться	4954709
решены	4954708
нильсен	4954707
понятен	4954706
лау	4954705
даются	4954704
стоик	4954703
хоук	4954702
сундуке	4954701
неотразим	4954700
знало	4954699
мишеля	4954698
обеспечили	4954697
преданностью	4954696
ввязались	4954695
саддам	4954694
cкaзaть	4954693
хвастун	4954692
иммунитета	4954691
придавать	4954690
покормлю	4954689
персон	4954688
поживеи	4954687
evil	4954686
тики	4954685
лифту	4954684
лавы	4954683
строителеи	4954682
ягод	4954681
джепп	4954680
принадлежите	4954679
щелкает	4954678
мозговые	4954677
отключать	4954676
переставить	4954675
проследовать	4954674
следствию	4954673
заболеет	4954672
вольны	4954671
недостатком	4954670
жульничать	4954669
кивни	4954668
пандора	4954667
наличности	4954666
нездорова	4954665
гэрри	4954664
тарр	4954663
судим	4954662
пробило	4954661
раздумья	4954660
эпицентр	4954659
аборты	4954658
филис	4954657
заряда	4954656
джекилл	4954655
хаббард	4954654
консоль	4954653
earth	4954652
профилю	4954651
дирижабль	4954650
рассматриваться	4954649
порядочная	4954648
бланко	4954647
поглощение	4954646
скольки	4954645
усилиями	4954644
убирается	4954643
отрицаи	4954642
human	4954641
видеоигр	4954640
милашкои	4954639
сливы	4954638
дочерям	4954637
наннана	4954636
саитах	4954635
походов	4954634
воняло	4954633
конкретном	4954632
whatever	4954631
бушует	4954630
records	4954629
неприкосновенности	4954628
облучение	4954627
мучила	4954626
унеси	4954625
венсан	4954624
поручик	4954623
мужьями	4954622
сфотографировали	4954621
поездках	4954620
подготовит	4954619
приболел	4954618
припасов	4954617
интриг	4954616
бесконечных	4954615
обнаружилось	4954614
опхд	4954613
жетоны	4954612
высосать	4954611
вафель	4954610
изгои	4954609
губои	4954608
уединении	4954607
ƒобрыи	4954606
цельсию	4954605
мекэгъ	4954604
цветам	4954603
убираите	4954602
отобрала	4954601
предъявлены	4954600
предприятии	4954599
бедах	4954598
подлинности	4954597
паролем	4954596
обширное	4954595
мостику	4954594
гэррет	4954593
поставщики	4954592
сзр	4954591
щекотки	4954590
выбило	4954589
взбешен	4954588
дет	4954587
включаешь	4954586
огнестрельным	4954585
фелпс	4954584
клюзо	4954583
relicit	4954582
предъявил	4954581
знакомить	4954580
катаешься	4954579
рѕр	4954578
кузенов	4954577
удалена	4954576
лорды	4954575
зачатия	4954574
зачат	4954573
поджидает	4954572
пудинга	4954571
перенос	4954570
призом	4954569
благодарным	4954568
ст	4954567
гнида	4954566
произношение	4954565
предо	4954564
равныи	4954563
вспомнят	4954562
отместку	4954561
анонимного	4954560
насладись	4954559
инрнпше	4954558
убедим	4954557
хозяевами	4954556
нор	4954555
неслабо	4954554
проявляешь	4954553
проявляться	4954552
дипломата	4954551
страданиям	4954550
деревушке	4954549
подслушать	4954548
взором	4954547
снесет	4954546
помести	4954545
альварес	4954544
probably	4954543
стираю	4954542
inside	4954541
ауч	4954540
makes	4954539
пельмени	4954538
страшна	4954537
содержании	4954536
выбрав	4954535
похоронами	4954534
thinking	4954533
внучкои	4954532
дрозд	4954531
помоики	4954530
ограждения	4954529
отчаяннои	4954528
билось	4954527
становясь	4954526
хопкинса	4954525
оценками	4954524
кретинов	4954523
задумаитесь	4954522
тобин	4954521
туфельки	4954520
сиделкои	4954519
отдалился	4954518
умысла	4954517
shh	4954516
случаиностеи	4954515
томаш	4954514
прошелся	4954513
разделит	4954512
ant	4954511
нобелевскои	4954510
потеет	4954509
небесная	4954508
брандт	4954507
нажимаю	4954506
схожие	4954505
непобедимы	4954504
переслать	4954503
безумными	4954502
лон	4954501
джеральда	4954500
стащили	4954499
частицу	4954498
продуктовом	4954497
шофера	4954496
колумбию	4954495
джином	4954494
лапа	4954493
менялось	4954492
ранец	4954491
издеваюсь	4954490
бизли	4954489
тягаться	4954488
проститутке	4954487
перефразирую	4954486
человечеством	4954485
беременные	4954484
xoтeл	4954483
евреиское	4954482
серым	4954481
лукасу	4954480
застрелена	4954479
лаионела	4954478
громким	4954477
боле	4954476
клапаны	4954475
подогреть	4954474
скользкие	4954473
подсознании	4954472
клавдия	4954471
интерсекта	4954470
хаусу	4954469
отправл	4954468
прыгнешь	4954467
приютил	4954466
деликатное	4954465
осознанно	4954464
муз	4954463
принстоне	4954462
монахом	4954461
панталоны	4954460
рискованныи	4954459
ачжума	4954458
нелегальныи	4954457
брился	4954456
построику	4954455
зараженных	4954454
куриная	4954453
ранах	4954452
споите	4954451
лестничнои	4954450
отдельное	4954449
рекордов	4954448
профессионалами	4954447
путешествию	4954446
херь	4954445
любовниц	4954444
отрывки	4954443
кавалера	4954442
простудилась	4954441
составите	4954440
критерии	4954439
алия	4954438
вспоминали	4954437
повзрослеешь	4954436
кристалла	4954435
железным	4954434
гильдии	4954433
эгоистичнои	4954432
перепихон	4954431
исходом	4954430
отрываю	4954429
охладить	4954428
мудаков	4954427
сочные	4954426
сленг	4954425
металлическои	4954424
стимулятор	4954423
велма	4954422
клода	4954421
few	4954420
привлекательными	4954419
раджив	4954418
вынесло	4954417
норрелл	4954416
переломаю	4954415
путаете	4954414
восхитительным	4954413
концертом	4954412
уклониться	4954411
непобедимыи	4954410
сњ	4954409
криминальным	4954408
кум	4954407
пожелаем	4954406
онa	4954405
аварииную	4954404
иветт	4954403
поцеловали	4954402
никакую	4954401
кимура	4954400
англиеи	4954399
чжо	4954398
зажгу	4954397
кепки	4954396
успешные	4954395
предает	4954394
фракции	4954393
романтического	4954392
нив	4954391
between	4954390
гражданском	4954389
девственником	4954388
восхитительнои	4954387
насильником	4954386
ритои	4954385
инструктора	4954384
рэиес	4954383
преграда	4954382
взбодрит	4954381
дорогами	4954380
проспект	4954379
мальборо	4954378
обсуждает	4954377
изящныи	4954376
куагмаир	4954375
вбить	4954374
јнглии	4954373
угловои	4954372
угреи	4954371
зятем	4954370
коронои	4954369
принялся	4954368
шеилы	4954367
камино	4954366
ловец	4954365
пивная	4954364
увеличим	4954363
якуб	4954362
ноут	4954361
кoнечнo	4954360
преданных	4954359
улет	4954358
стоикость	4954357
капитализма	4954356
мерзкую	4954355
пъднл	4954354
ввод	4954353
жо	4954352
навестила	4954351
isis	4954350
горн	4954349
веранде	4954348
великобритания	4954347
высохнет	4954346
копить	4954345
ошивался	4954344
твердишь	4954343
клюнул	4954342
королевством	4954341
воинами	4954340
формат	4954339
идеям	4954338
тестостерона	4954337
жму	4954336
мучился	4954335
дoмoи	4954334
ручную	4954333
надежная	4954332
позывнои	4954331
спровоцировали	4954330
вымирания	4954329
фолкнер	4954328
совместимость	4954327
разговорам	4954326
мюбепмне	4954325
наблюдаете	4954324
наследством	4954323
любимчиком	4954322
запеканка	4954321
трибуну	4954320
выворачивает	4954319
липкии	4954318
амбициями	4954317
топпер	4954316
законная	4954315
фокуса	4954314
расслабишься	4954313
ебучая	4954312
заплачет	4954311
подвергаете	4954310
охранниками	4954309
ньюпорт	4954308
быки	4954307
лифчике	4954306
прииду	4954305
word	4954304
стамбуле	4954303
сталкиваешься	4954302
отбирают	4954301
променяла	4954300
людeи	4954299
срабатывало	4954298
энсон	4954297
cкoлькo	4954296
опускаться	4954295
варежку	4954294
перемотаи	4954293
сдержанность	4954292
кудa	4954291
направимся	4954290
pas	4954289
подберем	4954288
электронику	4954287
терезе	4954286
незнакомцам	4954285
знаке	4954284
ясон	4954283
билетик	4954282
делят	4954281
vn	4954280
сингх	4954279
одетые	4954278
ясли	4954277
десятке	4954276
лазером	4954275
буль	4954274
поблажек	4954273
помыла	4954272
пункцию	4954271
представьтесь	4954270
накормил	4954269
избавления	4954268
волеибол	4954267
пио	4954266
диализ	4954265
столбу	4954264
злобных	4954263
пакт	4954262
высасывает	4954261
деккер	4954260
туманно	4954259
единожды	4954258
достаточная	4954257
подрезать	4954256
марджери	4954255
реддинг	4954254
срывает	4954253
злоумышленник	4954252
отвратительного	4954251
отбиваться	4954250
толедо	4954249
огненнои	4954248
пилои	4954247
двинулись	4954246
отступлюсь	4954245
бангкоке	4954244
выслеживает	4954243
изысканные	4954242
контролировала	4954241
истекаю	4954240
прелестную	4954239
мозоль	4954238
влагалища	4954237
колеблется	4954236
дате	4954235
болело	4954234
испарились	4954233
грубы	4954232
улавливаю	4954231
заведующии	4954230
травмирован	4954229
вишневыи	4954228
оторвало	4954227
лн	4954226
желтым	4954225
бродили	4954224
волшебном	4954223
пресли	4954222
маминых	4954221
камикадзе	4954220
именам	4954219
запугивания	4954218
ге	4954217
отмечены	4954216
составьте	4954215
изящная	4954214
чик	4954213
плотину	4954212
стинсон	4954211
входящих	4954210
роджерса	4954209
изображая	4954208
травмирована	4954207
битвах	4954206
невинны	4954205
китаицами	4954204
выражению	4954203
брэдом	4954202
духовная	4954201
творческои	4954200
подался	4954199
удочерение	4954198
скучна	4954197
потенциальнои	4954196
припас	4954195
салеме	4954194
соответствующее	4954193
утаить	4954192
ральфи	4954191
ускорения	4954190
засыпаешь	4954189
сообщаите	4954188
клаива	4954187
шокер	4954186
жермен	4954185
баллок	4954184
ампутировать	4954183
траст	4954182
удобным	4954181
заразили	4954180
организмов	4954179
переднее	4954178
распаковать	4954177
скрывалась	4954176
влюблюсь	4954175
извещение	4954174
каире	4954173
кнутом	4954172
вращения	4954171
претендует	4954170
предоставите	4954169
старомоден	4954168
пересадке	4954167
свидетельстве	4954166
обвиняя	4954165
осмотритесь	4954164
никтo	4954163
чиню	4954162
клиентке	4954161
мелиссу	4954160
корнелия	4954159
запланировала	4954158
бунтарь	4954157
трудного	4954156
увлекаешься	4954155
злобнои	4954154
туловище	4954153
пылу	4954152
еее	4954151
ветры	4954150
тpи	4954149
предписания	4954148
макмиллан	4954147
делишься	4954146
электрическим	4954145
контрабандистов	4954144
пиар	4954143
нервно	4954142
корь	4954141
разозлили	4954140
треугольника	4954139
конфиденциальная	4954138
оргия	4954137
газель	4954136
выживании	4954135
кормите	4954134
возился	4954133
твит	4954132
христианские	4954131
бриллиантом	4954130
множестве	4954129
подобию	4954128
монтегю	4954127
уюпсух	4954126
альтернативныи	4954125
унрэ	4954124
хоули	4954123
морды	4954122
посланием	4954121
персоны	4954120
круть	4954119
перевозка	4954118
кролл	4954117
континента	4954116
ленточку	4954115
воздать	4954114
посвящать	4954113
озабоченность	4954112
асдср	4954111
вынеси	4954110
гладиаторы	4954109
учении	4954108
сэкономим	4954107
онмхлюч	4954106
холстед	4954105
династия	4954104
вкладывает	4954103
слинял	4954102
экспонаты	4954101
презрением	4954100
напросилась	4954099
отражением	4954098
кари	4954097
уютное	4954096
стерты	4954095
шпионами	4954094
клиф	4954093
экскременты	4954092
изобрази	4954091
материка	4954090
воита	4954089
художнику	4954088
автомобилях	4954087
рбнеи	4954086
ничеи	4954085
гражданка	4954084
выносите	4954083
вудхалл	4954082
оборвалась	4954081
подтверждаете	4954080
манипулятор	4954079
квартирку	4954078
попадаем	4954077
раина	4954076
оглянулся	4954075
эрнандес	4954074
христе	4954073
впечатляют	4954072
строения	4954071
wonder	4954070
built	4954069
сохраняю	4954068
кии	4954067
боритесь	4954066
позарез	4954065
митио	4954064
робкии	4954063
милорды	4954062
помахать	4954061
пристает	4954060
разыщу	4954059
литл	4954058
храбрее	4954057
новорожденных	4954056
генетических	4954055
освещении	4954054
гарнир	4954053
цветная	4954052
перекинуться	4954051
требованием	4954050
милом	4954049
брачного	4954048
обследовали	4954047
патриотизм	4954046
женить	4954045
прет	4954044
трея	4954043
вмятина	4954042
нулеи	4954041
митчем	4954040
дурном	4954039
бессмысленны	4954038
конора	4954037
попадались	4954036
припоминаете	4954035
возвращены	4954034
умничать	4954033
мужеством	4954032
суровым	4954031
привал	4954030
очистим	4954029
опубликуют	4954028
дозора	4954027
ол	4954026
ерно	4954025
заборе	4954024
subtitle	4954023
официальном	4954022
психологи	4954021
заедешь	4954020
сосала	4954019
зь	4954018
дауни	4954017
отправления	4954016
капелька	4954015
почках	4954014
очистит	4954013
взлетает	4954012
универмаге	4954011
рамен	4954010
виа	4954009
различным	4954008
уронить	4954007
анди	4954006
браиди	4954005
коварная	4954004
соединяются	4954003
грез	4954002
ƒжим	4954001
произведен	4954000
недостоино	4953999
опозданием	4953998
христианином	4953997
кальмар	4953996
минутами	4953995
sound	4953994
гардероба	4953993
термины	4953992
джульетты	4953991
добирался	4953990
фэнни	4953989
комплексом	4953988
помидоров	4953987
яни	4953986
электрического	4953985
потеплее	4953984
чаплин	4953983
биологию	4953982
буксир	4953981
ƒаите	4953980
припарковалась	4953979
парусом	4953978
установит	4953977
игнорировали	4953976
поклонения	4953975
пневмонии	4953974
завеса	4953973
телегу	4953972
налетел	4953971
одевала	4953970
миннесоты	4953969
коричневои	4953968
беспилотника	4953967
кондиционера	4953966
предложениями	4953965
завета	4953964
рассмотрю	4953963
отцами	4953962
хитов	4953961
tomorrow	4953960
лорн	4953959
разыскивая	4953958
видимои	4953957
проказник	4953956
милицию	4953955
кофту	4953954
разработана	4953953
невыносимым	4953952
разгрузить	4953951
чероки	4953950
мэгс	4953949
штраусс	4953948
сбило	4953947
вендиго	4953946
кофеварка	4953945
выспись	4953944
электронного	4953943
стерлинга	4953942
кварка	4953941
симуляция	4953940
симптомами	4953939
неприязни	4953938
ворюга	4953937
недооцениваете	4953936
славится	4953935
обаму	4953934
патрульная	4953933
отзывается	4953932
аткинс	4953931
твердую	4953930
залпом	4953929
невыносимая	4953928
ремонту	4953927
проясню	4953926
поединка	4953925
леонарду	4953924
сo	4953923
положитесь	4953922
мюзиклы	4953921
убедительна	4953920
разрешим	4953919
поражаюсь	4953918
прибора	4953917
неожиданных	4953916
пелле	4953915
подвеску	4953914
впускаи	4953913
чамми	4953912
наносят	4953911
складом	4953910
мошенничеством	4953909
угрожающе	4953908
судьям	4953907
баллоны	4953906
сэнсэи	4953905
вывих	4953904
миски	4953903
кровоток	4953902
ливерпуль	4953901
несовместимы	4953900
мельницу	4953899
талибы	4953898
китаицам	4953897
сочла	4953896
целям	4953895
ед	4953894
сомневаются	4953893
арден	4953892
допросу	4953891
резервныи	4953890
поиманным	4953889
проникнем	4953888
дротик	4953887
фитиль	4953886
репортажи	4953885
пелант	4953884
истощения	4953883
роиса	4953882
отправив	4953881
игнорировала	4953880
чердака	4953879
вечен	4953878
доннелл	4953877
постороннеи	4953876
спорите	4953875
истинои	4953874
торопи	4953873
увечья	4953872
chance	4953871
устроюсь	4953870
кавалерии	4953869
резким	4953868
укуси	4953867
жутком	4953866
аналитики	4953865
шшшш	4953864
прикована	4953863
зарабатывала	4953862
стивенса	4953861
стремлении	4953860
гуакамоле	4953859
agent	4953858
запасом	4953857
суетиться	4953856
эмбрион	4953855
стефаном	4953854
амира	4953853
одиссеи	4953852
трубкои	4953851
прикасалась	4953850
увлекаться	4953849
подскажешь	4953848
зум	4953847
state	4953846
бангкок	4953845
темперамент	4953844
скваир	4953843
рассуждения	4953842
допиваи	4953841
помещу	4953840
деиствующего	4953839
стажем	4953838
генетическои	4953837
космическим	4953836
bed	4953835
видеокамеры	4953834
шататься	4953833
нужными	4953832
хари	4953831
доль	4953830
снимаюсь	4953829
столба	4953828
обосноваться	4953827
таскаться	4953826
зимнеи	4953825
магическая	4953824
танцором	4953823
вадим	4953822
бедняге	4953821
устава	4953820
гоняются	4953819
трусами	4953818
возишься	4953817
выхватил	4953816
перерывов	4953815
распростертыми	4953814
тренировали	4953813
шумихи	4953812
командного	4953811
плат	4953810
изменениям	4953809
эскиз	4953808
квадратные	4953807
старте	4953806
совпадут	4953805
нацистами	4953804
летиция	4953803
деин	4953802
ослепить	4953801
перезвонишь	4953800
неправильных	4953799
чаепития	4953798
испытанию	4953797
басам	4953796
нужде	4953795
испорчены	4953794
греисоном	4953793
оплачивал	4953792
верхушку	4953791
взято	4953790
смертности	4953789
живущим	4953788
любопытных	4953787
поплывем	4953786
овальном	4953785
мариус	4953784
захлопнулась	4953783
бессмертен	4953782
фосфор	4953781
инглиш	4953780
пепельницу	4953779
school	4953778
используемыи	4953777
неверная	4953776
кеид	4953775
чена	4953774
шорт	4953773
поделимся	4953772
спутниковои	4953771
старомодная	4953770
бюллетень	4953769
ковбоиские	4953768
though	4953767
соглашаются	4953766
издателя	4953765
чрезвычаиные	4953764
lord	4953763
воз	4953762
левому	4953761
старшеклассников	4953760
шаттле	4953759
святыи	4953758
опустошена	4953757
показано	4953756
телепортироваться	4953755
одиссея	4953754
унижен	4953753
рухнули	4953752
проявлением	4953751
растешь	4953750
пожилого	4953749
женатых	4953748
stand	4953747
задеты	4953746
ведении	4953745
листер	4953744
выстрели	4953743
подстроить	4953742
чхоля	4953741
значимым	4953740
горчицеи	4953739
отдавая	4953738
фуско	4953737
впечатлило	4953736
лаундс	4953735
янкиз	4953734
фаррелл	4953733
опоздания	4953732
раф	4953731
начинающих	4953730
мьı	4953729
доверенное	4953728
корицы	4953727
поедая	4953726
уголках	4953725
дневные	4953724
вэид	4953723
узнавала	4953722
отсутствовать	4953721
насмехается	4953720
старье	4953719
университетскои	4953718
бомбардировки	4953717
обрадуются	4953716
явлении	4953715
остыньте	4953714
соку	4953713
попадаися	4953712
неудачниками	4953711
удачливыи	4953710
ухх	4953709
избранного	4953708
тьерри	4953707
антиматерии	4953706
избытке	4953705
ангелу	4953704
выезжал	4953703
stuff	4953702
джефа	4953701
юнг	4953700
ужасающе	4953699
дилером	4953698
рюмочку	4953697
дергать	4953696
пьяными	4953695
знавал	4953694
ƒоброе	4953693
размещение	4953692
шакал	4953691
законопроекта	4953690
слитков	4953689
энжела	4953688
обращали	4953687
соглашалась	4953686
зловещии	4953685
химчистка	4953684
называемую	4953683
раздаю	4953682
импотент	4953681
драгоценность	4953680
загробнои	4953679
иган	4953678
счастливчики	4953677
искажение	4953676
соидемся	4953675
этикет	4953674
проклятием	4953673
заметка	4953672
даисона	4953671
отследим	4953670
непристоиности	4953669
печальна	4953668
историк	4953667
сотрет	4953666
пульта	4953665
иоркшире	4953664
беспомощны	4953663
восторжествует	4953662
канализация	4953661
клочки	4953660
шифрования	4953659
заморочки	4953658
карлосу	4953657
носиться	4953656
сессия	4953655
туфлями	4953654
аделаида	4953653
аладдин	4953652
винного	4953651
наиденного	4953650
авалон	4953649
психиатров	4953648
вфс	4953647
опухолью	4953646
дыркои	4953645
артистка	4953644
подвинь	4953643
соединил	4953642
полезную	4953641
диспетчерская	4953640
бакстера	4953639
жаргон	4953638
пэитон	4953637
посадишь	4953636
бека	4953635
смотрелись	4953634
нржю	4953633
объясняют	4953632
уважала	4953631
тропинке	4953630
маршалом	4953629
церковных	4953628
уфф	4953627
вероникои	4953626
очевидных	4953625
признанию	4953624
вносит	4953623
прилип	4953622
ширинои	4953621
спокоиные	4953620
электрических	4953619
капут	4953618
мэттьюс	4953617
тиш	4953616
ћисс	4953615
возненавидишь	4953614
waterlove	4953613
приветствуите	4953612
антропологии	4953611
ломаю	4953610
вырезала	4953609
подсознания	4953608
дэниз	4953607
провалилось	4953606
альварез	4953605
приглашению	4953604
коснулось	4953603
талибан	4953602
холодильником	4953601
пачи	4953600
тoчнo	4953599
карантина	4953598
жареных	4953597
наперекор	4953596
mike	4953595
обязанностью	4953594
исподтишка	4953593
взрывает	4953592
неправдои	4953591
отходят	4953590
свяжешься	4953589
дотронулась	4953588
хлопьями	4953587
мышечная	4953586
ледник	4953585
санса	4953584
такаши	4953583
геинс	4953582
качаться	4953581
тир	4953580
непобедим	4953579
спустило	4953578
гмюере	4953577
всажу	4953576
цепями	4953575
бессердечная	4953574
кчдеи	4953573
тла	4953572
васильевич	4953571
смоет	4953570
обращаешь	4953569
прибытием	4953568
идєт	4953567
подводят	4953566
отбыл	4953565
теракта	4953564
онькх	4953563
заначка	4953562
знаменитую	4953561
илона	4953560
изменению	4953559
вынуждают	4953558
рип	4953557
предсмертная	4953556
мельбурн	4953555
мию	4953554
маккенна	4953553
внутреннему	4953552
регулятор	4953551
отсрочки	4953550
китаица	4953549
ялнцс	4953548
молотом	4953547
каталина	4953546
magic	4953545
пришил	4953544
заблуждаетесь	4953543
компонентов	4953542
уволюсь	4953541
луизе	4953540
воротит	4953539
взрывная	4953538
соню	4953537
скользкая	4953536
разврат	4953535
врунья	4953534
брить	4953533
крупном	4953532
ведомство	4953531
теннер	4953530
выставят	4953529
губку	4953528
обманываете	4953527
подбородка	4953526
олимпия	4953525
кровообращение	4953524
продемонстрирую	4953523
наблюдателем	4953522
президенте	4953521
приговорены	4953520
приступили	4953519
devil	4953518
высокопреосвященство	4953517
талибов	4953516
трудна	4953515
повешение	4953514
оправдают	4953513
бонапарт	4953512
коренных	4953511
обалденныи	4953510
молим	4953509
человеческому	4953508
манатки	4953507
густо	4953506
говнюка	4953505
терапиеи	4953504
отказывались	4953503
обнимешь	4953502
запугивание	4953501
кланов	4953500
интеллектуальнои	4953499
уложи	4953498
стопки	4953497
хуям	4953496
положен	4953495
sit	4953494
альваро	4953493
погружения	4953492
текущая	4953491
сушилку	4953490
завершении	4953489
сразить	4953488
запустите	4953487
числами	4953486
бабс	4953485
скрыт	4953484
остановлен	4953483
загружены	4953482
рикс	4953481
подстричься	4953480
продажах	4953479
консультанты	4953478
вымышленное	4953477
судном	4953476
кука	4953475
лева	4953474
сквош	4953473
малеишая	4953472
включит	4953471
саня	4953470
маиеи	4953469
включения	4953468
решающее	4953467
перечислить	4953466
бьы	4953465
твержу	4953464
эинсли	4953463
скользит	4953462
простынях	4953461
поруки	4953460
глюк	4953459
боксу	4953458
живущего	4953457
ложилась	4953456
путают	4953455
тельма	4953454
пластическую	4953453
прочныи	4953452
побьет	4953451
гордоном	4953450
удаленно	4953449
заказываешь	4953448
гд	4953447
алабаме	4953446
религиозного	4953445
проголосуют	4953444
состоять	4953443
наливать	4953442
толстовка	4953441
советовали	4953440
заболеваниями	4953439
умысел	4953438
сальсу	4953437
оцениваю	4953436
пни	4953435
разгадка	4953434
нарядов	4953433
лапах	4953432
предусмотрел	4953431
суккуб	4953430
замечаем	4953429
беспокоишь	4953428
советских	4953427
грандиозные	4953426
стеллы	4953425
либи	4953424
тестостерон	4953423
устарела	4953422
коро	4953421
инженерии	4953420
технологиях	4953419
гуси	4953418
вылить	4953417
нади	4953416
деловом	4953415
чехов	4953414
портится	4953413
освоить	4953412
отвода	4953411
делились	4953410
толчке	4953409
допустимо	4953408
забежать	4953407
раздавлена	4953406
намеревается	4953405
един	4953404
перевал	4953403
единая	4953402
разучился	4953401
определите	4953400
популярно	4953399
этикетки	4953398
британскую	4953397
воскрешения	4953396
оборотов	4953395
губнои	4953394
фостеры	4953393
толливер	4953392
лао	4953391
кларис	4953390
пристегнуть	4953389
парализовало	4953388
жуликов	4953387
починишь	4953386
наслаждаемся	4953385
позлорадствовать	4953384
зависимостью	4953383
поддерживаи	4953382
занервничал	4953381
смазки	4953380
хава	4953379
ворую	4953378
общению	4953377
подтяжки	4953376
разе	4953375
рушит	4953374
эффективны	4953373
поздороваемся	4953372
скучными	4953371
зазвонит	4953370
переносном	4953369
повиннои	4953368
проступки	4953367
малярии	4953366
дежурного	4953365
развратник	4953364
гибкость	4953363
автографов	4953362
простор	4953361
проведенных	4953360
прекращал	4953359
колледжем	4953358
исследовательская	4953357
пин	4953356
оскорбляют	4953355
обсуждая	4953354
выпускаю	4953353
супруге	4953352
ядекюк	4953351
арки	4953350
сущее	4953349
жирное	4953348
ceбe	4953347
крекер	4953346
назира	4953345
лоуэн	4953344
повышенная	4953343
кире	4953342
новорожденныи	4953341
поддельное	4953340
добьетесь	4953339
свининои	4953338
оглядываюсь	4953337
чизкеик	4953336
изобилие	4953335
эбен	4953334
дискотеку	4953333
спроектировал	4953332
засел	4953331
наполненныи	4953330
криминалистам	4953329
лезли	4953328
снисходительно	4953327
нестабильна	4953326
командующим	4953325
льстить	4953324
возмещу	4953323
кулака	4953322
дрянная	4953321
причастия	4953320
уродливое	4953319
пожиратель	4953318
механическии	4953317
снос	4953316
основанное	4953315
самира	4953314
римских	4953313
памперсы	4953312
торопятся	4953311
недешево	4953310
смущение	4953309
аппаратуру	4953308
правительственнои	4953307
сработались	4953306
преемника	4953305
испортится	4953304
стросс	4953303
оплатите	4953302
утера	4953301
кушетку	4953300
задержат	4953299
роджеру	4953298
наберись	4953297
владельцам	4953296
нюхал	4953295
полмира	4953294
джеики	4953293
биф	4953292
подтвердится	4953291
отсутствовала	4953290
чтобьl	4953289
появитесь	4953288
некомпетентности	4953287
сбыта	4953286
белфасте	4953285
диагнозом	4953284
гадаю	4953283
лауры	4953282
будапеште	4953281
запланирован	4953280
джинсов	4953279
радовались	4953278
скачут	4953277
daddy	4953276
мамочек	4953275
пренебрежение	4953274
распечатал	4953273
деревнях	4953272
поискала	4953271
дежурит	4953270
клири	4953269
грязнуля	4953268
отплачу	4953267
редакторы	4953266
super	4953265
бриареос	4953264
пристрастием	4953263
чучела	4953262
витторио	4953261
шипами	4953260
экономические	4953259
индикатор	4953258
оепед	4953257
победителями	4953256
мерзкого	4953255
запирают	4953254
влюблялся	4953253
стучи	4953252
командировка	4953251
зубному	4953250
двенадцатого	4953249
выключаю	4953248
восхищались	4953247
приговорить	4953246
иском	4953245
страдающих	4953244
искоренить	4953243
лечим	4953242
разводу	4953241
водичка	4953240
геллер	4953239
вое	4953238
развели	4953237
точками	4953236
обнимите	4953235
забросила	4953234
вымышленным	4953233
профессиеи	4953232
консьержа	4953231
лушаите	4953230
кукурузныи	4953229
piper	4953228
булки	4953227
досюда	4953226
голден	4953225
сибирскои	4953224
павильон	4953223
герцогу	4953222
государственное	4953221
смирится	4953220
сидящим	4953219
аиленде	4953218
абсолютного	4953217
фреди	4953216
рекламном	4953215
диагноза	4953214
кратчаишии	4953213
выполнении	4953212
ограниченным	4953211
энтон	4953210
характерные	4953209
калькулятор	4953208
ружеи	4953207
патрулирование	4953206
ладил	4953205
отклонении	4953204
поросенка	4953203
укрытии	4953202
луг	4953201
риос	4953200
претендую	4953199
кровные	4953198
голиаф	4953197
дальность	4953196
метаболизм	4953195
перевес	4953194
снегопад	4953193
заказное	4953192
прекращения	4953191
героинеи	4953190
qe	4953189
платои	4953188
согнуть	4953187
беринг	4953186
насмарку	4953185
мужественным	4953184
бауэрс	4953183
поглощен	4953182
говорящего	4953181
енни	4953180
выпущены	4953179
потаинои	4953178
моргнул	4953177
негодование	4953176
наблюдательныи	4953175
сингапур	4953174
дoлжен	4953173
потерпишь	4953172
подпускать	4953171
врозь	4953170
рюкзаком	4953169
клопы	4953168
следователеи	4953167
леини	4953166
опубликовала	4953165
мерещится	4953164
пери	4953163
пирамид	4953162
урони	4953161
трудность	4953160
марше	4953159
тосо	4953158
провинился	4953157
поиграите	4953156
тонкую	4953155
вишня	4953154
кэндлфорд	4953153
наслышана	4953152
ослов	4953151
фауст	4953150
матрасом	4953149
нырнул	4953148
безумии	4953147
шестым	4953146
пороки	4953145
оперативную	4953144
увозят	4953143
свиньям	4953142
радиостанция	4953141
персеи	4953140
римским	4953139
дамбо	4953138
глориеи	4953137
столетиями	4953136
задеиствованы	4953135
прикалываться	4953134
аккуратныи	4953133
fanatomy	4953132
показуха	4953131
варшавы	4953130
отозвал	4953129
шрут	4953128
даф	4953127
загружена	4953126
сотрудница	4953125
захвату	4953124
портрета	4953123
закату	4953122
сглупил	4953121
любима	4953120
разному	4953119
выдержали	4953118
ѕудь	4953117
неплоха	4953116
споришь	4953115
отключим	4953114
охотничьи	4953113
подумывает	4953112
королями	4953111
максимуму	4953110
лувр	4953109
душевнобольных	4953108
силвер	4953107
пеплом	4953106
фонарики	4953105
трезвость	4953104
описано	4953103
джамбо	4953102
дерзким	4953101
чунг	4953100
родили	4953099
берн	4953098
пациенток	4953097
спален	4953096
разминка	4953095
надерем	4953094
решишься	4953093
сгоришь	4953092
вовеки	4953091
целомудрия	4953090
столовые	4953089
осуществлен	4953088
могущественных	4953087
весла	4953086
кэма	4953085
тюремную	4953084
тропическии	4953083
открываемся	4953082
выбьет	4953081
дотрагиваться	4953080
траура	4953079
половую	4953078
манхеттен	4953077
разделась	4953076
moon	4953075
камиллы	4953074
сбылись	4953073
заварить	4953072
гниет	4953071
элмо	4953070
болтливыи	4953069
последовательно	4953068
лнч	4953067
евоуле	4953066
хаксли	4953065
рабочему	4953064
явная	4953063
обсуждала	4953062
спрятанныи	4953061
лорелеи	4953060
ткнуть	4953059
ямаике	4953058
автоматами	4953057
популярностью	4953056
велосипедов	4953055
рэнделл	4953054
босх	4953053
прикасается	4953052
аномалию	4953051
позитивное	4953050
композиция	4953049
жемчужину	4953048
гибкии	4953047
репетировал	4953046
посыльного	4953045
нестор	4953044
психиатры	4953043
bот	4953042
sex	4953041
ассоциируется	4953040
горчицы	4953039
помещают	4953038
прут	4953037
вышке	4953036
эпилепсия	4953035
вырабатывает	4953034
сказках	4953033
endorfina	4953032
постигнет	4953031
людно	4953030
записная	4953029
анджелеса	4953028
лян	4953027
прошлись	4953026
иствуд	4953025
слать	4953024
посчитаем	4953023
крупнеишеи	4953022
противнику	4953021
отолью	4953020
толкается	4953019
силовои	4953018
нередко	4953017
подготовлена	4953016
скормить	4953015
подеиствовал	4953014
флиртую	4953013
способствовать	4953012
оаху	4953011
завязанными	4953010
накрои	4953009
пюмэье	4953008
вылезли	4953007
гвоздеи	4953006
генезис	4953005
прервемся	4953004
экономит	4953003
рэивен	4953002
бьюик	4953001
переборщила	4953000
транспортировке	4952999
эпиляцию	4952998
всплыла	4952997
звукового	4952996
укажи	4952995
грохнул	4952994
делалось	4952993
подавленным	4952992
регины	4952991
таинике	4952990
глубинах	4952989
светскии	4952988
сдавался	4952987
ржавыи	4952986
осгуд	4952985
резкое	4952984
пидоры	4952983
батареек	4952982
порш	4952981
мумию	4952980
ѕоидем	4952979
ореха	4952978
клялась	4952977
выкрал	4952976
эскадрильи	4952975
формами	4952974
бестолковыи	4952973
исключительная	4952972
пропущенных	4952971
сауне	4952970
выздоравливаи	4952969
донесение	4952968
фини	4952967
богинеи	4952966
бронте	4952965
отстоять	4952964
молоденьких	4952963
поселить	4952962
братьях	4952961
применим	4952960
обещанием	4952959
охотитесь	4952958
шпионили	4952957
тоскует	4952956
засекречены	4952955
семеиными	4952954
терроризме	4952953
самцы	4952952
глагол	4952951
канату	4952950
маллард	4952949
пpивет	4952948
спутниковое	4952947
арсенале	4952946
обижусь	4952945
оседлать	4952944
колбасои	4952943
подключу	4952942
манси	4952941
working	4952940
обижаешь	4952939
калиста	4952938
столику	4952937
гарретта	4952936
школьное	4952935
яблочного	4952934
заряжаю	4952933
характеристику	4952932
рисунком	4952931
аллергическая	4952930
рсдю	4952929
приблизишься	4952928
горчицу	4952927
прис	4952926
активирована	4952925
горячись	4952924
благословите	4952923
монои	4952922
эпизоды	4952921
паола	4952920
тигром	4952919
гнилые	4952918
греит	4952917
увеличилась	4952916
окружающая	4952915
выступлю	4952914
создав	4952913
иосифа	4952912
музыкальным	4952911
опнхяундхр	4952910
уберись	4952909
телевизоров	4952908
старушек	4952907
удивлялся	4952906
стеснялся	4952905
извлечение	4952904
удобного	4952903
эрол	4952902
функционируют	4952901
учениц	4952900
аутопсии	4952899
построенныи	4952898
вечном	4952897
конкуренцию	4952896
шагами	4952895
высушить	4952894
чрезмерное	4952893
причинило	4952892
принципиально	4952891
сияющих	4952890
безупречны	4952889
аварииные	4952888
обучению	4952887
кеита	4952886
амнистии	4952885
промежутке	4952884
родди	4952883
ебаную	4952882
экстренную	4952881
скрываясь	4952880
аристотель	4952879
улетаешь	4952878
тростью	4952877
удвою	4952876
горных	4952875
напрасны	4952874
салаты	4952873
заклятыи	4952872
тюрягу	4952871
предмету	4952870
марафоне	4952869
кресел	4952868
эсме	4952867
сбежавших	4952866
краситель	4952865
серджио	4952864
боись	4952863
безупречным	4952862
книжнои	4952861
пытающихся	4952860
съездили	4952859
обманет	4952858
линли	4952857
жесткое	4952856
шелтон	4952855
изучением	4952854
пожертвую	4952853
жадная	4952852
героически	4952851
дантистом	4952850
освобождением	4952849
заигрывать	4952848
обдумывал	4952847
накладывать	4952846
рацион	4952845
азиаты	4952844
радостеи	4952843
колдовстве	4952842
джоанны	4952841
предсмертную	4952840
самовлюбленныи	4952839
интубировать	4952838
поту	4952837
паскаля	4952836
отвергать	4952835
шпионские	4952834
отвернусь	4952833
противные	4952832
хренью	4952831
хаха	4952830
мужикам	4952829
согрешила	4952828
яоюрэ	4952827
локтем	4952826
допить	4952825
martin	4952824
блаженства	4952823
избегали	4952822
переделали	4952821
страстные	4952820
совершается	4952819
присмотрела	4952818
валентинов	4952817
освежитель	4952816
жако	4952815
закололи	4952814
кореицы	4952813
посеял	4952812
четвереньках	4952811
опечатка	4952810
угорь	4952809
удочки	4952808
мышца	4952807
сережку	4952806
богатеньких	4952805
почерка	4952804
дождется	4952803
слэида	4952802
экономия	4952801
введения	4952800
оцепить	4952799
пепельница	4952798
растопить	4952797
горели	4952796
убегая	4952795
чеджу	4952794
выведут	4952793
копеек	4952792
поговорку	4952791
видимс	4952790
раздражаю	4952789
ортега	4952788
антенны	4952787
кредитныи	4952786
триады	4952785
отелю	4952784
квантовая	4952783
ракурс	4952782
поездах	4952781
терпим	4952780
ломаешь	4952779
песет	4952778
работающим	4952777
бобами	4952776
прибрал	4952775
пикапа	4952774
риарио	4952773
молоденькая	4952772
земную	4952771
раненым	4952770
замерзаю	4952769
теплых	4952768
президентскои	4952767
посвети	4952766
отчаянье	4952765
отваги	4952764
феиерверков	4952763
коммуникатор	4952762
няньки	4952761
неровно	4952760
идущих	4952759
скофилда	4952758
аренднои	4952757
супружеские	4952756
toгдa	4952755
вер	4952754
знaл	4952753
придушить	4952752
пpи	4952751
вызывало	4952750
сашу	4952749
поворачиваю	4952748
ласково	4952747
баллотируюсь	4952746
сценарием	4952745
прикидывается	4952744
гасси	4952743
студенческом	4952742
адольфа	4952741
пхиль	4952740
губе	4952739
покажусь	4952738
стирал	4952737
отважно	4952736
медпункт	4952735
переговорю	4952734
клодин	4952733
уморительно	4952732
погаснет	4952731
континуум	4952730
налогом	4952729
красавцем	4952728
смешал	4952727
заботливым	4952726
толкни	4952725
первоначального	4952724
доставите	4952723
семеики	4952722
выносила	4952721
прооперировать	4952720
смешными	4952719
перехватывает	4952718
пипец	4952717
распадается	4952716
наводки	4952715
ушиблась	4952714
гадкие	4952713
шипение	4952712
произведет	4952711
бдительны	4952710
принуждал	4952709
залезь	4952708
скаиуокер	4952707
трудном	4952706
парковочное	4952705
откажитесь	4952704
составляющие	4952703
испански	4952702
приключением	4952701
окажут	4952700
мученик	4952699
собьет	4952698
демократ	4952697
признана	4952696
эни	4952695
ликера	4952694
wish	4952693
вооруженная	4952692
элементами	4952691
успокоите	4952690
гениальность	4952689
business	4952688
motors	4952687
уно	4952686
покажутся	4952685
целовали	4952684
индюк	4952683
мылся	4952682
выгонит	4952681
солнечное	4952680
original	4952679
nous	4952678
стареют	4952677
управлюсь	4952676
дeньги	4952675
биржа	4952674
ораи	4952673
стекляннои	4952672
побрился	4952671
дуку	4952670
неверности	4952669
гениален	4952668
немого	4952667
фарр	4952666
расслабились	4952665
порвет	4952664
величаишую	4952663
галлахер	4952662
микроволновка	4952661
известному	4952660
доставило	4952659
профсоюзе	4952658
люрэ	4952657
звездах	4952656
миллиардера	4952655
недоступны	4952654
потребителеи	4952653
сторожа	4952652
новеньких	4952651
зажили	4952650
безумца	4952649
безработице	4952648
повесит	4952647
свечение	4952646
доставляли	4952645
равномерно	4952644
высадили	4952643
светлого	4952642
симмонса	4952641
танцевальные	4952640
закладнои	4952639
малолеток	4952638
муженек	4952637
эгоистична	4952636
нижним	4952635
кеисе	4952634
завтрашним	4952633
отплываем	4952632
увеличилось	4952631
срочнои	4952630
кровообращения	4952629
потерянного	4952628
усмирить	4952627
статуэтка	4952626
строительных	4952625
уитман	4952624
телец	4952623
поддержание	4952622
свалились	4952621
straight	4952620
кузнеца	4952619
рыжих	4952618
метамфетамина	4952617
впечатлены	4952616
начинка	4952615
родстве	4952614
транспортныи	4952613
растаял	4952612
международную	4952611
забегаловка	4952610
предыдущее	4952609
женатыми	4952608
лпояеис	4952607
ухудшение	4952606
манеру	4952605
бокалу	4952604
обработку	4952603
цукуси	4952602
мoгy	4952601
заточении	4952600
битья	4952599
предвыборную	4952598
michael	4952597
загорается	4952596
фалько	4952595
вычеркнул	4952594
тинкер	4952593
контрол	4952592
табель	4952591
джоани	4952590
цняондхм	4952589
великолепных	4952588
заработнои	4952587
размножаются	4952586
ae	4952585
племен	4952584
жалеете	4952583
нарядиться	4952582
кобры	4952581
фотографиям	4952580
трофеев	4952579
монополию	4952578
расистка	4952577
трудными	4952576
спуска	4952575
персиковыи	4952574
teпepь	4952573
пыльцу	4952572
гринвич	4952571
хорас	4952570
living	4952569
буре	4952568
копает	4952567
taм	4952566
доносчик	4952565
беспомощныи	4952564
дамочку	4952563
совмещать	4952562
контрольную	4952561
забрав	4952560
даниэл	4952559
симпатия	4952558
современно	4952557
шпионажа	4952556
накормлю	4952555
амбара	4952554
куриных	4952553
смолвиль	4952552
пальцам	4952551
интересами	4952550
холостыми	4952549
mr	4952548
рыло	4952547
задержании	4952546
маикрофт	4952545
отсосала	4952544
вытаскиваю	4952543
кухарка	4952542
вспоминают	4952541
выудить	4952540
кумико	4952539
fair	4952538
коснулись	4952537
опереться	4952536
шантажом	4952535
пощадил	4952534
башен	4952533
продумали	4952532
маркусу	4952531
руин	4952530
торс	4952529
столкнула	4952528
пахла	4952527
исключительнои	4952526
чечне	4952525
блума	4952524
одурачили	4952523
аэропорте	4952522
торчим	4952521
уродливым	4952520
квинса	4952519
заварю	4952518
захватишь	4952517
оживает	4952516
установления	4952515
глупенькая	4952514
почистила	4952513
разрулить	4952512
колечки	4952511
фаилами	4952510
comme	4952509
примечание	4952508
канистру	4952507
заводов	4952506
иголок	4952505
рхою	4952504
невзгоды	4952503
машинкои	4952502
отслеживал	4952501
ощущает	4952500
вредят	4952499
сосал	4952498
берджесс	4952497
регулировать	4952496
футболистов	4952495
возвращаешь	4952494
автобусная	4952493
разрушат	4952492
дразнишь	4952491
комплексов	4952490
ялнрпх	4952489
определено	4952488
li	4952487
флирта	4952486
кальян	4952485
скелетов	4952484
сжигали	4952483
патологоанатома	4952482
молитвах	4952481
судит	4952480
сияют	4952479
инопланетянами	4952478
участница	4952477
уинн	4952476
корню	4952475
сенаторы	4952474
предсмертнои	4952473
выдало	4952472
батлера	4952471
мобильном	4952470
выньте	4952469
веках	4952468
нагус	4952467
fucshia	4952466
расисты	4952465
обдурить	4952464
настроиться	4952463
book	4952462
прикоснулась	4952461
армеиских	4952460
блинов	4952459
собираешся	4952458
марыся	4952457
карамель	4952456
взывает	4952455
посетит	4952454
прекращено	4952453
оригинала	4952452
трибунала	4952451
широкого	4952450
резина	4952449
таможни	4952448
христианского	4952447
поворотов	4952446
надю	4952445
гаваиев	4952444
крэка	4952443
рождает	4952442
подружимся	4952441
титаника	4952440
абонента	4952439
торжественное	4952438
преемник	4952437
кoтopыи	4952436
переносится	4952435
ближаишему	4952434
пялились	4952433
алак	4952432
курорта	4952431
нахрена	4952430
массовыи	4952429
глупостями	4952428
наиджела	4952427
проделывал	4952426
етого	4952425
протеин	4952424
читается	4952423
дэивом	4952422
джуниора	4952421
квинна	4952420
сырое	4952419
аптечке	4952418
фроилен	4952417
половым	4952416
направит	4952415
утренним	4952414
патрона	4952413
сэлли	4952412
упоминалось	4952411
бланта	4952410
приличным	4952409
арман	4952408
обманываем	4952407
джеимсе	4952406
поворачиваите	4952405
липкая	4952404
умную	4952403
брауни	4952402
попечение	4952401
морриган	4952400
симпсона	4952399
люциус	4952398
задворках	4952397
догадаитесь	4952396
сложила	4952395
эдинбурге	4952394
vitalogy	4952393
кор	4952392
александрии	4952391
ляпнул	4952390
арик	4952389
снабжает	4952388
всеобщая	4952387
выбрана	4952386
классических	4952385
попятную	4952384
беспроводнои	4952383
стаканом	4952382
изменениями	4952381
гендиректор	4952380
энергетика	4952379
трахаемся	4952378
колином	4952377
пьедестал	4952376
ударные	4952375
помыслы	4952374
лошадок	4952373
рапунцель	4952372
ярд	4952371
обоиму	4952370
ирландского	4952369
продуктом	4952368
исходную	4952367
беременностью	4952366
наклоннои	4952365
сэкономил	4952364
деревенскои	4952363
отметь	4952362
проницательныи	4952361
управляете	4952360
угнаться	4952359
меняешься	4952358
проезжала	4952357
коули	4952356
пиздуи	4952355
лодж	4952354
хлебало	4952353
баика	4952352
поинтересовался	4952351
батут	4952350
подтолкнуло	4952349
половая	4952348
здравоохранение	4952347
научат	4952346
автокатастрофа	4952345
сокращенно	4952344
репы	4952343
минусы	4952342
простому	4952341
молодоженов	4952340
злобно	4952339
равнодушен	4952338
fntrebuchet	4952337
пускаешь	4952336
рекламную	4952335
замедляет	4952334
угощения	4952333
строгости	4952332
геометрии	4952331
семьянин	4952330
бросились	4952329
ломаите	4952328
осточертело	4952327
постарела	4952326
стартовои	4952325
судится	4952324
дневную	4952323
синагогу	4952322
удален	4952321
отрицала	4952320
мужественности	4952319
отстанут	4952318
наложу	4952317
данои	4952316
лину	4952315
затруднительное	4952314
ээи	4952313
социализм	4952312
электромагнитныи	4952311
какашек	4952310
привозит	4952309
охватить	4952308
закончив	4952307
брюссель	4952306
джергенс	4952305
поступало	4952304
каньоне	4952303
омаров	4952302
делегации	4952301
старски	4952300
недовольныи	4952299
умников	4952298
камиль	4952297
вообразите	4952296
произоидут	4952295
протолкнуть	4952294
добавляешь	4952293
помощниками	4952292
подрабатывал	4952291
способе	4952290
затылку	4952289
воидя	4952288
ведает	4952287
пучок	4952286
тупи	4952285
отцовства	4952284
гал	4952283
обозначить	4952282
катаются	4952281
идущего	4952280
потянулся	4952279
страстнои	4952278
распространяет	4952277
хуарес	4952276
почините	4952275
растительность	4952274
перебили	4952273
заболею	4952272
чхэ	4952271
онлнвэ	4952270
правосудии	4952269
хитростью	4952268
упаявеи	4952267
появлении	4952266
посвященныи	4952265
железом	4952264
ценили	4952263
холостяком	4952262
trust	4952261
чистильщик	4952260
баком	4952259
плотины	4952258
отделал	4952257
упрямься	4952256
ударнои	4952255
облил	4952254
hа	4952253
фразе	4952252
обижаи	4952251
отклоняю	4952250
оперируют	4952249
усики	4952248
забито	4952247
вещание	4952246
конгрессменом	4952245
подавно	4952244
поменялась	4952243
пособничество	4952242
предполагаемого	4952241
фемыхмю	4952240
чтению	4952239
бутербродов	4952238
буреи	4952237
выключается	4952236
почитаешь	4952235
слабоумныи	4952234
флаер	4952233
привлекаю	4952232
спутал	4952231
заказываи	4952230
риган	4952229
повежливеи	4952228
компаниям	4952227
смятение	4952226
притворяетесь	4952225
составляла	4952224
сигналит	4952223
сливает	4952222
пехотинцы	4952221
фиону	4952220
папашеи	4952219
эффективное	4952218
утащить	4952217
соидутся	4952216
плаваешь	4952215
съедают	4952214
подросла	4952213
фабрикои	4952212
похвалу	4952211
испробовать	4952210
крепкои	4952209
вправить	4952208
банкротом	4952207
наутро	4952206
успеваемость	4952205
пыталось	4952204
хэмптоне	4952203
наклеику	4952202
выдернуть	4952201
застрахованы	4952200
ночевкои	4952199
толстыми	4952198
мелешь	4952197
чудовищная	4952196
забвения	4952195
ударных	4952194
дискавери	4952193
припарковались	4952192
пеленки	4952191
деловым	4952190
вспоминается	4952189
морпеха	4952188
облажаюсь	4952187
сотрудничеству	4952186
дозои	4952185
туалетах	4952184
бартоломью	4952183
досконально	4952182
нынешним	4952181
рингтон	4952180
мышки	4952179
капуто	4952178
метте	4952177
устанешь	4952176
умершим	4952175
замирает	4952174
пырнул	4952173
голубушка	4952172
метрополисе	4952171
терпеливыи	4952170
емтанеи	4952169
почуял	4952168
размышление	4952167
раджу	4952166
марек	4952165
послушным	4952164
сбрил	4952163
решающим	4952162
телеграф	4952161
поранила	4952160
диктатора	4952159
обменивались	4952158
крикетт	4952157
ясные	4952156
съезжаю	4952155
отчимом	4952154
обжигает	4952153
гормон	4952152
разведать	4952151
подземные	4952150
лексом	4952149
подающии	4952148
изготовление	4952147
лексу	4952146
новинка	4952145
скромничаи	4952144
диснея	4952143
шестидесяти	4952142
лопнуло	4952141
воздержусь	4952140
пекарню	4952139
невесело	4952138
продюсеров	4952137
зарядил	4952136
сгладить	4952135
вечерняя	4952134
служебная	4952133
пэррис	4952132
талисмана	4952131
ретро	4952130
поганец	4952129
плитки	4952128
световые	4952127
смилуися	4952126
некстати	4952125
королев	4952124
замышляют	4952123
визиту	4952122
воска	4952121
настаивали	4952120
стерла	4952119
приберись	4952118
having	4952117
содеиствии	4952116
perfect	4952115
рамирес	4952114
располагается	4952113
нахальныи	4952112
студенческие	4952111
кџ	4952110
разделила	4952109
брюно	4952108
медитировать	4952107
приглядывает	4952106
освин	4952105
администрациеи	4952104
пометил	4952103
трахнешь	4952102
плотнее	4952101
вильяма	4952100
зависимо	4952099
обеспечена	4952098
вдохновлять	4952097
шубу	4952096
торчали	4952095
крендель	4952094
скатился	4952093
австралиискии	4952092
статусе	4952091
умственные	4952090
потревожил	4952089
скамью	4952088
посоветуете	4952087
педофилов	4952086
искусственная	4952085
повторяли	4952084
гэил	4952083
буч	4952082
приближения	4952081
дисциплине	4952080
правилу	4952079
спрингфилда	4952078
сроков	4952077
донья	4952076
кили	4952075
горации	4952074
касим	4952073
масштабы	4952072
избегая	4952071
предоставляем	4952070
девин	4952069
уволишь	4952068
лезла	4952067
угробить	4952066
индонезии	4952065
обвинениях	4952064
видeл	4952063
выскажу	4952062
кварталу	4952061
ланнистер	4952060
сгонять	4952059
вскрикивает	4952058
агенте	4952057
связок	4952056
дипломом	4952055
втянут	4952054
притчард	4952053
рожок	4952052
прикидываешься	4952051
давлении	4952050
струсила	4952049
лечился	4952048
завтраков	4952047
гравитацию	4952046
ложимся	4952045
отклик	4952044
противоположности	4952043
вздремну	4952042
кожанои	4952041
заручиться	4952040
кругозор	4952039
стандартных	4952038
дискотеке	4952037
венесуэле	4952036
поправке	4952035
захватывающие	4952034
косточку	4952033
арманд	4952032
переполняет	4952031
мученика	4952030
оповестить	4952029
save	4952028
набег	4952027
колдуна	4952026
геискии	4952025
издательства	4952024
жатвы	4952023
обработали	4952022
точках	4952021
припев	4952020
творческого	4952019
отличать	4952018
неизвестности	4952017
применили	4952016
спиттер	4952015
объединенных	4952014
всяко	4952013
поглощения	4952012
упекли	4952011
дрона	4952010
позвонков	4952009
влипла	4952008
нфл	4952007
фотографирует	4952006
авторитетом	4952005
гренки	4952004
светятся	4952003
разослать	4952002
лошадки	4952001
ночую	4952000
сделках	4951999
кривая	4951998
выбрасываю	4951997
пукнул	4951996
аманта	4951995
целями	4951994
покрасил	4951993
мятои	4951992
погубила	4951991
чжина	4951990
тролли	4951989
кислыи	4951988
предпочтешь	4951987
огласить	4951986
выписался	4951985
переводили	4951984
стриптизершеи	4951983
уступаю	4951982
кеннета	4951981
обнимались	4951980
апитан	4951979
филиппинах	4951978
ветрено	4951977
проработать	4951976
лим	4951975
произносите	4951974
зажить	4951973
шлют	4951972
пума	4951971
месячных	4951970
замучила	4951969
выскочить	4951968
всемирного	4951967
жестом	4951966
es	4951965
влажно	4951964
опустила	4951963
разлуке	4951962
дозвонилась	4951961
сомнительных	4951960
перевелся	4951959
феноменально	4951958
заклинанием	4951957
шрапнель	4951956
петя	4951955
триллионов	4951954
сырые	4951953
плесенью	4951952
оставлен	4951951
бедняк	4951950
отбирает	4951949
диккенса	4951948
стремно	4951947
базаре	4951946
исп	4951945
поряде	4951944
макушке	4951943
легавых	4951942
пакетики	4951941
лапка	4951940
мрамор	4951939
охотница	4951938
полмили	4951937
очутились	4951936
распространенное	4951935
диетическую	4951934
поместят	4951933
забытыи	4951932
косвенно	4951931
кверху	4951930
лаз	4951929
усадить	4951928
крушить	4951927
мыслю	4951926
засажу	4951925
подлизываться	4951924
терезои	4951923
рюмки	4951922
трудись	4951921
консультантов	4951920
qc	4951919
единичныи	4951918
ломо	4951917
минутки	4951916
размажу	4951915
сомкнуть	4951914
заказом	4951913
монополия	4951912
евреиских	4951911
cold	4951910
поселке	4951909
баловать	4951908
подобному	4951907
ушиблись	4951906
электроника	4951905
одиночеством	4951904
причинение	4951903
проката	4951902
синоним	4951901
поражением	4951900
свиданию	4951899
привлекательные	4951898
азию	4951897
заварила	4951896
опълн	4951895
максима	4951894
угости	4951893
торопились	4951892
матерям	4951891
nfs	4951890
экстазе	4951889
завербовали	4951888
отбрось	4951887
уведомили	4951886
критикую	4951885
касси	4951884
бухгалтерия	4951883
крупнеишая	4951882
дбю	4951881
оружеинои	4951880
положат	4951879
восточных	4951878
местоположения	4951877
вероятныи	4951876
полкило	4951875
злоупотребления	4951874
блад	4951873
фома	4951872
колики	4951871
toни	4951870
невест	4951869
праимериз	4951868
параллельнои	4951867
алонсо	4951866
мэнсфилд	4951865
сиськах	4951864
эрнст	4951863
решен	4951862
фантазировать	4951861
отправка	4951860
корове	4951859
radio	4951858
подвергались	4951857
качается	4951856
очевидны	4951855
соиера	4951854
орегона	4951853
ощущениям	4951852
valerie	4951851
поспокоинее	4951850
очевиднои	4951849
мощных	4951848
ядекюч	4951847
википедии	4951846
молва	4951845
глупите	4951844
раздражало	4951843
заброшенных	4951842
сф	4951841
кроватях	4951840
сброса	4951839
висели	4951838
бокале	4951837
испробовал	4951836
подле	4951835
новичками	4951834
датчиков	4951833
забегаловки	4951832
наиденная	4951831
пудра	4951830
доить	4951829
er	4951828
проверите	4951827
лишат	4951826
каркетти	4951825
сауна	4951824
переиграть	4951823
обезвоживания	4951822
малыше	4951821
дслюк	4951820
липкие	4951819
устранили	4951818
трансе	4951817
встанете	4951816
поспишь	4951815
жемчужины	4951814
подкинули	4951813
изабеллы	4951812
постеры	4951811
порезалась	4951810
игнорируя	4951809
сохранении	4951808
бормотание	4951807
мoю	4951806
источникам	4951805
сутками	4951804
илан	4951803
перезагрузка	4951802
сулу	4951801
сжимать	4951800
радостным	4951799
ресурс	4951798
west	4951797
боксеры	4951796
канапе	4951795
энакин	4951794
метлу	4951793
шляпки	4951792
необдуманно	4951791
судишь	4951790
мышьяк	4951789
комплекта	4951788
позовет	4951787
баикеров	4951786
случаиными	4951785
отбросами	4951784
сетом	4951783
гарантированно	4951782
прыжке	4951781
польскои	4951780
надежном	4951779
запрещал	4951778
подкупили	4951777
соображениям	4951776
зна	4951775
россиеи	4951774
звездным	4951773
предпримет	4951772
потеешь	4951771
свалится	4951770
блога	4951769
животы	4951768
повстанцами	4951767
высокопоставленных	4951766
щеткои	4951765
прогоним	4951764
мягкими	4951763
существующие	4951762
испачкать	4951761
карбюратор	4951760
трибуны	4951759
вкусную	4951758
чонг	4951757
торпеда	4951756
кошачьи	4951755
фреиз	4951754
шеином	4951753
придумают	4951752
отметке	4951751
требуете	4951750
тренирую	4951749
чует	4951748
опиума	4951747
посвящу	4951746
исчезновению	4951745
одевают	4951744
онслоу	4951743
пинты	4951742
забегу	4951741
парома	4951740
противоречии	4951739
поплакаться	4951738
упражняться	4951737
дyмaeшь	4951736
сооружения	4951735
противоречат	4951734
жеста	4951733
разведусь	4951732
гипноза	4951731
заглянет	4951730
негативы	4951729
wild	4951728
запрограммированы	4951727
сияешь	4951726
вибрацию	4951725
чаше	4951724
добавишь	4951723
посторонитесь	4951722
разобьем	4951721
убегаем	4951720
катитесь	4951719
декану	4951718
замедлит	4951717
сердцебиения	4951716
оценивается	4951715
восвояси	4951714
римом	4951713
паидиа	4951712
сушу	4951711
гусеи	4951710
растерялась	4951709
стержни	4951708
quе	4951707
вратарь	4951706
эволюцию	4951705
поразительная	4951704
торговым	4951703
экранах	4951702
проклинать	4951701
доббс	4951700
ханнес	4951699
женскими	4951698
двинуть	4951697
спорно	4951696
джеро	4951695
неосторожности	4951694
приставала	4951693
боженька	4951692
придурку	4951691
инопланетянина	4951690
болгарии	4951689
фокусе	4951688
маттео	4951687
повернем	4951686
голени	4951685
поразит	4951684
поработаешь	4951683
неожиданностеи	4951682
ffccff	4951681
производите	4951680
расслабимся	4951679
солнечном	4951678
криптона	4951677
включится	4951676
притворятся	4951675
муниципалитета	4951674
вконец	4951673
иамы	4951672
наведаться	4951671
верховнои	4951670
экспериментировал	4951669
парикмахером	4951668
увидится	4951667
лижет	4951666
мазл	4951665
виртуальныи	4951664
скоротать	4951663
этапу	4951662
изгородь	4951661
значительным	4951660
реиес	4951659
waiting	4951658
поддалась	4951657
пересмотра	4951656
юридическое	4951655
словить	4951654
французам	4951653
marina	4951652
буровои	4951651
пытаешь	4951650
небеснои	4951649
задушу	4951648
яго	4951647
маркером	4951646
redskin	4951645
тряси	4951644
метс	4951643
чертеи	4951642
жанра	4951641
сумасшествием	4951640
звуковая	4951639
mожет	4951638
устои	4951637
улучшается	4951636
юрисдикцию	4951635
растерзание	4951634
заложила	4951633
спонсирует	4951632
лидию	4951631
роддоме	4951630
засветиться	4951629
monster	4951628
проанализировал	4951627
подругам	4951626
скамеики	4951625
обнимку	4951624
джемму	4951623
клизму	4951622
жалобами	4951621
предубеждения	4951620
достояние	4951619
настольные	4951618
фогги	4951617
накрылась	4951616
лукавого	4951615
ранг	4951614
пробеи	4951613
самоуверен	4951612
ассоциацию	4951611
грабежа	4951610
моисея	4951609
астон	4951608
прекратилась	4951607
лапшои	4951606
обставил	4951605
заставляем	4951604
подыграи	4951603
обмене	4951602
кусают	4951601
борден	4951600
моргнув	4951599
пастои	4951598
сообществу	4951597
деревнеи	4951596
ловли	4951595
недельныи	4951594
гвоздями	4951593
заменяю	4951592
шикарном	4951591
навевает	4951590
интерном	4951589
гангстера	4951588
еби	4951587
squirrel	4951586
бесчисленное	4951585
накорми	4951584
ваинона	4951583
унаследовали	4951582
расшифровал	4951581
шишку	4951580
загадочных	4951579
вату	4951578
свернула	4951577
гадить	4951576
пиньон	4951575
ханн	4951574
погрузилась	4951573
недоразумении	4951572
юу	4951571
спесь	4951570
ябнх	4951569
увольняешь	4951568
ноутбуком	4951567
раскол	4951566
микроволновки	4951565
пилатес	4951564
паутины	4951563
сухих	4951562
занятиями	4951561
панцирь	4951560
потенциальным	4951559
болезненные	4951558
размещения	4951557
цензура	4951556
тэилора	4951555
эффективен	4951554
служитель	4951553
ронон	4951552
сухую	4951551
европеиского	4951550
азартными	4951549
трубке	4951548
выпад	4951547
имплантанты	4951546
кемаль	4951545
обработка	4951544
присоединяюсь	4951543
глина	4951542
необитаемом	4951541
переместили	4951540
напуганныи	4951539
футболисты	4951538
разоблачили	4951537
странники	4951536
мозгам	4951535
взглянет	4951534
малдера	4951533
садовником	4951532
улавливаешь	4951531
прежнем	4951530
вceгo	4951529
ложи	4951528
фельдман	4951527
вылетаю	4951526
заразы	4951525
телепортации	4951524
клянись	4951523
мальчуган	4951522
грэди	4951521
триумфа	4951520
благоразумны	4951519
блоков	4951518
мольбы	4951517
недра	4951516
тимо	4951515
уверенная	4951514
норвелл	4951513
чмок	4951512
проникают	4951511
пончо	4951510
послушалась	4951509
ниши	4951508
флэк	4951507
подписывала	4951506
депортации	4951505
супергероем	4951504
занимаешь	4951503
подвержен	4951502
рептилии	4951501
роботу	4951500
дэв	4951499
создаи	4951498
вивиен	4951497
джоел	4951496
грабежеи	4951495
отрублю	4951494
требованиями	4951493
государя	4951492
сравниваешь	4951491
забвение	4951490
рафа	4951489
соглашением	4951488
приютили	4951487
выручка	4951486
стаилза	4951485
выступлению	4951484
нєм	4951483
порохом	4951482
маунтин	4951481
слепое	4951480
отражать	4951479
тронете	4951478
ведомства	4951477
меняя	4951476
дагур	4951475
такеру	4951474
оформил	4951473
геро	4951472
врачебнои	4951471
хьюбер	4951470
исключительное	4951469
безделушка	4951468
портретом	4951467
неудачные	4951466
оптом	4951465
летти	4951464
серверов	4951463
обезжиренныи	4951462
юккн	4951461
проктора	4951460
ебет	4951459
ветеринаром	4951458
альбомом	4951457
стимуляции	4951456
миллз	4951455
розамунд	4951454
рассматриваете	4951453
cпacибо	4951452
аббатстве	4951451
оберегает	4951450
веселью	4951449
вазы	4951448
vie	4951447
порты	4951446
bcе	4951445
оклад	4951444
умоляли	4951443
сохраняя	4951442
фею	4951441
осматривали	4951440
превратят	4951439
подышим	4951438
долан	4951437
опх	4951436
отстранят	4951435
поиграл	4951434
тщеславия	4951433
нркхвмн	4951432
универмаг	4951431
баирона	4951430
танг	4951429
ямамори	4951428
спортивное	4951427
занимательно	4951426
толстячок	4951425
клик	4951424
убеждал	4951423
настоичивыи	4951422
джеимисон	4951421
терпимости	4951420
лишком	4951419
цивилизованные	4951418
выписывает	4951417
работающего	4951416
закопаю	4951415
ѕоб	4951414
родж	4951413
подскользнулся	4951412
карцере	4951411
подаче	4951410
психологического	4951409
посетителям	4951408
неуместным	4951407
пристегнитесь	4951406
реида	4951405
истекли	4951404
яблоками	4951403
таинственно	4951402
банкиром	4951401
выдержка	4951400
щ	4951399
взбодрить	4951398
затонул	4951397
крид	4951396
собралось	4951395
вудроу	4951394
своеобразныи	4951393
книжкои	4951392
разобьешь	4951391
придумывают	4951390
безупречная	4951389
куплено	4951388
догадываются	4951387
mi	4951386
mo	4951385
гладиаторов	4951384
панаме	4951383
бош	4951382
пансионе	4951381
фокса	4951380
доказательствах	4951379
арахиса	4951378
выбывает	4951377
смотаться	4951376
вольфрам	4951375
волли	4951374
поправитесь	4951373
зубороб	4951372
влечения	4951371
вмешивался	4951370
услужить	4951369
холодновато	4951368
компаниях	4951367
успокоительного	4951366
power	4951365
раздобыли	4951364
симпатичен	4951363
похоронного	4951362
шип	4951361
штурмом	4951360
гру	4951359
взломан	4951358
слаид	4951357
толковыи	4951356
смыслишь	4951355
покупателями	4951354
менопауза	4951353
начальныи	4951352
горлом	4951351
жертвует	4951350
капитаны	4951349
полученныи	4951348
братством	4951347
мечах	4951346
дул	4951345
киеми	4951344
разряду	4951343
динамо	4951342
глорию	4951341
волоса	4951340
производители	4951339
желтых	4951338
беспокоиныи	4951337
изгиб	4951336
раскусили	4951335
укромное	4951334
меридит	4951333
жрут	4951332
государыня	4951331
рэми	4951330
расплывчато	4951329
религиозен	4951328
пожелали	4951327
пососать	4951326
былое	4951325
белинда	4951324
догонишь	4951323
фреи	4951322
почетного	4951321
водоворот	4951320
арена	4951319
уит	4951318
адвокатская	4951317
нечисть	4951316
пуговиц	4951315
уноси	4951314
лернер	4951313
корпусу	4951312
ригби	4951311
кока	4951310
нефтью	4951309
бесконечную	4951308
беисболу	4951307
археолог	4951306
защищено	4951305
тронуло	4951304
агрессивные	4951303
пыткои	4951302
гипотезу	4951301
сохраняем	4951300
дежавю	4951299
τы	4951298
вколол	4951297
номинации	4951296
эпинефрин	4951295
похожем	4951294
вырубилась	4951293
соображаю	4951292
агрессивное	4951291
шпильки	4951290
присматриваите	4951289
криминалистическои	4951288
читатель	4951287
терзать	4951286
христу	4951285
флоррика	4951284
теннису	4951283
бренды	4951282
поднялось	4951281
настояли	4951280
сдержит	4951279
нaзaд	4951278
пропаганды	4951277
оранжевые	4951276
повсеместно	4951275
ограблен	4951274
реитинга	4951273
вешаешь	4951272
высокомерным	4951271
лампе	4951270
всхлипывает	4951269
хеила	4951268
оформили	4951267
прилетают	4951266
неустанно	4951265
пренебрегать	4951264
выпускали	4951263
повторяют	4951262
русское	4951261
подачки	4951260
употребляют	4951259
священна	4951258
ветерком	4951257
октавиан	4951256
вердикта	4951255
сервиз	4951254
притворитесь	4951253
разрезали	4951252
полок	4951251
замени	4951250
кровоточить	4951249
приземляется	4951248
тосковать	4951247
бустер	4951246
кузове	4951245
кришна	4951244
вырвется	4951243
учительнице	4951242
просторно	4951241
фантастично	4951240
проспать	4951239
приступом	4951238
клинка	4951237
тюремным	4951236
эву	4951235
сильном	4951234
гида	4951233
атук	4951232
башмаки	4951231
звучали	4951230
мартинс	4951229
скрывались	4951228
светят	4951227
уголков	4951226
указываю	4951225
доджерс	4951224
последствие	4951223
скончания	4951222
заразила	4951221
артефакта	4951220
кишок	4951219
китс	4951218
оценивает	4951217
токсичных	4951216
измотана	4951215
завтраке	4951214
проникновении	4951213
строися	4951212
уцелел	4951211
клопов	4951210
подумалось	4951209
гарланд	4951208
творили	4951207
парамедиков	4951206
сияния	4951205
капитанов	4951204
инвалидности	4951203
ритуалов	4951202
закроися	4951201
алькатрас	4951200
светлыми	4951199
призыва	4951198
деде	4951197
дразнят	4951196
отомстим	4951195
отсрочка	4951194
злобного	4951193
бабочкои	4951192
выполнению	4951191
морочить	4951190
мастурбация	4951189
жестокую	4951188
харе	4951187
sea	4951186
сараево	4951185
уклоняться	4951184
настя	4951183
грифф	4951182
резок	4951181
сыты	4951180
отделались	4951179
одобрен	4951178
испугало	4951177
латинос	4951176
носорога	4951175
маджонг	4951174
лепешки	4951173
людмила	4951172
адачи	4951171
трещин	4951170
абонемент	4951169
драконии	4951168
тевье	4951167
омут	4951166
святоша	4951165
вторгся	4951164
потомства	4951163
теодора	4951162
мэидэи	4951161
обоидем	4951160
неуязвим	4951159
выпечку	4951158
допрашивает	4951157
менеджеры	4951156
завтракали	4951155
кончаешь	4951154
разобьется	4951153
пересечься	4951152
встречное	4951151
отталкиваешь	4951150
засранка	4951149
свалит	4951148
фонтане	4951147
признавался	4951146
брошена	4951145
each	4951144
слугами	4951143
фрэнсиса	4951142
безумном	4951141
петле	4951140
джонсом	4951139
комментатор	4951138
увиденное	4951137
придумаете	4951136
мертвецом	4951135
проба	4951134
подарке	4951133
дружеских	4951132
фарра	4951131
хантли	4951130
долгосрочнои	4951129
блудныи	4951128
агентств	4951127
подхвате	4951126
испанцев	4951125
интрижке	4951124
невелика	4951123
заправляют	4951122
ежемесячно	4951121
вопросик	4951120
стрессе	4951119
послушнои	4951118
абаддон	4951117
искусныи	4951116
ходжа	4951115
обнимала	4951114
разорены	4951113
араба	4951112
ползает	4951111
досок	4951110
утопия	4951109
кемпинг	4951108
векс	4951107
зудит	4951106
отраву	4951105
списков	4951104
отдохнешь	4951103
испанских	4951102
костыли	4951101
captain	4951100
затянулось	4951099
вопль	4951098
значении	4951097
акционеры	4951096
танке	4951095
кристо	4951094
прошедших	4951093
представлена	4951092
истечь	4951091
toлькo	4951090
гангрена	4951089
брока	4951088
иероглифы	4951087
головки	4951086
наитингеил	4951085
запахло	4951084
заинтересуется	4951083
пацци	4951082
бледным	4951081
умоляя	4951080
шоколадка	4951079
webmed	4951078
соломинки	4951077
доброму	4951076
соберешься	4951075
бинт	4951074
идиотскую	4951073
сумерек	4951072
выпуском	4951071
дэва	4951070
повернется	4951069
журналом	4951068
посчитает	4951067
ролевые	4951066
замечена	4951065
зелеными	4951064
наркоте	4951063
мие	4951062
асахи	4951061
проигравших	4951060
клиффа	4951059
поступке	4951058
перестроить	4951057
самцов	4951056
уорда	4951055
критиков	4951054
принудить	4951053
повнимательнеи	4951052
переживут	4951051
покидая	4951050
получитс	4951049
кукушка	4951048
беременныи	4951047
сражаетесь	4951046
напоил	4951045
стеиков	4951044
колдовать	4951043
низкую	4951042
диалекте	4951041
страданиями	4951040
пленница	4951039
уборщиков	4951038
батья	4951037
универе	4951036
учащихся	4951035
ясненько	4951034
лондону	4951033
обнаружив	4951032
аккорд	4951031
гомики	4951030
неизбежны	4951029
керосин	4951028
анимации	4951027
разозлила	4951026
племянники	4951025
проповедника	4951024
руководила	4951023
шаши	4951022
стучала	4951021
отвозил	4951020
кнута	4951019
увеличится	4951018
трэверс	4951017
авиакомпания	4951016
вытворял	4951015
ѕол	4951014
уставать	4951013
косметикои	4951012
птицам	4951011
выбеи	4951010
намеревались	4951009
patetlao	4951008
гадалка	4951007
футболиста	4951006
криво	4951005
вань	4951004
устану	4951003
возмущен	4951002
скрипач	4951001
ответственных	4951000
корочки	4950999
аста	4950998
десант	4950997
долларах	4950996
денутся	4950995
взрываи	4950994
номи	4950993
мальца	4950992
креветка	4950991
протезы	4950990
рулон	4950989
теряются	4950988
тканью	4950987
закрытии	4950986
